source,author,title,description,url,urlToImage,publishedAt,content,topic
"{'id': None, 'name': 'Queenbeetoday.com'}",Heather,Portable Bluetooth Speaker with Lights – $19.99 (reg. $40),"Amazon has the Portable Bluetooth Speaker with Lights, Stocking Stuffers, Powerful Crystal Clear Sound, IPX5 Waterproof, All Day Playtime, BT 5.3, TWS Paring, Small Wireless Speaker for Outdoor, White Elephant Gifts on sale for $19.99 (reg $40). Experience po…",https://queenbeetoday.com/portable-bluetooth-speaker-with-lights/,https://queenbeetoday.com/wp-content/upload/2025/10/Portable-Bluetooth-Speaker-with-Lights.jpg,2025-10-14T01:52:39Z,"Queen Bee has been my go to for many years. Not only how to save on the family grocery budget. But, how to shop. From grocerys to clothes to household. She has saved us hundreds, if not thousands of … [+1060 chars]",technology
"{'id': 'abc-news', 'name': 'ABC News'}","JEFF MARTIN Associated Press, HALLIE GOLDEN Associated Press","4 arrests made in connection with mass shooting that left 6 dead in Mississippi, FBI says","The FBI says four people have been arrested, three of them on murder charges, in a weekend shooting that left six people dead and more than a dozen injured in a small Mississippi town",https://abcnews.go.com/US/wireStory/4-arrests-made-connection-mass-shooting-left-6-126478147,https://i.abcnewsfe.com/a/0543ae02-0e91-4f72-8685-94f01dca027c/wirestory_6a059d41bcad85851499c1111cf4caad_16x9.jpg?w=1600,2025-10-14T01:49:53Z,"Three people have been arrested on murder charges and a fourth person on an attempted murder charge in a weekend shooting that left six dead and more than a dozen injured in a small Mississippi town,… [+3595 chars]",technology
"{'id': 'the-times-of-india', 'name': 'The Times of India'}",Manu Kaushik,Traders keep a close eye on these three surprising crypto stocks as markets react to rising global tensions and trade uncertainty after Trump’s announcement on China,"Following a $20 billion crypto market slump, select US-listed stocks are showing recovery signs. Galaxy Digital, LQWD Technologies, and Soluna Holdings are attracting attention due to strategic investments, operational successes, and new partnerships. Despite…",https://economictimes.indiatimes.com/news/international/us/traders-keep-a-close-eye-on-these-three-surprising-crypto-stocks-as-markets-react-to-rising-global-tensions-and-trade-uncertainty-after-trumps-announcement-on-china/articleshow/124541156.cms,"https://img.etimg.com/thumb/msid-124541153,width-1200,height-630,imgsize-91882,overlay-economictimes/articleshow.jpg",2025-10-14T01:49:40Z,"After a significant $20 billion market selloff last week, the cryptocurrency sector is showing early signs of recovery. Several US-listed crypto-related stocks are gaining investor attention due to s… [+3097 chars]",technology
"{'id': 'abc-news', 'name': 'ABC News'}","DIDI TANG Associated Press, DAVID KLEPPER Associated Press",China and the US have long collaborated in 'open research.' Some in Congress say that must change,U.S. lawmakers and national security officials are increasingly alarmed that long-standing research ties between the U.S. and China could give China an advantage when it comes to developing new military technology,https://abcnews.go.com/US/wireStory/china-us-long-collaborated-open-research-congress-change-126496432,https://i.abcnewsfe.com/a/786934bc-836f-48c8-928c-6c43b10273f2/wirestory_53ee311ea07f6ceccee4a7fe99f0857d_16x9.jpg?w=1600,2025-10-14T01:49:38Z,"WASHINGTON -- WASHINGTON (AP) For many years, American and Chinese scholars worked shoulder to shoulder on cutting-edge technologies through open research, where findings are freely shared and access… [+6408 chars]",technology
"{'id': 'cbs-news', 'name': 'CBS News'}",,"4 arrests made following mass shooting that killed 6 in Mississippi, FBI says","The FBI says four people have been arrested, three of them on murder charges, in a weekend shooting that left six people dead and more than a dozen injured in a small Mississippi town.",https://www.cbsnews.com/news/leland-mississippi-shooting-arrests-fbi/,https://assets1.cbsnewsstatic.com/hub/i/r/2025/10/14/c25be9d3-cd18-484c-b1c7-3d51aaf79cec/thumbnail/1200x630/c29432153370a595f4aa0e9ad0af4bec/ap25284767877746.jpg,2025-10-14T01:47:15Z,"Four people have been arrested in connection with a weekend shooting that left six dead and more than a dozen injured in a small Mississippi town, the FBI announced Monday.
Teviyon L. Powell, 29; Wi… [+3592 chars]",technology
"{'id': 'cbs-news', 'name': 'CBS News'}",CBSNews,"4 arrests made following mass shooting that killed 6 in Mississippi, FBI says","The FBI says four people have been arrested, three of them on murder charges, in a weekend shooting that left six people dead and more than a dozen injured...",https://www.cbsnews.com/news/leland-mississippi-shooting-arrests-fbi/?ftag=YHF4eb9d17,https://s.yimg.com/ny/api/res/1.2/BwCpFyTGyzc8ZhrgjCfQVw--/YXBwaWQ9aGlnaGxhbmRlcjt3PTEyMDA7aD04MDA7Y2Y9d2VicA--/https://media.zenfs.com/en/cbs_news_897/7278cf86a50806180769a20a04743e9f,2025-10-14T01:47:15Z,"Four people have been arrested in connection with a weekend shooting that left six dead and more than a dozen injured in a small Mississippi town, the FBI announced Monday.
Teviyon L. Powell, 29; Wi… [+3790 chars]",technology
"{'id': None, 'name': 'CNA'}",,Nobel economist Peter Howitt warns of AI dangers,"WASHINGTON: A winner of this year's Nobel prize in economics warned on Monday (Oct 13) that artificial intelligence offers ""amazing possibilities"" but should be regulated because of its job-destroying potential.The remarks from Canadian Peter Howitt, professo…",https://www.channelnewsasia.com/world/nobel-economist-peter-howitt-warns-ai-dangers-5398586,"https://dam.mediacorp.sg/image/upload/s--mYdIcSz5--/c_fill,g_auto,h_676,w_1200/fl_relative,g_south_east,l_one-cms:core:watermark:ap_data-1,w_0.1/f_auto,q_auto/v1/mediacorp/cna/image/2025/10/14/ap25286765038800.jpg?itok=h7VtEJ5x",2025-10-14T01:46:00Z,"WASHINGTON: A winner of this year's Nobel prize in economics warned on Monday (Oct 13) that artificial intelligence offers ""amazing possibilities"" but should be regulated because of its job-destroyin… [+1754 chars]",technology
"{'id': None, 'name': 'Moneycontrol'}",Priyansh Verma,Google's $10 billion Vizag data centre gets tax certainty; AP ensures no retrospective levy: IT Minister Nara Lokesh,"The Minister said that there will be separate power-grid for data centres, and added that Google will pay for the power grid. &quot;Part of it will be subsidised by the state,&quot; he said.",https://www.moneycontrol.com/news/business/google-s-10-billion-vizag-data-centre-gets-tax-certainty-ap-ensures-no-retrospective-levy-it-minister-nara-lokesh-13613775.html,https://images.moneycontrol.com/static-mcnews/2025/10/20251013173339_Nara-Lokesh.jpeg,2025-10-14T01:45:10Z,"The Andhra Pradesh government and the Centre have coordinated to ensure that all taxation level hurdles are cleared for Google to build the $10-billion worth data centre in Vishkhapatnam, Nara Lokesh… [+4704 chars]",technology
"{'id': 'abc-news-au', 'name': 'ABC News (AU)'}",Thomas Kelsall,Reef restoration and submersible cytobots: $100m plan to address algal bloom,"Large scale reef restoration, new real-time water monitoring and a $1 million trial of ""AI-powered submersible cytobots"" are part of a $102.5 million government algal bloom program to ensure ""South Australians can enjoy their summer"".",https://www.abc.net.au/news/2025-10-14/sa-summer-plan-announced-state-algal-bloom/105887504,https://live-production.wcms.abc-cdn.net.au/f608d69752a44369330bbf0e927862c6?impolicy=wcms_watermark_news&cropH=2813&cropW=5000&xPos=0&yPos=344&width=862&height=485&imformat=generic,2025-10-14T01:44:33Z,"Large scale reef restoration, new real-time water monitoring and a $1 million trial of ""AI-powered submersible cytobots"" are part of a $102.5 million government algal bloom program to ensure ""South A… [+3944 chars]",technology
"{'id': None, 'name': 'GlobeNewswire'}",Coffee With Q Podcast Show,Coffee with Q's Podcast - Rene Perras Interviews South Florida Medical Pioneer Dr. Barry Burak on Five Decades of Treating Catastrophically Injured Patients,Legal News Reporter Explores Affiliated Healthcare Center's Comprehensive Treatment for Traumatic Brain Injuries and Cutting-Edge Regenerative Therapies Legal News Reporter Explores Affiliated Healthcare Center's Comprehensive Treatment for Traumatic Brain In…,https://www.globenewswire.com/news-release/2025/10/14/3165858/0/en/Coffee-with-Q-s-Podcast-Rene-Perras-Interviews-South-Florida-Medical-Pioneer-Dr-Barry-Burak-on-Five-Decades-of-Treating-Catastrophically-Injured-Patients.html,https://ml.globenewswire.com/Resource/Download/0db8052e-ad31-4a7f-8065-103d7ff858b2,2025-10-14T01:39:00Z,"Miami, FL, Oct. 13, 2025 (GLOBE NEWSWIRE) -- Discover expert insights into Miamis traumatic brain injury treatments in this exclusive Coffee with Q interview. Dr. Barry Burak shares recovery tips, ne… [+5296 chars]",technology
"{'id': 'the-times-of-india', 'name': 'The Times of India'}",ETtech,"DPIIT seeks inputs on ecomm FDI; ETSA 2025 Bootstrap Champ bets on AI, talent",Happy Tuesday! The central government is seeking inputs from ecommerce and retail players on foreign investment rules. This and more in today's ETtech Morning Dispatch.,https://economictimes.indiatimes.com/tech/newsletters/morning-dispatch/dpiit-seeks-inputs-on-ecomm-fdi-etsa-2025-bootstrap-champ-bets-on-ai-talent/articleshow/124540917.cms,"https://img.etimg.com/thumb/msid-124540917,width-1070,height-580,imgsize-118811,overlay-ettech/editionshow.jpg",2025-10-14T01:38:36Z,Happy Tuesday! The central government is seeking inputs from ecommerce and retail players on foreign investment rules. This and more in today's ETtech Morning Dispatch. Also in the letter:Zoho's Vemb… [+6894 chars],technology
"{'id': None, 'name': 'International Business Times'}",,How Ramesh Jitta Scales Data Reliability on a Global Scale,"Behind every payment, login, or account action lies a system that must process transactions in milliseconds while safeguarding user information and meeting federal compliance standards. The complexity of building such systems makes reliability as critical as …",https://www.ibtimes.com/how-ramesh-jitta-scales-data-reliability-global-scale-3786856,https://d.ibtimes.com/en/full/4628238/ramesh-jitta.jpg,2025-10-14T01:35:20Z,"Financial institutions face the challenge of moving vast amounts of money and information quickly and in line with ever-tightening regulations. Behind every payment, login, or account action lies a s… [+6027 chars]",technology
"{'id': None, 'name': 'GlobeNewswire'}",DataGlobal Hub,DataGlobal Hub Announces Exclusive Elite Membership for Senior Data and AI Leaders,"DataGlobal Hub re-affirms an exclusive Elite Membership for senior Data and AI leaders, fostering collaboration, thought leadership, and global networking.",https://www.globenewswire.com/news-release/2025/10/14/3165857/0/en/DataGlobal-Hub-Announces-Exclusive-Elite-Membership-for-Senior-Data-and-AI-Leaders.html,https://ml.globenewswire.com/Resource/Download/5ca454fc-4d87-4ca0-a874-f35fd661da59,2025-10-14T01:35:00Z,"PHOENIX, Oct. 13, 2025 (GLOBE NEWSWIRE) -- DataGlobal Hub, a global media company dedicated to Data and Artificial Intelligence(AI) news, information and resources with a clear vision of creating the… [+7114 chars]",technology
"{'id': None, 'name': 'New Zealand Herald'}",The Country,Listen to The Country online: Jack Jordon ready for Stihl Timbersports World Championships,"Damien O'Connor, Kate Acland, Matt Holden and Duncan Humm also feature.",https://www.nzherald.co.nz/the-country/news/listen-to-the-country-online-jack-jordon-ready-for-stihl-timbersports-world-championships/BV2H7MOUOVG25LQ4BVUEUXXM5Q/,https://www.nzherald.co.nz/resizer/v2/AYCPR7AHEJFMJC6UVFIJH7HZXQ.JPG?auth=3d40af5191f2c9ac8ac70f15582111e7e89eeecb9740e1a735be28087ebc38d0&width=1200&height=675&quality=70&focal=1441%2C515&smart=false,2025-10-14T01:33:00Z,"Kate Acland: 
Beef + Lamb NZs chairwoman is in Balclutha for roadshows today.
We ask for her thoughts on the governments new methane reduction target and the proposed Gene Technology Bill.
Matt Ho… [+359 chars]",technology
"{'id': None, 'name': 'Deadline'}",Tomt,SAG-AFTRA Addresses Burgeoning Micro-Drama Trend With New Verticals Agreement,"While the WGA recently told members that work on verticals or micro-dramas — the latest trend that is providing a lifeline to fledging actors and entry-level scribes — is covered by the minimum basic agreement, SAG-AFTRA today announced a new Verticals Agreem…",http://deadline.com/2025/10/sag-aftra-micro-drama-verticals-agreement-1236584116/,https://deadline.com/wp-content/uploads/2025/10/Cell-phone-SAG-AFTRA-logo.jpg?w=1024,2025-10-14T01:29:49Z,While the WGA recently told members that work on verticals or micro-dramas — the latest trend that is providing a lifeline to fledging actors and entry-level scribes — is covered by the minimum basic… [+3233 chars],technology
"{'id': None, 'name': 'International Business Times'}",Matt Emma,Daniel Palma on Scaling Trust and Simplicity in Data Infrastructure Marketing,"When it comes to data infrastructure, trust in the systems people use is everything. If there's a major failure or performance lag, customers notice immediately, and they seldom come back.",https://www.ibtimes.com/daniel-palma-scaling-trust-simplicity-data-infrastructure-marketing-3786851,https://d.ibtimes.com/en/full/4628201/daniel-palma.png,2025-10-14T01:28:34Z,"When it comes to data infrastructure, trust in the systems people use is everything. If there's a major failure or performance lag, customers notice immediately, and they seldom come back.
I learned… [+5745 chars]",technology
"{'id': None, 'name': 'CNBC'}",,CNBC Daily Open: There's a hopeful mood in the Middle East and the markets,"Trump, when asked by reporters if the war in the Middle East has ended, gave an unequivocal ""yes,"" Reuters reported.",https://www.cnbc.com/2025/10/14/cnbc-daily-open-theres-a-hopeful-mood-in-the-middle-east-and-the-markets.html,https://image.cnbcfm.com/api/v1/image/108211417-1760378966676-gettyimages-2240466822-_s014479.jpeg?v=1760379001&w=1920&h=1080,2025-10-14T01:24:59Z,"This might not be Christmas, but the war in the Middle East is over at least according to U.S. President Donald Trump.
On Monday, Trump declared at the Knesset, Israel's parliament, that the ""long a… [+3037 chars]",technology
"{'id': None, 'name': 'Ndtvprofit.com'}",Bloomberg News,Google Commits More Than $10 Billion To Data Center In India,"Alphabet Inc.’s Google is planning to invest more than $10 billion in southern India to set up a 1-gigawatt data center, marking one of its biggest bets in a market that’s key to its global expansion plans.",https://www.ndtvprofit.com/business/google-commits-more-than-10-billion-to-data-center-in-india,https://media.assettype.com/bloombergquint%2F2025-10-09%2Fcxlen37c%2F441653928-1.jpg?w=1200&auto=format%2Ccompress&ogImage=true,2025-10-14T01:23:37Z,"Alphabet Inc.s Google is planning to invest more than $10 billion in southern India to set up a 1-gigawatt data center, marking one of its biggest bets in a market thats key to its global expansion p… [+2000 chars]",technology
"{'id': 'cbs-news', 'name': 'CBS News'}",,Police records reveal new details about Dallas ICE facility shooter,Newly released records reveal details about the gunman who attacked a Dallas immigration facility in September.,https://www.cbsnews.com/news/dallas-ice-facility-shooter-radiation-exposure-practiced-shooting-joshua-jahn/,https://assets1.cbsnewsstatic.com/hub/i/r/2025/09/24/24434eff-82f4-464a-84a3-d2eb15ccd23c/thumbnail/1200x630/4b0f0e9fd92cf37d83531425b6ace5cf/cbstexas-gunman-dallas-ice-shooting-4.jpg,2025-10-14T01:12:12Z,"The parents of the 29-year-old gunman who opened fire on a Dallas immigration facility in September told police their son was ""completely normal"" before he moved to Washington state and returned home… [+5197 chars]",technology
"{'id': None, 'name': 'Rlsbb.to'}",Lisa,Ancient China From Above S02E02 1080p DSNP WEB-DL H264-Kitsune,"Season 2, Episode 02 – ""Secrets Of The First Emperors Tomb""Experts use modern technology to examine the revered Mausoleum of the First Qin Emperor and discover what is inside. Links: HOMEPAGE – TVMAncient.China.From.Above.S02E02.1080p.DSNP.WEB-DL.AAC2.0.H.264…",https://post.rlsbb.to/ancient-china-from-above-s02e02-1080p-dsnp-web-dl-h264-kitsune/,,2025-10-14T01:10:13Z,"Season 2, Episode 02 “Secrets Of The First Emperors Tomb”Experts use modern technology to examine the revered Mausoleum of the First Qin Emperor and discover what is inside.
Links:HOMEPAGE  TVM
Anc… [+259 chars]",technology
"{'id': None, 'name': 'Ndtvprofit.com'}",Bloomberg News,"Japanese Stocks Open Lower, Silver Sets New Peak: Markets Wrap","Japanese shares and the yen fell amid a brewing political crisis in the country, even as renewed optimism over US-China trade talks lifted sentiment across global markets. Futures indicated further gains for US stocks.",https://www.ndtvprofit.com/markets/japanese-stocks-open-lower-silver-sets-new-peak-markets-wrap,https://media.assettype.com/bloombergquint%2F2024-08%2Fc130556d-0a41-4e07-87c1-57ca52872c8c%2F_1x_1.jpg?w=1200&auto=format%2Ccompress&ogImage=true,2025-10-14T01:09:43Z,"Investors remain eager for exposure, and if this recovery holds, it will reinforce the idea that retail investors cant be easily shaken and another reminder that buying the dip continues to work, sai… [+1802 chars]",technology
"{'id': 'financial-post', 'name': 'Financial Post'}",The Associated Press,China and the US have long collaborated in ‘open research.’ Some in Congress say that must change,"WASHINGTON (AP) — For many years, American and Chinese scholars worked shoulder to shoulder on cutting-edge technologies through open research, where findings are freely shared and accessible to all. But that openness, a long-standing practice celebrated for …",https://financialpost.com/pmn/china-and-the-us-have-long-collaborated-in-open-research-some-in-congress-say-that-must-change,,2025-10-14T01:07:10Z,"Despite efforts in recent years by the U.S. government to set up guardrails to prevent such collaboration from boosting Chinas military capabilities, the practice is still prevalent, according to Str… [+3547 chars]",technology
"{'id': None, 'name': 'Yahoo Entertainment'}",Simply Wall St,Does Citizens Financial Group Offer Value After Recent Share Price Dip in 2025?,"Thinking about whether to hang onto Citizens Financial Group stock, take profits, or make a fresh buy? You are definitely not alone. After all, the stock's...",https://finance.yahoo.com/news/does-citizens-financial-group-offer-010616852.html,https://media.zenfs.com/en/simply_wall_st__316/a192a90509b207df974cc973e0c18172,2025-10-14T01:06:16Z,"Thinking about whether to hang onto Citizens Financial Group stock, take profits, or make a fresh buy? You are definitely not alone. After all, the stock's recent performance has left many investors … [+6901 chars]",technology
"{'id': None, 'name': 'mindbodygreen.com'}",https://www.facebook.com/AstroTwins,Cuffing Season Has Officially Begun With This Week's Horoscope,Pluto retrograde is ending.,https://www.mindbodygreen.com/articles/weekly-horoscope-october-13-19-2025-from-astrotwins,"https://mindbodygreen-res.cloudinary.com/image/upload/c_crop,x_0,y_0,w_2000,h_1334/c_fill,w_2000,h_1200,g_auto,fl_lossy,f_jpg/org/2yr870uz3l8wuk71g.jpg",2025-10-14T01:06:00Z,"With Venus moving into amicable Libra, we're all feeling the love this weekuntil the sun and Jupiter clash on Friday, that is. Here's your horoscope.
Venus hosts a homecoming parade through Libra st… [+2908 chars]",technology
"{'id': None, 'name': 'Variety'}",Varietyschneider,"TiVo Stops Selling DVRs, Exiting the Hardware Business After 26 Years","The TiVo box, which sat at the cutting edge of television’s early 2000s time-shifting viewer revolution, is no more. The company confirmed to Variety that it officially got out of the hardware business on Oct. 1, when it stopped selling its physical DVR produ…",https://variety.com/2025/tv/news/tivo-stopped-selling-dvrs-exits-hardware-business-1236552025/,https://variety.com/wp-content/uploads/2019/10/tivo_s7_angled_f_view_wremote_white-copy-oek3zk7mhwiv4zfoy4uc47xd7ebo1dijpp2mjepw6k-e1760399697350.png?w=525&h=349&crop=1,2025-10-14T01:03:31Z,"The TiVo box, which sat at the cutting edge of television’s early 2000s time-shifting viewer revolution, is no more. The company confirmed to Variety that it officially got out of the hardware busine… [+3508 chars]",technology
"{'id': None, 'name': 'Freerepublic.com'}","Serving The Best Troops, Families, And Veterans In The World!!","FReeper Canteen ~ Road Trip: Blue Grass Army Depot, Kentucky ~ 14 OCT 2025","~The FReeper Canteen Presents~ Road Trip: Blue Grass Army Depot, KentuckyBlue Grass Army Depot (BGAD) is a U.S. Army Joint Munitions Command storage facility for conventional munitions and chemical weapons. The facility is located in east central Kentucky, so…",https://freerepublic.com/focus/f-news/4346208/posts,,2025-10-14T01:02:55Z,"~The FReeper Canteen Presents~
 Road Trip: Blue Grass Army Depot, Kentucky
Blue Grass Army Depot (BGAD) is a U.S. Army Joint Munitions Command storage facility for conventional munitions and chemic… [+2392 chars]",technology
"{'id': None, 'name': 'Forbes'}","Bruce Martin, Contributor, 
 Bruce Martin, Contributor
 https://www.forbes.com/sites/brucemartin/",Ex-Formula 1 Driver Mick Schumacher Tests IndyCar At Indianapolis,"Mick Schumacher took his first drive in an Indy car at the Indianapolis Motor Speedway on October 13, 2025. The son of Michael Schumacher spoke of the experience.",https://www.forbes.com/sites/brucemartin/2025/10/13/ex-formula-1-driver-mick-schumacher-tests-indycar-at-indianapolis/,https://imageio.forbes.com/specials-images/imageserve/68ed9c99a1acc7bfdd816664/0x0.jpg?format=jpg&height=900&width=1600&fit=bounds,2025-10-14T00:56:52Z,"Former Formula 1 Driver Mick Schumacher prepares for his first IndyCar test on October 13.
IndyCar Photo by Joe Skibinski
The famed Schumacher name returned to the race course at the Indianapolis M… [+7118 chars]",technology
"{'id': None, 'name': 'Slashdot.org'}",BeauHD,Major US Online Retailers Remove Listings For Millions of Prohibited Chinese Electronics,"The FCC has forced major U.S. online retailers to remove millions of listings for prohibited Chinese-made electronics, including products from Huawei, ZTE, Hikvision, and Dahua, citing national security risks. Reuters reports: FCC Chair Brendan Carr said in a…",https://tech.slashdot.org/story/25/10/13/2236211/major-us-online-retailers-remove-listings-for-millions-of-prohibited-chinese-electronics,https://a.fsdn.com/sd/topics/internet_64.png,2025-10-14T00:45:00Z,The Fine Print: The following comments are owned by whoever posted them. We are not responsible for them in any way.,technology
"{'id': None, 'name': 'SiliconANGLE News'}",Mike Wheatley,California introduces new child safety law aimed at AI chatbots,"California Governor Gavin Newsom has signed into law a new bill that regulates artificial intelligence chatbots in an effort to protect children from harm, despite facing opposition from some technology industry and child protection groups. Senate Bill 243 ma…",https://siliconangle.com/2025/10/13/california-introduces-new-child-safety-law-aimed-ai-chatbots/,https://d15shllkswkct0.cloudfront.net/wp-content/blogs.dir/1/files/2025/10/Screenshot-from-2025-10-14-07-43-17.png,2025-10-14T00:43:51Z,"California Governor Gavin Newsom has signed into law a new bill that regulates artificial intelligence chatbots in an effort to protect children from harm, despite facing opposition from some technol… [+5446 chars]",technology
"{'id': 'the-times-of-india', 'name': 'The Times of India'}",ET Bureau,"HCLTech revenue up 10.7% in Q2, rakes in $100m from AI alone","HCLTech reported a flat second-quarter net profit despite revenue beating estimates, driven by strong ER&D services and AI-related revenue crossing $100 million. The company revised its services revenue growth guidance upwards and plans annual salary incremen…",https://economictimes.indiatimes.com/markets/stocks/earnings/hcltech-revenue-up-10-7-in-q2-rakes-in-100m-from-ai-alone/articleshow/124540764.cms,"https://img.etimg.com/thumb/msid-124540772,width-1200,height-630,imgsize-1432716,overlay-etmarkets/articleshow.jpg",2025-10-14T00:42:47Z,"Bengaluru: HCLTech, India's third largest IT services company, on Monday posted a flat second-quarter net profit, weighed by restructuring cost, even as revenue beat estimates by growing 10.7% year-o… [+3788 chars]",technology
"{'id': None, 'name': 'WESH Orlando'}",Jacqueline Howard,FDA clears new Alzheimer’s blood test for early detection,The test is intended for adults 55 and older in the United States who are showing signs or symptoms of cognitive decline.,https://www.wesh.com/article/fda-approves-alzheimers-blood-test-elecsys/69022290,"https://kubrick.htvapps.com/htv-prod-media.s3.amazonaws.com/images/cnn-l19jb21wb25lbnrzl2ltywdll2luc3rhbmnlcy9jbwdwbhozynuwmdaxm2i2bny2ngy3zwsx-l19jb21wb25lbnrzl2fydgljbguvaw5zdgfuy2vzl2ntz3brmmwzztawmhkyn254ow5mbghhd2y-jpg-68ed9904280b8.jpg?crop=1.00xw:0.846xh;0,0.0721xh&resize=1200:*",2025-10-14T00:42:20Z,"The U.S. Food and Drug Administration has given clearance to another blood test to help assess Alzheimers disease and other causes of cognitive decline, providing a broader understanding of when the … [+6555 chars]",technology
"{'id': None, 'name': 'Thechronicle.com.gh'}",ERNEST BEST ANANE,2nd National-Level Stakeholders Workshop on Threatened Trees Conservation held at CSIR-FORIG,The Council for Scientific and Industrial Research-Forestry Research Institute of Ghana (CSIR-FORIG) has hosted the 2nd National-Level Stakeholders’ Workshop on Threatened Trees Conservation. The workshop brought together experts in the forest conservation in…,https://thechronicle.com.gh/2nd-national-level-stakeholders-workshop-on-threatened-trees-conservation-held-at-csir-forig/,https://thechronicle.com.gh/wp-content/uploads/2025/10/Participants-at-the-Workshop-at-CSIR-FORIG-in-Kumasi.jpg,2025-10-14T00:41:38Z,"The Council for Scientific and Industrial Research-Forestry Research Institute of Ghana (CSIR-FORIG) has hosted the 2nd National-Level Stakeholders Workshop on Threatened Trees Conservation.
The wor… [+3797 chars]",technology
"{'id': 'ign', 'name': 'IGN'}",Eric Song,The Alienware 16X Aurora Laptop Boasts Premium Build Quality and Gaming Performance at a Great Price,2025 successor to the Alienware m16 laptop.,https://www.ign.com/articles/alienware-16x-aurora-rtx-5070-laptop-premium-build-quality-and-gaming-performance-at-a-great-price,https://assets-prd.ignimgs.com/2025/10/13/alienwareaurora16x-1760386635615.jpg?width=1280&format=jpg&auto=webp&quality=80,2025-10-14T00:40:00Z,"Alienware's new mainstream gaming laptop for 2025 is dubbed the ""Alienware Aurora"" and it replaces the previous generation's x16 and m16 series of laptops. It comes in two models: the 16 and 16X. Of … [+2892 chars]",technology
"{'id': None, 'name': 'Microsoft.com'}",Rani Borkar and Saurabh Dighe,Accelerating open-source infrastructure development for frontier AI at scale,"Microsoft is contributing new standards across power, cooling, sustainability, security, networking, and fleet resiliency to advance innovation.
The post Accelerating open-source infrastructure development for frontier AI at scale appeared first on Microsoft …",https://azure.microsoft.com/en-us/blog/accelerating-open-source-infrastructure-development-for-frontier-ai-at-scale/,https://azure.microsoft.com/en-us/blog/wp-content/uploads/2025/10/Azure-3D-Illustrations-CloudMigration-Light-1.jpg,2025-10-14T00:35:00Z,"In the transition from building computing infrastructure for cloud scale to building cloud and AI infrastructure for frontier scale, the world of computing has experienced tectonic shifts in innovati… [+10560 chars]",technology
"{'id': 'the-times-of-india', 'name': 'The Times of India'}","Ajay Rag, Disha Acharya",ETSA 2025: Minfy Technologies bets big on AI and talent to power its next growth phase,"Minfy Tech, the winner of the Bootstrap Champ prize at ETSA 2025, plans to hire 180-200 employees – primarily AI engineers – by the end of this fiscal to support its growing pipeline of generative AI solutions across healthcare, retail, manufacturing and ener…",https://economictimes.indiatimes.com/tech/startups/etsa-2025-minfy-technologies-bets-big-on-ai-and-talent-to-power-its-next-growth-phase/articleshow/124535461.cms,"https://img.etimg.com/thumb/width-1200,height-900,imgsize-1096320,resizemode-75,msid-124535461/tech/startups/etsa-2025-minfy-technologies-bets-big-on-ai-and-talent-to-power-its-next-growth-phase.jpg",2025-10-14T00:31:00Z,"As cloud services firms expand their artificial intelligence (AI) capabilities, Hyderabad-basedMinfy Technologies is sprinting to keep pace with the wave.The firm plans to hire 180-200 employees prim… [+4518 chars]",technology
"{'id': None, 'name': 'BusinessLine'}",BL Bengaluru Bureau,"SpeakX.ai raises $16 million from WestBridge, Elevation to scale AI-led English learning platform","The Bengaluru-based startup said the fresh capital will be used to enhance its AI technology, expand its team, and introduce support for regional languages, including Telugu, Tamil, Marathi and Bengali over the next year",https://www.thehindubusinessline.com/info-tech/speakxai-raises-16-million-from-westbridge-elevation-to-scale-ai-led-english-learning-platform/article70158721.ece,https://bl-i.thgim.com/public/incoming/3eoc83/article70159521.ece/alternates/LANDSCAPE_1200/IMG_iStock-591813764_2_1_ATBI60HA.jpg,2025-10-14T00:30:00Z,"Generative AI-powered English learning platform SpeakX.ai has raised $16 million in a Pre-Series B round led by WestBridge Capital, with participation from Elevation Capital and Goodwater Capital. An… [+1890 chars]",technology
"{'id': 'the-times-of-india', 'name': 'The Times of India'}",ETtech,"HCLTech revenue up 10.7% in Q2, rakes in $100 million from AI alone","The company reported a net profit of Rs 4,235 crore on revenue of Rs 31,942 crore for the quarter ended September 30. Estimates in an ET poll of analysts ranged Rs 4,136-4,491 crore for net profit and Rs 31,252-31,603 crore for revenue. In a first for an Indi…",https://economictimes.indiatimes.com/tech/information-tech/hcltech-revenue-up-10-7-in-q2-rakes-in-100-million-from-ai-alone/articleshow/124535659.cms,"https://img.etimg.com/thumb/width-1200,height-900,imgsize-36426,resizemode-75,msid-124535659/tech/information-tech/hcltech-revenue-up-10-7-in-q2-rakes-in-100-million-from-ai-alone.jpg",2025-10-14T00:30:00Z,"HCLTech, Indias third largest IT services company, on Monday posted a flat second-quarter net profit, weighed by restructuring cost, even as revenue beat estimates by growing 10.7% year-on-year. Sequ… [+5408 chars]",technology
"{'id': 'the-times-of-india', 'name': 'The Times of India'}",Jessica Rajan,"SpeakX raises $16 million from WestBridge, others, pivots to an English-learning app","The round values SpeakX at $66 million post-money, up from $25 million when it last raised $6 million as Yellow Class in 2021. SpeakX will use the capital towards improving its technology, expanding its team, and adding more regional language support.",https://economictimes.indiatimes.com/tech/funding/speakx-raises-16-million-from-westbridge-others-pivots-to-an-english-learning-app/articleshow/124531927.cms,"https://img.etimg.com/thumb/width-1200,height-900,imgsize-78622,resizemode-75,msid-124531927/tech/funding/speakx-raises-16-million-from-westbridge-others-pivots-to-an-english-learning-app.jpg",2025-10-14T00:30:00Z,"English learning platform SpeakX has raised $16 million in a funding round led by WestBridge Capital, founder and CEO Arpit Mittal told ET. The round also saw participation from Elevation Capital and… [+3819 chars]",technology
"{'id': 'the-times-of-india', 'name': 'The Times of India'}",Subhayan Chakraborty,Govt's AI framework set to seek mandatory AI content labelling,"The government is studying recent laws in China mandating such labelling, as well as European Union's AI Act, which has put in place unprecedented transparency and labelling requirements, sources said.",https://economictimes.indiatimes.com/tech/technology/govts-ai-framework-set-to-seek-mandatory-ai-content-labelling/articleshow/124534949.cms,"https://img.etimg.com/thumb/width-1200,height-900,imgsize-66826,resizemode-75,msid-124534949/tech/technology/govts-ai-framework-set-to-seek-mandatory-ai-content-labelling.jpg",2025-10-14T00:30:00Z,"The Centre's upcoming artificial intelligence (AI) governance framework will push for setting up comprehensive mechanisms to mandatorily label all AI content on the internet, a move aimed at establis… [+2213 chars]",technology
"{'id': 'the-times-of-india', 'name': 'The Times of India'}","Surabhi Agarwal, Suraksha P",India needs its tech champs to guard data sovereignty: Zoho cofounder Sridhar Vembu,"In an interview to ET, Vembu argued that advanced technologies should be subject to Indian law and oversight, warning that reliance on foreign technology exposes countries to “geopolitical risks and possible weaponisation” of software and data.",https://economictimes.indiatimes.com/tech/startups/india-needs-its-tech-champs-to-guard-data-sovereignty-zoho-cofounder-sridhar-vembu/articleshow/124533352.cms,"https://img.etimg.com/thumb/width-1200,height-900,imgsize-2653932,resizemode-75,msid-124533352/tech/startups/india-needs-its-tech-champs-to-guard-data-sovereignty-zoho-cofounder-sridhar-vembu.jpg",2025-10-14T00:30:00Z,"Theres a growing urgency to protect Indias data sovereignty and development of domestic technology champions, said Sridhar Vembu, cofounder and chief scientist of Chennai-headquartered software-as-a-… [+2960 chars]",technology
"{'id': None, 'name': 'Ndtvprofit.com'}",Pratiksha Thayil,"HDFC, Kaynes Tech, L&T, Allied Blenders Among ICICI's Bets For Samvat 2082","As India gears up to celebrate the festival of lights, leading brokerages are lighting up investor sentiment with their top stock picks for the new Samvat year.  ICICI Securities Ltd. has unveiled its list of preferred stocks for Muhurat trading 2025, identif…",https://www.ndtvprofit.com/markets/diwali-muhurat-stock-picks-2025-hdfc-bank-kaynes-tech-larsen-and-toubro-allied-blenders-among-icici-bets-for-samvat-2082,https://media.assettype.com/bloombergquint%2F2025-09-05%2Fhifhccq3%2Flonely-blue-n37BD6BFbRQ-unsplash.jpg?rect=0%2C425%2C6000%2C3150&w=1200&auto=format%2Ccompress&ogImage=true,2025-10-14T00:30:00Z,"As India gears up to celebrate the festival of lights, leading brokerages are lighting up investor sentiment with their top stock picks for the new Samvat year.
ICICI Securities Ltd. has unveiled it… [+1113 chars]",technology
"{'id': None, 'name': 'New York Post'}",Post Editorial Board,New York’s anti-police ‘privacy’ loons are intent on endangering NYCHA tenants,"It may infuriate the anti-cop “privacy” loons, but news that the NYPD has direct access to cameras in public areas in public-housing projects is excellent.",https://nypost.com/2025/10/13/opinion/new-yorks-anti-police-privacy-loons-are-intent-on-endangering-nycha-tenants/,https://nypost.com/wp-content/uploads/sites/2/2025/10/newspress-collage-zco60p81l-1760393946281.jpg?quality=75&strip=all&1760379699&w=1024,2025-10-14T00:23:35Z,"It may infuriate the anti-cop privacy loons, but news that the NYPD has direct access to cameras in public areas in public-housing projects is excellent.
The left-leaning journos at online news site… [+1595 chars]",technology
"{'id': None, 'name': 'Nofilmschool.com'}",Jason Hellerman,10 Brilliant Movies About Movies Every Cinephile Should Watch,"One of the fun things about working in Hollywood is that everyone seems to know how cool it is to be here. In fact, on days when I feel especially cynical, I remind myself that being in the mix and being able to talk to people and have my ideas read is a pret…",https://nofilmschool.com/10-movies-about-movies,https://nofilmschool.com/media-library/image.jpg?id=61747033&width=1200&height=600&coordinates=0%2C85%2C0%2C85,2025-10-14T00:20:03Z,"One of the fun things about working in Hollywood is that everyone seems to know how cool it is to be here. In fact, on days when I feel especially cynical, I remind myself that being in the mix and b… [+6653 chars]",technology
"{'id': None, 'name': 'UploadVR'}",David Heaney,Anduril Reveals EagleEye Military XR Headset Design & Interface Clips,Palmer Luckey's Anduril revealed the design of its EagleEye military XR headset and showed clips depicting the interface soldiers see.,https://www.uploadvr.com/anduril-eagleye-headset-design-reveal-interface-mockups/,https://www.uploadvr.com/content/images/size/w1200/2025/10/Anduril-EagleEye-worn-crop.png,2025-10-14T00:15:49Z,"Palmer Luckey's Anduril revealed the design of its EagleEye military XR headset and showed clips depicting the interface soldiers see.
Anduril is the defense company that Palmer Luckey founded after… [+4419 chars]",technology
"{'id': 'next-big-future', 'name': 'Next Big Future'}",Brian Wang,SpaceX Starlink V3 Satellites,"In 2026, SpaceX will be launching many of the larger V3 Starlink satellites from the reusable Starship. Dummy version of the V3 Starlink were launched on SpaceX Starship flight 10 and flight 11. Starlink V3’s 60 meter span is like a blue whale. AST Space Mobi…",https://www.nextbigfuture.com/2025/10/spacex-starlink-v3-satellites.html,https://nextbigfuture.s3.amazonaws.com/uploads/2025/10/Screenshot-2025-10-13-at-4.51.47-PM.jpg,2025-10-14T00:12:12Z,Brian Wang is a Futurist Thought Leader and a popular Science blogger with 1 million readers per month. His blog Nextbigfuture.com is ranked #1 Science News Blog. It covers many disruptive technology… [+593 chars],technology
"{'id': None, 'name': 'Nofilmschool.com'}",Jason Hellerman,Best '80s Movies: The Ultimate 10 Films of the Decade,"The 1980s often get a lot of flak when it comes to cinema. It was a dirty and industrial era that gave us a lot of diverse titles, but maybe also set Hollywood and art back after the revolutionary 1970s.Today, I wanted to dig into the best movies of the '80s.…",https://nofilmschool.com/best-80s-movies,https://nofilmschool.com/media-library/image.webp?id=61746660&width=1200&height=600&coordinates=0%2C279%2C0%2C279,2025-10-14T00:08:27Z,"The 1980s often get a lot of flak when it comes to cinema. It was a dirty and industrial era that gave us a lot of diverse titles, but maybe also set Hollywood and art back after the revolutionary 19… [+5821 chars]",technology
"{'id': None, 'name': '7NEWS.com.au'}",Sarah Keszler,Australia Post rolls out new three-wheeled electric postie bikes across the country ahead of Christmas,Australia Post rolls out new three-wheeled electric postie bikes across the country ahead of Christmas7news.com.au,https://7news.com.au/news/australia-post-rolls-out-new-three-wheeled-electric-postie-bikes-across-the-country-ahead-of-christmas-c-20341307,https://images.7news.com.au/publication/C-20341307/62d6c07215b798c81042dc46980bcdae79e3fc3f-16x9-x0y334w5463h3073.jpg?imwidth=1200,2025-10-14T00:05:29Z,"In a major shake up to the delivery game, Australia Post has announced it is rolling out three-wheeled electric delivery vehicles that can reach speeds of up to 80km/h before Christmas.
Australia Po… [+2969 chars]",technology
"{'id': None, 'name': 'International Business Times'}",,Artists Don't Need Gatekeepers Anymore; They Must Take Control of Their Work in the Digital Age,"In today's world, artists must be able to produce and distribute their work themselves, and the technology at hand makes it both possible and essential.",https://www.ibtimes.com/artists-dont-need-gatekeepers-anymore-they-must-take-control-their-work-digital-age-3786842,https://d.ibtimes.com/en/full/4628179/artists-dont-need-gatekeepers-anymore.jpg,2025-10-14T00:01:57Z,"In today's world, artists must be able to produce and distribute their work themselves, and the technology at hand makes it both possible and essential.
I believe deeply in nurturing creative voices… [+5759 chars]",technology
"{'id': None, 'name': 'Fb.com'}",Jasmeet Bagga,OCP Summit 2025: The Open Future of Networking Hardware for AI,"At Open Compute Project Summit (OCP) 2025, we’re sharing details about the direction of next-generation network fabrics for our AI training clusters. We’ve expanded our network hardware portfolio and are contributing new disaggregated network platforms to OCP…",https://engineering.fb.com/2025/10/13/data-infrastructure/ocp-summit-2025-the-open-future-of-networking-hardware-for-ai/,https://engineering.fb.com/wp-content/uploads/2025/10/Meta-OCP-2025-DSF-architecture-1.png,2025-10-14T00:00:20Z,"<ul><li>At Open Compute Project Summit (OCP) 2025, were sharing details about the direction of next-generation network fabrics for our AI training clusters.</li><li>Weve expanded our network hardware… [+9341 chars]",technology
"{'id': None, 'name': 'C-sharpcorner.com'}",Vijay Kumari,NVIDIA Unveils DGX Spark to Supercharge AI Development,"NVIDIA's DGX Spark, a compact AI supercomputer, is shipping! It delivers petaflop performance to desktops, empowering developers globally. $3999.",https://www.c-sharpcorner.com/news/nvidia-unveils-dgx-spark-to-supercharge-ai-development,,2025-10-14T00:00:00Z,"NVIDIAs DGX Spark, the worlds smallest AI supercomputer, is making headlines as it begins shipping to developers worldwide. In a significant move, NVIDIA founder and CEO Jensen Huang personally deliv… [+3147 chars]",technology
"{'id': None, 'name': 'Nature.com'}","Andrew Macintosh, Gregory Trencher, Benedict Probst, Shanta Barley, Danny Cullenward, Thales A. P. West, Don Butler, Johan Rockström",Carbon credits are failing to help with climate change — here’s why,The idea that emissions can be offset through projects that claim to avoid releases or to remove carbon dioxide from the atmosphere is fatally flawed.,https://www.nature.com/articles/d41586-025-03313-z,https://media.nature.com/lw1200/magazine-assets/d41586-025-03313-z/d41586-025-03313-z_51551860.jpg,2025-10-14T00:00:00Z,"Achieving the global temperature targets set in the Paris climate agreement requires deep, rapid cuts in greenhouse-gas emissions, and therefore the swift phase-out of fossil fuels. Many factors stan… [+8518 chars]",technology
"{'id': None, 'name': 'C-sharpcorner.com'}",Vijay Kumari,Google Announces First AI Hub in India,"Google invests $15B in India's first AI hub in Visakhapatnam, Andhra Pradesh. This landmark project supports Viksit Bharat 2047 and boosts AI innovation.",https://www.c-sharpcorner.com/news/google-announces-first-ai-hub-in-india,,2025-10-14T00:00:00Z,"In a landmark announcement on October 14, 2025, Google revealed its plans to establish a state-of-the-art artificial intelligence (AI) hub in Visakhapatnam (Vizag), Andhra Pradesh. This hi-tech facil… [+4734 chars]",technology
"{'id': None, 'name': 'Nature.com'}",Gareth Thompson,The race to uncover snow’s many mysteries before it disappears forever,Historian brings icy climate warnings and warm personal memories.,https://www.nature.com/articles/d41586-025-03310-2,https://media.nature.com/lw1200/magazine-assets/d41586-025-03310-2/d41586-025-03310-2_51543480.jpg,2025-10-14T00:00:00Z,"Snö: A HistorySverker Sörlin Doubleday (2025)
As a child growing up in northern Sweden, environmental historian Sverker Sörlin fell in love with snow. I see the light outside, before I even open the… [+3016 chars]",technology
"{'id': None, 'name': 'Redhat.com'}",,Introducing AI hub and gen AI studio: The new command center for enterprise gen AI in Red Hat OpenShift AI,"The world of gen AI is moving at lightning speed. For enterprises, navigating the flood of new large language models (LLMs), tools (like Model Context Protocol (MCP) servers), and frameworks can feel overwhelming. How do you choose the right model? How do you…",https://www.redhat.com/en/blog/introducing-ai-hub-and-genai-studio-new-command-center-enterprise-generative-ai-red-hat-openshift-ai,https://www.redhat.com/themes/custom/rhdc/img/red-hat-social-share.jpg,2025-10-14T00:00:00Z,"The world of gen AI is moving at lightning speed. For enterprises, navigating the flood of new large language models (LLMs), tools (like Model Context Protocol (MCP) servers), and frameworks can feel… [+4779 chars]",technology
"{'id': None, 'name': 'Redhat.com'}",,Why standardization is the key to agentic AI success: How a unified platform spurs innovation,"You're tasked with bringing AI into your organization, but the journey from a proof-of-concept to a production-ready application is often a maze of fragmented tools and complex integrations, especially for agentic AI use cases. The real challenge isn't just t…",https://www.redhat.com/en/blog/why-standardization-key-agentic-ai-success-how-unified-platform-spurs-innovation,https://www.redhat.com/themes/custom/rhdc/img/red-hat-social-share.jpg,2025-10-14T00:00:00Z,"You're tasked with bringing AI into your organization, but the journey from a proof-of-concept to a production-ready application is often a maze of fragmented tools and complex integrations, especial… [+7512 chars]",technology
"{'id': None, 'name': 'Redhat.com'}",,Beyond the model: Why intelligent infrastructure is the next AI frontier,"Your large language model (LLM) proof of concept (PoC) was a success. Now what? The jump from a single server to production-grade, distributed AI inference is where most enterprises hit a wall. The infrastructure that got you this far just can't keep up.As di…",https://www.redhat.com/en/blog/beyond-model-why-intelligent-infrastructure-next-ai-frontier,https://www.redhat.com/themes/custom/rhdc/img/red-hat-social-share.jpg,2025-10-14T00:00:00Z,"Your large language model (LLM) proof of concept (PoC) was a success. Now what? The jump from a single server to production-grade, distributed AI inference is where most enterprises hit a wall. The i… [+7374 chars]",technology
"{'id': None, 'name': 'Redhat.com'}",,How Red Hat partners are powering the next wave of enterprise AI,"The pace of AI innovation is accelerating, and with the launch of Red Hat AI 3, we're reminded that turning this potential into enterprise reality requires a robust, open ecosystem built on choice and collaboration. Our goal has always been to provide a consi…",https://www.redhat.com/en/blog/how-red-hat-partners-are-powering-next-wave-enterprise-ai,https://www.redhat.com/themes/custom/rhdc/img/red-hat-social-share.jpg,2025-10-14T00:00:00Z,"The pace of AI innovation is accelerating, and with the launch of Red Hat AI 3, we're reminded that turning this potential into enterprise reality requires a robust, open ecosystem built on choice an… [+11090 chars]",technology
"{'id': None, 'name': 'Biomedcentral.com'}","Jinpeng Wang, Shuo Sun, Yaran Zhang, Ning Huang, Chunhong Yang, Yaping Gao, Xiuge Wang, Zhihua Ju, Qiang Jiang, Yao Xiao, Xiaochao Wei, Wenhao Liu and Jinming Huang",SAGPEK: fast and flexible approach to identify genotypes of Sanger sequencing data,"Background Although Sanger sequencing remains widely used in human genetic disease diagnosis and livestock breeding, software packages for analyzing such data have seen little innovation over time. Determining the genotypes of tens to hundreds of loci across …",https://bmcbioinformatics.biomedcentral.com/articles/10.1186/s12859-025-06271-5,https://static-content.springer.com/image/art%3A10.1186%2Fs12859-025-06271-5/MediaObjects/12859_2025_6271_Fig1_HTML.png,2025-10-14T00:00:00Z,"Software architecture
SAGPEK mainly processes Sanger sequencing results of two kinds of samples: diploids such as humans and livestock animals and haploids such as viruses and bacteria. For diploids… [+11592 chars]",technology
"{'id': None, 'name': 'C-sharpcorner.com'}",Praveen Kumar,Google and World Bank Team Up to Build AI-Powered Digital Infrastructure for Emerging Markets,"Google & World Bank partner to build AI-powered digital infrastructure for emerging markets, focusing on agriculture, healthcare, & skills development.",https://www.c-sharpcorner.com/news/google-and-world-bank-team-up-to-build-aipowered-digital-infrastructure-for-emerging-markets,,2025-10-14T00:00:00Z,"October 14, 2025 Google and the World Bank Group are joining forces to help developing countries leapfrog into the digital future. The two organizations announced a new alliance today aimed at buildi… [+2245 chars]",technology
"{'id': None, 'name': 'C-sharpcorner.com'}",Praveen Kumar,TP-Link Achieves Breakthrough With First Wi-Fi 8 Connection,"TP-Link achieves a breakthrough, successfully demonstrating Wi-Fi 8 connectivity! This milestone paves the way for ultra-reliable, high-speed networking.",https://www.c-sharpcorner.com/news/tplink-achieves-breakthrough-with-first-wifi-8-connection,,2025-10-14T00:00:00Z,"First throughput test marks a major milestone in ultra-reliable connectivity for the next era of networking
TP-Link Systems Inc.®, a global leader in consumer and business networking products, has a… [+1665 chars]",technology
"{'id': None, 'name': 'Nature.com'}",,Biotech news from around the world,Nature Biotechnology - Biotech news from around the world,https://www.nature.com/articles/s41587-025-02869-5,https://media.springernature.com/m685/springer-static/image/art%3A10.1038%2Fs41587-025-02869-5/MediaObjects/41587_2025_2869_Figa_HTML.png,2025-10-14T00:00:00Z,"Accra-based Yemaachi Biotech wants to sequence 15,000 cancer genomes from African patients over the next three years through the African Cancer Atlas (TACA), a consortium that includes over 25 hospit… [+961 chars]",technology
"{'id': None, 'name': 'Nlppeople.com'}",Alexander Raginsky,Senior Internal Auditor – Artificial Intelligence & Machine Learning – Associate,"JPMorgan Chase Internal Audit is an independent function accountable to the Audit Committee of the Board of Directors, the Office of the Chairman, senior management and our global and local regulators. Internal Audit is comprised of more than 1,000 auditors, …",https://nlppeople.com/job/senior-internal-auditor-artificial-intelligence-machine-learning-associate-2/,https://s0.wp.com/i/blank.jpg,2025-10-14T00:00:00Z,"JPMorgan Chase Internal Audit is an independent function accountable to the Audit Committee of the Board of Directors, the Office of the Chairman, senior management and our global and local regulator… [+3489 chars]",technology
"{'id': None, 'name': 'Nlppeople.com'}",Alexander Raginsky,Cloud DevOps Engineer (AWS),"At Broadridge, we’ve built a culture where the highest goal is to empower others to accomplish more. If you’re passionate about developing your career, while helping others along the way, come join the Broadridge team. We are excited to announce an opportunit…",https://nlppeople.com/job/cloud-devops-engineer-aws/,https://s0.wp.com/i/blank.jpg,2025-10-14T00:00:00Z,"At Broadridge, we’ve built a culture where the highest goal is to empower others to accomplish more. If youre passionate about developing your career, while helping others along the way, come join th… [+6653 chars]",technology
"{'id': None, 'name': 'Torproject.org'}",arturom,Free the Internet: The Tor Project’s annual fundraiser,"This year we are calling to FREE THE INTERNET. Your donation will help break the chains of censorship and surveillance. If you give now during the campaign, your donation will be matched by our supporters at Power Up Privacy. This means a $25 donation will ha…",https://blog.torproject.org/2025-fundraiser-donations-matched/,https://blog.torproject.org/2025-fundraiser-donations-matched/lead.png,2025-10-14T00:00:00Z,"Is the internet today the internet you want for future generations? What if instead of for-profit greed, rampant privacy violations, and pervasive government spying, we could have a different relatio… [+4761 chars]",technology
"{'id': None, 'name': 'Nature.com'}","Chenfei Wang, Xiaoyu Liu, Yawei Gao, Lei Yang, Chong Li, Wenqiang Liu, Chuan Chen, Xiaochen Kou, Yanhong Zhao, Jiayu Chen, Yixuan Wang, Rongrong Le, Hong Wang, Tao Duan, Yong Zhang, Shaorong Gao",Author Correction: Reprogramming of H3K9me3-dependent heterochromatin during mammalian embryo development,Nature Cell Biology - Author Correction: Reprogramming of H3K9me3-dependent heterochromatin during mammalian embryo development,https://www.nature.com/articles/s41556-025-01802-x,,2025-10-14T00:00:00Z,"Clinical and Translational Research Center of Shanghai First Maternity and Infant Hospital, Shanghai Key Laboratory of Signaling and Disease Research, School of Life Sciences and Technology, Tongji U… [+226 chars]",technology
"{'id': None, 'name': 'Biomedcentral.com'}","Davide Gerardi, Diana Torge, Sara Bernardi, Serena Bianchi and Guido Macchiarelli",Use of two virtual dissection tables in a postgraduate oral anatomy course: feedback from the students,"Background Advancements in medical education technologies transformed the teaching and learning of several disciplines, including human anatomy, which is considered the core of health sciences education. Recent technological innovations, including virtual dis…",https://bmcmededuc.biomedcentral.com/articles/10.1186/s12909-025-07840-1,https://static-content.springer.com/image/art%3A10.1186%2Fs12909-025-07840-1/MediaObjects/12909_2025_7840_Fig1_HTML.png,2025-10-14T00:00:00Z,"Teaching anatomy in post-graduate dental school and the challenge to meet the theory with the clinical application
The horizontal teaching of anatomy in the undergraduate dental curricula has the co… [+8951 chars]",technology
"{'id': None, 'name': 'Techtarget.com'}",,Computer Weekly: End of support,"In this week's edition of Computer Weekly, the Buyer's Guide takes a deep dive into the issue of Microsoft ending support for Windows 10, in terms of what this means for enterprises running the flagship operating system.",https://www.techtarget.com/hub/asset/1760131790_836,https://cdn.ttgtmedia.com/bitpipe/covers/1760131790_836_ch.png,2025-10-14T00:00:00Z,"Ezine|14 Oct 2025
DownloadIn this weeks edition of Computer Weekly, the Buyers Guide takes a deep dive into the issue of Microsoft ending support for Windows 10, in terms of what this means for ente… [+301 chars]",technology
"{'id': None, 'name': 'Nature.com'}",Doreen Ramogola-Masire,Inside our university’s mission to pivot to research,"Innovation is key to meeting today’s global challenges. This is why the University of Botswana, originally a teaching institution, is now fostering research, and others should take the leap.",https://www.nature.com/articles/d41586-025-03301-3,https://media.nature.com/lw1200/magazine-assets/d41586-025-03301-3/d41586-025-03301-3_51438292.jpg,2025-10-14T00:00:00Z,"The global challenges of today, from climate-fuelled floods, droughts and heatwaves to food insecurity and health disparities, are felt intensely in Africa. To tackle those, universities on the conti… [+2441 chars]",technology
"{'id': None, 'name': 'Nature.com'}","Alexander J. Zielinski, Christine Lucky, Marcel Schreier",Linking electrocatalytic turnover to elementary step rates in hydrocarbon fuel oxidation,"The electrocatalytic oxidation of propane fuel is slow on Pt. By analyzing the rate of its individual steps, the authors show that slow propane oxidation is caused by a mismatch between the electrode potentials that promote propane adsorption, conversion of i…",https://www.nature.com/articles/s41467-025-63910-4,https://media.springernature.com/m685/springer-static/image/art%3A10.1038%2Fs41467-025-63910-4/MediaObjects/41467_2025_63910_Fig1_HTML.png,2025-10-14T00:00:00Z,"<li>Medford, A. J. et al. From the Sabatier principle to a predictive theory of transition-metal heterogeneous catalysis. J. Catal.328, 3642 (2015).
Article 
Google Scholar 
</li><li>Schreier, M.,… [+28686 chars]",technology
"{'id': None, 'name': 'Nature.com'}","Kirill Khabarov, Maria Blanco Formoso, Ilaria Micol Baldi, Foroogh Khozeymeh Sarbishe, Riccardo Marongiu, Giulia Bruno, Bikash Bhandari, Veronica Storari, Henri Haka, Michele Dipalo, Paolo Canepa, Francesco Gentile, Nick Goldman, Federica Villa, Francesco Tantussi, Francesco De Angelis",Raman identification of single nucleotides flowing through permeable plasmonic films,"Ultrafast SERS combined with nanopore sequencing allows distinguishing similar nucleotides at the single-molecule level, offering a step towards molecular sequencing with the aid of machine learning.",https://www.nature.com/articles/s41467-025-64165-9,https://media.springernature.com/m685/springer-static/image/art%3A10.1038%2Fs41467-025-64165-9/MediaObjects/41467_2025_64165_Fig1_HTML.png,2025-10-14T00:00:00Z,"Plasmonic device characterization
Agarose gel, commonly used in 2D gel electrophoresis, provides an economical and widely adopted method in molecular biology laboratories. Biomolecules such as prote… [+18125 chars]",technology
"{'id': None, 'name': 'Trendmicro.com'}",Jenny Hua,"Trend Micro launches new integration with Zscaler to deliver real-time, Risk-Based Zero Trust Access","Discover how Trend Vision One™ integrates with Zscaler to unify detection and access enforcement, accelerate threat containment, reduce dwell time, and deliver seamless Zero Trust protection for modern enterprises.",https://www.trendmicro.com/en_us/research/25/j/real-time-risk-based-zero-trust.html,https://www.trendmicro.com/content/dam/trendmicro/global/en/research/thumbnails/25/real-time-risk-based-zero-trust.jpg,2025-10-14T00:00:00Z,"Enterprises today face a growing challenge: securing a distributed workforce, protecting SaaS and private applications, and staying ahead of evolving cyber threatswithout slowing users down. Traditio… [+5586 chars]",technology
"{'id': None, 'name': 'Lukew.com'}",info@lukew.com,Embedded AI Apps: Now in ChatGPT,"Last week I had a running list of user experience and technical hurdles that made using applications ""within"" AI models challenging. Then OpenAI's ChatGPT Apps announcement promised to remove most of them. Given how much AI is changing how apps are built and …",https://www.lukew.com/ff/entry.asp?2131,https://static.lukew.com/chatDB_chatGPT_app2.png,2025-10-14T00:00:00Z,"Last week I had a running list of user experience and technical hurdles that made using applications ""within"" AI models challenging. Then OpenAI's ChatGPT Apps announcement promised to remove most of… [+2934 chars]",technology
"{'id': None, 'name': 'Nature.com'}","Pegah Masrori, Baukje Bijnens, Laura Fumagalli, Kristofer Davie, Suresh Kumar Poovathingal, Tim Meese, Annet Storm, Nicole Hersmus, Raheem Fazal, Diede van den Biggelaar, Bob Asselbergh, Roxane Gruel, Johanna Van Den Daele, Heidi Denton, Paula Polanco Miquel, Simona Manzella, Winnok H. De Vos, Siddhartan Chandran, Ludo Van Den Bosch, Dietmar Rudolf Thal, Renzo Mancuso, Philip Van Damme",C9orf72 hexanucleotide repeat expansions impair microglial response in ALS,"This study shows that C9orf72 mutations impair immune activation in ALS, affecting how brain cells communicate, and highlights key differences in the cellular and molecular pathways underlying sporadic and genetic forms of the disease.",https://www.nature.com/articles/s41593-025-02075-1,https://media.springernature.com/m685/springer-static/image/art%3A10.1038%2Fs41593-025-02075-1/MediaObjects/41593_2025_2075_Fig1_HTML.png,2025-10-14T00:00:00Z,"Ethics statement
This study was conducted in accordance with all relevant ethical regulations and guidelines. The postmortem study protocol was reviewed and approved by the University Hospitals Leuv… [+36954 chars]",technology
"{'id': None, 'name': 'Nature.com'}",Gemma Conroy,Faulty mitochondria cause deadly diseases: fixing them is about to get a lot easier,"CRISPR-based tools can’t easily access the DNA in these organelles, but researchers are finding other ways in.",https://www.nature.com/articles/d41586-025-03307-x,https://media.nature.com/lw1200/magazine-assets/d41586-025-03307-x/d41586-025-03307-x_51566906.jpg,2025-10-14T00:00:00Z,"CRISPR gene editing has made its way into every corner of modern biology, but not into every corner of the cell. Although researchers have used these systems to develop treatments for sickle-cell ana… [+8679 chars]",technology
"{'id': None, 'name': 'Mercola.com'}",Dr. Mercola,"Filtering Your Indoor Air Helps Lower Your Blood Pressure, Study Finds","The air around you carries more than oxygen. With every breath, you inhale a mix of microscopic fragments released by vehicles, factories, and even your own stove. These particles are small enough to slip past your body's defenses and travel throughout your b…",https://articles.mercola.com/sites/articles/archive/2025/10/14/air-pollution-hepa-filters-heart-health.aspx,https://media.mercola.com/ImageServer/Public/2025/October/FB/air-pollution-hepa-filters-heart-health-fb.jpg,2025-10-14T00:00:00Z,"Mercola proudly supports these charities and organizations. View All 
Disclaimer: The entire contents of this website are based upon the opinions of Dr. Mercola, unless otherwise noted. Individual a… [+1007 chars]",technology
"{'id': None, 'name': 'Biomedcentral.com'}","Emmanuelle Gentil, Quentin de Roux, Solène Ribot, Lucien Lapeyre, Victor PalombI, Alain Luciani, Christophe Quesnel, Vania Tacher and Nicolas Mongardon",Computed tomography image quality with high-flow contrast via high-pressure central venous catheter in critically ill patients,,https://ccforum.biomedcentral.com/articles/10.1186/s13054-025-05673-4,https://media.springernature.com/full/springer-static/cover-hires/journal/13054,2025-10-14T00:00:00Z,"<ul><li>Correspondence</li><li>Open access</li><li>Published: 14 October 2025</li></ul><ul><li>Emmanuelle Gentil1, </li><li>Quentin de Roux1,3,4,5,6, </li><li>Solène Ribot1, </li><li>Lucien Lapeyre1,… [+9527 chars]",technology
"{'id': None, 'name': 'C-sharpcorner.com'}",Praveen Kumar,Acer’s New Chromebook Plus Spin 514 Brings Google’s AI Muscle to ChromeOS,"Acer's Chromebook Plus Spin 514 brings Google AI to ChromeOS with on-device processing, a 360° touchscreen, and long battery life. Plus, Chromebox options!",https://www.c-sharpcorner.com/news/acers-new-chromebook-plus-spin-514-brings-googles-ai-muscle-to-chromeos,,2025-10-14T00:00:00Z,"Image Courtesy: Acer
October 14, 2025 Acers latest convertible Chromebook, the Chromebook Plus Spin 514, is taking ChromeOS to the next level with on-device AI features powered by Googles newest tec… [+2434 chars]",technology
"{'id': None, 'name': 'Biomedcentral.com'}","Yitong Liu, Xin Cao, Jiani Li, Tao Li, Juanjuan Li, Xiang Ma, Xue Chi, Yanqiong Tang, Zhu Liu and Hong Li",Advancing virulence factor prediction using protein language models,"Background Bacterial infections rank as the second leading cause of death globally, with virulence factors (VFs) being crucial to their pathogenicity. Predicting VFs accurately can uncover mechanisms of bacterial diseases and suggest new treatments. Current m…",https://bmcbiol.biomedcentral.com/articles/10.1186/s12915-025-02374-w,https://static-content.springer.com/image/art%3A10.1186%2Fs12915-025-02374-w/MediaObjects/12915_2025_2374_Fig1_HTML.png,2025-10-14T00:00:00Z,"Data preparation
A total of 1134 VFs from 16 G+bacterial species (Additional file 1: Table S15) and 3286 VFs from 39 Gbacterial species (Additional file 1: Table S16) were obtained as positive sampl… [+24785 chars]",technology
"{'id': 'fox-news', 'name': 'Fox News'}",,Brewers pull off astonishing double play against Dodgers in NLCS,The Milwaukee Brewers pulled off a wild double play against the Los Angeles Dodgers in Game 1 of the National League Championship Series.,https://www.foxnews.com/sports/brewers-pull-off-astonishing-double-play-against-dodgers-nlcs,https://static.foxnews.com/foxnews.com/content/uploads/2025/10/mlb-dodgers-teoscar-hernandez-101325-1.jpg,2025-10-14T01:53:29Z,"The Milwaukee Brewers turned one of the strangest double plays on Monday night in Game 1 of the National League Championship Series against the Los Angeles Dodgers.
Dodgers slugger Max Muncy was at … [+1473 chars]",sports
"{'id': None, 'name': 'The Denver Post'}",Braidon Nourse,Folarin Balogun driving progress as USMNT prepares for first match in Colorado since 2017,"For the U.S. Men’s National Team, as long as progression is incremental and forward, things will be OK.",https://www.denverpost.com/2025/10/13/folarin-balogun-usmnt-australia-colorado/,https://www.denverpost.com/wp-content/uploads/2025/10/AP25259075585219.jpg?w=1024&h=683,2025-10-14T01:46:57Z,"For the U.S. Mens National Team, as long as progression is incremental and forward, things will be OK.
In the first camp since falling just short of a Concacaf Gold Cup victory, head coach Mauricio … [+4253 chars]",sports
"{'id': None, 'name': 'Prtimes.jp'}",,JAKE CHARLTON、世界的シリアルメーカー「Kellogg's」と初コラボ。フットボール×ストリートなアイテム全6型を、10月17日より数量限定発売,"[合同会社 GREEN RIBBON SPORTS]
[画像1: https://prcdn.freetls.fastly.net/release_image/169850/1/169850-1-3a0d4f61d32ad294449cd9af2ec28e02-1200x628.jpg?width=536&quality=85%2C75&format=jpeg&auto=webp&fit=bounds&amp...",https://prtimes.jp/main/html/rd/p/000000001.000169850.html,https://prcdn.freetls.fastly.net/release_image/169850/1/169850-1-3a0d4f61d32ad294449cd9af2ec28e02-1200x628.jpg?format=jpeg&auto=webp&fit=bounds&width=2400&height=1260,2025-10-14T01:40:03Z,"GREEN RIBBON SPORTSUKJAKE CHARLTON5Kellogg's2025
Kellogg's61017JAKE CHARLTON 
JAKE CHARLTONhttps://jake-charlton.jp/
JAKE CHARLTON × Kellogg's 
JAKE CHARLTON5Kellogg'sKellogg'sJAKE CHARLTON
Kell… [+607 chars]",sports
"{'id': None, 'name': 'Sporting News'}",Dan Treacy,"Brewers double play, explained: How Sal Frelick, William Contreras ended Dodgers' rally with unbelievable play",Brewers OF Sal Frelick had everyone confused on a game-changing double play that thwarted a Dodgers rally in Game 1 of the NLCS.,https://www.sportingnews.com/us/mlb/news/brewers-double-play-sal-frelick-william-contreras-dodgers/6b5a4273a7f31806dbe517e8,https://library.sportingnews.com/styles/crop_style_16_9_desktop_webp/s3/2025-10/USATSI_27318685.jpg.webp?itok=skUPpKly,2025-10-14T01:39:46Z,"The Milwaukee Brewers might need some good fortune to dethrone the mighty Los Angeles Dodgers in the NLCS, and they got some in Game 1.
The Dodgers seemed poised to take the lead and potentially bre… [+2407 chars]",sports
"{'id': None, 'name': 'Bleeding Cool News'}",El Presidente,Konosuke Takeshita Wins IWGP Title at NJPW King of Pro Wrestling,"Greetings, comrades! It is I, your El Presidente, reporting to you live from the luxurious VIP section of the Tokyo Dome, where I have just witnessed history being made while simultaneously dodging three separate CIA operatives disguised as ring announcers! C…",https://bleedingcool.com/tv/konosuke-takeshita-wins-iwgp-title-at-njpw-king-of-pro-wrestling/,https://bleedingcool.com/wp-content/uploads/2025/10/Konosuke-Takeshita-the-new-IWGP-Heavyweight-Champion-is-featured-in-an-add-for-NJPW-New-Beginning.jpg,2025-10-14T01:37:04Z,"Posted in: AEW, NJPW, Sports, TV | Tagged: Konosuke Takeshita, wrestling
El Presidente reports on Konosuke Takeshita's IWGP World Heavyweight Championship victory and what it means for AEW and the D… [+7201 chars]",sports
"{'id': None, 'name': 'BroBible'}",Jacob Elsey,Major College Football Programs That Have Had The Most And Least Head Coaches In Their Histories,College football coaching turnover is higher than it’s ever been. The new age of transfer portal and NIL payments have made quick success a must for team leaders. No longer are coaches allowed time to build a program through high school recruiting. Talent is …,https://brobible.com/sports/article/college-football-teams-that-have-had-the-most-and-least-head-coaches/,https://brobible.com/wp-content/uploads/2025/10/bill-belichick-2.jpg,2025-10-14T01:34:57Z,"© Bob Donnan-Imagn Images
Audio By Carbonatix
College football coaching turnover is higher than its ever been. The new age of transfer portal and NIL payments have made quick success a must for tea… [+5700 chars]",sports
"{'id': None, 'name': 'Yahoo Entertainment'}","Andrew Siciliano,Frank Schwab,Charles Robinson",Brian Callahan fired?! Mike Tomlin takes shots at Browns GM + Tua calls out teammates,"Andrew Siciliano, Charles Robinson and Frank Schwab break down the Titans firing Brian Callahan, Mike Tomlin's comments on Andrew Berry and Tua Tagovailoa calling out his teammates.",https://sports.yahoo.com/nfl/article/brian-callahan-fired-mike-tomlin-takes-shots-at-browns-gm--tua-calls-out-teammates-012917042.html,https://s.yimg.com/ny/api/res/1.2/U2M50YcFxWmd08j.jzuUpw--/YXBwaWQ9aGlnaGxhbmRlcjt3PTEyMDA7aD02NzU7Y2Y9d2VicA--/https://s.yimg.com/os/creatr-uploaded-images/2025-10/67b32f20-a87d-11f0-adef-ca34610a6742,2025-10-14T01:29:17Z,"What's next for Cam Ward after the Tennessee Titans fired head coach Brian Callahan? Yahoo Sports' Andrew Siciliano, Charles Robinson and Frank Schwab break down all angles of the coaching change in … [+873 chars]",sports
"{'id': None, 'name': 'KGO-TV'}",Dustin Dorsey,"49ers, Hall of Famer Steve Young partner to bring more access to flag football for girls",The new initiative from the 49ers Foundation and Forever Young Foundation promotes girls flag football at every level from youth to high school.,https://abc7news.com/post/san-francisco-49ers-hall-famer-steve-young-partner-bring-more-access-flag-football-girls/18000516/,https://cdn.abcotvs.com/dip/images/18001242_101325-kgo-girls-flag-football-img.jpg?w=1600,2025-10-14T01:27:47Z,"SAN JOSE, Calif. (KGO) -- Young girls and women have cheered on the San Francisco 49ers for years. But now, the team and Hall of Fame quarterback Steve Young are giving them opportunities to be on th… [+2574 chars]",sports
"{'id': 'fox-news', 'name': 'Fox News'}",,"Former MLB All-Star Sandy Alomar Sr dead at 81 after distinguished playing, coaching career","Former MLB All-Star Sandy Alomar Sr. has died at 81 after a 15-season career and coaching tenure, leaving behind sons Sandy Alomar Jr. and Hall of Famer Roberto Alomar.",https://www.foxnews.com/sports/former-mlb-all-star-sandy-alomar-sr-dead-81-after-distinguished-playing-coaching-career,https://static.foxnews.com/foxnews.com/content/uploads/2025/10/sandy-alomar-sr-1.jpg,2025-10-14T01:26:05Z,"Ex-MLB All-Star Sandy Alomar Sr., who spent 15 seasons playing in the league while also coaching and managing the Puerto Rican national team, has died at 81. 
Alomar played for six teams during his … [+1941 chars]",sports
"{'id': 'marca', 'name': 'Marca'}",SAM,Tyreek Hill shares personal update on gruesome injury with a photo of his leg during Dolphins vs. Chargers,"Tyreek Hill has built his career on explosive plays and unstoppable confidence, but this week, the Miami Dolphins star offered fans a very different image: one of vulnerability.",https://www.marca.com/en/nfl/miami-dolphins/2025/10/14/68ed8415268e3e025f8b45c4.html,https://phantom.estaticos-marca.com/fac7f54ab7e8be65d37ba05441ea35db/crop/0x0/2044x1363/resize/1200/f/webp/assets/multimedia/imagenes/2025/10/14/17603962372603.jpg,2025-10-14T01:25:17Z,"Tyreek Hill has built his career on explosive plays and unstoppable confidence, but this week, the Miami Dolphins star offered fans a very different image: one of vulnerability. 
Hill posted a photo… [+3587 chars]",sports
"{'id': None, 'name': 'KTVI Fox 2 St. Louis'}",Daesha Gear,Overland man accused of trying to pay minors for sexual acts: Prosecutors,"Prosecutors allege that Kevin Chambers offered the minors money to expose themselves, and he made ""unwanted physical contact with"" them.",https://fox2now.com/news/missouri/overland-man-accused-of-paying-minors-for-sexual-acts-prosecutors/,https://media.zenfs.com/en/ktvi_articles_498/defe54bb788b07b662ae50d006994557,2025-10-14T01:23:05Z,"ST. LOUIS COUNTY, Mo. An Overland man is facing serious charges for allegedly offering minors money for sexual contact, the St. Louis County prosecutors announced on Monday.
According to prosecuting… [+2165 chars]",sports
"{'id': 'fox-sports', 'name': 'Fox Sports'}",Doug McIntyre,'Nobody's Place Is Guaranteed' as USA Preps for World Cup Tuneup vs. Australia,"United States coach Mauricio Pochettino will once again adapt his lineup amid injuries, searching for winning form before the 2026 World Cup.",https://www.foxsports.com/stories/soccer/nobodys-place-guaranteed-usa-preps-world-cup-tuneup-vs-australia,https://a57.foxsports.com/statics.foxsports.com/www.foxsports.com/content/uploads/2025/10/1408/814/usmnt1.jpg?ve=1&tl=1,2025-10-14T01:22:55Z,"COMMERCE CITY, Colo. By some estimates, last weeks 1-1 tie with Ecuador was the best performance if not result that the U.S. mens national team has had since Mauricio Pochettino took over as coach ju… [+5142 chars]",sports
"{'id': None, 'name': 'Notebookcheck.net'}",Benjamin Herzig,The Firefly successor that bets on Intel ARC: HP ZBook 8 G1i 14 laptop review,"Pure blue workstation. | With the 2025 generation, HP retires its ZBook Firefly branding, instead selling the HP ZBook 8 G1i 14 as its affordable workstation laptop. The newest version uses Intel Arrow Lake H and our particular model does not have a Nvidia GP…",https://www.notebookcheck.net/The-Firefly-successor-that-bets-on-Intel-ARC-HP-ZBook-8-G1i-14-laptop-review.1060771.0.html,https://www.notebookcheck.net/fileadmin/Notebooks/HP/ZBook_8_G1i_14/HP_ZBook8G1i_teaser.JPG,2025-10-14T01:18:00Z,"The HP ZBook 8 G1i 14 is a workstation laptop that shows impressive improvement over the old ZBook Firefly line: Dual fan cooling lets the performance shine, and the port selection is improved as wel… [+65399 chars]",sports
"{'id': None, 'name': 'KOIN.com'}",Matt Rawlings,Man accused of fatally stabbing Portland mother in 2023 arrested in Montana,"PORTLAND, Ore. (KOIN) — The man accused of fatally stabbing a Portland mother two years ago was arrested in Montana on Monday, Portland police announced...",https://www.koin.com/news/portland/man-accused-of-fatally-stabbing-portland-mother-in-2023-arrested-in-montana/,https://media.zenfs.com/en/koin_articles_940/872a5bd2d7d3503f472dbd352629baf0,2025-10-14T01:12:53Z,"PORTLAND, Ore. (KOIN) The man accused of fatally stabbing a Portland mother two years ago was arrested in Montana on Monday, Portland police announced.
Connor J. OBrien, 21, was lodged in the Missou… [+1172 chars]",sports
"{'id': None, 'name': 'NBCSports.com'}",Vaughn Dalzell,"2025 Heisman Trophy Odds: Betting, Futures, Top Candidates in Week 8, including Mendoza, Simpson, Moore!",Vaughn Dalzell breaks down the Heisman race as Dante Moore drops out and Fernando Mendoza climbs the rankings.,https://www.nbcsports.com/college-football/news/2025-heisman-trophy-odds-betting-futures-top-candidates-in-week-8-including-mendoza-simpson-moore,https://nbcsports.brightspotcdn.com/dims4/default/8ead634/2147483647/strip/true/crop/3879x2182+0+202/resize/1440x810!/quality/90/?url=https%3A%2F%2Fnbc-sports-production-nbc-sports.s3.us-east-1.amazonaws.com%2Fbrightspot%2F86%2F78%2F769541ef457eb2d812ac93f65619%2Fhttps-delivery-gettyimages.com%2Fdownloads%2F2240490496,2025-10-14T01:11:49Z,"The Indiana Hoosiers upset the Oregon Ducks, which made Fernando Mendoza the hottest name in the Heisman race! The stock is up on Mendoza and down on the Ducks Dante Moore, while a combinations of Oh… [+7752 chars]",sports
"{'id': None, 'name': 'On3.com'}",Andy Villamarzo,Michigan High School Football Rankings: Top 25 Teams – Oct. 13,The Michigan high school football season is heading into the final weeks of the season as clubs try and make a final push towards making the playoffs. Which teams from the Wolverine State are featured in this week’s set of Top 25 rankings? Detroit Catholic Ce…,https://www.on3.com/high-school/news/michigan-high-school-football-rankings-top-25-teams-oct-13/,https://on3static.com/uploads/dev/assets/cms/2025/05/17175642/Untitled-design-69-1.png,2025-10-14T01:09:31Z,The Michigan high school football season is heading into the final weeks of the season as clubs try and make a final push towards making the playoffs. Which teams from the Wolverine State are feature… [+4148 chars],sports
"{'id': None, 'name': 'Atozsports.com'}",AtoZ Sports,Oreogn Ducks open as big favorites as they look to rebound on the road at Rutgers,"The Oregon Ducks enter their upcoming matchup against the Rutgers Scarlet Knights as heavy favorites, with oddsmakers showing increasing confidence in the Ducks. The game is set for October 18th at SHI Stadium in Piscataway, New Jersey, and will air nationall…",https://atozsports.com/college-football/oregon-ducks-news/oreogn-ducks-open-as-big-favorites-as-they-look-to-rebound-on-the-road-at-rutgers/,https://media.zenfs.com/en/atoz_sports_articles_485/b10613a556c607a4b9995a80adcb728a,2025-10-14T01:08:02Z,"The Oregon Ducks enter their upcoming matchup against the Rutgers Scarlet Knights as heavy favorites, with oddsmakers showing increasing confidence in the Ducks. The game is set for October 18th at S… [+2215 chars]",sports
"{'id': 'abc-news-au', 'name': 'ABC News (AU)'}",ABC News,"Philippe, Kuhnemann in for ODI with Inglis injured","Josh Philippe is set to play his first ODI for Australia in four years, after Josh Inglis failed to recover from his calf strain in time for the series opener against India.",https://www.abc.net.au/news/2025-10-14/australia-call-up-josh-philippe-and-matt-kuhnemann/105888558,https://live-production.wcms.abc-cdn.net.au/98c875e1e5eb53d959fe16346f29377a?impolicy=wcms_watermark_news&cropH=1258&cropW=2236&xPos=0&yPos=117&width=862&height=485&imformat=generic,2025-10-14T01:07:17Z,"Josh Philippe is set to play his first ODI for Australia in four years, after Josh Inglis failed to recover from his calf strain in time for the series opener against India.
Australian officials con… [+1957 chars]",sports
"{'id': None, 'name': 'Anime News Network'}",,"Happy Sports Day From Around the Anime World, Part I","Featuring Frieren, Naruto, Kaiju No. 8, Doraemon, Medalist, George Nakata, more!",https://www.animenewsnetwork.com/interest/2025-10-13/happy-sports-day-from-around-the-anime-world-part-i/.229894,https://www.animenewsnetwork.com/thumbnails/crop600x315gGN/youtube/zho2xCNCFNI.jpg,2025-10-14T01:00:00Z,"Kaiju No. 8 Original Wallpaper Distribution!!Smartphone wallpapers featuring original full-color illustrations by Matsumoto-sensei are distributed every Friday at midnight!This week, in honor of Spor… [+170 chars]",sports
"{'id': 'fox-sports', 'name': 'Fox Sports'}",Deesha Thosar,4 Takeaways from the Mariners' ALCS Game 2 Win Over the Blue Jays,The Seattle Mariners win Game 2 of the ALCS and are now two wins away from the World Series. Here are my takeaways.,https://www.foxsports.com/stories/mlb/4-takeaways-from-mariners-alcs-game-2-win-over-blue-jays,https://a57.foxsports.com/statics.foxsports.com/www.foxsports.com/content/uploads/2025/10/1408/814/ccd24f99-16x9mariners.jpg?ve=1&tl=1,2025-10-14T00:59:23Z,"TORONTO The Mariners handled the Astros to win the division. They bounced the Tigers from the playoffs after a historic 15-inning elimination game. Their next act?
Making the Blue Jays look feeble i… [+4458 chars]",sports
"{'id': None, 'name': 'Slashdot.org'}",feedfeeder,Commentary: Why 'Average Joe' Brewers beating big-market Dodgers would be good for baseball - Los Angeles Times,"Commentary: Why 'Average Joe' Brewers beating big-market Dodgers would be good for baseballLos Angeles Times Passan: Why a Dodgers-Brewers NLCS could define MLB's labor battleESPN MLB playoffs 2025: Dodgers vs. Brewers lineups, news, live updates for Game 1 o…",https://slashdot.org/firehose.pl?op=view&amp;id=179774288,,2025-10-14T00:52:19Z,The Fine Print: The following comments are owned by whoever posted them. We are not responsible for them in any way.,sports
"{'id': None, 'name': 'KRDO'}",Abby Smith,Colorado Springs Airport rejects DHS video amid government shutdown,"COLORADO SPRINGS, Colo. (KRDO) -- Colorado Springs Airport has announced that it will not show the recent video created by the Department of Homeland",https://krdo.com/news/2025/10/13/colorado-springs-airport-rejects-dhs-video-amid-government-shutdown/,https://krdo.b-cdn.net/2023/06/060523-COS-Airport-web.png,2025-10-14T00:52:15Z,"COLORADO SPRINGS, Colo. (KRDO) -- Colorado Springs Airport has announced that it will not show the recent video created by the Department of Homeland Security. This video is meant to be played at TSA… [+1650 chars]",sports
"{'id': None, 'name': 'WHNT News 19'}",Peyton Newman,‘An impossible dream’: Huntsville rabbi reacts to hostage release in Gaza,"'Give hope to Israel,' 'world peace' and 'freedom' are just a few prayers written on a wall by young members of Temple B'nai Sholom, but a message shared by ...",https://whnt.com/news/huntsville/an-impossible-dream-huntsville-rabbi-reacts-to-hostage-release-in-gaza/,https://media.zenfs.com/en/whnt_huntsville_articles_930/6e74c2f9214bd7dc1fc2e5acaecc52e7,2025-10-14T00:44:08Z,"HUNTSVILLE, Ala. (WHNT) Give hope to Israel, world peace and freedom are just a few prayers written on a wall by young members of Temple Bnai Sholom, but a message shared by the entire congregation.… [+1811 chars]",sports
"{'id': None, 'name': 'KSN-TV'}",Carina Branson,School bus and SUV collide in north Wichita,An SUV crashed with a school bus in north Wichita Monday evening.,https://www.ksn.com/news/school-bus-and-suv-collide-in-north-wichita/,https://media.zenfs.com/en/ksnw_wichita_articles_865/e3ed7a08e8b7b0e064a9174803dc3d83,2025-10-14T00:43:32Z,"WICHITA, Kan. (KSNW) A Wichita Public Schools bus was involved in a crash in north Wichita Monday evening.
It happened around 5:15 p.m. at the intersection of 29th Street and Cromwell Drive.
 Drive… [+817 chars]",sports
"{'id': None, 'name': 'Biztoc.com'}",wsj.com,"Catapult Targets Soccer Transfer Fees With Latest Acquisition, CEO Says",Catapult Sports is looking to its latest acquisition to help lower-tier soccer teams target the billions of dollars that the sport’s giants splurge each year on player transfers.,https://biztoc.com/x/1860d233b95c96e0,https://biztoc.com/cdn/950/og.png,2025-10-14T00:42:52Z,"Catapult Sports is looking to its latest acquisition to help lower-tier soccer teams target the billions of dollars that the sports giants splurge each year on player transfers.
This story appeared … [+31 chars]",sports
"{'id': None, 'name': 'CBS Sports'}",Garrett Podell,Cowboys' defense unraveling under Matt Eberflus as Dak Prescott's offensive surge goes to waste,Head coach Brian Schottenheimer met 'at length' with Eberflus and his defensive staff to help find solutions,https://www.cbssports.com/nfl/news/cowboys-defense-struggles-under-matt-eberflus-communication-issues/,https://sportshub.cbsistatic.com/i/r/2025/10/14/48b6d975-ee82-4f44-87b1-82fb4fcc2b32/thumbnail/1200x675/5411347190e80a2dda090d596fba5acb/rico-dowdle.jpg,2025-10-14T00:42:08Z,"FRISCO, Texas -- The Dallas Cowboys (2-3-1) have lit up the scoreboard over the past three weeks, scoring 104 points while playing turnover-free football.
Yet they're only 1-1-1 in that span -- tyin… [+7600 chars]",sports
"{'id': None, 'name': 'TheWrap'}",Corbin Bolies,Fox News’ Trey Yingst on Covering the Israel-Hamas Cease-Fire: ‘Certainly a Turning Point for the Middle East’,"‘It’s nice every once in a while when there are these moments of light amid a very dark story,” Yingst, the network’s chief foreign correspondent, tells TheWrap
The post Fox News’ Trey Yingst on Covering the Israel-Hamas Cease-Fire: ‘Certainly a Turning Point…",https://www.thewrap.com/fox-news-trey-yingst-israel-gaza-2/,https://www.thewrap.com/wp-content/uploads/2025/10/Adobe-Express-file-2.png,2025-10-14T00:32:00Z,"Fox News chief foreign correspondent Trey Yingst has been consumed by conflict since he began covering the aftermath of Hamas Oct. 7, 2023 attack on Israel and the devastating war in Gaza. 
Mondays … [+13066 chars]",sports
"{'id': None, 'name': 'Yanko Design'}",Gaurav Sood,Chinese fashion label Windowsen gives Nike Air Max Muse an extraterrestrial twist you’ll love,"Chinese fashion label Windowsen gives Nike Air Max Muse an extraterrestrial twist you’ll loveA pair of Nike on the foot represents what you believe in and how you want to be seen. Not surprisingly, then, the Swoosh brand...",https://www.yankodesign.com/2025/10/13/chinese-fashion-label-windowsen-gives-nike-air-max-muse-an-extraterrestrial-twist-youll-love/,https://www.yankodesign.com/images/design_news/2025/10/chinese-fashion-label-windowsen-gives-nike-air-max-muse-an-extraterrestrial-twist-youll-love/Windowsen-x-Nike-Air-Max-Muse-5.jpg,2025-10-14T00:30:08Z,"A pair of Nike on the foot represents what you believe in and how you want to be seen. Not surprisingly, then, the Swoosh brand has a deep commitment to the youth culture symbolized by the Nike in-li… [+2429 chars]",sports
"{'id': None, 'name': 'Thechronicle.com.gh'}",admin,LCB Corporate Games 2025 Concludes With Giff And Ezzylinks As Champions,"The 2025 LCB Corporate Games has wrapped up in an exciting fashion, with the Ghana Institute of Freight Forwarders (GIFF) crowned Accra Zone champions after a hard-fought 2–1 victory over Unique FC of the Regional Maritime University, at the Nii Adjei Krakue …",https://thechronicle.com.gh/lcb-corporate-games-2025-concludes-with-giff-and-ezzylinks-as-champions/,https://thechronicle.com.gh/wp-content/uploads/2025/10/WhatsApp-Image-2025-10-13-at-2.55.30-PM.jpeg,2025-10-14T00:17:40Z,"The 2025 LCB Corporate Games has wrapped up in an exciting fashion, with the Ghana Institute of Freight Forwarders (GIFF) crowned Accra Zone champions after a hard-fought 21 victory over Unique FC of… [+3190 chars]",sports
"{'id': None, 'name': 'Sporting News'}",The Sporting News,Bronco Mendenhall and other coaching candidates to replace Trent Bray at Oregon State,"Oregon State’s next hire must balance loyalty, innovation, and survival.",https://www.sportingnews.com/us/ncaa-football/news/bronco-mendenhall-and-other-coaching-candidates-replace-trent-bray-oregon-state/86c737b607a725961117a91f,https://media.zenfs.com/en/the_sporting_news_articles_584/e14b2368f5210c6bbc2642bcbdc489d7,2025-10-14T00:17:39Z,"Bronco Mendenhall and other coaching candidates to replace Trent Bray at Oregon State originally appeared on The Sporting News. Add The Sporting News as a Preferred Source by clicking here.
After Tr… [+3467 chars]",sports
"{'id': None, 'name': 'Coloradoan'}",The Coloradoan,Poll: Vote for the Blue FCU Fort Collins-area Football Player of the Week (Oct. 13),"Vote for your Blue FCU Fort Collins-area Football Player of the Week, with nominees from Fort Collins, Rocky Mountain, Timnath, Wellington and Windsor",https://www.coloradoan.com/story/sports/high-school/football/2025/10/13/vote-blue-fcu-fort-collins-windsor-wellington-football-player-week-oct-13/86677287007/,https://s.yimg.com/cv/apiv2/social/images/yahoo_default_logo-1200x1200.png,2025-10-14T00:15:06Z,"The Coloradoan is proud to present another aspect of our weekly Athlete of the Week series, partnering with Blue Federal Credit Union to honor the best Fort Collins-area tackle football players throu… [+2182 chars]",sports
"{'id': None, 'name': 'Slashdot.org'}",feedfeeder,American Football: Tennessee Titans sack head coach Brian Callahan following poor start to NFL season - BBC,"American Football: Tennessee Titans sack head coach Brian Callahan following poor start to NFL seasonBBC Titans fire coach Callahan, name McCoy interimESPN Brian Callahan fired: How previous Titans head coaches have faredUSA Today Titans fire Brian Callahan: …",https://slashdot.org/firehose.pl?op=view&amp;id=179774148,,2025-10-14T00:12:32Z,The Fine Print: The following comments are owned by whoever posted them. We are not responsible for them in any way.,sports
"{'id': None, 'name': 'Slashdot.org'}",feedfeeder,Mariners again roll out same lineup for RHPs vs. Blue Jays rookie in Game 2 - The Seattle Times,"Mariners again roll out same lineup for RHPs vs. Blue Jays rookie in Game 2The Seattle Times Mariners vs. Blue Jays (Oct 13, 2025) Live ScoreESPN LIVE: Mariners-Blue Jays ALCS Game 2 (FOX)MLB.com MLB playoffs 2025: With another enormous swing, Cal Raleigh lea…",https://slashdot.org/firehose.pl?op=view&amp;id=179774146,,2025-10-14T00:12:22Z,The Fine Print: The following comments are owned by whoever posted them. We are not responsible for them in any way.,sports
"{'id': None, 'name': 'Slashdot.org'}",feedfeeder,Stephen Jones on Cowboys' defensive struggles: 'It's a work in progress' - Dallas Cowboys | Official Site of the Dallas Cowboys,Stephen Jones on Cowboys' defensive struggles: 'It's a work in progress'Dallas Cowboys | Official Site of the Dallas Cowboys Cowboys get odd grade after Panthers beatdownYahoo Sports Brian Schottenheimer backs Matt Eberflus: He’s a great coachNBC Sports 'I do…,https://slashdot.org/firehose.pl?op=view&amp;id=179774144,,2025-10-14T00:12:11Z,The Fine Print: The following comments are owned by whoever posted them. We are not responsible for them in any way.,sports
"{'id': None, 'name': 'Atozsports.com'}",AtoZ Sports,LSU working to poach Alabama’s top playmaking target as recruiting battle heats up,"The LSU Tigers aren’t giving up in a highly competitive race for the most unique elite receiver prospect in the 2027 class. Whenever Ohio State and Alabama are in the chase for a recruit, it’s a generally safe bet that he’s a good prospect. Top-ranked Indiana…",https://atozsports.com/college-football/lsu-tigers-news/lsu-working-poach-alabamas-top-playmaking-target-recruiting-battle-heats-moshun-sales/,https://media.zenfs.com/en/atoz_sports_articles_485/830426c7508b840679d6869e55010ef4,2025-10-14T00:10:29Z,"The LSU Tigers arent giving up in a highly competitive race for the most unique elite receiver prospect in the 2027 class. Whenever Ohio State and Alabama are in the chase for a recruit, its a genera… [+2321 chars]",sports
"{'id': None, 'name': 'Deseret News'}",Lisa Riley Roche,Where Israeli athletes are being barred from international competition,Israeli athletes won't be able to compete in the 2025 Artistic Gymnastics World Championships.,https://www.deseret.com/utah/2025/10/13/israeli-athletes-barred-from-world-gymnastics-championships/,https://www.deseret.com/resizer/v2/BNX5IISXYZAFRK7VVFM367YXPA.jpg?focal=2393%2C862&auth=623e410283034f8fef9f915087e3eae16e50830a2e0140eee5f9d1287c9a998d&width=1200&height=630,2025-10-14T00:08:36Z,A move by the Indonesian government to stop Israeli athletes from participating in a gymnastics world championship in Jakarta is raising questions about what could happen at the 2028 Summer Games in … [+5204 chars],sports
"{'id': None, 'name': 'TribLIVE'}",Michael Love,Leechburg grad Braylan Lovelace contributes to Pitt's win over Florida State,Oct. 13—The Pitt football team moved to 2-1 in Atlantic Coast Conference play and 4-2 overall with Saturday's 34-31 win at Florida State. Leechburg graduate Braylan Lovelace posted a career high-tying 10 tackles in the victory. He was one of three Panthers de…,https://triblive.com/sports/leechburg-grad-braylan-lovelace-contributes-to-pitts-win-over-florida-state/,https://assets-varnish.triblive.com/2025/10/8948566_web1_ptr-PittCMU11-090725.jpg,2025-10-14T00:05:00Z,"The Pitt football team moved to 2-1 in Atlantic Coast Conference play and 4-2 overall with Saturday’s 34-31 win at Florida State.
Leechburg graduate Braylan Lovelace posted a career high-tying 10 ta… [+4705 chars]",sports
"{'id': 'fox-news', 'name': 'Fox News'}",,Lions safety Brian Branch suspended 1 game for fight after loss to Chiefs,Detroit Lions safety Brian Branch was suspended one game without pay by the NFL for fighting with Kansas City Chiefs wide receiver JuJu Smith-Schuster after Sunday's game.,https://www.foxnews.com/sports/lions-safety-brian-branch-suspended-1-game-fight-after-loss-chiefs,https://static.foxnews.com/foxnews.com/content/uploads/2025/10/brian-branch-pro-bowl-1.jpg,2025-10-14T00:04:43Z,"The NFL announced that Detroit Lions safety Brian Branch was suspended one game without pay for his fight with Kansas City Chiefs wide receiver Juju Smith-Schuster on Sunday night.
""Your aggressive,… [+2414 chars]",sports
"{'id': None, 'name': 'Statesman Journal'}",Statesman Journal,What did Robb Akey say in first press conference as Oregon State's interim head coach?,"Oregon State football interim head coach Robb Akey spoke to the media for the first time on Oct. 13 to discuss his role, the program and more.",https://www.statesmanjournal.com/story/sports/college/oregon-state/2025/10/13/oregon-state-football-robb-akey-first-press-conference/86680805007/,https://s.yimg.com/ny/api/res/1.2/QgjbP4PP3jezUcb9Ydv95g--/YXBwaWQ9aGlnaGxhbmRlcjt3PTEyMDA7aD04MDA7Y2Y9d2VicA--/https://media.zenfs.com/en/statesman-journal/b25adcc4e3d30413331666e8fe58c1d1,2025-10-14T00:01:43Z,"CORVALLIS Oregon State footballs new interim head coach Robb Akey spoke to the media for the first time Oct. 13 following the firing of former head coach Trent Bray. ­­­­
Akey was named special team… [+3793 chars]",sports
"{'id': None, 'name': 'Biomedcentral.com'}","Saud Mohammed Raja, Mohammed Ahmed Elfaki, Alaa Ibrahim, Hibaallah Maroof and Abrar Abdelrahim",The relationship between physical activity and academic achievement in medical students: a single-institution cross-sectional study in Sudan,"Background Regular physical activity has been consistently shown to improve cognitive ability among populations of various age groups, including university students. This is particularly important among medical students, who face high academic demands and a r…",https://bmcmededuc.biomedcentral.com/articles/10.1186/s12909-025-07985-z,https://static-content.springer.com/image/art%3A10.1186%2Fs12909-025-07985-z/MediaObjects/12909_2025_7985_Fig1_HTML.png,2025-10-14T00:00:00Z,"<li>Dyrbye LN, Thomas MR, Shanafelt TD. Systematic review of depression, anxiety, and other indicators of psychological distress among U.S. and Canadian medical students. Acad Med. 2006;81(4):35473.… [+5154 chars]",sports
"{'id': None, 'name': 'ArchDaily'}",Pilar Caballero,Aranya North Shore Community Sports Center / Atelier XÜK,"Aranya North Shore Community Sports Center is located in Qinhuangdao, a three-hour drive from Beijing, situated within the riverside area of the Aranya Ninth Phase project. The site was originally a relatively underdeveloped industrial land. The architects ai…",https://www.archdaily.com/1034923/aranya-north-shore-community-sports-center-atelier-xuk,https://images.adsttc.com/media/images/68ed/08c6/b67c/e901/89e7/ec5e/large_jpg/aranya-north-shore-community-sports-center-atelier-xuk_20.jpg?1760364750,2025-10-14T00:00:00Z,"© Hao Chen
+ 23
<ul><li></li><li>Principal Architects: Liu Kenan, Zhang Xu
</li><li>Project Architect: Sha Weiqi
</li><li>Project Team: Sha Weiqi, Deng Tian, Huang Lin, Dai Yishu, Zhang Shuo, Zha… [+877 chars]",sports
"{'id': None, 'name': 'Mercola.com'}",Dr. Mercola,"Eating Animal Protein After Training Improves Recovery, According to Study","Proper recovery from training is the make-or-break factor in how your body adapts to exercise. You may train hard in the gym or on the field, but without the right recovery, strength gains stall, endurance plateaus, and soreness lingers longer than it needs t…",https://articles.mercola.com/sites/articles/archive/2025/10/14/animal-protein-training-recovery.aspx,https://media.mercola.com/ImageServer/Public/2025/October/FB/animal-protein-training-recovery-fb.jpg,2025-10-14T00:00:00Z,"Mercola proudly supports these charities and organizations. View All 
Disclaimer: The entire contents of this website are based upon the opinions of Dr. Mercola, unless otherwise noted. Individual a… [+1007 chars]",sports
"{'id': None, 'name': 'Twistedsifter.com'}",Michael Levanduski,"Woman Sent Packages To Company To Have Them Safely Held, But She Immediately Got Caught In Her Lie And Was Sent Away",She thought she would get away with it too!,http://twistedsifter.com/2025/10/woman-sent-packages-to-company-to-have-them-safely-held-but-she-immediately-got-caught-in-her-lie-and-was-sent-away/,https://twistedsifter.com/wp-content/uploads/2025/09/Packages.jpg,2025-10-14T01:46:01Z,"Shutterstock/Reddit
When you have packages delivered to your home or business, they can be at risk of being stolen, which is why some companies offer to have your packages delivered to them and held… [+5755 chars]",business
"{'id': 'financial-post', 'name': 'Financial Post'}",Bloomberg News,"Oil Edges Higher With US-China Trade Tensions, Demand in Focus","Oil advanced after paring a slump in the week’s opening session, as investors weigh the fallout of renewed US-China trade tensions against demand.",https://financialpost.com/pmn/business-pmn/oil-edges-higher-with-us-china-trade-tensions-demand-in-focus,https://smartcdn.gprod.postmedia.digital/financialpost/wp-content/uploads/2025/10/776295047-1.jpg,2025-10-14T01:45:28Z,"(Bloomberg) Oil advanced after paring a slump in the weeks opening session, as investors weigh the fallout of renewed US-China trade tensions against demand. 
THIS CONTENT IS RESERVED FOR SUBSCRIBER… [+3692 chars]",business
"{'id': None, 'name': 'Freethoughtblogs.com'}",Siggy,Deconversion Narrativization,"It’s said that the world is made of stories. But, if that were true, why is translating a personal experience into a story so lossy? Invariably, you must choose where the story starts and ends, which pieces of context to include or exclude, which events to hi…",https://freethoughtblogs.com/atrivialknot/2025/10/13/deconversion-narrativization/,https://freethoughtblogs.com/atrivialknot/wp-content/themes/ftb2-theme/images/logo.gif,2025-10-14T01:44:26Z,"It’s said that the world is made of stories. But, if that were true, why is translating a personal experience into a story so lossy? Invariably, you must choose where the story starts and ends, which… [+3365 chars]",business
"{'id': None, 'name': 'Prtimes.jp'}",,GATES GROUP株式会社、東京映像制作センター株式会社をグループ会社化する戦略的M&Aを実施,"[GATES株式会社]
GATES GROUP Inc. Executes Strategic M&A to Make Tokyo Video Production Center Inc. a Group Company
Strengthening Digital, Video, and Global Capabilities to Enter a New Stage of Growth

GATES GR...",https://prtimes.jp/main/html/rd/p/000000054.000081261.html,https://prcdn.freetls.fastly.net/release_image/81261/54/81261-54-c680fd6203178d15da3743c3e529765c-1028x333.png?format=jpeg&auto=webp&fit=bounds&width=2400&height=1260,2025-10-14T01:40:03Z,"Strengthening Digital, Video, and Global Capabilities to Enter a New Stage of Growth
GATES GROUPGATES GROUPM&amp;AGATESGATES
Tokyo, Japan GATES GROUP, Inc. (GATES or the Company) announced that it … [+931 chars]",business
"{'id': None, 'name': 'The Japan Times'}",The Japan Times,"Trump, Xi spark another standoff with world economy at risk",The question now is which side blinks first.,https://www.japantimes.co.jp/business/2025/10/14/economy/trump-xi-standoff-world-economy/,https://www.japantimes.co.jp/japantimes/uploads/images/2025/10/14/499425.jpg?v=3.1,2025-10-14T01:38:00Z,"U.S. President Donald Trump and Chinese leader Xi Jinpings latest tit-for-tat showdown has both countries claiming the ball is now in the others court, with the clock ticking toward another escalatio… [+5824 chars]",business
"{'id': None, 'name': 'The Japan Times'}",Juliana Liu,The NBA’s return to China is no slam dunk,"From a commercial point of view, re-engaging with its second-biggest market is an obvious move.",https://www.japantimes.co.jp/commentary/2025/10/14/world/nba-china-return-no-slam-dunk/,https://www.japantimes.co.jp/japantimes/uploads/images/2025/10/14/499532.jpg?v=3.1,2025-10-14T01:33:00Z,"By any measure, the National Basketball Association has made a triumphant comeback in China six years after being effectively banned.
The Phoenix Suns and Brooklyn Nets played two sold-out games ove… [+776 chars]",business
"{'id': None, 'name': 'Slashdot.org'}",feedfeeder,Rare Earths Rise As JPMorgan Promises $1.5 Trillion For U.S. Industries—Echoing Trump Agenda - Forbes,Rare Earths Rise As JPMorgan Promises $1.5 Trillion For U.S. Industries—Echoing Trump AgendaForbes JPMorgan Chase launches $1.5 trillion plan to bolster US economic and national securityFox Business Quantum stocks surge after JPMorgan investing push into stra…,https://slashdot.org/firehose.pl?op=view&amp;id=179774556,,2025-10-14T01:32:25Z,"If I'd known computer science was going to be like this, I'd never have
given up being a rock 'n' roll star.
-- G. Hirst",business
"{'id': None, 'name': 'International Business Times'}","Isabel Kua with Matthew Walsh in Lincang, China; Nalini Lepetit-Chella in Paris; and AFP teams in Ma",Myanmar Scam Cities Booming Despite Crackdown -- Using Musk's Starlink,They said they had smashed them.,https://www.ibtimes.com/myanmar-scam-cities-booming-despite-crackdown-using-musks-starlink-3786854,https://d.ibtimes.com/en/full/4628207/scam-city-part-kk-park-biggest-scam-centre-cluster-27-around-myawaddy-myanmar.jpg,2025-10-14T01:30:16Z,"They said they had smashed them. But fraud factories in Myanmar blamed for scamming Chinese and American victims out of billions of dollars are still in business and bigger than ever, an AFP investig… [+16199 chars]",business
"{'id': None, 'name': 'Ibtimes.com.au'}","Isabel Kua with Matthew Walsh in Lincang, China; Nalini Lepetit-Chella in Paris; and AFP teams in Ma",Myanmar Scam Cities Booming Despite Crackdown -- Using Musk's Starlink,They said they had smashed them.,https://www.ibtimes.com.au/myanmar-scam-cities-booming-despite-crackdown-using-musks-starlink-1860830,https://d.ibtimes.com.au/en/full/1890122/scam-city-part-kk-park-biggest-scam-centre-cluster-27-around-myawaddy-myanmar.jpg,2025-10-14T01:30:11Z,"They said they had smashed them. But fraud factories in Myanmar blamed for scamming Chinese and American victims out of billions of dollars are still in business and bigger than ever, an AFP investig… [+16199 chars]",business
"{'id': None, 'name': 'Adweek'}",Rebecca Stewart,AI Momentum Spurs Another 2025 Forecast Upgrade for Publicis,Clients' appetite for Groupe's tech drove 5.7% organic growth in Q3.,https://www.adweek.com/agencies/ai-momentum-spurs-another-2025-forecast-upgrade-for-publicis/,https://static-www.adweek.com/wp-content/uploads/2025/04/Think-Marketing-magazine-Article-Publicis-Media-Announces-New-Leadership-in-Levant.png?w=600&h=315&crop=1,2025-10-14T01:30:00Z,"Publicis Groupe has continued its winning streak, raising its 2025 organic growth outlook following strong third-quarter results.
5.7% organic growth in Q3
5% to 5.5% upgraded organic growth foreca… [+1738 chars]",business
"{'id': None, 'name': 'Biztoc.com'}",reuters.com,Oil edges up as US-China de-escalate trade tensions,,https://biztoc.com/x/43c740531b8d00fc,https://biztoc.com/cdn/43c740531b8d00fc_s.webp,2025-10-14T01:27:24Z,"{ window.open(this.href, '_blank'); }, 200); return false;""&gt;Why is NASA's Jet Propulsion Lab laying off workers? { window.open(this.href, '_blank'); }, 200); return false;""&gt;How will OpenAI's Br… [+788 chars]",business
"{'id': None, 'name': 'GlobeNewswire'}",Apollomics Inc.,"Apollomics, Inc. Company Operational Continuity Update","FOSTER CITY, Calif., Oct. 13, 2025 (GLOBE NEWSWIRE) -- Apollomics Inc. (Nasdaq: APLM) (“Apollomics” or the “Company”), today announced the following company operational update.",https://www.globenewswire.com/news-release/2025/10/14/3165856/0/en/Apollomics-Inc-Company-Operational-Continuity-Update.html,https://ml.globenewswire.com/Resource/Download/5d278096-e1c2-4350-b583-bca455f23b4b,2025-10-14T01:22:00Z,"FOSTER CITY, Calif., Oct. 13, 2025 (GLOBE NEWSWIRE) -- Apollomics Inc. (Nasdaq: APLM) (Apollomics or the Company), today announced the following company operational update.
Apollomics is a clinical-… [+7261 chars]",business
"{'id': None, 'name': 'The Japan Times'}",Reina Sasaki,"Bridgestone CEO sees U.S. slowdown, cyberattack and tariffs hurting business","The challenges in North America are testing Bridgestone's ability to defend margins and sustain growth, a familiar refrain for Japan’s export-driven manufacturers.",https://www.japantimes.co.jp/business/2025/10/14/companies/bridgestone-ceo-sees-us-slowdown/,https://www.japantimes.co.jp/japantimes/uploads/images/2025/10/14/499436.jpg?v=3.1,2025-10-14T01:20:00Z,"Bridgestone expects a tougher second half of the fiscal year ending Dec. 31 as its U.S. business faces a sharp drop in truck tire demand, tariffs take a toll and it deals with the fallout from a cybe… [+3256 chars]",business
"{'id': None, 'name': 'Abplive.com'}",Gujarati.abplive.com,"હવે દસ્તાવેજ જમા કર્યા વિના ઉપાડી શકશો PFના પુરા પૈસા, EPFOએ કરી મોટી જાહેરાત | Members can now withdraw up to 100 percent of eligible balance in PF account","હવે દસ્તાવેજ જમા કર્યા વિના ઉપાડી શકશો PFના પુરા પૈસા, EPFOએ કરી મોટી જાહેરાત | Members can now withdraw up to 100 percent of eligible balance in PF accountabplive.com",https://gujarati.abplive.com/news/business/members-can-now-withdraw-up-to-100-percent-of-eligible-balance-in-pf-account-958331,https://feeds.abplive.com/onecms/images/uploaded-images/2025/10/08/af6e3306fff2f79f23aa88092a1c1d7d1759946778738215_original.jpg?impolicy=abp_cdn&imwidth=1200,2025-10-14T01:19:44Z,"EPF . (EPFO) (CBT) . . EPF .
Chaired the 238th meeting of Central Board of Trustees of EPFO.
Under the leadership of PM Shri @NarendraModi ji, we are ensuring ease of living for members and ease of… [+281 chars]",business
"{'id': None, 'name': 'Forbes'}","Tim Treadgold, Contributor, 
 Tim Treadgold, Contributor
 https://www.forbes.com/sites/timtreadgold/",Iron Ore Billionaire Rinehart Now Also A Rare Earth Billionaire,High and rising prices for rare earths used in commercial and military technologies has boosted the fortune of Australian iron ore billionaire Gina Rinehart,https://www.forbes.com/sites/timtreadgold/2025/10/13/iron-ore-billionaire-rinehart-now-also-a-rare-earth-billionaire/,https://imageio.forbes.com/specials-images/imageserve/661eff08a91fb974259d4069/0x0.jpg?format=jpg&height=900&width=1600&fit=bounds,2025-10-14T01:18:11Z,"Australias richest person, iron ore billionaire Gina Rinehart, has added a second title to her name. She is now also a rare earth billionaire.
Chinas weaponization of rare earth exports in its trade… [+2707 chars]",business
"{'id': None, 'name': 'The Japan Times'}",Elizabeth Beattie,Pace eyes great strides for Japan’s art market,One of the largest art galleries in the world wants to turn the country into the center of Asia’s art scene.,https://www.japantimes.co.jp/business/2025/10/14/companies/pace-gallery-japan-kyoko-hattori/,https://www.japantimes.co.jp/japantimes/uploads/images/2025/10/14/499444.jpg?v=3.1,2025-10-14T01:18:00Z,"Pace Gallery, one of the largest art galleries in the world, has an ambitious mission in Japan: turning the country into a leading regional art market. And for Paces Japan branch, having more interna… [+7195 chars]",business
"{'id': None, 'name': 'Livejournal.com'}",longerthanwedo,More from NYCC: Interview with the Vampire Cast,"Two new interviews from last Friday's New York Comic Con have been released, featuring actors Jacob Anderson, Sam Reid, Assad Zaman, and writer Hannah Moscovitch.On Louis' new business ventures, Lestat's identity as an artist, and effusive praise for (a very …",https://ohnotheydidnt.livejournal.com/131329654.html,https://l-files.livejournal.net/og_image/3616053/513006?v=1760404655,2025-10-14T01:17:33Z,"Two new interviews from last Friday's New York Comic Con have been released, featuring actors Jacob Anderson, Sam Reid, Assad Zaman, and writer Hannah Moscovitch.
On Louis' new business ventures, Le… [+420 chars]",business
"{'id': None, 'name': 'Biztoc.com'}",wsj.com,"Ford Cuts Production of Five Trucks, SUVs After Aluminum-Supply Disruption",,https://biztoc.com/x/de6572d205253ba9,https://biztoc.com/cdn/950/og.png,2025-10-14T01:16:44Z,"{ window.open(this.href, '_blank'); }, 200); return false;""&gt;Why is NASA's Jet Propulsion Lab laying off workers? { window.open(this.href, '_blank'); }, 200); return false;""&gt;How will OpenAI's Br… [+777 chars]",business
"{'id': None, 'name': 'Biztoc.com'}",pymnts.com,Bessent Says US Will ‘Prioritize Payments’ During Government Shutdown,"In order to allow U.S. military staff to get paid during the government shutdown, Treasury Secretary Scott Bessent is reportedly prioritizing payments in a way some of his predecessors said during previous budget clashes could not be done.
 
 
 
 
Bessent tol…",https://biztoc.com/x/c23cf975ca8d1be1,https://biztoc.com/cdn/950/og.png,2025-10-14T01:16:19Z,"In order to allow U.S. military staff to get paid during the government shutdown, Treasury Secretary Scott Bessent is reportedly prioritizing payments in a way some of his predecessors said during pr… [+136 chars]",business
"{'id': None, 'name': 'CNET'}",,Quectel Wireless SolutionsQuectel、CEATEC 2025にて新製品「EG800AK-JP」LTE Cat. 1 bisモジュールと包括的IoTソリューションを展示,"【画像： https://www.quectel.com/https://kyodonewsprwire.jp/img/202510146999-O1-UxGhH7IO】   東京--(BUSINESS WIRE http://www.businesswire.com/)-- （ビジネスワイヤ） -- エンドツーエンドのグローバルIoTソリューションプロバイダーであるQuectel Wireless Solutions Co., Ltd. は、10月14日～17日に幕...",https://japan.cnet.com/release/31120742/,https://japan.cnet.com/media/c/2012/images/logo/logo_ogp_1200.png,2025-10-14T01:14:00Z,"--(BUSINESS WIRE )-- -- IoTQuectel Wireless Solutions Co., Ltd. 1014172H115CEATEC 2025EG800AK-JP LTE Cat 1 bisQuectelIoT
EG800AK-JPASR1605LTE17.7×15.8×2.4mmCat. 1 bis3G10 Mbps5 MbpsDFOTAWi-FiCat. 1 … [+633 chars]",business
"{'id': None, 'name': 'Economictimes.com'}",Economic Times,LG Electronics IPO Listing Live: LG Electronics shares set to list on BSE & NSE today; GMP signals potential listing gains,"LG Electronics Share Price Live: Investors in LG Electronics India’s IPO may see a strong debut on Tuesday, as analysts point to attractive valuations and robust business fundamentals that made it the most subscribed IPO of 2025 and are expected to fuel stron…",https://m.economictimes.com/markets/stocks/live-blog/lg-electronics-share-price-live-updates-lg-ipo-listing-price-gmp-date-and-time-latest-market-news-14-oct-2025/liveblog/124540892.cms,"https://economictimes.indiatimes.com/thumb/msid-124540892,width-600,resizemode-4,imglength-11104/markets/stocks/live-blog/lg-electronics-share-price-live-updates-lg-ipo-listing-price-gmp-date-and-time-latest-market-news-14-oct-2025.jpg",2025-10-14T01:12:37Z,"LG Electronics Share Price | IPO Listing Live: Investors are eyeing a strong debut for LG Electronics India IPO, which witnessed overwhelming subscription. Analysts cite its attractive valuations, de… [+2103 chars]",business
"{'id': None, 'name': 'Slashdot.org'}",feedfeeder,Price Of A U.S.-China Deal Just Got A Lot Higher; Rare Earth Stocks Soar - Investor's Business Daily,Price Of A U.S.-China Deal Just Got A Lot Higher; Rare Earth Stocks SoarInvestor's Business Daily Rare earth stocks surge on U.S.-China trade dispute over critical mineralsCNBC Rare Earth Stocks Extend Surge Amid Renewed US-China TensionsBloomberg.com MP Mate…,https://slashdot.org/firehose.pl?op=view&amp;id=179774452,,2025-10-14T01:12:22Z,"If I'd known computer science was going to be like this, I'd never have
given up being a rock 'n' roll star.
-- G. Hirst",business
"{'id': None, 'name': 'The Sydney Morning Herald'}",Stephen Bartholomeusz,China trade numbers: Exports to US decline amid Trump’s tariffs – but exports rise as China finds new partners,China trade numbers: Exports to US decline amid Trump’s tariffs – but exports rise as China finds new partnerssmh.com.au,https://www.smh.com.au/business/markets/which-tariffs-china-finds-new-markets-to-defy-trump-s-trade-war-20251014-p5n2ag.html,https://static.ffx.io/images/$zoom_0.1886%2C$multiply_0.7554%2C$ratio_1.777778%2C$width_1059%2C$x_0%2C$y_55/t_crop_custom/q_86%2Cf_auto/t_smh_opinion_no_age_social_wm/d6283dedd99551327a30e0dfe54b77787e5606a0,2025-10-14T01:11:34Z,"The September data showed that even as exports to the US slumped, those to the European Union rose 14.2 per cent. Exports to South-East Asian economies were up 15.6 per cent, while to Latin America t… [+5661 chars]",business
"{'id': None, 'name': 'CNA'}",,Taylor Swift's The Life Of A Showgirl makes history by selling 4 million copies in first week,"Swift broke the record set by Adele’s 25, which sold 3.378 million copies in its first week in 2015 in the US.",https://cnalifestyle.channelnewsasia.com/entertainment/taylor-swift-life-showgirl-makes-history-472546,"https://dam.mediacorp.sg/image/upload/s--Azyy5qpS--/c_crop,h_576,w_1024,x_0,y_9/c_fill,g_auto,h_676,w_1200/fl_relative,g_south_east,l_one-cms:core:watermark:ap_data-1,w_0.1/f_auto,q_auto/v1/mediacorp/cna/image/2025/10/03/ap25275774629278.jpg?itok=7iY7BAQ-",2025-10-14T01:09:00Z,"Thats show business for you! Taylor Swifts 12th studio album, The Life Of A Showgirl, has officially sold 4.002 million equivalent album units which includes album sales and streaming activity in its… [+2779 chars]",business
"{'id': None, 'name': 'Yahoo Entertainment'}",Simply Wall St,Is It Time to Reassess Northrop Grumman After Stealth Fighter Contract Headlines?,Trying to figure out what to do with Northrop Grumman stock? You are definitely not alone. With defense headlines frequently appearing and Northrop Grumman’s...,https://finance.yahoo.com/news/time-reassess-northrop-grumman-stealth-010706820.html,https://media.zenfs.com/en/simply_wall_st__316/f9ffede39663040894ff3ddba2529286,2025-10-14T01:07:06Z,"Trying to figure out what to do with Northrop Grumman stock? You are definitely not alone. With defense headlines frequently appearing and Northrop Grummans recent surge, it is easy to see why invest… [+6350 chars]",business
"{'id': None, 'name': 'GlobeNewswire'}","Spyre Therapeutics, Inc.",Spyre Therapeutics Announces Pricing of $275.0 Million Public Offering of Common Stock,"WALTHAM, Mass., Oct. 13, 2025 (GLOBE NEWSWIRE) -- Spyre Therapeutics, Inc. (“Spyre” or the “Company”) (Nasdaq: SYRE), a clinical-stage biotechnology company advancing best-in-class antibody engineering, dose optimization, and rational therapeutic combinations…",https://www.globenewswire.com/news-release/2025/10/14/3165855/0/en/Spyre-Therapeutics-Announces-Pricing-of-275-0-Million-Public-Offering-of-Common-Stock.html,https://ml.globenewswire.com/Resource/Download/bc26a912-b583-43c6-8423-55a4ba2bf4bd,2025-10-14T01:07:00Z,"WALTHAM, Mass., Oct. 13, 2025 (GLOBE NEWSWIRE) -- Spyre Therapeutics, Inc. (Spyre or the Company) (Nasdaq: SYRE), a clinical-stage biotechnology company advancing best-in-class antibody engineering, … [+7788 chars]",business
"{'id': None, 'name': 'Yahoo Entertainment'}",Simply Wall St,Adient (ADNT): Assessing Value Potential Following Recent Share Price Trends,"Adient (ADNT) shares edged slightly higher today, closing at $22.53. Over the past month, the stock is down about 6%, though it has gained 1% in the past 3...",https://finance.yahoo.com/news/adient-adnt-assessing-value-potential-010654603.html,https://media.zenfs.com/en/simply_wall_st__316/022699753fad0dede80810c245e79274,2025-10-14T01:06:54Z,"Adient (ADNT) shares edged slightly higher today, closing at $22.53. Over the past month, the stock is down about 6%, though it has gained 1% in the past 3 months. Investors appear to be weighing rec… [+3469 chars]",business
"{'id': None, 'name': 'Digitimes'}",Jingyue Hsiao,"A steady quarter for MediaTek, before the chill of winter demand","MediaTek reported steady revenue growth in September and the third quarter of 2025, largely supported by the strong performance of the Dimensity 9500. Despite a drop in quarterly revenue, the decline was less severe than market analysts had anticipated. Howev…",https://www.digitimes.com/news/a20251014PD200/mediatek-revenue-growth-market-smartphone.html,https://img.digitimes.com/newsshow/20251014pd200_files/1_b.jpg,2025-10-14T01:06:41Z,"Save my User ID and Password
Some subscribers prefer to save their log-in information so they do not have to enter their User ID and Password each time they visit the site. To activate this function… [+307 chars]",business
"{'id': None, 'name': 'Yahoo Entertainment'}",Simply Wall St,Invesco (IVZ): Evaluating Valuation as SEC Delays Solana ETF Decision on Regulatory Uncertainty,Invesco (IVZ) has found itself in the spotlight after the SEC postponed decisions on exchange-traded funds tied to solana. The partial U.S. government...,https://finance.yahoo.com/news/invesco-ivz-evaluating-valuation-sec-010557444.html,https://media.zenfs.com/en/simply_wall_st__316/f88d3d8c5618aa88ce2627c2a1cda340,2025-10-14T01:05:57Z,Invesco (IVZ) has found itself in the spotlight after the SEC postponed decisions on exchange-traded funds tied to solana. The partial U.S. government shutdown paused reviews and left Invescos ETF am… [+3937 chars],business
"{'id': None, 'name': 'Biztoc.com'}",reuters.com,"Around 6,000 students in Malaysia infected with influenza, prompting school closures",,https://biztoc.com/x/c9fa71022b2cd205,https://biztoc.com/cdn/950/og.png,2025-10-14T01:05:11Z,"{ window.open(this.href, '_blank'); }, 200); return false;""&gt;Why is NASA's Jet Propulsion Lab laying off workers? { window.open(this.href, '_blank'); }, 200); return false;""&gt;How will OpenAI's Br… [+839 chars]",business
"{'id': None, 'name': 'pymnts.com'}",PYMNTS,Philadephia Fed Chief Says Tariff-Induced Price Increases ‘Somewhat Smaller Than Anticipated’,Philadelphia Fed President and CEO Anna Paulson said Monday (Oct. 13) that tariff-induced price increases have been “somewhat smaller than anticipated” and that the increases that have been seen are unlikely to leave “a lasting imprint on inflation.” In remar…,http://www.pymnts.com/economy/2025/philadephia-fed-chief-says-tariff-induced-price-increases-somewhat-smaller-than-anticipated/,https://www.pymnts.com/wp-content/uploads/2025/10/tariff-prices-1.jpg,2025-10-14T01:04:58Z,Philadelphia Fed President and CEO Anna Paulson said Monday (Oct. 13) that tariff-induced price increases have been somewhat smaller than anticipated and that the increases that have been seen are un… [+2061 chars],business
"{'id': None, 'name': 'BusinessLine'}","Team BL, KS Badri Narayanan",Stock Market Live Updates 14 Oct 2025: Stock to buy today: Motilal Oswal Financial Services,"Sensex, Nifty, Share Prices LIVE: The outlook for Motilal Oswal Financial Services is bullish. The stock has begun the week on a strong note by rising 3.9 per cent on Monday. This rise has taken the stock well above a key resistance level of ₹960. It also mar…",https://www.thehindubusinessline.com/markets/share-market-nifty-sensex-live-updates-14th-october-2025/article70158223.ece,https://bl-i.thgim.com/public/incoming/c83rf/article70158227.ece/alternates/LANDSCAPE_1200/IMG_PO12_money_2_1_T8F0RN3K.jpg,2025-10-14T01:04:23Z,"Businessman hand stacking money coins with virtual percentage icons for financial banking increase interest rate, mortgage and property investment dividend value from business growth concept.
 | Pho… [+1187 chars]",business
"{'id': None, 'name': 'Designer-daily.com'}",Mirko Humbert,Template vs. Custom Website Design: A Brutally Honest Cost-Benefit Analysis for Growing Businesses,"Your business is growing, and your current lack online presence is starting to hurt. It’s decision time: a shiny new website. But immediately, you’re faced with the foundational choice that will dictate your budget, timeline, and digital potential for years t…",https://www.designer-daily.com/template-vs-custom-website-design-a-brutally-honest-cost-benefit-analysis-for-growing-businesses-199409,https://www.designer-daily.com/wp-content/uploads/2025/09/c6d53069-7e77-43a1-9a9e-33ccd315cb2e.png,2025-10-14T01:01:13Z,"Your business is growing, and your current lack online presence is starting to hurt. Its decision time: a shiny new website. But immediately, youre faced with the foundational choice that will dictat… [+7683 chars]",business
"{'id': None, 'name': 'Prtimes.jp'}",,大阪・関西万博 北欧パビリオン、未来へつなぐ北欧と日本の対話の集大成　10/10(金)&10/11(土)にサステナビリティと北極圏をテーマに閉幕イベントを開催,"[The Nordic Pavilion]
[画像1: https://prcdn.freetls.fastly.net/release_image/143136/19/143136-19-59727b0d161aad87d04b69249337936d-2200x1467.jpg?width=536&quality=85%2C75&format=jpeg&auto=webp&fit=bounds&...",https://prtimes.jp/main/html/rd/p/000000019.000143136.html,https://prcdn.freetls.fastly.net/release_image/143136/19/143136-19-59727b0d161aad87d04b69249337936d-2200x1467.jpg?format=jpeg&auto=webp&fit=bounds&width=2400&height=1260,2025-10-14T01:00:00Z,"510101122 2025Nordic Arctic Day2001602
71010UNDPUNDP2
5NKBA
20162019SDGs17Global Goals Advocate Emerita1010UNDP
SDGs14
1010
5
The Experiential Design AuthorityTEDAExpolympics5
1010
SDGs14
1… [+290 chars]",business
"{'id': None, 'name': 'Just Jared'}",Just Jared,Jennifer Aniston Explains Why She's Never Wanted to Adopt Children,Jennifer Aniston is opening up about why she doesn’t want to adopt children. The 56-year-old The Morning Show actress has been scrutinized in the media for decades about not having kids and she finally just revealed that she had been dealing with fertility st…,https://www.justjared.com/2025/10/13/jennifer-aniston-explains-why-shes-never-wanted-to-adopt-children/,https://cdn01.justjared.com/wp-content/uploads/headlines/2025/10/aniston-adopting.jpg,2025-10-14T00:57:34Z,"Jennifer Aniston is opening up about why she doesn’t want to adopt children.
The 56-year-old The Morning Show actress has been scrutinized in the media for decades about not having kids and she fina… [+1375 chars]",business
"{'id': None, 'name': 'Mediagazer.com'}",,"Newsmax, The Washington Times, and the Washington Examiner say they will not sign the Pentagon's new press restrictions; OANN says it has signed the policy (Scott Nover/Washington Post)","Scott Nover / Washington Post:
Newsmax, The Washington Times, and the Washington Examiner say they will not sign the Pentagon's new press restrictions; OANN says it has signed the policy  —  The Washington Post joined the New York Times, Newsmax and CNN in re…",https://mediagazer.com/251013/p14,https://www.washingtonpost.com/wp-apps/imrs.php?src=https://arc-anglerfish-washpost-prod-washpost.s3.amazonaws.com/public/N2LGH65HSPP3XOLGUR7BTU3LWE.JPG&w=1440,2025-10-14T00:55:00Z,"Mediagazer presents the day's must-read media news on a single page.
The media business is in tumult: from the production side to
the distribution side, new technologies are upending the industry.… [+416 chars]",business
"{'id': 'the-times-of-india', 'name': 'The Times of India'}",Akash Podishetti,"Stocks in news: HCL Tech, Tech Mahindra, RBL Bank, Hero MotoCorp, Anand Rathi Wealth","Global markets experienced a downturn due to escalating tariff concerns, impacting domestic sentiment. Investors are advised to maintain a positive bias on the Nifty above 25,000, focusing on quality stocks during dips. Several companies like HCL Tech, Tech M…",https://economictimes.indiatimes.com/markets/stocks/news/stocks-in-news-hcl-tech-tech-mahindra-rbl-bank-hero-motocorp-anand-rathi-wealth/articleshow/124540806.cms,"https://img.etimg.com/thumb/msid-124540804,width-1200,height-630,imgsize-54812,overlay-etmarkets/articleshow.jpg",2025-10-14T00:53:28Z,"Markets started the week on a weak note, taking a breather after the recent rebound. Tariff escalation concernsparticularly after the US Presidents statement on the possibility of imposing an additio… [+3347 chars]",business
"{'id': None, 'name': 'Slashdot.org'}",feedfeeder,Jamie Dimon wants to hire bankers in hot sectors for the firm's new $1.5 trillion bet on America: 'Just give us a call' - Business Insider,Jamie Dimon wants to hire bankers in hot sectors for the firm's new $1.5 trillion bet on America: 'Just give us a call'Business Insider JPMorgan Chase launches $1.5 trillion plan to bolster US economic and national securityFox Business Quantum stocks surge af…,https://slashdot.org/firehose.pl?op=view&amp;id=179774294,,2025-10-14T00:52:51Z,The Fine Print: The following comments are owned by whoever posted them. We are not responsible for them in any way.,business
"{'id': None, 'name': 'Slashdot.org'}",feedfeeder,MP Materials Stock Is Unstoppable. What’s Next for the Rare Earth Trade. - Barron's,MP Materials Stock Is Unstoppable. What’s Next for the Rare Earth Trade.Barron's Rare earth stocks surge on U.S.-China trade dispute over critical mineralsCNBC Rare Earth Stocks Extend Surge Amid Renewed US-China TensionsBloomberg.com Price Of A U.S.-China De…,https://slashdot.org/firehose.pl?op=view&amp;id=179774292,,2025-10-14T00:52:40Z,The Fine Print: The following comments are owned by whoever posted them. We are not responsible for them in any way.,business
"{'id': None, 'name': 'BusinessLine'}",Amaresh  Samantaraya,Economics Nobel: Identifying vital aspects that sustain growth,"The Laureates Mokyr, Aghion, Howitt explain the role of innovation, prescriptive knowledge, creative destruction",https://www.thehindubusinessline.com/opinion/economics-nobel-identifying-vital-aspects-that-sustain-growth/article70159828.ece,https://bl-i.thgim.com/public/incoming/dw2fke/article70159834.ece/alternates/LANDSCAPE_1200/2025-10-13T085328Z_1978397785_RC2WAHAQH52V_RTRMADP_3_NOBEL-PRIZE-ECONOMICS.JPG,2025-10-14T00:50:00Z,"The Nobel Prize in Economics for 2025 has been awarded to Joel Mokyr, Philippe Aghion and Peter Howitt. The award recognises their contribution in explaining long-run sustained economic growth throug… [+4061 chars]",business
"{'id': None, 'name': 'Mediagazer.com'}",,"The NYT, WSJ, WaPo, NPR, The Atlantic, Guardian, CNN, and others say they will not sign the Pentagon's new press restrictions ahead of a Tuesday deadline (Erik Wemple/New York Times)","Erik Wemple / New York Times:
The NYT, WSJ, WaPo, NPR, The Atlantic, Guardian, CNN, and others say they will not sign the Pentagon's new press restrictions ahead of a Tuesday deadline  —  The Washington Post, The New York Times, Newsmax and others said their …",https://mediagazer.com/251013/p13,https://static01.nyt.com/images/2025/10/13/multimedia/13Biz-Pentagon-Press-tgcm/13Biz-Pentagon-Press-tgcm-facebookJumbo.jpg,2025-10-14T00:50:00Z,"Mediagazer presents the day's must-read media news on a single page.
The media business is in tumult: from the production side to
the distribution side, new technologies are upending the industry.… [+416 chars]",business
"{'id': None, 'name': 'Crikey'}",Cochon Truffier,"Some A+ Australian swearing, 2028 is *not* looking promising and Melania’s face gets deleted","Plus, a one-time thanks to Avi Yemeni!
The post Some A+ Australian swearing, 2028 is *not* looking promising and Melania’s face gets deleted appeared first on Crikey.",http://www.crikey.com.au/2025/10/14/dominion-voting-systems-quillette-marie-claire-avi-yemeni-afp/,https://www.crikey.com.au/wp-content/uploads/sites/3/2025/10/Tips_CochonTruffler_2025_1680x945_14Oct.jpg?quality=70&w=1024,2025-10-14T00:49:41Z,"Crikey is an independent Australian source for news, investigations, analysis and opinion focusing on politics, media, economics, health, international affairs, the climate, business, society and cul… [+4 chars]",business
"{'id': None, 'name': 'CNA'}",,Singapore’s economy grew 2.9% in Q3 of 2025: MTI advance estimates,"On a quarter-on-quarter seasonally adjusted basis, the economy expanded by 1.3 per cent, slightly slower than the 1.5 per cent growth in the second quarter.",https://www.channelnewsasia.com/singapore/singapore-economy-grows-29-cent-third-quarter-2025-mti-advance-estimates-5399906,"https://dam.mediacorp.sg/image/upload/s--i5PjMB2V--/c_fill,g_auto,h_676,w_1200/fl_relative,g_south_east,l_mediacorp:cna:watermark:2023-11:afp_watermark_14112023,w_0.1/f_auto,q_auto/v1/mediacorp/cna/image/2025/10/14/000_63yw82t.jpg?itok=O1pAvWHN",2025-10-14T00:48:01Z,"SINGAPORE: Singapores economy grew by 2.9 per cent in the third quarter of 2025, slower than the 4.5 per cent growth in the second quarter of the year, according to advance estimates from the Ministr… [+3749 chars]",business
"{'id': None, 'name': 'Crikey'}",Anton Nilsson,"In Oz report on falling AUKUS support, a crucial detail was missing","Why did The Australian not mention that the pollster behind its new report also sells access to AUKUS decision-makers? 
The post In Oz report on falling AUKUS support, a crucial detail was missing appeared first on Crikey.",http://www.crikey.com.au/2025/10/14/the-australian-aukus-report-ct-group/,https://www.crikey.com.au/wp-content/uploads/sites/3/2025/10/CT-group_1680x945.jpg?quality=70&w=1024,2025-10-14T00:47:52Z,"Yesterday, The Australian reported on some exclusive polling that showed Australians were becoming less supportive of the AUKUS pact with the US and the UK.
The new figures showed overall Australian… [+2317 chars]",business
"{'id': None, 'name': 'Sportico.com'}",Michael McCann,Messi Sued by Prime Over Ads With Rival Más Hydration,"Lionel Messi has made contradictory statements about his involvement in Más+ by Messi hydration drinks, rival company Prime Hydration alleges in a false advertising complaint filed last week in Florida against the Inter Miami and Argentina national team super…",https://www.sportico.com/law/analysis/2025/messi-sued-by-prime-over-ads-with-rival-mas-hydration-1234873608/,https://www.sportico.com/wp-content/uploads/2025/10/prime-sues-messi.jpg?w=1024,2025-10-14T00:41:43Z,"Lionel Messi has made contradictory statements about his involvement in Más+ by Messi hydration drinks, rival company Prime Hydration alleges in a false advertising complaint filed last week in Flori… [+4439 chars]",business
"{'id': None, 'name': 'Biztoc.com'}",investing.com,"Australian business activity holds steady in September, survey shows","Stock market today: S&P 500 rallies on cooling fears of US-China trade war
SYDNEY (Reuters) -Australian business conditions remained steady in September as improvements in sales and profits were offset by a fall in employment, a survey showed on Tuesday.
The …",https://biztoc.com/x/118d6613b4d03f6a,https://biztoc.com/cdn/118d6613b4d03f6a_s.webp,2025-10-14T00:40:57Z,Stock market today: S&amp;P 500 rallies on cooling fears of US-China trade warSYDNEY (Reuters) -Australian business conditions remained steady in September as improvements in sales and profits were o… [+141 chars],business
"{'id': None, 'name': 'NBCSports.com'}",Kurt Helin,Report: NBA approved Aspiration sponsorship deal with Clippers,That contract between Aspiration and the Clippers was unrelated to the endorsement deal Kawhi Leonard signed with Aspiration.,https://www.nbcsports.com/nba/news/report-nba-approved-aspiration-sponsorship-deal-with-clippers,https://nbcsports.brightspotcdn.com/dims4/default/61ba05b/2147483647/strip/true/crop/7090x3988+0+369/resize/1440x810!/quality/90/?url=https%3A%2F%2Fnbc-sports-production-nbc-sports.s3.us-east-1.amazonaws.com%2Fbrightspot%2Fc5%2Fd6%2Fd2d515274ab1820686550661d29d%2Fhttps-api-imagn.com%2Frest%2Fdownload%2FimageID%3D27312409,2025-10-14T00:40:51Z,The NBA vetted and approved the $300 million sponsorship deal between Aspiration and the Los Angeles Clippers more than eight months before the company struck a separate endorsement agreement with Ka… [+3624 chars],business
"{'id': None, 'name': 'Prtimes.jp'}",,【新サービス発表】京都・嵐山で「サムライ・バトルムービー撮影体験」開始！,"[株式会社ショーグン]
[画像1: https://prcdn.freetls.fastly.net/release_image/166688/5/166688-5-1e8c954d2181c3c94b74cfbef8bf7af0-2500x1667.jpg?width=536&quality=85%2C75&format=jpeg&auto=webp&fit=bounds&am...",https://prtimes.jp/main/html/rd/p/000000005.000166688.html,https://prcdn.freetls.fastly.net/release_image/166688/5/166688-5-1e8c954d2181c3c94b74cfbef8bf7af0-2500x1667.jpg?format=jpeg&auto=webp&fit=bounds&width=2400&height=1260,2025-10-14T00:40:02Z,"202510
31
1
20
11
66
SHOGUN STUDIO JAPAN
Become a Samurai Live the Legend in Kyoto!
202510
120
6 6
202
Instagram DM
4-1 2F
https://www.shogunstudiojapan.com
info@shogun-inc.jp
SHOGUN … [+2971 chars]",business
"{'id': None, 'name': 'CNA'}",,McLaren's Brown rejects Palou's Piastri claim as 'ludicrous',"LONDON :McLaren boss Zak Brown has dismissed as 'ludicrous' a suggestion he was against signing Oscar Piastri, now the Formula One championship leader, as a rookie three years ago.Indianapolis 500 winner and four times IndyCar champion Alex Palou stated at a …",https://www.channelnewsasia.com/sport/mclarens-brown-rejects-palous-piastri-claim-ludicrous-5399916,"https://dam.mediacorp.sg/image/upload/s--JsP1nELW--/c_fill,g_auto,h_676,w_1200/fl_relative,g_south_east,l_mediacorp:cna:watermark:2024-04:reuters_1,w_0.1/f_auto,q_auto/v1/one-cms/core/2025-10-14T003941Z_1_LYNXNPEL9D00N_RTROPTP_3_MOTOR-F1-MCLAREN-COURT.JPG?itok=tYa-0Ct-",2025-10-14T00:39:41Z,"LONDON :McLaren boss Zak Brown has dismissed as 'ludicrous' a suggestion he was against signing Oscar Piastri, now the Formula One championship leader, as a rookie three years ago.
Indianapolis 500 … [+2880 chars]",business
"{'id': None, 'name': 'Yahoo Entertainment'}",NewsNation,SpaceX launches Starship megarocket for 11th test flight | Vargas Reports,"SpaceX carried out the 11th test flight Monday of its Starship megarocket, the biggest and most powerful rocket ever built. More: https...",https://www.yahoo.com/news/videos/spacex-launches-starship-megarocket-11th-003711441.html,https://media.zenfs.com/en/newsnation_videos_816/3fe6c3d7a8964901e0976284cc3e4dcd,2025-10-14T00:37:11Z,"SpaceX carried out the 11th test flight Monday of its Starship megarocket, the biggest and most powerful rocket ever built. More: https://www.newsnationnow.com/business/tech/tech-headlines/ap-spacex-… [+83 chars]",business
"{'id': 'fortune', 'name': 'Fortune'}",Preston Fore,"IMF chief Kristalina Georgieva dismisses impact of Trump trade war: ‘Trade is like water, you put in an obstacle, it goes around it’","Kristalina Georgieva, managing director of the International Monetary Fund, says fears that “trade is dead” are overblown.",https://fortune.com/2025/10/13/kristalina-georgieva-imf-head-impact-us-china-trade-war-need-for-cooperation/,"https://fortune.com/img-assets/wp-content/uploads/2025/10/54853245859_3de3c7d556_o-e1760392141227.jpg?resize=1200,600",2025-10-14T00:35:42Z,"The escalating trade clash between the U.S. and China has investors on edge, fearing it could mark the beginning of the end for global cooperation as we know it. On Friday, President Donald Trump cal… [+2409 chars]",business
"{'id': None, 'name': 'Sky.com'}",Mark Stone,"Trump has achieved something remarkable, but will his 'goldfish' attention span stay the course?","The world leaders' summit in Egypt was the Trump show. It was a show called by him, pulled off for him, attended by leaders who had no other choice and all because he craves the ego boost.",https://news.sky.com/story/trump-has-achieved-something-remarkable-but-will-his-goldfish-attention-span-stay-the-course-13449797,https://e3.365dm.com/25/10/1600x900/skynews-donald-trump-egypt_7050172.jpg?20251013180002,2025-10-14T00:34:00Z,"Two things can be true at the same time - an adage so apt for the past day. 
This was the Trump show. There's no question about that. It was a show called by him, pulled off for him, attended by lea… [+2933 chars]",business
"{'id': None, 'name': 'CBS Sports'}",Pardeep Cattry,USMNT vs. Australia: Mauricio Pochettino's squad embraces new tactical ethos for World Cup success,USMNT players have bought into Pochettino's flexibility in tactics ahead of another World Cup tune-up,https://www.cbssports.com/soccer/news/usmnt-vs-australia-mauricio-pochettinos-squad-embraces-new-tactical-ethos-for-world-cup-success/,https://sportshub.cbsistatic.com/i/r/2025/10/14/1e1399bf-f00c-4356-853e-ea1f0912954a/thumbnail/1200x675/146a083f0f5e45d7cf9e72ef546ac798/gettyimages-2240829938.jpg,2025-10-14T00:32:58Z,"COMMERCE CITY, Colo. The U.S. men's national team's 1-1 draw against Ecuador on Friday offered a resounding signal that the group were, at long last, on the right track a year into Mauricio Pochettin… [+6996 chars]",business
"{'id': None, 'name': 'KQED'}",Guy Marzorati,Newsom Vetoes Stall California’s Reparations Push for Black Descendants,"Gov. Gavin Newsom vetoed several reparations bills that would have given descendants of enslaved people preferences in college admissions, housing and business programs.",https://www.kqed.org/news/12059600/newsom-vetoes-stall-californias-reparations-push-for-black-descendants,https://cdn.kqed.org/wp-content/uploads/sites/10/2025/10/CaliforniaReparationsGetty.jpg,2025-10-14T00:32:24Z,"Lisa Holder, an ARRT leader, former task force member and president of the Equal Justice Society, said the bill reflects the power of broad coalitions.
“We’re proud to have played a critical role in… [+2266 chars]",business
"{'id': 'the-times-of-india', 'name': 'The Times of India'}",Jessica Rajan,"D2C brand Two Brothers Farms raises Rs 110 crore from Rainmatter, others","Two Brothers Organic Farms has raised Rs 110 crore from 360 One Asset, Rainmatter Investments, and the Narotam Sekhsaria family office in a funding round. The company plans to use the cash to boost its manufacturing capabilities, expand its global footprint, …",https://economictimes.indiatimes.com/tech/funding/d2c-brand-two-brothers-farms-raises-rs-110-crore-from-rainmatter-others/articleshow/124531739.cms,"https://img.etimg.com/thumb/width-1200,height-900,imgsize-3555314,resizemode-75,msid-124531739/tech/funding/d2c-brand-two-brothers-farms-raises-rs-110-crore-from-rainmatter-others.jpg",2025-10-14T00:30:00Z,"Direct-to-consumer (D2C) brand Two Brothers Organic Farms has raised Rs 110 crore from 360 One Asset, Rainmatter Investments, and the Narotam Sekhsaria family office in a funding round. The company p… [+2216 chars]",business
"{'id': None, 'name': 'Ndtvprofit.com'}",Vrathik Jain,All You Need To Know Going Into Trade On Tuesday,"The benchmark indices slightly underperformed in comparison to the broader market indices. The Nifty 50 ended 0.23% down at 25,227.35 and Sensex closed 0.21% lower at 82,327.05 on Monday. Nifty Oct futures is down by 0.35% to 25,321 at a premium of 94 points.…",https://www.ndtvprofit.com/markets/stock-market-today-all-you-need-to-know-going-into-trade-on-october-14-2025,https://media.assettype.com/bloombergquint%2F2025-01-07%2Fq4ondxno%2Fforex-trade-graph-chart-concept53876-125168.jpg?w=1200&auto=format%2Ccompress&ogImage=true,2025-10-14T00:30:00Z,<li>RBL Bank: Emirates NBD set to buy a controlling stake in thea bnk. Dubai-based lender to buy around 60% stake in the bank for approximately $3 billion as per the sources to NDTV Profit. The trans… [+2149 chars],business
"{'id': None, 'name': 'Newgeography.com'}",Joel Kotkin,Gavin Newsom's American Dystopia,"‘President Gavin Newsom met today in Carmel, California with the representatives of the “Ten” – a consortium of giant tech and finance firms who control most of America’s business assets. Facing a challenge from front-running New York senator Alexandria Ocasi…",http://www.newgeography.com/content/008686-gavin-newsoms-american-dystopia,,2025-10-14T00:28:38Z,"President Gavin Newsom met today in Carmel, California with the representatives of the Ten a consortium of giant tech and finance firms who control most of Americas business assets.Facing a challenge… [+3730 chars]",business
"{'id': None, 'name': 'Crikey'}",Bernard Keane,"Jim Chalmers’ super tax compromise proves Labor is a party that’s in office, but not in power","Labor has finally capped superannuation tax concessions, but still given in to a scare campaign waged by vested interests. It's the sign of a timid government worried about a giant industry.
The post Jim Chalmers’ super tax compromise proves Labor is a party …",http://www.crikey.com.au/2025/10/14/jim-chalmers-super-tax-compromise-labor-timid/,https://www.crikey.com.au/wp-content/uploads/sites/3/2025/10/20251013145205247490-original.jpg?quality=70&w=1024,2025-10-14T00:28:11Z,"Was Jim Chalmers’ backdown on superannuation concession changes the welcome abandonment of bad policy, a backflip and a cave-in to vested interests, or even a Machiavellian play by the treasurer to c… [+4503 chars]",business
"{'id': None, 'name': 'New Zealand Herald'}",NZ Herald,Aramex and GoSweetSpot settle cartel conduct proceedings with ComCom,Aramex and GoSweetSpot agreed to resolve separate proceedings after civil action taken.,https://www.nzherald.co.nz/business/aramex-and-gosweetspot-settle-cartel-conduct-proceedings-with-comcom/MWDLV4ACTFF4XJ5CFQROTPFSD4/,https://www.nzherald.co.nz/resizer/v2/F5CNJLPXTSWSGYCLE4RKE27WZI.jpg?auth=bd1869f25de9d2c34a3fd652482822da2e10f35e50a5d696fdad79046082f907&width=1200&height=675&quality=70&focal=227%2C258&smart=false,2025-10-14T00:27:39Z,"Separately, GoSweetSpot has admitted to entering into and giving effect to contractual arrangements that allocated customers between itself and another competitor in the courier services market.
Bot… [+791 chars]",business
"{'id': 'abc-news-au', 'name': 'ABC News (AU)'}",Amy Sheehan,Is there a 'right time' to tell your employer you're pregnant?,Experts on the rules around when you need to inform your employer if you’re planning to take parental leave.,https://www.abc.net.au/news/2025-10-14/when-to-share-the-news-of-a-pregnancy-with-your-employer/105865350,https://live-production.wcms.abc-cdn.net.au/2d43ffc5b3a46a90389fad80d0a45943?impolicy=wcms_watermark_news&cropH=450&cropW=800&xPos=0&yPos=15&width=862&height=485&imformat=generic,2025-10-14T00:27:30Z,"Sharing news of a pregnancy with those in your close circle is often an exciting occasion.
But those feelings may change when you start to consider when and how to tell your boss or employer.
We as… [+5581 chars]",business
"{'id': None, 'name': 'Forbes'}","Brooke Roberts-Islam, Senior Contributor, 
 Brooke Roberts-Islam, Senior Contributor
 https://www.forbes.com/sites/brookerobertsislam/",From Trend To Truth: Fashion’s Only Logical Path To Sustainability,"Fashion's only logical path to sustainability is manufacturer decarbonization first, but brands still prioritise recycled materials and consumer solutions instead.",https://www.forbes.com/sites/brookerobertsislam/2025/10/13/from-trend-to-truth-fashions-only-logical-path-to-sustainability/,https://imageio.forbes.com/specials-images/imageserve/68ed83e9f866d591b3d58954/0x0.jpg?format=jpg&height=900&width=1600&fit=bounds,2025-10-14T00:22:03Z,"Closing the innovation gap through financing.
Fashion for Good by Lalit Kumar via Unsplash
Anyone working in the fashion industry and expecting logic is perhaps the orchestrator of their own disapp… [+8894 chars]",business
"{'id': None, 'name': 'Biztoc.com'}",businessinsider.com,How 3 millennials built a business turning Malaysia's iconic shophouses into heritage stays,"Low hopes to make heritage living more accessible to travellers who visit his hometown of Penang.
Amanda Goh for Business Insider.
In George Town, Penang — a UNESCO World Heritage site — Shane Low saw a business opportunity.
He wanted travelers to experience …",https://biztoc.com/x/4f6407941a4b820f,https://biztoc.com/cdn/950/og.png,2025-10-14T00:20:50Z,"Low hopes to make heritage living more accessible to travellers who visit his hometown of Penang.Amanda Goh for Business Insider.In George Town, Penang a UNESCO World Heritage site Shane Low saw a bu… [+147 chars]",business
"{'id': 'breitbart-news', 'name': 'Breitbart News'}","John Carney, John Carney",Breitbart Business Digest: A Nobel Prize Vindicates Brexit and Trumpian Economics,"The 2025 Nobel Prize in Economics is a major milestone for the economic nationalism that fueled the election of Donald Trump and popular support for Brexit.
The post Breitbart Business Digest: A Nobel Prize Vindicates Brexit and Trumpian Economics appeared fi…",https://www.breitbart.com/economy/2025/10/13/breitbart-business-digest-a-nobel-prize-vindicates-brexit-and-trumpian-economics/,https://media.breitbart.com/media/2025/10/MAGA-Nobel-640x335.png,2025-10-14T00:20:24Z,"The Sovereignty of Innovation and the Innovation of Sovereignty
The 2025 Nobel Prize in Economics is a major milestone for the economic nationalism that fueled the election of Donald Trump and popul… [+6547 chars]",business
"{'id': 'financial-post', 'name': 'Financial Post'}",Bloomberg News,China Plans Zinc Exports as Global Rally Opens Window for Sales,"Chinese zinc producers are preparing to sell the metal overseas, as a rare trading opportunity opens up after a spike in international prices.",https://financialpost.com/pmn/business-pmn/china-plans-zinc-exports-as-global-rally-opens-window-for-sales,https://smartcdn.gprod.postmedia.digital/financialpost/wp-content/uploads/2025/10/chinas-refined-zinc-exports-war-in-ukraine-prompts-spike-in.jpg,2025-10-14T00:18:23Z,"(Bloomberg) Chinese zinc producers are preparing to sell the metal overseas, as a rare trading opportunity opens up after a spike in international prices.
THIS CONTENT IS RESERVED FOR SUBSCRIBERS ON… [+5700 chars]",business
"{'id': 'business-insider', 'name': 'Business Insider'}",Dianne Bright,My husband got a job in a different city when our kids were in high school and college. The move was one of the hardest things I've ever done.,Moving to a new city with older kids is one of the hardest things I've ever done. It took us more than a year to find our places.,https://www.businessinsider.com/family-moved-relocated-kids-high-school-college-2025-10,https://i.insider.com/68ed54c85dbc4fd10daac1b7?width=1200&format=jpeg,2025-10-14T00:18:01Z,"The author (shown with her husband) said it took time for her to feel comfortable in a new city after a big move.Courtesy of Dianne Bright
<ul><li>In 2023 my family moved 150 miles away to Santa Bar… [+4004 chars]",business
"{'id': 'business-insider', 'name': 'Business Insider'}",Amanda Goh,How 3 millennials built a business turning Malaysia's iconic shophouses into heritage stays,"In Penang, a company founded by three friends is giving travelers a true feel for the city while helping owners rent their shophouses out.",https://www.businessinsider.com/old-shophouses-penang-malaysia-heritage-renovating-guesthouse-stays-george-town-2025-10,https://i.insider.com/68e3716bcc993f9955cf9226?width=1200&format=jpeg,2025-10-14T00:14:01Z,"Low hopes to make heritage living more accessible to travellers who visit his hometown of Penang.Amanda Goh for Business Insider.
<ul><li>In George Town, Penang — a UNESCO World Heritage site — Shan… [+6475 chars]",business
"{'id': None, 'name': 'WSB Atlanta'}",Cox Media Group National Content Desk,"Diane Keaton: Friends, co-stars react to star’s death",Hollywood A-listers are reacting to the death of famed “Annie Hall” actress Diane Keaton.,https://www.wsbtv.com/news/trending/diane-keaton-friends-co-stars-react-stars-death/6IUWLMQHXJDYZMRYPEUEN7QIFI/,https://cmg-cmg-tv-10010-prod.cdn.arcpublishing.com/resizer/v2/https%3A%2F%2Fcloudfront-us-east-1.images.arcpublishing.com%2Fcmg%2FSXCWTVB5PZCYLCZZQ567CEHCCY.jpg?auth=11577f0fbe4d95d62091d5c1c187e3dd7f143ab69056175ede9a4cd10dae7d11&width=1200&height=630&smart=true,2025-10-14T00:10:54Z,"Hollywood A-listers are reacting to the death of famed Annie Hall actress Diane Keaton. 
Keaton died at the age of 79. Her family asked for privacy since announcing her passing, Us Weekly reported. … [+2230 chars]",business
"{'id': None, 'name': 'Biztoc.com'}",reuters.com,Honeywell expects record business jet deliveries over next decade,,https://biztoc.com/x/414129ab8f489aa8,https://biztoc.com/cdn/414129ab8f489aa8_s.webp,2025-10-14T00:09:50Z,"{ window.open(this.href, '_blank'); }, 200); return false;""&gt;Why is NASA's Jet Propulsion Lab laying off workers? { window.open(this.href, '_blank'); }, 200); return false;""&gt;How will OpenAI's Br… [+816 chars]",business
"{'id': 'the-times-of-india', 'name': 'The Times of India'}",Ruchita Sonawane,LG Electronics IPO set for strong opening with 30-35% listing gains,"Investors anticipate a robust debut for LG Electronics India's IPO, which saw overwhelming subscription. Analysts point to attractive valuations, a debt-free status, and strong returns as key drivers. Despite a slight dip in grey market premium due to broader…",https://economictimes.indiatimes.com/markets/ipos/fpos/lg-electronics-ipo-set-for-strong-opening-with-30-35-listing-gains/articleshow/124540602.cms,"https://img.etimg.com/thumb/msid-124540628,width-1200,height-630,imgsize-11104,overlay-etmarkets/articleshow.jpg",2025-10-14T00:09:16Z,"Mumbai: Investors in LG Electronics India's 11,607 crore initial public offering (IPO) could be in for a strong opening on Wednesday. Analysts said cheaper valuations and strong business prospects, w… [+2224 chars]",business
"{'id': 'the-times-of-india', 'name': 'The Times of India'}",TNN,It will now be easier for you to withdraw up to 75% of your EPF corpus,"India Business News: NEW DELHI: The Employees Provident Fund Organisation (EPFO) on Monday eased the rules for partial withdrawal of the corpus, while insisting that at le.",https://timesofindia.indiatimes.com/business/india-business/it-will-now-be-easier-for-you-to-withdraw-up-to-75-of-your-epf-corpus/articleshow/124540578.cms,"https://static.toiimg.com/thumb/msid-124540591,width-1070,height-580,imgsize-605676,resizemode-75,overlay-toi_sw,pt-32,y_pad-40/photo.jpg",2025-10-14T00:07:18Z,EMI CalculatorDetermine the monthly installment amount for a loan,business
"{'id': None, 'name': 'pymnts.com'}",PYMNTS,Bessent Says US Will ‘Prioritize Payments’ During Government Shutdown,"In order to allow U.S. military staff to get paid during the government shutdown, Treasury Secretary Scott Bessent is reportedly prioritizing payments in a way some of his predecessors said during previous budget clashes could not be done. Bessent told Fox Bu…",http://www.pymnts.com/politics/2025/bessent-says-us-will-prioritize-payments-during-government-shutdown/,https://www.pymnts.com/wp-content/uploads/2025/10/Scott-Bessent-prioritize-payments.jpg,2025-10-14T00:06:21Z,"In order to allow U.S. military staff to get paid during the government shutdown, Treasury Secretary Scott Bessent is reportedly prioritizing payments in a way some of his predecessors said during pr… [+2003 chars]",business
"{'id': None, 'name': 'Biztoc.com'}",youtube.com,Trump Aims to Seize Momentum on Gaza Peace | Balance of Power: Late Edition 10/13/2025,"""Balance of Power: Late Edition"" focuses on the intersection of politics and global business. On today's show, Evelyn Farkas, ...",https://biztoc.com/x/3b0fdca20dab72ca,https://biztoc.com/cdn/3b0fdca20dab72ca_s.webp,2025-10-14T00:06:12Z,"""Balance of Power: Late Edition"" focuses on the intersection of politics and global business. On today's show, Evelyn Farkas, ...
This story appeared on youtube.com, 2025-10-13 23:45:05.",business
"{'id': 'abc-news', 'name': 'ABC News'}",HILLEL ITALIE AP national writer,"Toby Talbot, leading patron of art house film, dies at 96, report says","Toby Talbot, a great patron of art house cinema, has died at age 96",https://abcnews.go.com/Business/wireStory/toby-talbot-leading-patron-art-house-film-dies-126493673,https://s.abcnews.com/images/US/abc_news_default_2000x2000_update_16x9_992.jpg,2025-10-14T00:05:47Z,"NEW YORK -- NEW YORK (AP) Toby Talbot, a great patron of art house cinema who with her husband, Dan, helped introduce movie lovers to celebrated works from Jean-Luc Godard,Pedro Almodóvar and hundred… [+5431 chars]",business
"{'id': None, 'name': 'Bringatrailer.com'}",bringatrailer,2022 Lamborghini Huracan STO,This 2022 Lamborghini Huracán STO coupe is powered by a 5.2-liter V10 that drives the rear wheels through a seven-speed dual-clutch automatic transaxle and is finished in white over black and red upholstery. The car was specified with LED headlights and taill…,https://bringatrailer.com/listing/2022-lamborghini-huracan-sto-22/,https://bringatrailer.com/wp-content/uploads/2025/08/2022_lamborghini_huracan-sto_2022_lamborghini_huracan-sto_4beb618c-bbba-4dba-be2d-1aa6fd860809-cCjZwg-56478-56479-scaled.jpg,2025-10-14T00:04:52Z,This 2022 Lamborghini Huracán STO coupe is powered by a 5.2-liter V10 that drives the rear wheels through a seven-speed dual-clutch automatic transaxle and is finished in white over black and red uph… [+2768 chars],business
"{'id': None, 'name': 'Yahoo Entertainment'}",Vardah Gill,Eversource Energy’s (ES) Stability and Growth Strategy Power its Dividend Performance,"Eversource Energy (NYSE:ES) is included among the Top 15 Growth Stocks for Long-Term Investors. Eversource Energy (NYSE:ES) pr⁠ovid⁠es electri​c‍it​y, nat‍ura‌l...",https://finance.yahoo.com/news/eversource-energy-es-stability-growth-000352810.html,https://s.yimg.com/ny/api/res/1.2/Fog5GcRTNEjr.gbNZPtgKQ--/YXBwaWQ9aGlnaGxhbmRlcjt3PTEyMDA7aD05MDA-/https://media.zenfs.com/en/insidermonkey.com/a8ba76827d6ac52cc8d6c3f02ee33494,2025-10-14T00:03:52Z,"Eversource Energy (NYSE:ES) is included among the Top 15 Growth Stocks for Long-Term Investors.
Eversource Energys (ES) Stability and Growth Strategy Power its Dividend Performance
Photo by Annie S… [+1861 chars]",business
"{'id': None, 'name': 'New Zealand Herald'}",Tom Raynel,Reserve Bank to ease mortgage lending restrictions from December,Finance Minister Nicola Willis says the move will help first-home buyers.,https://www.nzherald.co.nz/business/personal-finance/reserve-bank-to-ease-mortgage-lending-restrictions-from-december/3UZYVO3WHZAFBF34LH33TBSKQ4/,https://www.nzherald.co.nz/resizer/v2/NAMSGGN6AZEIHJOHPIZMV2V2LM.jpg?auth=57d14b21939cbb9fcc1a4d2ebae62ec576545b5dd2b52f6dc41eaf6e3689094d&width=1200&height=675&quality=70&focal=2709%2C2564&smart=false,2025-10-14T00:02:34Z,We concluded that the introduction of debt-to-income [DTI] restrictions last year means LVR settings can be less restrictive on average. This includes looser default settings that we expect will be i… [+1745 chars],business
"{'id': None, 'name': 'The Denver Post'}",The Associated Press,"Republicans try to weaken 50-year-old law protecting whales, seals and polar bears",The legislation has long been a target of conservatives and industry members.,https://www.denverpost.com/2025/10/13/sea-mammal-protection/,https://www.denverpost.com/wp-content/uploads/2025/10/Sea_Mammal_Protections_76829-1.jpg?w=1024&h=683,2025-10-14T00:01:51Z,"By PATRICK WHITTLE
BOOTHBAY HARBOR, Maine (AP) Republican lawmakers are targeting one of the U.S.s longest standing pieces of environmental legislation, credited with helping save rare whales from e… [+7441 chars]",business
"{'id': None, 'name': 'Boston Herald'}",Associated Press,"Republicans try to weaken 50-year-old law protecting whales, seals and polar bears",The legislation has long been a target of conservatives and industry members.,https://www.bostonherald.com/2025/10/13/sea-mammal-protection/,https://www.bostonherald.com/wp-content/uploads/2025/10/Sea_Mammal_Protections_76829-1.jpg?w=1024&h=683,2025-10-14T00:01:51Z,"By PATRICK WHITTLE
BOOTHBAY HARBOR, Maine (AP) Republican lawmakers are targeting one of the U.S.s longest standing pieces of environmental legislation, credited with helping save rare whales from e… [+7441 chars]",business
"{'id': None, 'name': 'BroBible'}",Stacy Fernandez,‘Costco Quality Has Declined’: New York Woman Buys $278 Ribeye From Costco. Then She Smells It. Can She Return It?,"Costco is known for its generous return policy, with people being able to return half-eaten food, furniture, and appliances they’ve had for years. One shopper found herself at the customer service counter to return a pricey meat purchase she was deeply disapp…",https://brobible.com/culture/article/new-york-costco-278-dollar-bad-ribeye-return/,https://brobible.com/wp-content/uploads/2025/10/New-York-woman-buys-278-ribeye-from-Costco.jpg,2025-10-14T00:00:09Z,"Audio By Carbonatix
Costco is known for its generous return policy, with people being able to return half-eaten food, furniture, and appliances theyve had for years.
One shopper found herself at th… [+4584 chars]",business
"{'id': 'business-insider', 'name': 'Business Insider'}",Lee Chong Ming,I was rejected from internships and had no coding skills. But one thing got me a job at viral AI 'cheating' startup Cluely.,Daniel Min used social media to create his own demand and landed a job at viral AI 'cheating' startup Cluely right after graduation.,https://www.businessinsider.com/viral-ai-cheating-startup-cluely-daniel-min-college-2025-8,https://i.insider.com/68e7c5f51c1f80efbec540ee?width=1200&format=jpeg,2025-10-14T00:00:01Z,"Getty Images; Tyler Le/BI
<ul><li>Daniel Min explains how he got into the viral AI 'cheating' startup Cluely straight out of college.</li><li>With no coding skills, the Wharton grad leaned on his ed… [+4377 chars]",business
"{'id': None, 'name': 'New Zealand Herald'}",John Weekes,Air New Zealand and Air Chathams team up with new interlining deal to offer single ticketing service,A one-stop shop is opening for some flyers wanting to get around regional New Zealand.,https://www.nzherald.co.nz/business/air-new-zealand-and-air-chathams-team-up-with-new-interlining-deal-to-offer-single-ticketing-service/OESXBM4UQNBM7KIKEMX4DR5Z3Q/,https://www.nzherald.co.nz/resizer/v2/UBFK7TSOGZB7VG4W6TARTHA5PY.JPG?auth=2847bfc9afab43da7137fc9c5b6b5a4c9f3ff9c2999ce9db62bdce3ff37759db&width=1200&height=675&quality=70&smart=true,2025-10-14T00:00:00Z,"The flag carriers incoming chief executive Nikhil Ravishankar welcomed the partnership. 
For example, someone travelling from Whakatne to Kerikeri can now book a single journey, connecting on to an … [+2314 chars]",business
"{'id': None, 'name': 'Just Jared'}",Just Jared,Balenciaga Designer Says Meghan Markle Requested to Attend Paris Fashion Show & He Kept It Secret From Everyone,Meghan Markle made a surprise appearance at the Balenciaga fashion show during Paris Fashion Week and the brand’s creative director is opening up about it. Balenciaga designer Pierpaolo Piccioli revealed in a new interview that Meghan actually reached out to …,https://www.justjared.com/2025/10/13/balenciaga-designer-says-meghan-markle-requested-to-attend-paris-fashion-show-he-kept-it-secret-from-everyone/,https://cdn01.justjared.com/wp-content/uploads/headlines/2025/10/meghan-baln.jpg,2025-10-14T01:48:15Z,"Meghan Markle made a surprise appearance at the Balenciaga fashion show during Paris Fashion Week and the brand’s creative director is opening up about it.
Balenciaga designer Pierpaolo Piccioli rev… [+1087 chars]",health
"{'id': 'breitbart-news', 'name': 'Breitbart News'}","Pam Key, Pam Key",Jayapal: Republicans Are Destroying the 'Lives of Americans Everywhere',"Monday on MSNBC's ""The Weekend,"" Rep. Pramila Jayapal (D-WA) said Republican lawmakers were destroying the ""lives of Americans everywhere.""
The post Jayapal: Republicans Are Destroying the ‘Lives of Americans Everywhere’ appeared first on Breitbart.",https://www.breitbart.com/clips/2025/10/13/jayapal-republicans-are-destroying-the-lives-of-americans-everywhere/,https://media.breitbart.com/media/2020/02/Jayapal-224-640x335.jpg,2025-10-14T01:46:35Z,"Monday on MSNBC’s “The Weekend,” Rep. Pramila Jayapal (D-WA) said Republican lawmakers were destroying the “lives of Americans everywhere.”
Jayapal said, “What you have seen is premium notices right… [+1438 chars]",health
"{'id': None, 'name': 'Newsbreak.com'}",Gee Ny,Jasmine Crockett Launches Investigation Into Alleged Cover Up Of Trump’s Failing Health: ‘The American People Deserve the Truth’ - NewsBreak,"Congresswoman Jasmine Crockett (TX-30) has formally demanded answers from the White House regarding President Donald J. Trump’s health, citing what she cal",https://www.newsbreak.com/share/4286932363008-jasmine-crockett-launches-investigation-into-alleged-cover-up-of-trump-s-failing-health-the-american-people-deserve-the-truth?s=a2&amp;share_destination_id=ODg1MTU1ODEtMTc2MDQwNTczMjg5NA%3D%3D&amp;pd=05zOwfH7&amp;hl=en_US&amp;send_time=1760405732&amp;actBtn=bottomBar&amp;_f=app_share&amp;trans_data=%7B%22platform%22%3A1%2C%22cv%22%3A%2225.40.3%22%2C%22languages%22%3A%22en%22%7D&amp;sep=sc_play_button_v1-v1,https://img.particlenews.com/img/id/1q9dzK_15Zc1Hxa00,2025-10-14T01:35:58Z,"YouTube via MSNBC
CongresswomanJasmine Crockett (TX-30) has formally demanded answers from the White House regarding President Donald J. Trumps health, citing what she calls a troubling pattern of c… [+3179 chars]",health
"{'id': None, 'name': 'Slashdot.org'}",feedfeeder,"Diane Keaton Tribute: AMC Theatres Rereleasing ‘Annie Hall,’ ‘Something’s Gotta Give’ (Exclusive) - The Hollywood Reporter","Diane Keaton Tribute: AMC Theatres Rereleasing ‘Annie Hall,’ ‘Something’s Gotta Give’ (Exclusive)The Hollywood Reporter Woody Allen Remembers Diane KeatonThe Free Press ‘I lost a friend of almost 40 years’: Nancy Meyers pays tribute to Diane KeatonThe Guardia…",https://slashdot.org/firehose.pl?op=view&amp;id=179774554,,2025-10-14T01:32:15Z,"If I'd known computer science was going to be like this, I'd never have
given up being a rock 'n' roll star.
-- G. Hirst",health
"{'id': None, 'name': 'KESQ'}",Jesus Reyes,Eisenhower Health to pay $4M to former doctor in COVID safety lawsuit,"RANCHO MIRAGE, Calif. (KESQ) - Eisenhower Health is set to pay $4 million to a former doctor who said he was forced out in 2020 for raising concerns about COVID safety, and retaliation for reporting discriminatory behavior. ""Its impact on Dr. Loftus was profo…",https://kesq.com/news/2025/10/13/eisenhower-health-to-pay-4m-to-former-doctor-in-covid-safety-lawsuit/,https://kesq.b-cdn.net/2025/10/loftus-eisenhower-health-kesq.jpg,2025-10-14T01:30:37Z,"RANCHO MIRAGE, Calif. (KESQ) - Eisenhower Health is set to pay $4 million to a former doctor who said he was forced out in 2020 for raising concerns about COVID safety, and retaliation for reporting … [+1214 chars]",health
"{'id': None, 'name': 'The Colorado Sun'}",The Associated Press,"Federal government shutdown could be the longest ever, House Speaker Johnson warns","At its core, the shutdown is a debate over health care policy — particularly the Affordable Care Act subsidies that are expiring for millions of Americans",http://coloradosun.com/2025/10/13/federal-government-shutdown-colorado-mike-johnson/,https://newspack-coloradosun.s3.amazonaws.com/wp-content/uploads/2025/10/AP25286568233135.jpg,2025-10-14T01:27:36Z,"By Lisa Mascaro, The Associated Press
WASHINGTON Republican House Speaker Mike Johnson predicted Monday the federal government shutdown may become the longest in history, saying he won’t negotiate w… [+5785 chars]",health
"{'id': None, 'name': 'Bluetracker.gg'}",Blue Tracker,[EU] Mists of Pandaria Classic Hotfixes - Updated 13 October,"[Blue Topic] October 13, 2025 Mists of Pandaria Classic Xuen no longer transfers Vengeance to the Brewmaster Monk at an increased rate while a damage reduction effect is active.",https://www.bluetracker.gg/wow/topic/eu-en/581299-mists-of-pandaria-classic-hotfixes-updated-13-october/,https://www.bluetracker.gg/static/images/logo.webp,2025-10-14T01:27:33Z,"October 13, 2025
Mists of Pandaria Classic
<ul><li>Xuen no longer transfers Vengeance to the Brewmaster Monk at an increased rate while a damage reduction effect is active.</li></ul>September 24, 2… [+22021 chars]",health
"{'id': None, 'name': 'Bluetracker.gg'}",Blue Tracker,[US] Mists of Pandaria Classic Hotfixes - Updated October 13,"[Blue Topic] October 13, 2025 Mists of Pandaria Classic Xuen no longer transfers Vengeance to the Brewmaster Monk at an increased rate while a damage reduction effect is active.",https://www.bluetracker.gg/wow/topic/us-en/2136084-mists-of-pandaria-classic-hotfixes-updated-october-13/,https://www.bluetracker.gg/static/images/logo.webp,2025-10-14T01:26:03Z,"October 13, 2025
Mists of Pandaria Classic
<ul><li>Xuen no longer transfers Vengeance to the Brewmaster Monk at an increased rate while a damage reduction effect is active.</li></ul>October 7, 2025… [+22399 chars]",health
"{'id': None, 'name': 'ScienceAlert'}","Tom Brownlee, The Conversation","A 'Heartbeat Budget' Could Help Keep Track of Your Health, Study Suggests","Imagine if your smartwatch didn't just tell you how many steps you've walked or calories you've burned, but how many heartbeats you've ""spent"" each day.",https://www.sciencealert.com/a-heartbeat-budget-could-help-keep-track-of-your-health-study-suggests,https://www.sciencealert.com/images/2025/10/heartbeat_budget_header-1.jpg,2025-10-14T01:24:42Z,"Imagine if your smartwatch didn't just tell you how many steps you've walked or calories you've burned, but how many heartbeats you've ""spent"" each day. According to a recent study, that number might… [+5182 chars]",health
"{'id': None, 'name': 'Bluetracker.gg'}",Blue Tracker,"[EU] Hotfixes: October 13, 2025","[Blue Topic] Here you'll find a list of hotfixes that address various issues related to World of Warcraft: The War Within, Mists of Pandaria Classic, Season of Discovery, WoW Classic Era, and Hardcore. Some of the hotfixes below take effect the moment they we…",https://www.bluetracker.gg/wow/topic/eu-en/24240525-hotfixes-october-13-2025/,https://www.bluetracker.gg/static/images/logo.webp,2025-10-14T01:22:00Z,"Here you'll find a list of hotfixes that address various issues related to World of Warcraft: The War Within, Mists of Pandaria Classic, Season of Discovery, WoW Classic Era, and Hardcore. Some of th… [+10521 chars]",health
"{'id': None, 'name': 'Bluetracker.gg'}",Blue Tracker,"[US] Hotfixes: October 13, 2025","[Blue Topic] Here you'll find a list of hotfixes that address various issues related to World of Warcraft: The War Within, Mists of Pandaria Classic, Season of Discovery, WoW Classic Era, and Hardcore. Some of the hotfixes below take effect the moment they we…",https://www.bluetracker.gg/wow/topic/us-en/24240525-hotfixes-october-13-2025/,https://www.bluetracker.gg/static/images/logo.webp,2025-10-14T01:22:00Z,"Here you'll find a list of hotfixes that address various issues related to World of Warcraft: The War Within, Mists of Pandaria Classic, Season of Discovery, WoW Classic Era, and Hardcore. Some of th… [+10521 chars]",health
"{'id': None, 'name': 'The Conversation Africa'}","Toby Murray, Professor of Cybersecurity, School of Computing and Information Systems, The University of Melbourne","Beyond Qantas’ data leak, Australian finance companies are also at risk of offshore hacks","As millions of Qantas customers’ data hit the dark web, a corporate watchdog has warned financial services firms about sending work – and customers’ data – overseas.",https://theconversation.com/beyond-qantas-data-leak-australian-finance-companies-are-also-at-risk-of-offshore-hacks-267311,https://images.theconversation.com/files/695839/original/file-20251013-66-yry1u1.jpg?ixlib=rb-4.1.0&rect=0%2C438%2C5250%2C2625&q=45&auto=format&w=1356&h=668&fit=crop,2025-10-14T01:19:04Z,"Australians are once again being warned to tighten their online security and be extra alert to scammers, after up to 5.7 million Qantas customers’ personal details – including phone numbers and birth… [+5324 chars]",health
"{'id': 'the-times-of-india', 'name': 'The Times of India'}",TOI Education,"38-hour workweek won’t make you great, says billion-dollar CEO: 6 ways how Gen Z is defying ‘grindset’ culture in the US","Gen Z is redefining ambition, prioritizing mental health, flexibility, and working smarter over endless hustle. This generation challenges the traditional notion that burnout equates to success, focusing instead on sustainable achievement and meaningful work.…",https://timesofindia.indiatimes.com/education/careers/news/38-hour-workweek-wont-make-you-great-says-billion-dollar-ceo-6-ways-how-gen-z-is-defying-grindset-culture-in-the-us/articleshow/124540884.cms,"https://static.toiimg.com/thumb/msid-124540881,width-1070,height-580,imgsize-178146,resizemode-75,overlay-toi_sw,pt-32,y_pad-40/photo.jpg",2025-10-14T01:12:05Z,"<ul><li>News</li>
<li>38-hour workweek wont make you great, says billion-dollar CEO: 6 ways how Gen Z is defying grindset culture in the US</li></ul>
Gen Z is redefining ambition, prioritizing ment… [+3702 chars]",health
"{'id': 'cnn', 'name': 'CNN'}","Brandon Griggs, CNN",Philadelphia medical examiner reaffirms its finding that Ellen Greenberg’s death was a suicide,"The Philadelphia Medical Examiner’s Office, after reviewing evidence in the case, issued a report reaffirming its 2011 finding. An attorney for the...",https://www.cnn.com/2025/10/13/us/ellen-greenberg-death-philadelphia-cec,https://media.zenfs.com/en/cnn_articles_875/60034debdbea0208b238493ed9be3cf0,2025-10-14T01:11:22Z,"In 2011, schoolteacher Ellen Greenberg was found dead on the kitchen floor of her Philadelphia apartment with some 20 knife wounds and numerous bruises. A city medical examiner ruled her death a suic… [+4282 chars]",health
"{'id': None, 'name': 'Designboom'}",matthew burgos I designboom,wearable bandage with solar cell can detect how long the user has been sunbathing,"a device for health and activity monitoring, the attachable system is created to be small, light, and self-powered.
The post wearable bandage with solar cell can detect how long the user has been sunbathing appeared first on designboom | architecture & design…",https://www.designboom.com/technology/wearable-bandage-solar-cell-detect-how-long-user-sunbathing-carnegie-mellon-university-california-10-14-2025/,https://www.designboom.com/twitterimages/uploads/2025/10/wearable-bandage-solar-cell-detect-sunbathing-carnegie-mellon-university-california-designboom-fb.jpg,2025-10-14T01:10:21Z,"Researchers create attachable device for sun exposure
Researchers from Carnegie Mellon University and the University of California develop Hapt-Aids, a wearablebandage with a solar cell that can det… [+3782 chars]",health
"{'id': 'nbc-news', 'name': 'NBC News'}","Tim Stelloh, Christiana Corporon",2011 death of Philadelphia teacher with over 20 stab wounds and cuts is again ruled a suicide,"Philadelphia’s top pathologist ruled that a school teacher found with a kitchen knife in her chest died by suicide, the latest conclusion in a case that has seen officials repeatedly reverse their findings on the 2011 death of Ellen Greenberg",https://www.nbcnews.com/news/us-news/ellen-greenberg-philadelphia-teacher-death-suicide-stabbing-rcna237436,"https://media-cldnry.s-nbcnews.com/image/upload/t_nbcnews-fp-1200-630,f_auto,q_auto:best/rockcms/2025-02/250205-ellen-greenberg-mb-1325-082293.jpg",2025-10-14T01:05:26Z,"Philadelphias top pathologist ruled that a school teacher found with a kitchen knife in her chest died by suicide, the latest conclusion in a case that has seen officials repeatedly reverse their fin… [+3894 chars]",health
"{'id': 'breitbart-news', 'name': 'Breitbart News'}","Sean Moran, Sean Moran",Speaker Mike Johnson: Health Care Needs 'Real Reform' if Obamacare Subsidies Were Renewed,"Speaker Mike Johnson (R-LA) on Monday said that health care needs ""real reform"" if Congress were to renew the enhanced Obamacare subsidies that are expiring at the end of the year.
The post Speaker Mike Johnson: Health Care Needs ‘Real Reform’ if Obamacare Su…",https://www.breitbart.com/politics/2025/10/13/speaker-mike-johnson-health-care-needs-real-reform-obamacare-subsidies-renewed/,https://media.breitbart.com/media/2025/10/government-shoutdown-oct9-25-speaker-mike-johnson-ap-640x335.jpg,2025-10-14T00:56:53Z,"Speaker Mike Johnson (R-LA) on Monday said that health care needs “real reform” if Congress were to renew the enhanced Obamacare subsidies that are expiring at the end of the year.
“The Covid-era Ob… [+1912 chars]",health
"{'id': 'the-times-of-india', 'name': 'The Times of India'}",Surabhi Agarwal,"Corner Office Conversation: Sridhar Vembu, CEO of Zoho Corporation","What happens when a small Indian software firm quietly evolves into a global SaaS powerhouse without external funding or data monetization? In this episode of Corner Office Conversation, ET’s tech experts and hosts Surabhi Agarwal and Suraksha P sit down with…",https://economictimes.indiatimes.com/news/corner-office-conversation/corner-office-conversation-sridhar-vembu-ceo-of-zoho-corporation/podcast/124540822.cms,https://img.etimg.com/photo/124540822.cms,2025-10-14T00:56:09Z,,health
"{'id': 'marca', 'name': 'Marca'}",RAÍZ,Los Angeles Lakers' plan to replace LeBron James reportedly revealed,"Expectations were high for LeBron James heading into his 23rd NBA season, as Los Angeles Lakers fans hoped to see &quot;The King&quot; lead the franchise back to championship conte",https://www.marca.com/en/basketball/nba/los-angeles-lakers/2025/10/14/68ed9f0c22601d45268b45e5.html,https://phantom.estaticos-marca.com/ab6cb4f3f088aef5033a06d6d8da2f8b/resize/1200/f/webp/assets/multimedia/imagenes/2025/10/14/17604028597695.png,2025-10-14T00:53:45Z,"Expectations were high for LeBron James heading into his 23rd NBA season, as Los Angeles Lakers fans hoped to see ""The King"" lead the franchise back to championship contention. However, those ambitio… [+2791 chars]",health
"{'id': None, 'name': 'ScienceAlert'}","James Goodwin, The Conversation",The Company You Keep Could Have a Profound Effect on Your Future Health,"I recently heard Professor Luigi Ferrucci, an expert on ageing, speak at my local university's medical school.",https://www.sciencealert.com/the-company-you-keep-could-have-a-profound-effect-on-your-future-health,https://www.sciencealert.com/images/2025/10/friends_making_hearts_header.jpg,2025-10-14T00:52:21Z,"I recently heard Professor Luigi Ferrucci, an expert on ageing, speak at my local university's medical school. One line really stuck with me: ""The next great step in ageing science will be understand… [+4063 chars]",health
"{'id': None, 'name': 'Twistedsifter.com'}",Michael Levanduski,"Customer Got Upset When The Restaurant Demanded To Hold Her License While She Went To Find Her Credit Card, So She Talked Bad About Them To Her Kids, Only To Have Them Pay Her Bill","Was she rude, or just confused?",http://twistedsifter.com/2025/10/customer-got-upset-when-the-restaurant-demanded-to-hold-her-license-while-she-went-to-find-her-credit-card-so-she-talked-bad-about-them-to-her-kids-only-to-have-them-pay-her-bill/,https://twistedsifter.com/wp-content/uploads/2025/09/Twisted-Sifter-2025-09-22T190140.464.png,2025-10-14T00:45:40Z,"Shutterstock/Reddit
When you work at a restaurant, you need to watch the customers closely to make sure they pay their bill at the end of their meal.
What would you do if an older woman claimed she… [+5160 chars]",health
"{'id': None, 'name': 'Thechronicle.com.gh'}",ERNEST BEST ANANE,Ghanaians Advised to Stop Stigmatising Mental patients,"Mr. Dominic Afriyie Agyemang, Director of Immigration Unit at the Ministry of Interior, has called on Ghanaians to stop stigmatizing victims of mental illness. He reaffirmed the Government of Ghana’s commitment to supporting the mental health and well-being o…",https://thechronicle.com.gh/ghanaians-advised-to-stop-stigmatising-mental-patients/,https://thechronicle.com.gh/wp-content/uploads/2025/10/the-workshop-attendance-.jpg,2025-10-14T00:45:13Z,"Mr. Dominic Afriyie Agyemang, Director of Immigration Unit at the Ministry of Interior, has called on Ghanaians to stop stigmatizing victims of mental illness. He reaffirmed the Government of Ghana’s… [+3005 chars]",health
"{'id': None, 'name': 'Ttt.live'}",Ayanna Carter,"Health Sector Gets $8.2 Billion Boost, Second-Highest Budget Allocation - TTT News","Minister of Finance Davendranath Tancoo has allocated $8.214 billion to the Health sector — the second-highest allocation for this fiscal period. During Monday's Budget presentation, the Minister maintained the government's position of providing proper health…",https://www.ttt.live/health-sector-gets-8-2-billion-boost-second-highest-budget-allocation/,https://www.ttt.live/wp-content/uploads/2025/10/couvahospital.jpg,2025-10-14T00:42:38Z,"Minister of Finance Davendranath Tancoo has allocated $8.214 billion to the Health sector the second-highest allocation for this fiscal period.
During Monday’s Budget presentation, the Minister main… [+2191 chars]",health
"{'id': None, 'name': 'Yahoo Entertainment'}",Daniel Gala,Scientists stunned after discovering new superpower of critical marine species — here's what they found,The discovery has concerned scientists for several reasons.,https://www.yahoo.com/news/articles/scientists-stunned-discovering-superpower-critical-004000241.html,https://s.yimg.com/ny/api/res/1.2/RQxwfoLgU8ltHT8xZFPUuQ--/YXBwaWQ9aGlnaGxhbmRlcjt3PTEyMDA7aD02NzY7Y2Y9d2VicA--/https://media.zenfs.com/en/the_cool_down_737/21b3dc23903c03d9d62c5ac79ac62f3b,2025-10-14T00:40:00Z,"It has long been understood that tiny Antarctic krill play a vital role in the food chain, providing essential nourishment for everything from fish and sea birds to seals and whales. However, recent … [+3293 chars]",health
"{'id': 'abc-news', 'name': 'ABC News'}",DAVE HOGG Associated Press,Lions' inability to create big plays on offense costly in loss to Chiefs,The Detroit Lions struggled in Kansas City on Sunday night,https://abcnews.go.com/Politics/wireStory/lions-inability-create-big-plays-offense-costly-loss-126494878,https://i.abcnewsfe.com/a/de9e6360-1900-4711-a80e-cbc6f92be934/wirestory_01efd02baa2bb04a92f292852803869a_16x9.jpg?w=1600,2025-10-14T00:37:34Z,"DETROIT -- DETROIT (AP) The Detroit Lions struggled in Kansas City on Sunday night.
The Chiefs had an effective game plan set up to stop Detroit and the personnel advantage needed to execute it.
Th… [+3975 chars]",health
"{'id': None, 'name': 'Thechronicle.com.gh'}",admin,Health Benefits of Exercise,"Exercise makes your muscles work and burns calories. Exercises are activities designed to improve fitness, enhance health, and prepare your body to meet the demands of life. Physical activities like running, swimming, walking, jogging, and dancing are often u…",https://thechronicle.com.gh/health-benefits-of-exercise-3/,https://thechronicle.com.gh/wp-content/uploads/2025/10/2.jpg,2025-10-14T00:36:51Z,"Exercise makes your muscles work and burns calories. Exercises are activities designed to improve fitness, enhance health, and prepare your body to meet the demands of life. Physical activities like … [+4414 chars]",health
"{'id': None, 'name': 'Thechronicle.com.gh'}",JENNIFER AMBOLLEY,Feature: Rising Blood Pressure In The Young: A Growing Concern,"For decades, hypertension commonly known as high blood pressure was regarded as a disease of old age. That perception is rapidly changing. Across the world, health experts are warning that hypertension is creeping into younger populations at an alarming rate,…",https://thechronicle.com.gh/feature-rising-blood-pressure-in-the-young-a-growing-concern/,https://thechronicle.com.gh/wp-content/uploads/2022/04/Untitled-design-4-1.jpg,2025-10-14T00:34:11Z,"For decades, hypertension commonly known as high blood pressure was regarded as a disease of old age. That perception is rapidly changing. Across the world, health experts are warning that hypertensi… [+9090 chars]",health
"{'id': 'the-times-of-india', 'name': 'The Times of India'}",TNN,Release tribute to courage of families: PM Modi,"India News: Amid efforts to bring the Gaza conflict to an end, PM Modi welcomed the release of all hostages after over two years of captivity. In a post on X, he .",https://timesofindia.indiatimes.com/india/release-tribute-to-courage-of-families-pm-modi/articleshow/124540689.cms,"https://static.toiimg.com/thumb/msid-124540706,width-1070,height-580,imgsize-434758,resizemode-75,overlay-toi_sw,pt-32,y_pad-40/photo.jpg",2025-10-14T00:31:01Z,"<ul><li>News</li>
<li>Release tribute to courage of families: PM Modi</li></ul>
Follow Us On Social Media
Gap years, ROI &amp; early decision: What no one tells Indian parents about global admissi… [+3288 chars]",health
"{'id': None, 'name': 'The Indian Express'}",Ganesha Speaks,"Scorpio Horoscope Today, 14 October 2025: Concerns about long-term financial stability may surface","Scorpio Horoscope Today, 14 October 2025: It’s a day to reaffirm personal goals and act on them. Begin now—this simple shift could mark the beginning of a more powerful you.",https://indianexpress.com/article/horoscope/scorpio-horoscope-today-14-october-2025-daily-astrology-prediction-for-scorpio-career-finance-money-love-10303442/,https://images.indianexpress.com/2024/05/Scorpio-2.jpg,2025-10-14T00:30:26Z,"Scorpio Horoscope Prediction Today, 14 October 2025: A health-conscious shift takes root today. Ganesha says youll feel motivated to eat better, exercise regularly, and adjust your routine with great… [+1610 chars]",health
"{'id': None, 'name': 'BusinessLine'}",Sangeeta  Godbole,Creating balance in India-EU FTA,India should shield exports from excessive environmental rules; ensure EU climate finance promises are met,https://www.thehindubusinessline.com/opinion/creating-balance-in-india-eu-fta/article70159810.ece,https://bl-i.thgim.com/public/incoming/2aytcq/article70159853.ece/alternates/LANDSCAPE_1200/IMG_India_-EU-fail-_G3SC_4_1_FFDCAD92.jpg,2025-10-14T00:30:00Z,"While US tariffs have hogged headlines, the end of 2025 deadline for India-EU Broad-based Trade and Investment Agreement (BTIA) looms large. India has consistently sought a balanced and mutually bene… [+5698 chars]",health
"{'id': 'the-times-of-india', 'name': 'The Times of India'}",ANI,Jenn Lyon leads new comedy series ‘Stumble’; trailer out; Premieres November,"A new comedy series, 'Stumble,' starring Jenn Lyon, is set to premiere on November 7. The trailer reveals Lyon as a fired coach who takes on a junior college cheer squad, aiming for a record-breaking championship. Veteran comedy showrunners Liz and Jeff Astro…",https://timesofindia.indiatimes.com/web-series/news/english/jenn-lyon-leads-new-comedy-series-stumble-trailer-out-premieres-november/articleshow/124540654.cms,"https://static.toiimg.com/thumb/msid-124540667,width-1070,height-580,imgsize-127670,resizemode-75,overlay-toi_sw,pt-32,y_pad-40/photo.jpg",2025-10-14T00:23:22Z,"<ul><li>News</li>
<li>Jenn Lyon leads new comedy series Stumble; trailer out; Premieres November</li></ul>
A new comedy series, 'Stumble,' starring Jenn Lyon, is set to premiere on November 7. The … [+3680 chars]",health
"{'id': None, 'name': 'Newser'}",John Johnson with Newser.AI,Agency Warns That Superbugs Are Outpacing Antibiotics,The World Health Organization issued a stark warning on Monday about the rising threat of drug-resistant bacterial infections around the globe. The health agency said one in six bacterial infections confirmed by laboratories in 2023 no longer responded to sta…,https://www.newser.com/story/376771/agency-warns-that-superbugs-are-outpacing-antibiotics.html,https://img1-azrcdn.newser.com/image/1639766-12-20251013192206.jpeg,2025-10-14T00:16:00Z,"""Antibiotic resistance continues to rise, we're running out of treatment options and we're putting lives at risk,"" said Yvan J-F. Hutin, who leads the WHO's antimicrobial resistance division. The age… [+924 chars]",health
"{'id': None, 'name': 'Slashdot.org'}",feedfeeder,Nancy Meyers Remembers “Giant” Diane Keaton: “I Lost a Friend of Almost 40 Years” - The Hollywood Reporter,Nancy Meyers Remembers “Giant” Diane Keaton: “I Lost a Friend of Almost 40 Years”The Hollywood Reporter Woody Allen Remembers Diane KeatonThe Free Press ‘I lost a friend of almost 40 years’: Nancy Meyers pays tribute to Diane KeatonThe Guardian Diane Keaton’s…,https://slashdot.org/firehose.pl?op=view&amp;id=179774150,,2025-10-14T00:12:42Z,The Fine Print: The following comments are owned by whoever posted them. We are not responsible for them in any way.,health
"{'id': None, 'name': 'Yahoo Entertainment'}",DAVE HOGG,Lions' inability to create big plays on offense costly in loss to Chiefs,The Detroit Lions struggled in Kansas City on Sunday night. The Chiefs had an effective game plan set up to stop Detroit and the personnel advantage needed to execute it. The Lions lost 30-17 to the perennial AFC powerhouse.,https://sports.yahoo.com/article/lions-inability-create-big-plays-001200433.html,https://s.yimg.com/ny/api/res/1.2/0byQIJkwEvuXMFARhkIkGg--/YXBwaWQ9aGlnaGxhbmRlcjt3PTEyMDA7aD04MDA7Y2Y9d2VicA--/https://media.zenfs.com/en/ap.org/f91d111e9d50d5d83b76a3cdf418b251,2025-10-14T00:12:00Z,"DETROIT (AP) The Detroit Lions struggled in Kansas City on Sunday night.
The Chiefs had an effective game plan set up to stop Detroit and the personnel advantage needed to execute it.
The Lions los… [+4052 chars]",health
"{'id': 'associated-press', 'name': 'Associated Press'}",Ali Swenson,Federal health workers targeted in weekend firings,"Federal employees working on mental health services, disease outbreaks and disaster preparedness were among those hit by the Trump administration’s mass firings over the weekend. The president's government-wide reduction in force effort that began Friday is r…",https://apnews.com/article/trump-health-hhs-layoffs-rif-firings-cdc-813cb7d6df9e3f43ea929b09d103ec05,https://dims.apnews.com/dims4/default/6ce122b/2147483647/strip/true/crop/5767x3244+0+301/resize/1440x810!/quality/90/?url=https%3A%2F%2Fassets.apnews.com%2Fba%2F1b%2F746c711c15e0ee9819ceb3f47a00%2F9479bf7dd6384b118ad47fd5a8dce13b,2025-10-14T00:09:33Z,"NEW YORK (AP) Hundreds of federal employees working on mental health services, disease outbreaks and disaster preparedness were among those hit by the Trump administrations mass firings over the week… [+5722 chars]",health
"{'id': None, 'name': 'WKMG News 6 & ClickOrlando'}",Ali Swenson And Jonel Aleccia,Federal employees in mental health and disease control were among targets in weekend firings,"Federal employees working on mental health services, disease outbreaks and disaster preparedness were among those hit by the Trump administration’s mass firings over the weekend.",https://www.clickorlando.com/news/politics/2025/10/13/federal-employees-in-mental-health-and-disease-control-were-among-targets-in-weekend-firings/,"https://res.cloudinary.com/graham-media-group/image/upload/f_auto/q_auto/c_thumb,w_700/v1/media/gmg/TCA2FWIWAJEIBNZI2MKUEPUVUQ.jpg?_a=DATAg1eAZAA0",2025-10-14T00:09:03Z,"NEW YORK Hundreds of federal employees working on mental health services, disease outbreaks and disaster preparedness were among those hit by the Trump administrations mass firings over the weekend, … [+5869 chars]",health
"{'id': None, 'name': 'Bordermail.com.au'}",Beau Greenway,Tributes flow for respected Border GP Dr Alison Green after death,"Dr Alison Green, a GP obstetrician on the Border for more than 30 years, has died, aged 63. She assisted with countless pregnancies and trained many doctors.",https://www.bordermail.com.au/story/9087103/tributes-flow-for-respected-border-gp-dr-alison-green-after-death/,https://www.bordermail.com.au/images/transform/v1/crop/frm/beau.greenway/0559ffce-fde9-4a0a-99aa-1cd41b3eed67.jpg/r0_367_5179_3086_w1200_h630_fmax.jpg,2025-10-14T00:08:18Z,"When you've worked somewhere for more than 30 years, the bond with your community is strong.
Subscribe now for unlimited access.
Loginor signup to continue reading
All articles from our website &a… [+4544 chars]",health
"{'id': None, 'name': '7NEWS.com.au'}",Glenn Valencich,Dave Hughes back in hospital as fallout from Legends Game injuries continues,The comedian is battling with his health again six weeks after suffering five broken ribs and a punctured lung.,https://7news.com.au/sport/afl/dave-hughes-back-in-hospital-as-fallout-from-legends-game-injuries-continues-c-20341895,https://images.7news.com.au/publication/C-20341895/25c0e92d0b8da22edee64db5922b3e7559c0e4e8-16x9-x0y0w1280h720.jpg?imwidth=1200,2025-10-14T00:07:09Z,"Dave Hughes has returned to hospital for further treatment six weeks on from his brutal injuries in the Legends Game.
The comedian ended the charity match in agony before being diagnosed with five b… [+2092 chars]",health
"{'id': None, 'name': 'YouTube'}",,Trump Voting State Hit With HUGE Health Insurance Hikes,Trump Voting State Hit With HUGE Health Insurance Hikesyoutube.com,https://www.youtube.com/supported_browsers?next_url=https%3A%2F%2Fwww.youtube.com%2Fwatch%3Fv%3DyZSqaPkXrdY,,2025-10-14T00:01:18Z,"Your browser isnt supported anymore. Update it to get the best YouTube experience and our latest features. Learn more
Remind me later",health
"{'id': 'the-times-of-india', 'name': 'The Times of India'}",Amit Anand Choudhary,"Karur stampede case has political undertone, says SC, hands it over to CBI","India News: NEW DELHI: Noting that the Karur stampede in Tamil Nadu shook \""national conscience\"" and the case has \""political undertone\"", Supreme Court Monday decid.",https://timesofindia.indiatimes.com/india/karur-stampede-case-has-political-undertone-says-sc-hands-it-over-to-cbi/articleshow/124540545.cms,"https://static.toiimg.com/thumb/msid-124540559,width-1070,height-580,imgsize-1446535,resizemode-75,overlay-toi_sw,pt-32,y_pad-40/photo.jpg",2025-10-14T00:01:11Z,"<ul><li>News</li>
<li>Karur stampede case has political undertone, says SC, hands it over to CBI</li></ul>
Follow Us On Social Media
Gap years, ROI &amp; early decision: What no one tells Indian p… [+3315 chars]",health
"{'id': 'abc-news', 'name': 'ABC News'}",Dr. Cyrus Mowdawalla,New 1-day surgery removes cancer and reconstructs the breast in the same operation,"Combining the two procedures allows for the removal of breast tissue and rebuilding the breast immediately, instead of doing two separate operations.",https://abcnews.go.com/US/new-1-day-surgery-removes-cancer-reconstructs-breast/story?id=126492962,https://i.abcnewsfe.com/a/03fb5853-7c3b-4c4c-87a9-508f189f089f/breastcancer_1760399398967_hpMain_16x9.jpg?w=1600,2025-10-14T00:01:03Z,"When the results of her routine mammogram came back with a diagnosis of stage 0 DCIS breast cancer in multiple areas of her right breast, Athaliah McPherson, a hairstylist and mom of one, said she wa… [+3685 chars]",health
"{'id': None, 'name': 'Uncrate.com'}",Uncrate,VisionF Superfast 46 Speedboat,"Most people choose luxury instead of speed on the water. The VisionF Superfast 46 Speedboat is built for the latter. Powered by twin outboard Mercury motors making up to 450 horsepower a piece, it can hit speeds of up to...",https://uncrate.com/visionf-superfast-46-speedboat/,https://uncrate.com/p/2025/10/visionf-superfast-46-1.jpg,2025-10-14T00:00:01Z,"Face the day with ResponsibleMan: a no-frills, physician-formulated line of men's daily supplements engineered for clarity, strength, and grit. Led by the Emerson multivitaminhoused in a sleek black … [+461 chars]",health
"{'id': None, 'name': 'Nature.com'}","Sneha Jain, Jan Wienold, Luke Hellwig, Marilyne Andersen",Influence of color on glare perception revealed when seeing the sun through colored glazing,Scientific Reports - Influence of color on glare perception revealed when seeing the sun through colored glazing,https://www.nature.com/articles/s41598-025-21737-5,https://media.springernature.com/m685/springer-static/image/art%3A10.1038%2Fs41598-025-21737-5/MediaObjects/41598_2025_21737_Fig1_HTML.png,2025-10-14T00:00:00Z,"<li>Boyce, P. Light, lighting and human health. Lighting Res. Technol.54, 101144 (2022).
Article 
Google Scholar 
</li><li>Farley, K. M. J. &amp; Veitch, J. A. A Room with a View: A Review of the … [+15220 chars]",health
"{'id': None, 'name': 'Nature.com'}",,The spectre of malnutrition is back and must be tackled — fast,Nobody should be going hungry in the twenty-first century. Scientists must determine the reasons why malnutrition is increasing so policymakers can act.,https://www.nature.com/articles/d41586-025-03305-z,https://media.nature.com/lw1200/magazine-assets/d41586-025-03305-z/d41586-025-03305-z_51571908.jpg,2025-10-14T00:00:00Z,"Food insecurity worsened after prices surged during the COVID-19 pandemic and following Russias 2022 invasion of Ukraine.Credit: Jonathan Torgovnik/Getty
Of the many faltering goals under the umbrel… [+5931 chars]",health
"{'id': None, 'name': 'Nature.com'}","Peter Hegyi, Andras Garami, Alvar Agusti, Charles Agyemang, Arturo Anadon, Jozsef Balla, Maciej Banach, Derrick Bennett, Traolach Sean Brugha, Jan Buitelaar, Felix Carvalho, Jose Joaquin Ceron, Adam Cohen, Turgay Dalkara, Ann K. Daly, Peter Dayan, Wouter W. de Herder, Stefano Del Prato, Dobromir Dobrev, Maria Dorobantu, Margaret Esiri, Bart Fauser, Peter Ferdinandy, Gerasimos Filippatos, Rebecca Fitzgerald, Roberto Gambari, Arnold Ganser, Helen Giamarellou, Vivette Glover, Andrzej Grzybowski, Balazs Gulyas, Pancras C. W. Hogendoorn, Peter Holzer, Hilleke Hulshoff Pol, Heikki Joensuu, Gabor Juhasz, Jaakko Kaprio, Eva Kondorosi, Georg Langs, CS Lau, Jeffrey C. Laurence, Francesca Levi-Schaffer, Ronan A. Lyons, Aiping Lyu, M. N. V. Ravi Kumar, Giuseppe Mancia, Brendan McCormack, Iain McInnes, Hugh McKenna, Francis Megraud, Micheline Misrahi, Godefridus J. Peters, Ole H. Petersen, Vincent Piguet, Thierry Poynard, Ling Qin, Zeljko Reiner, Pieter Reitsma, Gerhard Rogler, Martin Rossor, Catherine Sackley, Philippa Saunders, Rainer Schulz, Matthias Schwab, Walter Sermeus, Shahrokh Shariat, Niels Erik Skakkebæk, Ewout W. Steyerberg, Michael Swash, Zoltan Szekanecz, Jean Paul Thiery, David R. Thompson, Andras Varro, Michael Vieth, Michel Wensing, John E. L. Wong, Jun Yu, Mone Zaidi, Alimuddin Zumla, Viktoria Barna, Marie Anne Engh, Richard Farkas, Andrea Harnos, Rita Nagy, Mahmoud Obeidat, Anett Rancz, Brigitta Teutsch, Gabor Varga, Szilard Vancsa, Alexander S. Wenning, Annapoorna Kuppuswamy, Kinga Morsanyi, Katalin Solymosi",Academia Europaea’s guidelines for the visualization of clinical outcomes,A working group of Academia Europaea proposes the addition of a ‘ring diagram’ in clinical publications for the quick evaluation of translational implications.,https://www.nature.com/articles/s41591-025-03992-1,https://media.springernature.com/m685/springer-static/image/art%3A10.1038%2Fs41591-025-03992-1/MediaObjects/41591_2025_3992_Fig1_HTML.png,2025-10-14T00:00:00Z,"<li>Centre for Translational Medicine and Institute of Pancreatic Diseases, Semmelweis University, Budapest, Hungary
Peter Hegyi, Eva Kondorosi, Viktoria Barna, Marie Anne Engh, Richard Farkas, Andr… [+12982 chars]",health
"{'id': None, 'name': 'Biomedcentral.com'}","Emma Maano Nghitanwa, Lukas Matati Josua and Erkkie Haipinge",An autoethnographic analysis: assessment practices on nursing students at the University of Namibia,Background The study seeks to provide a self-reflection on experiences of administering student assessment activities to students within a health programme at the University of Namibia. The paper covers these objectives: (1) to investigate the role of assessm…,https://bmcmededuc.biomedcentral.com/articles/10.1186/s12909-025-07976-0,https://static-content.springer.com/image/art%3A10.1186%2Fs12909-025-07976-0/MediaObjects/12909_2025_7976_Fig1_HTML.png,2025-10-14T00:00:00Z,"The reflective analysis was conducted following five themes using a pre-existing theme from the literature.
Theme 1: types of assessments in nursing education at UNAM
The reflective analysis reveal… [+13558 chars]",health
"{'id': None, 'name': 'Biomedcentral.com'}","Scott T. Micek, M. Cristina Vazquez Guillamet, Daniel Reynolds, Sarah Matuszak, Lauren Kolodziej and Marin H. Kollef",Optimal antibiotic use in the intensive care unit,Background Antibiotic resistance has emerged as one of the most important factors influencing the outcomes of patients with life-threatening infections in the ICU. The increasing prevalence of antibiotic-resistant infections globally highlights the importance…,https://ccforum.biomedcentral.com/articles/10.1186/s13054-025-05653-8,https://static-content.springer.com/image/art%3A10.1186%2Fs13054-025-05653-8/MediaObjects/13054_2025_5653_Fig1_HTML.png,2025-10-14T00:00:00Z,"<li>Vincent J, Sakr Y, Singer M, Martin-Loeches I, Machado FR, Marshall JC, et al. Prevalence and outcomes of infection among patients in intensive care units in 2017. JAMA. 2020;323(15):147887.
Art… [+44289 chars]",health
"{'id': None, 'name': 'Biomedcentral.com'}","Denise Mellace, Francesca Mameli, Fabiana Ruggiero, Filippo Cogiamanian, Linda Borellini, Angelica De Sandi, Angelica Marfoli, Eleonora Zirone, Enrico Mailland, Elena Pirola, Antonella M. Ampollini, Luigi G. Remore, Marco Locatelli, Alberto Priori, Sergio Barbieri and Roberta Ferrucci",Triple perspective: assessing deep brain stimulation outcomes in Parkinson's disease,"Deep brain stimulation (DBS) of the subthalamic nucleus (STN) is an established treatment for advanced Parkinson’s disease (PD), often leading to positive motor and non-motor outcomes. While objective motor improvements after DBS are well documented, less is …",https://bmcneurol.biomedcentral.com/articles/10.1186/s12883-025-04455-3,https://static-content.springer.com/image/art%3A10.1186%2Fs12883-025-04455-3/MediaObjects/12883_2025_4455_Fig1_HTML.png,2025-10-14T00:00:00Z,"This study examined the multidimensional outcomes of DBS in PD by integrating clinical measures with subjective perceptions of improvement from patients, caregivers, and neurologists six months post-… [+8549 chars]",health
"{'id': None, 'name': 'Nature.com'}","Min Zhang, Jianwu Jiang, Qijie Yin, Lan Ding, Xiaoli Yuan, Yonggen Chen, Wenbo Liu, Bin Guo, Shengdao Shan",Soil bacterial and fungal communities respond differently to the biochar amendment in a cadmium-contaminated paddy field,Scientific Reports - Soil bacterial and fungal communities respond differently to the biochar amendment in a cadmium-contaminated paddy field,https://www.nature.com/articles/s41598-025-02182-w,https://media.springernature.com/m685/springer-static/image/art%3A10.1038%2Fs41598-025-02182-w/MediaObjects/41598_2025_2182_Fig1_HTML.png,2025-10-14T00:00:00Z,"<li>Chen, X., He, H. Z., Chen, G. K. &amp; Li, H. S. Effects of biochar and crop straws on the bioavailability of cadmium in contaminated soil. Sci. Rep.10, 9528 (2020).
Article 
 ADS 
 PubMed 
 … [+9426 chars]",health
"{'id': None, 'name': 'Biomedcentral.com'}",Kai Wang and Hong Liu,Analysis of factors influencing short-term outcomes after early interventional therapy for acute ischaemic stroke,Objective This study aimed to investigate the potential factors influencing the early efficacy outcomes of patients with acute ischaemic stroke (AIS) after endovascular interventional therapy. Methods A retrospective analysis was conducted involving 326 patie…,https://bmcneurol.biomedcentral.com/articles/10.1186/s12883-025-04443-7,https://media.springernature.com/full/springer-static/cover-hires/journal/12883,2025-10-14T00:00:00Z,"<li>Nuszkiewicz J, Kukulska-Pawluczuk B, Piec K, Jarek DJ, Motolko K, Szewczyk-Golec K, et al. Intersecting pathways: the role of metabolic dysregulation, Gastrointestinal microbiome, and inflammatio… [+6464 chars]",health
"{'id': None, 'name': 'Biomedcentral.com'}","Boróka Gács, András Matuz, Ashvika Ahuja, Agata Rudnik, Agnieszka Wojtecka, Igor Ondrejka, Martin Janík, Miloslav Oppa, Martina Dubovcová, Igor Hrtánek, Monika Ulrichová, Jana Havigerová and Zsuzsanna Varga",Exploring mental well-being among medical students in the Visegrad four: a cross-national analysis,"The mental health of medical students is a critical concern, as their well-being directly influences performance and the overall success of educational institutions. This research aimed to investigate the mental well-being of medical students across the Viseg…",https://bmcmededuc.biomedcentral.com/articles/10.1186/s12909-025-08004-x,https://static-content.springer.com/image/art%3A10.1186%2Fs12909-025-08004-x/MediaObjects/12909_2025_8004_Fig1_HTML.png,2025-10-14T00:00:00Z,"Participants
A total of 1842 individuals, medical school students in the Visegrad Region were recruited for the study and completed the questionnaires. Due to missing data and not fulfilling the inc… [+11296 chars]",health
"{'id': None, 'name': 'Biomedcentral.com'}","Ana C. Costa Monteiro, Harry Pickering, Aartik Sarma, Clove S. Taylor, Meagan M. Jenkins, Fei-Man Hsu, Brian Nadel, Ofer Levy, Lindsey R. Baden, Esther Melamed, Lauren I. R. Ehrlich, Grace A. McComsey, Rafick P. Sekaly, Charles B. Cairns, Elias K. Haddad, Albert C. Shaw…","Circulating endothelial signatures correlate with worse outcomes in COVID-19, respiratory failure and ARDS","Background Elevated circulating endothelial cells (CECs), released from monolayers after insult, have been implicated in worse outcomes in ARDS and COVID-19, however there is no consensus proteomic phenotype that define CECs. We queried whether a transcriptom…",https://ccforum.biomedcentral.com/articles/10.1186/s13054-025-05596-0,https://static-content.springer.com/image/art%3A10.1186%2Fs13054-025-05596-0/MediaObjects/13054_2025_5596_Fig1_HTML.png,2025-10-14T00:00:00Z,"The IMPACC Network
National Institute of Allergy and Infectious Diseases, National Institute of Health, Bethesda, MD 20814, USA: Patrice M. Becker, Alison D. Augustine, Steven M. Holland, Lindsey B.… [+10244 chars]",health
"{'id': 'the-washington-post', 'name': 'The Washington Post'}",Anahad O’Connor,What a gut microbiome scientist wants you to eat every day,"'When you don’t feed your gut microbes properly, they get hangry - they literally do.'",https://www.washingtonpost.com/wellness/2025/10/08/what-to-eat-healthy-gut-microbiome/,https://www.nzherald.co.nz/resizer/v2/2BXU2M7GWVBABJSJNPDVEV2ZEA.jpg?auth=6e8b93937be46ca1d27a74607156f2f4730428bfe27ef5a618f7397fc0ae8688&width=1200&height=675&quality=70&focal=351%2C200&smart=false,2025-10-14T00:00:00Z,"You can make your gut microbes happy by doing the following, Corbin said: limit your intake of ultra-processed foods, and try to eat items that contain plenty of fibre, particularly those that contai… [+7382 chars]",health
"{'id': None, 'name': 'Cheezburger.com'}","Blake Seidel, Blake Seidel",Patience is a virtue,Patience is a virtue - World's largest collection of cat memes and other animals,https://cheezburger.com/9727266816/patience-is-a-virtue,https://i.chzbgr.com/original/9727266816/hB4677E95/cheezburger-image-9727266816,2025-10-14T00:00:00Z,"Trending Now
A Fancy Feast of 21 Feline Feel-Goods To Browse on Lazy Caturday Mornings (October, 11 2025)
0122 Black Cat Memes to Bestow Good Luck Upon Any Cat Lover
02'My moral compass is all ove… [+707 chars]",health
"{'id': None, 'name': 'Mercola.com'}",Dr. Mercola,Historical Rise of Cancer and Dietary Linoleic Acid — Mechanisms and Therapeutic Strategies,"Cancer now strikes 30% to 50% of all Americans in their lifetime, compared to just 5% at the turn of the 20th century. This is not the result of better screening or recordkeeping — it reflects fundamental shifts in how your body’s terrain is shaped by modern …",https://articles.mercola.com/sites/articles/archive/2025/10/14/linoleic-acid-and-cancer-risk.aspx,https://media.mercola.com/ImageServer/Public/2025/October/FB/linoleic-acid-and-cancer-risk-fb.jpg,2025-10-14T00:00:00Z,"Mercola proudly supports these charities and organizations. View All 
Disclaimer: The entire contents of this website are based upon the opinions of Dr. Mercola, unless otherwise noted. Individual a… [+1007 chars]",health
"{'id': None, 'name': 'Nature.com'}",Rachel Fieldhouse,Japan declares a flu epidemic — what this means for other nations,Researchers say that the number of infections for this time of year is unusual.,https://www.nature.com/articles/d41586-025-03367-z,https://media.nature.com/lw1200/magazine-assets/d41586-025-03367-z/d41586-025-03367-z_51572088.jpg,2025-10-14T00:00:00Z,"Cases of influenza are surging in Japan.Credit: Kota Kawasaki/Yomiuri Shimbun via AP/Alamy
Japans health authorities have declared an influenza epidemic, with thousands of people infected with the r… [+2141 chars]",health
"{'id': None, 'name': 'Nature.com'}","Rabia R. Khawaja, Ernesto Griego, Kristen Lindenau, Asma Salek, Jessica Gambardella, Aurora Scrivo, Hannah R. Monday, Mathieu Bourdenx, Jesús Madero-Pérez, Zohaib N. Khan, Bhakti Chavda, Ronald Cutler, Sarah Graff, Simone Sidoli, Gaetano Santulli, Laura Santambrogio, Inmaculada Tasset, Susmita Kaushik, Li Gan, Pablo E. Castillo, Ana Maria Cuervo",Chaperone-mediated autophagy regulates neuronal activity by sex-specific remodelling of the synaptic proteome,"Khawaja et al. show sex-specific differences in neuronal-activity regulation by chaperone-mediated autophagy and that loss of chaperone-mediated autophagy leads to defective neuronal physiology and increased seizure susceptibility, linking chaperone-mediated …",https://www.nature.com/articles/s41556-025-01771-1,https://media.springernature.com/m685/springer-static/image/art%3A10.1038%2Fs41556-025-01771-1/MediaObjects/41556_2025_1771_Fig1_HTML.png,2025-10-14T00:00:00Z,"<li>Nixon, R. A. The role of autophagy in neurodegenerative disease. Nat. Med.19, 983997 (2013).
Article 
 CAS 
 PubMed 
Google Scholar 
</li><li>Bourdenx, M. et al. Chaperone-mediated autophagy… [+16685 chars]",health
"{'id': None, 'name': 'Nature.com'}",Melissa A. Schilling,The geographic association of multiple sclerosis and amyotrophic lateral sclerosis,Scientific Reports - The geographic association of multiple sclerosis and amyotrophic lateral sclerosis,https://www.nature.com/articles/s41598-025-18755-8,https://media.springernature.com/m685/springer-static/image/art%3A10.1038%2Fs41598-025-18755-8/MediaObjects/41598_2025_18755_Fig1_HTML.png,2025-10-14T00:00:00Z,"<li>Barrie, W. et al. Elevated genetic risk for multiple sclerosis emerged in steppe pastoralist populations. Nature625, 321328 (2024).
Article 
 CAS 
 PubMed 
 PubMed Central 
 ADS 
Google Sch… [+18375 chars]",health
"{'id': None, 'name': 'Nature.com'}","Andrew M. Scott, Wilfred Ngwa, Hedvig Hricak",Strengthening medical imaging capacity will save lives,Nature Medicine - Strengthening medical imaging capacity will save lives,https://www.nature.com/articles/s41591-025-04007-9,,2025-10-14T00:00:00Z,"<li>Olivia Newton-John Cancer Research Institute, Melbourne, Victoria, Australia
Andrew M. Scott
</li><li>School of Cancer Medicine, La Trobe University, Melbourne, Victoria, Australia
Andrew M. S… [+808 chars]",health
"{'id': None, 'name': 'Nature.com'}",Katherine Bourzac,The probiotic home: where microbes are welcome guests,Architects and microbiologists are exploring whether making buildings hospitable to friendly microorganisms can improve human health.,https://www.nature.com/articles/d41586-025-03291-2,https://media.nature.com/lw1200/magazine-assets/d41586-025-03291-2/d41586-025-03291-2_51567864.jpg,2025-10-14T00:00:00Z,"The natural world teems with microorganisms. Billions of species of bacteria, archaea, viruses and fungi make up complex ecosystems in the soil, water and air. The activity of these microbes sustains… [+20930 chars]",health
"{'id': 'national-geographic', 'name': 'National Geographic'}",Giulia Mondaini,Most supplements can’t actually boost your mood—but these might,"From omega-3s to probiotics, researchers have tested dozens of “natural” treatments for anxiety and depression. Only a few show measurable benefits—and even those come with caveats.",https://www.nationalgeographic.com/health/article/best-supplements-for-depression-research,https://i.natgeofe.com/n/8d45f98b-9e0f-4a85-a079-29d1ba8f2b69/SPI-2660389_16x9.jpg?w=1200,2025-10-14T00:00:00Z,"Take the most common onesmultivitamins, vitamin Bs, calming herbal blends, and melatonin, also often used to help regulate sleep. Theyre widely used, but the research just isnt there.
They had some … [+991 chars]",health
"{'id': 'national-geographic', 'name': 'National Geographic'}",Stacey Colino,The Mediterranean diet is infinitely adaptable. Here’s how to make it work for you.,"Scientists are exploring how simple tweaks to this trusted diet can address specific health concerns, including hypertension, chronic pain, cardiovascular health, and more.",https://www.nationalgeographic.com/health/article/mediterranean-diet-hacks,https://i.natgeofe.com/n/f918209d-aa2d-4792-887a-1db36e3867ed/SPI-2749250_16x9.jpg?w=1200,2025-10-14T00:00:00Z,"If you have diabetes, dietitians recommend a few particular tweaks: You may benefit from having smaller, more frequent meals throughout the day and having fruit with a source of protein to stabilize … [+1575 chars]",health
"{'id': None, 'name': 'Biomedcentral.com'}","Nadine Schubert, Hazel J. Nichols, Francis Mwanguhya, Robert Businge, Solomon Kyambulima, Kenneth Mwesige, Michael A. Cant and Jamie C. Winternitz",Inbreeding does not reduce major histocompatibility complex diversity in the banded mongoose,"The major histocompatibility complex’s (MHC) role in the vertebrate adaptive immune response and its exceptional polymorphism make it a key target for studying adaptive gene evolution. However, studies on carnivore MHC often focus on populations with severe b…",https://bmcecolevol.biomedcentral.com/articles/10.1186/s12862-025-02456-x,https://static-content.springer.com/image/art%3A10.1186%2Fs12862-025-02456-x/MediaObjects/12862_2025_2456_Fig1_HTML.png,2025-10-14T00:00:00Z,"<li>Bitarello BD, De Filippo C, Teixeira JC, Schmidt JM, Kleinert P, Meyer D, Andres AM. Signatures of long-term balancing selection in human genomes. Genome Biol Evol. 2018. https://doi.org/10.1093/… [+35366 chars]",health
"{'id': None, 'name': 'Biomedcentral.com'}","Thomas J. Y. Kono, Ezenwa J. Onyemata, Natalia Blanco, Chika K. Onwuamah, Nnaemeka Ndodo, Paul Oluniyi, Olanrewaju Lawal, Christina Riley, Sophia Osawe, Cheryl Baxter, Anna Winters, Chenfeng Xiong, Christian T. Happi, Babatunde L. Salako, Ifedayo Adetifa, Alash’le Abimiku…",Genomic diversity and surveillance of SARS-CoV-2 in Nigeria,"Background As Nigeria has the sixth-highest population in the world and a significant amount of inbound and outbound travel, the characterization of SARS-CoV-2 genomic diversity across the country is critical for understanding novel pandemic dynamics. We desc…",https://bmcgenomics.biomedcentral.com/articles/10.1186/s12864-025-12058-y,https://static-content.springer.com/image/art%3A10.1186%2Fs12864-025-12058-y/MediaObjects/12864_2025_12058_Fig1_HTML.png,2025-10-14T00:00:00Z,"We gratefully acknowledge all data contributors, i.e., the Authors and their Originating laboratories responsible for obtaining the specimens and their submitting laboratories for generating the gene… [+1814 chars]",health
"{'id': None, 'name': 'Biomedcentral.com'}","Shan Zhao, Xuanjing Li, Xiang Gao, Yipeng Lv, Yang Cao, Gaofeng Mi, Hui Wang, Li Niu and Yan Li",Ranking factors across multiple domains in predicting adolescent mental health: a Bayesian machine learning approach,"Background The prevalence of mental health problems among adolescents is on the rise globally, and is a pressing public health concern in many developing countries, including China. While a growing body of epidemiological research has identified potential fac…",https://capmh.biomedcentral.com/articles/10.1186/s13034-025-00969-3,https://static-content.springer.com/image/art%3A10.1186%2Fs13034-025-00969-3/MediaObjects/13034_2025_969_Fig1_HTML.png,2025-10-14T00:00:00Z,"<li>World Health Organization. Promoting mental health: concepts, emerging evidence, practice: summary report. Geneva: World Health Organization; 2004.
Google Scholar 
</li><li>GBD 2019 Mental Diso… [+15150 chars]",health
"{'id': None, 'name': 'The Indian Express'}","Santosh Singh, Lalmani Verma","Rumblings in NDA over Bihar seat deal: Kushwaha, Manjhi sulk; Rajbhar eyes fray","Upset over fewer seat allotment, RLM chief says “time will tell”, while HAM(S) chief says it could “hurt NDA”; Rajbhar's SBSP claims it would contest and “damage BJP and its allies”",https://indianexpress.com/article/political-pulse/rumblings-nda-bihar-seat-deal-kushwaha-manjhi-sulk-rajbhar-10305553/,https://images.indianexpress.com/2024/07/jitan-ram-manjhi.jpg,2025-10-14T01:45:59Z,"A day after the NDA in Bihar announced its seat-sharing agreement for the November Assembly elections, there seemed to be discontent in the ruling alliance, with its smaller allies, Rashtriya Lok Mor… [+4720 chars]",politics
"{'id': None, 'name': 'Snopes.com'}",Laerke Christensen,Is Cuban activist Héctor Luis Valdés Cocho in ICE custody? What we know,Claims about Valdés' arrest recirculated months apart amid mixed reports about his status in the U.S.,https://www.snopes.com//news/2025/10/14/hector-cocho-ice-deportation/,https://mediaproxy.snopes.com/width/1200/https://media.snopes.com/2025/10/hector_luis_valdes_cocho_pdpcuba.png,2025-10-14T01:30:00Z,"""Amnesty International Names Prisoners of Conscience in Cuba."" Amnesty International, 19 Aug. 2021, https://www.amnesty.org/en/latest/news/2021/08/cuba-amnesty-international-names-prisoners-of-consci… [+3983 chars]",politics
"{'id': 'breitbart-news', 'name': 'Breitbart News'}","Olivia Rondeau, Olivia Rondeau",Obama: Trump's Deployment of National Guard Is 'Inherently Corrupting' and Un-American,"Former President Barack Obama stated that President Donald Trump's deployment of National Guard troops to quell crime in Democrat-run cities is ""inherently corrupting,"" arguing that he would have received a different reaction from conservative media if he had…",https://www.breitbart.com/politics/2025/10/13/obama-trumps-deployment-national-guard-inherently-corrupting-un-american/,https://media.breitbart.com/media/2025/10/capitol-Jan2017-file-donald-trump-barack-obama-getty-640x335.jpg,2025-10-14T01:28:55Z,"Former President Barack Obama stated that President Donald Trump’s deployment of National Guard troops to quell crime in Democrat-run cities is “inherently corrupting,” arguing that he would have rec… [+2391 chars]",politics
"{'id': 'the-times-of-india', 'name': 'The Times of India'}",Manu Kaushik,"Who is Stephen Baldwin? Alec Baldwin’s brother involved in serious Hamptons accident; Know about his career, family, and net worth",Actors Stephen and Alec Baldwin were in a car crash. Their SUV hit a tree during a heavy storm. Both men were helped from the vehicle. It is not yet confirmed if they sustained serious injuries. Police were at the scene. Alec Baldwin was in the Hamptons for a…,https://economictimes.indiatimes.com/news/international/us/who-is-stephen-baldwin-alec-baldwins-brother-involved-in-serious-hamptons-accident-know-about-his-career-family-and-net-worth/articleshow/124540883.cms,"https://img.etimg.com/thumb/msid-124540888,width-1200,height-630,imgsize-666069,overlay-economictimes/articleshow.jpg",2025-10-14T01:11:00Z,"Stephen Baldwin, the youngest of the Baldwin brothers and a veteran film and television actor, was with his older brother, Alec Baldwin, when the pairs white Range Rover struck a tree along Montauk H… [+2055 chars]",politics
"{'id': None, 'name': 'Balloon-juice.com'}",Adam L Silverman,"War for Ukraine Day 1,327: Another Day Another War Crime","(Image by NEIVANMADE) The Russians dropped a glide bomb on a hospital in Kharkiv about four or five hours ago. I’ll get to all of that, as well as the other genocidal war crimes after the jump. One quick note on another matter: the twenty surviving hostages a…",https://balloon-juice.com/2025/10/13/war-for-ukraine-day-1327-another-day-another-war-crime/,https://balloon-juice.com/wp-content/uploads/2020/01/Silverman_On_Security.jpg,2025-10-14T01:09:57Z,"(Image by NEIVANMADE)
The Russians dropped a glide bomb on a hospital in Kharkiv about four or five hours ago. I’ll get to all of that, as well as the other genocidal war crimes after the jump.
One… [+25455 chars]",politics
"{'id': None, 'name': 'The Daily Caller'}",Mariane Angela,Alan Dershowitz Makes Case For Pardoning Netanyahu,Alan Dershowitz called for Israeli President Isaac Herzog to pardon Prime Minister Benjamin Netanyahu on Newsmax Monday.,https://dailycaller.com/2025/10/13/alan-dershowitz-pardon-netanyahu/,"https://images.dailycaller.com/image/width=1280,height=549,fit=cover,format=webp,f=auto/https://cdn01.dailycaller.com/wp-content/uploads/2025/10/Dershowitz-Makes-Case-For-Pardoning-Netanyahu-e1760398000450.jpg",2025-10-14T01:08:05Z,"Harvard Law professor emeritus Alan Dershowitz said on Newsmax Monday that Israeli Prime Minister Benjamin Netanyahu deserves a pardon, adding that the corruption charges against him never should hav… [+3776 chars]",politics
"{'id': None, 'name': 'Littlegreenfootballs.com'}",Charles Johnson,Watch Live: Letitia James Speaks at Mamdani Rally in New YorkOUR TIME HAS COME: RALLY LIVESTREAM,"​We are ready to turn the page on the cynical, broken politics of the past. We are ready to deliver a city we can actually afford and a government that serves working New Yorkers, not the billionaires. As we face twin crises of affordability and authoritarian…",https://littlegreenfootballs.com/article/54987_Watch_Live-_Letitia_James_Spea,https://littlegreenfootballs.com/weblog/thumbnails/charles/2025/10/13/2PP82Rdvoqg.jpg,2025-10-14T00:43:45Z,"We are ready to turn the page on the cynical, broken politics of the past. We are ready to deliver a city we can actually afford and a government that serves working New Yorkers, not the billionaires… [+179 chars]",politics
"{'id': None, 'name': 'Thegatewaypundit.com'}",Jim Hoft,"“When Trump Won the Presidency, They Stopped Spitting on Me” – Former Hostage Tells How Hamas was Scared of Trump (Video)","Hamas barbarians abducted Omer Shem Tov from the Nova music festival on October 7, 2023.
The post “When Trump Won the Presidency, They Stopped Spitting on Me” – Former Hostage Tells How Hamas was Scared of Trump (Video) appeared first on The Gateway Pundit.",https://www.thegatewaypundit.com/2025/10/when-trump-won-presidency-they-stopped-spitting-me/,https://www.thegatewaypundit.com/wp-content/uploads/2025/10/omer-shem-tov.jpg,2025-10-14T00:40:50Z,"Former Hamas hostage Omer Shem Tov talks about the abuse he suffered under the Hamas barbarians.
Hamas barbarians abducted Omer Shem Tov from the Nova music festival on October 7, 2023.
He was held… [+1891 chars]",politics
"{'id': 'breitbart-news', 'name': 'Breitbart News'}","Olivia Rondeau, Olivia Rondeau","Rep. Ayanna Pressley on Columbus Day: 'We Are All on Stolen Land,' Republicans 'Whitewash' History","Rep. Ayanna Pressley (D-MA) issued a Columbus Day statement alerting Americans that ""we are all on stolen land"" and accusing Republicans of attempting to ""whitewash American history.""
The post Rep. Ayanna Pressley on Columbus Day: ‘We Are All on Stolen Land,’…",https://www.breitbart.com/politics/2025/10/13/ayanna-pressley-columbus-day-stolen-land-republicans-whitewash-history/,https://media.breitbart.com/media/2025/10/Sept25-25-Rep-Ayanna-Pressley-D-MA-gettyimages-640x335.jpg,2025-10-14T00:28:24Z,"Rep. Ayanna Pressley (D-MA) issued a Columbus Day statement alerting Americans that “we are all on stolen land” and accusing Republicans of attempting to “whitewash American history.”
Instead of act… [+1832 chars]",politics
"{'id': None, 'name': 'The Japan Times'}",Alex Wickham,"MI5 warns U.K. politicians of spying efforts by China, Russia and Iran",The warning comes weeks after a high-profile espionage case in which two men were accused of spying for China fell apart.,https://www.japantimes.co.jp/news/2025/10/14/world/politics/mi5-uk-china-russia-spying/,https://www.japantimes.co.jp/japantimes/uploads/images/2025/10/14/499422.jpg?v=3.1,2025-10-14T00:25:00Z,"The United Kingdoms domestic security service, MI5, warned politicians and their staff that they are being targeted by spies from China, Russia and Iran in efforts geared toward undermining British d… [+2985 chars]",politics
"{'id': None, 'name': 'Littlethings.com'}",Devan Mcguinness,Justin Trudeau Trolled Over Shirtless Kissing Pic With Katy Perry,Justin Trudeau Trolled Over Shirtless Kissing Pic With Katy Perrylittlethings.com,https://littlethings.com/entertainment/justin-trudeau-katy-perry-kissing-photo,https://littlethings.com/wp-content/uploads/2025/10/katey-justin.png,2025-10-14T00:23:48Z,"Canada’s former prime minister, Justin Trudeau, found himself at the center of a social media storm after the Daily Mail published a close-up photo of him shirtless and kissing pop star Katy Perry on… [+2472 chars]",politics
"{'id': None, 'name': 'Khabarhub.com'}",Binoj Basnyat,Reimagining the Role of Veterans in Nepal’s Democratic Future,"As Nepal grapples with ongoing political instability, fractured governance, and a deepening crisis of public trust, an interim government has been approved—but are the strategic national challenges in sight? One potentially transformative group remains largel…",https://english.khabarhub.com/2025/14/501024/,https://english.khabarhub.com/wp-content/uploads/2025/10/Khabar-Hub-Article_Binoj-Basnyat_1200px-630X-px-Final_2025.10.12-Upload.jpg,2025-10-14T00:15:29Z,"As Nepal grapples with ongoing political instability, fractured governance, and a deepening crisis of public trust, an interim government has been approvedbut are the strategic national challenges in… [+14675 chars]",politics
"{'id': 'fox-news', 'name': 'Fox News'}",,"Ellen Greenberg’s controversial death ruled suicide again, new report ‘deeply flawed’ says lawyer","Philadelphia schoolteacher Ellen Greenberg's controversial death ruling upheld as suicide following new review, despite family legal challenges over evidence.",https://www.foxnews.com/us/ellen-greenbergs-controversial-death-ruled-suicide-again-new-report-deeply-flawed-says-lawyer,https://static.foxnews.com/foxnews.com/content/uploads/2025/10/ellen-greenberg-report.jpg,2025-10-14T00:11:21Z,"Ellen Greenbergs death has once again been ruled a suicide, following a new review by the Philadelphia Medical Examiners Office, according to media reports.
Per People, the report reaffirms that Gre… [+3705 chars]",politics
"{'id': None, 'name': 'KPBS'}","Andrew Bowen, Ashley Rusch, Julianna Domingo",Indigenous Peoples' Day: Reclaiming the past and embracing the future,"Indigenous Peoples' Day is a celebration of Indigenous resilience, culture, history, art, protest and storytelling.In San Diego County, there are 18 federally recognized tribal reservations — more than any other county in the United States.On Midday Edition, …",https://www.kpbs.org/podcasts/kpbs-midday-edition/indigenous-peoples-day-reclaiming-the-past-and-embracing-the-future,https://cdn.kpbs.org/dims4/default/e4bba16/2147483647/strip/true/crop/1152x605+0+189/resize/1200x630!/quality/90/?url=http%3A%2F%2Fkpbs-brightspot.s3.us-west-2.amazonaws.com%2F4a%2F62%2F56304f61488ca37669776bc86441%2Fdsf2000.jpg,2025-10-14T00:02:00Z,"S1: Welcome in San Diego. I'm Andrew Bowen , filling in for Jade Hindman. On today's show , a conversation with local Native American leaders on Indigenous Peoples Day , the enduring legacy of cultur… [+20597 chars]",politics
"{'id': None, 'name': 'The Indian Express'}",Sweety Kumari,‘Safest City’ jubilation to political crisis: Back-to-back ‘rapes’ bring spotlight back on women safety in Bengal,Recent incidents provided fresh ammunition to Opposition which launched a coordinated attack over issue of law and order in state,https://indianexpress.com/article/cities/kolkata/safest-city-jubilation-to-political-crisis-back-to-back-rapes-bring-spotlight-back-on-women-safety-in-bengal-10305369/,https://images.indianexpress.com/2025/10/mamata-banerjee-3.jpg,2025-10-14T00:00:43Z,"Just as the ruling Trinamool Congress (TMC) was celebrating Kolkata’s recognition as the Safest City for the fourth consecutive year, based on the National Crime Records Bureau (NCRB) report, two bac… [+5347 chars]",politics
"{'id': None, 'name': 'Hoover.org'}","October 14, 2025",From Dominance to Parity America’s Political Parties and the New Era of Electoral Instability,,https://www.hoover.org/events/dominance-parity-americas-political-parties-and-new-era-electoral-instability,https://www.hoover.org/sites/default/files/styles/facebook/public/2025-10/From-Dominance-to-Parity.jpg?h=34a7a94d&itok=ahOsl-Ig,2025-10-14T00:00:00Z,"The Center for Revitalizing American Institutions host From Dominance to Parity Americas Political Parties and the New Era of Electoral Instability, a book talk with author David W. Brady on Tuesday,… [+1973 chars]",politics
"{'id': None, 'name': 'Thenation.com'}",John Nichols,People Are Furious With Democrats. Bernie Sanders Knows Why.,"Q&A
 
 
 / 
 October 14, 2025
 

 
People Are Furious With Democrats. Bernie Sanders Knows Why.



Democratic Party leadership is way out of touch with where the American people are, and it’s almost frightening to see the kind of anger and contempt that peo…",https://www.thenation.com/?post_type=article&p=572839,https://www.thenation.com/wp-content/uploads/2025/10/JUHASZ-Democrats-ftr.jpg,2025-10-14T00:00:00Z,"Democratic Party leadership is way out of touch with where the American people are, and its almost frightening to see the kind of anger and contempt that people feel toward it.
Illustration by Victo… [+19194 chars]",politics
"{'id': None, 'name': 'Hoover.org'}","October 14, 2025","Niall Ferguson, Victor Davis Hanson, And Stephen Kotkin: Three Historians Debate The Era Of Trump","Three Hoover Institution senior fellows and influential historians, appearing together for the first time in a public discussion. The topic: Is the United States in decline or on the verge of renewal?",https://www.hoover.org/research/niall-ferguson-victor-davis-hanson-and-stephen-kotkin-three-historians-debate-era-trump,https://www.hoover.org/sites/default/files/styles/facebook/public/2025-10/UK_square_10_14_2025.jpg?h=7d028327&itok=M4r1XRm3,2025-10-14T00:00:00Z,"<ul><li>Politics, Institutions, and Public Opinion</li><li>World</li><li>Education</li><li>Economics</li></ul><ul><li>Determining America's Role in the World</li><li>Revitalizing American Institution… [+732 chars]",politics
"{'id': 'the-times-of-india', 'name': 'The Times of India'}",Sachin Parashar,"‘On public safety, rule of law paramount in Canada’","In an interview to TOI ’s Sachin Parashar , Canadian foreign minister Anita Anand said ties with India are seeing an elevation, not a reset. She stressed ongoing law enforcement dialogue, saying Canadians must feel safe and diplomats will be protected, while …",https://timesofindia.indiatimes.com/india/on-public-safety-rule-of-law-paramount-in-canada/articleshow/124541014.cms,"https://static.toiimg.com/thumb/msid-124541044,width-1070,height-580,imgsize-null,resizemode-75,overlay-toi_sw,pt-32,y_pad-40/photo.jpg",2025-10-14T01:34:12Z,"<ul><li>News</li>
<li>On public safety, rule of law paramount in Canada</li></ul>
In an interview to TOI s Sachin Parashar , Canadian foreign minister Anita Anand said ties with India are seeing an… [+2016 chars]",climate
"{'id': None, 'name': 'HuffPost'}",AP,"3 Missing, Dozens Rescued After Remnants Of A Typhoon Strike Western Alaska",Officials said the remnants of Typhoon Halong brought hurricane-force winds and ravaging storm surges and floodwaters that swept some homes away in Alaska.,https://www.huffpost.com/entry/alaska-typhoon-halong-missing-rescued_n_68eda5ade4b00067de828e4c,https://img.huffingtonpost.com/asset/68eda74116000097c6483ac0.jpeg?cache=A59agcg0j2&ops=1200_630,2025-10-14T01:34:02Z,"JUNEAU, Alaska (AP) Three people were missing in western Alaska on Monday, and more than 50 had been rescued some plucked from rooftops after the remnants of Typhoon Halong over the weekend brought h… [+6869 chars]",climate
"{'id': None, 'name': 'Yahoo Entertainment'}",Ramon SAHMKOW,Brazil's climate wins ahead of COP30,"Brazil's president has slashed deforestation in the Amazon and worked to better protect Indigenous people, giving him a generally positive environmental...",https://www.yahoo.com/news/articles/brazils-climate-wins-ahead-cop30-013333284.html,https://media.zenfs.com/en/afp.com/e34223f8328633ab50fef8ba740f5b07,2025-10-14T01:33:33Z,"Brazil's president has slashed deforestation in the Amazon and worked to better protect Indigenous people, giving him a generally positive environmental record as he prepares to host COP30 UN climate… [+3633 chars]",climate
"{'id': None, 'name': 'Yahoo Entertainment'}",Fran BLANDY,"Black gold, green promises: Brazil's climate paradox","Can oil, the climate villain, be used to pay for its own demise?""There is no such thing as sustainable oil, period,"" Suely Araujo, a former president of...",https://www.yahoo.com/news/articles/black-gold-green-promises-brazils-013247611.html,https://media.zenfs.com/en/afp.com/e95bdf9d90a028759c8e322e2afdb280,2025-10-14T01:32:47Z,"Can oil, the climate villain, be used to pay for its own demise?
Brazil's President Luiz Inacio Lula da Silva thinks so. He is pushing for more oil exploration, including offshore from the Amazon ra… [+4480 chars]",climate
"{'id': 'cbs-news', 'name': 'CBS News'}",CBS News,10/13: The Daily Report,"Nancy Chen reports on the return of Israeli hostages after two years in Hamas captivity, and risks of reaching climate change ""tipping points.""",https://www.cbsnews.com/video/101325-the-daily-report/,https://assets2.cbsnewsstatic.com/hub/i/r/2025/10/14/efcec84c-c391-413a-b3f5-c86848fb6aff/thumbnail/1200x630/64f3716b3950d31cb7122db20aa54550/1013-dailyreport-full-4109972-640x360.jpg,2025-10-14T01:27:29Z,Copyright ©2025 CBS Interactive Inc. All rights reserved.,climate
"{'id': None, 'name': 'Nep123.com'}",Editor,Mostly Clear Skies Forecasted,"Weather Update: Clear Skies Dominate Nepal, Slight Rainfall Possible in Some Hilly Regions Kathmandu – The weather forecast division has announced that there are currently no significant weather systems affecting the entire country. At present, the weather is…",https://nep123.com/mostly-clear-skies-forecasted/,https://nep123.com/wp-content/uploads/2025/09/basantapur_featured.jpg,2025-10-14T01:11:08Z,"Weather Update: Clear Skies Dominate Nepal, Slight Rainfall Possible in Some Hilly Regions
Kathmandu – The weather forecast division has announced that there are currently no significant weather sys… [+709 chars]",climate
"{'id': None, 'name': 'The Indian Express'}",AP,At least 3 missing and dozens rescued after remnants of a typhoon lash western Alaska,Officials warned of a long road to recovery and a need for continued support for the hardest-hit communities with winter just around the corner.,https://indianexpress.com/article/world/several-missing-dozens-rescued-remnants-of-typhoon-lash-western-alaska-10305519/,https://images.indianexpress.com/2025/10/typhoon.jpg,2025-10-14T01:00:47Z,"Three people were missing in western Alaska on Monday, and more than 50 had been rescued some plucked from rooftops after the remnants of Typhoon Halong over the weekend brought hurricane-force winds… [+4621 chars]",climate
"{'id': None, 'name': 'Wattsupwiththat.com'}",Anthony Watts,"No, Bloomberg, One Chart Does Not Prove the World Is Getting Hot Fast","The idea that today’s heat is “unprecedented” is simply false. In fact, most all-time state high temperature records in the United States were set long before the 21st century began.",https://wattsupwiththat.com/2025/10/13/no-bloomberg-one-chart-does-not-prove-the-world-is-getting-hot-fast/,https://i0.wp.com/wattsupwiththat.com/wp-content/uploads/2025/10/bloomberg-2025-10-09-130945-768x784-1.webp?fit=768%2C784&quality=75&ssl=1,2025-10-14T01:00:00Z,"In a recent column titled A Chart Climate Denialists Cant Ignore, Bloomberg writer Mark Gongloff presents a graph from Berkeley Earths Zeke Hausfather as proof that the world is getting hotter, and f… [+5478 chars]",climate
"{'id': None, 'name': 'International Business Times'}",AFP News,Global Goal To End Deforestation Nowhere Near Being Met: Experts,"Deforestation ""has not meaningfully declined"" despite a global pledge to halt forest destruction, but next month's UN climate summit in the Amazon could mark a turning point, experts said Tuesday.",https://www.ibtimes.com/global-goal-end-deforestation-nowhere-near-being-met-experts-3786846,https://d.ibtimes.com/en/full/4628190/globally-deforestation-driven-overwhelmingly-expansion-agriculture.jpg,2025-10-14T00:30:16Z,"Deforestation ""has not meaningfully declined"" despite a global pledge to halt forest destruction, but next month's UN climate summit in the Amazon could mark a turning point, experts said Tuesday.
L… [+3157 chars]",climate
"{'id': None, 'name': 'Raw Story'}","Julia Conley, Common Dreams",'Unprecedented dieback': Alarming report warns Earth reached 'point of no return',"Less than two years after researchers at the University of Exeter in the United Kingdom warned that the world was nearing numerous climate tipping points, a report out Monday warns that one such “point of no return” has already been reached, with warm-water c…",https://www.rawstory.com/trump-coal-mining/,https://www.rawstory.com/media-library/file-photo-bleached-coral-is-seen-in-a-reef-at-the-costa-dos-corais-in-japaratinga-in-the-state-of-alagoas-brazil-april-16-20.jpg?id=61747547&width=1200&height=600&coordinates=0%2C275%2C0%2C275,2025-10-14T00:29:16Z,"Less than two years after researchers at the University of Exeter in the United Kingdom warned that the world was nearing numerous climate tipping points, a report out Monday warns that one such poin… [+5796 chars]",climate
"{'id': None, 'name': 'The Star Online'}",Alexander Villegas,"World falling far behind deforestation goals with farms and fires driving loss, report says","SANTIAGO (Reuters) -The world is falling far behind a global goal to reverse deforestation by 2030, with losses being largely driven by agricultural expansion and forest fires, according to the 2025 Forest Declaration Assessment. Read full story",https://www.thestar.com.my/news/world/2025/10/14/world-falling-far-behind-deforestation-goals-with-farms-and-fires-driving-loss-report-says,https://apicms.thestar.com.my/uploads/images/2025/10/14/3569359.jpg,2025-10-14T00:06:00Z,"SANTIAGO (Reuters) -The world is falling far behind a global goal to reverse deforestation by 2030, with losses being largely driven by agricultural expansion and forest fires, according to the 2025 … [+2752 chars]",climate
"{'id': None, 'name': 'Bringatrailer.com'}",bringatrailer,2006 Mercedes-Benz E500 4MATIC Wagon Designo Espresso Edition at No Reserve,"This 2006 Mercedes-Benz E500 is a 4MATIC Designo Espresso Edition wagon powered by a 5.0-liter V8 linked to a five-speed automatic transmission. Finished in Designo Mocha Black Metallic over Designo Sand leather, it is equipped with xenon headlights, a sunroo…",https://bringatrailer.com/listing/2006-mercedes-benz-e500-wagon-11/,https://bringatrailer.com/wp-content/uploads/2025/10/2006_mercedes-benz_e500-wagon_dsc09068-34006.jpg,2025-10-14T00:01:47Z,This 2006 Mercedes-Benz E500 is a 4MATIC Designo Espresso Edition wagon powered by a 5.0-liter V8 linked to a five-speed automatic transmission. Finished in Designo Mocha Black Metallic over Designo … [+2172 chars],climate
"{'id': None, 'name': 'Bringatrailer.com'}",bringatrailer,25-Mile 2019 Porsche 911 Speedster,"This 2019 Porsche 911 Speedster is #1,643 of 1,948 examples produced for the model year, and it has 25 miles following history in California and Michigan. It is powered by a 4.0-liter flat-six paired with a six-speed manual transaxle and is finished in Jet Bl…",https://bringatrailer.com/listing/2019-porsche-911-speedster-87/,https://bringatrailer.com/wp-content/uploads/2025/09/2019_porsche_911-speedster_thumbnail_img_9020-22896.jpg,2025-10-14T00:00:06Z,"This 2019 Porsche 911 Speedster is #1,643 of 1,948 examples produced for the model year, and it has 25 miles following history in California and Michigan. It is powered by a 4.0-liter flat-six paired… [+3288 chars]",climate
"{'id': None, 'name': 'Hoover.org'}","October 14, 2025",Reclaiming Liberal Education in America,,https://www.hoover.org/events/reclaiming-liberal-education-america,https://www.hoover.org/sites/default/files/styles/facebook/public/2022-09/educationGettyImages-184331951.jpg?h=12fc33e2&itok=ZoyLWDoE,2025-10-14T00:00:00Z,"The Hoover Institution Center for Revitalizing American Institutions webinar series features speakers who are developing innovative ideas, conducting groundbreaking research, and taking important act… [+2278 chars]",climate
"{'id': None, 'name': 'Biomedcentral.com'}","Yucheol Shin, Amaël Borzée and Daesik Park",Climatic data sources and limitations of ecological niche models impact the estimations of historical ranges and niche overlaps in distantly related Korean salamanders,"Background Ecological niche models (ENMs) and analyses of niche overlap/divergence have become popular methods in ecology and evolutionary biology. These analyses rely on environmental data available from several databases. However, the influence of data sour…",https://bmcecolevol.biomedcentral.com/articles/10.1186/s12862-025-02442-3,https://static-content.springer.com/image/art%3A10.1186%2Fs12862-025-02442-3/MediaObjects/12862_2025_2442_Fig1_HTML.png,2025-10-14T00:00:00Z,"<li>Pena JC, de Kamino C, Rodrigues LHY, Mariano-Neto M, de Siqueira E. MF. Assessing the conservation status of species with limited available data and disjunct distribution. Biol Conserv. 2014;170:… [+23632 chars]",climate
