source,author,title,description,url,urlToImage,publishedAt,content,topic
"{'id': None, 'name': 'SiliconANGLE News'}",Maria Deutscher,Report: Investors offered to fund AI data startup Mercor at $10B valuation,Investors have reportedly offered to arrange a new funding round for Mercor Inc. that would value the startup at upwards of $10 billion. TechCrunch on Thursday cited sources as saying that Mercor has received multiple offers from prospective backers. The tips…,https://siliconangle.com/2025/09/10/report-investors-offered-fund-ai-data-startup-mercor-10b-valuation/,https://d15shllkswkct0.cloudfront.net/wp-content/blogs.dir/1/files/2025/09/Mercor.png,2025-09-10T23:21:47Z,"Investors have reportedly offered to arrange a new funding round of $100 million for Mercor Inc. that would value the startup at upwards of $10 billion.
TechCrunch on Thursday cited sources as sayin… [+3915 chars]",technology
"{'id': None, 'name': 'SiliconANGLE News'}",Duncan Riley,Amazon launches Zoox robotaxi service with free rides in Las Vegas,"Five years after acquiring autonomous vehicle startup Zoox Inc. in a $1.2 billion deal, Amazon.com Inc. today entered the robotaxi space with the debut of a robotaxi service in Las Vegas, Nevada. On debut, rides using Zoox robotaxis are free and available via…",https://siliconangle.com/2025/09/10/amazon-launches-zoox-robotaxi-service-free-rides-las-vegas/,https://d15shllkswkct0.cloudfront.net/wp-content/blogs.dir/1/files/2025/09/zooxvegas.png,2025-09-10T23:15:49Z,"Five years after acquiring autonomous vehicle startup Zoox Inc. in a $1.2 billion deal, Amazon.com Inc. today entered the robotaxi market with the debut of a service in Las Vegas.
On debut, rides us… [+3552 chars]",technology
"{'id': None, 'name': 'Daily Signal'}",Mark Guiney,"In Charlie Kirk’s Death, an Uncomfortable Reminder of Life’s Fragility, Our Own Mortality","I write this from my daily commuter train. I’m on my way home. My wife is making dinner. My one-year-old daughter is just learning to... Read More
The post In Charlie Kirk’s Death, an Uncomfortable Reminder of Life’s Fragility, Our Own Mortality appeared firs…",https://www.dailysignal.com/2025/09/10/in-charlie-kirks-death-an-uncomfortable-reminder-of-lifes-fragility-our-own-mortality/,https://www.dailysignal.com/wp-content/uploads/2025/09/20250910_CharlieKirkRIP2.jpg,2025-09-10T23:15:32Z,"I write this from my daily commuter train. Im on my way home. My wife is making dinner. My one-year-old daughter is just learning to say Daddy, and hopefully, shell make an attempt to do so when I co… [+2842 chars]",technology
"{'id': None, 'name': 'Thehillstimes.in'}",The Hills Times,Eastern India’s first remote robotic gallbladder surgery performed in Guwahati hospital,"GUWAHATI, Sept 10: The first remote robotic gallbladder removal surgery in Eastern and Northeastern India was performed on two patients at a private hospital here, an official claimed on Wednesday. The operations were carried out on both patients using the Ma…",https://thehillstimes.in/assam/eastern-indias-first-remote-robotic-gallbladder-surgery-performed-in-guwahati-hospital,https://thehillstimes.in/wp-content/uploads/2025/09/Eastern-Indias-first-remote-robotic-gallbladder-surgery-performed-in-Guwahati-hospital.jpg,2025-09-10T23:15:00Z,"GUWAHATI, Sept 10: The first remote robotic gallbladder removal surgery in Eastern and Northeastern India was performed on two patients at a private hospital here, an official claimed on Wednesday.
… [+2316 chars]",technology
"{'id': 'financial-post', 'name': 'Financial Post'}",Barbara Shecter,‘Rents are going through the roof’: Why Brookfield CEO Bruce Flatt is bullish on a New York real estate rebound,Brookfield CEO Bruce Flatt says firm's real estate experience will help alternative asset manager capitalize on $7 trillion AI opportunity.,https://financialpost.com/fp-finance/why-brookfield-ceo-bruce-flatt-is-bullish-on-a-new-york-real-estate-rebound,https://smartcdn.gprod.postmedia.digital/financialpost/wp-content/uploads/2025/09/Bruce-Flatt.jpg,2025-09-10T23:14:01Z,"There are no major office buildings under construction in New York City and few in London, a rare event that Brookfield Asset Management CEO Bruce Flatt takes as a sign its a good time to be investin… [+4929 chars]",technology
"{'id': None, 'name': 'Pajiba.com'}",Jason Adams,‘The History of Sound’ Listens for Queer Stories Erased by History,"They say that history is written by the victors, but whispers of other stories usually manage to slip past. Many of us, queerer ones not among the victorious majority, have been forced to be the keepers of our own side-histories....
Read more...",https://www.pajiba.com/film_reviews/review-the-history-of-sound-with-paul-mescal-and-josh-oconnor.php,https://www.pajiba.com/assets_c/2025/09/The%20History%20of%20Sound-thumb-700xauto-272866.jpg,2025-09-10T23:10:34Z,"They say that history is written by the victors, but whispers of other stories usually manage to slip past. Many of us, queerer ones not among the victorious majority, have been forced to be the keep… [+6323 chars]",technology
"{'id': None, 'name': 'GlobeNewswire'}",TradeInvestNow.com,Altimetry’s Breakout 2025 Event Introduces New Stock Analysis Tool (by TradeInvestNow.com),"Discover The ""Doubles Anomaly"" and the “Breakout Zone” at Breakout 2025 event on Sept 17 with Joel Litman, Whitney Tilson, and the Altimetry Doubles Scanner. Discover The ""Doubles Anomaly"" and the “Breakout Zone” at Breakout 2025 event on Sept 17 with Joel Li…",https://www.globenewswire.com/news-release/2025/09/10/3148295/0/en/Altimetry-s-Breakout-2025-Event-Introduces-New-Stock-Analysis-Tool-by-TradeInvestNow-com.html,https://ml.globenewswire.com/Resource/Download/975968d6-83af-4230-aad7-dbe7f282eb61,2025-09-10T23:06:00Z,"New York, NY, Sept. 10, 2025 (GLOBE NEWSWIRE) -- The team at Tradeinvestnow.com invites you to join Professor Joel Litman and Whitney Tilson at the ""Breakout 2025"" livestream event on Wednesday, Sept… [+8546 chars]",technology
"{'id': None, 'name': 'Finextra'}",Editorial Team,Portugal's Sibs to buy Polish payments firm ITCard,Portuguese payments processor Sibs is expanding its presence in central Europe through the acquisition of Poland's ITCard. Financial terms were not disclosed.,https://www.finextra.com/newsarticle/46578/portugals-sibs-to-buy-polish-payments-firm-itcard,https://www.finextra.com/finextra-images/top_pics/xl/3048.jpg,2025-09-10T23:05:47Z,Portuguese payments processor Sibs is expanding its presence in central Europe through the acquisition of Poland's ITCard. Financial terms were not disclosed.Payment service operator ITCard specialis… [+777 chars],technology
"{'id': 'associated-press', 'name': 'Associated Press'}",,"GemsBase Globally Launches a Trillion-Dollar Gem Asset Tokenization Protocol, Building New Infrastructure for the Real World Asset (RWA) Sector","09/10/2025, Dubai, UAE // PRODIGY: Feature Story // As an industry first, GemsBase connects the traditional jewelry industry with the DeFi ecosystem through a protocol-layer architecture, committed to building a compliant global asset circulation network.",https://apnews.com/press-release/prodigy-news/gemsbase-globally-launches-a-trillion-dollar-gem-asset-tokenization-protocol-building-new-infrastructure-for-the-real-world-asset-rwa-sector-bcd63ad51eaa831659f3614fdc1b8197,https://dims.apnews.com/dims4/default/daf7df5/2147483647/strip/true/crop/1268x713+0+0/resize/1440x810!/quality/90/?url=https%3A%2F%2Fassets.apnews.com%2F0c%2F5e%2Fc84206b2481a28bc00eda5c274ba%2F57eea5ae278551f361a3afe9849049ca,2025-09-10T23:03:58Z,"09/10/2025, Dubai, UAE // PRODIGY: Feature Story // 
As an industry first, GemsBase connects the traditional jewelry industry with the DeFi ecosystem through a protocol-layer architecture, committed… [+2726 chars]",technology
"{'id': None, 'name': 'BBC News'}",,'We are playing with fire': Fears persist over battery storage,"More battery energy storage facilities are needed around the world, but fire risks remain.",https://www.bbc.com/news/articles/czjvdpzw71po,https://ichef.bbci.co.uk/news/1024/branded_news/43f6/live/967341e0-8d63-11f0-89c5-f9c523ebae74.jpg,2025-09-10T23:03:51Z,"Emma WoollacottTechnology reporter
Nearby residents were evacuated in January after a battery energy storage facility in California caught fire
Robert Holden is worried about one of New York City's… [+6248 chars]",technology
"{'id': None, 'name': 'Ghacks Technology News'}",Martin Brinkmann,YouTube Music: Google trying to make lyrics a Premium plan exclusive,"YouTube Music users who use the free version of Google's music service may soon use the site without the ability to display song lyrics. More or less anyone may visit the main […]
Thank you for being a Ghacks reader. The post YouTube Music: Google trying to m…",https://www.ghacks.net/2025/09/11/youtube-music-google-trying-to-make-lyrics-a-premium-plan-exclusive/,https://www.ghacks.net/wp-content/uploads/2025/07/YouTube-wont-allow-inauthentic-videos-to-be-monetized.-No-more-AI-trash.jpg,2025-09-10T23:03:46Z,YouTube Music users who use the free version of Google's music service may soon use the site without the ability to display song lyrics. More or less anyone may visit the main YouTube Music website t… [+1907 chars],technology
"{'id': None, 'name': 'CNA'}",,Nearly half of Japanese firms approve of BOJ chief's performance: Reuters poll,"TOKYO :Almost half of Japanese companies regard Bank of Japan (BOJ) Governor Kazuo Ueda's performance positively, outpacing the 30 per cent with negative views of his handling of monetary policy, a Reuters survey showed on Thursday.Under Ueda, the BOJ last ye…",https://www.channelnewsasia.com/business/nearly-half-japanese-firms-approve-boj-chiefs-performance-reuters-poll-5343286,"https://dam.mediacorp.sg/image/upload/s--aDYhIm6Z--/c_fill,g_auto,h_676,w_1200/fl_relative,g_south_east,l_mediacorp:cna:watermark:2024-04:reuters_1,w_0.1/f_auto,q_auto/v1/one-cms/core/2025-09-10T230300Z_1_LYNXNPEL8913G_RTROPTP_3_JAPAN-ECONOMY-BOJ.JPG?itok=M8T6wgHq",2025-09-10T23:03:00Z,"TOKYO :Almost half of Japanese companies regard Bank of Japan (BOJ) Governor Kazuo Ueda's performance positively, outpacing the 30 per cent with negative views of his handling of monetary policy, a R… [+3631 chars]",technology
"{'id': None, 'name': 'CNBC'}",,"Opendoor taps new CEO and names Keith Rabois chairman, boosting stock 30%",Opendoor continued its torrid run after the company announced that it's named a new CEO and added co-founded Keith Rabois to the board.,https://www.cnbc.com/2025/09/10/opendoor-stock-jumps-20percent-after-company-taps-ex-shopify-coo-as-new-ceo-.html,https://image.cnbcfm.com/api/v1/image/105269427-Webp.net-resizeimage_23.jpg?v=1726102863&w=1920&h=1080,2025-09-10T23:02:53Z,"Opendoor, the online real estate platform that's seen a surge of retail investor interest in recent months, said Wednesday that it's tapped former Shopify executive Kaz Nejatian as CEO and named co-f… [+1668 chars]",technology
"{'id': None, 'name': 'Www.gov.uk'}","Department for Science, Innovation and Technology",Smart glasses and AI filter apps among new tech to transform the mental health of millions,Backing for businesses across the UK will help to take low-cost innovations that support people's mental health to the next level.,https://www.gov.uk/government/news/smart-glasses-and-ai-filter-apps-among-new-tech-to-transform-the-mental-health-of-millions,https://assets.publishing.service.gov.uk/media/68a86caf969253904d1557b7/s960_DSIT_GovUK.png,2025-09-10T23:01:03Z,"<ul><li>Cutting-edge extended reality backed to deliver real-time mental health support for people across the UK, including those with severe depression and anxiety</li><li>17 projects supported by s… [+7254 chars]",technology
"{'id': None, 'name': 'Kevinmd.com'}",The Podcast by KevinMD,Why doctors struggle with family caregiving and how to find grace [PODCAST],"Physician Jessie Mahoney discusses her article ""Why physicians struggle with caregiving and how to cope with grace,"" reflecting on the unique challenges doctors face when caring for aging parents and ill family members. Jessie explains how medical training, f…",https://kevinmd.com/2025/09/why-doctors-struggle-with-family-caregiving-and-how-to-find-grace-podcast.html,https://kevinmd.com/wp-content/uploads/Design-3-scaled.jpg,2025-09-10T23:00:11Z,"Subscribe to The Podcast by KevinMD. Watch on YouTube. Catch up on old episodes!
Physician Jessie Mahoney discusses her article “Why physicians struggle with caregiving and how to cope with grace,” … [+17155 chars]",technology
"{'id': None, 'name': 'Robb Report'}",Wbowmandirt,This $6.5 Million Waterfront N.J. Home is Just an Hour by Boat from N.Y.C.,"The 19th-century Victorian mansion rests along a 3-acre bluff overlooking the Navesink River in Red Bank, where you can catch a swiftly moving ferry into Manhattan.",http://robbreport.com/shelter/homes-for-sale/waterfront-victorian-home-new-jersey-1237025801/,https://robbreport.com/wp-content/uploads/2025/09/Riverfront-VictorianHouse_NJ_FI.jpg?w=681&h=383&crop=1,2025-09-10T23:00:00Z,"If you’ve always wanted to commute to the Big Apple by boat, this historic New Jersey residence along the shore of the Navesink River could be just the ticket! The picturesque 3.2-acre spread has pop… [+2587 chars]",technology
"{'id': None, 'name': 'Royal Society of Chemistry'}","Sha Bai, Chenjun Ning, Guihao Liu, Yanqi Xu, Zhaohui Wu, Yu-Fei Song",Beyond activity: from machine learning screening to stability decoding on the study of self-supported metal phosphides in alkaline hydrogen evolution reaction,"J. Mater. Chem. A, 2025, Accepted ManuscriptDOI: 10.1039/D5TA04915F, Review ArticleSha Bai, Chenjun Ning, Guihao Liu, Yanqi Xu, Zhaohui Wu, Yu-Fei SongWith rapid consumption of fossil fuels, the development of renewable energy is urgent. The hydrogen producti…",https://pubs.rsc.org/en/content/articlelanding/2025/ta/d5ta04915f,,2025-09-10T23:00:00Z,"S. Bai, C. Ning, G. Liu, Y. Xu, Z. Wu and Y. Song,
 J. Mater. Chem. A, 2025, Accepted Manuscript
, DOI: 10.1039/D5TA04915F
To request permission to reproduce material from this article, please go … [+617 chars]",technology
"{'id': None, 'name': 'Royal Society of Chemistry'}","Manlin Qi, Andy Tay",Phage–nanomaterial platforms for precision antimicrobial therapy: from design to therapeutic application,"Nanoscale, 2025, Advance ArticleDOI: 10.1039/D5NR02249E, MinireviewManlin Qi, Andy TayThis review summarizes the design, antimicrobial mechanisms, and infection-model applications of phage–nanomaterial platforms, highlighting strategies for synergistic antiba…",https://pubs.rsc.org/en/content/articlelanding/2025/nr/d5nr02249e,https://pubs.rsc.org/en/Content/Image/GA/D5NR02249E,2025-09-10T23:00:00Z,"* 
 Corresponding authors
a
 Institute of Health Innovation &amp; Technology, National University of Singapore, Singapore, Singapore
E-mail:bietkpa@nus.edu.sg
b
 Department of Oral Implantology… [+364 chars]",technology
"{'id': None, 'name': 'Royal Society of Chemistry'}","Shude Liu, Xue Peng, Yafei Chai, Ming Ma, Huilin Zhang, Jieming Chen, Ling Kang, Bin Ding, Yusuke Yamauchi, Seong Chan Jun",Halogen-confining host materials for high-performance zinc–halogen batteries,"Chem. Soc. Rev., 2025, Advance ArticleDOI: 10.1039/D5CS00846H, Review ArticleShude Liu, Xue Peng, Yafei Chai, Ming Ma, Huilin Zhang, Jieming Chen, Ling Kang, Bin Ding, Yusuke Yamauchi, Seong Chan JunA confinement–catalysis–conduction triad is proposed to guid…",https://pubs.rsc.org/en/content/articlelanding/2025/cs/d5cs00846h,https://pubs.rsc.org/en/Content/Image/GA/D5CS00846H,2025-09-10T23:00:00Z,"* 
 Corresponding authors
a
 Engineering Research Center of Technical Textile, Ministry of Education, College of Textiles, Donghua University, Shanghai 201620, China
E-mail:binding@dhu.edu.cn
b… [+765 chars]",technology
"{'id': None, 'name': 'Soldiersystems.net'}",Eric G,D&M Holding Company to Highlight Propellant Manufacturing Capabilities at TADTE in Taiwan,"Tampa, FL. (September 10, 2025) – D&M Holding Company, Inc. (D&M), the global leader in delivering complete solutions for ammunition, primer, and propellant manufacturing facilities, is pleased to announce its attendance at TADTE (Taipei Aerospace and Defense…",https://soldiersystems.net/2025/09/10/dm-holding-company-to-highlight-propellant-manufacturing-capabilities-at-tadte-in-taiwan/,https://soldiersystems.net/wp-content/uploads/2025/09/img_4974.jpg,2025-09-10T23:00:00Z,"Tampa, FL. (September 10, 2025) D&amp;M Holding Company, Inc. (D&amp;M), the global leader in delivering complete solutions for ammunition, primer, and propellant manufacturing facilities, is pleased… [+3450 chars]",technology
"{'id': None, 'name': 'Tenable.com'}",Vishal Pukale,Shift from Reactive to Proactive: Leveraging Tenable Exposure Management for MSSP Success,"An Exposure Management as a Service offering allows MSSPs to unify security visibility, insight and action across the attack surface to prioritize exposure and enable innovation that is secure and compliant. Whether you’re already leveraging Tenable Vulnerabi…",https://www.tenable.com/blog/shift-from-reactive-to-proactive-leveraging-tenable-exposure-management-for-mssp-success,https://www.tenable.com/sites/default/files/styles/640x360/public/images/articles/How%20MSSPs%20can%20reduce%20risk%20using%20Tenable%20Exposure%20Management%20as%20a%20Service.jpeg?itok=5p8fq8FD,2025-09-10T23:00:00Z,"An Exposure Management as a Service offering allows MSSPs to unify security visibility, insight and action across the attack surface to prioritize exposure and enable innovation that is secure and co… [+9457 chars]",technology
"{'id': None, 'name': 'Royal Society of Chemistry'}","Chisom Theresa Umeh, John Kanayochukwu Nduka, Kovo Godfrey Akpomie, Amalachukwu Ifeyinwa Obi, Nkeiru Magdalene Akanbi",Remediation of malachite green-laden wastewater by plant-loaded metal oxide nanocomposites,"RSC Adv., 2025, 15,32942-32955DOI: 10.1039/D5RA05373K, Paper Open Access &nbsp This article is licensed under a Creative Commons Attribution 3.0 Unported Licence.Chisom Theresa Umeh, John Kanayochukwu Nduka, Kovo Godfrey Akpomie, Amalachukwu Ifeyinwa Obi, Nke…",https://pubs.rsc.org/en/content/articlelanding/2025/ra/d5ra05373k,https://pubs.rsc.org/en/Content/Image/GA/D5RA05373K,2025-09-10T23:00:00Z,"* 
 Corresponding authors
a
 Environmental Chemistry and Toxicology Research Unit, Pure and Industrial Chemistry Department, Nnamdi Azikiwe University, P.M.B 5025, Awka, Anambra, Nigeria
E-mail:u… [+308 chars]",technology
"{'id': None, 'name': 'Royal Society of Chemistry'}","Jatin Dhanuka, Monalisha Behera, Sudipta Som, Somrita Dutta, N. J. Shivaramu, Robin E Kroon, Hendrik Christoffel Swart",Cr3+-Cr3+ Pairing and Multi-Site Engineering in Sr2ZnAl22O36 phosphor for Broadband Near-Infrared Emission,"J. Mater. Chem. C, 2025, Accepted ManuscriptDOI: 10.1039/D5TC02610E, PaperJatin Dhanuka, Monalisha Behera, Sudipta Som, Somrita Dutta, N. J. Shivaramu, Robin E Kroon, Hendrik Christoffel SwartCr3+-activated phosphors are advancing near-infrared (NIR) technolo…",https://pubs.rsc.org/en/content/articlelanding/2025/tc/d5tc02610e,,2025-09-10T23:00:00Z,"J. Dhanuka, M. Behera, S. Som, S. Dutta, N. J. Shivaramu, R. E. Kroon and H. C. Swart,
 J. Mater. Chem. C, 2025, Accepted Manuscript
, DOI: 10.1039/D5TC02610E
To request permission to reproduce ma… [+653 chars]",technology
"{'id': None, 'name': 'Royal Society of Chemistry'}","Eman Y. Ahmed, Mai M. Elghonemy, Rasha Z. Batran, Manar E. A. Elasasy, Sherien M. El-Daly, Marwa A. Mahmoud, Hanem M. Awad, Nehad A. Abdel Latif","Design, synthesis and molecular modeling of new coumarin–thiazole derivatives as dual EGFR/HDAC1 inhibitors: in vitro and in vivo anticancer assays","RSC Adv., 2025, 15,32821-32832DOI: 10.1039/D5RA04395F, Paper Open Access &nbsp This article is licensed under a Creative Commons Attribution-NonCommercial 3.0 Unported Licence.Eman Y. Ahmed, Mai M. Elghonemy, Rasha Z. Batran, Manar E. A. Elasasy, Sherien M. E…",https://pubs.rsc.org/en/content/articlelanding/2025/ra/d5ra04395f,https://pubs.rsc.org/en/Content/Image/GA/D5RA04395F,2025-09-10T23:00:00Z,"* 
 Corresponding authors
a
 Chemistry of Natural Compounds Department, Pharmaceutical and Drug Industries Research Institute, National Research Centre, Dokki, Cairo, Egypt
E-mail:eyam_ha@yahoo.c… [+492 chars]",technology
"{'id': None, 'name': 'ZyCrypto'}",Aliyu Pokima,"‘Crypto’s Time Has Come,’ Says SEC Chair Paul Atkins Amid Market Rally","US SEC Chair Paul Atkins has declared that digital assets are poised for mainstream adoption, sending cryptocurrency prices on a rally.",https://zycrypto.com/cryptos-time-has-come-says-sec-chair-paul-atkins-amid-market-rally/,https://zycrypto.com/wp-content/uploads/2025/02/Huge-Moment-For-Crypto-As-SEC-Agrees-To-Dismiss-Enforcement-Case-Against-Coinbase-Is-XRP-Lawsuit-Next.jpg,2025-09-10T22:54:48Z,"US SEC Chair Paul Atkins has declared that digital assets are poised for mainstream adoption, sending cryptocurrency prices on a rally. Atkins disclosed that the US has its eyes on becoming the globa… [+2321 chars]",technology
"{'id': None, 'name': 'Cageside Seats'}",Sean Rueter,TKO COO makes it sound like WWE tickets will stay too pricey for many fans,Mark Shapiro told investors at a conference today they still have a lot of work to do to ‘max’ their ‘ticket yield’.,https://www.cagesideseats.com/wwe/381939/wwe-ticket-prices-customers-too-high-tko-mark-shapiro-nick-khan-respond-maximize-revenue,https://platform.cagesideseats.com/wp-content/uploads/sites/54/2025/09/SummerSlam_Pricing.jpg?quality=90&strip=all&crop=0%2C8.6003355636863%2C100%2C82.799328872627&w=1200,2025-09-10T22:53:11Z,"Whether youre trying to attend to an event or a television taping, or even want to (legally) get all of WWEs content at home its expensive to be a WWE fan in 2025. Thats increasingly becoming a topic… [+2507 chars]",technology
"{'id': None, 'name': 'MacRumors'}",Juli Clover,The Camera Plateau: What's New With the iPhone 17 Pro Cameras,"With the iPhone 17 Pro and 17 Pro Max, Apple introduced a new design for the rear of the device. Instead of a camera bump, we now have a camera plateau that spans almost the entire back of the iPhone. The camera plateau houses an upgraded camera system that i…",https://www.macrumors.com/2025/09/10/iphone-17-pro-camera/,https://images.macrumors.com/t/ahw9V-iwQLYe3o9MKhaCjjVs8-I=/2199x/article-new/2025/09/iphone-17-pro-dark-blue.jpg,2025-09-10T22:53:00Z,"With the iPhone 17 Pro and 17 Pro Max, Apple introduced a new design for the rear of the device. Instead of a camera bump, we now have a camera plateau that spans almost the entire back of the iPhone… [+6138 chars]",technology
"{'id': None, 'name': 'Slashdot.org'}",BeauHD,Oracle's Best Day Since 1992 Puts Ellison on Top of the World's Richest List,"Oracle shares had their best day since 1992, skyrocketing 36% and adding $244 billion in market value as surging AI-driven cloud demand pushed the company toward a $1 trillion valuation. The surge boosted founder Larry Ellison's fortune by $100 billion, makin…",https://developers.slashdot.org/story/25/09/10/2047235/oracles-best-day-since-1992-puts-ellison-on-top-of-the-worlds-richest-list,https://a.fsdn.com/sd/topics/business_64.png,2025-09-10T22:50:00Z,"The company said Tuesday after the bell that it has $455 billion in remaining performance obligations, up 359% from a year earlier. ""This is a very historic kind of print right here from Oracle with … [+1096 chars]",technology
"{'id': None, 'name': 'ZyCrypto'}",PR DESK,Top Speakers to Grace Origin Summit’s Next Big Gathering Ahead of Debut During KBW,"Ahead of its September 23 debut, Origin Summit has revealed a robust lineup of speakers from culture, AI, blockchain, and capital ready to show up at its upcoming event during the Korea Blockchain Week (KBW) in Seoul. The gathering is facilitated by Story, th…",https://zycrypto.com/top-speakers-to-grace-origin-summits-next-big-gathering-ahead-of-debut-during-kbw/,https://zycrypto.com/wp-content/uploads/2025/09/unnamed-2025-09-10T234258.096.jpg,2025-09-10T22:47:18Z,"Disclaimer: The below article is sponsored, and the views in it do not represent those of ZyCrypto. Readers should conduct independent research before taking any actions related to the project mentio… [+2692 chars]",technology
"{'id': None, 'name': 'GlobeNewswire'}",World Association of Chinese Mass Media,World Association of Chinese Mass Media Hosts Toronto Agarwood Culture Appreciation and Exchange,"On August 29, 2025, the Toronto Agarwood Culture Appreciation and Exchange, hosted by the World Association of Chinese Mass Media, unfolded as a one-day pilgrimage of incense and community spirit. On August 29, 2025, the Toronto Agarwood Culture Appreciation …",https://www.globenewswire.com/news-release/2025/09/10/3148292/0/en/World-Association-of-Chinese-Mass-Media-Hosts-Toronto-Agarwood-Culture-Appreciation-and-Exchange.html,,2025-09-10T22:45:00Z,"Toronto. Ontario, Sept. 10, 2025 (GLOBE NEWSWIRE) -- World Association of Chinese Mass Media, Toronto, Ontario August 29, 2025: The Toronto Agarwood Culture Appreciation and Exchange unfolded as a on… [+13023 chars]",technology
"{'id': 'cbc-news', 'name': 'CBC News'}",,"Carney recommending 5 'nation-building projects' for approval, including LNG expansion: sources",Prime Minister Mark Carney is set to unveil several “nation-building” projects this morning that his government has identified as part of a promise to bolster Canada's economic independence amid a turbulent trade war.,https://www.cbc.ca/news/politics/carney-major-projects-list-1.7630470,https://i.cbc.ca/1.7501205.1750710222!/fileImage/httpImage/image.jpg_gen/derivatives/16x9_1180/the-maran-gas-roxana.jpg?im=Resize%3D620,2025-09-10T22:43:55Z,"The initial tranche of major projects the federal government is hoping to get off the ground include expanding liquefied natural gas production in B.C., and upgrading the port in Montreal, CBC News h… [+4875 chars]",technology
"{'id': None, 'name': 'Uxdesign.cc'}",Violet Piper,The airport: Where we pretend to have arrived,The junkspace non-place of the modern aerotropolis.,https://uxdesign.cc/the-airport-where-we-pretend-to-have-arrived-ef9c1d91834f,https://miro.medium.com/v2/resize:fit:800/1*FOhM3u7jNt6IBrvydy6r1g.jpeg,2025-09-10T22:41:51Z,"Moving walkway, Changi Airport station, Singapore, 2020, via Wikimedia Commons.
Lines. Crowds. That brief certainty youll be stopped at security and sent to jail, or that your bag will end up in For… [+12603 chars]",technology
"{'id': None, 'name': 'Bleeding Cool News'}",El Presidente,"WWE Ticket Prices Not Expensive Enough Yet, Says TKO Exec","¡Saludos, comrades! It is I, your El Presidente, reporting to you live from my luxury bunker beneath a wrestling ring in Havana, where I am currently hosting a socialist lucha libre tournament for the people! But I must interrupt this glorious display of athl…",https://bleedingcool.com/tv/wwe-ticket-prices-not-expensive-enough-yet-says-tko-exec/,https://bleedingcool.com/wp-content/uploads/2018/01/WWELogo.jpg,2025-09-10T22:37:03Z,"Posted in: Sports, TV, WWE | Tagged: Mark Shapiro, wrestling
Comrades! TKO executive Mark Shapiro says WWE tickets need to cost MORE! Time for wrestlers to seize the means of production! ¡Viva la re… [+4645 chars]",technology
"{'id': None, 'name': 'Rolling Stone'}",Jon Blistein,Here Are the Artists Who Have Ditched Spotify Over Its CEO’s Military Tech Ties,"King Gizzard and the Wizard Lizard, Xiu Xiu, and Deerhoof are among the acts who have pulled their music over Daniel Ek's work with the German defense company, Helsing",http://www.rollingstone.com/music/music-features/artists-left-spotify-ceo-daniel-ek-military-tech-1235425098/,https://www.rollingstone.com/wp-content/uploads/2025/09/GettyImages-611053854.jpg?w=1600&h=900&crop=1,2025-09-10T22:36:57Z,"Over the past few months, a groundswell of indie artists have chosen to cut ties with Spotify in protest of CEO and co-founder Daniel Ek’s ties to the defense company Helsing. 
Well-known indie acts… [+11230 chars]",technology
"{'id': None, 'name': 'SiliconANGLE News'}",Duncan Riley,Klarna surges 14.6% in NYSE debut as Buy Now Pay Later giant goes public,"Shares in Klarna Group PLC closed up 14.55% in regular trading today after the Swedish fintech company made its debut on the New York Stock Exchange. In its initial public offering, Klarna offered around 34.3 million shares at $40 each. The shares opened at $…",https://siliconangle.com/2025/09/10/klarna-surges-14-6-nyse-debut-buy-now-pay-later-giant-goes-public/,https://d15shllkswkct0.cloudfront.net/wp-content/blogs.dir/1/files/2025/03/Klarna.png,2025-09-10T22:36:35Z,"Shares in Klarna Group PLC closed up 14.55% in regular trading today after the Swedish fintech company made its debut on the New York Stock Exchange.
In its initial public offering, Klarna offered a… [+4068 chars]",technology
"{'id': None, 'name': 'pymnts.com'}",PYMNTS,OCC Head Jonathan Gould Says Banks’ Crypto-Related Activities Are Legally Permissible,Comptroller of the Currency Jonathan Gould said Wednesday (Sept. 10) that the crypto-related activities that many banks want to participate in are legally permissible and that these activities should not be stigmatized. Speaking at a CoinDesk event in Washing…,http://www.pymnts.com/cryptocurrency/2025/occ-head-jonathan-gould-says-banks-crypto-related-activities-are-legally-permissible/,https://www.pymnts.com/wp-content/uploads/2025/09/OCC-crypto.jpg,2025-09-10T22:35:51Z,Comptroller of the Currency Jonathan Gouldsaid Wednesday (Sept. 10) that the crypto-related activities that many banks want to participate in are legally permissible and that these activities should … [+2117 chars],technology
"{'id': None, 'name': 'Digitimes'}",Jingyue Hsiao,Eric Schmidt’s secret Taiwan visit mixed AI talent scouting with defense strategy,"Former Alphabet Inc. CEO Eric Schmidt secretly visited Taiwan in 2025 with a primary focus on scouting AI talent for the US Democratic Party during the presidential election campaign, according to Lee-Feng Chien, former managing director of Google Taiwan. Whi…",https://www.digitimes.com/news/a20250910PD202/taiwan-2024-talent-alphabet-ceo.html,https://img.digitimes.com/newsshow/20250910pd202_files/1_b.jpg,2025-09-10T22:35:38Z,"Save my User ID and Password
Some subscribers prefer to save their log-in information so they do not have to enter their User ID and Password each time they visit the site. To activate this function… [+307 chars]",technology
"{'id': None, 'name': 'Yanko Design'}",Sarang Sheth,Pokémon Just Designed the Tamagotchi Every Millennial Always Wanted,"Pokémon Just Designed the Tamagotchi Every Millennial Always WantedRemember when Tamagotchis ruled the world? Those little digital pets taught us the pain of responsibility through pixelated death, and frankly, we’ve been chasing that...",https://www.yankodesign.com/2025/09/10/pokemon-just-designed-the-tamagotchi-every-millennial-always-wanted/,https://www.yankodesign.com/images/design_news/2025/09/577852/pokemon_poke_nade_monster_ball_1.jpg,2025-09-10T22:30:53Z,"Remember when Tamagotchis ruled the world? Those little digital pets taught us the pain of responsibility through pixelated death, and frankly, we’ve been chasing that high ever since. Virtual pets h… [+3751 chars]",technology
"{'id': None, 'name': 'Osnews.com'}",Thom Holwerda,Windows/386’s check for buggy 386 chips survived until Windows 8.1,"A version of Windows that’s often overlooked, and often probably entirely unknown, is Windows/386. When Microsoft released 2.x, they did so in two very different variants: Windows/286 and Windows/386. The former would run on anything from a 8088 and up, but w…",https://www.osnews.com/story/143311/windows-386s-check-for-buggy-386-chips-survived-until-windows-8-1/,,2025-09-10T22:27:36Z,"A version of Windows that’s often overlooked, and often probably entirely unknown, is Windows/386. When Microsoft released 2.x, they did so in two very different variants: Windows/286 and Windows/386… [+2406 chars]",technology
"{'id': None, 'name': 'Decrypt'}",James Rubin,"SEC Punts on BlackRock Ethereum ETF Staking, Franklin XRP and Solana Fund Decisions","The SEC pushed off whether to allow staking for the iShares Ethereum ETF, and on proposed Franklin Templeton funds tracking Solana and XRP.",https://decrypt.co/338890/sec-punts-blackrock-ethereum-etf-staking-franklin-xrp-solana,https://cdn.decrypt.co/resize/1024/height/512/wp-content/uploads/2025/05/BlackRock-decrypt-style-02-gID_7.png,2025-09-10T22:23:54Z,"In brief
<ul><li>The SEC pushed back its deadline on staking in the BlackRock iShares Ethereum Trust to October 30, a 45-day delay.</li><li>The regulator also delayed its decision on Franklin Temple… [+3725 chars]",technology
"{'id': 'msnbc', 'name': 'MSNBC'}",Ja'han Jones,Meta whistleblowers sound the alarm on Zuckerberg’s pet project,Two former Meta researchers allege that top brass suppressed efforts to study and notify the public about child predation carried out via Meta’s VR headsets.,https://www.msnbc.com/top-stories/latest/meta-whistleblowers-vr-headset-zuckerberg-senate-rcna230444,"https://media-cldnry.s-nbcnews.com/image/upload/t_nbcnews-fp-1200-630,f_auto,q_auto:best/rockcms/2025-09/250910-mark-zuckerberg-se-329p-3a752f.jpg",2025-09-10T22:21:53Z,"Three years ago, I wrote this piece about Meta CEO Mark Zuckerbergs quest to dominate the virtual reality industry.
His desire to corner the market on VR headgear had been abundantly clear before th… [+3618 chars]",technology
"{'id': None, 'name': 'Techpinions.com'}",Juanita Rothman,AMD’s new 25.9.1 driver update enables FSR 4 for over 85 games,"AMD’s AI-powered FSR 4 upscaling technology is now available for most games that previously supported FSR 3.1 with DirectX 12, according to the company’s latest 25.9.1 driver update. Why it matters: This marks a significant milestone for AMD, as FSR 4 is now …",https://techpinions.com/amds-new-25-9-1-driver-update-enables-fsr-4-for-over-85-games/,,2025-09-10T22:19:00Z,"AMD’s AI-powered FSR 4 upscaling technology is now available for most games that previously supported FSR 3.1 with DirectX 12, according to the company’s latest 25.9.1 driver update.
Why it matters:… [+1651 chars]",technology
"{'id': 'financial-post', 'name': 'Financial Post'}",GlobeNewswire,Metalsource announces CHANGE OF DIRECTORS,"VANCOUVER, BRITISH COLUMBIA, Sept. 10, 2025 (GLOBE NEWSWIRE) — METALSOURCE MINING INC. (the “Company” or “Metalsource“) (CSE: “MSM”) announces the appointment of Timothy Ko as a Director of the Company. Timothy Ko is an entrepreneur who has successfully found…",https://financialpost.com/globe-newswire/metalsource-announces-change-of-directors-3,,2025-09-10T22:18:53Z,"VANCOUVER, BRITISH COLUMBIA, Sept. 10, 2025 (GLOBE NEWSWIRE) METALSOURCE MINING INC. (the Company or Metalsource) (CSE: MSM) announces the appointment of Timothy Ko as a Director of the Company.
THI… [+3471 chars]",technology
"{'id': None, 'name': 'Github.com'}",jomadu,Show HN: AI Rules Manager – Package manager for AI coding assistant rules,"I built ARM (AI Rules Manager) to solve a problem that's been bugging me: managing AI rules across projects is broken.If you use Cursor, GitHub Copilot, or Amazon Q, you know how powerful custom rules can be for guiding AI behavior. But right now, everyone ju…",https://github.com/jomadu/ai-rules-manager,https://opengraph.githubassets.com/c9d8ae1c2769b640b6fe518576ebe180674481307b5516ad8e2738ffdc68c8d9/jomadu/ai-rules-manager,2025-09-10T22:17:22Z,"A package manager for AI rules that treats rulesets like code dependencies - with semantic versioning, reproducible installs, and automatic distribution to your AI tools.
Connect to Git repositories… [+9760 chars]",technology
"{'id': None, 'name': 'GlobeNewswire'}",Metalsource Mining Inc.,Metalsource announces CHANGE OF DIRECTORS,"VANCOUVER, BRITISH COLUMBIA, Sept. 10, 2025 (GLOBE NEWSWIRE) -- METALSOURCE MINING INC. (the “Company” or ""Metalsource"") (CSE: “MSM”) announces the appointment of Timothy Ko as a Director of the Company.",https://www.globenewswire.com/news-release/2025/09/10/3148289/0/en/Metalsource-announces-CHANGE-OF-DIRECTORS.html,https://ml.globenewswire.com/Resource/Download/da8742f3-ebe6-44be-9461-8fbfb776523e,2025-09-10T22:16:00Z,"VANCOUVER, BRITISH COLUMBIA, Sept. 10, 2025 (GLOBE NEWSWIRE) -- METALSOURCE MINING INC. (the Company or ""Metalsource"") (CSE: MSM) announces the appointment of Timothy Ko as a Director of the Company.… [+1264 chars]",technology
"{'id': 'financial-post', 'name': 'Financial Post'}",GlobeNewswire,"London, ON; A catalyst for national technology sector growth","LONDON, Ontario, Sept. 10, 2025 (GLOBE NEWSWIRE) — As the podium of record for tech and innovation companies in the region, TechAlliance announces that London is recognized for the fourth consecutive year on the CBRE Scoring Tech Talent 2025. Making a promine…",https://financialpost.com/globe-newswire/london-on-a-catalyst-for-national-technology-sector-growth,,2025-09-10T22:13:49Z,"LONDON, Ontario, Sept. 10, 2025 (GLOBE NEWSWIRE) As the podium of record for tech and innovation companies in the region, TechAlliance announces that London is recognized for the fourth consecutive y… [+5904 chars]",technology
"{'id': None, 'name': 'GlobeNewswire'}",TechAlliance of Southwestern Ontario,"London, ON; A catalyst for national technology sector growth","LONDON, Ontario, Sept. 10, 2025 (GLOBE NEWSWIRE) -- As the podium of record for tech and innovation companies in the region, TechAlliance announces that London is recognized for the fourth consecutive year on the CBRE Scoring Tech Talent 2025. Making a promin…",https://www.globenewswire.com/news-release/2025/09/10/3148288/0/en/London-ON-A-catalyst-for-national-technology-sector-growth.html,https://ml.globenewswire.com/Resource/Download/fa1e4277-09ec-415f-9150-3797219380d8,2025-09-10T22:13:00Z,"LONDON, Ontario, Sept. 10, 2025 (GLOBE NEWSWIRE) -- As the podium of record for tech and innovation companies in the region, TechAlliance announces that London is recognized for the fourth consecutiv… [+3697 chars]",technology
"{'id': None, 'name': 'Forbes'}","Alison Griffin, Contributor, 
 Alison Griffin, Contributor
 https://www.forbes.com/sites/alisongriffin/","Two Initiatives, One Mission: Reshaping Workforce Development","Separated by geography and scale, Michigan Central and the Emergent Campus in Colorado represent bold attempts to reimagine how communities can retain and develop talent.",https://www.forbes.com/sites/alisongriffin/2025/09/10/two-initiatives-one-mission-reshaping-workforce-development/,https://imageio.forbes.com/specials-images/imageserve/68c1d64d0da940829f3ba3ab/0x0.jpg?format=jpg&height=900&width=1600&fit=bounds,2025-09-10T22:11:03Z,"Michigan Central Station in Detroit and the Emergent Campus in Florence, Colorado represent innovative models for transforming historic infrastructure into modern workforce development hubs that brid… [+11362 chars]",technology
"{'id': None, 'name': 'International Business Times'}",Adam Bent,Where Clean Meets Care: The Growth Story of CNS Cleaning Company,"For any business, keeping a space clean and safe is about more than appearances. It's about creating an environment where people can work, collaborate, and thrive. For over four decades, CNS Cleaning Company has been dedicated to helping businesses maintain t…",https://www.ibtimes.com/where-clean-meets-care-growth-story-cns-cleaning-company-3783054,https://d.ibtimes.com/en/full/4620797/president-william-bill-dunn-cns-team.png,2025-09-10T22:07:11Z,"For any business, keeping a space clean and safe is about more than appearances. It's about creating an environment where people can work, collaborate, and thrive. For over four decades, CNS Cleaning… [+4508 chars]",technology
"{'id': None, 'name': 'Forbes'}","Ewan Spence, Senior Contributor, 
 Ewan Spence, Senior Contributor
 https://www.forbes.com/sites/ewanspence/","Samsung Galaxy S25 FE, Galaxy Tab S11 And Samsung’s Galaxy AI Crusade","Samsung's Annika Bizon and Kadesh Beckford sit down to talk about the Galaxy S25 FE and Tab S11, and how they are opening up Galaxy AI to a wider audience.",https://www.forbes.com/sites/ewanspence/2025/09/10/samsung-galaxy-ai-interview-annika-bizon-kadesh-beckford-galaxy-s25-fe-tab-s11-ultra/,https://imageio.forbes.com/specials-images/imageserve/68c1f0e52da466f5dbea6421/0x0.jpg?format=jpg&height=900&width=1600&fit=bounds,2025-09-10T22:05:12Z,"Ewan Spence
You cant help but notice theres a huge push to bring the benefits of artificial intelligence to consumers, especially in the mobile space, with IDC noting an expected 910 million GenAI-c… [+4635 chars]",technology
"{'id': None, 'name': 'Science Daily'}",,Scientists just built a detector that could finally catch dark matter,"Physicists have unveiled a new superconducting detector sensitive enough to hunt dark matter particles smaller than electrons. By capturing faint photon signals, the device pushes the search into uncharted territory.",https://www.sciencedaily.com/releases/2025/09/250910000302.htm,https://www.sciencedaily.com/images/1920/superconducting-nanowire-single-photon-detector.webp,2025-09-10T22:03:17Z,"About 80 percent of the universe's mass is thought to consist of dark matter. And yet, little is known about the composition and structure of the particles that make up dark matter, presenting physic… [+2879 chars]",technology
"{'id': None, 'name': 'Macdailynews.com'}",MacDailyNews,Apple finally thinks different with new iPhone designs,"Apple’s iPhone 17 lineup marks a bold departure from years of iterative designs, introducing three distinct models tailored to different…
The post Apple finally thinks different with new iPhone designs appeared first on MacDailyNews.",https://macdailynews.com/2025/09/10/apple-finally-thinks-different-with-new-iphone-designs/,https://macdailynews.com/wp-content/uploads/2025/09/250909_iphone_air_01.png,2025-09-10T22:02:41Z,"iPhone Air is the thinnest iPhone ever, delivering pro performance, amazing new camera systems on the front and back, and fantastic all-day battery life.
Apples iPhone 17 lineup marks a bold departu… [+3217 chars]",technology
"{'id': 'techradar', 'name': 'TechRadar'}",Ruth Hamilton,"This new robot mower switches between LiDAR, RTK and cameras to make sure it never gets lost","Mammotion's latest lawnbot can handle shade, poor satellite signal, and yards filled with obstructions.",https://www.techradar.com/home/smart-home/this-new-robot-mower-switches-between-lidar-rtk-and-cameras-to-make-sure-it-never-gets-lost,https://cdn.mos.cms.futurecdn.net/MVnndxPRNaWBsSkvQw7vaV.jpg,2025-09-10T22:01:00Z,"Boundary wires might be rapidly becoming a thing of the past, but modern robot lawn mower navigation tech isn't without its problems. Most lawnbots find their way around using satellites, with an RTK… [+2364 chars]",technology
"{'id': None, 'name': 'AgWired'}",Cindy Zimmerman,Yield Lab Institute Launches H.A.R.V.E.S.T. AgTech,"The Yield Lab Institute (YLI) in St. Louis today announced the launch of H.A.R.V.E.S.T. AgTech, the next generation of a proven incubator that will further accelerate technical resources and funding for the global agtech startup community. H.A.R.V.E.S.T. (Har…",https://agwired.com/2025/09/10/yield-lab-institute-launches-h-a-r-v-e-s-t-agtech/,http://agwired.com/wp-content/uploads/2016/09/AW-agwired-alpha-full-color.png,2025-09-10T22:00:52Z,"The Yield Lab Institute (YLI) in St. Louis today announced the launch of H.A.R.V.E.S.T. AgTech, the next generation of a proven incubator that will further accelerate technical resources and funding … [+2144 chars]",technology
"{'id': None, 'name': 'OilPrice.com'}",James Durso,What can Central Asia Expect from Trump?,"The leaders of the five Central Asia republics attended the  Shanghai Cooperation Organization (SCO) Plus meeting in Tianjin, China, which concluded on 1 September. Twenty-four countries and the United Nations, and other multilateral organizations were repres…",https://oilprice.com/Geopolitics/Asia/What-can-Central-Asia-Expect-from-Trump.html,https://d32r1sh890xpii.cloudfront.net/article/718x300/2025-09-10_v82rrln03z.jpg,2025-09-10T22:00:00Z,"Central Asia is balancing economic…
Trumps second term could see…
China faces pressure to move…
By James Durso - Sep 10, 2025, 5:00 PM CDTThe leaders of the five Central Asia republics attended th… [+7419 chars]",technology
"{'id': None, 'name': 'Deadline'}",Dade Hayes,‘Sound Of Freedom’ Distributor Angel Studios Closes SPAC Merger; Stock To Start Trading Thursday,"Angel Studios, the emerging film distributor whose crowd-driven model drove the success of left-field hit Sound of Freedom in 2023, is officially going public. The company said it has closed its SPAC merger with Southport Acquisition Corp., and its shares wil…",http://deadline.com/2025/09/sound-of-freedom-angel-studios-closes-spac-merger-stock-market-1236528120/,https://deadline.com/wp-content/uploads/2023/07/MCDSOOF_ZU056.jpg?w=1024,2025-09-10T21:59:09Z,"Angel Studios, the emerging film distributor whose crowd-driven model drove the success of left-field hit Sound of Freedom in 2023, is officially going public.
The company said it has closed its SPA… [+3306 chars]",technology
"{'id': None, 'name': 'CNA'}",,Commentary: Who actually wants a thinner iPhone?,"The iPhone Air sacrifices battery life and camera performance at a premium price, says Dave Lee of Bloomberg Opinion.",https://www.channelnewsasia.com/commentary/iphone-air-apple-thin-phone-battery-camera-5341946,"https://dam.mediacorp.sg/image/upload/s--nYnmb0K---/c_fill,g_auto,h_676,w_1200/fl_relative,g_south_east,l_mediacorp:cna:watermark:2024-04:reuters_1,w_0.1/f_auto,q_auto/v1/one-cms/core/2025-09-09T211035Z_2_LYNXNPEL8810Q_RTROPTP_3_APPLE-EVENT.JPG?itok=5Wdhyhcw",2025-09-10T21:59:00Z,"NEW YORK: There was a time when thickness and weight were two main questions when buying new technology, maybe even the most important. Thats why, when Steve Jobs slipped a MacBook Air out of an enve… [+1391 chars]",technology
"{'id': None, 'name': 'sixcolors.com'}",Jason Snell,Thinking through Apple’s September 9 announcements,"Big day on Tuesday, as iPhone Days usually are. I think Apple’s big event this year was actually more impressive than it’s been for quite a while, and despite the flurry of leaks and rumors, I still managed to be surprised by several elements.…",https://sixcolors.com/post/2025/09/thinking-through-apples-september-9-announcements/,https://sixcolors.com/wp-content/uploads/2025/09/apple-iphone-17-color-lineup-250909-cleaned-6c.jpg,2025-09-10T21:56:54Z,"Big day on Tuesday, as iPhone Days usually are. I think Apples big event this year was actually more impressive than its been for quite a while, and despite the flurry of leaks and rumors, I still ma… [+18311 chars]",technology
"{'id': None, 'name': 'Histalk2.com'}",Jennifer,Morning Headlines 9/11/25,Daymark Health Raises $20M For In-Home Cancer Platform Virtual and ...,https://histalk2.com/2025/09/10/morning-headlines-9-11-25/,,2025-09-10T21:56:39Z,"Daymark Health Raises $20M For In-Home Cancer Platform
Virtual and in-home cancer care coordination startup Daymark Health announces $20 million in new funding, bringing its total raised within the … [+619 chars]",technology
"{'id': None, 'name': 'Tubefilter'}",Sam Gutelle,The parent company of Evernote and WeTransfer is acquiring pioneering video hub Vimeo for $1.38 billion,"Vimeo has found a buyer. The 21-year-old video hub has been acquired by Bending Spoons, a tech company that will pay $1.38 billion to pick up a platform that has long promoted artists and their work.
According to an announcement published on the Vimeo website…",https://www.tubefilter.com/2025/09/10/bending-spoons-buying-vimeo-acquisition-cash-deal/,https://www.tubefilter.com/wp-content/uploads/2025/09/vimeo-bending-spoons.jpg,2025-09-10T21:54:34Z,"Vimeo has found a buyer. The 21-year-old video hub has been acquired by Bending Spoons, a tech company that will pay $1.38 billion to pick up a platform that has long promoted artists and their work.… [+2306 chars]",technology
"{'id': None, 'name': 'GlobeNewswire'}",Uptown Aces,Free Spins No Deposit Casinos USA: Uptown Aces Launches New Free Spins Bonus,Free Spins No Deposit Casinos 2025: Uptown Aces Launches Free Spins Bonus Free Spins No Deposit Casinos 2025: Uptown Aces Launches Free Spins Bonus,https://www.globenewswire.com/news-release/2025/09/10/3148281/0/en/Free-Spins-No-Deposit-Casinos-USA-Uptown-Aces-Launches-New-Free-Spins-Bonus.html,https://ml.globenewswire.com/Resource/Download/110f9c09-90a1-4616-8f40-c9f4daa94679,2025-09-10T21:53:00Z,"New York, Sept. 10, 2025 (GLOBE NEWSWIRE) -- 
Uptown Aces has introduced a new free spins bonus to offer players more playtime with endless winning possibilities. CasinoTop10.net, a renowned platfor… [+9191 chars]",technology
"{'id': None, 'name': 'Japan Today'}",,Gravitational waves from black hole smash confirm Hawking theory,"Ripples in spacetime sent hurtling through the universe when two black holes smash into each other -- a phenomenon predicted by Albert Einstein -- have confirmed a theory proposed by fellow physicist Stephen Hawking over 50 years ago, scientists announced Wed…",https://japantoday.com/category/tech/gravitational-waves-from-black-hole-smash-confirm-hawking-theory,,2025-09-10T21:49:53Z,Ripples in spacetime sent hurtling through the universe when two black holes smash into each other -- a phenomenon predicted by Albert Einstein -- have confirmed a theory proposed by fellow physicist… [+3677 chars],technology
"{'id': None, 'name': 'Lwn.net'}",Bogdanp,KDE launches its own distribution (again),"Article URL: https://lwn.net/SubscriberLink/1037166/caa6979c16a99c9e/
Comments URL: https://news.ycombinator.com/item?id=45204393
Points: 10
# Comments: 2",https://lwn.net/SubscriberLink/1037166/caa6979c16a99c9e/,,2025-09-10T21:49:36Z,"<table><tr><td>Welcome to LWN.net
The following subscription-only content has been made available to you 
by an LWN subscriber. Thousands of subscribers depend on LWN for the 
best news from the L… [+11521 chars]",technology
"{'id': None, 'name': 'Japan Today'}",,David Bowie archive opens in London chronicling five decades of icon's restless creativity,"When David Bowie died in 2016, he left a vast musical legacy – and a trove of unrealized projects. Tantalizing details of those abandoned and unfinished ideas are revealed in Bowie’s archive, which opens to the public this week. The 90,000 items acquired from…",https://japantoday.com/category/entertainment/david-bowie%27s-archive-opens-to-the-public.-fans-can-see-and-touch-1000s-of-his-items,,2025-09-10T21:48:46Z,"When David Bowie died in 2016, he left a vast musical legacy and a trove of unrealized projects.
Tantalizing details of those abandoned and unfinished ideas are revealed in Bowies archive, which ope… [+4830 chars]",technology
"{'id': None, 'name': 'Inside the Magic'}",Chloe James,Two Week Warning: Disney Permanently Closing ‘Star Wars’ Attraction,"Disney is set to close a longtime Star Wars attraction forever in just two weeks. Disney’s theme park love affair with a galaxy far, far away started long before the company took over Lucasfilm. In 1987, Disneyland introduced Star Tours, a motion-simulator ri…",https://insidethemagic.net/2025/09/disney-permanently-closing-star-wars-attraction-cj1/,https://insidethemagic.net/wp-content/uploads/2025/09/star-wars-launch-bay-darth-vader.jpg,2025-09-10T21:48:28Z,"Disney’s theme park love affair with a galaxy far, far away started long before the company took over Lucasfilm. In 1987, Disneyland introduced Star Tours, a motion-simulator ride that immersed guest… [+1025 chars]",technology
"{'id': 'newsweek', 'name': 'Newsweek'}",Saajan Jogia,NASCAR's Ross Chastain and Trackhouse Extend Deal With Key Partner,Moose Fraternity has supported Ross Chastain since 2020.,https://www.newsweek.com/sports/racing/nascars-ross-chastain-trackhouse-extend-deal-key-partner-2127840,https://d.newsweek.com/en/full/2719942/ross-chastain.jpg,2025-09-10T21:46:46Z,Moose Fraternity will continue to support NASCAR's Ross Chastain and the Trackhouse Racing team until the end of 2027 after a new contract extension was signed. The service organization has been back… [+2746 chars],technology
"{'id': None, 'name': 'pymnts.com'}",PYMNTS,Sam’s Club Rolls Out AI for Managers,"Sam’s Club is moving artificial intelligence out of the back office and onto the sales floor. The Walmart-owned retailer is giving frontline managers enterprise-grade AI tools to help them make decisions faster and free them from repetitive tasks, according t…",http://www.pymnts.com/news/artificial-intelligence/2025/sams-club-rolls-out-ai-managers/,https://www.pymnts.com/wp-content/uploads/2019/12/Sams-Club.jpg,2025-09-10T21:46:33Z,Sams Club is moving artificial intelligence out of the back office and onto the sales floor.The Walmart-owned retailer is giving frontline managers enterprise-grade AI tools to help them make decisio… [+2249 chars],technology
"{'id': None, 'name': 'Motley Fool Australia'}",James Mickleboro,Why these ASX ETFs could be strong buy and hold picks,"Here are three funds that could do the business over the next decade and beyond.
The post Why these ASX ETFs could be strong buy and hold picks appeared first on The Motley Fool Australia.",https://www.fool.com.au/2025/09/11/why-these-asx-etfs-could-be-strong-buy-and-hold-picks/,https://www.fool.com.au/wp-content/uploads/2022/02/Boy-and-dad-flex-muscles-16_9-1200x675.jpg,2025-09-10T21:46:00Z,"When it comes to long-term investing, exchange-traded funds (ETFs) can be a simple yet powerful way to build wealth.
Instead of betting on one stock, you gain exposure to tens, hundreds, or even tho… [+2347 chars]",technology
"{'id': None, 'name': 'Discover Magazine'}",Stephanie Edwards,A 242-Million-Year-Old Fossil Has Drastically Altered the Story of Lizard Evolution,Learn how an ancient lizard ancestor’s unique physical characteristics have shocked paleontologists.,https://www.discovermagazine.com/a-242-million-year-old-fossil-has-drastically-altered-the-story-of-lizard-evolution-48013,https://cdn.discovermagazine.com/assets/image/57306/lizard-species-x.jpg,2025-09-10T21:45:00Z,"A 242-million-year-old fossil found on a beach in Devon, England, is changing what we know about lizard evolution. A new study, published in Nature, details how this ancient reptile is giving scienti… [+4042 chars]",technology
"{'id': None, 'name': 'Japan Today'}",,South Korea asks U.S. to let detained workers leave without handcuffs,South Korea asked its ally the United States on Wednesday to allow hundreds of Korean workers to leave the country quickly and without handcuffs after they were detained in an immigration raid on a Hyundai construction site in the state of Georgia. South Kore…,https://japantoday.com/category/world/south-korea-asks-us-to-let-detained-workers-leave-without-handcuffs,,2025-09-10T21:44:06Z,South Korea asked its ally the United States on Wednesday to allow hundreds of Korean workers to leave the country quickly and without handcuffs after they were detained in an immigration raid on a H… [+3613 chars],technology
"{'id': None, 'name': 'SiliconANGLE News'}",Maria Deutscher,Arm debuts AI-optimized Lumex chip lineup for mobile devices,"Arm Holdings plc today introduced a new portfolio of chip designs that handset makers can use to develop mobile processors. The product family is known as Lumex. It includes central processing units, graphics processing units and an interconnect module. Smart…",https://siliconangle.com/2025/09/10/arm-debuts-ai-optimized-lumex-chip-lineup-mobile-devices/,https://d15shllkswkct0.cloudfront.net/wp-content/blogs.dir/1/files/2025/09/Arm.jpg,2025-09-10T21:41:46Z,"Arm Holdings plc today introduced a new portfolio of chip designs that handset makers can use to develop mobile processors.
The product family is known as Lumex. It includes central processing units… [+4611 chars]",technology
"{'id': None, 'name': 'Forbes'}","Chloe Sorvino, Forbes Staff, 
 Chloe Sorvino, Forbes Staff
 https://www.forbes.com/sites/fresh-take/",MAHA Report Abandons Pesticide Reform,"This week’s Fresh Take newsletter also covers food giant Nestlé firing its CEO due to scandal, Texas being sued over its lab-grown meat ban and more.",https://www.forbes.com/sites/fresh-take/2025/09/10/maha-report-abandons-pesticide-reform/,https://imageio.forbes.com/specials-images/imageserve/68c1f0db4444a198f10e264e/0x0.jpg?format=jpg&height=900&width=1600&fit=bounds,2025-09-10T21:41:33Z,"Lunchables served at Pembroke Elementary School, September 2023 in Pembroke, N.C.
Matt McClain/The Washington Post via Getty Images
Amid calls for Robert F. Kennedy Jr. to resign, including from th… [+6196 chars]",technology
"{'id': None, 'name': 'Snopes.com'}",Joey Esposito,Unpacking claims Hyundai is closing Georgia plant following ICE raid,"An operation by U.S. Immigration and Customs Enforcement detained 475 workers at a Hyundai ""megasite"" in Georgia in early September 2025.",https://www.snopes.com/news/2025/09/10/ice-hyundai-plant-georgia/,https://media.zenfs.com/en/snopes_632/c765eba9305bd1d144846fc24d4a4ec8,2025-09-10T21:35:00Z,"Claims that car manufacturer Hyundai would be closing down a sprawling auto plant ""megasite"" located in rural Georgia spread across the internet in early September 2025. 
The rumor spread following … [+7407 chars]",technology
"{'id': None, 'name': 'Snopes.com'}",Joey Esposito,Unpacking claims Hyundai is closing Georgia plant following ICE raid,"An operation by U.S. Immigration and Customs Enforcement detained 475 workers at a Hyundai ""megasite"" in Georgia in early September 2025.",https://www.snopes.com//news/2025/09/10/ice-hyundai-plant-georgia/,https://mediaproxy.snopes.com/width/1200/https://media.snopes.com/2025/09/hyundaiice.png,2025-09-10T21:35:00Z,"Claims that car manufacturer Hyundai would be closing down a sprawling auto plant ""megasite"" located in rural Georgia spread across the internet in early September 2025. 
The rumor spread following … [+7406 chars]",technology
"{'id': None, 'name': '9to5Toys'}",Simon Walsh,"Apple’s fast charging Apple Watch cable has a $29 list price, this LISEN offering is just $16 for Prime members","LISEN Fast Charging Apple Watch USB-C Cable



Buy for $16 (Reg. $30)



Prime-exclusive discount. Clip the on-page 20% off coupon.














What we love




While the official fast charging Apple Watch cable is listed for $29, it’s currently $24 at A…",http://9to5toys.com/2025/09/10/lisen-fast-charging-apple-watch-usb-c-cable/,https://i0.wp.com/9to5toys.com/wp-content/uploads/sites/5/2025/09/LISEN-Fast-Charging-Apple-Watch-USB-C-Cable.jpg?resize=1200%2C628&ssl=1,2025-09-10T21:35:00Z,"Prime-exclusive discount. Clip the on-page 20% off coupon.
What we love
While the official fast charging Apple Watch cable is listed for $29, its currently $24 at Amazon right now. That said, this … [+2720 chars]",technology
"{'id': 'techcrunch', 'name': 'TechCrunch'}",Maxwell Zeff,Thinking Machines Lab wants to make AI models more consistent | TechCrunch,"In a blog post shared Wednesday, Mira Murati's startup offered a rare glimpse into some of work its doing to improve AI models.",https://techcrunch.com/2025/09/10/thinking-machines-lab-wants-to-make-ai-models-more-consistent/,https://techcrunch.com/wp-content/uploads/2025/04/GettyImages-2188124206.jpg?w=1024,2025-09-10T21:32:45Z,There’s been great interest in what Mira Murati’s Thinking Machines Lab is building with its $2 billion in seed funding and the all-star team of former OpenAI researchers who have joined the lab. In … [+3302 chars],technology
"{'id': None, 'name': 'Languagehat.com'}",languagehat,Selangor’s Stannum and Swarf.,"A reader sent me Edward Denny’s Atlas Obscura post World’s Largest Pewter Tankard, saying: There are a few things of linguistic interest here, including a few little puns, but the paragraph that caught my eye was: “The company received a royal warrant in 1979…",https://languagehat.com/selangors-stannum-and-swarf/,,2025-09-10T21:32:12Z,"A reader sent me Edward Denny’s Atlas Obscura post Worlds Largest Pewter Tankard, saying:
There are a few things of linguistic interest here, including a few little puns, but the paragraph that caug… [+2439 chars]",technology
"{'id': None, 'name': 'Theregister.com'}",Iain Thomson,"AI can't be woke and regulators should be asleep, Senator Cruz says","We went through two hours of Senate hearings so you didn't have to Video  The Trump administration is pushing to loosen federal rules on AI, with Senator Ted Cruz (R-TX) introducing legislation to give developers a two-year waiver from certain regulations, re…",https://www.theregister.com/2025/09/10/ai_cruz_sandbox/,https://regmedia.co.uk/2025/09/10/shutterstock_2186937123.jpg,2025-09-10T21:31:10Z,"Video The Trump administration is pushing to loosen federal rules on AI, with Senator Ted Cruz (R-TX) introducing legislation to give developers a two-year waiver from certain regulations, renewable … [+4454 chars]",technology
"{'id': None, 'name': 'Search Engine Journal'}",Roger Montti,"Google Retiring Core Web Vitals CrUX Dashboard via @sejournal, @martinibuster","Google announced the deprecation of Looker Studio-based CrUX dashboard and promoted the CrUX Vis alternative.
The post Google Retiring Core Web Vitals CrUX Dashboard appeared first on Search Engine Journal.",https://www.searchenginejournal.com/google-retiring-core-web-vitals-dashboard/555714/,https://www.searchenginejournal.com/wp-content/uploads/2025/09/google-crux-dashboard-934.jpg,2025-09-10T21:30:42Z,"Google has announced that the CrUX Dashboard, the Looker Studio-based visualization tool for CrUX data, will be retired at the end of November 2025. The reason given for the deprecation is that it wa… [+2128 chars]",technology
"{'id': None, 'name': 'Search Engine Journal'}",Roger Montti,"Google Retiring Core Web Vitals CrUX Dashboard via @sejournal, @martinibuster","Google announced the deprecation of Looker Studio-based CrUX dashboard and promoted the CrUX Vis alternative.
The post Google Retiring Core Web Vitals CrUX Dashboard appeared first on Search Engine Journal.",https://www.searchenginejournal.com/google-retiring-core-web-vitals-crux-dashboard/555714/,https://www.searchenginejournal.com/wp-content/uploads/2025/09/google-crux-dashboard-934.jpg,2025-09-10T21:30:42Z,"Google has announced that the CrUX Dashboard, the Looker Studio-based visualization tool for CrUX data, will be retired at the end of November 2025. The reason given for the deprecation is that it wa… [+2128 chars]",technology
"{'id': None, 'name': 'Yahoo Entertainment'}",Moz Farooque ACCA,Citi Hires IBM Veteran To Lead Global AI Push,Shobhit Varshney to report directly to COO Anand Selva,https://finance.yahoo.com/news/citi-hires-ibm-veteran-lead-213016865.html,https://media.zenfs.com/en/us.finance.gurufocus/a687242bf20a490d3517f58f9f23f8c8,2025-09-10T21:30:16Z,"This article first appeared on GuruFocus.
Citigroup (NYSE:C) has tapped a longtime IBM (NYSE:IBM) executive to sharpen its artificial intelligence strategy, underscoring how Wall Street firms are ra… [+724 chars]",technology
"{'id': None, 'name': 'Www.gov.uk'}",Ministry of Defence,Groundbreaking Ukraine tech sharing agreement to deliver drones and support jobs,‘First of its kind’ industrial partnership allows the UK and Ukraine to share detailed designs for cutting-edge air defence drones and other equipment.,https://www.gov.uk/government/news/groundbreaking-ukraine-tech-sharing-agreement-to-deliver-drones-and-support-jobs,https://assets.publishing.service.gov.uk/media/68c1990ed65a1a2a5172a965/s960_E5_meeting_2.jpg,2025-09-10T21:30:02Z,The UK will manufacture and jointly develop cutting-edge military equipment with Ukrainian industry through a groundbreaking new technology sharing agreement which will support British jobs and stren… [+6266 chars],technology
"{'id': None, 'name': 'Variety'}",Todd Spangler,‘Sound of Freedom’ Producer Angel Studios Closes Deal to Become Publicly Traded Company Valued at $1.6 Billion,"Angel Studios, which has built up a portfolio of faith-based movies and TV shows and has 1.5 million members of its Angel Guild program, has completed a merger deal to become a publicly traded company. The money-losing company, whose biggest hit is religious …",https://variety.com/2025/film/news/angel-studios-spac-deal-publicly-traded-stock-1236514593/,https://variety.com/wp-content/uploads/2023/07/MCDSOOF_ZU051.jpg?w=1000&h=563&crop=1,2025-09-10T21:30:00Z,"Angel Studios, which has built up a portfolio of faith-based movies and TV shows and has 1.5 million members of its Angel Guild program, has completed a merger deal to become a publicly traded compan… [+4561 chars]",technology
"{'id': None, 'name': 'GlobeNewswire'}",Opendoor Technologies Inc.,Opendoor Names Kaz Nejatian as CEO; Founders Rabois and Wu Rejoin Board,"SAN FRANCISCO, Sept. 10, 2025 (GLOBE NEWSWIRE) -- Opendoor Technologies Inc. (Nasdaq: OPEN) today announced that Kaz Nejatian, Chief Operating Officer of Shopify, has been appointed Chief Executive Officer and member of the Board of Directors. Co-Founders Kei…",https://www.globenewswire.com/news-release/2025/09/10/3148276/0/en/Opendoor-Names-Kaz-Nejatian-as-CEO-Founders-Rabois-and-Wu-Rejoin-Board.html,https://ml.globenewswire.com/Resource/Download/f797869f-24a6-4e6f-9879-c26984ed136f,2025-09-10T21:30:00Z,"<ul><li>Nejatian, Chief Operating Officer of Shopify, to Lead Companys Next Chapter as AI-Powered Real Estate Platform</li><li>Keith Rabois and Eric Wu Bring Back Founder DNA to Company with Rabois A… [+12852 chars]",technology
"{'id': None, 'name': 'GlobeNewswire'}",Mesa Revenue Partners,Mesa Revenue Partners Celebrates 50 Years of Trusted Debt Recovery Solutions,"Mesa Revenue Partners celebrates 50 years of delivering transparent, results-driven B2B debt recovery, helping businesses of all sizes protect their cash flow through a proven three-phase process. Mesa Revenue Partners celebrates 50 years of delivering transp…",https://www.globenewswire.com/news-release/2025/09/10/3148274/0/en/Mesa-Revenue-Partners-Celebrates-50-Years-of-Trusted-Debt-Recovery-Solutions.html,,2025-09-10T21:30:00Z,"Mesa, AZ, Sept. 10, 2025 (GLOBE NEWSWIRE) -- Mesa Revenue Partners (MRP) celebrates 50 years of helping businesses recover debt, protect cash flow through transparent and results-driven solutions. Fo… [+3624 chars]",technology
"{'id': None, 'name': 'GlobeNewswire'}",Domo Tactical Communications (DTC),DTC Launches Sentry 6161 Mesh MANET Radio,"Sovereign, Military Grade Mesh MANET Radio to Transition Legacy Forces and Enable Next Generation Soldier Systems Sovereign, Military Grade Mesh MANET Radio to Transition Legacy Forces and Enable Next Generation Soldier Systems",https://www.globenewswire.com/news-release/2025/09/10/3148273/0/en/DTC-Launches-Sentry-6161-Mesh-MANET-Radio.html,https://ml.globenewswire.com/Resource/Download/3e3d7edb-3826-4906-97f9-1663c18839ba,2025-09-10T21:28:00Z,"LONDON, Sept. 10, 2025 (GLOBE NEWSWIRE) -- DTC today announced the broad market launch of the Sentry 6161, a militaryfocused mesh MANET radio engineered to meet the demanding needs of frontline force… [+6547 chars]",technology
"{'id': 'the-verge', 'name': 'The Verge'}",Elissa Welle,Ted Cruz’s new bill would let AI companies set their own rules for up to 10 years,"On Wednesday, Sen. Ted Cruz introduced legislation to create a regulation ""sandbox"" that would allow artificial intelligence companies to experiment with minimal federal oversight. The SANDBOX Act, if passed by Congress, would allow companies to apply for mod…",https://www.theverge.com/ai-artificial-intelligence/776130/senator-ted-cruz-ai-sandbox-bill,https://platform.theverge.com/wp-content/uploads/sites/2/chorus/uploads/chorus_asset/file/16023601/1136200773.jpg.jpg?quality=90&strip=all&crop=0%2C13.607955786092%2C100%2C72.784088427815&w=1200,2025-09-10T21:25:20Z,"<ul><li></li><li></li><li></li></ul>
The SANDBOX Act would let companies request exemptions from regulation for AI products and services and let the White House override agencies that say no.
The S… [+3166 chars]",technology
"{'id': None, 'name': 'MobileSyrup'}",Brad Bennett,AirPods Pro 3 hands-on: Goodbye world,"Apple has made its best earbuds even better with the launch of the new AirPods Pro 3 units. The company promises that they’ll sound clearer, fit better and can even translate audio on the fly. I was unable to test out the translations, but I did learn that th…",https://mobilesyrup.com/2025/09/10/airpods-pro-3-hands-on-goodbye-world/,https://prod-static.mobilesyrup.com/uploads/2025/09/airpods-pro-3-in-hand-scaled.jpg,2025-09-10T21:17:41Z,"Apple has made its best earbuds even better with the launch of the new AirPods Pro 3 units. The company promises that they’ll sound clearer, fit better and can even translate audio on the fly.
I was… [+2721 chars]",technology
"{'id': None, 'name': 'Bringatrailer.com'}",bringatrailer,26-Years-Owned 1962 Jaguar Mk II 3.8 5-Speed,"This 1962 Jaguar Mk II was built in December 1961 and dispatched to the United States, and the seller purchased the car around 1999 and oversaw a refurbishment that was conducted by Paladin Autoworks Ltd of Bellevue, Washington, and was completed in 2005. The…",https://bringatrailer.com/listing/1962-jaguar-mk-ii-39/,https://bringatrailer.com/wp-content/uploads/2025/08/1963_jaguar_mk-ii_exterior-6-54110.jpg,2025-09-10T21:16:45Z,"This 1962 Jaguar Mk II was built in December 1961 and dispatched to the United States, and the seller purchased the car around 1999 and oversaw a refurbishment that was conducted by Paladin Autoworks… [+5696 chars]",technology
"{'id': None, 'name': 'Nextgov'}",Natalie Alms,Stephen Ehikian says GSA is primed for a ‘build back’ phase after his departure,"The former acting head of GSA is now working at enterprise AI company C3 AI, which sees growing opportunity for federal, state and local business.",https://www.nextgov.com/modernization/2025/09/stephen-ehikian-says-gsa-primed-build-back-phase-after-his-departure/408024/,https://cdn.nextgov.com/media/img/cd/2025/09/10/0976/open-graph.jpg,2025-09-10T21:16:00Z,"Stephen Ehikian, the acting head of the General Services Administration for the first six months of Trump 2.0 until his recent departure, says hes left the agency in a better position than when he st… [+5575 chars]",technology
"{'id': None, 'name': 'Amazon.com'}",Mahak Arora,DISA STIG for Amazon Linux 2023 is now available,"Today, we announce the availability of a Security Technical Implementation Guide (STIG) for Amazon Linux 2023 (AL2023), developed through collaboration between Amazon Web Services (AWS) and the Defense Information Systems Agency (DISA). The STIG guidelines ar…",https://aws.amazon.com/blogs/compute/disa-stig-for-amazon-linux-2023-is-now-available/,https://d2908q01vomqb2.cloudfront.net/1b6453892473a467d07372d45eb05abc2031647a/2025/09/10/ComputeBlog-2443-featured-images-1120x630.png,2025-09-10T21:15:43Z,"Today, we announce the availability of a Security Technical Implementation Guide (STIG) for Amazon Linux 2023 (AL2023), developed through collaboration between Amazon Web Services (AWS) and the Defen… [+4240 chars]",technology
"{'id': 'abc-news-au', 'name': 'ABC News (AU)'}",Keane Bourke,Premier coy on whether alleged war crimes raised with Israel ambassador,"WA's premier refuses to say whether he raised war crime allegations with Israel's ambassador to Australia when the pair met, amid growing international concern about the provision of aid in Gaza.",https://www.abc.net.au/news/2025-09-11/roger-cook-meeting-israeli-ambassador-amir-maimon/105752728,https://live-production.wcms.abc-cdn.net.au/bad2d4ea63a341a950d8fcd4bd8dd3be?impolicy=wcms_watermark_news&cropH=2813&cropW=5000&xPos=0&yPos=197&width=862&height=485&imformat=generic,2025-09-10T21:14:46Z,"WA's premier is refusing to say whether he raised war crime allegations with Israel's ambassador to Australia, when the pair met amid growing international concern about the provision of aid in Gaza.… [+5961 chars]",technology
"{'id': None, 'name': 'Bringatrailer.com'}",bringatrailer,2012 BMW X5 xDrive35d at No Reserve,"This 2012 BMW X5 xDrive35d has been registered in California from new, and 114k of the 146k miles have been added since the seller purchased the truck in August 2015. It is finished in Platinum Gray Metallic over Oyster Nevada leather and is powered by a turb…",https://bringatrailer.com/listing/2012-bmw-x5-42/,https://bringatrailer.com/wp-content/uploads/2025/08/2012_bmw_x5_bmwx5-99-11281.jpeg,2025-09-10T21:14:24Z,"This 2012 BMW X5 xDrive35d has been registered in California from new, and 114k of the 146k miles have been added since the seller purchased the truck in August 2015. It is finished in Platinum Gray … [+2890 chars]",technology
"{'id': None, 'name': 'Odditycentral.com'}",Spooky,"In China, You Need to Watch Ads to Get Toilet Paper at Public Toilets","Videos featuring smart toilet paper dispensers that require people to watch short ads to receive toilet paper strips in public toilets have gone viral in China. Ever since it started its new era of booming national tourism, China has experimented with ingenio…",https://www.odditycentral.com/news/in-china-you-need-to-watch-ads-to-get-toilet-paper-at-public-toilets.html,https://www.odditycentral.com/wp-content/uploads/2025/09/smart-toilet-paper-dispenser.webp,2025-09-10T21:14:04Z,"Videos featuring smart toilet paper dispensers that require people to watch short ads to receive toilet paper strips in public toilets have gone viral in China.
Ever since it started its new era of … [+1777 chars]",technology
"{'id': None, 'name': 'Notebookcheck.net'}",Andrew Sozinov,From robot vacuums to hypercars: Dreame shows 'world's fastest' EV to rival Bugatti,"Dreame, the brand behind robot vacuums, has unveiled first renders of a “world’s fastest” electric hypercar, taking aim at Bugatti. A Chiron-inspired design and minimalist cabin preview a CES debut next year, with production eyed for 2027.",https://www.notebookcheck.net/From-robot-vacuums-to-hypercars-Dreame-shows-world-s-fastest-EV-to-rival-Bugatti.1111159.0.html,https://www.notebookcheck.net/fileadmin/Notebooks/News/_nc5/From-robot-vacuums-to-hypercars-Dreame-shows-worlds-fastest-EV-to-rival-Bugatti_01.png,2025-09-10T21:10:00Z,"Dreame Technology, the company better known for robot vacuums and smart home gadgets, has made an audacious leap into the world of high-performance automobiles. On September 10, company founder Yu Ha… [+2171 chars]",technology
"{'id': None, 'name': 'Yahoo Entertainment'}",The Associated Press,Gulf States Sportswatch Daily Listings,SECN The Associated Press created this story using technology provided by Data Skrive TV listings provided by LiveSportsOnTV.,https://sports.yahoo.com/article/gulf-states-sportswatch-daily-listings-210528922.html,https://s.yimg.com/cv/apiv2/social/images/yahoo_default_logo-1200x1200.png,2025-09-10T21:05:28Z,"South Carolina at Alabama SECN
The Associated Press created this story using technology provided by Data Skrive TV listings provided by LiveSportsOnTV.",technology
"{'id': None, 'name': 'Yahoo Entertainment'}",The Associated Press,Pacific Northwest Sportswatch Daily Listings,BTN Los Angeles at Seattle — MLBN The Associated Press created this story using technology provided by Data Skrive TV listings provided by LiveSportsOnTV.,https://sports.yahoo.com/article/pacific-northwest-sportswatch-daily-listings-210515176.html,https://s.yimg.com/cv/apiv2/social/images/yahoo_default_logo-1200x1200.png,2025-09-10T21:05:15Z,"Washington at Southern Cal BTN
Los Angeles at Seattle MLBN
The Associated Press created this story using technology provided by Data Skrive TV listings provided by LiveSportsOnTV.",technology
"{'id': 'fox-sports', 'name': 'Fox Sports'}",,Justin Herbert on 'Rearview': Chargers Are 'Steps Ahead' of Last Season,"Quentin Johnston's growth and a win against the Chiefs had Justin Herbert feeling confident in his Chargers during his appearance on Mark Sanchez's FOX Sports series, Rearview.",https://www.foxsports.com/stories/nfl/mark-sanchez-podcast-justin-herbert-los-angeles-chargers,https://a57.foxsports.com/statics.foxsports.com/www.foxsports.com/content/uploads/2025/09/1408/814/16x9-1-2.jpg?ve=1&tl=1,2025-09-10T23:19:25Z,"Could the Los Angeles Chargers be the team to beat in the AFC West?
Before the 2025 season started, hype surrounded the Kansas City Chiefs and Denver Broncos. The defending conference and division c… [+3641 chars]",sports
"{'id': None, 'name': 'Slashdot.org'}",feedfeeder,Late-game kickoff decision among Ben Johnson's regrets in Bears' loss - Marquee Sports Network,"Late-game kickoff decision among Ben Johnson's regrets in Bears' lossMarquee Sports Network 5 ways the Bears collapsed, and why it's vital to rebound SundayESPN Former Bears star raises major concern over QB Caleb WilliamsYahoo Sports 5 things that stood out …",https://slashdot.org/firehose.pl?op=view&amp;id=179150242,,2025-09-10T23:13:03Z,"""Remember, extremism in the nondefense of moderation is not a virtue.""
-- Peter Neumann, about usenet",sports
"{'id': None, 'name': 'Slashdot.org'}",feedfeeder,Dana White responds to rumor that Canelo Alvarez will make $100 million for Terence Crawford super fight - Bloody Elbow,Dana White responds to rumor that Canelo Alvarez will make $100 million for Terence Crawford super fightBloody Elbow 'I have to win': How competition -- in everything -- drives Crawford ahead of Canelo fightESPN Terence Crawford addresses shoulder injury rumo…,https://slashdot.org/firehose.pl?op=view&amp;id=179150232,,2025-09-10T23:12:53Z,"""Remember, extremism in the nondefense of moderation is not a virtue.""
-- Peter Neumann, about usenet",sports
"{'id': 'fox-sports', 'name': 'Fox Sports'}",,FanDuel Sportsbook Canelo Alvarez vs Terence Crawford: How to Bet on Canelo vs Crawford With FanDuel,Megafight Canelo Alvarez vs Terence Crawford: How to Bet on Canelo vs Crawford With FanDuel,https://www.foxsports.com/stories/betting/fanduel-sportsbook-canelo-alvarez-vs-terence-crawford-how-bet-canelo-vs-crawford-fanduel,https://a57.foxsports.com/statics.foxsports.com/www.foxsports.com/content/uploads/2025/09/1408/814/canelocrawford1-scaled.jpg?ve=1&tl=1,2025-09-10T23:11:58Z,"This page may contain affiliate links to legal sports betting partners. If you sign up or place a wager, FOX Sports may be compensated. Read more about Sports Betting on FOX Sports
.
FanDuel promo … [+2431 chars]",sports
"{'id': 'newsweek', 'name': 'Newsweek'}",Reice Shipley,49ers' Kyle Shanahan Shares Worrying Injury Update on Brock Purdy,"49ers head coach Kyle Shanahan describes Brock Purdy as a ""long shot"" to play in Week 2.",https://www.newsweek.com/sports/nfl/49ers-kyle-shanahan-shares-worrying-injury-update-brock-purdy-2127943,https://d.newsweek.com/en/full/2720074/49ers-brock-purdy.jpg,2025-09-10T23:11:45Z,"The San Francisco 49ers are set to face off with the New Orleans Saints in Week 2. But unfortunately for 49ers fans, according to 49ers head coach Kyle Shanahan, Brock Purdy may not be suiting up at … [+2334 chars]",sports
"{'id': 'fox-sports', 'name': 'Fox Sports'}",,"Where to Bet on Canelo Alvarez vs Terence Crawford Including DraftKings, FanDuel and BetMGM","Where to Bet on Canelo Alvarez vs Terence Crawford Including DraftKings, FanDuel and BetMGM",https://www.foxsports.com/stories/boxing/where-bet-canelo-alvarez-vs-terence-crawford-including-draftkings-fanduel-betmgm,https://a57.foxsports.com/statics.foxsports.com/www.foxsports.com/content/uploads/2025/09/1408/814/gettyimages-2222552093-scaled.jpg?ve=1&tl=1,2025-09-10T23:11:42Z,"This page may contain affiliate links to legal sports betting partners. If you sign up or place a wager, FOX Sports may be compensated. Read more about Sports Betting on FOX Sports
.
Two of the big… [+4067 chars]",sports
"{'id': 'fox-sports', 'name': 'Fox Sports'}",,"DraftKings Sportsbook Promo for Canelo vs Crawford: Bet $5, Get $200 Instantly on the Fight","DraftKings Sportsbook: Bet $5, Get $200 Instantly on the Megafight.",https://www.foxsports.com/stories/betting/draftkings-sportsbook-promo-canelo-vs-crawford-bet-5-get-200-instantly-fight,https://a57.foxsports.com/statics.foxsports.com/www.foxsports.com/content/uploads/2025/09/1408/814/alvarezbud-scaled.jpg?ve=1&tl=1,2025-09-10T23:11:27Z,"This page may contain affiliate links to legal sports betting partners. If you sign up or place a wager, FOX Sports may be compensated. Read more about Sports Betting on FOX Sports
.
Two of the big… [+2744 chars]",sports
"{'id': 'fox-sports', 'name': 'Fox Sports'}",,"Commanders vs Packers Odds: How to Bet on Thursday Night Football With DraftKings, FanDuel, BetMGM and More","How to Bet on Thursday Night Football; Commanders vs Packers With DraftKings, FanDuel, BetMGM and More",https://www.foxsports.com/stories/betting/commanders-vs-packers-odds-how-bet-thursday-night-football-draftkings-fanduel-betmgm-more,https://a57.foxsports.com/statics.foxsports.com/www.foxsports.com/content/uploads/2025/09/1408/814/parsonslove-scaled.jpg?ve=1&tl=1,2025-09-10T23:11:09Z,"This page may contain affiliate links to legal sports betting partners. If you sign up or place a wager, FOX Sports may be compensated. Read more about Sports Betting on FOX Sports
.
Week 2 of the … [+4076 chars]",sports
"{'id': 'fox-sports', 'name': 'Fox Sports'}",,"Bet365 Bonus Code: Bet $5, Get $300 on Thursday Night Football Plus Exciting Super Boost for the Game","Bet365 Promo: Bet $5, Get $300 on Thursday Night Football Plus Super Boost for the Game.",https://www.foxsports.com/stories/betting/bet365-bonus-code-bet-5-get-300-thursday-night-football-plus-exciting-super-boost-game,https://a57.foxsports.com/statics.foxsports.com/www.foxsports.com/content/uploads/2024/05/1408/814/Jordan-Love-H.jpg?ve=1&tl=1,2025-09-10T23:10:51Z,"This page may contain affiliate links to legal sports betting partners. If you sign up or place a wager, FOX Sports may be compensated. Read more about Sports Betting on FOX Sports
.
Bet365 Bonus C… [+4938 chars]",sports
"{'id': 'fox-sports', 'name': 'Fox Sports'}",,"FanDuel Sportsbook: How to Bet on Commanders vs Packers, $300 FanDuel Promo Code, No Sweat Bet Token and More","FanDuel Promo: Bet $5, Get $300 if Your Commanders vs Packers Bet Wins,",https://www.foxsports.com/stories/betting/fanduel-sportsbook-how-bet-commanders-vs-packers-300-fanduel-promo-code-no-sweat-bet-token-more,https://a57.foxsports.com/statics.foxsports.com/www.foxsports.com/content/uploads/2025/09/1408/814/jayden-daniels-hor-scaled.jpg?ve=1&tl=1,2025-09-10T23:10:36Z,"This page may contain affiliate links to legal sports betting partners. If you sign up or place a wager, FOX Sports may be compensated. Read more about Sports Betting on FOX Sports
.
FanDuel Promo … [+2513 chars]",sports
"{'id': None, 'name': 'New York Post'}",Carl Campanile,Trump Organization loses bid to reclaim operation of Wollman Rink,"President Trump's real estate company got passed over in its comeback bid to reclaim management of Wollman Rink in Central Park, sources said Wednesday.",https://nypost.com/2025/09/10/us-news/trump-organization-loses-bid-to-reclaim-operation-of-wollman-rink/,https://nypost.com/wp-content/uploads/sites/2/2025/09/newspress-collage-5eh3kvt35-1757544852830.jpg?quality=75&strip=all&1757530574&w=1024,2025-09-10T23:08:30Z,"President Trump’s real estate company got passed over in its bid to reclaim management of Wollman Ice Skating Rink in Central Park, sources said Wednesday.
The city Parks Department recommended that… [+3573 chars]",sports
"{'id': 'abc-news-au', 'name': 'ABC News (AU)'}",ABC News,Murdoch children 'pleased' family trust dispute is 'behind them',"James Murdoch, Elisabeth Murdoch and Prudence MacLeod say they are ""pleased"" to have reached an agreement to settle litigation over the Murdoch family trust, saying the issue is ""now behind them"".",https://www.abc.net.au/news/2025-09-11/murdoch-children-pleased-family-trust-dispute-is-behind-them/105760498,https://live-production.wcms.abc-cdn.net.au/61e27f0900058f51bcc07a54f259aa39?impolicy=wcms_watermark_news&cropH=489&cropW=870&xPos=0&yPos=3&width=862&height=485&imformat=generic,2025-09-10T23:04:22Z,"James Murdoch, Elisabeth Murdoch and Prudence MacLeod nee Murdoch say they are happy to have reached an agreement to settle litigation over the Murdoch family trust.
""Prudence, Elisabeth and James a… [+3058 chars]",sports
"{'id': None, 'name': 'Yahoo Entertainment'}",Jake Mintz,How Red Sox ace Garrett Crochet became a game-changing force in less than 18 months as a starter,"Since Opening Day 2024, Crochet has gone from an enticing arm on baseball’s worst team to an elite ace slated to start Game 1 of a playoff series.",https://sports.yahoo.com/mlb/article/how-red-sox-ace-garrett-crochet-became-a-game-changing-force-in-less-than-18-months-as-a-starter-230323249.html,https://s.yimg.com/ny/api/res/1.2/BoJXfjmiWWAOZB6hJZJK.A--/YXBwaWQ9aGlnaGxhbmRlcjt3PTEyMDA7aD04MDA7Y2Y9d2VicA--/https://s.yimg.com/os/creatr-uploaded-images/2025-09/38067360-8e9a-11f0-bfbd-f42d26290eb3,2025-09-10T23:03:23Z,"Each night before he starts, Garrett Crochet polishes his noggin.
Bostons 26-year-old ace will flip on some Sheryl Crow, or maybe a bit of Carrie Underwood. Then hell wet his razor, lather up and go… [+7441 chars]",sports
"{'id': None, 'name': 'Coloradoan'}",The Coloradoan,Colorado's class of 2026 is loaded with talent. Here's where they'll play college football,It's a deep year for the top Colorado high school football recruits in the Class of 2026. Here is where they are planning to play college football.,https://www.coloradoan.com/story/sports/high-school/football/2025/09/10/where-colorado-top-2026-college-football-recruits-are-going-play/86080678007/,https://s.yimg.com/ny/api/res/1.2/OiN2qLz3Y49bwde48fHSug--/YXBwaWQ9aGlnaGxhbmRlcjt3PTEyMDA7aD04MDA7Y2Y9d2VicA--/https://media.zenfs.com/en/the-coloradoan/125978ba1696b6623a02090c99781d7b,2025-09-10T23:00:25Z,"The 2025 high school football season is still in the early stages. But recruiting has been in full swing for the Class of 2026.
The state of Colorado's 2026 class (players who are starting their sen… [+9883 chars]",sports
"{'id': None, 'name': 'GameSpot'}",Brendan Hesse,Preorders For The New Air Pods Pro 3 And Apple Watch Series 11 Are Live,"This week, Apple unveiled its next wave of hardware, including four new iPhone models and the next generations of the AirPods Pro and Apple Watch--and Apple users who are looking to grab the new releases can preorder several of the devices now. While the new …",https://www.gamespot.com/articles/preorders-for-the-new-air-pods-pro-3-and-apple-watch-series-11-are-live/1100-6534589/,https://www.gamespot.com/a/uploads/screen_kubrick/1701/17013431/4565745-apllepreorders.jpg,2025-09-10T23:00:00Z,"The new AirPods Pro 3 are a smaller, more powerful iteration of Apple's premium earbuds, featuring new functionality like in-ear audio translation powered by Apple AI. The feature is similar to the l… [+1391 chars]",sports
"{'id': None, 'name': 'Bless You Boys'}",Fielder's Choice,"Game 145: Detroit Tigers vs. New York Yankees, 7:05 p.m.","Detroit Tigers (83-62) vs. New York Yankees (80-64) Time/Place: 7:05 p.m., Yankee StadiumSB Nation Site: Pinstripe AlleyMedia: FanDuel Sports Detroit, MLB.TV, Tigers Radio NetworkPitching Matchup: RHP Jack Flaherty (7-13, 4.85 ERA) vs. LHP Carlos Rodón (16-7,…",https://www.blessyouboys.com/game-threads/81703/game-145-detroit-tigers-vs-new-york-yankees-705-p-m,https://platform.blessyouboys.com/wp-content/uploads/sites/37/2025/09/imagn-27041924.jpg?quality=90&strip=all&crop=0%2C10.740195866326%2C100%2C78.519608267347&w=1200,2025-09-10T23:00:00Z,"Detroit Tigers (83-62) vs. New York Yankees (80-64)
Time/Place: 7:05 p.m., Yankee StadiumSB Nation Site: Pinstripe AlleyMedia: FanDuel Sports Detroit, MLB.TV, Tigers Radio NetworkPitching Matchup: R… [+449 chars]",sports
"{'id': 'newsweek', 'name': 'Newsweek'}",Gabe Smallson,"Lakers' Blockbuster 3-Team Trade Idea Lands $109 Million All-Star, More","The Los Angeles Lakers land an $109 million All-Star in this blockbuster three-team trade idea, adding a scoring wing to pair with Luka Doncic and LeBron James.",https://www.newsweek.com/sports/nba/lakers-blockbuster-3-team-trade-idea-lands-109-million-all-star-more-2127978,https://d.newsweek.com/en/full/2720131/lebron-james-andrew-wiggins.jpg,2025-09-10T22:58:38Z,"The Los Angeles Lakers have dedicated their offseason to addressing some of the glaring deficiencies that cut last season's playoff run short and locking down superstar Luka Doncic long term.
With D… [+2823 chars]",sports
"{'id': None, 'name': 'Fox13seattle.com'}",Fox 13 Seattle,Healthy Living: Repairing a relationship after conflict,"Even if you've found your soulmate, fights are inevitable — what really makes a difference is how you resolve them.",https://www.fox13seattle.com/sponsored/healthy-living-relationship-conflict,https://images.foxtv.com/static.q13fox.com/www.q13fox.com/content/uploads/2025/06/1280/720/healthy-living-clean.jpg?ve=1&tl=1,2025-09-10T22:54:03Z,"Even if you've found your soulmate, fights are inevitable — what really makes a difference is how you resolve them.
Here to discuss the healthy ways to resolve conflict is Dr. Scott Itano, family me… [+1082 chars]",sports
"{'id': None, 'name': 'HuffPost'}",Lil Kalish,Supreme Court Won't Block Trans Student From Using Boys' Bathroom,"But the court also said explicitly that the ruling was not a final ruling ""on the merits.""",https://www.huffpost.com/entry/supreme-court-wont-block-trans-student-from-using-boys-bathroom_n_68c05ee5e4b0f2df4e045bd5,https://img.huffingtonpost.com/asset/68c1ea251900007e4534cb31.jpg?ops=1200_630,2025-09-10T22:52:31Z,"The Supreme Court on Wednesday allowed one transgender student to continue using the boys bathroom at a South Carolina high school.
The highest court refused, for now, to weigh in on the matter, ins… [+3064 chars]",sports
"{'id': 'rte', 'name': 'RTE'}",RTÉ Sport,Big Ange has lofty ambitions for Forest,"Ange Postecoglou is determined to take Nottingham Forest back to ""its rightful place"" in English football.",https://www.rte.ie/sport/soccer/2025/0910/1532876-big-ange-has-lofty-ambitions-for-forest/,https://www.rte.ie/images/0023271e-1600.jpg,2025-09-10T22:50:15Z,"Ange Postecoglou is determined to take Nottingham Forest back to ""its rightful place"" in English football.
Postecoglou sealed a rapid return to the Premier League on Wednesday when he was appointed … [+2607 chars]",sports
"{'id': 'fox-news', 'name': 'Fox News'}",,Supreme Court rejects South Carolina's bid to enforce transgender bathroom ban,The Supreme Court declined to take up a request from South Carolina seeking to enforce its ban on students using public school bathrooms that match their gender identity.,https://www.foxnews.com/politics/supreme-court-rejects-south-carolinas-bid-enforce-transgender-bathroom-ban,https://static.foxnews.com/foxnews.com/content/uploads/2025/09/supreme-court-transgender-protest.jpg,2025-09-10T22:49:33Z,"The Supreme Court on Wednesday declined to take up an application from South Carolina seeking to enforce its ban on students using public school bathrooms that match their gender identity.
The brief… [+2332 chars]",sports
"{'id': None, 'name': 'The Sports Daily'}",Jeremy Freeborn,Five top performers from week 1 of the 2025 NFL season,"The first week of the 2025 National Football League regular season contained some exceptional performances. Here are the top five...
The post Five top performers from week 1 of the 2025 NFL season appeared first on The Sports Daily.",https://thesportsdaily.com/news/five-top-performers-from-week-1-of-the-2025-nfl-season/,https://thesportsdaily.com/wp-content/uploads/2023/01/Josh-Allen-Player-Props-Best-NFL-Wild-Card-Player-Prop-Bets.jpg,2025-09-10T22:48:16Z,"The first week of the 2025 National Football League regular season contained some exceptional performances. Here are the top five offensive players from winning teams.
5) Baker Mayfield
The Tampa B… [+2506 chars]",sports
"{'id': None, 'name': 'Thesportsdaily.org'}",Jeremy Freeborn,Five top performers from week 1 of the 2025 NFL season,"The first week of the 2025 National Football League regular season contained some exceptional performances. Here are the top five...
The post Five top performers from week 1 of the 2025 NFL season appeared first on The Sports Daily.",https://thesportsdaily.org/news/five-top-performers-from-week-1-of-the-2025-nfl-season/,https://thesportsdaily.org/wp-content/uploads/2023/01/Josh-Allen-Player-Props-Best-NFL-Wild-Card-Player-Prop-Bets.jpg,2025-09-10T22:48:16Z,"The first week of the 2025 National Football League regular season contained some exceptional performances. Here are the top five offensive players from winning teams.
5) Baker Mayfield
The Tampa B… [+2506 chars]",sports
"{'id': None, 'name': 'CBS Sports'}",Garrett Podell,Could Cowboys' George Pickens get more targets vs. Giants after quiet Week 1? WR says he's 'not worried',Brian Schottenheimer: 'I wish we would have got him more targets',https://www.cbssports.com/nfl/news/cowboys-george-pickens-not-really-worried-about-targets-catches/,https://sportshub.cbsistatic.com/i/r/2025/09/10/fae0717d-8b0c-4c4e-9495-2655ca582943/thumbnail/1200x675/1a7d3bdb5ea0dab64524457076863ab3/pickens.jpg,2025-09-10T22:42:19Z,"FRISCO, Texas -- There's a cliché that wide receivers are divas because of how those who play the position demand the football be thrown their way.
That certainly can stem from a receiver's attitude… [+7555 chars]",sports
"{'id': None, 'name': 'CBS Sports'}",Ross Kelly,"2025 Procore Championship picks, bets, odds, field: Surprising predictions from model that's nailed 16 majors","SportsLine's model simulated the 2025 Procore Championship 10,000 times and revealed its PGA Tour golf picks",https://www.cbssports.com/golf/news/2025-procore-championship-picks-bets-odds-field-surprising-predictions-from-model-thats-nailed-16-majors/,https://sportshub.cbsistatic.com/i/r/2025/09/09/884f04a9-6864-4391-8a48-2e71bbcd02a5/thumbnail/1200x675/b554af3a7401de71603c63b346c3e396/russell-henley-golf-pga-imagn-images.jpg,2025-09-10T22:37:50Z,"The 2025 Procore Championship is more than just the first event of the FedEx Cup Fall schedule, it's also the last event before the Ryder Cup. Thus, many Americans teeing off at the Ryder Cup are in … [+4951 chars]",sports
"{'id': None, 'name': 'Yahoo Entertainment'}",EDDIE PELLS,Democratic senator warns colleagues of 'distorted system' if college sports bill passes,Sen. Maria Cantwell warned her colleagues Wednesday that a bill heading to the House floor that would regulate college sports would solidify an unsustainable and growing gap between the natin's biggest athletic conferences and everyone else. In a letter to me…,https://sports.yahoo.com/article/democratic-senator-warns-colleagues-distorted-223550898.html,https://s.yimg.com/ny/api/res/1.2/qp5c0DTly6reJvO_VTWI.Q--/YXBwaWQ9aGlnaGxhbmRlcjt3PTEyMDA7aD04MDA7Y2Y9d2VicA--/https://media.zenfs.com/en/ap.org/6434cbac908d6cdb7bcc0d833dac5051,2025-09-10T22:35:50Z,Sen. Maria Cantwell warned her colleagues Wednesday that a bill heading to the House floor that would regulate college sports would solidify an unsustainable and growing gap between the natin's bigge… [+2860 chars],sports
"{'id': None, 'name': 'MMA Mania'}",Alexander Behunin,Terence Crawford disappointed super fights haven’t come sooner – ‘If only they had called my name five years ago’,"It’s been a long road for “Bud.” Terence Crawford will look to make boxing history this Sat. night (Sept. 13, 2025) when he takes on Canelo Alvarez for the undisputed Super Middleweight championship inside Allegiant Stadium in Las Vegas, Nevada. A win would m…",https://www.mmamania.com/boxing/388475/terence-crawford-disappointed-super-fights-havent-come-sooner-if-only-they-had-called-my-name-five-years-ago,https://platform.mmamania.com/wp-content/uploads/sites/110/2025/09/gettyimages-2222534287.jpg?quality=90&strip=all&crop=0%2C10.722273159613%2C100%2C78.555453680774&w=1200,2025-09-10T22:35:19Z,"Its been a long road for Bud.
Terence Crawford will look to make boxing history this Sat. night (Sept. 13, 2025) when he takes on Canelo Alvarez for the undisputed Super Middleweight championship in… [+1718 chars]",sports
"{'id': None, 'name': 'Pinstripe Alley'}",Michael Zeno,New York Yankees vs. Detroit Tigers: Carlos Rodón vs. Jack Flaherty,Yankees look to even up a critical three-game set.,https://www.pinstripealley.com/yankees-game-live-discussion/163896/yankees-mlb-gamethread-tigers-lineups-how-to-watch-carlos-rodon-jack-flaherty,https://platform.pinstripealley.com/wp-content/uploads/sites/124/2025/09/gettyimages-2232255473.jpg?quality=90&strip=all&crop=0%2C0%2C100%2C78.542495044544&w=1200,2025-09-10T22:35:00Z,"The Yankees are officially in the back stretch of their potentially season-defining 12-game stretch against AL playoff contenders. While the first two series ended in feel-good series victories, the … [+3661 chars]",sports
"{'id': None, 'name': 'The Hollywood Gossip'}",Tyler Johnson,"Charlie Kirk Assassination: Donald Trump, Barack Obama, Others React to Shocking Act of …","Reading Time: 3 minutesThousands have paid tribute to slain political commentator Charlie Kirk.
Charlie Kirk Assassination: Donald Trump, Barack Obama, Others React to Shocking Act of … was originally published on The Hollywood Gossip.",http://www.thehollywoodgossip.com/2025/09/charlie-kirk-assassination-donald-trump-barack-obama-others-react-to-shocking-act-of-violence/,https://cdn.thehollywoodgossip.com/uploads/2025/09/GettyImages-936623838-scaled.jpg,2025-09-10T22:34:54Z,"Reading Time: 3minutesControversial political commentator Charlie Kirk was shot and killed during a speaking engagement at Utah Valley University in Orem, Utah today.
The conservative media figure w… [+2958 chars]",sports
"{'id': None, 'name': 'Slashdot.org'}",feedfeeder,"NFL Week 2 confidence picks: Buccaneers over Texans upset pick, plus Bears to cover vs. Lions - The New York Times","NFL Week 2 confidence picks: Buccaneers over Texans upset pick, plus Bears to cover vs. LionsThe New York Times Everything we're hearing for NFL Week 2: Panic for the Dolphins? Big decision for the Giants?ESPN NFL quarterback props cheat sheet: Back Lamar and…",https://slashdot.org/firehose.pl?op=view&amp;id=179148990,,2025-09-10T22:32:14Z,The Fine Print: The following comments are owned by whoever posted them. We are not responsible for them in any way.,sports
"{'id': None, 'name': 'West Central Tribune'}",Joe Brown,WCT Sports Show: Week 3 picks aplenty,"Sep. 10—The prep football season continues to roll on. And the West Central Tribune continues to roll out the content as sports editor Tom Elliott and reporters Joe Brown and Michael Lyne take a look as the slate of games coming up Friday. Through Week 2, her…",https://www.wctrib.com/sports/prep/wct-sports-show-week-3-picks-aplenty,https://cdn.forumcomm.com/dims4/default/643c95c/2147483647/strip/true/crop/2292x1328+0+0/resize/1840x1066!/quality/90/?url=https%3A%2F%2Fforum-communications-production-web.s3.us-west-2.amazonaws.com%2Fbrightspot%2Fef%2F15%2Fd784f9d649a8bd35beee708360f0%2Fwillmar-cardinals-football-090625-12.jpg,2025-09-10T22:32:00Z,The prep football season continues to roll on. And the West Central Tribune continues to roll out the content as sports editor Tom Elliott and reporters Joe Brown and Michael Lyne take a look as the … [+745 chars],sports
"{'id': 'newsweek', 'name': 'Newsweek'}",Saajan Jogia,F1 Insider Points to 'Mindset Adjustment' Behind Hamilton's Strong Monza Run,Lewis Hamilton finished in the points at the Italian Grand Prix despite suffering from a five-place grid penalty.,https://www.newsweek.com/sports/racing/f1-insider-points-mindset-adjustment-behind-hamiltons-strong-monza-run-2127579,https://d.newsweek.com/en/full/2719585/lewis-hamilton.jpg,2025-09-10T22:30:39Z,"Former Formula One driver and Sky Sports F1 presenter Martin Brundle has pointed out a ""mindset adjustment"" behind Lewis Hamilton's strong pace at the Italian Grand Prix. The seven-time world champio… [+3492 chars]",sports
"{'id': None, 'name': 'The Cut'}",Elizabeth Gulino,"Wait, Is Brooks Nader Dating Carlos Alcaraz?",Brooks Nader’s sister Grace Ann Nader told ‘E! News’ on Wednesday that Alcaraz is the “man of the hour.”,http://www.thecut.com/article/is-brooks-nader-dating-carlos-alcaraz.html,https://pyxis.nymag.com/v1/imgs/6e6/1ee/7fa4f1e229fa432d27615f75ffafe3d8df-brooksnader-lede.1x.rsocial.w1200.jpg,2025-09-10T22:30:37Z,"Carlos Alcaraz, the champion of the 2025 U.S. Open and new owner of a platinum-blond buzz cut, appears to have a new lady in his life, and its none other than Brooks Nader. If youre thinking, Who?, d… [+1636 chars]",sports
"{'id': 'fox-sports', 'name': 'Fox Sports'}","RJ Young, Michael Cohen",Double Trouble: Dante and Dakorien Moore are Oregon's Next Superstar Duo,"There’s a new era underway in Eugene, Oregon — and it’s being written by two players with the same last name and sky-high expectations.",https://www.foxsports.com/stories/college-football/double-trouble-dante-dakorien-moore-oregons-next-superstar-duo,https://a57.foxsports.com/statics.foxsports.com/www.foxsports.com/content/uploads/2025/09/1408/814/cfb-roundtable_16x9-oregon.jpg?ve=1&tl=1,2025-09-10T22:27:11Z,"Theres a new era underway in Eugene, Oregon and its being led by two rising stars who share the same last name and sky-high expectations.
Through two weeks of action, Oregon quarterback Dante Moore … [+8295 chars]",sports
"{'id': 'fox-sports', 'name': 'Fox Sports'}",,Tom Brady Also Noticed That Troubling Ravens Trend Under John Harbaugh,The Ravens started the 2025 season by executing a familiar trend: They blew a second-half lead. Tom Brady explains why that's a big problem.,https://www.foxsports.com/stories/nfl/tom-brady-also-noticing-troubling-ravens-trend-under-john-harbaugh,https://a57.foxsports.com/statics.foxsports.com/www.foxsports.com/content/uploads/2025/09/1408/814/tom-brady-john-harbaugh.jpg?ve=1&tl=1,2025-09-10T22:27:09Z,"Even after the Baltimore Ravens blew a 15-point lead in the fourth quarter of Sunday's 41-40 loss to the Buffalo Bills, Tom Brady has John Harbaugh and Lamar Jackson's squad ranked as a top-five team… [+3071 chars]",sports
"{'id': None, 'name': 'STLtoday.com'}",Post-Dispatch staff,What does Michael McGreevy need to ascend in Cardinals rotation into future? First Pitch,Michael McGreevy and the Cardinals seek to avoid a three-game sweep vs. the Mariners starting Wednesday at 8:40 p.m. (St. Louis time) in the Emerald City.,https://www.stltoday.com/sports/professional/mlb/cardinals/article_230deea7-40ed-43b0-8881-06d8493e7519.html,https://bloximages.newyork1.vip.townnews.com/stltoday.com/content/tncms/assets/v3/editorial/2/30/230deea7-40ed-43b0-8881-06d8493e7519/68c0d3a4d1195.preview.jpg?crop=964%2C506%2C504%2C119,2025-09-10T22:27:00Z,"As his first half season as a member of the rotation winds down, Cardinals rookie Michael McGreevy is not only gaining confidence, but he's also gathering data and experience as to what works and wha… [+4643 chars]",sports
"{'id': None, 'name': 'Page Six'}",Antoinette Bueno,"Charlie Kirk dead at 31: Chris Pratt, Dave Portnoy and more celebs react to assassination","The conservative commentator's death left celebrities like Chris Pratt, Meghan McCain and more in shock.",https://pagesix.com/2025/09/10/celebrity-news/charlie-kirk-dead-at-31-chris-pratt-dave-portnoy-and-more-celebs-react-to-assassination/,https://pagesix.com/wp-content/uploads/sites/3/2025/09/Charlie-Kirk-dead-at-31-Chris-Pratt-Dave-Portnoy-and-more-celebs-react-to-assassination.jpg?quality=75&strip=all&w=1024,2025-09-10T22:24:15Z,"Chris Pratt, Meghan McCain and more celebs are speaking out about Charlie Kirk’s shocking death Wednesday.
The conservative commentator died after he was shot while on stage during a stop at Utah Va… [+3777 chars]",sports
"{'id': None, 'name': 'Deseret News'}",Trent Wood,First injury report required of Aggies will be released Thursday,A new Mountain West rule requires all team to release an injury report two days before game day. How new rule will impact MWC football teams,https://www.deseret.com/sports/2025/09/10/first-injury-report-utah-state-football-mountain-west/,https://www.deseret.com/resizer/v2/U3GVZSMALJB3BFBK7ODQXE2MAM.jpg?focal=1643%2C964&auth=cc9241a6d889640c1e1805b82616b38546fddf29fa57c08515ec8330d591266b&width=1200&height=630,2025-09-10T22:20:04Z,"The first availability reports otherwise known as injury reports required of a Mountain West Conference football team will come from Utah State and Air Force tomorrow night.
A rule change implemente… [+1466 chars]",sports
"{'id': 'usa-today', 'name': 'USA Today'}",David Rosenberg,Gators suffer largest demotion in CBS Sports' Week 2 rankings,"Florida was the biggest mover in this week's CBS Sports rankings update, and not in a good way.",https://gatorswire.usatoday.com/story/sports/college/gators/football/2025/09/10/florida-gators-football-week-2-cbs-sports-rankings/86082404007/,"https://gatorswire.usatoday.com/gcdn/authoring/authoring-images/2025/09/07/SGAT/86021633007-2234069107.jpg?crop=4279,2408,x0,y222&width=3200&height=1801&format=pjpg&auto=webp",2025-09-10T22:19:24Z,"CBS Sports' weekly rankings is unique in that it covers all 136 FBS programs in college football; however, the Week 2 update is anything but unique when it comes to dropping Florida a significant amo… [+1484 chars]",sports
"{'id': None, 'name': 'CBS Sports'}",James Herbert,"Adam Silver comments on potential punishments for Clippers, Kawhi Leonard: 'My powers are very broad'",The NBA commissioner also repeatedly said that the investigation must run its course and he is reserving judgment,https://www.cbssports.com/nba/news/adam-silver-comments-on-potential-punishments-for-clippers-kawhi-leonard-my-powers-are-very-broad/,https://sportshub.cbsistatic.com/i/r/2025/09/10/bfd62cf6-5f90-4f3c-ae99-9f34fdc1a282/thumbnail/1200x675/0a31860533b37a5510fed38c4eefb565/adam-silver-getty-6.png,2025-09-10T22:18:53Z,"In his first public comments about the Los Angeles Clippers' alleged salary-cap circumvention involving star forward Kawhi Leonard and so-called ""green bank"" Aspiration, NBA commissioner Adam Silver … [+4503 chars]",sports
"{'id': None, 'name': 'Yahoo Entertainment'}",WSOCTV.com News Staff,Panthers set to unveil upgrades for fans at first home game,The Carolina Panthers will have brand-new upgrades for fans this season.,https://sports.yahoo.com/article/panthers-set-unveil-upgrades-fans-221617688.html,https://media.zenfs.com/en/wsoc_cox_articles_386/956e83dd42e113ce7e5338e01ae56699,2025-09-10T22:16:17Z,"The Carolina Panthers will have brand-new upgrades for fans this season.
The team is set to unveil new food, gear and a lounge name during their first home game, which is set for Sept. 21st against … [+817 chars]",sports
"{'id': None, 'name': 'Yahoo Entertainment'}",Melanie VanDerveer,Unrivaled Expands With Two New Clubs Ahead Of Second Season,Unrivaled presented by Samsung Galaxy is stepping into season 2 with two new clubs - Breeze Basketball Club and Hive Basketball Club.,https://sports.yahoo.com/article/unrivaled-expands-two-clubs-ahead-221543007.html,https://s.yimg.com/ny/api/res/1.2/8.lZ2zJ7CSEXitiQtU9.7A--/YXBwaWQ9aGlnaGxhbmRlcjt3PTEyMDA7aD01NTQ7Y2Y9d2VicA--/https://media.zenfs.com/en/theblast_73/3af31c669270381be5b83430fc39d6d4,2025-09-10T22:15:43Z,"Unrivaled presented by Samsung Galaxy is stepping into season two with a major expansion. 
On Wednesday, the league unveiled two new franchises will join the league in their second season, Breeze Ba… [+5134 chars]",sports
"{'id': None, 'name': 'Forbes'}","Nathan Goldman, Contributor, 
 Nathan Goldman, Contributor
 https://www.forbes.com/sites/nathangoldman/",The Tax Reason For $100 Million Donations To Universities In 2025,The One Big Beautiful Bill Act changed charitable contribution tax deductions. 2025 might be the right year for wealthy alums to make a sizable charitable contribution.,https://www.forbes.com/sites/nathangoldman/2025/09/10/the-tax-reason-for-100-million-donations-to-universities-in-2025/,https://imageio.forbes.com/specials-images/imageserve/68c1f4632da466f5dbea6423/0x0.jpg?format=jpg&height=900&width=1600&fit=bounds,2025-09-10T22:14:51Z,"An aerial view of University of Illinois' Memorial Stadium in Champaign, IL.
getty
The University of Illinois athletic department has received a $100 million donation from its famed alumnus, Larry … [+5024 chars]",sports
"{'id': None, 'name': 'Yahoo Entertainment'}",Russell Dorsey,"MLB playoffs 2025: Phillies, Red Sox trending up at just the right time as Dodgers, Cubs struggle to find a rhythm","With less than three weeks until the postseason, some squads are peaking at the perfect time, while others are trying to turn it on before it's too late.",https://sports.yahoo.com/mlb/article/mlb-playoffs-2025-phillies-red-sox-trending-up-at-just-the-right-time-as-dodgers-cubs-struggle-to-find-a-rhythm-221444690.html,https://s.yimg.com/ny/api/res/1.2/.6um5o2mfYJG6uAKoGT7PA--/YXBwaWQ9aGlnaGxhbmRlcjt3PTEyMDA7aD02NzU7Y2Y9d2VicA--/https://s.yimg.com/os/creatr-uploaded-images/2025-09/466905f0-8e93-11f0-bbf7-20db8313d6ee,2025-09-10T22:14:44Z,"The 2025 MLB postseason is less than three weeks away, and as we approach the end of the regular season, the teams that are headed to the playoffs are trying to round into form. Some squads are peaki… [+4626 chars]",sports
"{'id': None, 'name': 'Slashdot.org'}",feedfeeder,"Travis Kelce: No excuse for running into Xavier Worthy, I have to be better - NBC Sports","Travis Kelce: No excuse for running into Xavier Worthy, I have to be betterNBC Sports Kelce takes blame for Worthy injury: 'No excuse'ESPN How long is Xavier Worthy out? Injury update, timeline for Chiefs WRUSA Today Travis Kelce takes responsibility for inju…",https://slashdot.org/firehose.pl?op=view&amp;id=179148554,,2025-09-10T22:13:25Z,The Fine Print: The following comments are owned by whoever posted them. We are not responsible for them in any way.,sports
"{'id': None, 'name': 'Slashdot.org'}",feedfeeder,"NFL Week 2 survivor pool picks, strategy: Cowboys and Rams are chalky, but Dolphins!? - The New York Times","NFL Week 2 survivor pool picks, strategy: Cowboys and Rams are chalky, but Dolphins!?The New York Times Everything we're hearing for NFL Week 2: Panic for the Dolphins? Big decision for the Giants?ESPN Prisco's Week 2 NFL picks: Chiefs vs. Eagles in spotlight…",https://slashdot.org/firehose.pl?op=view&amp;id=179148552,,2025-09-10T22:13:15Z,The Fine Print: The following comments are owned by whoever posted them. We are not responsible for them in any way.,sports
"{'id': 'abc-news-au', 'name': 'ABC News (AU)'}",Damien Peck and Anthony Furci,'Sky's the limit' for Claudia Hollingsworth at World Athletics Championships,"National record holder, Claudia Hollingsworth knows that the sky is the limit on her career. With a superstition for jellybeans before each race, the Australian star is ready to take on the World Athletics Championships in Tokyo.",https://www.abc.net.au/news/2025-09-11/claudia-hollingsworth-world-athletics-championship/105756644,https://live-production.wcms.abc-cdn.net.au/75c3067a7e6bc2bf2996cd11481f76b0?impolicy=wcms_watermark_news&cropH=1990&cropW=3537&xPos=0&yPos=312&width=862&height=485&imformat=generic,2025-09-10T22:11:18Z,"There are few who fly under the radar as much as Australian athlete Claudia Hollingsworth.
The humble 20-year-old is part of the golden-age record 88 Australian athletes that will start at the World… [+8003 chars]",sports
"{'id': None, 'name': 'Pypi.org'}",will.sackfield@gmail.com,sportsball 0.33.9,A library for pulling in and normalising sports stats.,https://pypi.org/project/sportsball/0.33.9/,,2025-09-10T22:10:11Z,"A required part of this site couldnt load. This may be due to a browser
 extension, network issues, or browser settings. Please check your
 connection, disable any ad blockers, or try using a diffe… [+12 chars]",sports
"{'id': 'fox-news', 'name': 'Fox News'}",,Sports world reacts to Charlie Kirk shooting death: 'Prayers for his family',Sports figures offered support after Charlie Kirk was shot and later died during his American Comeback Tour event at Utah Valley University on Wednesday.,https://www.foxnews.com/sports/sports-world-reacts-charlie-kirk-shooting-death-prayers-his-family,https://static.foxnews.com/foxnews.com/content/uploads/2025/07/charlie-kirk-tpusa.jpg,2025-09-10T22:09:47Z,"Charlie Kirk was shot and later died at a speaking event in Utah on Wednesday, prompting emotional reactions from prominent figures across sports. 
President Donald Trump later announced that Kirk h… [+2986 chars]",sports
"{'id': None, 'name': 'Getfootballnewsgermany.com'}",,German regional court set to rule on Hoffenheim’s Roger Wittmann stadium-ban on Friday,The next chapter in the sordid case of controversial Hoffenheim-associated agent Roger Wittmann is scheduled to unfold on Friday. A regional court in Heidelberg will rule on a lawsuit filed by Wittman...,https://www.getfootballnewsgermany.com/2025/german-regional-court-set-to-rule-on-hoffenheims-roger-wittmann-stadium-ban-on-friday/,https://photobooth-api.onefootball.com/api/screenshot/%2Fv2%2Fphotobooth%2Fcms%2Fen%2F41644572%3Fdate=2025-09-10,2025-09-10T22:09:00Z,The next chapter in the sordid case of controversial Hoffenheim-associated agent Roger Wittmann is scheduled to unfold on Friday. A regional court in Heidelberg will rule on a lawsuit filed by Wittma… [+2439 chars],sports
"{'id': None, 'name': 'The Denver Post'}",Matt Schubert,8 Colorado high school football games to watch in Week 3,A look at the best high school football matchups across Colorado in Week 3 of the 2025 season.,https://www.denverpost.com/2025/09/10/colorado-high-school-football-games-time-streaming-week-3/,https://www.denverpost.com/wp-content/uploads/2025/09/TDP-L-HERITAGE-ARAPAHOE_DSC2330.jpg?w=1024&h=802,2025-09-10T22:08:58Z,"CLASS 5A
Cherokee Trail (1-1) vs. No. 5 Mountain Vista (3-0)
When/where: 7 p.m. Thursday at Halftime Help Stadium
Last meeting: Mountain Vista 42, at Cherokee Trail 0, Sept. 13, 2024
Streaming: N… [+5073 chars]",sports
"{'id': 'fox-news', 'name': 'Fox News'}",,Charlie Kirk's assassination latest case of conservatives being targeted for murder,Charlie Kirk's fatal shooting at Utah Valley University highlights a growing pattern of violent attacks on conservative figures and organizations across America.,https://www.foxnews.com/politics/charlie-kirks-assassination-latest-case-conservatives-being-targeted-murder,https://static.foxnews.com/foxnews.com/content/uploads/2025/09/charlie-kirk-american-comeback-tour.jpg,2025-09-10T22:05:23Z,"The horrific assassination of Turning Point USA founder Charlie Kirk Wednesday is the latest entry in a grim and growing tally of conservative figures and institutions being targeted for violence, va… [+5692 chars]",sports
"{'id': None, 'name': 'KOLR - OzarksFirst.com'}",Parker Padgett,‘I hope her conscience eats her alive’; Victims react to Circle of Hope co-founder sentencing,"CEDAR COUNTY, Mo. — A former resident of Circle of Hope Girls Ranch says abuse she endured there still affects her, even as one of the ranch’s co-founders...",https://www.ozarksfirst.com/news/circle-hope-ranch-abuse-allegations/,https://media.zenfs.com/en/kolr_springfield_articles_251/0e849c0fadc4bcbfd723a2a9228a995a,2025-09-10T22:05:03Z,"CEDAR COUNTY, Mo. A former resident of Circle of Hope Girls Ranch says abuse she endured there still affects her, even as one of the ranchs co-founders was sentenced to probation.
Maggie Drew said s… [+3293 chars]",sports
"{'id': None, 'name': 'Corn Nation'}",SB Nation,The 24-Hour Rule: The 44 Years Between 68-0 and 68-0,The first 68-0 heralded the Scoring Explosion. Then Dr. Tom retired and the scoring began to trickle away. Until 9/6/25.,https://www.cornnation.com/football/84954/the-24-hour-rule-the-44-years-between-68-0-and-68-0,https://s.yimg.com/ny/api/res/1.2/Ijvd5YDoR4j1etwWwe_a9w--/YXBwaWQ9aGlnaGxhbmRlcjt3PTEyMDA7aD04MDA7Y2Y9d2VicA--/https://media.zenfs.com/en/sb_nation_articles_115/5c4d07767c5af9d041dde0001973bdc5,2025-09-10T22:01:35Z,"The Nebraska Cornhuskers 68-0 win over Akron Saturday night was the largest margin of victory since an identical 68-0 defeat of the New Mexico State Aggies on September 18th, 1982. Like the Akron vic… [+6576 chars]",sports
"{'id': None, 'name': 'New Zealand Herald'}","Bruce Holloway, Adam Julian",NZ Schools rugby squad 2025: Auckland dominates as Liston College makes history,Auckland provides 10 of the 26 players named in the New Zealand Schools squad.,https://www.nzherald.co.nz/sport/rugby/school-rugby/first-xv-rugby-liston-loosies-get-a-new-zealand-call-up-as-auckland-players-dominate-national-selection/DFTIWIUBWJDOHID5GXKEPJOHK4/,https://www.nzherald.co.nz/resizer/v2/N5FDL7OZ4FCANOOVVPLXNRLX34.jpg?auth=b6a6bb9fe8b241922d242900bdbd56cb1913950420ca73dbf2bb0800dba61533&width=1200&height=675&quality=70&smart=true,2025-09-10T22:01:00Z,"Back then, Liston lock Ben Toleafoa got the call-up for the 1996 NZ team which beat Australia 31-22 and included future All Blacks Andrew Hore, Carl Hayman, Keven Mealamu, Kevin Senio and Doug Howlet… [+8686 chars]",sports
"{'id': None, 'name': 'The-sun.com'}",the us sun,How did he escape?,CONSERVATIVE activist and Donald Trump ally Charlie Kirk has died at 31 after he was shot during an event in Utah. Graphic video showed Kirk being shot in the neck and collapsing while hosting an o…,https://www.the-sun.com/news/15160349/charlie-kirk-shooting-uvu/,https://www.the-sun.com/wp-content/uploads/sites/6/2025/09/ES_CHARLIE-KIRK_OFFPLAT3.jpg?strip=all&quality=100&w=1920&h=1080&crop=1,2025-09-10T22:00:07Z,"CONSERVATIVE activist and Donald Trump ally Charlie Kirk has died at 31 after he was shot during an event in Utah.
Graphic video showed Kirk being shot in the neck and collapsing while hosting an ou… [+6797 chars]",sports
"{'id': None, 'name': 'BroBible'}",Jorge Alonso,Florida Dad Begs Fans To Leave ‘Phillies Karen” Alone “The Internet Already Messed Her Up Good’,"The dad at the center of the Phillies Karen situation wants fans to leave her alone. Last week, a woman went viral after berating a man at the Marlins-Phillies game for picking up a home run ball during a scrum near her to give to his son. The video has been …",https://brobible.com/sports/article/florida-dad-begs-fans-to-leave-phillies-karen-alone-the-internet-already-messed-her-up-good/,https://brobible.com/wp-content/uploads/2025/09/phillieskaren83.png,2025-09-10T21:58:23Z,"NBC Philadelphia
Audio By Carbonatix
The dad at the center of the Phillies Karen situation wants fans to leave her alone. Last week, a woman went viral after berating a man at the Marlins-Phillies … [+1180 chars]",sports
"{'id': None, 'name': 'Ingame.com'}",Daniel O'Boyle,"CFTC Nominee Quintenz Makes Bold Move, Reveals Signal Messages With Winklevoss Twins","CFTC nominee shares private Signal messages, saying he believes Winklevoss twins, CFTC members may be 'undermining' him.",https://www.ingame.com/quintenz-signal-messages-winklevoss/,https://www.ingame.com/wp-content/uploads/2025/09/USATSI_14975254-scaled.jpg,2025-09-10T21:56:42Z,"Commodity Futures Trading Commission (CFTC) chair nominee Brian Quintenz shared screenshots of messages with Tyler Winklevoss — a Trump ally and opponent to his candidacy — on social media Wednesday,… [+6576 chars]",sports
"{'id': None, 'name': 'Android Headlines'}",Tyler Lee,Yamaha Expands Audiophile Lineup With YH-C3000 and YH-4000 Headphones,"Yamaha debuts the YH-C3000 and YH-4000 audiophile headphones, featuring premium drivers, wood housing, and handcrafted Japanese design.",https://www.androidheadlines.com/2025/09/yamaha-expands-audiophile-lineup-with-yh-c3000-and-yh-4000-headphones.html,https://www.androidheadlines.com/wp-content/uploads/2025/09/yamaha-yh-4000.jpg,2025-09-10T21:56:18Z,"Think of Yamaha and what comes to mind? We suppose it depends on who youre asking. Some might think of motorbikes. Music enthusiasts might think of Yamaha pianos, guitars, or drums. But if youre an a… [+2013 chars]",sports
"{'id': None, 'name': 'On3.com'}",Andy Villamarzo,Oklahoma High School Football Top 25 Rankings – Sept. 10,Oklahoma high school football has seen multiple programs make a splash in the national Top 25 rankings this season. Bixby reached as high as No. 2 the the country and Owasso at one point was also among the top teams in the land. Now we bring out rankings from…,https://www.on3.com/high-school/news/oklahoma-high-school-football-top-25-rankings-sept-10/,https://on3static.com/uploads/dev/assets/cms/2025/09/10161624/oklahoma-top-25.png,2025-09-10T21:54:24Z,Oklahoma high school football has seen multiple programs make a splash in the national Top 25 rankings this season. Bixby reached as high as No. 2 the the country and Owasso at one point was also amo… [+4039 chars],sports
"{'id': 'newsweek', 'name': 'Newsweek'}",Jeremy Hanna,"Former WWE Superstar Gives Massive Praise to Tony Khan, AEW",A former WWE Superstar has given significant praise to AEW CEO Tony Khan and the backstage environment of AEW.,https://www.newsweek.com/sports/wrestling/former-wwe-superstar-gives-massive-praise-tony-khan-aew-2127974,https://d.newsweek.com/en/full/2386697/aew-president-tony-khan.jpg,2025-09-10T21:54:16Z,"While a majority of fans seem to enjoy professional wrestling, there are others who focus on the tribalism between WWE and AEW, declaring one side is much better than the other.
This is often seen w… [+2866 chars]",sports
"{'id': 'abc-news-au', 'name': 'ABC News (AU)'}",Declan Durrant and Isabella Kelly,Dry and dusty sports clubs offer solace to drought-stricken towns,"In SA's Flinders Ranges ovals, golf courses and race tracks help people forget about drought for a brief time, even when they are also dry.",https://www.abc.net.au/news/2025-09-11/what-sport-clubs-do-in-near-constant-drought/105731438,https://live-production.wcms.abc-cdn.net.au/ec8a87c7106e72e28aa83d64e68d4a07?impolicy=wcms_watermark_news&cropH=2583&cropW=4592&xPos=0&yPos=759&width=862&height=485&imformat=generic,2025-09-10T21:53:51Z,"As drought drags on in parts of South Australia, sporting clubs are feeling the pressure.
While some areas of the state have had rain, locals at Hawker, 380 kilometres north of Adelaide, say they ha… [+3629 chars]",sports
"{'id': None, 'name': 'WPXI Pittsburgh'}",Wpxi.com News Staff,Local EMT accused of sexually assaulting children appears in court,The local EMT accused of sexually assaulting young boys appeared in front of a judge on Wednesday.,https://www.wpxi.com/news/local/local-emt-accused-sexually-assaulting-children-appears-court/OS27MNSOFVGX3PT37Q64I4W3BU/,https://cmg-cmg-tv-10080-prod.cdn.arcpublishing.com/resizer/v2/https%3A%2F%2Fd1hfln2sfez66z.cloudfront.net%2F09-10-2025%2Ft_affec728fd934bb3889ebe18bcb678f4_name_marsmedicyouth630psv091025.jpg?auth=b51a1c43f9d5ed5ff2135fc104ca19636263efba9b12cdb79817db5c209d550a&width=1200&height=630&smart=true,2025-09-10T21:53:50Z,"EVANS CITY, Pa. — The local EMT accused of sexually assaulting young boys appeared in front of a judge on Wednesday.
PREVIOUS COVERAGE &gt;&gt;&gt; Court docs: Former Butler County EMT accused of se… [+3084 chars]",sports
"{'id': None, 'name': 'Japan Today'}",,"At 17, sprinter Gout Gout is drawing comparisons with Usain Bolt","Gout Gout will try to catch up again with world champion Noah Lyles, deal with those inevitable comparisons with Usain Bolt, and then race back to school in Australia. The track and field world championships will be a short, sharp learning curve for the 17-ye…",https://japantoday.com/category/sports/at-17-sprinter-gout-gout-is-drawing-comparisons-with-usain-bolt-before-the-track-worlds,,2025-09-10T21:51:30Z,"Gout Gout will try to catch up again with world champion Noah Lyles, deal with those inevitable comparisons with Usain Bolt, and then race back to school in Australia.
The track and field world cham… [+4501 chars]",sports
"{'id': None, 'name': 'Eonline.com'}",,"WNBA's Courtney Williams, Natisha Hiedeman Debut ""Period Red"" Hair","The Stud Budz want to encourage women and girls to not be sidelined by their time of the month.
WNBA stars Courtney Williams and Natisha Hiedeman have dyed their hair ""period red,"" showcasing...",https://www.eonline.com/news/1422340/wnbas-courtney-williams-natisha-hiedeman-dye-hair-period-red,"https://akns-images.eonline.com/eol_images/Entire_Site/20250910/cc28e5f5-60dd-4194-a785-98eac4a0e776_1757535855.jpg?fit=around%7C1080:1080&output-quality=90&crop=1080:1080;center,top",2025-09-10T21:50:58Z,"The Stud Budz want to encourage women and girls to not be sidelined by their time of the month.
WNBA stars Courtney Williams and Natisha Hiedeman have dyed their hair ""period red,"" showcasing their … [+876 chars]",sports
"{'id': None, 'name': 'Anfieldindex.com'}",,Report: Liverpool the ‘dream destination’ for Premier League defender,"Liverpool Given Dream Boost as Guehi Stance EmergesLiverpool’s pursuit of Marc Guehi has taken another intriguing twist, and this time the developments appear to favour the Premier League champions....",https://anfieldindex.com/86056/report-liverpool-the-dream-destination-for-premier-league-defender.html,https://photobooth-api.onefootball.com/api/screenshot/%2Fv2%2Fphotobooth%2Fcms%2Fen%2F41644492%3Fdate=2025-09-10,2025-09-10T21:50:00Z,"Liverpool Given Dream Boost as Guehi Stance Emerges
Liverpools pursuit of Marc Guehi has taken another intriguing twist, and this time the developments appear to favour the Premier League champions.… [+2920 chars]",sports
"{'id': 'the-hill', 'name': 'The Hill'}",Emily Brooks,Shouting breaks out in House after silent prayer for Charlie Kirk,"Shouting broke out on the House floor after Speaker Mike Johnson (R-La.) held a moment of prayer for conservative commentator Charlie Kirk, who was fatally...",https://thehill.com/homenews/house/5497111-shouting-house-silent-prayer-charlie-kirk/,https://media.zenfs.com/en/the_hill_articles_341/c0a312f61b5fd24fc057dd4267fabf1e,2025-09-10T21:47:49Z,"Shouting broke out on the House floor after Speaker Mike Johnson (R-La.) held a moment of prayer for conservative commentator Charlie Kirk, who was fatally shot on Wednesday afternoon.
After the mom… [+1690 chars]",sports
"{'id': None, 'name': 'TwinCities.com-Pioneer Press'}",John Shipley,Shipley: Not a great start to the Kirill Kaprizov negotiations,"It was noted here at season’s end that if Wild wing Kirill Kaprizov doesn’t want to stay in Minnesota, there is nothing the team can do to keep him here. We got the first substantial whiff of that on Wednesday, and it didn’t smell good. According to reporter …",https://www.twincities.com/2025/09/10/shipley-not-a-great-start-to-the-kirill-kaprizov-negotiations/,https://www.twincities.com/wp-content/uploads/2025/03/STP-Z-WILD2-1126_1091226014.jpg?w=1024&h=683,2025-09-10T21:47:00Z,"It was noted here at seasons end that if Wild wing Kirill Kaprizov doesnt want to stay in Minnesota, there is nothing the team can do to keep him here.
We got the first substantial whiff of that on … [+4278 chars]",sports
"{'id': 'marca', 'name': 'Marca'}",marca.com,Giants' Jaxson Dart and sports world react to Charlie Kirk shooting,"The shooting at Utah Valley University has left the political and sports world reeling. Conservative activist Charlie Kirk, 31, was shot while speaking at a student Q&A and later p",https://www.marca.com/en/nfl/new-york-giants/2025/09/10/68c1f107ca47416c688b4579.html,https://e01-phantom-marca.uecdn.es/7fa82e8404076a6bd82dc842e423dce2/resize/1200/f/webp/assets/multimedia/imagenes/2025/09/10/17575403761229.jpg,2025-09-10T21:47:00Z,"The shooting at Utah Valley University has left the political and sports world reeling. Conservative activist Charlie Kirk, 31, was shot while speaking at a student Q&amp;A and later pronounced dead … [+2243 chars]",sports
"{'id': None, 'name': 'The Hockey News'}",Jonathon Jackson,Hockey's Oldest Business – Since 1847: Chapter 1 – Ayr,"Ayr is a small settlement in southwestern Ontario, especially compared to its neighbors in Waterloo Region, the much larger cities of Kitchener, Waterloo, and Cambridge.",https://thehockeynews.com/news/money-and-power/hockey-s-oldest-business-since-1847-chapter-1-ayr,https://deweb-519a7.b-cdn.net/post-images/ac00b958-394e-4eef-933d-4d3756aeb104.jpeg,2025-09-10T21:45:48Z,"Ayr is a small settlement in southwestern Ontario, especially compared to its neighbors in Waterloo Region, the much larger cities of Kitchener, Waterloo, and Cambridge. 
Part of the township of Nor… [+17579 chars]",sports
"{'id': None, 'name': 'Sportsnaut'}",Matt Higgins,NFL Reporter Warns Contract Talks Between Lions-Aidan Hutchinson 'Could Get Complicated',The Detroit Lions want to make Pro Bowl defensive end Aidan Hutchinson one of their franchise cornerstones with a long-term deal.,https://sportsnaut.com/nfl/nfl-reporter-warns-contract-talks-between-lions-aidan-hutchinson-could-get-complicated/,https://sportsnaut.com/wp-content/uploads/2025/09/Aidan-Hutchinson-27042594-1180x787.jpg,2025-09-10T21:45:25Z,The Detroit Lions want to make Pro Bowl defensive end Aidan Hutchinson one of their franchise cornerstones with a long-term deal. The Lions selected the University of Michigan product with the second… [+2284 chars],sports
"{'id': None, 'name': 'fox6now.com'}",Associated Press,"Brewers lose to Rangers, swept for first time since season-opening series","The Milwaukee Brewers lost to the Texas Rangers on Thursday afternoon, Sept. 10. Freddy Peralta struck out nine but allowed five runs on 113 pitches.",https://www.fox6now.com/sports/milwaukee-brewers-score-rangers-091025,https://images.foxtv.com/static.fox6now.com/www.fox6now.com/content/uploads/2025/09/1280/720/gettyimages-2234722310.jpg?ve=1&tl=1,2025-09-10T21:45:13Z,"ARLINGTON, Texas - Jake Burger homered twice and the playoff-chasing Texas Rangers beat Milwaukee 6-3 on Wednesday to complete a three-game sweep of the Brewers, who still have the best record in the… [+2062 chars]",sports
"{'id': 'abc-news-au', 'name': 'ABC News (AU)'}",ABC News,Vuelta a España time trial stage cut by half over safety reasons,Organisers have shortened Thursday's individual time trial and are set to embark on the largest public security deployment in Madrid since 2022 in order to protect riders and protesters on the weekend's final stages.,https://www.abc.net.au/news/2025-09-11/vuelta-a-espana-cuts-time-trial-stage-short-protests/105760290,https://live-production.wcms.abc-cdn.net.au/9cf9f882ca6d3b6bd263ed4392009d58?impolicy=wcms_watermark_news&cropH=2372&cropW=4217&xPos=657&yPos=363&width=862&height=485&imformat=generic,2025-09-10T21:41:09Z,"The Vuelta a España has decided to shorten Thursday's individual time trial stage in an effort to avoid further disruptions to the race by pro-Palestinian protesters, organisers have said.
Stage 18 … [+5162 chars]",sports
"{'id': None, 'name': 'Sportico.com'}",Eben Novy-Williams,Adam Silver: Team-Sponsor-Player Deals Aren’t Inherently Conflicted,"The NBA’s investigation into Los Angeles Clippers owner Steve Ballmer, forward Kawhi Leonard and a now-bankrupt company named Aspiration will center around the three-way relationship between the parties. The company was paying both the team and its star playe…",https://www.sportico.com/leagues/basketball/2025/nab-clippers-investigation-player-sponsor-team-1234870419/,https://www.sportico.com/wp-content/uploads/2025/09/Adam_Silver.png?w=1024,2025-09-10T21:40:40Z,"The NBA’s investigation into Los Angeles Clippers owner Steve Ballmer, forward Kawhi Leonard and a now-bankrupt company named Aspiration will center around the three-way relationship between the part… [+2667 chars]",sports
"{'id': 'newsweek', 'name': 'Newsweek'}",Saajan Jogia,Audi Teams up With Adidas in Landmark Deal Ahead of F1 Debut,The Audi F1 team has announced a new partnership with the popular clothing brand.,https://www.newsweek.com/sports/racing/audi-teams-adidas-landmark-deal-ahead-f1-debut-2127481,https://d.newsweek.com/en/full/2719448/audi-f1.jpg,2025-09-10T21:40:11Z,"As Audi gears up for its Formula One debut next year, it has announced a multi-year partnership with adidas as its official apparel partner. This comes months after adidas collaborated with the Merce… [+3128 chars]",sports
"{'id': None, 'name': 'New York Post'}",Brian Costello,Aaron Glenn is living up to his Jets culture promise,The Aaron Glenn culture is in effect.,https://nypost.com/2025/09/10/sports/aaron-glenn-is-living-up-to-his-jets-culture-promise/,https://nypost.com/wp-content/uploads/sites/2/2025/09/newspress-collage-uzt9yfvl4-1757534947462.jpg?quality=75&strip=all&1757520686&w=1024,2025-09-10T21:39:07Z,"The word culture has become overused in sports.
When teams are bad, we say they have a bad culture instead of just saying they might have bad players. When new coaches are hired, we talk about how t… [+224 chars]",sports
"{'id': None, 'name': 'Bleeding Cool News'}",Chad McMahon,AEW Dynamite Preview: The Chadster's Sober Suffering Continues,"Auughh man!  The Chadster can barely contain the absolute devastation coursing through The Chadster's veins as The Chadster sits here, stone-cold sober for the third week running, preparing to endure another torturous episode of AEW Dynamite tonight at 8/7C…",https://bleedingcool.com/tv/aew-dynamite-preview-the-chadsters-sober-suffering-continues/,https://bleedingcool.com/wp-content/uploads/2025/09/G0fXFXpXgAA1Wb5.jpeg,2025-09-10T21:37:03Z,"Posted in: AEW, Sports, TV | Tagged: AEW Dynamite, wrestling
The Chadster endures another week of sober torment watching AEW Dynamite! Tony Khan's wrestling crimes analyzed with unbiased journalism!… [+5657 chars]",sports
"{'id': None, 'name': 'BroBible'}",Tom Conroy,"YETI Has All The Coolers, Drinkware, And Essentials You Need For The Perfect Fall Tailgate","Fall is arguably the best time of the year for sports. Football just kicked off, baseball playoffs are right around the corner, and the weather is perfect for all of it, especially if you’re tailgating before the game. Here in Wisconsin, tailgating isn’t just…",https://brobible.com/gear/article/yeti-has-all-the-coolers-drinkware-and-essentials-you-need-for-the-perfect-fall-tailgate/,https://brobible.com/wp-content/uploads/2025/09/YETI_Tailgating_Sep-2025_Featured.jpg,2025-09-10T21:35:27Z,"YETI
Audio By Carbonatix
Fall is arguably the best time of the year for sports. Football just kicked off, baseball playoffs are right around the corner, and the weather is perfect for all of it, es… [+855 chars]",sports
"{'id': None, 'name': 'Slashdot.org'}",feedfeeder,"Today's NYT Connections: Sports Edition Hints and Answers for Sept. 11, #353","Here are hints and the answers for the NYT Connections: Sports Edition puzzle for Sept. 11, No. 353",https://slashdot.org/firehose.pl?op=view&amp;id=179146830,,2025-09-10T21:33:42Z,The Fine Print: The following comments are owned by whoever posted them. We are not responsible for them in any way.,sports
"{'id': None, 'name': 'Pypi.org'}",will.sackfield@gmail.com,sportsball 0.33.7,A library for pulling in and normalising sports stats.,https://pypi.org/project/sportsball/0.33.7/,,2025-09-10T21:33:38Z,"A required part of this site couldnt load. This may be due to a browser
 extension, network issues, or browser settings. Please check your
 connection, disable any ad blockers, or try using a diffe… [+12 chars]",sports
"{'id': None, 'name': 'Slashdot.org'}",feedfeeder,"NFL Fantasy 2025 Start 'Em, Sit 'Em: Quarterbacks for Week 2 - NFL.com","NFL Fantasy 2025 Start 'Em, Sit 'Em: Quarterbacks for Week 2NFL.com Fantasy Football Week 2 Start 'Em & Sit 'Em Quarterback EditionYahoo Sports Matchup rankings: Drake Maye, Ricky Pearsall stand out in Week 2ESPN Fantasy football waiver wire: 10 players to ad…",https://slashdot.org/firehose.pl?op=view&amp;id=179146716,,2025-09-10T21:32:07Z,The Fine Print: The following comments are owned by whoever posted them. We are not responsible for them in any way.,sports
"{'id': None, 'name': 'Sneaker News'}",Andrew Rizzo,De’Aaron Fox Takes Us To School With The UA Curry Fox 2 “Lexington”,"As the scoreboard now stands, the Kentucky Wildcats stand alone when it comes to producing NBA talent. A total of 29 active players once called...

© Sneaker News, 2025. |
Permalink
|
No comment
|
Add todel.icio.us


The post De’Aaron Fox Takes Us To School W…",https://sneakernews.com/2025/09/10/ua-curry-fox-2-lexington-6001646-400/,https://sneakernews.com/wp-content/uploads/2025/09/ua-curry-fox-2-lexington-6001646-400-3.jpg,2025-09-10T21:30:55Z,"As the scoreboard now stands, the Kentucky Wildcats stand alone when it comes to producing NBA talent. A total of 29 active players once called Rupp Arena home, including three signature athletes in … [+1531 chars]",sports
"{'id': None, 'name': 'Cityxtra.co.uk'}",,Premier League clubs ‘concerned by reports’ around blockbuster Manchester City sponsorship breakthrough,Manchester City’s pathway to securing a blockbuster new sponsorship agreement with Etihad Airways is causing some concern among Premier League clubs.The ongoing saga over Associated Party Transactio...,https://cityxtra.co.uk/34063/premier-league-clubs-concerned-by-reports-around-blockbuster-manchester-city-sponsorship-breakthrough/,https://photobooth-api.onefootball.com/api/screenshot/%2Fv2%2Fphotobooth%2Fcms%2Fen%2F41644449%3Fdate=2025-09-10,2025-09-10T21:30:00Z,"Manchester Citys pathway to securing a blockbuster new sponsorship agreement with Etihad Airways is causing some concern among Premier League clubs.
The ongoing saga over Associated Party Transactio… [+3063 chars]",sports
"{'id': None, 'name': 'STLtoday.com'}",Daniel Guerrero St. Louis Post-Dispatch,8 Cardinals prospects invited to this year’s Arizona Fall League,Right-hander Chen-Wei Lin and outfielder Travis Honeyman highlight the group of eight Cardinals prospects invited to the Arizona Fall League. Here's a look at each of them.,https://www.stltoday.com/sports/professional/mlb/cardinals/article_bd6624cb-5144-411c-9cc3-cb8b9774b4fe.html,https://bloximages.newyork1.vip.townnews.com/stltoday.com/content/tncms/assets/v3/editorial/b/d6/bd6624cb-5144-411c-9cc3-cb8b9774b4fe/68c1deb040669.preview.jpg?crop=1741%2C914%2C0%2C137&resize=1200%2C630&order=crop%2Cresize,2025-09-10T21:30:00Z,"Minor league pitcher Chen-Wei Lin stretches on the first day of Spring Training Early Program (STEP) camp Tuesday, Feb. 20, 2024, at the Cardinals spring training complex in Jupiter, Fla.
Robert Coh… [+4909 chars]",sports
"{'id': None, 'name': 'Fast Company'}",Eve Upton-Clark,Phillies fan tells internet to stop harassing ‘Phillies Karen’ after viral clash,"Drew Feltwell, who gave up a home run ball during a Phillies game, says the woman at the center of the viral moment doesn’t deserve the online abuse.

Another week, another viral sports controversy.",https://www.fastcompany.com/91402286/internet-stop-harassing-phillies-karen,"https://images.fastcompany.com/image/upload/f_webp,q_auto,c_fit/wp-cms-2/2025/09/p-1-91402286-phillies-fan-tells-internet-to-stop-harassing-phillies-karen-after-viral-clash.jpg",2025-09-10T21:26:16Z,"Another week, another viral sports controversy.
If you havent heard of the Phillies Karen, youre either living under a rock or simply not chronically online.
The saga started when Philadelphia Phil… [+2240 chars]",sports
"{'id': 'fox-news', 'name': 'Fox News'}",,"Charlie Kirk rose to become conservative powerhouse, transformative campus figure",Charlie Kirk rose to become one of the biggest names in conservative politics and media before he was shot and killed Wednesday at a campus event in Utah.,https://www.foxnews.com/media/charlie-kirk-rising-star-conservative-movement-ahead-horrific-utah-valley-university-shooting,https://static.foxnews.com/foxnews.com/content/uploads/2025/07/charlie-kirk-tpusa.jpg,2025-09-10T21:25:51Z,"Charlie Kirk emerged as a powerful conservative leader in both culture and politics before his life was tragically cut short on Wednesday at the age of 31.
Kirk, the founder of one of the most influ… [+4849 chars]",sports
"{'id': None, 'name': 'Cosmopolitan.com'}",Samantha Olson,Prince Harry Says King Charles Is “Great” After Reuniting With Him Amid Rumors of Tension,The Duke of Sussex was spotted getting tea at Clarence House in London. Could this mean Prince Harry and King Charles are reconciling?,https://www.cosmopolitan.com/entertainment/celebs/a66042099/prince-harry-king-charles-reunite-amid-tension/,"https://hips.hearstapps.com/hmg-prod/images/prince-charles-prince-of-wales-and-prince-harry-duke-of-news-photo-1757536180.pjpeg?crop=1.00xw:0.431xh;0,0.0117xh&resize=1200:*",2025-09-10T21:25:00Z,"<ul><li>Prince Harry and King Charles have reunited for the first time since their estrangement in February 2024.</li><li>After getting tea with King Charles at Clarence House in London, Harry gave a… [+2056 chars]",sports
"{'id': None, 'name': 'GlobeNewswire'}",Twin Hospitality Group Inc.,"Twin Peaks Strengthens Support for Veterans, Military, and First Responders with New Lunch Campaign","Restaurant Chain Furthers Support for Tunnel to Towers, adding to $530,000+ raised since 2022  DALLAS, Sept.  10, 2025  (GLOBE NEWSWIRE) -- Twin Peaks......",https://www.globenewswire.com/news-release/2025/09/10/3148272/0/en/Twin-Peaks-Strengthens-Support-for-Veterans-Military-and-First-Responders-with-New-Lunch-Campaign.html,https://ml.globenewswire.com/Resource/Download/36c63345-3582-4ccd-a0e3-db00e479c23e,2025-09-10T21:24:00Z,"Restaurant Chain Furthers Support for Tunnel to Towers, adding to $530,000+ raised since 2022
DALLAS, Sept. 10, 2025 (GLOBE NEWSWIRE) -- Twin Peaks Restaurant continues its long-standing commitment … [+3207 chars]",sports
"{'id': None, 'name': 'The Indianapolis Star'}",", The Indianapolis Star",Ohio State wants more money from Big Ten. 'Equal' members must listen or be left behind,"The ACC recently changed their revenue-sharing distribution model to suit its powers, might the Big Ten do the same? Is this heading to a Super League?",https://www.indystar.com/story/sports/college/indiana/2025/09/10/ohio-state-change-big-ten-revenue-distribution-model-media-rights-money-access-cfp-playoff/86075587007/,"https://www.gannett-cdn.com/authoring/authoring-images/2024/11/23/PIND/76528784007-getty-images-2186517707.jpg?auto=webp&crop=7883,4435,x0,y410&format=pjpg&width=1200",2025-09-10T21:23:46Z,"BLOOMINGTON Big changes could be coming to the Big Ten. That is, if the Big Ten does not get the big changes it wants.
The conference, positioned centrally within the movements reshaping the landsca… [+6479 chars]",sports
"{'id': None, 'name': 'Yahoo Entertainment'}",Ben Fawkes,"NFL betting, odds: How 49ers QB Brock Purdy injury news has changed the odds","How did the news that 49ers QB Brock Purdy is a ""long shot"" to play in Week 2 impact the odds?",https://sports.yahoo.com/nfl/betting/article/nfl-betting-odds-how-49ers-qb-brock-purdy-injury-news-has-changed-the-odds-212256509.html,https://s.yimg.com/ny/api/res/1.2/_SsjQ2wewZH74Ctwg2bXwQ--/YXBwaWQ9aGlnaGxhbmRlcjt3PTEyMDA7aD04MDA7Y2Y9d2VicA--/https://s.yimg.com/os/creatr-uploaded-images/2025-09/c2fc01f0-8e87-11f0-baeb-0b126dad8272,2025-09-10T21:22:56Z,"The San Francisco 49ers have been riddled with injuries during Kyle Shanahan's tenure as head coach and it appears this season will be no different.
Tight end George Kittle played only part of San F… [+2078 chars]",sports
"{'id': None, 'name': 'NBCSports.com'}",,Navy All-American Bowl to Honor Folsom High School Quarterback Ryder Lyons,"The Navy All-American Bowl Road to the Dome tour will visit Folsom High School in Folsom, California, on September 12th to recognize Ryder Lyons as a 2026 Navy All-American.",https://www.nbcsports.com/college-football/navy-all-american-bowl/news/navy-all-american-bowl-to-honor-folsom-high-school-quarterback-ryder-lyons,https://nbcsports.brightspotcdn.com/dims4/default/9e8bd3e/2147483647/strip/true/crop/1920x1080+0+0/resize/1440x810!/quality/90/?url=https%3A%2F%2Fnbc-sports-production-nbc-sports.s3.us-east-1.amazonaws.com%2Fbrightspot%2F61%2F52%2Fa61074c54676b843082151cdd3bd%2Fryder-lyons.png,2025-09-10T21:17:32Z,"The Navy All-American Bowl Road to the Dome tour will visit Folsom High School in Folsom, California, on September 12th to recognize Ryder Lyons as a 2026 Navy All-American. Folsom High School will h… [+1569 chars]",sports
"{'id': None, 'name': 'Daytona Beach News-Journal'}",Daytona Beach News-Journal,"UCF football offensive line coach Shawn Clark hospitalized, in stable condition","Shawn Clark, the UCF Knights' offensive line coach, experienced a medical emergency and is stable condition, the university announced.",https://www.news-journalonline.com/story/sports/college/ucf/2025/09/10/ucf-knights-football-shawn-clark-offensive-line-coach/86082395007/,https://s.yimg.com/ny/api/res/1.2/PdtxvIOH_daxdVJ2MbAAng--/YXBwaWQ9aGlnaGxhbmRlcjt3PTEyMDA7aD03MjA7Y2Y9d2VicA--/https://media.zenfs.com/en/daytona-beach-news-journal/7a2e3de040b7309c2e5c7e94efe10d7f,2025-09-10T21:17:14Z,"ORLANDO UCF offensive line coach Shawn Clark experienced a medical emergency Thursday, Sept. 9, and is in stable condition, according to a statement from the university's athletic department.
""Coach… [+1519 chars]",sports
"{'id': None, 'name': 'The Daily Caller'}",Andrew Powell,Three Men’s Basketball Players Permanently Suspended By NCAA Following Gambling Probe,"In an effort to push out sports betting by coaches and student-athletes, the NCAA has issued a crackdown, and their most recent probe has delivered results.",https://dailycaller.com/2025/09/10/college-basketball-players-ncaa-gambling-investigation/,"https://images.dailycaller.com/image/width=1280,height=549,fit=cover,format=webp,f=auto/https://cdn01.dailycaller.com/wp-content/uploads/2025/09/GettyImages-932550272-scaled-e1757539267330.jpg",2025-09-10T21:17:04Z,"In an effort to push out sports betting by coaches and student-athletes, the NCAA has issued a crackdown, and their most recent probe triggered three men’s basketball players from San Jose State and … [+2017 chars]",sports
"{'id': None, 'name': 'NBCSports.com'}",NBC Sports,Navy All-American Bowl to Honor Folsom High School Offensive Lineman Vlad Dyakonov,"The Navy All-American Bowl Road to the Dome tour will visit Folsom High School in Folsom, California, on September 12th to recognize Vlad Dyakonov as a 2026 Navy All-American.",https://www.nbcsports.com/news/navy-all-american-bowl-to-honor-folsom-high-school-offensive-lineman-vlad-dyakonov,https://s.yimg.com/ny/api/res/1.2/3o.e5aKVJ1V0qdIaql2f6g--/YXBwaWQ9aGlnaGxhbmRlcjt3PTEyMDA7aD02NzU7Y2Y9d2VicA--/https://media.zenfs.com/en/nbcsports.com/1e4dcf942e0d5ef2865697fd54f6828d,2025-09-10T21:14:33Z,"The Navy All-American Bowl Road to the Dome tour will visit Folsom High School in Folsom, California, on September 12th to recognize Vlad Dyakonov as a 2026 Navy All-American. Folsom High School will… [+1772 chars]",sports
"{'id': 'fox-sports', 'name': 'Fox Sports'}",Eric Williams,"Feeling 'Compelled to Teach,' Marshall Faulk Embraces Coaching Career at Colorado","In his first year as Colorado's running backs coach, Marshall Faulk feels that he needed to spread the knowledge of what he learned in his Hall of Fame career.",https://www.foxsports.com/stories/nfl/feeling-compelled-teach-marshall-faulk-embraces-coaching-career-colorado,https://a57.foxsports.com/statics.foxsports.com/www.foxsports.com/content/uploads/2025/09/1408/814/marshall-faulk.jpg?ve=1&tl=1,2025-09-10T21:13:37Z,"Marshall Faulk won a Super Bowl as the centerpiece of the ""Greatest Show on Turf"" with the St. Louis Rams. He owns a gold jacket as a member of the Pro Football Hall of Fame as one of the top running… [+4559 chars]",sports
"{'id': None, 'name': 'Yahoo Entertainment'}",ALYCE BROWN,Women's Lacrosse League will expand to full season in 2026,"The Women’s Lacrosse League announced Wednesday it will expand to a full season and playoffs starting in 2026. Next season, there will be 11 weekends of competition between their four teams: the Boston Guard, New York Charging, Maryland Charm and California P…",https://sports.yahoo.com/article/womens-lacrosse-league-expand-full-210805686.html,https://s.yimg.com/cv/apiv2/social/images/yahoo_default_logo-1200x1200.png,2025-09-10T21:08:05Z,"The Womens Lacrosse League announced Wednesday it will expand to a full season and playoffs starting in 2026.
The leagues first season earlier this year consisted solely of a one-week tournament cal… [+1290 chars]",sports
"{'id': 'marca', 'name': 'Marca'}",marca.com,"Tennis champ Carlos Alcaraz dating SI Model Brooks Nader, ending Raducanu speculation","Carlos Alcaraz isn&apos;t just making headlines for his dominant performance at the US Open, he&apos;s now in the spotlight for his personal life as well. 

The 22-year-old tennis",https://www.marca.com/en/tennis/2025/09/10/68c1e819e2704e29288b4617.html,https://e01-phantom-marca.uecdn.es/849b6e7dea477559c03943d35e9006c8/crop/0x0/2046x1364/resize/1200/f/webp/assets/multimedia/imagenes/2025/09/10/17575336926153.jpg,2025-09-10T21:05:51Z,"Carlos Alcaraz isn't just making headlines for his dominant performance at the US Open, he's now in the spotlight for his personal life as well. 
The 22-year-old tennis sensation, who recently clinc… [+2307 chars]",sports
"{'id': 'breitbart-news', 'name': 'Breitbart News'}","Nick Gilbertson, Nick Gilbertson",Exclusive--Over 100 Small Businesses Visit White House to Thank Trump,"Representatives from 100 small businesses visited the White House on Wednesday to thank President Donald Trump for delivering on his promises, Breitbart News has learned. 
The post Exclusive–Over 100 Small Businesses Visit White House to Thank Trump appeared …",https://www.breitbart.com/politics/2025/09/10/exclusive-over-100-small-businesses-visit-white-house-to-thank-trump/,https://media.breitbart.com/media/2025/09/Trump-Small-Business-Owners-640x335.jpeg,2025-09-10T23:25:04Z,"Representatives from 100 small businesses visited the White House on Wednesday to thank President Donald Trump for delivering on his promises, Breitbart News has learned.
Representatives of small bu… [+2518 chars]",business
"{'id': None, 'name': 'Va.gov'}",Mike Molina,Free online course helps Veterans launch small business ideas - VA News,Want to start a business but don’t know where to begin? A free course from Warrior Rising helps service-disabled Veterans take the first step.,https://news.va.gov/142515/free-online-course-helps-launch-business-ideas/,https://news.va.gov/wp-content/uploads/sites/3/2025/01/Small-business-owners-scaled.jpeg,2025-09-10T23:22:56Z,The sharing of non-VA information does not constitute an endorsement of products or services by the Department of Veterans Affairs. Veterans should always verify information with the organization off… [+3377 chars],business
"{'id': None, 'name': 'CNET'}",Joe Supan,Elon Musk Says Starlink Could Replace Your Cellphone Carrier,The SpaceX CEO outlined a vision for Starlink internet beamed directly to your cellphone.,https://www.cnet.com/home/internet/elon-musk-says-starlink-could-replace-your-cellphone-carrier/,https://www.cnet.com/a/img/resize/ac48ba47883e6f45d9237327eefebd7de5753b05/hub/2025/07/24/9e0453d4-cd66-4e59-b301-0bf1da2e524c/gettyimages-2224910960.jpg?auto=webp&fit=crop&height=675&width=1200,2025-09-10T23:20:00Z,"On Wednesday, just one day after SpaceX acquired $17 billion of wireless spectrum from telecommunications company EchoStar, Elon Musk made some typically bold claims for how he would put it to use. T… [+2592 chars]",business
"{'id': None, 'name': 'TheWrap'}",Chase Hutchinson,‘The Fence’ Review: Claire Denis’ Latest Film Is a Consuming Drama About Death,"TIFF 2025: Isaach De Bankolé gives a typically excellent performance even when the film is not Denis' best
The post ‘The Fence’ Review: Claire Denis’ Latest Film Is a Consuming Drama About Death appeared first on TheWrap.",https://www.thewrap.com/the-fence-review-claire-denis/,https://www.thewrap.com/wp-content/uploads/2025/09/The-Fence_Still_HERO.jpg,2025-09-10T23:19:00Z,"Though full of a distinct sense of atmosphere and compelling performances, Claire Denis The Fence is a work that could be mistaken for being more slight upon first glance. Based on the Bernard-Marie … [+4773 chars]",business
"{'id': None, 'name': 'WWD'}",David Moin,Saks Off 5th Vacating 57th Street,Sources tell WWD that the off-pricer has decided to leave the location due to planned construction involving converting the office space into residential space.,http://wwd.com/business-news/retail/saks-off-5th-leaving-57th-street-1238134423/,https://wwd.com/wp-content/uploads/2025/09/GettyImages-513404492.jpg?w=1000&h=563&crop=1,2025-09-10T23:16:53Z,"Saks Off 5th, the off-price division of Saks Global, is vacating its 57th Street location in Manhattan, WWD has learned.
Sources said the building housing Saks Off Fifth, located in an office tower … [+2574 chars]",business
"{'id': 'the-times-of-india', 'name': 'The Times of India'}",TNN,PM Modi's business-like response to Trump's posts indicates India will stick to red lines,India Business News: NEW DELHI: PM Narendra Modi's last two posts on X responding to US President Donald Trump's comments are being watched as much for what they omit - an.,https://timesofindia.indiatimes.com/business/india-business/pm-modis-business-like-response-to-trumps-posts-indicates-india-will-stick-to-red-lines/articleshow/123819141.cms,"https://static.toiimg.com/thumb/msid-123819153,width-1070,height-580,imgsize-90588,resizemode-75,overlay-toi_sw,pt-32,y_pad-40/photo.jpg",2025-09-10T23:15:35Z,Seerat Bajwa brings a fresh take on beauty with her graceful fashion sense,business
"{'id': None, 'name': 'Biztoc.com'}",reuters.com,Nearly half of Japanese firms approve of BOJ chief's performance: Reuters poll,,https://biztoc.com/x/d55b08db40c084c7,https://biztoc.com/cdn/d55b08db40c084c7_s.webp,2025-09-10T23:12:00Z,"{ window.open(this.href, '_blank'); }, 200); return false;""&gt;Why is Oracle's stock surging amid AI boom? { window.open(this.href, '_blank'); }, 200); return false;""&gt;What caused the largest job r… [+731 chars]",business
"{'id': None, 'name': 'Biztoc.com'}",investopedia.com,"Novo Nordisk Cuts Around 9,000 Jobs as Weight-Loss Drugmaker Faces Growing Competition","Key Takeaways
- Novo Nordisk said it is laying off about about 9,000 positions or 11.5% of its workforce in a ""transformation"" of the drugmaker's business.
- The maker of Ozempic and Wegovy said the cuts are part of a plan to help the company grow its diabete…",https://biztoc.com/x/7b48e3a028767f86,https://biztoc.com/cdn/7b48e3a028767f86_s.webp,2025-09-10T23:11:42Z,"Key Takeaways- Novo Nordisk said it is laying off about about 9,000 positions or 11.5% of its workforce in a ""transformation"" of the drugmaker's business.- The maker of Ozempic and Wegovy said the cu… [+155 chars]",business
"{'id': None, 'name': 'Defense One'}",Lauren C. Williams,"Fight AI-powered cyber attacks with AI tools, intelligence leaders say","But the Pentagon can also make more use of “good old-fashioned automation,” NGA chief says.",https://www.defenseone.com/defense-systems/2025/09/fight-ai-powered-cyber-attacks-ai-tools-intelligence-leaders-say/408031/,https://cdn.defenseone.com/media/img/cd/2025/09/10/whit_5A5A8205_1/open-graph.jpg,2025-09-10T23:10:09Z,"Cyber defenders need AI tools to fend off a new generation of AI-powered attacks, the head of the National Geospatial-Intelligence Agency said Wednesday.
The concept of using AI to combat AI attack … [+3433 chars]",business
"{'id': None, 'name': 'Johnaugust.com'}",Drew Marquardt,"Scriptnotes, Episode 700: The Live Call-In Show, Transcript","The original post for this episode can be found here. John August: Hello, and welcome. My name is John August. Craig Mazin: My name is Craig Mazin. John: You’re listening to episode 700 of Scriptnotes, a podcast about screenwriting and things that are interes…",https://johnaugust.com/2025/scriptnotes-episode-700-the-live-call-in-show-transcript,https://johnaugust.com/wp-content/uploads/2021/04/ja-tw-card-small.png,2025-09-10T23:08:20Z,"The original post for this episode can be found here.
John August: Hello, and welcome. My name is John August.
Craig Mazin: My name is Craig Mazin.
John: Youre listening to episode 700 of Scriptno… [+83745 chars]",business
"{'id': 'financial-post', 'name': 'Financial Post'}",Bloomberg News,Asian Shares Seen Lower as US Stocks Rise Into CPI: Markets Wrap,Asian equities were set to edge lower Thursday after a rally on Wall Street drove stocks and bonds higher as a drop in producer prices supported bets the Federal Reserve will resume cutting interest rates next week.,https://financialpost.com/pmn/business-pmn/asian-shares-seen-lower-as-us-stocks-rise-into-cpi-markets-wrap,https://smartcdn.gprod.postmedia.digital/financialpost/wp-content/uploads/2025/09/sp-500-hits-record-after-inflation-surprise.jpg,2025-09-10T23:05:05Z,(Bloomberg) Asian equities were set to edge lower Thursday after a rally on Wall Street drove stocks and bonds higher as a drop in producer prices supported bets the Federal Reserve will resume cutti… [+5225 chars],business
"{'id': None, 'name': 'TheJournal.ie'}",Eimer McAuley,Irish drinks firms may axe ‘hundreds of thousands’ worth of investment in US over tariffs,Small to medium sized firms are weighing up axing planned investment in their US operations as Supreme Court is expected to back Trump in tariffs row.,https://www.thejournal.ie/irish-drinks-firms-6810707-Sep2025/,https://img2.thejournal.ie/article/6810707/river/?height=400&version=6810740,2025-09-10T23:05:01Z,SEVERAL MEDIUM-SIZED Irish drinks firms are considering pulling hundreds of thousands worth of investment from their US operations on foot of President Donald Trumps 15% tariff on goods from the EU a… [+5243 chars],business
"{'id': None, 'name': 'Yahoo Entertainment'}",Ryan Young,"WNBA president Nneka Ogwumike addresses apparent CBA stalemate with league as playoffs, deadline approach",The WNBA players union and the league have an Oct. 31 deadline to agree to a new collective bargaining agreement.,https://sports.yahoo.com/wnba/breaking-news/article/wnba-president-nneka-ogwumike-addresses-apparent-cba-stalemate-with-league-as-playoffs-deadline-approach-230449947.html,https://s.yimg.com/ny/api/res/1.2/LAp5NBHblUznydTXwk._nQ--/YXBwaWQ9aGlnaGxhbmRlcjt3PTEyMDA7aD04MDA7Y2Y9d2VicA--/https://s.yimg.com/os/creatr-uploaded-images/2025-09/351da7e0-8a53-11f0-a7df-3229a4156d54,2025-09-10T23:04:49Z,"The WNBA playoffs will officially kick off on Sunday, and it doesnt appear that much progress, if any, has been made when it comes to a new collective bargaining agreement.
Though there is still tim… [+2854 chars]",business
"{'id': None, 'name': 'New York Post'}",Kirsten Fleming,Iryna Zaruksta was fatally stabbed — and no one rushed to help: Have we lost our humanity?,"With the video of Iryna Zarutska's stabbing, we saw indifference from fellow passengers as she lay dying — randomly attacked by a mentally deranged career criminal.",https://nypost.com/2025/09/10/opinion/no-one-rushed-to-help-iryna-zarutska-have-we-lost-our-humanity/,https://nypost.com/wp-content/uploads/sites/2/2025/09/zarutska_720.jpg?quality=75&strip=all&w=720,2025-09-10T23:02:16Z,"The grim footage of Ukrainian refugee Iryna Zarutska being brutally murdered on a North Carolina commuter train August 22 was absolutely horrific.
And it only got more heartbreaking once when additi… [+5148 chars]",business
"{'id': None, 'name': 'TwinCities.com-Pioneer Press'}",Dane Mizutani,Vikings safety Harrison Smith gives update on his personal health issue,"After missing the Monday night game between the Vikings and the Chicago Bears at Soldier Field, veteran safety Harrison Smith said he expects to return in the near future. Though he did not go into detail about the personal health issue he has been dealing wi…",https://www.twincities.com/2025/09/10/vikings-safety-harrison-smith-gives-update-on-his-personal-health-issue/,https://www.twincities.com/wp-content/uploads/2025/09/STP-Z-Texans-Vikings-Football_232486082.jpg?w=1024&h=683,2025-09-10T23:02:00Z,"To place an obituary, please include the information from the obituary checklist below in an email to obits@pioneerpress.com. There is no option to place them through our website.
Feel free to conta… [+4498 chars]",business
"{'id': None, 'name': 'The Hockey News'}",Adam Proteau,Calgary Flames' Dustin Wolf Is Worth The Big Risk,"The Calgary Flames are a franchise very much in transition right now, but their No. 1 goalie is set for a long time.",https://thehockeynews.com/news/latest-news/calgary-flames-dustin-wolf-is-worth-the-big-risk,https://deweb-519a7.b-cdn.net/post-images/a7fded4a-98f9-415d-b2ec-4edc7aa9f094.jpeg,2025-09-10T23:00:44Z,"The Calgary Flames are a franchise very much in transition right now, but their No. 1 goalie is set for a long time.
Flames GM Craig Conroy has a major-league balancing act between his teams current… [+4086 chars]",business
"{'id': None, 'name': 'Sankakucomplex.com'}",BlackAshes,Japan’s Mobile Game Market Enters “Winter Era” as Costs Soar & Hits Vanish,"Once the land of mega-hits like Puzzle & Dragons and Monster Strike, Japan’s smartphone game industry is now choking under skyrocketing development costs, fading blockbusters, and service shutdowns—forcing publishers to chase “global audiences” and new busine…",https://news.sankakucomplex.com/2025/09/11/japans-mobile-game-market-enters-winter-era-as-costs-soar-hits-vanish/,https://news.sankakucomplex.com/wp-content/uploads/2025/09/ArtoriaPendragon-Bikini-Art-by-Sakiyamama-2025-Thumb.png,2025-09-10T23:00:41Z,"Once the land of mega-hits like Puzzle &amp; Dragons and Monster Strike, Japans smartphone game industry is now choking under skyrocketing development costs, fading blockbusters, and service shutdown… [+2188 chars]",business
"{'id': None, 'name': 'Biztoc.com'}",investopedia.com,"S&P 500 Gains & Losses Today: Oracle Stock Soars, While Synopsys Staggers","Key Takeaways
- The S&P 500 gained 0.3% on Wednesday, Sept. 10, 2025, as a report showed an unexpected downtick in wholesale inflation ahead of Thursday's Consumer Price Index release.
- Oracle guided for impressive growth from its cloud infrastructure busine…",https://biztoc.com/x/69c2aeef6c53596a,https://biztoc.com/cdn/69c2aeef6c53596a_s.webp,2025-09-10T23:00:32Z,"Key Takeaways- The S&amp;P 500 gained 0.3% on Wednesday, Sept. 10, 2025, as a report showed an unexpected downtick in wholesale inflation ahead of Thursday's Consumer Price Index release.- Oracle gui… [+159 chars]",business
"{'id': None, 'name': 'WWD'}",KAbel,"Stanley Silver, Fred Segal Feet Visionary, Dies at 90","Stanley Silver, who grew Los Angeles-based Fred Segal Feet into a top independent retailer, died at age 90.",http://wwd.com/footwear-news/shoe-industry-news/stanley-silver-fred-segal-feet-dies-1238132744/,https://wwd.com/wp-content/uploads/2025/09/patti-stanley-silver-feature.jpg?w=1000&h=563&crop=1,2025-09-10T23:00:05Z,"Stanley Silver, the Fred Segal Feet visionary who revolutionized independent retail, was in a league of his own. 
Silver — who died Tuesday at age 90 — and his late wife, Patti Silver, built their M… [+3503 chars]",business
"{'id': 'rte', 'name': 'RTE'}",Fergal O'Brien,'Modest' growth in SME sector in second quarter - monitor,"Two in five small and medium-sized enterprises reported growth during the second quarter of the year, the highest level in over two years.",https://www.rte.ie/news/ireland/2025/0911/1532877-sme-report/,https://www.rte.ie/images/00232722-1600.jpg,2025-09-10T23:00:00Z,"Two in five small and medium-sized enterprises (SMEs) reported growth during the second quarter of the year, the highest level in over two years.
The latest All-Island Business Monitor shows more th… [+2821 chars]",business
"{'id': 'rte', 'name': 'RTE'}",John Byrne,What's on? Top 10 TV and streaming tips for Thursday,"Taskmaster returns for a 20th run, Glúin Z explores the cost of living for young Irish people, Tyler Perry's Beauty in Black is back for season 2, while residences are being sought for folks and furry ones on Cheap Irish Homes and The Dog House . . .",https://www.rte.ie/entertainment/2025/0911/1532827-whats-on-top-10-tv-and-streaming-tips-for-thursday/,https://www.rte.ie/images/001833b5-1600.jpg,2025-09-10T23:00:00Z,"Taskmaster returns for a 20th run, Glúin Z explores the cost of living for young Irish people, Tyler Perry's Beauty in Black is back for season 2, while residences are being sought for folks and furr… [+5828 chars]",business
"{'id': None, 'name': 'GlobeNewswire'}",Q2 Metals Corp,"Q2 Metals Clarifies Technical Disclosure on Initial Exploration Target at the Cisco Lithium Project in James Bay, Quebec, Canada","Q2 Metals Clarifies Technical Disclosure on Initial Exploration Target at the Cisco Lithium Project in James Bay, Quebec, Canada ......",https://www.globenewswire.com/news-release/2025/09/10/3148294/0/en/Q2-Metals-Clarifies-Technical-Disclosure-on-Initial-Exploration-Target-at-the-Cisco-Lithium-Project-in-James-Bay-Quebec-Canada.html,https://ml.globenewswire.com/Resource/Download/973f6fc9-03c6-45c8-a13e-8fd6f02782c4,2025-09-10T22:55:00Z,"VANCOUVER, British Columbia, Sept. 10, 2025 (GLOBE NEWSWIRE) -- Q2 Metals Corp. (TSX.V: QTWO | OTCQB: QUEXF | FSE: 458) (Q2 or the Company) announces that, as a result of a technical review by the Br… [+15255 chars]",business
"{'id': None, 'name': 'Biztoc.com'}",theglobeandmail.com,"OpenAI copyright lawsuit should be heard in the U.S. instead of Ontario, company lawyers say","A copyright lawsuit filed against OpenAI in Ontario by news media organizations should be heard in the United States instead because the company does not conduct business in the province, lawyers for the artificial-intelligence giant argued at a court hearing…",https://biztoc.com/x/4250be336d0ca76e,https://biztoc.com/cdn/4250be336d0ca76e_s.webp,2025-09-10T22:49:19Z,"A copyright lawsuit filed against OpenAI in Ontario by news media organizations should be heard in the United States instead because the company does not conduct business in the province, lawyers for… [+149 chars]",business
"{'id': None, 'name': 'Roanoke Times'}",NICHOLAS RICCARDI and ALI SWENSON Associated Press,"Charlie Kirk, who helped build support for Trump among young people, dies","He personified the pugnacious, populist conservatism that took over the Republican Party in the age of Trump.",https://roanoke.com/news/nation-world/obituaries/article_0217ea7a-293f-5fc7-963d-3ad503702c44.html,https://bloximages.newyork1.vip.townnews.com/roanoke.com/content/tncms/assets/v3/editorial/0/21/0217ea7a-293f-5fc7-963d-3ad503702c44/68c1f89a89166.preview.jpg?crop=1524%2C800%2C61%2C70&resize=1200%2C630&order=crop%2Cresize,2025-09-10T22:48:00Z,"Charlie Kirk, who rose from a teenage conservative campus activist to a top podcaster, culture warrior and ally of President Donald Trump, was shot and killed Wednesday during a public appearance at … [+9167 chars]",business
"{'id': None, 'name': 'Richmond.com'}",NICHOLAS RICCARDI and ALI SWENSON Associated Press,"Charlie Kirk, who helped build support for Trump among young people, dies","He personified the pugnacious, populist conservatism that took over the Republican Party in the age of Trump.",https://richmond.com/news/nation-world/obituaries/article_bd42010e-9703-5d08-b7e5-5f490f724298.html,https://bloximages.newyork1.vip.townnews.com/richmond.com/content/tncms/assets/v3/editorial/b/d4/bd42010e-9703-5d08-b7e5-5f490f724298/68c1f89a8d565.preview.jpg?crop=1524%2C800%2C61%2C70&resize=1200%2C630&order=crop%2Cresize,2025-09-10T22:48:00Z,"Charlie Kirk, who rose from a teenage conservative campus activist to a top podcaster, culture warrior and ally of President Donald Trump, was shot and killed Wednesday during a public appearance at … [+8991 chars]",business
"{'id': 'fox-news', 'name': 'Fox News'}",,Three teenagers remain in critical condition after Colorado high school shooting incident,A shooting at Evergreen High School in Colorado left three students in critical condition as over 100 police officers responded to the Wednesday afternoon incident.,https://www.foxnews.com/us/three-teenagers-remain-critical-condition-colorado-high-school-shooting-incident,https://static.foxnews.com/foxnews.com/content/uploads/2025/09/evergreen-high-school-shooting-2.jpg,2025-09-10T22:46:47Z,"A shooting at a high school in the Denver suburbs has left three teenagers hospitalized in critical condition, including the suspected shooter, authorities said.
The shooting took place at around 12… [+2532 chars]",business
"{'id': 'techradar', 'name': 'TechRadar'}","waynewilliams@onmail.com (Wayne Williams) , Wayne Williams","Ultimaker debuts secure 3D printer range without Wi-Fi, cameras but with hacker-proof firmware and chassis",Secure Line 3D printers sidestep potential vulnerabilities by operating offline with USB-only workflows.,https://www.techradar.com/pro/ultimaker-debuts-secure-3d-printer-range-without-wi-fi-cameras-but-with-hacker-proof-firmware-and-chassis,https://cdn.mos.cms.futurecdn.net/6QtzjbcEJDmtVpXLjkczDg.png,2025-09-10T22:46:00Z,"<ul><li>Ultimaker introduces Secure Line 3D printers for defense use, no Wi-Fi, no cameras</li><li>Air-gapped models rely on USB workflows, eliminating cloud services</li><li>Tamper-resistant firmwar… [+3033 chars]",business
"{'id': 'techradar', 'name': 'TechRadar'}",Efosa Udinmwen,"Only 20% of ransomware is not powered by AI, but expect that number to drop even further in 2025","AI Tools are transforming ransomware, phishing, and malware attacks – requiring proactive defenses, automation, and human oversight to maintain cybersecurity resilience.",https://www.techradar.com/pro/security/only-20-of-ransomware-is-not-powered-by-ai-but-expect-that-number-to-drop-even-further-in-2025,https://cdn.mos.cms.futurecdn.net/kHR7hTFieuBmjcpgHnKHh4.jpg,2025-09-10T22:40:00Z,"<ul><li>80% of ransomware attacks are now powered by artificial intelligence tools</li><li>AI enables malware creation, phishing campaigns, and deepfake-driven social engineering attacks</li><li>LLMs… [+2632 chars]",business
"{'id': None, 'name': 'Antaranews.com'}","Anggi Luthfi, Asri Mayang Sari","Indonesia's Social Forestry Program hits 8.4M hectares, 1.4M families","Minister of Forestry Raja Juli Antoni reported that the Social Forestry Program has reached 8.4 million hectares nationwide, involving 1.4 million ...",https://en.antaranews.com/news/379253/indonesias-social-forestry-program-hits-84m-hectares-14m-families,https://cdn.antaranews.com/cache/1200x800/2025/09/10/0d4cb7e7-aeaa-415b-85ed-6d98c2425be5.jpeg,2025-09-10T22:35:40Z,"Medan (ANTARA) - Minister of Forestry Raja Juli Antoni reported that the Social Forestry Program has reached 8.4 million hectares nationwide, involving 1.4 million families.From January to September … [+1163 chars]",business
"{'id': None, 'name': 'Digitimes'}",Charlene Chen,"Momo's August revenue rises 4.4% MoM, iPhone upgrade wave to potentially boost sales recovery","Momo reported consolidated revenue of NT$8.49 billion (approx. US$279.9 million) in August, marking a 4.4% month-over-month increase. However, since the beginning of 2025, monthly revenues have consistently shown single-digit year-over-year declines. The team…",https://www.digitimes.com/news/a20250910PD242/e-commerce-retail-iphone-sales-2025.html,https://img.digitimes.com/newsshow/20250910pd242_files/1_b.jpg,2025-09-10T22:35:25Z,"Save my User ID and Password
Some subscribers prefer to save their log-in information so they do not have to enter their User ID and Password each time they visit the site. To activate this function… [+307 chars]",business
"{'id': None, 'name': '9to5Toys'}",Sponsored Post,"AMAZINGTHING’s iPhone 17 lineup include cases with ultra-thin aramid fiber, anti-yellow coating, more","Apple just unveiled the iPhone 17, and if you’re gearing up to place your preorder, now’s the perfect time to snag a quality case to keep your new device protected from day one. A bunch of case makers are ready for the iPhone 17 launch, and the folks over at …",http://9to5toys.com/2025/09/10/amazingthing-iphone-17-lineup/,https://i0.wp.com/9to5toys.com/wp-content/uploads/sites/5/2025/09/AmazingThing-iPhone-17-01.jpg?resize=1200%2C628&ssl=1,2025-09-10T22:33:30Z,"Apple just unveiled the iPhone 17, and if youre gearing up to place your preorder, nows the perfect time to snag a quality case to keep your new device protected from day one. A bunch of case makers … [+7925 chars]",business
"{'id': None, 'name': 'Slashdot.org'}",BlairConradsen05,"Preserves your document's layout PDF, Word, Excel,","We provide tips, how to guide, provide online training, and also provide Excel solutions to your business problems. You can also use our tool to help you convert Word to PDF to help preserve the quality.Once youve completed the translation, you can convert yo…",https://slashdot.org/submission/17340010/preserves-your-documents-layout-pdf-word-excel,,2025-09-10T22:33:15Z,The Fine Print: The following comments are owned by whoever posted them. We are not responsible for them in any way.,business
"{'id': None, 'name': 'XDA Developers'}",Karandeep Singh,6 tools that made my NAS the smartest productivity device I own,"Discover the top 6 tools that transform your NAS into a powerful productivity hub, including Synology Drive, OnlyOffice, Joplin notes, Jellyfin, Synology Photos, and robust backup solutions.",https://www.xda-developers.com/best-nas-productivity-tools/,https://static0.xdaimages.com/wordpress/wp-content/uploads/2024/08/terramaster-f2-423-bay-open.jpg?w=1600&h=900&fit=crop,2025-09-10T22:31:19Z,"Network-attached storage, as its name suggests, is essentially a storage space for all your data. It is a cloud alternative that resides in your home and is under your control. But what actually turn… [+5071 chars]",business
"{'id': None, 'name': 'GlobeNewswire'}",Tellus Power,Tellus Power Globe Holding Limited Introduces Two New 600kW DC Fast Chargers to Improve Utilization and Reduce Cost of Ownership,"Available in all-in-one and distributed configurations, the 600kW chargers support NACS, CCS1 and CCS2 charging standards, offering flexible, high-powered charging for fleets, depots and network operators Available in all-in-one and distributed configurations…",https://www.globenewswire.com/news-release/2025/09/10/3148291/0/en/Tellus-Power-Globe-Holding-Limited-Introduces-Two-New-600kW-DC-Fast-Chargers-to-Improve-Utilization-and-Reduce-Cost-of-Ownership.html,https://ml.globenewswire.com/Resource/Download/c5f1d255-fa4c-4eff-a476-f5b8666edb26,2025-09-10T22:31:00Z,"IRVINE, Calif., Sept. 10, 2025 (GLOBE NEWSWIRE) -- Tellus Power Globe Holding Limited (Tellus Power or the Company), an innovative provider of electric vehicle (EV) charging solutions, today unveiled… [+3507 chars]",business
"{'id': 'financial-post', 'name': 'Financial Post'}",Bloomberg News,"Mexico Plans 50% Tariff on Chinese Cars Before US, Canada Talks","Mexico plans to impose tariffs of as much as 50% on cars and other products made by China and several Asian exporters, aligning the country more closely with US protectionism as President Claudia Sheinbaum prepares for talks over North America’s free-trade de…",https://financialpost.com/pmn/business-pmn/mexico-plans-50-tariff-on-chinese-cars-before-us-canada-talks,https://smartcdn.gprod.postmedia.digital/financialpost/wp-content/uploads/2025/09/mexicos-existing-and-proposed-levies-by-sector.jpg,2025-09-10T22:29:29Z,"(Bloomberg) Mexico plans to impose tariffs of as much as 50% on cars and other products made by China and several Asian exporters, aligning the country more closely with US protectionism as President… [+5417 chars]",business
"{'id': 'business-insider', 'name': 'Business Insider'}",Charles Rollet,Scale AI is being investigated by San Francisco labor regulators,Scale AI says it's cooperating with the probe. The startup relies on an army of workers it considers contractors.,https://www.businessinsider.com/san-francisco-investigating-scale-ai-labor-practices-2025-9,https://i.insider.com/68c1ea8b32af4d666ef7a937?width=1200&format=jpeg,2025-09-10T22:27:16Z,"Scale AI interim CEO Jason Droege.Randy Risling/Toronto Star via Getty Images
<ul><li>San Francisco regulators are investigating Scale AI's treatment of its workers.</li><li>Scale AI depends on thou… [+3593 chars]",business
"{'id': None, 'name': 'CNA'}",,Frequent travellers’ tips: How to pack for a business trip,"Checklists, pouches, colour schemes and the right way to fold — work travel pros share their secrets.",https://cnaluxury.channelnewsasia.com/experiences/business-travel-packing-tips-260181,"https://dam.mediacorp.sg/image/upload/s--vszISola--/c_crop,h_1192,w_2120,x_0,y_110/c_fill,g_auto,h_676,w_1200/f_auto,q_auto/v1/mediacorp/cna/image/2025/09/10/istock-1374876306_business_travel_packing_tips.jpg?itok=ZJuVC-4c",2025-09-10T22:27:04Z,"Im normally on the road for two weeks at a time, and pack for an eclectic mix of security council briefings and refugee camp visits, warlords and presidents. My suitcase must be the only one in the w… [+495 chars]",business
"{'id': None, 'name': 'pymnts.com'}",PYMNTS,Bank CEOs Press Lawmakers for Deposit Insurance Reform Amid Post-SVB Challenges,"Bank CEOs told lawmakers at a Senate Committee hearing Wednesday (Sept. 10) that deposit insurance reform is urgently needed in the wake of the Silicon Valley Bank collapse of 2023. Titled “Evaluating Perspectives on Deposit Insurance Reform,” the hearing spo…",http://www.pymnts.com/bank-regulation/2025/bank-ceos-press-lawmakers-for-deposit-insurance-reform-amid-post-svb-challenges/,https://www.pymnts.com/wp-content/uploads/2025/03/US-Senate-legislation-regulations.jpg,2025-09-10T22:25:20Z,Bank CEOs told lawmakers at a Senate Committee hearing Wednesday (Sept. 10) that deposit insurance reform is urgently needed in the wake of the Silicon Valley Bank collapse of 2023.Titled Evaluating … [+5122 chars],business
"{'id': None, 'name': 'Freerepublic.com'}",Yahoo Finance,Oracle stock soars after CEO says AI-fueled cloud revenue set to jump to $144 billion,Oracle (ORCL) stock jumped over 36% Wednesday to a new record close after the software giant said its AI-fueled cloud revenue is set to jump to $144 billion by its 2030 fiscal year.That marks a massive leap from the company's projection of less than $20 billi…,https://freerepublic.com/focus/f-news/4339633/posts,,2025-09-10T22:23:59Z,Oracle (ORCL) stock jumped over 36% Wednesday to a new record close after the software giant said its AI-fueled cloud revenue is set to jump to $144 billion by its 2030 fiscal year.That marks a massi… [+1844 chars],business
"{'id': None, 'name': 'Variety'}",Zack Sharf,Daniel Day-Lewis Speaks Out on Ending Acting Retirement After 8 Years: I Felt ‘Hollowed Out’ but ‘I Never Stopped Loving the Work’,"Daniel Day-Lewis spoke for the first time to Rolling Stone about his decision to end his retirement from acting after 8 years to star in “Anemone,” a new movie directed by his son Ronan. Day-Lewis, a three-time Oscar winner (“My Left Foot,” “There Will Be Blo…",https://variety.com/2025/film/news/daniel-day-lewis-explains-retirement-ending-1236514471/,https://variety.com/wp-content/uploads/2025/09/daniiel-day.png?w=1000&h=563&crop=1,2025-09-10T22:21:16Z,"Daniel Day-Lewis spoke for the first time to Rolling Stone about his decision to end his retirement from acting after 8 years to star in “Anemone,” a new movie directed by his son Ronan. Day-Lewis, a… [+3688 chars]",business
"{'id': None, 'name': 'AZCentral'}",AZCentral | The Arizona Republic,Can Arizona State football quarterback Sam Leavitt rebound from poor showing?,Arizona State football quarterback Sam Leavitt had a tough game at Mississippi State. Now he is looking to rebound with Texas State the next opponent.,https://www.azcentral.com/story/sports/college/asu/2025/09/10/how-qb-sam-leavitt-rebound-worst-game-arizona-state-football/86064477007/,https://s.yimg.com/ny/api/res/1.2/8Vdg09fyEswBPb61wjQbnA--/YXBwaWQ9aGlnaGxhbmRlcjt3PTEyMDA7aD04MDA7Y2Y9d2VicA--/https://media.zenfs.com/en/azcentral-the-arizona-republic/403cc1a17ae29aaf8be19683128f1af7,2025-09-10T22:19:49Z,"Arizona State sophomore quarterback Sam Leavitt is known for his work ethic and confidence.
After a 24-20 upset at the hands of Mississippi State, it was business as usual for Leavitt and his teamma… [+2822 chars]",business
"{'id': None, 'name': 'Forbes'}","Carley Rojas Ávila, Contributor, 
 Carley Rojas Ávila, Contributor
 https://www.forbes.com/sites/carleyrojasavila/",This Small Business Collective Is Transforming Tourism In Colombia’s Buzziest Destination,"Nuestra Cartagena brings together local restauranteurs, artists and leaders in the hospitality space to make this coastal city’s travel boom something to be proud of.",https://www.forbes.com/sites/carleyrojasavila/2025/09/10/this-small-business-collective-is-transforming-tourism-in-colombias-buzziest-destination/,https://imageio.forbes.com/specials-images/imageserve/68bdc8659ab998bca55f4c00/0x0.jpg?format=jpg&height=900&width=1600&fit=bounds,2025-09-10T22:18:10Z,"Nuestra Cartagena is a collaboration between independently-owned businesses in the hospitality space in Cartagena, Colombia.
Salón Tropical
Since its inception, Cartagena, Colombia has meant many d… [+8302 chars]",business
"{'id': 'cbc-news', 'name': 'CBC News'}",,Montreal property values going up — but downtown office buildings take a hit,"Property values are going up an average of 12.2 per cent across the island of Montreal, according the city's three-year property assessment roll released on Wednesday. The increase is moderate compared to 2023 when values jumped by more than 32 per cent.",https://www.cbc.ca/news/canada/montreal/montreal-property-values-assessment-2026-to-2028-1.7630254,https://i.cbc.ca/1.6817817.1683744275!/fileImage/httpImage/image.jpg_gen/derivatives/16x9_1180/montreal-downtown-from-lookout.jpg?im=Resize%3D620,2025-09-10T22:16:38Z,"Property values are going up an average of 12.2 per cent across the island of Montreal, according the city's three-year property assessment roll released on Wednesday.
The new values take effect on … [+2968 chars]",business
"{'id': None, 'name': 'Biztoc.com'}",zerohedge.com,Deloitte Forecasts Slowest Holiday Sales Growth Since Pandemic Amid Faltering Labor Market,"Deloitte Forecasts Slowest Holiday Sales Growth Since Pandemic Amid Faltering Labor Market
 
The Labor Department's record annual negative revision of jobs data through March indicates the business cycle may have peaked in spring 2024. Complementing this, Del…",https://biztoc.com/x/829a0b42d605697b,https://biztoc.com/cdn/829a0b42d605697b_s.webp,2025-09-10T22:15:38Z,"Deloitte Forecasts Slowest Holiday Sales Growth Since Pandemic Amid Faltering Labor Market
The Labor Department's record annual negative revision of jobs data through March indicates the business cy… [+148 chars]",business
"{'id': None, 'name': 'Biztoc.com'}",entrepreneur.com,"How a Smart Marketing Plan Turned One Brand's Emails Into $47,000 in Revenue","Discover the step-by-step marketing plan that turned simple email campaigns into $47,000 in revenue in just three months — and how you can apply these proven strategies to grow your own business.",https://biztoc.com/x/a0c90134c202b6cb,https://biztoc.com/cdn/a0c90134c202b6cb_s.webp,2025-09-10T22:15:37Z,"Discover the step-by-step marketing plan that turned simple email campaigns into $47,000 in revenue in just three months and how you can apply these proven strategies to grow your own business.
This… [+56 chars]",business
"{'id': None, 'name': 'ComingSoon.net'}",Evolve Editors,Star Wars: Fan-Favorite Character Will Return in Future Lucasfilm Project,"A fan-favorite character from Star Wars: The Clone Wars is set to make a return sometime in the future, according to the voice actor of the character. What fan-favorite Star Wars: The Clone Wars character is set to return? Speaking to The Direct in a recent i…",https://www.comingsoon.net/tv/news/2025877-star-wars-fan-favorite-character-will-return-in-future-lucasfilm-project,"https://www.comingsoon.net/wp-content/uploads/sites/3/2023/10/Star-Wars-The-Clone-Wars-Season-7-Streaming.jpg?resize=1200,630",2025-09-10T22:14:44Z,"A fan-favorite character from Star Wars: The Clone Wars is set to make a return sometime in the future, according to the voice actor of the character.
Speaking to The Direct in a recent interview, l… [+1171 chars]",business
"{'id': None, 'name': 'Mediaite'}",Alex Griffing,‘WAIT A MINUTE!’ House Descends Into Shouting After Moment of Silence For Charlie Kirk,"“Consternation on the House floor as Lauren Boebert calls for a moment of prayer for Charlie Kirk and Democrats shout ‘NO!’”
The post ‘WAIT A MINUTE!’ House Descends Into Shouting After Moment of Silence For Charlie Kirk first appeared on Mediaite.",https://www.mediaite.com/politics/wait-a-minute-house-descends-into-shouting-after-moment-of-silence-for-charlie-kirk/,https://www.mediaite.com/wp-content/uploads/2025/09/house.jpg,2025-09-10T22:14:27Z,"House Speaker Mike Johnson (R-LA) tried to hold a somber moment of silence for Charlie Kirk on Wednesday, following the horrific news that the MAGA influencer had died from an assassin’s bullet.
The… [+1869 chars]",business
"{'id': None, 'name': 'Hollywood Life'}",Hollywood Life Staff,Glow Like a Star: How Dr. Chobanian Helps Women Reclaim the Spotlight at Every Age,"The Return of the Glow-Up From TikTok beauty filters to the rise of glow-up trends, this is an era of intentional transformation. More than ever, women aren’t trying to change who they are—they want their natural glow to match their energy, style, and evolvin…",https://hollywoodlife.com/2025/09/10/how-dr-chobanian-helps-women-reclaim-the-spotlight-at-every-age/,https://hollywoodlife.com/wp-content/uploads/2025/09/Screenshot-2025-09-10-at-6.10.11 PM-e1757542235620.png?fit=1188%2C671,2025-09-10T22:14:16Z,"Image Credit: Susan Chobanian
The Return of the Glow-Up
From TikTok beauty filters to the rise of glow-up trends, this is an era of intentional transformation. More than ever, women arent trying to… [+4224 chars]",business
"{'id': None, 'name': 'Sporting News'}",Adam Schultz,Will Chiefs' 'best football' be enough to dethrone Eagles?,Can the Kansas City Chiefs produce their best football to get their Super Bowl revenge against the Eagles?,https://www.sportingnews.com/us/nfl/kansas-city-chiefs/news/chiefs-best-football-enough-dethrone-eagles/5d8d085e826b34eafa32a924,https://library.sportingnews.com/styles/crop_style_16_9_desktop_webp/s3/2025-09/USATSI_25380499.jpg.webp?itok=8dakp0kZ,2025-09-10T22:13:24Z,The Kansas City Chiefs likely still have the Super Bowl beatdown at the hands of the Philadelphia Eagles last year in the back of their mind as they gear up to face Nick Sirianni's team in Week 2 at … [+1976 chars],business
"{'id': None, 'name': 'Futurism'}",Joe Wilkins,"Exactly Six Months Ago, the CEO of Anthropic Said That in Six Months AI Would Be Writing 90 Percent of Code","With so many wild predictions flying around about the future AI, it’s important to occasionally take a step back and check in on what came true, and what hasn’t come to pass. Exactly six months ago, Dario Amodei, the boisterous CEO of massive AI company Anthr…",https://futurism.com/six-months-anthropic-coding,https://wordpress-assets.futurism.com/2025/09/six-months-anthropic-coding.jpg,2025-09-10T22:11:59Z,"With so many wild predictions flying around about the future AI, its important to occasionally take a step back and check in on what came true and what hasnt come to pass.
Exactly six months ago, Da… [+2767 chars]",business
"{'id': None, 'name': 'Boston Herald'}",Peter Currier,"Market Basket board alleges ‘stonewalling,’ ‘bullying tactics’ in complaint against ousted CEO","TEWKSBURY — The firing of Market Basket CEO Arthur T. Demoulas by the company's board of directors has come alongside a 35-page complaint filed by the board against the now former CEO in the Chancery Court in Delaware, where a long-awaited mediation session t…",https://www.bostonherald.com/2025/09/10/market-basket-board-alleges-stonewalling-bullying-tactics-in-complaint-against-ousted-ceo/,https://www.bostonherald.com/wp-content/uploads/2025/09/LS_082814_Artie-T-returns_TEW259-1-1.jpg?w=1024&h=1057,2025-09-10T22:10:15Z,TEWKSBURY The firing of Market Basket CEO Arthur T. Demoulas by the company’s board of directors has come alongside a 35-page complaint filed by the board against the now former CEO in the Chancery C… [+9522 chars],business
"{'id': 'financial-post', 'name': 'Financial Post'}",Bloomberg News,"California’s Biggest Inland Oil Pipe On Course to Shut, Imperiling Shipments to Bay Area Refiners","California’s largest inland oil pipeline is in danger of closing within months without state approval for a rate increase and other measures, a shutdown that would choke off some crude supplies to at least two San Francisco-area refiners.",https://financialpost.com/pmn/business-pmn/californias-biggest-inland-oil-pipe-on-course-to-shut-imperiling-shipments-to-bay-area-refiners,https://smartcdn.gprod.postmedia.digital/financialpost/wp-content/uploads/2025/09/california-crude-output-has-been-sliding-for-decades.jpg,2025-09-10T22:09:03Z,"(Bloomberg) Californias largest inland oil pipeline is in danger of closing within months without state approval for a rate increase and other measures, a shutdown that would choke off some crude sup… [+4631 chars]",business
"{'id': None, 'name': 'Raw Story'}","Ailia Zehra, Alternet",'You're lapdogs!' House hearing devolves into shouting as Dem uncorks brutal attack,"A House committee hearing Wednesday erupted into chaos when Rep. Maxwell Frost (D‑Fla.) and Rep. Clay Higgins (R‑La.) engaged in a shouting match so heated that Frost accused Higgins of being a “lapdog” for President Donald Trump, forcing the panel to pause p…",https://www.rawstory.com/maxwell-frost-2673980959/,https://www.rawstory.com/media-library/u-s-rep-maxwell-frost-d-fl-gestures-as-demonstrators-rally-outside-the-u-s-treasury-department-after-it-was-reported-billio.jpg?id=56591048&width=1200&height=600&coordinates=0%2C458%2C0%2C459,2025-09-10T22:08:28Z,A House committee hearing Wednesday erupted into chaos when Rep. Maxwell Frost (DFla.) and Rep. Clay Higgins (RLa.) engaged in a shouting match so heated that Frost accused Higgins of being a lapdog … [+1932 chars],business
"{'id': None, 'name': 'CNBC'}",Alex Harring,Stock market today: Live updates,The S&P 500 is coming off another record close.,https://www.cnbc.com/2025/09/10/stock-market-today-live-updates.html,https://image.cnbcfm.com/api/v1/image/108196951-17575211122025-09-10t161648z_1625886033_rc21pgab7hlg_rtrmadp_0_klarna-ipo.jpeg?v=1757521296&w=1920&h=1080,2025-09-10T22:08:16Z,"S&amp;P 500 futures are flat on Wednesday night, following another day of record highs, as Wall Street awaited a key consumer inflation gauge.
Futures tied to the broad index traded near flat, while… [+1602 chars]",business
"{'id': None, 'name': 'Biztoc.com'}",youtube.com,Hoda Kotb Learned This Secret On Her Journey To Entrepreneurship,At the 2025 Forbes Power Women's Summit Hoda Kotb shares how she got serious about her business. Hoda Kotb built a ...,https://biztoc.com/x/02657df6366d1093,https://biztoc.com/cdn/02657df6366d1093_s.webp,2025-09-10T22:07:45Z,"At the 2025 Forbes Power Women's Summit Hoda Kotb shares how she got serious about her business. Hoda Kotb built a ...
This story appeared on youtube.com, 2025-09-10 21:30:03.",business
"{'id': None, 'name': 'NPR'}",NPR,Trump’s Battle With The Federal Reserve,"What’s behind Donald Trump’s ongoing <a href=""https://www.nytimes.com/2025/08/31/business/how-trump-could-overhaul-the-fed.html""target=""_blank""   >battle with the Federal Reserve?</a> That’s the question on some analysts minds as the White House proposes <a h…",https://www.npr.org/2025/09/10/nx-s1-5537139/trumps-battle-with-the-federal-reserve,https://npr.brightspotcdn.com/dims3/default/strip/false/crop/3377x1900+0+0/resize/1400/quality/100/format/jpeg/?url=http%3A%2F%2Fnpr-brightspot.s3.amazonaws.com%2Ff0%2F21%2F48bf7fdc4d6a9f17793afd2b2da8%2F1f6efa0a-e58c-4edf-9deb-5d5537809fd8.jpg,2025-09-10T22:06:36Z,"Whats behind Donald Trumps ongoing battle with the Federal Reserve? Thats the question on some analysts minds as the White House proposes staff shakeups at the historically independent central bank.… [+877 chars]",business
"{'id': None, 'name': 'BBC News'}",,How do I find a job when hundreds in my town are redundant?,The Falkirk area has been hit by the loss of jobs at two major employers in the past year.,https://www.bbc.com/news/articles/c9wd5rw9gk0o,https://ichef.bbci.co.uk/news/1024/branded_news/aa4f/live/7b07cd60-8e42-11f0-b199-41ee52afc86b.jpg,2025-09-10T22:04:44Z,"Emma Clifford BellBBC Scotland
Martin Hunter, although skilled and well-qualified, has struggled to secure a job after redundancy from Petroineos
Falkirk and Grangemouth sit just over three miles f… [+6024 chars]",business
"{'id': 'financial-post', 'name': 'Financial Post'}",Bloomberg News,Bombardier CEO Urges Canada to Think Long-Term With Defense Plan,Bombardier Inc.’s chief executive officer wants Canada to champion its home-grown defense capabilities as the nation develops a defense industrial strategy.,https://financialpost.com/pmn/business-pmn/bombardier-ceo-urges-canada-to-think-long-term-with-defense-plan,https://smartcdn.gprod.postmedia.digital/financialpost/wp-content/uploads/2025/09/776328558.jpg,2025-09-10T22:04:42Z,"(Bloomberg) Bombardier Inc.s chief executive officer wants Canada to champion its home-grown defense capabilities as the nation develops a defense industrial strategy.
THIS CONTENT IS RESERVED FOR S… [+4351 chars]",business
"{'id': None, 'name': 'Biztoc.com'}",reuters.com,"Goldman set to see busiest IPO week in over four years, CEO Solomon tells CNBC",,https://biztoc.com/x/1c4ab006047a9240,https://biztoc.com/cdn/1c4ab006047a9240_s.webp,2025-09-10T22:04:08Z,"{ window.open(this.href, '_blank'); }, 200); return false;""&gt;Why is Oracle's stock surging amid AI boom? { window.open(this.href, '_blank'); }, 200); return false;""&gt;What caused the largest job r… [+753 chars]",business
"{'id': None, 'name': 'GlobeNewswire'}",The Rosen Law Firm PA,"ROSEN, SKILLED INVESTOR COUNSEL, Encourages Flywire Corporation Investors to Secure Counsel Before Important September 23 Deadline in Securities Class Action – FLYW","NEW YORK, Sept. 10, 2025 (GLOBE NEWSWIRE) -- WHY: Rosen Law Firm, a global investor rights law firm, reminds purchasers of securities of Flywire Corporation (NASDAQ: FLYW) between February 28, 2024 and February 25, 2025, both dates inclusive (the “Class Perio…",https://www.globenewswire.com/news-release/2025/09/10/3148286/673/en/ROSEN-SKILLED-INVESTOR-COUNSEL-Encourages-Flywire-Corporation-Investors-to-Secure-Counsel-Before-Important-September-23-Deadline-in-Securities-Class-Action-FLYW.html,https://ml.globenewswire.com/Resource/Download/745335af-3a3a-4fb5-84c0-fdedc9adf092,2025-09-10T22:01:00Z,"NEW YORK, Sept. 10, 2025 (GLOBE NEWSWIRE) -- 
WHY: Rosen Law Firm, a global investor rights law firm, reminds purchasers of securities of Flywire Corporation (NASDAQ: FLYW) between February 28, 2024… [+3615 chars]",business
"{'id': None, 'name': 'IndieWire'}",Anne Thompson,Paul Thomas Anderson’s ‘One Battle After Another’ Joins ‘Sinners’ and ‘Hamnet’ as Early Oscar Frontrunner,"At a packed Warner Bros. VistaVision industry screening on Tuesday night, Christopher Nolan, A.G. Iñárritu, Daniel Scheinert, and Rian Johnson were on hand to watch, followed by a half-hour Q&A with Anderson, Leonardo DiCaprio, Sean Penn, Teyana Taylor, Benic…",https://www.indiewire.com/awards/industry/one-battle-after-another-oscar-frontrunner-1235150331/,https://www.indiewire.com/wp-content/uploads/2025/09/192628_One-Battle-After-Another__DavidJonPhotography_DJP27561-e1757536396553.jpg?w=650,2025-09-10T22:00:00Z,The most recent trailer for Paul Thomas Anderson‘s “One Battle After Another” fails to capture its substantial cinematic pleasures. (No surprise then that Warner Bros. told us they’re still tinkering… [+7643 chars],business
"{'id': None, 'name': 'Vulture'}",Roxana Hadadi,The Girlfriend Brings TV’s Summer of High-Trash Feminism to a Campy Close,"Alongside ‘The Hunting Wives’ and ‘Sirens,’ ‘The Girlfriend’ creates a scintillating triptych of women behaving badly because they can — and because sometimes, in this era of late-stage capitalism and social decay, it’s the only way to get ahead.",http://www.vulture.com/article/the-girlfriend-ending-explained-feminist-trash-sirens-hunting-wives.html,https://pyxis.nymag.com/v1/imgs/0f7/b21/dd8925c05b034474cbdbf3e3145d8b9ef9-girlfriend-ep4.1x.rsocial.w1200.jpg,2025-09-10T21:57:53Z,"Spoilers follow for The Girlfriend, all six episodes of which premiered on Prime Video on September 10, as well as previously released series The Hunting Wives and Sirens.
In The Girlfriend, the tru… [+15261 chars]",business
"{'id': None, 'name': 'International Business Times'}",Sarah Tan,"10 Photos Of Charlie Kirk's Wife, Erika Frantzve, and Quick Facts about Their Family","Erika Frantzve, wife of conservative activist Charlie Kirk, is a former Miss Arizona turned entrepreneur, real estate agent, and faith-based leader, balancing her career with raising their two children.",https://www.ibtimes.com/10-photos-charlie-kirks-wife-erika-frantzve-quick-facts-about-their-family-3783051,https://d.ibtimes.com/en/full/4620768/charlie-kirk-wife.png,2025-09-10T21:56:09Z,"UPDATE: 10 SEPT, 5:09 PM EST:Donald Trump has confirmed the death of Charlie Kirk via a post on his social media platform, Truth Social. The post read, 'The Great, and even Legendary, Charlie Kirk, i… [+3288 chars]",business
"{'id': None, 'name': 'Motorsport.com'}",Matt Weaver,Why Haas Factory Team is choosing Chevrolet,It comes down to data but also longstanding relationships,https://www.motorsport.com/nascar-cup/news/why-haas-factory-team-is-choosing-chevrolet/10758376/,https://cdn-5.motorsport.com/images/amp/6zQGbQPY/s6/joe-custer-haas-factory-team.jpg,2025-09-10T21:55:30Z,"Haas Factory Team president Joe Custer always anticipated a gut check moment this season and the results led them to Chevrolet next season.
In the first year following four-car powerhouse Stewart-Ha… [+5646 chars]",business
"{'id': 'espn', 'name': 'ESPN'}",Greg Wyshynski,"Free agent-to-be Eichel: Love Vegas, hope to stay","While Jack Eichel is slated to be a free agent next offseason, he said Wednesday he's hoping to remain in Vegas. ""I love the organization. I love living here. I love the guys in the room.""",https://www.espn.com/nhl/story/_/id/46219008/jack-eichel-hoping-remain-golden-knights-long-term,https://a.espncdn.com/combiner/i?img=%2Fphoto%2F2025%2F0517%2Fr1494488_1296x729_16%2D9.jpg,2025-09-10T21:55:16Z,"HENDERSON, Nev. -- Jack Eichel said he's focused on hitting a contract jackpot in Vegas rather than on the free agent market next summer.
""I mean, at this moment, yeah, I'd like to stay,"" he told ES… [+2056 chars]",business
"{'id': None, 'name': 'Investopedia'}",Kara Greenberg,Why Wall Street Analysts Say the Record Run for Oracle Stock is Just Getting Started,Oracle's blistering stock gain amid strong AI demand has Wall Street analysts racing to raise their price targets—with most expecting its record run isn’t...,https://www.investopedia.com/why-wall-street-analysts-say-the-record-run-for-oracle-stock-is-just-getting-started-11807703,https://s.yimg.com/ny/api/res/1.2/OR03_crU7QbHfbVFsoNEIQ--/YXBwaWQ9aGlnaGxhbmRlcjt3PTEyMDA7aD04MDA-/https://media.zenfs.com/en/investopedia_245/2c3869b385a49ed8ffa7d2540ee98511,2025-09-10T21:52:51Z,"Jeremy Moeller / GC Images/ Getty Images
 With Wednesday's gains, shares of Oracle have roughly doubled in value since the start of this year.
<ul><li>Oracle shares jumped 36% on Wednesday to a rec… [+2802 chars]",business
"{'id': None, 'name': 'Japan Today'}",,3 Japanese plastic makers to merge domestic businesses due to oversupply,"Three major Japanese petrochemical companies said Wednesday they have agreed to integrate their domestic businesses for the production of general-purpose plastics next April, as they seek to strengthen their competitiveness in the industry. The memorandum of …",https://japantoday.com/category/business/3-japanese-plastic-makers-to-merge-domestic-businesses-amid-oversupply,,2025-09-10T21:47:58Z,"Three major Japanese petrochemical companies said Wednesday they have agreed to integrate their domestic businesses for the production of general-purpose plastics next April, as they seek to strength… [+1229 chars]",business
"{'id': 'abc-news-au', 'name': 'ABC News (AU)'}",ABC News,University shooting victim Charlie Kirk a driving force in youth support for Trump,"Charlie Kirk rose from a teenage conservative campus activist to a top podcaster, culture warrior and ally of US President Donald Trump.",https://www.abc.net.au/news/2025-09-11/charlie-kirk-who-helped-build-support-for-donald-trump-dies/105760300,https://live-production.wcms.abc-cdn.net.au/5b8e8960c2bb07140278731e4e1cd75b?impolicy=wcms_watermark_news&cropH=1365&cropW=2426&xPos=0&yPos=51&width=862&height=485&imformat=generic,2025-09-10T21:47:56Z,"Charlie Kirk, who rose from a teenage conservative campus activist to a top podcaster, culture warrior and ally of US President Donald Trump, has been shot and killed during one of his trademark publ… [+5516 chars]",business
"{'id': 'newsweek', 'name': 'Newsweek'}",Tim Crowley,Red Sox Rookie Made Franchise History In Eye-Popping Debut,Boston Red Sox rookie Connelly Early made franchise history in Tuesday's MLB debut after his strong performance.,https://www.newsweek.com/sports/mlb/red-sox-rookie-made-franchise-history-eye-popping-debut-2127931,https://d.newsweek.com/en/full/2720045/boston-red-sox-pitcher-connelly-early.jpg,2025-09-10T23:24:05Z,"The Boston Red Sox got treated to another dazzling performance from a rookie left-hander in their MLB debut.
Connelly Early impressed Wednesday night over the Athletics less than two weeks after Pay… [+1789 chars]",health
"{'id': None, 'name': 'Biztoc.com'}",apnews.com,"West Nile virus cases running higher than normal, prompting health warnings",,https://biztoc.com/x/bca9394c291612ed,https://biztoc.com/cdn/950/og.png,2025-09-10T23:23:12Z,"{ window.open(this.href, '_blank'); }, 200); return false;""&gt;Why is Oracle's stock surging amid AI boom? { window.open(this.href, '_blank'); }, 200); return false;""&gt;What caused the largest job r… [+706 chars]",health
"{'id': None, 'name': 'Pypi.org'}",info@trillianthealth.com,thds.mops 3.9.20250910232246,ML Ops tools for Trilliant Health,https://pypi.org/project/thds-mops/3.9.20250910232246/,,2025-09-10T23:22:59Z,"A required part of this site couldnt load. This may be due to a browser
 extension, network issues, or browser settings. Please check your
 connection, disable any ad blockers, or try using a diffe… [+12 chars]",health
"{'id': None, 'name': 'Vox'}","Rebeca Ibarra, Sean Rameswaram",What RFK Jr. gets wrong — and right — according to a public health expert,US Health Secretary Robert F. Kennedy Jr. is at war with the nation’s public health establishment. He’s overseen mass layoffs at the Centers for Disease Control and Prevention; canceled $500 million in federal funding for mRNA vaccine development; and promise…,https://www.vox.com/today-explained-podcast/460940/rfk-jf-donald-trump-cdc-cuts-zeke-emanuel,https://platform.vox.com/wp-content/uploads/sites/2/2025/09/GettyImages-2233980860.jpg?quality=90&strip=all&crop=0%2C10.730150561816%2C100%2C78.539698876369&w=1200,2025-09-10T23:19:55Z,"US Health Secretary Robert F. Kennedy Jr. has made challenging the public health establishment the center of his agenda. | Saul Loeb/AFP via Getty Images


US Health Secretary Robert F. Kennedy Jr. … [+7705 chars]",health
"{'id': 'abc-news', 'name': 'ABC News'}",JAMIE STENGLE Associated Press,Texas drops lawsuit against doctor accused of illegally providing care to transgender youth,Texas Attorney General Ken Paxton’s office says one of the first doctors in the U.S. accused of illegally providing care to transgender youth under GOP-led bans was found not to have broken the law,https://abcnews.go.com/US/wireStory/texas-drops-lawsuit-doctor-accused-illegally-providing-care-125462086,https://i.abcnewsfe.com/a/b886116d-85c1-4daa-b8df-d7e80922162c/wirestory_8ccb9f4fb16eb93a2f1e117f974492a6_16x9.jpg?w=1600,2025-09-10T23:18:25Z,"DALLAS -- One of the nations first doctors accused of illegally providing care to transgender youth under GOP-led bans was found to have not violated the law, Texas Attorney General Ken Paxtons offic… [+4508 chars]",health
"{'id': 'newsweek', 'name': 'Newsweek'}",Drew VonScio,"Dolphins Shut Down Trade Rumors Regarding Tyreek Hill, Per Report","The Miami Dolphins know Tyreek Hill's status with the team depends on their success, and the organization is shutting down trade rumors about its star receiver.",https://www.newsweek.com/sports/nfl/dolphins-shut-down-trade-rumors-regarding-tyreek-hill-per-report-2127947,https://d.newsweek.com/en/full/2720092/miami-dolphins-wide-receiver-tyreek-hill.jpg,2025-09-10T23:17:26Z,"Miami Dolphins wide receiver Tyreek Hill isn't going anywhere -- at least for now.
Just days after speculation came out regarding a possible trade and which teams may be interested in acquiring him,… [+1949 chars]",health
"{'id': 'usa-today', 'name': 'USA Today'}",Ky Carlin,Sixers receive average grade when it comes to championship hopes,The Philadelphia 76ers receive an average grade when it comes to their championship hopes for the upcoming season.,https://sixerswire.usatoday.com/story/sports/nba/sixers/2025/09/10/sixers-receive-average-grade-when-it-comes-to-championship-hopes/86081793007/,"https://sixerswire.usatoday.com/gcdn/authoring/authoring-images/2025/09/10/SSIX/86082378007-joel-embiid.jpg?crop=4264,2399,x0,y222&width=3200&height=1801&format=pjpg&auto=webp",2025-09-10T23:17:19Z,The Philadelphia 76ers are hoping to be one of the teams in the mix for title contention in the wide-open East in the 2025-26 season. The Sixers are still supremely talented on paper led by Joel Embi… [+1367 chars],health
"{'id': 'the-verge', 'name': 'The Verge'}",Ash Parrish,Borderlands 4 turns off your brain and turns on the fun,I love me a stupid-ass action movie. Something where the plot is thin while the muscles and accents on all the henchmen are thick as hell. Think Broken Arrow or Eraser - movies that were artistically and sometimes commercially terrible but nevertheless thrill…,https://www.theverge.com/games/776148/borderlands-4-review-coop-looter-shooter-gearbox,https://platform.theverge.com/wp-content/uploads/sites/2/2025/09/ss_839e42450db5a80971c093ff81b3798f7a7b0dc3_94f562.jpg?quality=90&strip=all&crop=0%2C3.4613147178592%2C100%2C93.077370564282&w=1200,2025-09-10T23:15:45Z,"<ul><li></li><li></li><li></li></ul>
Borderlands 4 turns off your brain and turns on the fun
No thoughts, guns empty.
by
Ash ParrishClose
Ash Parrish
Posts from this author will be added to you… [+6586 chars]",health
"{'id': None, 'name': 'Chilledmagazine.com'}",Michael Tulipan,Good Times: Breckenridge Distillery introduces Mountain Shot Whiskey,"Surrounded by the glistening snow-capped peaks of Colorado’s Rocky Mountains, Breckenridge Distillery is the highest distillery in the world. This year, its award-winning family of whiskey, gin and vodka has gained a new member with the launch of the mushroom…",https://chilledmagazine.com/good-times-breckenridge-distillery-introduces-mountain-shot-whiskey/,https://chilledmagazine.com/wp-content/uploads/2025/09/mountain-shot-breck-feat.jpg,2025-09-10T23:14:04Z,"This year, its award-winning family of whiskey, gin and vodka has gained a new member with the launch of the mushroom-infused Mountain Shot, which hearkens to the lore of the regions lush forests and… [+2891 chars]",health
"{'id': 'associated-press', 'name': 'Associated Press'}",Jamie Stengle,Texas drops lawsuit against doctor accused of violating transgender care ban,Texas Attorney General Ken Paxton’s office says one of the first doctors in the U.S. accused of illegally providing care to transgender youth under GOP-led bans was found not to have broken the law. This comes nearly a year after a state lawsuit called the pe…,https://apnews.com/article/transgender-care-doctor-lawsuit-dropped-texas-8ccb9f4fb16eb93a2f1e117f974492a6,https://dims.apnews.com/dims4/default/2b8e8de/2147483647/strip/true/crop/5280x2970+0+275/resize/1440x810!/quality/90/?url=https%3A%2F%2Fassets.apnews.com%2F41%2Fc2%2F697199f77dfdbb5ecb4e61a8498f%2Ff4adfe61b2ee4aa9bb1da76d0ffdef78,2025-09-10T23:13:55Z,"DALLAS (AP) One of the nations first doctors accused of illegally providing care to transgender youth under GOP-led bans was found to have not violated the law, Texas Attorney General Ken Paxtons off… [+4497 chars]",health
"{'id': None, 'name': 'Slashdot.org'}",feedfeeder,New Jersey becomes latest state to expand access to COVID-19 vaccines - ABC News,New Jersey becomes latest state to expand access to COVID-19 vaccinesABC News New Jersey Is the Latest State to Expand Access to Updated Covid ShotsThe New York Times The Official Website of Governor Phil MurphyNJ.gov New Jersey COVID vaccines: Department of …,https://slashdot.org/firehose.pl?op=view&amp;id=179150222,,2025-09-10T23:12:11Z,"""Remember, extremism in the nondefense of moderation is not a virtue.""
-- Peter Neumann, about usenet",health
"{'id': None, 'name': 'Biztoc.com'}",chicagotribune.com,"‘Illegal and unregulated products’ allegedly seized at Bensenville vape distributor, Attorney General Pam Bondi says","Federal agents raided a vaping products distributor in a west suburb over alleged ties to “illegal and unregulated products,” representing the largest seizure in a multistate effort, federal officials announced Wednesday. 
Attorney General Pam Bondi and Healt…",https://biztoc.com/x/95d8bac66336616b,https://biztoc.com/cdn/95d8bac66336616b_s.webp,2025-09-10T23:11:40Z,"Federal agents raided a vaping products distributor in a west suburb over alleged ties to illegal and unregulated products, representing the largest seizure in a multistate effort, federal officials … [+141 chars]",health
"{'id': 'cbc-news', 'name': 'CBC News'}",,New analysis indicates higher lethality of avian flu at B.C. ostrich farm: CFIA vet,"An affidavit by Canada's deputy chief veterinarian says the strain of the bird flu virus found at the farm is ""among the most virulent"" tested at Canada's National Microbiology Laboratory.",https://www.cbc.ca/news/canada/british-columbia/bc-ostrich-farm-avian-flu-case-1.7630656,https://i.cbc.ca/1.7542896.1748314426!/fileImage/httpImage/image.JPG_gen/derivatives/16x9_1180/ostriches.JPG?im=Resize%3D620,2025-09-10T23:11:23Z,An affidavit by Canada's deputy chief veterinarian says new analysis has confirmed ostriches at a British Columbia farm that is fighting a cull order for its flock were sickened by a unique and more … [+4702 chars],health
"{'id': None, 'name': 'Motley Fool Australia'}",Aaron Bell,Should I buy ASX retail stocks before the Christmas season?,"Here’s the pros and cons of targeting these shares before Christmas. 
The post Should I buy ASX retail stocks before the Christmas season? appeared first on The Motley Fool Australia.",https://www.fool.com.au/2025/09/11/should-i-buy-asx-retail-stocks-before-the-christmas-season/,https://www.fool.com.au/wp-content/uploads/2023/11/santa-on-beach-663x373.jpg,2025-09-10T23:08:47Z,"Buying ASX retail stocks before the Christmas season can be a strategic move, but it also comes with risks.
Retail stocks mostly fall into the consumer discretionary sector of the ASX. These compani… [+3156 chars]",health
"{'id': None, 'name': 'FOX 9'}",Corin Hoggard,St. Paul mental health hospital will fill desperate need for psychiatric beds,"A new mental health hospital is set to open near the Minnesota Capitol in just a few weeks. The Capitol Park Mental Health Hospital held its grand opening Wednesday, and it can be a huge boost to the state’s mental health systems.",https://www.fox9.com/news/st-paul-mental-health-hospital-will-fill-desperate-need-psychiatric-beds,https://images.foxtv.com/static.fox9.com/www.fox9.com/content/uploads/2025/09/1280/720/6v-mental-health-hosp-_-hoggard_00.00.00.42.jpg?ve=1&tl=1,2025-09-10T23:08:40Z,"ST. PAUL, Minn. (FOX 9) - A new mental health hospital is set to open near the Minnesota Capitol in just a few weeks.
The Capitol Park Mental Health Hospital held its grand opening Wednesday, and it… [+2397 chars]",health
"{'id': None, 'name': 'KSAT San Antonio'}",Jamie Stengle,Texas drops lawsuit against doctor accused of illegally providing care to transgender youth,Texas Attorney General Ken Paxton’s office says one of the first doctors in the U.S. accused of illegally providing care to transgender youth under GOP-led bans was found not to have broken the law.,https://www.ksat.com/news/politics/2025/09/10/texas-drops-lawsuit-against-doctor-accused-of-illegally-providing-care-to-transgender-youth/,"https://res.cloudinary.com/graham-media-group/image/upload/f_auto/q_auto/c_thumb,w_700/v1/media/gmg/MLTCN3PZWJGRFENF7FYNHCJJME.jpg?_a=DATAg1eAZAA0",2025-09-10T23:08:09Z,"DALLAS One of the nations first doctors accused of illegally providing care to transgender youth under GOP-led bans was found to have not violated the law, Texas Attorney General Ken Paxtons office s… [+4659 chars]",health
"{'id': 'cnn', 'name': 'CNN'}",Jacqueline Howard,"Among high-income countries, US shows slowest progress in reducing risk of chronic disease deaths, new study finds | CNN","Among all high-income Western countries, the United States has shown the worst performance in reducing the probability of dying from chronic diseases, a new study finds.",https://www.cnn.com/2025/09/10/health/chronic-disease-deaths-global-study-wellness,"https://media.cnn.com/api/v1/images/stellar/prod/gettyimages-1337345537.jpg?c=16x9&q=w_800,c_fill",2025-09-10T23:05:30Z,"Among all high-income Western countries, the United States has shown the worst performance in reducing the probability of dying from chronic diseases, a new study finds.
From 2010 to 2019, deaths du… [+6719 chars]",health
"{'id': None, 'name': 'UpNorthLive.com'}",Adam Fierens,New Horizons Clubhouse hosts fundraiser to support mental health services,"RAPID CITY, Mich. — New Horizons Clubhouse is set to host a community gathering and fundraiser this Friday, aiming to support its mission as a psycho-social reh",https://upnorthlive.com/news/local/new-horizons-clubhouse-hosts-fundraiser-to-support-mental-health-services,https://upnorthlive.com/resources/media2/16x9/1280/986/center/90/76fbb141-8f63-4cb1-b8fd-f54b430b0e60-000005.jpg,2025-09-10T23:05:16Z,"KALKASKA COUNTY, Mich., (WPBN/WGTU) New Horizons Clubhouse is set to host a community gathering and fundraiser this Friday, aiming to support its mission as a ""psycho-social"" rehabilitation center. … [+1125 chars]",health
"{'id': None, 'name': 'FOX5 Las Vegas'}",Associated Press,"Previous charges, delayed mental health evaluation were missed opportunities in Charlotte stabbing","Previous charges, delayed mental health evaluation were missed opportunities in Charlotte stabbingfox5vegas.com",https://www.fox5vegas.com/2025/09/10/previous-charges-delayed-mental-health-evaluation-were-missed-opportunities-charlotte-stabbing/,https://gray-kvvu-prod.gtv-cdn.com/resizer/v2/EJAFRYDQBBBFHOSSAGIB2JMJZQ.jpg?auth=dfcc1bfd3fedd064c9c9f4c240b0cc95e360641e7829e74d8618b1b9957f3705&width=1200&height=600&smart=true,2025-09-10T23:05:04Z,"(AP) - After Decarlos Brown Jr. was arrested for the fatal stabbing of a Ukrainian refugee aboard a North Carolina commuter train, he was quickly sent to a state mental hospital for an evaluation. It… [+5821 chars]",health
"{'id': None, 'name': 'Psychology Today'}",Sam Goldstein Ph.D.,Biology Is Not Destiny,"Genes establish probabilities rather than certainties. The environment, parenting, and experiences influence how children's potential develops in today's complex world.",https://www.psychologytoday.com/us/blog/raising-resilient-children/202504/biology-is-not-destiny,https://cdn2.psychologytoday.com/assets/styles/manual_crop_1_91_1_1528x800/public/teaser_image/blog_entry/2025-09/pexels-gustavo-fring-4148842.jpg?itok=n0u2MUEl,2025-09-10T23:03:32Z,"Weve all heard it before: You are the way you are because of your genes. And yes, biology does shape us. But its not the entire story and definitely not the final one. Our genes dont hand us a fixed … [+4477 chars]",health
"{'id': None, 'name': 'New Zealand Herald'}",Rachel Strevens,Why so many midlife Kiwi women feel ‘broken’ when it comes to sex – and what we can do about it,We prioritise other aspects of our wellbeing – why not sex?,https://www.nzherald.co.nz/lifestyle/why-so-many-midlife-kiwi-women-feel-broken-when-it-comes-to-sex-and-what-we-can-do-about-it/KUY6OOVNPJB75GSZLPWHUEP5GM/,https://www.nzherald.co.nz/resizer/v2/RMRNYQP5FNFFVA7UOKMGLFSKDI.jpg?auth=28b368aa6b039139d802260e0ff33b76130e3c7203ad0bb11280faecca0b3257&width=1200&height=675&quality=70&smart=true,2025-09-10T23:01:00Z,"Low sexual desire is one of the most commonly reported issues when it comes to sexual functioning for women, and mismatched desire is a leading source of conflict in long-term relationships. To under… [+6341 chars]",health
"{'id': None, 'name': 'Royal Society of Chemistry'}","Jayanta Sarmah Boruah, Seungkyung Park",Recent advances in nanomaterial-based biosensor for testosterone detection,"Analyst, 2025, Accepted ManuscriptDOI: 10.1039/D5AN00450K, Critical ReviewJayanta Sarmah Boruah, Seungkyung ParkSteroid hormone detection is of great concern because of the influential effect of such hormones on human health and activity. In particular, the d…",https://pubs.rsc.org/en/content/articlelanding/2025/an/d5an00450k,,2025-09-10T23:00:00Z,"J. S. Boruah and S. Park,
 Analyst, 2025, Accepted Manuscript
, DOI: 10.1039/D5AN00450K
To request permission to reproduce material from this article, please go to the 
 Copyright Clearance Cente… [+582 chars]",health
"{'id': None, 'name': 'Royal Society of Chemistry'}","Hadiya Amin Kantroo, Itibaw Farooq, Zahoor Ahmad Parry",The Rise of Ultrashort Cationic β-Peptides as Promising Antimicrobial Therapeutics,"RSC Med. Chem., 2025, Accepted ManuscriptDOI: 10.1039/D5MD00596E, Review ArticleHadiya Amin Kantroo, Itibaw Farooq, Zahoor Ahmad ParryAntimicrobial resistance (AMR) is a mounting global health crisis demanding novel, sustainable therapeutic strategies beyond …",https://pubs.rsc.org/en/content/articlelanding/2025/md/d5md00596e,,2025-09-10T23:00:00Z,"Antimicrobial resistance (AMR) is a mounting global health crisis demanding novel, sustainable therapeutic strategies beyond traditional antibiotics. Ultra-short cationic -peptides have emerged as a … [+1207 chars]",health
"{'id': None, 'name': 'Royal Society of Chemistry'}","Charles Ifeanyi Aghanwa, Nnenna Henrietta Umoke, Pelumi Adanigbo, Rukayat Olajumoke Babatunde, Abisoye Oyebisola Fafioye, Ruth Joseph Adara, Emmanuella Amara Ofoka, Kelechi Purity Ezennubia, Oshoma Erumiseli, Ikhazuagbe Hilary Ifijen",Radiotherapy-chemodynamic cancer therapy using bismuth-based nanoparticles: a synergistic approach for enhanced cancer treatment,"RSC Adv., 2025, 15,32956-32994DOI: 10.1039/D5RA03984C, Review Article Open Access &nbsp This article is licensed under a Creative Commons Attribution 3.0 Unported Licence.Charles Ifeanyi Aghanwa, Nnenna Henrietta Umoke, Pelumi Adanigbo, Rukayat Olajumoke Baba…",https://pubs.rsc.org/en/content/articlelanding/2025/ra/d5ra03984c,https://pubs.rsc.org/en/Content/Image/GA/D5RA03984C,2025-09-10T23:00:00Z,"* 
 Corresponding authors
a
 Department of Pure and Industrial Chemistry, Nnamdi Azikiwe University, Awka, Nigeria
b
 College of Health Sciences, Ebonyi State University, Nigeria
c
 Department… [+592 chars]",health
"{'id': None, 'name': 'Royal Society of Chemistry'}","Kejian Li, Guoqi Zhang, Wenzhan Hao, Jinming Liu, Yixiang sun, Zixuan Gao, Zirui Luo, Rui Liu, nian liu, Haoyu Zhang, Xudong Wu, Dongmei Zhao, Maosheng Cheng","Design, synthesis, and biological evaluation of 2-phenylthiazole CYP51 inhibitors","RSC Med. Chem., 2025, Accepted ManuscriptDOI: 10.1039/D5MD00535C, Research ArticleKejian Li, Guoqi Zhang, Wenzhan Hao, Jinming Liu, Yixiang sun, Zixuan Gao, Zirui Luo, Rui Liu, nian liu, Haoyu Zhang, Xudong Wu, Dongmei Zhao, Maosheng ChengFungal pathogens hav…",https://pubs.rsc.org/en/content/articlelanding/2025/md/d5md00535c,,2025-09-10T23:00:00Z,"K. Li, G. Zhang, W. Hao, J. Liu, Y. sun, Z. Gao, Z. Luo, R. Liu, N. liu, H. Zhang, X. Wu, D. Zhao and M. Cheng,
 RSC Med. Chem., 2025, Accepted Manuscript
, DOI: 10.1039/D5MD00535C
To request perm… [+675 chars]",health
"{'id': None, 'name': 'Www.gov.uk'}",Veterinary Medicines Directorate,Government publishes framework to strengthen UK veterinary vaccine availability,New Statement of Intent sets out cross-sector approach to address vaccine supply challenges and support innovation in animal health.,https://www.gov.uk/government/news/government-publishes-framework-to-strengthen-uk-veterinary-vaccine-availability,https://assets.publishing.service.gov.uk/media/68bea3c7626205fb47f01d6b/s960_Vaccine_SOI_news_story_gov.uk_.png,2025-09-10T23:00:00Z,"The Veterinary Medicines Directorate (VMD) has today, Thursday 11 September, published a Statement of Intent on UK Veterinary Vaccine Availability. The Statement of Intent sets out a strategic framew… [+4506 chars]",health
"{'id': None, 'name': 'Royal Society of Chemistry'}","Utkarsh A. Jagtap, Atish T Paul","Synthetic pancreatic lipase inhibitors in obesity treatment: Current updates on in-silico design, synthesis, bioactivity and SAR","RSC Med. Chem., 2025, Accepted ManuscriptDOI: 10.1039/D5MD00373C, Review ArticleUtkarsh A. Jagtap, Atish T PaulTaking a stand against obesity is an urgent priority, as it significantly impacts both the global economy and public health. Synthetic pancreatic li…",https://pubs.rsc.org/en/content/articlelanding/2025/md/d5md00373c,,2025-09-10T23:00:00Z,"Taking a stand against obesity is an urgent priority, as it significantly impacts both the global economy and public health. Synthetic pancreatic lipase (PL) inhibitors represent one of the most effe… [+1590 chars]",health
"{'id': None, 'name': 'redflagdeals.com'}",,"PetSmart Canada September Sale: Save Up to 50% on Food, Toys & Pet Essentials","Got a furry friend in your life? PetSmart’s September sale is packed with paw-some deals on everything from food, toys, and grooming tools to collars, litter boxes, and accessories. Whether you’re prepping for cooler weather or stocking up on everyday essenti…",https://www.redflagdeals.com/deal/computer-peripherals-accessories/petsmart-canada-september-sale-deals/,https://c.dam-img.rfdcontent.com/offers/014/169/621/600x600_smart_fit.jpg,2025-09-10T22:59:27Z,"Got a furry friend in your life? PetSmarts September sale is packed with paw-some deals on everything from food, toys, and grooming tools to collars, litter boxes, and accessories. Whether youre prep… [+1279 chars]",health
"{'id': None, 'name': 'Forbes'}","Tony East, Contributor, 
 Tony East, Contributor
 https://www.forbes.com/sites/tonyeast/",Pacers Decision With Tony Bradley Non-Guaranteed Contract Comes With Many Factors,Tony Bradley has a non-guaranteed contract with the Indiana Pacers ahead of the coming season. What factors will dictate his ability to make Indiana's final roster?,https://www.forbes.com/sites/tonyeast/2025/09/10/pacers-decision-with-tony-bradley-non-guaranteed-contract-comes-with-many-factors/,"https://imageio.forbes.com/specials-images/imageserve/68aa7fa052b470b1cc1e4342/0x0.jpg?format=jpg&crop=2748,1546,x0,y208,safe&height=900&width=1600&fit=bounds",2025-09-10T22:59:05Z,"OKLAHOMA CITY, OKLAHOMA - JUNE 16: Tony Bradley #13 of the Indiana Pacers reacts during the first quarter against the Oklahoma City Thunder in Game Five of the 2025 NBA Finals at Paycom Center on Jun… [+6192 chars]",health
"{'id': None, 'name': 'Ghost.io'}",David Friedman,DOOMscrolling: The Game,Can a game work where all you do is scroll?,https://ironicsans.ghost.io/doomscrolling-the-game/,https://ironicsans.ghost.io/content/images/2025/09/doomscrollpic.jpg,2025-09-10T22:56:55Z,"Were all familiar with doomscrolling, spending too much time scrolling endless feeds of content that make you feel bad about everything.
But sometimes when I hear the word doomscrolling it makes me … [+8403 chars]",health
"{'id': None, 'name': 'Boston Herald'}",Associated Press,Trump’s plan for a drug advertising crackdown faces many hurdles,The FDA plans to issue warnings to drugmakers over misleading ads.,https://www.bostonherald.com/2025/09/10/tv-drug-ads-trump/,https://www.bostonherald.com/wp-content/uploads/2025/09/FDA_Meetings-Conflicts_23916_ee1faf.jpg?w=1024&h=682,2025-09-10T22:56:00Z,"By MATTHEW PERRONE
WASHINGTON (AP) Health Secretary Robert F. Kennedy Jr. and other administration officials are vowing a crackdown on deceptive drug ads, but the effort is likely to face multiple h… [+5523 chars]",health
"{'id': 'the-irish-times', 'name': 'The Irish Times'}",,"Who was Charlie Kirk, the right-wing provocateur shot in Utah?",Conservative influencer who played a pivotal role in shaping hard-right movement was fatally shot at a college campus event,https://www.irishtimes.com/world/us/2025/09/11/who-was-charlie-kirk-the-right-wing-provocateur-shot-in-utah/,https://www.irishtimes.com/resizer/v2/LJDLRQT5ICZHMVMCUHIRLAYVEQ.jpg?smart=true&auth=9352e1dadbef3bc0845f2b6d9ec4923237e8e76f968dc2dab7b41bd497a22a6e&width=1200&height=630,2025-09-10T22:52:58Z,"Charlie Kirk, a conservative wunderkind who through his radio show, books, political organising and speaking tours became a close ally of US president Donald Trump and did much to shape the hard-righ… [+2924 chars]",health
"{'id': 'the-irish-times', 'name': 'The Irish Times'}",,"Charlie Kirk, right-wing provocateur and close ally of Trump, dies at 31",The conservative influencer who played a pivotal role in shaping hard-right movement was fatally shot at a college campus event,https://www.irishtimes.com/world/us/2025/09/10/charlie-kirk-right-wing-provocateur-and-close-ally-of-trump-dies-at-31/,https://www.irishtimes.com/resizer/v2/LJDLRQT5ICZHMVMCUHIRLAYVEQ.jpg?smart=true&auth=9352e1dadbef3bc0845f2b6d9ec4923237e8e76f968dc2dab7b41bd497a22a6e&width=1200&height=630,2025-09-10T22:52:58Z,"Charlie Kirk, a conservative wunderkind who through his radio show, books, political organising and speaking tours became a close ally of US president Donald Trump and did much to shape the hard-righ… [+2924 chars]",health
"{'id': None, 'name': 'Fijivillage'}",Priya Nand,63 suicide cases in 9 months – Health Minister,"63 suicide cases have been recorded in the past nine months, with 49 of them being male.

While speaking at the World Suicide Prevention Day event h",https://www.fijivillage.com/news/63-suicide-cases-in-9-months--Health-Minister--fx548r/,https://www.fijivillage.com/news_images/138873142168c20088a068efc58ef1.jpg,2025-09-10T22:52:35Z,"63 suicide cases have been recorded in the past nine months, with 49 of them being male.
While speaking at the World Suicide Prevention Day event held at Shirley Park in Lautoka, Minister for Health… [+774 chars]",health
"{'id': None, 'name': 'TheWrap'}",JD Knapp,Charlie Sheen Says a Hollywood Story Like His Will Never Happen Again,"""I can hope and semi-predict that people are going to be interested in hearing it from the guy who lived it,"" the actor tells TheWrap of his two-part Netflix doc
The post Charlie Sheen Says a Hollywood Story Like His Will Never Happen Again appeared first on …",https://www.thewrap.com/charlie-sheen-netflix-documentary-aka-hollywood-interview/,https://www.thewrap.com/wp-content/uploads/2025/09/charlie-sheen.jpg,2025-09-10T22:49:35Z,"Charlie Sheen is one of the most recognizable names in Hollywood. But according to the star himself, there will never be another celebrity quite like him and that’s not a bad thing.
“I cant influenc… [+2138 chars]",health
"{'id': None, 'name': 'Forbes'}","Antonio Pequeño IV, Forbes Staff, 
 Antonio Pequeño IV, Forbes Staff
 https://www.forbes.com/sites/antoniopequenoiv/","Trump, Republicans And Democrats React To Charlie Kirk’s Fatal Shooting","Many lawmakers condemned the shooting, with Republicans and Democrats alike making calls to reject political violence.",https://www.forbes.com/sites/antoniopequenoiv/2025/09/10/trump-republicans-and-democrats-react-to-charlie-kirks-fatal-shooting/,"https://imageio.forbes.com/specials-images/imageserve/68c1ff63233261551a4e2e7b/0x0.jpg?format=jpg&crop=4276,2852,x0,y0,safe&height=900&width=1600&fit=bounds",2025-09-10T22:48:50Z,"Trump:The president, who ordered all American flags at half mast until Sunday, said nobody understood or had the Heart of the Youth in the United States of America better than Kirk, extending his sym… [+2001 chars]",health
"{'id': None, 'name': 'Bluetracker.gg'}",Blue Tracker,[EU] Legion Remix PTR Update - 11 Sept,"[Blue Topic] Once again, we’d like to thank all of the PTR testers who played deeply into Legion Remix and then provided feedback to help improve the experience.
Based on the most recent week of testing and feedback, we’ve made several changes which are now a…",https://www.bluetracker.gg/wow/topic/eu-en/588323-legion-remix-ptr-update-11-sept/,https://www.bluetracker.gg/static/images/logo.webp,2025-09-10T22:48:29Z,"Once again, wed like to thank all of the PTR testers who played deeply into Legion Remix and then provided feedback to help improve the experience.
Based on the most recent week of testing and feedb… [+2146 chars]",health
"{'id': None, 'name': 'Bluetracker.gg'}",Blue Tracker,[US] Legion Remix PTR Update - Sept. 10,"[Blue Topic] Once again, we’d like to thank all of the PTR testers who played deeply into Legion Remix and then provided feedback to help improve the experience.
Based on the most recent week of testing and feedback, we’ve made several changes which are now a…",https://www.bluetracker.gg/wow/topic/us-en/2167001-legion-remix-ptr-update-sept-10/,https://www.bluetracker.gg/static/images/logo.webp,2025-09-10T22:48:23Z,"Once again, wed like to thank all of the PTR testers who played deeply into Legion Remix and then provided feedback to help improve the experience.
Based on the most recent week of testing and feedb… [+2146 chars]",health
"{'id': None, 'name': 'Boston Herald'}",Mac Cerullo,"Red Sox squander early opportunities, lose finale on walk-off to Athletics",Aroldis Chapman gave up his first hits in nearly two months as the Red Sox lost Wednesday's series finale on a walk-off to the Athletics.,https://www.bostonherald.com/2025/09/10/red-sox-squander-early-opportunities-lose-finale-on-walk-off-to-athletics/,https://www.bostonherald.com/wp-content/uploads/2025/09/AP25253815803846.jpg?w=1024&h=683,2025-09-10T22:45:02Z,"Entering Wednesday Aroldis Chapman hadn’t so much as given up a hit since July 23, a stretch of dominance covering his last 17 appearances for the Red Sox. So when the veteran lefty got the ball afte… [+5665 chars]",health
"{'id': None, 'name': 'KPBS'}","Deborah Brennan, CalMatters",The rotten egg smell at the Salton Sea isn’t just a nuisance. It can make people sick.,Residents around the Salton Sea have long complained of respiratory ailments from particulate pollution that wafts from its shoreline.,https://www.kpbs.org/news/health/2025/09/10/the-rotten-egg-smell-at-the-salton-sea-isnt-just-a-nuisance-it-can-make-people-sick,https://cdn.kpbs.org/dims4/default/4f47406/2147483647/strip/true/crop/2000x1050+0+79/resize/1200x630!/quality/90/?url=http%3A%2F%2Fkpbs-brightspot.s3.us-west-2.amazonaws.com%2F9a%2F0e%2Fd0719ef44038a9dcc9cf9b1d0c6c%2F020423-salton-sea-ad-cm-01.jpeg,2025-09-10T22:44:55Z,"This story was originally published by CalMatters. Sign up for their newsletters.
Residents around the Salton Sea have long complained of respiratory ailments from particulate pollution that wafts f… [+4238 chars]",health
"{'id': None, 'name': 'FDA.gov'}",FDA,Chetak LLC Group Expands Voluntary Product Recall to Include Additional Frozen Vegetable and Fruit Products Due to Possible Health Risk,"Collectively (“Chetak”) is expanding its voluntary recall, initiated July 16, 2025, to include several lots of Deep-branded frozen vegetables and fruit products due to possible Salmonella contamination. The recall is limited to frozen vegetable and fruit prod…",https://www.fda.gov/safety/recalls-market-withdrawals-safety-alerts/chetak-llc-group-expands-voluntary-product-recall-include-additional-frozen-vegetable-and-fruit,https://www.fda.gov/themes/custom/preview/img/FDA-Social-Graphic.png,2025-09-10T22:44:00Z,"Summary
Company Announcement Date:
September 10, 2025
FDA Publish Date:
September 10, 2025
Product Type:
Food &amp; Beverages 
Foodborne Illness
Reason for Announcement:
Recall Reason Descri… [+3231 chars]",health
"{'id': 'wired', 'name': 'Wired'}",Makena Kelly,Right-Wing Activist Charlie Kirk Dead at 31,Turning Point USA cofounder Charlie Kirk passed away after he was shot at an event at Utah Valley University on Wednesday.,https://www.wired.com/story/charlie-kirk-obituary/,"https://media.wired.com/photos/68c1e45483d0235082729e40/191:100/w_1280,c_limit/pol_charliekirkobituary_AP.jpg",2025-09-10T22:43:50Z,"Charlie Kirk, the prominent right-wing activist and podcast host, was fatally shot while speaking at Utah Valley University on Wednesday. He was 31.
Originally from the suburbs of Chicago, Illinois,… [+3800 chars]",health
"{'id': None, 'name': 'WFTV Orlando'}",Shannon Butler,COVID-19 vaccine access more complicated in Florida this year,Many are confused and frustrated over what’s changed with COVID-19 vaccines.,https://www.wftv.com/news/9investigates/covid-19-vaccine-access-more-complicated-florida-this-year/SZW6MVJ34VBFFMKQNAWUFQNNVY/,https://cmg-cmg-tv-10070-prod.cdn.arcpublishing.com/resizer/v2/https%3A%2F%2Fcloudfront-us-east-1.images.arcpublishing.com%2Fcmg%2F2FYCBV2AS5HF5HKQM6B6A7CAPY.jpg?auth=23d042553083c83b5a8ef0800a732988e5be331295577087a8df8202c1a07030&width=1200&height=630&smart=true,2025-09-10T22:43:39Z,"ORLANDO, Fla — Until this year, Floridians 65 and older could simply walk into most pharmacies and get a COVID-19 vaccine on the spot. But this season, its not so simple.
9 Investigates has been hea… [+1417 chars]",health
"{'id': None, 'name': 'NPR'}",Pien Huang,"In 2024, COVID dropped from list of top 10 causes of death in U.S.","For the first time since 2020, COVID is not one of the 10 leading causes of death in the U.S.",https://www.npr.org/sections/shots-health-news/2025/09/10/nx-s1-5537078/u-s-death-rates-covid-2024,https://npr.brightspotcdn.com/dims3/default/strip/false/crop/1024x576+0+54/resize/1400/quality/100/format/jpeg/?url=http%3A%2F%2Fnpr-brightspot.s3.amazonaws.com%2Fb9%2F34%2F92d3cb664b5292c2a6194069ca2f%2Fgettyimages-1237709034.jpg,2025-09-10T22:43:31Z,"COVID-19 is no longer one of the top 10 causes of death in the U.S.
Early data on deaths in 2024, published by the Centers for Disease Control and Prevention, show that COVID dropped from the list f… [+3025 chars]",health
"{'id': None, 'name': 'Athletics Nation'}",Frank Polito,"Athletics defeat the Red Sox 5-4, take series finale",Butler walk-off seals the victory,https://www.athleticsnation.com/recaps/100088/athletics-defeat-the-red-sox-5-4-take-series-finale,https://platform.athleticsnation.com/wp-content/uploads/sites/14/2025/09/gettyimages-2234074598.jpg?quality=90&strip=all&crop=0%2C10.73872760396%2C100%2C78.522544792081&w=1200,2025-09-10T22:40:52Z,"The Athletics took the field this afternoon hoping to avoid a sweep by the Boston Red Sox. After being shut out two consecutive nights, the question remained, would the As bats come to life today at … [+3086 chars]",health
"{'id': None, 'name': 'Madisonstartups.com'}",Taylor Kennedy,Exact Sciences Launches CancerGuard,"Exact Sciences announced recently the launch of Cancerguard, a multi-cancer early detection (MCED) blood test that is now available as a laboratory-developed test (LDT) in the United States. According to...",https://www.madisonstartups.com/exact-sciences-launches-cancerguard/,https://www.madisonstartups.com/wp-content/uploads/2013/04/exact-sciences.jpg,2025-09-10T22:40:20Z,"Exact Sciences announced recently the launch of Cancerguard, a multi-cancer early detection (MCED) blood test that is now available as a laboratory-developed test (LDT) in the United States.
Accordi… [+756 chars]",health
"{'id': None, 'name': 'PC Gamer'}","andy.chalk@pcgamer.com (Andy Chalk) , Andy Chalk",Paradox apologizes for botching yet another DLC release: 'It hurts so much when we f**k up like this',Crusader Kings 3: Coronations landed yesterday with a distinct splat.,https://www.pcgamer.com/games/strategy/paradox-apologizes-for-botching-yet-another-dlc-release-it-hurts-so-much-when-we-f-k-up-like-this/,https://cdn.mos.cms.futurecdn.net/cqRHQroVfD5WquQUEoN3FL.jpg,2025-09-10T22:37:13Z,"PC Gamer's Joshua Wolens wrote last month that Crusader King 3's then-upcoming DLC Coronation would provide ""even more opportunities to be murdered spectacularly by your vassal."" He was close, as it … [+7312 chars]",health
"{'id': None, 'name': 'New Zealand Herald'}",Adam Pearse,Pacific Islands Forum: Fate of New Zealand’s funding for Kiribati remains up in the air,New Zealand launched a review into its funding for Kiribati in January.,https://www.nzherald.co.nz/nz/politics/pacific-islands-forum-fate-of-new-zealands-funding-for-kiribati-remains-up-in-the-air/ZPWN3HKA2ZD25CTSFGGXI5LKAQ/,https://www.nzherald.co.nz/resizer/v2/SIZ27YAHHFAYZLCRPIKLZ3GJXY.jpg?auth=182b7787d2aaee2dcd27457cec149ad542d99bdbaf6a70920cd9b7643e7a6842&width=1200&height=675&quality=70&smart=true,2025-09-10T22:33:40Z,"In March, Newsroom reported the Ministry of Foreign Affairs review had found the funding should not be cut but its exact findings remain unknown.
Media were able to capture an image of Luxon and Maa… [+3401 chars]",health
"{'id': None, 'name': 'Arkansas Times'}",Austin Gelder,"Share of Arkansas kids with no health insurance is rising, report shows - Arkansas Times","In recent decades, Arkansas made amazing progress in making sure children had health insurance. That positive trend line is now reversed.",http://arktimes.com/arkansas-blog/2025/09/10/share-of-arkansas-kids-with-no-health-insurance-is-rising-report-shows,https://arktimes.com/wp-content/uploads/2025/09/adobestockpediatrician.jpg,2025-09-10T22:32:11Z,"Bipartisan efforts to make sure children get check-ups, dental cleanings, vaccines and other health care regardless of their income bracket have long been a point of pride in Arkansas, and rightly so… [+5435 chars]",health
"{'id': None, 'name': 'WTVD-TV'}",Michael Perchick,"Durham native makes $250,000 donation in honor of parents to Duke Health to address grief","Durham native makes $250,000 donation in honor of parents to Duke Health to address griefabc11.com",https://abc11.com/post/durham-native-makes-250000-donation-honor-parents-duke-health-address-grief/17788353/,https://cdn.abcotvs.com/dip/images/17788192_091025-wtvd-duke-donation-cancer-center.jpg?w=1600,2025-09-10T22:30:32Z,"DURHAM, N.C. (WTVD) -- A Duke graduate and Durham native is making a $250,000 donation to The Preston Robert Tisch Brain Tumor Center at Duke in memory of her parents.
""Durham and Duke both are my h… [+3527 chars]",health
"{'id': None, 'name': 'Thehillstimes.in'}",The Hills Times,Delegation from KA calls on Kiren Rijiju,"HT Bureau DIPHU, Sept. 10: A delegation led by Karbi Anglong Autonomous Council Chief Executive Member Tuliram Ronghang called on Union Minister for Parliamentary and Minority Affairs Kiren Rijiju in New Delhi on Tuesday to advocate for key development initia…",https://thehillstimes.in/assam/delegation-from-ka-calls-on-kiren-rijiju,https://thehillstimes.in/wp-content/uploads/2025/09/WhatsApp-Image-2025-09-11-at-12.28.40-AM.jpeg,2025-09-10T22:30:00Z,"HT Bureau
DIPHU, Sept. 10: A delegation led by Karbi Anglong Autonomous Council Chief Executive Member Tuliram Ronghang called on Union Minister for Parliamentary and Minority Affairs Kiren Rijiju i… [+981 chars]",health
"{'id': None, 'name': 'Windows Central'}","lowryb3865@gmail.com (Brendan Lowry) , Brendan Lowry",Deep of Night turns Elden Ring Nightreign into a roguelike nightmare — it's even buffing one boss that's so strong it became a meme,"The latest major update for Elden Ring Nightreign, Deep of Night, is adding a challenge mode of the same name with harder enemies, difficult modifiers, and more.",https://www.windowscentral.com/gaming/elden-ring-nightreigns-deep-of-night-update-is-about-to-make-enemies-much-harder,https://cdn.mos.cms.futurecdn.net/V7rWVVVQUZZ7GJPZED2TJE.jpg,2025-09-10T22:30:00Z,"The latest major update for FromSoftware's bold co-op roguelike spinoff Elden Ring Nightreign is Deep of Night, a patch that's adding a high-difficulty hard mode to the game for experienced players h… [+5497 chars]",health
"{'id': None, 'name': 'Techdirt'}",Tim Cushing,7th Circuit: No Established Right To Be Housed In A Cell Free Of Scattered Feces And Contaminated Water,"“Qualified immunity” is included nowhere in the Bill of Rights. But that’s because it’s not your right. It’s a right that only exists because the Supreme Court said it should exist. And ever since it made this proclamation, it’s done everything it can to ensu…",https://www.techdirt.com/2025/09/10/7th-circuit-no-established-right-to-be-housed-in-a-cell-free-of-scattered-feces-and-contaminated-water/,https://www.techdirt.com/wp-content/themes/techdirt/assets/images/td-rect-logo-white.png,2025-09-10T22:28:24Z,"from the second-class-citizens dept
“Qualified immunity” is included nowhere in the Bill of Rights. But that’s because it’s not your right. It’s a right that only exists because the Supreme Court sa… [+5776 chars]",health
"{'id': None, 'name': 'National Post'}",Stewart Lewis,GoFundme page set up for Ottawa woman widowed and hospitalized by Lisbon funicular crash,"While the widow focuses on her health, we want to ""help ease some of the burden she must now carry,"" say GoFundMe page organizers.",https://nationalpost.com/news/canada/gofundme-page-set-up-for-ottawa-woman-widowed-and-hospitalized-by-lisbon-funicular-crash,https://smartcdn.gprod.postmedia.digital/nationalpost/wp-content/uploads/2025/09/Hind-Iguernane-2.jpg,2025-09-10T22:24:30Z,"A GoFundMe page has been set up for an Ottawa woman who lost her husband in the Lisbon funicular crash. She is in hospital, recovering from severe injuries.
THIS CONTENT IS RESERVED FOR SUBSCRIBERS… [+4515 chars]",health
"{'id': None, 'name': 'KSAT San Antonio'}",Gabby Jimenez,Possible active shooter reported on UT Health San Antonio campus,"Law enforcement has confirmed there is no active shooter at the UT Health San Antonio campus, according to an update on the university’s website.",https://www.ksat.com/news/local/2025/09/10/possible-active-shooter-reported-on-ut-health-san-antonio-campus/,"https://res.cloudinary.com/graham-media-group/image/upload/f_auto/q_auto/c_thumb,w_700/v1/media/gmg/EX4STIPTSBA2DJG56ED4UUYWQU?_a=DATAg1eAZAA0",2025-09-10T22:23:45Z,"SAN ANTONIO5:31 p.m. update: Law enforcement has confirmed there is no active shooter at the UT Health San Antonio campus, according to an update on the universitys website.
Law enforcement has posi… [+621 chars]",health
"{'id': None, 'name': '9to5Mac'}",Seth Kurkowski,"9to5Mac Daily: September 10, 2025 – Apple Watch Series 11, Ultra 3, more","Listen to a recap of the top stories of the day from 9to5Mac. 9to5Mac Daily is available on iTunes and Apple’s Podcasts app, Stitcher, TuneIn, Google Play, or through our dedicated RSS feed for Overcast and other podcast players.



Sponsored by iMazing: iMaz…",https://9to5mac.com/2025/09/10/daily-september-10-2025/,https://i0.wp.com/9to5mac.com/wp-content/uploads/sites/6/2021/12/9to5Mac-Daily-art-lead.jpg?resize=1200%2C628&quality=82&strip=all&ssl=1,2025-09-10T22:21:24Z,"Listen to a recap of the top stories of the day from 9to5Mac. 9to5Mac Daily is available on iTunes and Apples Podcasts app, Stitcher, TuneIn, Google Play, or through our dedicated RSS feed for Overca… [+1060 chars]",health
"{'id': None, 'name': 'Slashdot.org'}",Anonymous Coward,"As World Gets Hotter, Americans Are Turning To More Sugar, Study Finds","Global warming in the United States is amping up the country’s sweet tooth, a new study found. When the temperature rises, Americans — especially those with less money and education — drink lots more sugary beverages and a bit more frozen desserts. That amoun…",https://slashdot.org/submission/17340004/as-world-gets-hotter-americans-are-turning-to-more-sugar-study-finds,,2025-09-10T22:18:40Z,"Global warming in the United States is amping up the country’s sweet tooth, a new study found. When the temperature rises, Americans — especially those with less money and education — drink lots more… [+1268 chars]",health
"{'id': None, 'name': 'FOX Carolina'}",Associated Press,"Previous charges, delayed mental health evaluation were missed opportunities in Charlotte stabbing","Previous charges, delayed mental health evaluation were missed opportunities in Charlotte stabbingfoxcarolina.com",https://www.foxcarolina.com/2025/09/10/previous-charges-delayed-mental-health-evaluation-were-missed-opportunities-charlotte-stabbing/,https://gray-whns-prod.gtv-cdn.com/resizer/v2/EJAFRYDQBBBFHOSSAGIB2JMJZQ.jpg?auth=dfcc1bfd3fedd064c9c9f4c240b0cc95e360641e7829e74d8618b1b9957f3705&width=1200&height=600&smart=true,2025-09-10T22:18:16Z,"(AP) - After Decarlos Brown Jr. was arrested for the fatal stabbing of a Ukrainian refugee aboard a North Carolina commuter train, he was quickly sent to a state mental hospital for an evaluation. It… [+5821 chars]",health
"{'id': 'the-times-of-india', 'name': 'The Times of India'}",Muskan Singh,King Charles and Prince Harry reunite after 19 long months- Is this a sign of potential royal reconciliation?,King Charles and Prince Harry met recently after a long gap. Harry visited Charles at his residence. This meeting sparks hope for reconciliation. Harry has been in Britain for charity work. He also visited Queen Elizabeth's resting place. Prince William was i…,https://economictimes.indiatimes.com/news/international/uk/king-charles-and-prince-harry-reunite-after-19-long-months-is-this-a-sign-of-potential-royal-reconciliation/articleshow/123816983.cms,"https://img.etimg.com/thumb/msid-123816990,width-1200,height-630,imgsize-471314,overlay-economictimes/articleshow.jpg",2025-09-10T22:15:26Z,"King Charles and Prince Harry finally got back together in London after almost two years apart. This led to rumors that the royal family's relationship might be getting better. On Wednesday, the Duke… [+4561 chars]",health
"{'id': None, 'name': 'Biztoc.com'}",chicagotribune.com,"Average life expectancy in Chicago rebounds to 78.7 years, following worst years of pandemic","Chicago’s average life expectancy bounced back to 78.7 years in 2023, nearly hitting its prepandemic peak — though large gaps remain between races and neighborhoods, according to the city health department.
City health officials attributed the overall improve…",https://biztoc.com/x/87dfe02e6cacd89a,https://biztoc.com/cdn/87dfe02e6cacd89a_s.webp,2025-09-10T22:15:19Z,"Chicagos average life expectancy bounced back to 78.7 years in 2023, nearly hitting its prepandemic peak though large gaps remain between races and neighborhoods, according to the city health departm… [+146 chars]",health
"{'id': None, 'name': 'New York Post'}",Bethany Mandel,RFK Jr.’s plan to link autism and Tylenol just piles blame on moms —again,Autism has repeatedly been deployed to indict America’s mothers — and Robert F. Kennedy Jr.’s coming report is likely to fuel the fear already keeping young women from forming families.…,https://nypost.com/2025/09/10/opinion/rfk-jr-s-autism-tylenol-report-will-pile-blame-on-moms-again/,https://nypost.com/wp-content/uploads/sites/2/2025/09/newspress-collage-g46orght5-1757541707578.jpg?quality=75&strip=all&1757527326&w=1024,2025-09-10T22:12:55Z,"Health Secretary Robert F. Kennedys much-touted report on autism, set to drop this month, threatens to be not a new dawn, but an ugly throwback.
If, as widely reported, RFK claims a link between aut… [+4633 chars]",health
"{'id': None, 'name': 'Slashdot.org'}",feedfeeder,Some Arlington pharmacies begin offering Covid-19 shots without prescriptions - ARLnow,"Some Arlington pharmacies begin offering Covid-19 shots without prescriptionsARLnow How to get a coronavirus vaccine and who’s eligible amid limited accessThe Washington Post As Covid surges in the US, Americans can’t get vaccinated: ‘terrified I might kill s…",https://slashdot.org/firehose.pl?op=view&amp;id=179148544,,2025-09-10T22:12:54Z,The Fine Print: The following comments are owned by whoever posted them. We are not responsible for them in any way.,health
"{'id': 'abc-news', 'name': 'ABC News'}",ABC News,"WATCH: Conservative activist Charlie Kirk has died, President Trump says","BREAKING: Charlie Kirk has died after being shot at an event at Utah Valley University on Wednesday, President Trump has said.",https://abcnews.go.com/US/video/charlie-kirk-shooting-crowd-runs-takes-cover-amid-125459793,https://i.abcnewsfe.com/a/f5a4c552-f9bf-4569-b927-6873ffea2279/250910_abc_social_charlie_kirk_has_died_hpMain_9x16.jpg?w=992,2025-09-10T22:11:56Z,"<ul><li>Charlie Kirk dies after being shot at Utah university, Trump says
</li><li>FBI, ATF respond to Utah college after Charlie Kirk shot, suspect at large 
</li><li>Eyewitnesses react to Charlie… [+4422 chars]",health
"{'id': 'cbc-news', 'name': 'CBC News'}",,Kentucky nurse gives CPR to drunk baby raccoon trapped in a dumpster,"When Misty Combs found a baby nurse, drunk on fermented peaches and drowning in a dumpster, she knew she had to try to save it.",https://www.cbc.ca/radio/asithappens/drunk-raccoon-cpr-1.7630379,https://i.cbc.ca/1.7630596.1757538586!/fileImage/httpImage/image.jpeg_gen/derivatives/16x9_1180/otis-the-raccoon.jpeg?im=Resize%3D620,2025-09-10T22:10:43Z,"When Misty Combs found a baby raccoon, drunk on fermented peaches and drowning in a dumpster, she knew she had to try to save it.
As a nurse, Combs was well aware of the risks of interacting with a … [+4005 chars]",health
"{'id': None, 'name': 'Rolling Stone'}",Larisha Paul,Jerry Seinfeld Claims ‘Free Palestine’ Movement Doesn’t Say What It Means in Controversial KKK Comparison,"Jerry Seinfeld compared the ‘Free Palestine’ movement to the KKK in controversial remarks, saying, 'Just say you don’t like Jews.'",http://www.rollingstone.com/tv-movies/tv-movie-news/jerry-seinfeld-compares-free-palestine-movement-kkk-1235424951/,https://www.rollingstone.com/wp-content/uploads/2025/09/Jerry-Seinfeld-comments-again.jpg?crop=0px%2C11px%2C1800px%2C1014px&resize=1600%2C900,2025-09-10T22:09:36Z,"Jerry Seinfeld was invited to Duke University to introduce former Israeli hostage Omer Shem-Tov at an on-campus event. During his introduction, the comedian condemned the Free Palestine movement in a… [+2067 chars]",health
"{'id': None, 'name': 'The CT Mirror'}",Jenna Carlesso,CT approves double digit rate hikes for 2026 health plans,"The rate hikes come amid a flood of federal health policy changes, including new cuts to Medicaid and expiring federal subsidies.",http://ctmirror.org/2025/09/10/rate-hikes-ct-health-plans/,https://ctmirror.org/wp-content/uploads/2016/11/ahct-desk.jpg,2025-09-10T22:09:03Z,"CT Mirrors independent, nonprofit journalism depends on reader support.Create more of it with a tax-deductible donation today.
Officials with the Connecticut Insurance Department announced Wednesday… [+5896 chars]",health
"{'id': None, 'name': 'The Virginian-Pilot'}",Gavin Stone,Sentara advises against COVID vaccine prescriptions,"Sentara has advised its doctors to avoid writing prescriptions for the latest COVID-19 vaccine, citing the Centers for Disease Control and Prevention’s pending decision on the 2025-26 version.",https://www.pilotonline.com/2025/09/10/sentara-advises-against-covid-vaccine-prescriptions-amid-cdc-uncertainty/,https://www.pilotonline.com/wp-content/uploads/2025/08/IMG_vpt-vp-km-vp-nw-sent_3_1_RQ6CKBJD_L240602409.jpg?w=1024&h=686,2025-09-10T22:08:45Z,"Sentara has advised its doctors to avoid writing prescriptions for the latest COVID-19 vaccine, citing the Centers for Disease Control and Preventions pending decision on the 2025-26 version.
Four p… [+3495 chars]",health
"{'id': None, 'name': 'WGAL Susquehanna Valley Pa.'}",Livia Daggett,Politicians and national leaders react to killing of Charlie Kirk,"Kirk, the co-founder and CEO of the youth organization Turning Point USA, is the latest victim of political violence across the United States.",https://www.wgal.com/article/charlie-kirk-killing-leaders-reactions/66042140,"https://kubrick.htvapps.com/htv-prod-media.s3.amazonaws.com/images/gettyimages-2215977132-68c1ea170355b.jpg?crop=1.00xw:0.847xh;0,0.0839xh&resize=1200:*",2025-09-10T22:08:43Z,"Politicians and leaders are reacting to the fatal shooting of political activist Charlie Kirk during a speaking event at Utah Valley University on Wednesday.
Kirk, the 31-year-old co-founder and CEO… [+3275 chars]",health
"{'id': None, 'name': 'WMUR Manchester'}",Livia Daggett,Politicians and national leaders react to killing of Charlie Kirk,"Kirk, the co-founder and CEO of the youth organization Turning Point USA, is the latest victim of political violence across the United States.",https://www.wmur.com/article/charlie-kirk-killing-leaders-reactions/66042140,"https://kubrick.htvapps.com/htv-prod-media.s3.amazonaws.com/images/gettyimages-2215977132-68c1ea170355b.jpg?crop=1.00xw:0.847xh;0,0.0839xh&resize=1200:*",2025-09-10T22:08:32Z,"Politicians and leaders are reacting to the fatal shooting of political activist Charlie Kirk during a speaking event at Utah Valley University on Wednesday.
Kirk, the 31-year-old co-founder and CEO… [+3275 chars]",health
"{'id': None, 'name': 'Biztoc.com'}",youtube.com,Body in the water: Why didn't homicide squad investigate? | Australian Story,WARNING: This story contains references to mental health and suicide. Louisa Ioannidis was 24 when she was found dead in a ...,https://biztoc.com/x/4bb38620e1d88e67,https://biztoc.com/cdn/4bb38620e1d88e67_s.webp,2025-09-10T22:07:37Z,"WARNING: This story contains references to mental health and suicide. Louisa Ioannidis was 24 when she was found dead in a ...
This story appeared on youtube.com, 2025-09-10 21:00:03.",health
"{'id': 'abc-news-au', 'name': 'ABC News (AU)'}",Amelia Searson and Tara de Landgrafft,WA's other goldfields are so bright they can be seen from space,"Stunning photos of Western Australia's canola crops can be seen in much of the countryside, on social media and in satellite images.",https://www.abc.net.au/news/2025-09-11/satellite-images-show-wa-canola-fields-visible-from-space/105739264,https://live-production.wcms.abc-cdn.net.au/4be26484f0f9b7e12f5fb5243bd44f8b?impolicy=wcms_watermark_news&cropH=2813&cropW=5000&xPos=0&yPos=521&width=862&height=485&imformat=generic,2025-09-10T22:05:31Z,"The start of spring in Western Australia is heralded by rolling fields of golden canola that light up the countryside from the Midwest down to the South Coast.
The impressive crop draws attention fr… [+4869 chars]",health
"{'id': None, 'name': 'The New Republic'}",Malcolm Ferguson,“Ridiculous!”: Nancy Mace Completely Flips Out in Congress,"On Wednesday, a
Democratic representative brought up multiple ways in which her congressional
colleagues received the “gender-affirming care” they wanted to ban. It made
MAGA Representative Nancy Mace so upset she started screaming. Democrats and
Republicans …",https://newrepublic.com/post/200304/nancy-mace-completely-flips-out-congress,https://images.newrepublic.com/d2bdeae7f46754ccb6cb4b34864b28ef0ee2261f.jpeg?w=1200&h=630&crop=faces&fit=crop&fm=jpg,2025-09-10T22:05:01Z,"When Fox News attacked me on everything from my laugh, to my tone
of voice, to whom Id dated in my 20s, or claimed I was a DEI hire, the White
House rarely pushed back with my actual résumé, Harris… [+798 chars]",health
"{'id': None, 'name': 'newschannel20.com'}",Wics,Free breast cancer screenings offered at Memorial Health hospitals in October,Memorial Health hospitals are offering free breast cancer screenings throughout October for women aged 40 and older who are uninsured or underinsured.,https://newschannel20.com/news/local/free-breast-cancer-screenings-offered-at-memorial-health-hospitals-in-october,https://newschannel20.com/resources/media2/16x9/2000/986/0x22/90/f55a0869-214c-4c7f-98ab-404a4df6ee46-AP24285578621667.jpg,2025-09-10T22:00:42Z,"SPRINGFIELD, Ill. (WICS) Memorial Health hospitals are offering free breast cancer screenings throughout October for women aged 40 and older who are uninsured or underinsured. 
This initiative is pa… [+1069 chars]",health
"{'id': None, 'name': 'Blizzardwatch.com'}",Ted Atchley,"The decks you need to win the Pick a Hand, Any Hand Hearthstone Tavern Brawl","Step right on up there, partner, for the Hearthstone Pick a Hand, Any Hand Tavern Brawl. We’ve gathered some of the best card sharks around for a winner-take-all tournament. That sweet little southern belle over there is Annabelle. The tough looking guy we ca…",https://blizzardwatch.com/2025/09/10/hearthstone-pick-hand-any-hand-tavern-brawl/,https://cdn.blizzardwatch.com/wp-content/uploads/2023/11/bw_tavernbrawl_pickahandanyhand_header.png,2025-09-10T22:00:20Z,"Step right on up there, partner, for the Hearthstone Pick a Hand, Any Hand Tavern Brawl. Weve gathered some of the best card sharks around for a winner-take-all tournament. That sweet little southern… [+11549 chars]",health
"{'id': None, 'name': 'GlobeNewswire'}",Mutual Insurance Company of Arizona,AM Best Reaffirms A (Excellent) Financial Strength Rating for Mutual Insurance Company of Arizona,MICA announced today that AM Best has affirmed the company's Financial Strength Rating of A (Excellent) and Long-Term Credit Rating of a+ (Excellent).......,https://www.globenewswire.com/news-release/2025/09/10/3148285/0/en/AM-Best-Reaffirms-A-Excellent-Financial-Strength-Rating-for-Mutual-Insurance-Company-of-Arizona.html,https://ml.globenewswire.com/Resource/Download/23ea9bb3-2432-4cd4-a63b-ee38ddfa5fd2,2025-09-10T22:00:00Z,"PHOENIX, Sept. 10, 2025 (GLOBE NEWSWIRE) -- Mutual Insurance Company of Arizona (MICA) announced today that AM Best has affirmed the company's Financial Strength Rating of A (Excellent) and Long-Term… [+2658 chars]",health
"{'id': None, 'name': 'GlobeNewswire'}",Hidden Battles LLC,"Award-Winning Documentary “Hidden Battles Destigmatizing Mental Illness” to Premiere in Lincoln, Nebraska on October 14, 2025","SHOWING OCTOBER 14TH | An unflinching and deeply human exploration into the lives of four individuals living with severe and persistent mental illness,......",https://www.globenewswire.com/news-release/2025/09/10/3148284/0/en/Award-Winning-Documentary-Hidden-Battles-Destigmatizing-Mental-Illness-to-Premiere-in-Lincoln-Nebraska-on-October-14-2025.html,https://ml.globenewswire.com/Resource/Download/0334e92c-1ec6-49d0-b59e-bfb7fb97ef02,2025-09-10T22:00:00Z,"LINCOLN, Neb., Sept. 10, 2025 (GLOBE NEWSWIRE) -- Hidden Battles Destigmatizing Mental Illness, a groundbreaking documentary. Executive producer Jeromie Luginbill, directors Terrell Newby and Lorrain… [+2024 chars]",health
"{'id': None, 'name': 'menshealth.com'}",Zachary Zane,8 Telltale Signs The Sexual Tension You're Feeling Is Mutual,"Feeling drawn to someone, but not sure if it's mutual? Here are 8 telltale signs you're both feeling that sexual tension, according to experts.",https://www.menshealth.com/sex-women/a66018176/signs-of-sexual-tension/,"https://hips.hearstapps.com/hmg-prod/images/happy-young-couple-talking-on-rooftop-in-the-royalty-free-image-1610638883.?crop=1.00xw:0.752xh;0,0.0793xh&resize=1200:*",2025-09-10T22:00:00Z,"ARE THEY INTO ME, or are they just being friendly? Its the age-old question that many smart men have failed to answer correctly. When wrong, and you pursue a sexual or romantic relationship, you risk… [+8157 chars]",health
"{'id': None, 'name': 'New York Post'}",Brandon Cruz,Nassau exec Bruce Blakeman stands with law enforcement after sweeping police union endorsements in campaign,Nassau County Executive Bruce Blakeman has received endorsements from every police union in Nassau County for his upcoming re-election campaign.,https://nypost.com/2025/09/10/us-news/nassau-bruce-blakeman-stands-with-law-enforcement-after-sweeping-police-union-endorsements-in-campaign/,https://nypost.com/wp-content/uploads/sites/2/2025/09/111108888.jpg?quality=75&strip=all&w=1024,2025-09-10T21:59:54Z,A crew of local law enforcement stood with Nassau County Executive Bruce Blakeman Tuesday as the Republicans re-election campaign celebrated endorsements from every single police union in the county.… [+2368 chars],health
"{'id': None, 'name': 'Westernjournal.com'}",Jack Davis,"Fox News Musters All Its Resources, Runs Beautiful Tribute to Charlie Kirk Soon After His Death",For News remembers slain conservative activist Charlie Kirk as a man who gave everything to the cause of saving America.,https://www.westernjournal.com/fox-news-musters-resources-runs-beautiful-tribute-charlie-kirk-soon-death/,https://www.westernjournal.com/wp-content/uploads/2025/09/Fox-News-tribute-to-Charlie.jpg,2025-09-10T23:24:35Z,"Fox News offered a tribute Wednesday to slain Turning Point USA founder Charlie Kirk.
Charlie Kirk is being remembered tonight as a hugely influential, charismatic, and engaging individual, Fox News… [+2493 chars]",politics
"{'id': None, 'name': 'Vox'}",Zack Beauchamp,Our country is not prepared for this,"Charlie Kirk, one of America’s leading conservative activists and a close friend of President Donald Trump’s son Don Jr., has been murdered. We do not yet know who did it, or why. We do not know how the Trump administration will respond. What we do know, howe…",https://www.vox.com/politics/461101/charlie-kirk-assassination-murder-dead-democracy,https://platform.vox.com/wp-content/uploads/sites/2/2025/09/gettyimages-2179971149.jpg?quality=90&strip=all&crop=0%2C10.729057198914%2C100%2C78.541885602173&w=1200,2025-09-10T23:24:00Z,"Charlie Kirk, founder of Turning Point Action, speaks during a meeting on the University of Arizona campus on October 17, 2024. | Olivier Touron/AFP via Getty Images


Charlie Kirk, one of America’s… [+4562 chars]",politics
"{'id': None, 'name': 'Superpunch.net'}",noreply@blogger.com (John),Grok is making jokes about the murder,"Grok says that videos of Charlie Kirk being shot are memes and that he's actually fine[image or embed]
— kate conger (@kateconger.com) September 10, 2025 at 3:27 PM



Those tweets.


A few other responses I saw:








Yes, Charlie Kirk said a very similar…",https://www.superpunch.net/2025/09/grok-is-making-jokes-about-murder.html,,2025-09-10T23:22:00Z,"Grok says that videos of Charlie Kirk being shot are memes and that he's actually fine
[image or embed]
— kate conger (@kateconger.com) September 10, 2025 at 3:27 PM
Thosetweets.
A few other resp… [+955 chars]",politics
"{'id': None, 'name': 'Ibtimes.com.au'}",Huw GRIFFITH,Right-wing Trump Ally Charlie Kirk Shot Dead At US University,"Right-wing youth activist and influencer Charlie Kirk, a major ally of President Donald Trump, was shot dead Wednesday in a ""political assassination"" that sparked fears of more political violence in an increasingly febrile United States.",https://www.ibtimes.com.au/right-wing-trump-ally-charlie-kirk-shot-dead-us-university-1860466,https://d.ibtimes.com.au/en/full/1888543/influential-us-right-wing-youth-organizer-charlie-kirk-has-been-shot-wounded-according-multiple.jpg,2025-09-10T23:15:33Z,"Right-wing youth activist and influencer Charlie Kirk, a major ally of President Donald Trump, was shot dead Wednesday in a ""political assassination"" that sparked fears of more political violence in … [+4217 chars]",politics
"{'id': 'abc-news', 'name': 'ABC News'}",CHRISTOPHER RUGABER AP economics writer,Trump takes one step back and another forward in his attempt to reshape the Fed,President Donald Trump’s goal of appointing a majority of the Federal Reserve’s board of governors faced a setback Tuesday when a court blocked his unprecedented attempt to fire Lisa Cook,https://abcnews.go.com/US/wireStory/trump-takes-step-back-forward-attempt-reshape-fed-125461886,https://i.abcnewsfe.com/a/d10593db-5c17-45be-a41b-0aace973abc2/wirestory_8d7c1e469db2eed93db8af9348a9783d_16x9.jpg?w=1600,2025-09-10T23:10:26Z,WASHINGTON -- President Donald Trump's goal of appointing a majority of the Federal Reserve's board of governors faced a setback late Tuesday when a court blocked his unprecedented attempt to fire Li… [+5101 chars],politics
"{'id': 'breitbart-news', 'name': 'Breitbart News'}","Bob Price, Bob Price","Charlie Kirk Remembered by Texas Officials as Patriot, Truth-Teller After Tragic Killing","Texas leaders are mourning the death of conservative activist Charlie Kirk, who was fatally shot during a speaking event at Utah Valley University, calling the act “unspeakable evil” and a “senseless assassination.” From Governor Greg Abbott to Senator Ted Cr…",https://www.breitbart.com/border/2025/09/10/charlie-kirk-remembered-by-texas-officials-as-patriot-truth-teller-after-tragic-killing/,https://media.breitbart.com/media/2025/09/AP23222712475599-1-1-640x335.jpg,2025-09-10T23:06:07Z,"Texas leaders are mourning the death of conservative activist Charlie Kirk, who was fatally shot during a speaking event at Utah Valley University, calling the act unspeakable evil and a senseless as… [+3870 chars]",politics
"{'id': None, 'name': 'KPBS'}",City News Service,San Diego County political leaders condemn fatal shooting of Charlie Kirk,"San Diego County political leaders roundly condemned Wednesday's fatal shooting of conservative commentator Charlie Kirk during a speech in Utah, saying political violence is never acceptable.",https://www.kpbs.org/news/politics/2025/09/10/san-diego-county-political-leaders-condemn-fatal-shooting-of-charlie-kirk,https://cdn.kpbs.org/dims4/default/207f560/2147483647/strip/true/crop/1024x538+0+0/resize/1200x630!/quality/90/?url=http%3A%2F%2Fkpbs-brightspot.s3.us-west-2.amazonaws.com%2F30%2Ffa%2Ff87afc734a34b254a19fbf690603%2Fap25253675698555.jpg,2025-09-10T23:03:25Z,"San Diego County political leaders roundly condemned Wednesday's fatal shooting of conservative commentator Charlie Kirk during a speech in Utah, saying political violence is never acceptable.
Kirk,… [+2809 chars]",politics
"{'id': None, 'name': 'Mediaite'}",Charlie Nash,‘Our Nation is Broken’: Utah Governor Delivers Emotional Condemnation of the ‘Political Assassination’ of Charlie Kirk,"Utah Gov. Spencer Cox declared that the murder of Charlie Kirk was a ""political assassination"" on Wednesday, before warning the killer, ""We will find you.""
The post ‘Our Nation is Broken’: Utah Governor Delivers Emotional Condemnation of the ‘Political Assass…",https://www.mediaite.com/media/tv/our-nation-is-broken-utah-governor-delivers-emotional-condemnation-of-the-political-assassination-of-charlie-kirk/,https://www.mediaite.com/wp-content/uploads/2025/09/UtahGov-scaled.jpg,2025-09-10T23:02:02Z,"Utah Gov. Spencer Cox declared that the murder of Charlie Kirk was a “political assassination” on Wednesday, before warning the killer, “We will find you, we will try you, and we will hold you accoun… [+2234 chars]",politics
"{'id': 'nbc-news', 'name': 'NBC News'}",Rebecca Cohen,'Bachelorette' fans say Taylor Frankie Paul could be just what the franchise needs,Members of Bachelor Nation appear ready to give a rose to the newest addition to the franchise,https://www.nbcnews.com/pop-culture/pop-culture-news/bachelorette-fans-say-taylor-frankie-paul-could-help-revive-franchise-rcna230361,"https://media-cldnry.s-nbcnews.com/image/upload/t_nbcnews-fp-1200-630,f_auto,q_auto:best/rockcms/2025-09/250910-Taylor-Frankie-Paul-se-144p-5b1576.jpg",2025-09-10T23:00:40Z,"Members of Bachelor Nation appear ready to give a rose to the newest addition to the franchise.
Fans of the long-running reality dating franchise expressed shock and enthusiasm after ABC announced W… [+5268 chars]",politics
"{'id': None, 'name': 'Montana Standard'}",MIKE SMITH mike.smith@mtstandard.com,"At trial, two more alleged victims say Montana youth hockey coach sexually assaulted them",A defense attorney says the trial could spill into next week.,https://mtstandard.com/tncms/asset/editorial/c10bd55f-3cf2-48f7-8004-915606607415/,https://bloximages.chicago2.vip.townnews.com/billingsgazette.com/content/tncms/assets/v3/editorial/c/86/c86c3b1c-c9ca-5af5-b484-a712699d0414/68c21560bd69c.preview.jpg?crop=1763%2C926%2C0%2C124&resize=1200%2C630&order=crop%2Cresize,2025-09-10T23:00:00Z,"Two additional boys told jurors Wednesday that Jami James sexually assaulted them when he was their youth hockey coach, describing the same acts that another boy testified about this week.
One boy s… [+5977 chars]",politics
"{'id': None, 'name': 'EURACTIV'}","EURACTIV, EURACTIV","Introducing Rapporteur, Euractiv’s new EU politics newsletter","[Brussels, 11 September, 2025] Euractiv today relaunched its free daily newsletter The Capitals as Rapporteur, marking a new direction for our politics coverage of the EU and Europe. 
 
Rapporteur will lead the political conversation in Brussels, landing in i…",http://pr.euractiv.com/node/271079,http://pr.euractiv.com/files/logo_pr.gif,2025-09-10T23:00:00Z,,politics
"{'id': 'the-times-of-india', 'name': 'The Times of India'}",Manu Kaushik,The last tweet by Charlie Kirk before he was shot dead will make you rethink everything,"Hours before his death, Charlie Kirk addressed the murder of Iryna Zarutska, emphasizing the need to politicize the tragedy to prevent future occurrences. He highlighted concerns about repeat offenders within the criminal justice system. Kirk's final message …",https://economictimes.indiatimes.com/news/international/us/the-last-tweet-by-charlie-kirk-before-he-was-shot-dead-will-make-you-rethink-everything/articleshow/123819131.cms,"https://img.etimg.com/thumb/msid-123819137,width-1200,height-630,imgsize-105462,overlay-economictimes/articleshow.jpg",2025-09-10T22:58:48Z,"Just hours before his tragic death on September 10, 2025, conservative activist Charlie Kirk made a statement on his social media platform, X. In his final post, Kirk addressed the murder of Iryna Za… [+1727 chars]",politics
"{'id': 'marca', 'name': 'Marca'}",marca.com,"Kansas City Chiefs kicker, Harrison Butker, posts emotional tribute to Charlie Kirk","Kansas City Chiefs kicker Harrison Butker shared a public message of support and prayer for conservative commentator Charlie Kirk on Twitter, after the political figure was shot an",https://www.marca.com/en/nfl/kansas-city-chiefs/2025/09/11/68c201c146163f741b8b45d3.html,https://e01-phantom-marca.uecdn.es/4d98f9d8631b94820bca1358f5fb295e/resize/1200/f/webp/assets/multimedia/imagenes/2025/09/11/17575426898262.jpg,2025-09-10T22:56:04Z,"Kansas City Chiefs kicker Harrison Butker shared a public message of support and prayer for conservative commentator Charlie Kirk on Twitter, after the political figure was shot and killed in Utah.
… [+3069 chars]",politics
"{'id': 'breitbart-news', 'name': 'Breitbart News'}","Olivia Rondeau, Olivia Rondeau",Charlie Kirk Condemned Leftist 'Assassination Culture' Before Fatal Shooting,"Turning Point USA founder Charlie Kirk sounded the alarm on the growing ""assassination culture"" on the left in the months before he was fatally shot while speaking on a Utah college campus.
The post Charlie Kirk Condemned Leftist ‘Assassination Culture’ Befor…",https://www.breitbart.com/politics/2025/09/10/charlie-kirk-condemned-leftist-assassination-culture-before-fatal-shooting/,https://media.breitbart.com/media/2025/09/546702879319a4efea648-640x335.jpg,2025-09-10T22:51:57Z,"Turning Point USA founder Charlie Kirk sounded the alarm on the growing “assassination culture” on the left in the months before he was fatally shot while speaking on a Utah college campus.
“Assassi… [+2041 chars]",politics
"{'id': None, 'name': 'Japan Today'}",,Senate Republicans barely defeat effort by Democrats to force release of Epstein files,"In a close vote, Senate Republicans defeated an effort Wednesday by Democrats to insert language into Congress’ annual defense authorization bill that would have forced the public release of case files on the sex trafficking investigation into the late Jeffre…",https://japantoday.com/category/world/senate-republicans-barely-defeat-effort-by-democrats-to-force-release-of-epstein-files,,2025-09-10T22:49:49Z,"In a close vote, Senate Republicans defeated an effort Wednesday by Democrats to insert language into Congress annual defense authorization bill that would have forced the public release of case file… [+3916 chars]",politics
"{'id': 'cbs-news', 'name': 'CBS News'}",Caitlin  Yilek,House votes to repeal Iraq war authorizations,"It's unclear if the repeal will end up in the final version of the National Defense Authorization Act, which still has to get through the Senate.",https://www.cbsnews.com/news/house-votes-to-repeal-iraq-war-authorizations/,https://assets2.cbsnewsstatic.com/hub/i/r/2025/09/10/6e4c24cb-8257-4452-9b42-a9c2361741ed/thumbnail/1200x630g6/40d70f0ea1173baa213f68ff6767253d/gettyimages-2198688999.jpg,2025-09-10T22:46:21Z,"Washington — House Republicans voted Wednesday to repeal the legal justifications used to attack Iraq in 1991 and 2003, the latest attempt by Congress to revoke the president's authority to wage war.… [+2474 chars]",politics
"{'id': 'cnn', 'name': 'CNN'}",Jeff Zeleny,How Charlie Kirk came to earn Trump’s admiration | CNN Politics,Charlie Kirk was a proud college dropout with a direct line to President Donald Trump like few others.,https://www.cnn.com/2025/09/10/politics/relationship-charlie-kirk-donald-trump,"https://media.cnn.com/api/v1/images/stellar/prod/ap18082029383319.jpg?c=16x9&q=w_800,c_fill",2025-09-10T22:46:21Z,"Charlie Kirk was a proud college dropout with a direct line to President Donald Trump like few others.
A frequent visitor to the White House, Kirk was far more than a loyal fan and admirer of the pr… [+5939 chars]",politics
"{'id': 'fox-news', 'name': 'Fox News'}",,Jury seated in trial of man accused of Trump assassination attempt,Jury selection is complete for Ryan Routh's federal trial. Routh is charged with attempting to assassinate Donald Trump at his West Palm Beach golf club in September 2024.,https://www.foxnews.com/politics/jury-seated-trial-man-accused-trump-assassination-attempt,https://static.foxnews.com/foxnews.com/content/uploads/2025/09/ryan-routh-day-1-v2.jpg,2025-09-10T22:46:01Z,"The jury has been seated for the high-profile federal trial of Ryan Routh, the North Carolina man accused of attempting to assassinate former President Donald Trump at his West Palm Beach golf club l… [+3256 chars]",politics
"{'id': None, 'name': 'TODAY'}",Jonathan Allen,"Charlie Kirk's Death Prompts Outpouring of Shock, Grief and Condemnations of Political Violence",Top Republicans and Democrats largely coalesced to mourn conservative activist Charlie Kirk and condemn politically motivated violence after he was shot and killed Wednesday at a Turning Point USA event at Utah Valley University.,https://www.today.com/news/charlie-kirks-death-prompts-outpouring-shock-grief-condemnations-polit-rcna230501,"https://media-cldnry.s-nbcnews.com/image/upload/t_social_share_1200x630_center,f_auto,q_auto:best/rockcms/2025-09/250910-charlie-kirk-vl-337p-b7fd23.jpg",2025-09-10T22:45:14Z,WASHINGTON Top Republicans and Democrats largely coalesced to mourn conservative activist Charlie Kirk and condemn politically motivated violence after he was shot and killed Wednesday at a Turning P… [+6371 chars],politics
"{'id': None, 'name': 'Mediaite'}",Colby Hall,Greg Gutfeld Pours Cold Water on Blaming Left for Charlie Kirk Assassination: ‘Feels Professional’,"Greg Gutfeld offered a surprisingly unifying take following the tragic assassination of conservative thought leader Charlie Kirk on Wednesday's The Five.
The post Greg Gutfeld Pours Cold Water on Blaming Left for Charlie Kirk Assassination: ‘Feels Professiona…",https://www.mediaite.com/media/tv/greg-gutfeld-pours-cold-water-on-blaming-left-for-charlie-kirk-assassination-feels-professional/,https://www.mediaite.com/wp-content/uploads/2025/09/Greg-Gutfeld-Pours-Cold-Water-on-Blaming-Left-for-Charlie-Kirk-Assassination.jpg,2025-09-10T22:38:13Z,"Greg Gutfeld offered a surprisingly unifying take following the tragic assassination of conservative thought leader Charlie Kirk on Wednesday’s episode of The Five.
Kirk was gun down during an appea… [+1970 chars]",politics
"{'id': None, 'name': 'Yahoo Entertainment'}",STEPHEN GROVES,Senate Republicans barely defeat effort by Democrats to force release of Epstein files,"In a close vote, Senate Republicans defeated an effort Wednesday by Democrats to insert language into Congress’ annual defense authorization bill that would ...",https://www.yahoo.com/news/articles/senate-republicans-barely-defeat-effort-223120061.html,https://s.yimg.com/ny/api/res/1.2/tHtEsGQH1N.SrPdrsUjRlA--/YXBwaWQ9aGlnaGxhbmRlcjt3PTEyMDA7aD04MDA7Y2Y9d2VicA--/https://media.zenfs.com/en/ap.org/d2f0749e2010a00705d07a7ab61e9cb9,2025-09-10T22:31:20Z,"WASHINGTON (AP) In a close vote, Senate Republicans defeated an effort Wednesday by Democrats to insert language into Congress annual defense authorization bill that would have forced the public rele… [+3886 chars]",politics
"{'id': None, 'name': 'Dpa-international.com'}",DPA,Some 540 held at French anti-austerity protests as new PM sworn in,"Anti-austerity protests in France drew some 200,000 participants and resulted in around 540 arrests on Wednesday, the French Interior Ministry said, as the...",https://dpa-international.com/politics/urn:newsml:dpa.com:20090101:250911-99-988197/,https://media.zenfs.com/en/dpa_international_526/a06a8c2574ed715f695b68116d3d269a,2025-09-10T22:29:38Z,"Anti-austerity protests in France drew some 200,000 participants and resulted in around 540 arrests on Wednesday, the French Interior Ministry said, as the country's new prime minister took office am… [+3657 chars]",politics
"{'id': None, 'name': 'Freerepublic.com'}",X,BREAKING: The subject for the horrific shooting today that took the life of Charlie Kirk is now in custody.,The subject for the horrific shooting today that took the life of Charlie Kirk is now in custody. Thank you to the local and state authorities in Utah for your partnership with @fbi. We will provide updates when able.— FBI Director Kash Patel (@FBIDirectorKas…,https://freerepublic.com/focus/f-news/4339634/posts,,2025-09-10T22:24:00Z,"Skip to comments.
BREAKING: The subject for the horrific shooting today that took the life of Charlie Kirk is now in custody. X ^
 | 09.10.2025
 | FBI Director Patel
Posted on 09/10/2025 3:24:00 … [+1336 chars]",politics
"{'id': None, 'name': 'HuffPost'}",Igor Bobic,Senate Republicans Block Effort To Release Jeffrey Epstein Files,"Chuck Schumer, the top Democrat in the Senate, forced a politically awkward vote for GOP senators on releasing more information about Jeffrey Epstein.",https://www.huffpost.com/entry/jeffrey-epstein-files-schumer_n_68c1ca89e4b056a14e687968,https://img.huffingtonpost.com/asset/68c1caac180000fbf48c791b.jpeg?ops=1200_630,2025-09-10T22:20:24Z,WASHINGTON Senate Republicans on Wednesday blocked an effort requiring the Trump Department of Justice to release more documents relating to American financier and child sex offender Jeffrey Epstein.… [+3458 chars],politics
"{'id': 'the-times-of-india', 'name': 'The Times of India'}",Gandharv Walia,Charlie Kirk's last words at Utah Valley University shooting during American Comeback Tour were...,Charlie Kirk's last words were an answer to a question raised by a student during Q&A at Utah Valley University before he was shot in the neck. The conservative activist’s American Comeback Tour stop turned tragic as police continue searching for the suspect.,https://economictimes.indiatimes.com/news/international/us/charlie-kirks-last-words-utah-valley-university-shooting-american-comeback-tour-qa-conservative-activist-police-suspect-question-on-transgender-mass-shooters-turning-point-usa-founder-video-footage-condition-confusion-security-concerns-campus-closure/articleshow/123817666.cms,"https://img.etimg.com/thumb/msid-123818075,width-1200,height-630,imgsize-123732,overlay-economictimes/articleshow.jpg",2025-09-10T22:17:42Z,"Charlie Kirk's last words were spoken during a live Q&amp;A session at Utah Valley University before he was shot in the neck on September 10, 2025. The conservative activist, founder of Turning Point… [+4302 chars]",politics
"{'id': 'nbc-news', 'name': 'NBC News'}",Jonathan Allen,"Charlie Kirk's death prompts outpouring of shock, grief and condemnations of political violence","Top Republicans and Democrats largely coalesced to mourn conservative activist Charlie Kirk, and condemn politically motivated violence, after he was shot and killed.",https://www.nbcnews.com/politics/politics-news/charlie-kirks-death-prompts-outpouring-shock-grief-condemnations-polit-rcna230472,"https://media-cldnry.s-nbcnews.com/image/upload/t_nbcnews-fp-1200-630,f_auto,q_auto:best/rockcms/2025-09/250910-kirk-trump-ch-1536-e42fc5.jpg",2025-09-10T22:14:46Z,WASHINGTON Top Republicans and Democrats largely coalesced to mourn conservative activist Charlie Kirk and condemn politically motivated violence after he was shot and killed Wednesday at a Turning P… [+6453 chars],politics
"{'id': None, 'name': 'Freerepublic.com'}",Express.CO.UK,Haunting video appears to show Charlie Kirk gunman fleeing on roof after shooting,A haunting video shows the sniper hiding out on the roof of the Losee Center at Utah Valley University after shooting Charlie Kirk during Turning Point USA A chilling video has emerged showing a sniper lurking on the roof of the Losee Centre at Utah Valley Un…,https://freerepublic.com/focus/f-news/4339632/posts,,2025-09-10T22:11:01Z,"Skip to comments.
Haunting video appears to show Charlie Kirk gunman fleeing on roof after shootingExpress.CO.UK ^
 | Sep 10, 2025
 | Jeremiah Hassel, Michael D. Carroll
Posted on 09/10/2025 3:11… [+4836 chars]",politics
"{'id': None, 'name': 'Boston Herald'}",Associated Press,"Trump administration cuts grants for minority-serving colleges, declaring them unconstitutional",The Education Department said it’s holding back $350 million in grants budgeted for this year.,https://www.bostonherald.com/2025/09/10/trump-hispanic-universities/,https://www.bostonherald.com/wp-content/uploads/2025/09/Education_Trump_Hispanic_Universities_40372.jpg?w=1024&h=755,2025-09-10T22:10:54Z,"By COLLIN BINKLEY, AP Education Writer
WASHINGTON (AP) The Trump administration is ending several grant programs reserved for colleges that have large numbers of minority students, saying they amoun… [+4345 chars]",politics
"{'id': None, 'name': 'Thenation.com'}",Jeet Heer,The Killing of Charlie Kirk Is Part of a Terrible New Era of Political Violence,"Jeet Heer



Wide-open gun culture and hyper-polarization are bringing the ""years of lead"" to the USA.




The post The Killing of Charlie Kirk Is Part of a Terrible New Era of Political Violence appeared first on The Nation.",https://www.thenation.com/article/society/charlie-kirk-shooting-assassination-analysis/,https://www.thenation.com/wp-content/uploads/2025/09/AP25253709556517.jpg,2025-09-10T22:10:29Z,"Politics / September 10, 2025
Wide-open gun culture and hyper-polarization are bringing the “years of lead” to the USA.
Edit
Ad Policy
Charlie Kirk hands out hats before speaking at Utah Valley U… [+7040 chars]",politics
"{'id': None, 'name': 'Reason'}",Robby Soave,"Charlie Kirk, Who Became a Media Titan Because He Wasn't Afraid of Disagreement, Assassinated at 31","Charlie Kirk, founder of Turning Point USA, was shot while he was speaking at an event at Utah Valley University on Wednesday.",https://reason.com/2025/09/10/charlie-kirk-who-became-a-media-titan-because-he-wasnt-afraid-of-disagreement-assassinated-at-31/,https://d2eehagpk5cl65.cloudfront.net/img/q60/uploads/2025/09/zumaamericasfortynine275777-scaled.jpg,2025-09-10T22:10:14Z,"An assassin's bullet struck down Charlie Kirk, the prominent conservative commentator and founder of Turning Point USA, while he was speaking at an event at Utah Valley University on Wednesday. He wa… [+3793 chars]",politics
"{'id': None, 'name': 'The Atlantic'}",David A. Graham,The Horrifying Assassination of Charlie Kirk,The shooting of the conservative activist is the latest act of political violence in the United States.,https://www.theatlantic.com/newsletters/archive/2025/09/charlie-kirk-shot-assassination/684170/,https://cdn.theatlantic.com/thumbor/Nq69E8CjPoN0iE5wodIOO4JeFnA=/0x0:2000x1042/1200x625/media/img/mt/2025/09/2025_09_10_daily_charlie_kirk/original.jpg,2025-09-10T22:04:00Z,"The assassination of Charlie Kirk, the high-profile conservative activist, is apparently the latest in a string of terrifying acts of political violence in the United States. Real America’s Voice, wh… [+4895 chars]",politics
"{'id': 'fox-news', 'name': 'Fox News'}",,Dozens of Democrats mutiny must-pass defense bill over GOP priorities,The National Defense Authorization Act passed the House of Representatives on Wednesday night with mainly Republican votes.,https://www.foxnews.com/politics/dozens-democrats-mutiny-must-pass-defense-bill-over-gop-priorities,https://static.foxnews.com/foxnews.com/content/uploads/2024/07/johnson-jeffries-1.jpg,2025-09-10T22:01:41Z,"The House of Representatives passed its version of Congress annual defense bill on Wednesday evening, albeit along stunningly partisan lines.
For decades, the National Defense Authorization Act (NDA… [+3594 chars]",politics
"{'id': None, 'name': 'Mediaite'}",Isaac Schorr,‘They Are at War With Us!’ Fox News’ Jesse Watters Denounces ‘All These Rats’ After Charlie Kirk Assassination,"Fox News' Jesse Watters declared, ""They are at war with us!"" after activist Charlie Kirk was assassinated on Wednesday afternoon.
The post ‘They Are at War With Us!’ Fox News’ Jesse Watters Denounces ‘All These Rats’ After Charlie Kirk Assassination first app…",https://www.mediaite.com/media/tv/they-are-at-war-with-us-fox-news-jesse-watters-denounces-all-these-rats-after-charlie-kirk-assassination/,https://www.mediaite.com/wp-content/uploads/2025/09/The-Five-5-10-05-pm-2025-09-10.jpg,2025-09-10T22:00:40Z,Fox News’ Jesse Watters remembered Charlie Kirk — who was shot and killed at an event at Utah Valley University on Wednesday — and denounced violent actors on the Left during a monologue on The Five … [+3253 chars],politics
"{'id': None, 'name': 'CNA'}",,Commentary: Israel's attack in Doha shows Gulf states can't rise against Middle East chaos,"The region’s leaders have been buoyed by the loss of Iranian power. But such victories mask a region that is still very much beset by danger, says this Middle East expert.",https://www.channelnewsasia.com/commentary/israel-attack-hamas-qatar-doha-gulf-states-stability-5341886,"https://dam.mediacorp.sg/image/upload/s--IVGYolkX--/c_crop,h_562,w_1000,x_0,y_0/c_fill,g_auto,h_676,w_1200/fl_relative,g_south_east,l_one-cms:core:watermark:ap_data-1,w_0.1/f_auto,q_auto/v1/one-cms/core/Qatar_Israel_Hamas_69385.jpg?itok=jJac6kz4",2025-09-10T21:58:00Z,"MANAGING A POST-CIVIL WAR SYRIA
In Syria, years of civil war that had exacerbated splits among ethnic and religious groups finally ended in December 2024. Since then, Arab Gulf countries, which once… [+2034 chars]",politics
"{'id': None, 'name': 'Just Jared'}",Just Jared,Politicians React to Tragic Shooting Death of Conservative Commentator Charlie Kirk,"Many politicians have been speaking out after conservative commentator and Turning Point USA leader Charlie Kirk was tragically shot at an event held in Utah on Wednesday (September 10). Hours later, President Donald Trump was one of the first to confirm that…",https://www.justjared.com/2025/09/10/politicians-react-to-tragic-shooting-death-of-conservative-commentator-charlie-kirk/,https://cdn01.justjared.com/wp-content/uploads/headlines/2025/09/politicians-reactions.jpg,2025-09-10T21:53:31Z,"Many politicians have been speaking out after conservative commentator and Turning Point USA leader Charlie Kirk was tragically shot at an event held in Utah on Wednesday (September 10).
Hours later… [+10459 chars]",politics
"{'id': 'the-irish-times', 'name': 'The Irish Times'}",Ronan McGreevy,Leo Varadkar considers a political life at Dublin book launch,"Event for Ireland’s youngest ever taoiseach attended by Mick Wallace and Clare Daly, among other politicians",https://www.irishtimes.com/politics/2025/09/10/leo-varadkar-considers-a-political-life-at-dublin-book-launch/,https://www.irishtimes.com/resizer/v2/TLOBJYRJJJFQ3GBYFNOSH4HLHQ.jpg?smart=true&auth=1e7f9b9a391b5dda7614f31379772b3f6a6f034a1fb2a4c10a5bdc078febdc98&width=1200&height=630,2025-09-10T21:53:06Z,"Former Taoiseach Leo Varadkar has said he hoped the pushback against social progress is just a phase the world is going through. 
Reflecting on his years in politics, he believed it was easy to forg… [+2641 chars]",politics
"{'id': None, 'name': 'Slate Magazine'}",Molly Olmstead,How the Right Is Reacting to Charlie Kirk’s Death,Many were quick to immediately frame Kirk’s death as an indictment of the left.,https://slate.com/news-and-politics/2025/09/charlie-kirk-shot-dead-turning-point-usa-founder-death.html,https://compote.slate.com/images/e3a16685-4131-4402-94d1-e09a98e32e8a.jpeg?crop=1560%2C1040%2Cx0%2Cy0&width=1560,2025-09-10T21:48:15Z,"Sign up for the Slatest to get the most insightful analysis, criticism, and advice out there, delivered to your inbox daily.
Charlie Kirk, one of the most influential media figures on the right, was… [+5389 chars]",politics
"{'id': None, 'name': 'Raw Story'}",Robert Davis,'He was leading people': GOP's Scott Jennings remembers 'influential' Charlie Krik on-air,"GOP strategist Scott Jennings remembered the late conservative activist Charlie Kirk on Wednesday after Kirk was shot dead while speaking at an event on the University of Utah's campus. Kirk was shot in the neck from about 200 yards away, according to CNN. He…",https://www.rawstory.com/charlie-kirk-2673981360/,https://www.rawstory.com/media-library/u-s-right-wing-activist-and-commentator-charlie-kirk-appears-at-a-utah-valley-university-speaking-event-in-orem-utah-u-s-sep.jpg?id=61584924&width=1200&height=600&coordinates=0%2C333%2C0%2C334,2025-09-10T21:45:29Z,"GOP strategist Scott Jennings remembered the late conservative activist Charlie Kirk on Wednesday after Kirk was shot dead while speaking at an event on the University of Utah's campus. 
Kirk was sh… [+1303 chars]",politics
"{'id': None, 'name': 'Japan Today'}",,Court rules Lisa Cook can remain a Fed governor while fighting Trump’s attempt to fire her,"A federal court has ruled that embattled Federal Reserve Gov. Lisa Cook can remain in her position while she fights President Donald Trump’s efforts to fire her. The ruling, which will almost certainly be appealed, is a blow to the Trump administration’s effo…",https://japantoday.com/category/world/court-rules-lisa-cook-can-remain-a-fed-governor-while-fighting-trump%E2%80%99s-attempt-to-fire-her,,2025-09-10T21:44:51Z,"A federal court has ruled that embattled Federal Reserve Gov. Lisa Cook can remain in her position while she fights President Donald Trumps efforts to fire her.
The ruling, which will almost certain… [+5839 chars]",politics
"{'id': None, 'name': 'Japan Today'}",,"3 fired FBI officials sue Patel, saying he bowed to Trump administration's 'campaign of retribution'","Three high-ranking FBI officials were fired last month in a “campaign of retribution” carried out by a director who knew better but caved to political pressure from the Trump administration so he could keep his own position, according to a federal lawsuit fil…",https://japantoday.com/category/world/3-fired-fbi-officials-sue-patel-saying-he-bowed-to-trump-administration%27s-%27campaign-of-retribution%27,,2025-09-10T21:44:18Z,Three high-ranking FBI officials were fired last month in a campaign of retribution carried out by a director who knew better but caved to political pressure from the Trump administration so he could… [+7354 chars],politics
"{'id': None, 'name': 'The Daily Caller'}",Natalie Sandoval,Charlie Kirk Warned Of ‘Assassination Culture’ Months Before His Own Assassination,Charlie Kirk warned of a growing left-wing appetite for violence months before he was shot dead.,https://dailycaller.com/2025/09/10/charlie-kirk-assassination-culture-dead-donald-trump-melissa-hortman/,"https://images.dailycaller.com/image/width=1280,height=549,fit=cover,format=webp,f=auto/https://cdn01.dailycaller.com/wp-content/uploads/2025/09/GettyImages-2156946209-scaled-e1757539373199.jpg",2025-09-10T21:43:09Z,"Charlie Kirk warned of a growing left-wing appetite for violence months before he was shot dead. 
“Assassination culture is spreading on the left,” Kirk posted to X on April 7. “Forty-eight percent … [+2102 chars]",politics
"{'id': None, 'name': 'Snopes.com'}",Nur Ibrahim,Fake video shows Marjorie Taylor Greene putting up poster of Trump's alleged Epstein birthday letter,Authentic footage shows Republican U.S. Rep. Marjorie Taylor Greene putting up a poster of U.S. President Donald Trump’s purported risque birthday message from years prior to convicted sex offender Jeffrey Epstein.,https://www.snopes.com//fact-check/marjorie-taylor-greene-trump-letter-epstein/,https://mediaproxy.snopes.com/width/1200/https://media.snopes.com/2025/09/mtg.jpg,2025-09-10T21:41:00Z,"Claim:
Authentic footage shows Republican U.S. Rep. Marjorie Taylor Greene putting up a poster of U.S. President Donald Trumps purported risque birthday message from years prior to convicted sex off… [+4642 chars]",politics
"{'id': None, 'name': 'Freerepublic.com'}",The Hill,The SPLC Is Biased — and Extraordinarily Wealthy,"The Southern Poverty Law Center is perhaps most notorious for its “hate map,” which not only neglects to track extremist groups on the left, but also lumps mainstream conservative and religious organizations right alongside some of the most reprehensible neo-…",https://freerepublic.com/focus/f-news/4339624/posts,,2025-09-10T21:40:53Z,"Skip to comments.
The SPLC Is Biased and Extraordinarily WealthyThe Hill ^
 | 09/04/25
 | Robert Stilson
Posted on 09/10/2025 2:40:53 PM PDT by nickcarraway
The Southern Poverty Law Center is pe… [+6453 chars]",politics
"{'id': None, 'name': 'Nofilmschool.com'}",Jason Hellerman,The Paul Thomas Anderson Scripts Every Cinephile Should Read,"Few filmmakers explore the American psyche with the same ferocious empathy as Paul Thomas Anderson. His movies always contain a cast of dreamers, hustlers, lost souls, and would-be prophets, all navigating the vast landscapes of California and beyond.Today, I…",https://nofilmschool.com/paul-thomas-anderson-scripts,https://nofilmschool.com/media-library/image.jpg?id=56611083&width=1200&height=600&coordinates=0%2C50%2C0%2C50,2025-09-10T21:40:04Z,"Another one I love is when a villain flips to the good side, or is reframed as a victim, or both. It's a powerful transformation, and the journey of how they get there can be truly compelling. 
The … [+7306 chars]",politics
"{'id': None, 'name': 'Just Jared'}",Just Jared,Etsy Witch Goes Viral Amid Charlie Kirk's Death - Here's Why,"Etsy Witch is a viral term right now amid the death of Charlie Kirk and we’re examining the connection between them. Charlie, a right-wing political activist, was shot and killed on September 10 while speaking at an event in Utah. Keep reading to find out mor…",https://www.justjared.com/2025/09/10/etsy-witch-goes-viral-amid-charlie-kirks-death-heres-why/,https://cdn01.justjared.com/wp-content/uploads/headlines/2025/09/etsy-witch.jpg,2025-09-10T21:39:15Z,"Etsy Witch is a viral term right now amid the death of Charlie Kirk and we’re examining the connection between them.
Charlie, a right-wing political activist, was shot and killed on September 10 whi… [+1562 chars]",politics
"{'id': None, 'name': 'Yahoo Entertainment'}",Yahoo News Staff,"Charlie Kirk shot dead at Utah campus event; investigation ongoing, FBI director says — follow live updates",The Turning Point USA cofounder was speaking in front of a large crowd on the campus of Utah Valley University.,https://www.yahoo.com/news/us/live/charlie-kirk-shot-dead-at-utah-campus-event-investigation-ongoing-fbi-director-says--follow-live-updates-213655717.html,https://s.yimg.com/ny/api/res/1.2/zmQVOphyoGs.OlT0ru.Thw--/YXBwaWQ9aGlnaGxhbmRlcjt3PTEyMDA7aD02MzU7Y2Y9d2VicA--/https://s.yimg.com/os/creatr-uploaded-images/2025-09/9e2d6aa1-8e80-11f0-b9bb-8f0f95d5a3e6,2025-09-10T21:36:55Z,"Charlie Kirk, a popular conservative commentator, was fatally shot while speaking to a large crowd at Utah Valley University in Orem, Utah, on Wednesday. He was 31.
""The Great, and even Legendary, C… [+1818 chars]",politics
"{'id': None, 'name': 'Yahoo Entertainment'}",Yahoo News Staff,Charlie Kirk shot dead at Utah campus event; person of interest is in custody — follow live updates,The Turning Point USA cofounder was speaking in front of a large crowd on the campus of Utah Valley University.,https://www.yahoo.com/news/us/live/charlie-kirk-shot-dead-at-utah-campus-event-person-of-interest-is-in-custody--follow-live-updates-213655536.html,https://s.yimg.com/ny/api/res/1.2/zmQVOphyoGs.OlT0ru.Thw--/YXBwaWQ9aGlnaGxhbmRlcjt3PTEyMDA7aD02MzU7Y2Y9d2VicA--/https://s.yimg.com/os/creatr-uploaded-images/2025-09/9e2d6aa1-8e80-11f0-b9bb-8f0f95d5a3e6,2025-09-10T21:36:55Z,"Charlie Kirk, a popular conservative commentator, was fatally shot while speaking to a large crowd at Utah Valley University in Orem, Utah, on Wednesday. He was 31.
""The Great, and even Legendary, C… [+1583 chars]",politics
"{'id': None, 'name': 'Yahoo Entertainment'}",Yahoo News Staff,"Charlie Kirk shot dead at Utah campus event; investigation still ongoing, FBI director says – follow live updates",The Turning Point USA cofounder was speaking in front of a large crowd on the campus of Utah Valley University.,https://www.yahoo.com/news/us/live/charlie-kirk-shot-dead-at-utah-campus-event-investigation-still-ongoing-fbi-director-says--follow-live-updates-213655722.html,https://s.yimg.com/ny/api/res/1.2/zmQVOphyoGs.OlT0ru.Thw--/YXBwaWQ9aGlnaGxhbmRlcjt3PTEyMDA7aD02MzU7Y2Y9d2VicA--/https://s.yimg.com/os/creatr-uploaded-images/2025-09/9e2d6aa1-8e80-11f0-b9bb-8f0f95d5a3e6,2025-09-10T21:36:55Z,"Charlie Kirk, a popular conservative commentator, was fatally shot while speaking to a large crowd at Utah Valley University in Orem, Utah, on Wednesday. He was 31.
""The Great, and even Legendary, C… [+1861 chars]",politics
"{'id': None, 'name': 'WSB Atlanta'}",The Associated Press,The Latest: Conservative activist Charlie Kirk is fatally shot in Utah and a suspect is on the loose,"Charlie Kirk, a conservative youth activist and CEO of Turning Point USA, has been fatally shot while speaking at an event at Utah Valley University",https://www.wsbtv.com/news/latest-conservative/MQGSX24BWJF3PMQRYD2FO5HQRY/,https://cmg-cmg-tv-10010-prod.cdn.arcpublishing.com/resizer/v2/https%3A%2F%2Fcloudfront-us-east-1.images.arcpublishing.com%2Fcmg%2FVWZOQLTTXR2XU4YNC7AMCOWZNI.jpg?auth=6469b09384130bdeab455a326623c2986b10279b70dcf3b32be72bb464ce1743&width=1200&height=630&smart=true,2025-09-10T21:32:18Z,"Charlie Kirk, the CEO and co-founder of the conservative youth organization Turning Point USA, was fatally shot Wednesday while speaking at an event at a Utah college, officials said.
A person of in… [+21705 chars]",politics
"{'id': None, 'name': 'Nofilmschool.com'}",Jo Light,When the Bad Guys Break: 7 Villains Who Turned Into Victims,"There are a few tropes I really love, and usually they involve great character growth. Think enemies-to-friends or enemies-to-lovers, in which we see two people at such odds that we think they could never resolve their differences. When they do, it's magical.…",https://nofilmschool.com/villain-to-victim-characters,https://nofilmschool.com/media-library/image.jpg?id=61585140&width=1200&height=600&coordinates=0%2C38%2C0%2C39,2025-09-10T21:30:04Z,"There are a few tropes I really love, and usually they involve great character growth. 
Think enemies-to-friends or enemies-to-lovers, in which we see two people at such odds that we think they coul… [+7569 chars]",politics
"{'id': 'breitbart-news', 'name': 'Breitbart News'}","Elizabeth Weibel, Elizabeth Weibel",Trump Confirms Charlie Kirk Death: 'Loved and Admired by All',"President Donald Trump confirmed reports that Turning Point USA founder Charlie Kirk died after being shot at an event at Utah Valley University on Wednesday.
The post Trump Confirms Charlie Kirk Death: ‘Loved and Admired by All’ appeared first on Breitbart.",https://www.breitbart.com/politics/2025/09/10/trump-confirms-charlie-kirk-death-loved-and-admired-by-all/,https://media.breitbart.com/media/2025/09/Truump-and-Charlie-Kirk-640x335.jpeg,2025-09-10T21:29:03Z,"President Donald Trump confirmed reports that Turning Point USA founder Charlie Kirk died after being shot at an event at Utah Valley University on Wednesday.
“The Great, and even Legendary, Charlie… [+681 chars]",politics
"{'id': 'cbs-news', 'name': 'CBS News'}",Melissa  Quinn,Supreme Court lets S.C. transgender student continue using boys' bathroom,South Carolina conditions funding on a school's compliance with a rule prohibiting transgender students from using the facilities that align with their gender identity.,https://www.cbsnews.com/news/supreme-court-transgender-student-south-carolina-can-use-boys-bathroom-school-for-now/,https://assets3.cbsnewsstatic.com/hub/i/r/2025/09/10/1d5e5769-3f5c-46e6-a188-f8005fbde01d/thumbnail/1200x630/e09ac1246c4e5daa0823ef5c2777f8c0/gettyimages-2220822378.jpg,2025-09-10T21:26:34Z,Washington — The Supreme Court on Wednesday gave the green light for a transgender boy to continue using the restroom at his South Carolina school that corresponds with his gender identity while his … [+3874 chars],politics
"{'id': None, 'name': 'New York Post'}",Carl Campanile,Zohran Mamdani refuses to condemn Hasan Piker over ‘America deserved 9/11’ comment: ‘Cowardly’,"The head of the union representing the FDNY's ambulance workers slammed Democratic mayoral nominee Zohran Mamdani for refusing to condemn a statement from lefty influencer Hasan Piker saying ""America deserved 9/11.""",https://nypost.com/2025/09/10/us-news/zohran-mamdani-refuses-to-condemn-hasan-piker-over-america-deserved-9-11-comment-cowardly/,https://nypost.com/wp-content/uploads/sites/2/2025/09/111106790.jpg?quality=75&strip=all&w=1024,2025-09-10T21:17:36Z,Democratic mayoral nominee Zohran Mamdani on Wednesday ducked questions about his links to Hasan Piker — drawing outrage for refusing to condemn the left influencer’s vile statement that “America des… [+3446 chars],politics
"{'id': None, 'name': 'Just Jared'}",Just Jared,Charlie Kirk's Last Social Media Post Was Sent Hours Before Death,"Charlie Kirk posted on Twitter (aka X) just hours before his death. If you did not see the news, the 31-year-old Trump ally and conservative commentator passed away on Wednesday (September 10) after he was shot in the neck while on his The American Comeback T…",https://www.justjared.com/2025/09/10/charlie-kirks-last-social-media-post-was-sent-hours-before-death/,https://cdn01.justjared.com/wp-content/uploads/headlines/2025/09/charlie-kirk-another-eyewitness1.jpg,2025-09-10T21:16:51Z,"Charlie Kirk posted on Twitter (aka X) just hours before his death.
If you did not see the news, the 31-year-old Trump ally and conservative commentator passed away on Wednesday (September 10) after… [+1209 chars]",politics
"{'id': 'cbs-news', 'name': 'CBS News'}","Caitlin  Yilek, Kathryn  Watson","Charlie Kirk, conservative political activist, dies at 31 in shooting",Charlie Kirk died Wednesday after he was shot in the neck while speaking at an event at Utah Valley University.,https://www.cbsnews.com/news/charlie-kirk-dies-shooting-utah/,https://assets3.cbsnewsstatic.com/hub/i/r/2025/09/10/2ff38a64-414d-4cf9-8ceb-02b1dcc9190b/thumbnail/1200x630/6629f4f6f97213633e6c756c19ab9142/gettyimages-2216875659.jpg,2025-09-10T21:08:03Z,"Washington — Charlie Kirk, a right-wing political activist and influential voice for young conservatives in the digital age, died Wednesday after he was shot in the neck at Utah Valley University in … [+3068 chars]",politics
"{'id': None, 'name': 'Yahoo Entertainment'}",COLLIN BINKLEY,"Trump administration cuts grants for minority-serving colleges, declaring them unconstitutional","The Trump administration is ending several grant programs reserved for colleges that have large numbers of minority students, saying they amount to illegal...",https://www.yahoo.com/news/articles/trump-administration-cuts-grants-minority-210713587.html,https://s.yimg.com/ny/api/res/1.2/A0uCxRnCg5lGBg2RQAmgvw--/YXBwaWQ9aGlnaGxhbmRlcjt3PTEyMDA7aD04ODU7Y2Y9d2VicA--/https://media.zenfs.com/en/ap.org/c45ddfa5f60944b9b84f0dde74195eac,2025-09-10T21:07:13Z,"WASHINGTON (AP) The Trump administration is ending several grant programs reserved for colleges that have large numbers of minority students, saying they amount to illegal discrimination by tying fed… [+4255 chars]",politics
"{'id': None, 'name': 'International Business Times'}",AFP News,Right-wing Trump Ally Charlie Kirk Shot Dead At US University,"Right-wing youth activist and influencer Charlie Kirk, a major ally of President Donald Trump, was shot dead Wednesday in an apparent assassination that sparked fears of more political violence in an increasingly febrile United States.",https://www.ibtimes.com/right-wing-trump-ally-charlie-kirk-shot-dead-us-university-3783043,https://d.ibtimes.com/en/full/4620760/influential-us-right-wing-youth-organizer-charlie-kirk-has-been-shot-wounded-according-multiple.jpg,2025-09-10T21:06:22Z,"Right-wing youth activist and influencer Charlie Kirk, a major ally of President Donald Trump, was shot dead Wednesday in an apparent assassination that sparked fears of more political violence in an… [+3666 chars]",politics
"{'id': None, 'name': 'Kotaku'}",Claire Jackson,Upcoming BioShock Movie Adaptation Is Based On The First Game,"Get ready to descend to the doomed depths of one of gaming’s most notorious settings all over again
The post Upcoming BioShock Movie Adaptation Is Based On The First Game appeared first on Kotaku.",https://kotaku.com/bioshock-movie-netflix-adaptation-rapture-hunger-games-2000624794,https://kotaku.com/app/uploads/2025/09/biodaddy-1200x675.jpg,2025-09-10T21:05:42Z,"Now that the film and TV industries have finally cracked the code to making decent, sometimes great, live-action adaptations of video games, theres actually good reason to pay attention to the develo… [+1583 chars]",politics
"{'id': 'the-times-of-india', 'name': 'The Times of India'}",Manu Kaushik,"Charlie Kirk, Trump ally and Turning Point USA founder, shot dead, Trump and Vance pay condolences; Know his networth and assets","Charlie Kirk, founder of Turning Point USA, tragically died at 31 after being shot at a speaking event at Utah Valley University. The incident occurred during his ""Prove Me Wrong"" tour, prompting an FBI and ATF investigation. Kirk's death has elicited condole…",https://economictimes.indiatimes.com/news/international/us/charlie-kirk-trump-ally-and-turning-point-usa-founder-shot-dead-trump-and-vance-pay-condolences-know-his-networth-and-assets/articleshow/123816719.cms,"https://img.etimg.com/thumb/msid-123816717,width-1200,height-630,imgsize-97976,overlay-economictimes/articleshow.jpg",2025-09-10T21:05:30Z,"Charlie Kirk, founder of Turning Point USA, tragically died at 31 after being shot at a speaking event at Utah Valley University. The incident occurred during his ""Prove Me Wrong"" tour, prompting an … [+179 chars]",politics
"{'id': None, 'name': 'HuffPost'}",Curtis M. Wong,"Oliver North And Fawn Hall, Key Players In The Iran-Contra Scandal, Are Married","In response to questions about the union, North reportedly dropped a famous line from a classic 1939 film.",https://www.huffpost.com/entry/oliver-north-fawn-hall-iran-contra-scandal-married_n_68c1b789e4b0f2df4e0569ca,https://media.zenfs.com/en/the_huffington_post_584/794b199e0058393f768b6e2bf37a61cd,2025-09-10T21:04:57Z,"Oliver North and Fawn Hall, two central figures in the Iran-Contra firearms scandal in the 1980s, were quietly married last month.
Journalist Michael Isikoff broke news of the Aug. 27 wedding on his… [+2985 chars]",politics
"{'id': None, 'name': 'LADbible'}",Brenna Cooper,Charlie Kirk dies aged 31 following shooting at university event,Conservative activist Charlie Kirk has died aged 31 after shooting at an an event hosted by Utah Valley University earlier today (10 September).,https://www.ladbible.com/news/us-news/charlie-kirk-shooting-death-confirmed-909397-20250910,https://images.ladbible.com/ogimage/v3/assets/bltcd74acc1d0a99f3a/bltace9c8fad64e4346/68c1e70b5bcfb6080d2f0c8d/charlie-kirk.jpg,2025-09-10T21:04:40Z,"Conservative activist Charlie Kirk has died aged 31 after shooting at an an event hosted by Utah Valley University. 
Police in Utah confirmed the shooting had taken place at around 12:20pm local tim… [+906 chars]",politics
"{'id': None, 'name': 'Sky.com'}",Tim Baker,MPs want Mandelson in UK to answer their questions on Epstein - but can't force him,"Lord Mandelson is a member of the House of Lords, and so MPs are unable to force him to appear before them. They want to know more about his links to paedophile Jeffrey Epstein.",https://news.sky.com/story/mps-want-mandelson-in-uk-to-answer-their-questions-on-epstein-but-cant-force-him-13428458,https://e3.365dm.com/25/09/1600x900/skynews-lord-mandelson-house-of-lords_7016562.jpg?20250910221024,2025-09-10T21:04:00Z,"MPs are demanding Peter Mandelson appears on British soil to give evidence on his relationship with paedophile Jeffrey Epstein.
But there is frustration within parliament at Lord Mandelson's ability… [+4442 chars]",politics
"{'id': None, 'name': 'Mediaite'}",Alex Griffing,"‘Beyond, Beyond Devastating’: Charlie Kirk’s Network Confirms His Passing On Air","""This is beyond, beyond devastating, Eric. I've known Charlie, as I said, since he was a child, running around, coming to conservative events,"" added a tearful Gina Loudon.
The post ‘Beyond, Beyond Devastating’: Charlie Kirk’s Network Confirms His Passing On …",https://www.mediaite.com/media/tv/beyond-beyond-devastating-charlie-kirks-network-confirms-his-passing-on-air/,https://www.mediaite.com/wp-content/uploads/2025/09/kirk-2.jpg,2025-09-10T21:03:31Z,"Real America’s Voice confirmed the death of Charlie Kirk on Wednesday, following his being shot in the neck while hosting an event on Utah Valley States campus.
Eric Bolling reported the news live o… [+1623 chars]",politics
"{'id': None, 'name': 'Teen Vogue'}",Brittney McNamara,"Charlie Kirk, Far-Right Political Activist, Dead After Shooting at Utah College Event","Charlie Kirk, the co-founder of Turning Point USA, was shot dead during a speaking event at a Utah college.",https://www.teenvogue.com/story/charlie-kirk-dead-after-shooting-at-utah-college-event,"https://assets.teenvogue.com/photos/68c1e6756425c24c02cfb967/16:9/w_1280,c_limit/GettyImages-2180004475.jpg",2025-09-10T21:01:01Z,"Far-right political activist Charlie Kirk was shot dead on September 10 while speaking at Utah Valley University. Kirk, the CEO and co-founder of Turning Point USA, was 31.
Kirk was speaking in fron… [+578 chars]",politics
"{'id': None, 'name': 'New York Post'}",Post Editorial Board,"Explaining away Iryna’s murder, Charlotte exposes Wikipedia bias and other commentary","This “terrible and senseless murder” reveals “how divided the US is,” with opposing factions living in “separate realities” fed by different “news ecosystems.”",https://nypost.com/2025/09/10/opinion/explaining-away-irynas-murder-charlotte-exposes-wikipedia-bias-and-other-commentary/,https://nypost.com/wp-content/uploads/sites/2/2025/09/screengrab-made-video-provided-charlotte-110995888_f51a71.jpg?quality=75&strip=all&w=1024,2025-09-10T21:00:40Z,"The shocking murder of Iryna Zarutska has shocked social-media users but only, it seems, those on the right, observes Spikeds Jenny Holland. Black, homeless and mentally ill, the killer counts as one… [+3769 chars]",politics
"{'id': 'abc-news-au', 'name': 'ABC News (AU)'}",Joshua Boscaini,Live: Nampijinpa Price vows to speak up from backbench after sacking,Liberal senator Jacinta Nampijinpa Price has vowed to speak up from the backbench after being dumped from the shadow ministry yesterday. Follow live.,https://www.abc.net.au/news/2025-09-11/federal-politics-live-september-11/105759138,https://live-production.wcms.abc-cdn.net.au/c4b40e2ee4a82f78bfbd267ea275a781?impolicy=wcms_watermark_news&cropH=2813&cropW=5000&xPos=0&yPos=21&width=862&height=485&imformat=generic,2025-09-10T20:58:32Z,"Hello, and welcome to our federal politics live blog! It's nice to have you here.
I'm Josh Boscaini, joining you live from Parliament House in Canberra, here to bring you all of today's federal poli… [+651 chars]",politics
"{'id': None, 'name': 'Boston Herald'}",Associated Press,"Charlie Kirk, who helped build support for Trump among young people, dies after campus shooting","Kirk rose from a teenage conservative campus activist to a top podcaster, culture warrior and ally of President Donald Trump.",https://www.bostonherald.com/2025/09/10/charlie-kirk-obituary/,https://www.bostonherald.com/wp-content/uploads/2025/09/Charlie_Kirk_Shot_68612-1.jpg?w=1024&h=682,2025-09-10T20:57:44Z,"By NICHOLAS RICCARDI and ALI SWENSON, Associated Press
Charlie Kirk, who rose from a teenage conservative campus activist to a top podcaster, culture warrior and ally of President Donald Trump, was … [+5404 chars]",politics
"{'id': None, 'name': 'The Denver Post'}",The Associated Press,"Charlie Kirk, who helped build support for Trump among young people, dies after campus shooting","Kirk rose from a teenage conservative campus activist to a top podcaster, culture warrior and ally of President Donald Trump.",https://www.denverpost.com/2025/09/10/charlie-kirk-obituary/,https://www.denverpost.com/wp-content/uploads/2025/09/Charlie_Kirk_Shot_68612-1.jpg?w=1024&h=682,2025-09-10T20:57:44Z,"By NICHOLAS RICCARDI and ALI SWENSON, Associated Press
Charlie Kirk, who rose from a teenage conservative campus activist to a top podcaster, culture warrior and ally of President Donald Trump, was … [+5404 chars]",politics
"{'id': None, 'name': 'Freerepublic.com'}",The Hollywood Reporter,"Charlie Kirk, Conservative Leader of Turning Point USA, Killed by Assassin’s Bullet at 31","The political star was shot in the neck on Wednesday while speaking at Utah Valley University.Charlie Kirk, the MAGA activist who built a small conservative student group into America First — one of the most influential forces in Republican politic — died Wed…",https://freerepublic.com/focus/f-news/4339619/posts,,2025-09-10T20:53:28Z,"Skip to comments.
Charlie Kirk, Conservative Leader of Turning Point USA, Killed by Assassins Bullet at 31The Hollywood Reporter ^
 | 9/10
 | Seth Abramovitch
Posted on 09/10/2025 1:53:28 PM PDT … [+6708 chars]",politics
"{'id': None, 'name': 'Mediaite'}",Colby Hall,MSNBC Failed the Moment After Charlie Kirk’s Assassination,"The assassination of Charlie Kirk was a moment for mourning, not politics. CNN and Fox showed restraint. MSNBC revealed how reflexively partisan it has become.
The post MSNBC Failed the Moment After Charlie Kirk’s Assassination first appeared on Mediaite.",https://www.mediaite.com/opinion/msnbc-failed-the-moment-after-charlie-kirks-assassination/,https://www.mediaite.com/wp-content/uploads/2025/09/Katy-Tur-Reports-2-57-48-pm-2025-09-10.jpg,2025-09-10T20:51:21Z,"The assassination of Charlie Kirk is a tragedy that should transcend politics. Kirk was polarizing, no question a brash conservative influencer who relished provocation. But his killing is never a po… [+2653 chars]",politics
"{'id': 'fox-news', 'name': 'Fox News'}",,"Self-representation ‘almost always a mistake,’ expert warns as Trump trial begins","Ryan Routh's decision to defend himself in Trump golf course assassination attempt case creates unusual courtroom dynamics where judge ""must protect defendant from himself.""",https://www.foxnews.com/politics/self-representation-almost-always-mistake-expert-warns-trump-trial-begins,https://static.foxnews.com/foxnews.com/content/uploads/2025/09/ryan-routh-day-1-v2.jpg,2025-09-10T20:48:38Z,"Ryan Routh accused of attempting to assassinate President Donald Trump when he was a major candidate in the 2024 election at his Florida golf club last year has chosen to represent himself in court, … [+3576 chars]",politics
"{'id': None, 'name': 'Hollywood Reporter'}",Seth Abramovitch,Charlie Kirk Dead: Leader of Turning Point USA Shot at 31,The political star was shot in the neck on Wednesday while speaking at Utah Valley University.,http://www.hollywoodreporter.com/news/politics-news/charlie-kirk-dead-conservative-leader-turning-point-usa-1236367580/,https://www.hollywoodreporter.com/wp-content/uploads/2025/09/Charlie-Kirk-Obit-Template-Headshot-Getty-H-2025.jpg?w=1296&h=730&crop=1,2025-09-10T20:48:19Z,"Charlie Kirk, the MAGA activist who built a small conservative student group into America First — one of the most influential forces in Republican politics — died Wednesday in Utah County, Utah, on t… [+3416 chars]",politics
"{'id': None, 'name': 'Forbes'}","Zachary Folk, Forbes Staff, 
 Zachary Folk, Forbes Staff
 https://www.forbes.com/sites/zacharyfolk/","Charlie Kirk Dead After Shooting At Utah College Event, Trump Says (Live Updates)","Kirk died after being shot Wednesday afternoon, President Donald Trump said.",https://www.forbes.com/sites/zacharyfolk/2025/09/10/charlie-kirk-dead-after-shooting-at-utah-college-event-trump-says-live-updates/,https://imageio.forbes.com/specials-images/imageserve/68c1cd00c1aa69168586a3b6/0x0.jpg?format=jpg&height=900&width=1600&fit=bounds,2025-09-10T20:47:55Z,"Conservative activist and Turning Point USA founder Charlie Kirk has died after being shot at an event at Utah Valley University on Wednesday, President Donald Trump said in a Truth Social post.
Cha… [+3757 chars]",politics
"{'id': None, 'name': 'The Atlantic'}",David Frum,Trump’s Military Rule,Rosa Brooks on Trump’s National Guard deployment and using troops to police American streets. Plus: how Trump’s foreign policy is weakening America’s alliances and reputation.,https://www.theatlantic.com/podcasts/archive/2025/09/david-frum-show-national-guard-washington-dc-rosa-brooks/684164/,https://cdn.theatlantic.com/thumbor/qgdq65otlyOc39b_YtTF2yE5CE8=/2x13:1279x678/1200x625/media/img/mt/2025/09/2025_9_9_The_David_Frum_Show_EP23_Promo_1280x720/original.jpg,2025-09-10T20:47:00Z,"Subscribe here: Apple Podcasts | Spotify | YouTube | Pocket CastsOn this episode of The David Frum Show, The Atlantic’s David Frum examines how President Donald Trump’s foreign-policy decisions are u… [+62565 chars]",politics
"{'id': None, 'name': 'Advocate.com'}",Christopher Wiggins,BREAKING: Right-wing firebrand Charlie Kirk dead after shooting at university in Utah,"Charlie Kirk, the far-right, anti-LGBTQ+ commentator who founded Turning Point USA and became a defining figure of the American right’s youth movement, died Wednesday after being shot during a campus event at Utah Valley University in Orem, President Donald T…",https://www.advocate.com/news/charlie-kirk-dead-utah-shooting,https://www.advocate.com/media-library/turning-point-usa-co-founder-charlie-kirk.jpg?id=61584849&width=1200&height=600&coordinates=0%2C39%2C0%2C39,2025-09-10T20:44:33Z,"Charlie Kirk, the far-right, anti-LGBTQ+ commentator who founded Turning Point USA and became a defining figure of the American rights youth movement, died Wednesday after being shot during a campus … [+2863 chars]",politics
"{'id': None, 'name': 'Variety'}",Ethan Shanfeld,Charlie Kirk Dies at 31 After Being Shot at Campus Appearance,"Charlie Kirk, the conservative activist and Turning Point USA co-founder who helped mobilize the youth vote for Donald Trump, has died Wednesday after being shot during a college event in Utah, Trump announced on Truth Social. He was 31. “The Great, and even …",https://variety.com/2025/politics/news/charlie-kirk-dead-shot-1236514498/,https://variety.com/wp-content/uploads/2025/09/GettyImages-2216875659-e1757531590484.jpg?crop=0px%2C41px%2C3510px%2C1975px&resize=1000%2C563,2025-09-10T20:44:27Z,"Charlie Kirk, the conservative activist and Turning Point USA co-founder who helped mobilize the youth vote for Donald Trump, has died Wednesday after being shot during a college event in Utah, Trump… [+3206 chars]",politics
"{'id': 'cnn', 'name': 'CNN'}",Eric Bradner,"Charlie Kirk, a prominent conservative activist and Trump ally, dies after shooting at Utah campus event | CNN Politics","Charlie Kirk, the conservative political activist and co-founder of Turning Point USA, was killed Wednesday after being shot at an event at Utah Valley University, President Donald Trump wrote on Truth Social. He was 31.",https://www.cnn.com/2025/09/10/politics/charlie-kirk-obituary,"https://media.cnn.com/api/v1/images/stellar/prod/ap25253691172676.jpg?c=16x9&q=w_800,c_fill",2025-09-10T20:43:47Z,"Charlie Kirk, a conservative political activist and co-founder of Turning Point USA, was killed Wednesday after being shot at an event at Utah Valley University, President Donald Trump wrote on his T… [+3381 chars]",politics
"{'id': None, 'name': 'TMZ'}",TMZ Staff,"Charlie Kirk Dead at 31, Trump Announces","Charlie Kirk -- the controversial conservative commentator -- has died after being shot in the neck on a college campus, Donald Trump announced on social media. POTUS made the announcement on his site Truth Social Wednesday afternoon, claiming Kirk…
 Permalink",https://www.tmz.com/2025/09/10/charlie-kirk-dead/,https://imagez.tmz.com/image/87/16by9/2025/09/10/87fe00cc2ea041f7a52e3391fb8371eb_xl.jpg,2025-09-10T20:43:37Z,"Charlie Kirk -- the controversial conservative commentator -- has died after being shot in the neck on a college campus, Donald Trump announced on social media.
POTUS made the announcement on his si… [+1919 chars]",politics
"{'id': None, 'name': 'Biztoc.com'}",bloomberg.com,UK Rejects Proposals to Block Out Sun to Curb Climate Change,,https://biztoc.com/x/f95de0a04f936480,https://biztoc.com/cdn/f95de0a04f936480_s.webp,2025-09-10T23:23:14Z,"{ window.open(this.href, '_blank'); }, 200); return false;""&gt;Why is Oracle's stock surging amid AI boom? { window.open(this.href, '_blank'); }, 200); return false;""&gt;What caused the largest job r… [+743 chars]",climate
"{'id': None, 'name': 'Bringatrailer.com'}",bringatrailer,39k-Mile 2013 Mercedes-Benz SL63 AMG P30 Performance Package,"This 2013 Mercedes-Benz SL63 AMG has 39k miles following registration history in Virginia, Alabama, and Georgia. It is finished in Steel Gray Metallic over beige Nappa leather and is powered by a twin-turbocharged 5.5-liter V8 paired with a seven-speed automa…",https://bringatrailer.com/listing/2013-mercedes-benz-sl63-amg-97/,https://bringatrailer.com/wp-content/uploads/2025/09/2013_mercedes-benz_sl63-amg_2013-mercedes-benz-sl63-amg-10-12383.jpg,2025-09-10T23:20:39Z,"This 2013 Mercedes-Benz SL63 AMG has 39k miles following registration history in Virginia, Alabama, and Georgia. It is finished in Steel Gray Metallic over beige Nappa leather and is powered by a twi… [+2642 chars]",climate
"{'id': 'abc-news-au', 'name': 'ABC News (AU)'}",ABC News,"King Charles hosts SA premier, who 'would love' royal visit at climate summit","SA Premier Peter Malinauskas meets with the sovereign on an official visit to the United Kingdom, during which he also signs an agreement with nuclear reactor manufacturer Rolls-Royce regarding the AUKUS submarine agreement.",https://www.abc.net.au/news/2025-09-11/king-charles-hosts-meeting-with-sa-premier-peter-malinauskas/105760222,https://live-production.wcms.abc-cdn.net.au/bf853b5a27280ff6aa347429b1a309fc?impolicy=wcms_watermark_news&cropH=2813&cropW=5000&xPos=0&yPos=260&width=862&height=485&imformat=generic,2025-09-10T23:07:30Z,"South Australian Premier Peter Malinauskas says he would ""love"" King Charles to travel to Adelaide for the COP31 climate change summit in the event of Australia securing hosting rights.
Mr Malinausk… [+3271 chars]",climate
"{'id': None, 'name': 'The-independent.com'}",Caitlin Hornik,Charlie Kirk’s wife Erika posted psalm about ‘help in trouble’ hours before his fatal shooting,Charlie Kirk was shot and killed Wednesday during an appearance at a college campus,https://www.the-independent.com/arts-entertainment/tv/news/charlie-kirk-dead-shooting-wife-b2824258.html,https://static.the-independent.com/2025/09/10/22/20/MixCollage-10-Sep-2025-05-59-PM-4883.jpg?width=1200&height=800&crop=1200:800,2025-09-10T23:05:20Z,"Your support helps us to tell the story
From reproductive rights to climate change to Big Tech, The Independent is on the ground when the story is developing. Whether it's investigating the financia… [+3355 chars]",climate
"{'id': 'the-irish-times', 'name': 'The Irish Times'}",Ciarán Hancock,Nephin Energy agrees deal with Flogas to sell renewable gas at new Mayo plant,Construction begins on €50m biomethane plant in Ballinrobe which is slated to open in 2027,https://www.irishtimes.com/business/2025/09/11/nephin-energy-agrees-deal-with-flogas-to-sell-renewable-gas-at-new-mayo-plant/,https://www.irishtimes.com/resizer/v2/C445PTMASJHL3EIT427OMCJPNA.JPG?smart=true&auth=5099c09af1eda42ae248c14751ebf28d6945d87ad13c8e9bfc83153c0d96d5e6&width=1200&height=630,2025-09-10T23:01:00Z,"Nephin Energy has signed a deal with Flogas, a subsidiary of listed company DCC, to supply all of the renewable gas generated by a new 50 million biomethane plant, located near Ballinrobe in Co Mayo,… [+2353 chars]",climate
"{'id': None, 'name': 'Bringatrailer.com'}",bringatrailer,2005 Mercedes-Benz CLK320 Cabriolet at No Reserve,"This 2005 Mercedes-Benz CLK320 cabriolet is finished in Alabaster White over gray Nappa leather upholstery and is powered by a 3.2-liter V6 paired with a five-speed automatic transmission. Features include a power-operated black soft top, 17"" five-spoke wheel…",https://bringatrailer.com/listing/2005-mercedes-benz-clk320-cabriolet-14/,https://bringatrailer.com/wp-content/uploads/2025/08/2005_mercedes-benz_clk320-cabriolet_2005_mercedes-benz_clk320-cabriolet_59a1cb97-d3ea-4c88-826b-eaf37825fe7a-BckRlL-21776-21778-scaled.jpg,2025-09-10T22:50:10Z,This 2005 Mercedes-Benz CLK320 cabriolet is finished in Alabaster White over gray Nappa leather upholstery and is powered by a 3.2-liter V6 paired with a five-speed automatic transmission. Features i… [+2179 chars],climate
"{'id': None, 'name': 'Bringatrailer.com'}",bringatrailer,44k-Mile 2006 Land Rover Range Rover HSE at No Reserve,"This 2006 Land Rover Range Rover HSE has 44k miles following history in California, Washington, Idaho, and Florida. The truck is powered by a 4.4-liter AJ V8 that drives all four wheels through a six-speed automatic transmission and a dual-range transfer case…",https://bringatrailer.com/listing/2006-land-rover-range-rover-47/,https://bringatrailer.com/wp-content/uploads/2025/08/2006_land-rover_range-rover_img_1387-99472.jpeg,2025-09-10T22:45:05Z,"This 2006 Land Rover Range Rover HSE has 44k miles following history in California, Washington, Idaho, and Florida. The truck is powered by a 4.4-liter AJ V8 that drives all four wheels through a six… [+2443 chars]",climate
"{'id': 'the-times-of-india', 'name': 'The Times of India'}",Naseer Ganai,"Wangchuk launches hunger strike for Ladakh's Sixth Schedule status, statehood",SRINAGAR: Climate activist Sonam Wangchuk began Wednesday a 35-day hunger strike to press for Sixth Schedule status and statehood for the Union territ.,https://timesofindia.indiatimes.com/city/srinagar/wangchuk-launches-hunger-strike-for-ladakhs-sixth-schedule-status-statehood/articleshow/123817409.cms,"https://static.toiimg.com/thumb/msid-123818510,width-1070,height-580,imgsize-85318,resizemode-75,overlay-toi_sw,pt-32,y_pad-40/photo.jpg",2025-09-10T22:18:40Z,Elegant ethnic looks of Sai Pallavi,climate
"{'id': 'rt', 'name': 'RT'}",RT,Democrats condemn ‘political violence’ after Charlie Kirk’s murder,Democrats have lined up to denounce “political” and “gun violence” in the wake of the killing of conservative activist Charlie Kirk Read Full Article at RT.com,https://www.rt.com/news/624443-kirk-murder-democrats-republicans-reaction/,https://mf.b37mrtl.ru/files/2025.09/article/68c1f76e20302701c853b811.jpg,2025-09-10T22:13:16Z,"Democrats have lined up to denounce “political” and “gun violence” in the wake of the killing of conservative activist Charlie Kirk, while Republicans have remembered him as a patriot and demanded sw… [+2316 chars]",climate
"{'id': None, 'name': 'Anchorage Daily News'}",Josh Reed,Alaska's Isaac Updike is ready for his return to the World Track and Field Championships,"Sep. 10—Isaac Updike of Ketchikan feels ready to compete against the best from around the globe at the 2025 World Track and Field Championships. The 33-year-old 3,000-meter steeplechase runner will be participating in the eight-day event taking place in Tokyo…",https://www.adn.com/sports/2025/09/10/alaskas-isaac-updike-is-ready-for-his-return-to-the-world-track-and-field-championships/,https://www.adn.com/resizer/v2/GK7M2URZBSPQFO2N3JI7PDP44U.jpg?smart=true&auth=65c47341a63ccc5c120e452b1916b523336728c4c254d8f4a35e2a09d76b6e7c&width=1200&height=630,2025-09-10T22:07:00Z,"Matthew Wilkinson fist bumps Isaac Updike as they cross the finish line in the first heat of the first round of the men's 3,000-meter steeplechase at the U.S. Championships athletics meet in Eugene, … [+7001 chars]",climate
"{'id': None, 'name': 'Bringatrailer.com'}",bringatrailer,2017 Porsche Macan S at No Reserve,"This 2017 Porsche Macan S was specified in Night Blue Metallic over Luxor Beige leather, and it is powered by a turbocharged 3.0-liter V6 that sends power to all four wheels through a seven-speed PDK dual-clutch automatic transaxle. Equipment includes a sunro…",https://bringatrailer.com/listing/2017-porsche-macan-s-21/,https://bringatrailer.com/wp-content/uploads/2025/09/2017_porsche_macan-s_ski5061-41720.jpeg,2025-09-10T22:00:16Z,"This 2017 Porsche Macan S was specified in Night Blue Metallic over Luxor Beige leather, and it is powered by a turbocharged 3.0-liter V6 that sends power to all four wheels through a seven-speed PDK… [+2044 chars]",climate
"{'id': None, 'name': 'BBC News'}",,Trump to visit late Queen's tomb during UK state visit,The US president's second state visit to the UK is an unprecedented gesture towards a US leader.,https://www.bbc.com/news/articles/cjedxl0qxyjo,https://ichef.bbci.co.uk/news/1024/branded_news/fe2c/live/8ac82620-8e86-11f0-80dc-f7c99ab3dfdc.jpg,2025-09-10T22:00:07Z,"US President Donald Trump will visit the tomb of the late Queen Elizabeth II at Windsor Castle next week and lay a wreath as part of his second state visit to the UK.
He is due to meet King Charles … [+2439 chars]",climate
"{'id': None, 'name': 'Bringatrailer.com'}",bringatrailer,45k-Mile 1995 Mercedes-Benz E320 Cabriolet at No Reserve,This 1995 Mercedes-Benz E320 cabriolet shows registration history primarily in Arizona and was acquired by the selling dealer in 2025. The car shows 45k miles and is powered by a 3.2-liter M104 inline-six paired with a four-speed automatic transmission. Finis…,https://bringatrailer.com/listing/1995-mercedes-benz-e320-cabriolet-255-2/,https://bringatrailer.com/wp-content/uploads/2025/09/1995_mercedes-benz_e320-cabriolet_p1125867-26401-scaled-7doe2a_bab647-63687.jpg,2025-09-10T21:55:07Z,This 1995 Mercedes-Benz E320 cabriolet shows registration history primarily in Arizona and was acquired by the selling dealer in 2025. The car shows 45k miles and is powered by a 3.2-liter M104 inlin… [+1822 chars],climate
"{'id': None, 'name': 'Biztoc.com'}",bloomberg.com,Energy Secretary Disbands Group Behind Contrarian Climate Report,,https://biztoc.com/x/4b6d49abffe61dd9,https://biztoc.com/cdn/4b6d49abffe61dd9_s.webp,2025-09-10T21:53:30Z,"{ window.open(this.href, '_blank'); }, 200); return false;""&gt;Why is Oracle's stock surging amid AI boom? { window.open(this.href, '_blank'); }, 200); return false;""&gt;What caused the largest job r… [+747 chars]",climate
"{'id': None, 'name': 'ComingSoon.net'}",Maggie Dela Paz,FX’s Hit TV Sitcom With Near-Perfect Rating Gets Season 2 Trailer,"FX has shared the official trailer for English Teacher Season 2, over a year after the acclaimed comedy series debuted. The first installment currently holds a Certified Fresh score of 98% on Rotten Tomatoes, based on 44 reviews. “The show follows Evan Marque…",https://www.comingsoon.net/tv/trailers/2025863-fx-hit-tv-sitcom-near-perfect-rating-gets-season-2-trailer,"https://www.comingsoon.net/wp-content/uploads/sites/3/2025/09/Screenshot-2025-09-10-165510.png?resize=1200,630",2025-09-10T21:39:52Z,"FX has shared the official trailer for English Teacher Season 2, over a year after the acclaimed comedy series debuted. The first installment currently holds a Certified Fresh score of 98% on Rotten … [+1503 chars]",climate
"{'id': None, 'name': 'Japan Today'}",,Study links more frequent and severe heat waves to pollution from major fossil fuel producers,"Fifty-five heat waves over the past quarter-century would not have happened without human-caused climate change, according to a study published Wednesday. Planet-warming emissions from 180 major cement, oil and gas producers contributed significantly to all o…",https://japantoday.com/category/features/environment/study-links-more-frequent-and-severe-heat-waves-to-pollution-from-major-fossil-fuel-producers,,2025-09-10T21:39:46Z,"Fifty-five heat waves over the past quarter-century would not have happened without human-caused climate change, according to a study published Wednesday.
Planet-warming emissions from 180 major cem… [+3859 chars]",climate
"{'id': None, 'name': 'Collider.com'}",Hannah Hunt,Natalie Portman Reveals Her All-Time Favorite Studio Ghibli Movie and Teases Her Next Two Films [Exclusive],"Natalie Portman and  Ugo Bienvenu discuss their optimistic sci-fi future, their favorite Miyazaki movie, and Portman's The Gallerist and Good Sex.",https://collider.com/natalie-portman-arco-spirited-away-the-gallerist-cathy-yan/,https://static0.colliderimages.com/wordpress/wp-content/uploads/2025/09/tiff-arco-1.jpg?w=1200&h=675&fit=crop,2025-09-10T21:33:15Z,"Summary
<ul><li>
 Producer Natalie Portman and Director Ugo Bienvenu bring Arco to TIFF 2025 with a hopeful spin on sci-fi.
 </li><li>
 Collider's Steve Weintraub discusses the animated film with… [+14195 chars]",climate
"{'id': None, 'name': 'Antaranews.com'}",Primayanti,Balanced food prices key to farmer and consumer welfare: Dy Minister,Deputy Agriculture Minister Sudaryono emphasized the importance of maintaining balanced food prices to ensure that farmers and livestock breeders earn fair ...,https://en.antaranews.com/news/379249/balanced-food-prices-key-to-farmer-and-consumer-welfare-dy-minister,https://cdn.antaranews.com/cache/1200x800/2025/09/11/3ACB1DD6-EC53-42B7-95B4-7F6BDEF5AB06.jpeg,2025-09-10T21:32:40Z,Jakarta (ANTARA) - Deputy Agriculture Minister Sudaryono emphasized the importance of maintaining balanced food prices to ensure that farmers and livestock breeders earn fair profits while consumers … [+2698 chars],climate
"{'id': None, 'name': 'Biztoc.com'}",reuters.com,"US biofuel plan would reallocate half or less of waived blending quotas, sources say",,https://biztoc.com/x/f76d096d31c8c997,https://biztoc.com/cdn/950/og.png,2025-09-10T21:30:55Z,"{ window.open(this.href, '_blank'); }, 200); return false;""&gt;Why did Oracle's stock surge today? { window.open(this.href, '_blank'); }, 200); return false;""&gt;How did wholesale inflation impact Wa… [+755 chars]",climate
"{'id': None, 'name': 'Observer'}","Rick Alexander, Rick Alexander",The Cost of Limiting Shareholder Voice: How New Restrictions Threaten Economic Growth,"Rick Alexander, founder of The Shareholder Commons, examines recent SEC interpretations and regulatory changes that limit shareholder proposals on human rights, environmental and social issues. Alexander argues that preserving shareholder voice is not merely …",https://observer.com/2025/09/limiting-shareholder-proposals-economic-impact/,https://observer.com/wp-content/uploads/sites/2/2025/09/getty-images-p802QorqZ-g-unsplash-e1757534600153.jpg?quality=80,2025-09-10T21:30:15Z,"Restricting shareholder proposals undermines the checks and balances that protect markets, innovation and social responsibility. Unsplash+
Illegal child marriages. Coerced sterilization. Debt bondag… [+7568 chars]",climate
"{'id': None, 'name': 'Borderlandbeat.com'}",Socalj,"The Year Long Sinaloa Cartel Internal War Has Left Over 1,850 Dead","""Socalj"" for Borderland Beat From an Infobae Article September 9, 2024 marked the beginning of an internal war in the Sinaloa Cartel that, a...",https://www.borderlandbeat.com/2025/09/the-year-long-sinaloa-cartel-internal.html,https://blogger.googleusercontent.com/img/b/R29vZ2xl/AVvXsEiYHT8kfV-9c0fjxs6r_8NHZT1RAhtkXnjtv9hwG9XR5pmSDu_Ekm-CMGdamFqI2N-4B-2tP8_lneJusPJFAXUccikOzLENHLbZ4V-hsMtfAL8tIk51O2zemJYBsY05P5VsOp0V4wcefkA1i_G8y-a0u5RJyMZSdN071iLDN78gv500QMLXrbUy73ie4Qq-/w1200-h630-p-k-no-nu/LZHPTL2EVNFPDKRGET4EPLPL2Q.jpg,2025-09-10T21:29:00Z,"""Socalj"" for Borderland BeatFrom an Infobae Article<table><tr><td></td></tr><tr><td></td></tr>
</table>September 9, 2024 marked the beginning of an internal war in the Sinaloa Cartel that, after a y… [+3789 chars]",climate
"{'id': None, 'name': 'Slate Magazine'}",Mark Joseph Stern,John Roberts Just Rewarded Donald Trump for a Blatant Violation of Law. Again.,This showdown at SCOTUS marks the administration’s latest effort to seize authority it does not have.,https://slate.com/news-and-politics/2025/09/john-roberts-rewards-trump-scotus-law-breaking.html,https://compote.slate.com/images/44adbce4-5f65-40d9-bdbd-c131de15d4e3.jpeg?crop=5791%2C3861%2Cx0%2Cy0&width=1560,2025-09-10T21:21:45Z,"Sign up for the Slatest to get the most insightful analysis, criticism, and advice out there, delivered to your inbox daily.
On Tuesday, Chief Justice John Roberts rewarded the Trump administrations… [+7496 chars]",climate
"{'id': None, 'name': 'The-independent.com'}",Inga Parkel,Olympic gold medalist Suni Lee offers promising health update on kidney disease,"Exclusive: Lee, 22, spoke to ‘The Independent’ about her health and shared advice for fellow gymnast Jordan Chiles as she prepares to compete on ‘Dancing With the Stars’",https://www.the-independent.com/life-style/suni-lee-health-update-kidneys-b2824145.html,"https://static.the-independent.com/2025/09/10/18/33/Suni-Lee.jpeg?trim=0,0,0,0&width=1200&height=800&crop=1200:800",2025-09-10T21:18:05Z,"Your support helps us to tell the story
From reproductive rights to climate change to Big Tech, The Independent is on the ground when the story is developing. Whether it's investigating the financia… [+3778 chars]",climate
"{'id': None, 'name': 'Bringatrailer.com'}",bringatrailer,2008 BMW Z4 M Roadster,"This 2008 BMW Z4 M Roadster has 40k miles following registration history in New Mexico, California, and Pennsylvania. Powered by a 3.2-liter inline-six paired with a six-speed manual transmission, the car is finished in Imola Red over black Nappa leather upho…",https://bringatrailer.com/listing/2008-bmw-z4-m-roadster-31/,https://bringatrailer.com/wp-content/uploads/2025/09/Z4-M-1685-2-of-266-93236-scaled.jpg,2025-09-10T21:16:29Z,"This 2008 BMW Z4 M Roadster has 40k miles following registration history in New Mexico, California, and Pennsylvania. Powered by a 3.2-liter inline-six paired with a six-speed manual transmission, th… [+1930 chars]",climate
"{'id': None, 'name': 'Bringatrailer.com'}",bringatrailer,2011 Land Rover Range Rover Sport HSE at No Reserve,"This 2011 Land Rover Range Rover Sport HSE remained registered to its original owner in Florida until 2025, and it is powered by 5.0-liter V8 that is linked to a six-speed automatic transmission, a full-time four-wheel-drive system, and a dual-range transfer …",https://bringatrailer.com/listing/2011-land-rover-range-rover-sport-67/,https://bringatrailer.com/wp-content/uploads/2025/09/2011_land-rover_range-rover-sport_img_7044-30387.jpeg,2025-09-10T21:14:44Z,"This 2011 Land Rover Range Rover Sport HSE remained registered to its original owner in Florida until 2025, and it is powered by 5.0-liter V8 that is linked to a six-speed automatic transmission, a f… [+2036 chars]",climate
"{'id': None, 'name': 'Bringatrailer.com'}",bringatrailer,2025 Toyota GR Corolla Premium at No Reserve,"This 2025 Toyota GR Corolla Premium was acquired new by the seller and has 8k miles. The car is finished in Heavy Metal over black Brin Naub and synthetic leather, and a turbocharged 1.6-liter inline-three drives all four wheels through an eight-speed automat…",https://bringatrailer.com/listing/2025-toyota-gr-corolla-3/,https://bringatrailer.com/wp-content/uploads/2025/08/2025_toyota_gr-corolla_toyotacorollagransonbat-58-84952.jpg,2025-09-10T21:13:47Z,"This 2025 Toyota GR Corolla Premium was acquired new by the seller and has 8k miles. The car is finished in Heavy Metal over black Brin Naub and synthetic leather, and a turbocharged 1.6-liter inline… [+2442 chars]",climate
"{'id': None, 'name': 'Crikey'}",Rich James,Sussan Ley boots Jacinta Nampijinpa Price from frontbench,"The opposition leader has unceremoniously dumped the NT senator to the backbench after she refused to back Ley's leadership, and Donald Trump ally Charlie Kirk has been shot dead at a Utah university.
The post Sussan Ley boots Jacinta Nampijinpa Price from fr…",http://www.crikey.com.au/2025/09/11/jacinta-nampijinpa-price-dumped-charlie-kirk-shot-russia-poland-drones/,https://www.crikey.com.au/wp-content/uploads/sites/3/2025/09/price.jpg?quality=70&w=1024,2025-09-10T21:12:58Z,"PRICE DROPPED
Well that was all pretty predictable, wasnt it?
As everyone will now no doubt be aware, last night Jacinta Nampijinpa Price was dumped from the Coalition frontbench after the Northern… [+12237 chars]",climate
"{'id': None, 'name': 'Bringatrailer.com'}",bringatrailer,2008 Lexus GX470,"This 2008 Lexus GX470 is finished in Titanium Metallic over Ivory leather and powered by a 4.7-liter 2UZ-FE V8 that drives all four wheels through a five-speed automatic transmission, a dual-range transfer case, and a Torsen locking center differential. Equip…",https://bringatrailer.com/listing/2008-lexus-gx470-30/,https://bringatrailer.com/wp-content/uploads/2025/08/2008_lexus_gx470_mcr.lexus_.4-3-11250.jpeg,2025-09-10T21:11:46Z,"This 2008 Lexus GX470 is finished in Titanium Metallic over Ivory leather and powered by a 4.7-liter 2UZ-FE V8 that drives all four wheels through a five-speed automatic transmission, a dual-range tr… [+2501 chars]",climate
"{'id': None, 'name': 'Bringatrailer.com'}",bringatrailer,2009 Audi R8 Coupe 6-Speed,"This 2009 Audi R8 coupe has 46k miles and is modified with a semi-chrome vinyl wrap, a STaSIS exhaust, BC Racing coilovers, 20"" Brixton Forged wheels, a RaceChip system, and aftermarket carbon-fiber trim. It is finished in Ice Silver Metallic under the wrap a…",https://bringatrailer.com/listing/2009-audi-r8-81/,https://bringatrailer.com/wp-content/uploads/2025/08/2009_audi_r8_img_3192-07106.jpeg,2025-09-10T21:10:07Z,"This 2009 Audi R8 coupe has 46k miles and is modified with a semi-chrome vinyl wrap, a STaSIS exhaust, BC Racing coilovers, 20″ Brixton Forged wheels, a RaceChip system, and aftermarket carbon-fiber … [+2652 chars]",climate
"{'id': None, 'name': 'Skepticalscience.com'}",,The Fix is In,"This is a re-post from The Climate Brink by Andrew Dessler
My last post described our 450-page response to the DOE Climate Working Group report. This DOE report seems designed to muddy the waters about climate science — it’s a new iteration of the Merchants o…",https://skepticalscience.com/fix-is-in.html,https://skepticalscience.com/public/assets/images/og/button_sks_200.jpg,2025-09-10T21:07:44Z,"Posted on 10 September 2025 by Guest Author
This is a re-post from The Climate Brink by Andrew Dessler
My last post described our 450-page response to the DOE Climate Working Group report. This DOE… [+6763 chars]",climate
"{'id': None, 'name': 'The-independent.com'}",Amber Raiken,"Over 22,000 juice pouches part of elevated recall over potentially harmful bacteria contamination",The recall has been declared a Class II by the FDA,https://www.the-independent.com/life-style/evergreen-orchard-farm-fda-juice-recall-b2824232.html,https://static.the-independent.com/2025/09/10/20/24/iStock-1472582604.jpeg?width=1200&height=800&crop=1200:800,2025-09-10T21:06:55Z,"Your support helps us to tell the story
From reproductive rights to climate change to Big Tech, The Independent is on the ground when the story is developing. Whether it's investigating the financia… [+3857 chars]",climate
"{'id': None, 'name': 'Bringatrailer.com'}",bringatrailer,1999 Porsche Boxster 5-Speed,"This 1999 Porsche Boxster remained under the care of its original owner until 2024, and it was acquired by the seller on BaT in January 2025. Finished in Guards Red over black leather upholstery, the car is powered by a 2.5-liter flat-six paired with a five-s…",https://bringatrailer.com/listing/1999-porsche-boxster-251/,https://bringatrailer.com/wp-content/uploads/2025/08/1999_porsche_boxster_dsc0275-35508.jpg,2025-09-10T21:06:04Z,"This 1999 Porsche Boxster remained under the care of its original owner until 2024, and it was acquired by the seller on BaT in January 2025. Finished in Guards Red over black leather upholstery, the… [+2585 chars]",climate
"{'id': None, 'name': 'Pypi.org'}",zhaos@hawaii.edu,XRO 1.0.0,The eXtended nonlinear Recharge Oscillator (XRO) model for ENSO and pantropical climate variability.,https://pypi.org/project/xro/1.0.0/,,2025-09-10T21:04:19Z,"A required part of this site couldnt load. This may be due to a browser
 extension, network issues, or browser settings. Please check your
 connection, disable any ad blockers, or try using a diffe… [+12 chars]",climate
"{'id': None, 'name': 'Bringatrailer.com'}",bringatrailer,2024 Chevrolet Corvette Stingray Convertible 2LT,"This 2024 Chevrolet Corvette Stingray 2LT convertible was purchased new by the seller, and it was optioned with the Tech Bronze Accent, Engine Appearance, and Stealth Interior Trim packages as well as a front-axle lift system, Magnetic Selective Ride Control,…",https://bringatrailer.com/listing/2024-chevrolet-corvette-stingray-45/,https://bringatrailer.com/wp-content/uploads/2025/08/2024_chevrolet_corvette-stingray_img_3611-82463.jpeg,2025-09-10T21:03:30Z,"This 2024 Chevrolet Corvette Stingray 2LT convertible was purchased new by the seller, and it was optioned with the Tech Bronze Accent, Engine Appearance, and Stealth Interior Trim packages as well a… [+3531 chars]",climate
"{'id': None, 'name': 'OilPrice.com'}",OilPrice.com,New Standards Shape Global Carbon Trading,"Carbon markets have become increasingly important as a cost-effective pathway for companies and countries to reduce emissions in a world struggling to meet its climate goals. They can mobilize private capital, particularly in developing countries where clean …",https://oilprice.com/Energy/Energy-General/New-Standards-Shape-Global-Carbon-Trading.html,https://d32r1sh890xpii.cloudfront.net/article/718x300/2025-09-10_r5nfb31cwe.jpg,2025-09-10T21:00:00Z,"China significantly increased its investments…
India continues to buy cheap…
Stainless steel prices in the…
By Rystad Energy - Sep 10, 2025, 4:00 PM CDTCarbon markets have become increasingly impo… [+3419 chars]",climate
"{'id': 'abc-news-au', 'name': 'ABC News (AU)'}",Jacinta Bowler,Individual emitters triggered otherwise 'impossible' heatwaves: study,"Emissions from the 180 biggest carbon polluters directly contributed half of the total increase in heatwave intensity between the late 1800s and this century, a new study found.",https://www.abc.net.au/news/science/2025-09-11/heatwaves-more-likely-climate-change-nature-major-emitters/105747138,https://live-production.wcms.abc-cdn.net.au/10306fc755d745231898bea8315788ed?impolicy=wcms_watermark_news&cropH=1192&cropW=2119&xPos=0&yPos=49&width=862&height=485&imformat=generic,2025-09-10T21:00:00Z,"A quarter of heatwaves this century would have been ""virtually impossible"" without human-caused climate change, according to a new study.
And while it's incredibly difficult to attribute specific di… [+8421 chars]",climate
"{'id': None, 'name': 'Wattsupwiththat.com'}",Guest Blogger,Greenhouses Pay the Costs of Demonizing ‘Greenhouse Gas’,"Natural gas for NZ is running out. The gas crisis in New Zealand began with a 2018 ban on new permits for offshore exploration in the Taranaki region, curtailing growth in oil and gas production.",https://wattsupwiththat.com/2025/09/10/greenhouses-pay-the-costs-of-demonizing-greenhouse-gas/,https://i0.wp.com/wattsupwiththat.com/wp-content/uploads/2025/09/tomatoes-greenhouse-NZ.webp?fit=1024%2C512&ssl=1,2025-09-10T21:00:00Z,"Guest Essay by Vijay Jayaraj 
The era of hypothetical warnings about the cost of green policies is over. We have now entered the brutal phase of reporting with empirical data the economic devastatio… [+4291 chars]",climate
"{'id': None, 'name': 'GlobeNewswire'}",Thor Industries,THOR Industries Announces Date for its Fiscal 2025 Fourth Quarter Earnings Release,"ELKHART, Ind., Sept. 10, 2025 (GLOBE NEWSWIRE) -- THOR Industries, Inc. (NYSE: THO) today announced that the date for its fiscal 2025 fourth quarter earnings release will be on Wednesday, September 24, 2025, before the market opens.",https://www.globenewswire.com/news-release/2025/09/10/3148263/0/en/THOR-Industries-Announces-Date-for-its-Fiscal-2025-Fourth-Quarter-Earnings-Release.html,https://ml.globenewswire.com/Resource/Download/d692e53a-d76c-4a2f-bedc-a7053dbd63bd,2025-09-10T21:00:00Z,"ELKHART, Ind., Sept. 10, 2025 (GLOBE NEWSWIRE) -- THOR Industries, Inc. (NYSE: THO) today announced that the date for its fiscal 2025 fourth quarter earnings release will be on Wednesday, September 2… [+6470 chars]",climate
"{'id': None, 'name': 'Bringatrailer.com'}",bringatrailer,10k-Mile 2008 Dodge Magnum SRT8,"This 2008 Dodge Magnum SRT8 has 10k miles following history with two registered owners, and it remained with its second owner from 2011 up until it was recently acquired by the selling dealer. The car is finished in Bright Silver Metallic over Dark Slate Gray…",https://bringatrailer.com/listing/2008-dodge-magnum-9/,https://bringatrailer.com/wp-content/uploads/2025/08/2008_dodge_magnum_pxl_20250827_215130799-18595.jpg,2025-09-10T20:50:09Z,"This 2008 Dodge Magnum SRT8 has 10k miles following history with two registered owners, and it remained with its second owner from 2011 up until it was recently acquired by the selling dealer. The ca… [+1890 chars]",climate
"{'id': None, 'name': 'Bringatrailer.com'}",bringatrailer,2007 Porsche Cayman 5-Speed at No Reserve,"This 2007 Porsche Cayman is finished in Cobalt Blue Metallic over Stone Gray Standard leather and has 58k miles following history in New York and Illinois. Equipment includes the Preferred, Bi-Xenon Headlamp, and Sound Plus packages as well as heated seats, 1…",https://bringatrailer.com/listing/2007-porsche-cayman-92/,https://bringatrailer.com/wp-content/uploads/2025/09/2007_porsche_cayman_img_0853-05032.jpg,2025-09-10T20:49:36Z,"This 2007 Porsche Cayman is finished in Cobalt Blue Metallic over Stone Gray Standard leather and has 58k miles following history in New York and Illinois. Equipment includes the Preferred, Bi-Xenon … [+1585 chars]",climate
"{'id': 'abc-news-au', 'name': 'ABC News (AU)'}",Warwick Long and Justine Longmore,New electric ute sparks interest on farms but diesel still dominates,"The Ford F150 Lightning is being touted as the first viable EV for farm work, but it comes with a hefty price tag.",https://www.abc.net.au/news/2025-09-11/new-ford-electric-ute-will-farmers-use-ev/105747446,https://live-production.wcms.abc-cdn.net.au/2a173a23e88ab1c11c1561b78be0f0e2?impolicy=wcms_watermark_news&cropH=2268&cropW=4032&xPos=0&yPos=378&width=862&height=485&imformat=generic,2025-09-10T20:48:43Z,"Electric vehicles are fast finding their place on Australian roads but it is still rare to see them as larger farm vehicles.
The latest data from the Australian Automobile Association shows 28 per c… [+3984 chars]",climate
"{'id': None, 'name': 'Discover Magazine'}",Jenny Lehmann,Sharks Began Roaming the Oceans 400 Million Years Ago as Deep-Sea Bottom-Dwellers,"Discover how apex predators like great whites started as slow, bottom-dwelling fish in ancient oceans, and how climate change shaped their rise.",https://www.discovermagazine.com/the-first-sharks-roaming-the-oceans-400-million-years-ago-were-deep-sea-bottom-dwellers-48017,https://cdn.discovermagazine.com/assets/image/57304/wobbegong-shark-x.jpg,2025-09-10T20:45:00Z,"From an evolutionary perspective, sharks are among the oldest animal species still alive today. Their persistence speaks to an extraordinary ability to survive multiple mass extinctions and adapt to … [+3684 chars]",climate
"{'id': None, 'name': 'Bringatrailer.com'}",bringatrailer,47k-Mile 2011 BMW 328i M Sport Sedan 6-Speed at No Reserve,"This 2011 BMW 328i sedan has been registered in Georgia and Arizona from new, and 20k of the 47k miles have been added since the seller, the second owner, purchased the car in November 2019. It is finished in Le Mans Blue Metallic over Chestnut Brown Dakota l…",https://bringatrailer.com/listing/2011-bmw-328i-sedan-21/,https://bringatrailer.com/wp-content/uploads/2025/08/2011_bmw_328i-sedan_bmw-4-24576.jpg,2025-09-10T20:44:18Z,"This 2011 BMW 328i sedan has been registered in Georgia and Arizona from new, and 20k of the 47k miles have been added since the seller, the second owner, purchased the car in November 2019. It is fi… [+2765 chars]",climate
"{'id': None, 'name': 'Bringatrailer.com'}",bringatrailer,12k-Mile 2009 Dodge Challenger R/T 6-Speed,"This 2009 Dodge Challenger R/T was sold new at Lustine Toyota Dodge Chrysler Jeep in Woodbridge, Virginia, and has since remained registered in Maryland. It has 12k miles and is powered by a 5.7-liter Hemi V8 paired with a six-speed manual transmission and is…",https://bringatrailer.com/listing/2009-dodge-challenger-r-t-11/,https://bringatrailer.com/wp-content/uploads/2025/08/2009_dodge_challenger-rt_asr06600-23677.jpg,2025-09-10T20:43:09Z,"This 2009 Dodge Challenger R/T was sold new at Lustine Toyota Dodge Chrysler Jeep in Woodbridge, Virginia, and has since remained registered in Maryland. It has 12k miles and is powered by a 5.7-lite… [+2273 chars]",climate
"{'id': None, 'name': 'CleanTechnica'}",Steve Hanley,Shining The Light Of Truth On Fossil Fuel Madness,"Fossil fuels are staging a big comeback in the current administration, which is a captive of the energy industries. 
The post Shining The Light Of Truth On Fossil Fuel Madness appeared first on CleanTechnica.",https://cleantechnica.com/2025/09/10/shining-the-light-of-truth-on-fossil-fuel-madness/,https://cleantechnica.com/wp-content/uploads/2024/09/DALL·E-2024-09-28-16.08.23-A-panoramic-image-of-a-diesel-burning-locomotive-pulling-oil-and-coal-cars-with-American-flags-prominently-displayed-on-the-side-of-the-train.-The-loc-800x457.png,2025-09-10T20:41:20Z,"Support CleanTechnica's work through a Substack subscription or on Stripe.
A post by Lloyd Alter, the sage of Toronto, caught my eye this morning. Alter, who was the face of Treehugger for over a de… [+9822 chars]",climate
"{'id': None, 'name': 'Sky.com'}",Mark Stone,Who was Charlie Kirk? A MAGA spokesman to young people across America,"Across social media, he had a huge following with more than 7.3 million followers on TikTok, 7 million on Instagram, 5 million on X and 3.5 million on YouTube.",https://news.sky.com/story/who-was-charlie-kirk-a-maga-spokesman-to-young-people-across-america-13428452,https://e3.365dm.com/25/09/1600x900/skynews-charlie-kirk-utah-valley-university_7016545.jpg?20250910214533,2025-09-10T20:41:00Z,"For many young people on the right of American politics, Charlie Kirk was an icon.
He was 31-years-old, a media personality, podcaster, an author and the founder of Turning Point USA.
The non-profi… [+2151 chars]",climate
"{'id': None, 'name': 'Bringatrailer.com'}",bringatrailer,44k-Mile 2003 GMC Sierra 2500HD SLT Crew Cab Duramax 4×4 at No Reserve,"This 2003 GMC Sierra 2500HD SLT 4×4 Crew Cab pickup was purchased new by the seller and has 44k miles after time in California. Finished in Pewter Metallic over Pewter leather, the truck is powered by a 6.6-liter Duramax turbodiesel V8 linked to a five-speed …",https://bringatrailer.com/listing/2003-gmc-sierra-2500hd-14/,https://bringatrailer.com/wp-content/uploads/2025/08/2003_gmc_sierra-2500hd_2003_gmc_sierra-2500hd_e17eb965-6f61-49d9-9cd0-d571dc026828-ot5vij-35311-99016.jpg,2025-09-10T20:40:58Z,"This 2003 GMC Sierra 2500HD SLT 4×4 Crew Cab pickup was purchased new by the seller and has 44k miles after time in California. Finished in Pewter Metallic over Pewter leather, the truck is powered b… [+2506 chars]",climate
"{'id': None, 'name': 'Foreign Policy'}",Nosmot Gbadamosi,Ethiopia Debuts New Mega-Dam,The project grants Addis Ababa control of the Nile River and threatens water supplies downstream.,http://foreignpolicy.com/2025/09/10/ethiopia-egypt-sudan-nile-dam-gerd-water-abiy/,https://foreignpolicy.com/wp-content/uploads/2025/09/Ethiopia-dam-GERD-Egypt-Sudan-GettyImages-2233907927.jpg?w=1000,2025-09-10T20:40:14Z,"Welcome to Foreign Policys Africa Brief.
The highlights this week: Ethiopia opens a controversial dam on the Nile River, South Sudans military seizes key towns amid conflict with a rival group, and … [+10224 chars]",climate
"{'id': None, 'name': 'Hyperallergic'}",Isa Farfan,New York Foundation for the Arts Workers Move to Unionize,Around 20 full- and part-time employees at the nonprofit artist resource organization would be eligible for the new union.,http://hyperallergic.com/1040759/new-york-foundation-for-the-arts-workers-move-to-unionize/,https://hyperallergic-newspack.s3.amazonaws.com/uploads/2025/09/IMG_5517.jpg,2025-09-10T20:39:44Z,"Success! Your account was created and youre signed in.Please visit My Account to verify and manage your account.
An account was already registered with this email. Please check your inbox for an aut… [+4099 chars]",climate
"{'id': 'cbs-news', 'name': 'CBS News'}",Matt  Richardson,Fed rate cuts are looming. Here's why you should renew your maturing CD anyway.,"Even with interest rate cuts looming, it could be worth it to renew your maturing CD account anyway. Here's why.",https://www.cbsnews.com/news/fed-rate-cuts-looming-why-renew-your-maturing-cd-account/,https://assets3.cbsnewsstatic.com/hub/i/r/2025/09/10/db78c6aa-6a70-408c-adbb-dc05c5d59400/thumbnail/1200x630/c402c44ed92b88767b3dccb9a63adb1f/gettyimages-945786646.jpg,2025-09-10T20:39:21Z,"It may be worth renewing your maturing CD account, even with rate cuts looming.
Getty Images/iStockphoto
Borrower plans are changing.
That seems to be the sentiment this month as the first interes… [+3889 chars]",climate
"{'id': None, 'name': 'Bringatrailer.com'}",bringatrailer,1955 Chevrolet Bel Air Convertible at No Reserve,"This 1955 Chevrolet Bel Air convertible is powered by a 350ci V8 linked with a four-speed automatic transmission and a 10-bolt rear axle with 3.23:1 gears. The body is finished in black and equipped with a color-keyed soft top, a hood ornament, and chrome bum…",https://bringatrailer.com/listing/1955-chevrolet-bel-air-200/,https://bringatrailer.com/wp-content/uploads/2025/08/1955_chevrolet_bel-air_img_1170-07267.jpeg,2025-09-10T20:37:38Z,This 1955 Chevrolet Bel Air convertible is powered by a 350ci V8 linked with a four-speed automatic transmission and a 10-bolt rear axle with 3.23:1 gears. The body is finished in black and equipped … [+2469 chars],climate
