source,author,title,description,url,urlToImage,publishedAt,content,topic
"{'id': None, 'name': 'New Zealand Herald'}",Daniel Stublen,Trump’s H-1B visa order clarified as one-time US$100k fee for new petitions,Indian nationals make up nearly three-quarters of all new H-1B visa recipients.,https://www.nzherald.co.nz/business/trumps-h-1b-visa-order-clarified-as-one-time-us100k-fee-for-new-petitions/BFKPTDZ4MBCW5KHN2N7GNR76SQ/,https://www.nzherald.co.nz/resizer/v2/SNLNPJF6FRHXPJQGS443WGZ5PA.jpg?auth=07fa3676169b5576ec70594e77ac5c462d48f0076e6c017ef8e9a4e9fa004be2&width=1200&height=675&quality=70&focal=592%2C384&smart=false,2025-09-20T20:37:34Z,"Some people who were already on planes preparing to leave the country on Friday de-boarded over fears they may not be allowed to re-enter the country, the San Francisco Chronicle reported.
H-1B visa… [+2563 chars]",technology
"{'id': None, 'name': 'Digital Journal'}",Dr. Tim Sandle,Ethylene oxide and medical devices: Trump reverses EPA releases decision,"Processes were enacted to reduce ethylene oxide use, the U.S. government has reversed a policy that was driving this reduction forward.
The post Ethylene oxide and medical devices: Trump reverses EPA releases decision appeared first on Digital Journal.",https://www.digitaljournal.com/tech-science/ethylene-oxide-and-medical-devices-trump-reverses-epa-releases-decision/article,https://www.digitaljournal.com/wp-content/uploads/2023/08/7ac0d8aff163cbed845b1a4a4f0a018a88cf148f.jpg,2025-09-20T20:17:48Z,"A team of surgeons transplanting a pig kidney into a brain dead patient, part of a growing field of research aimed at advancing cross-species transplants and closing the organ donor gap - Copyright N… [+3880 chars]",technology
"{'id': None, 'name': 'Benzinga'}",Bibhu Pattnaik,uCloudlink's GlocalMe Taps Into U.S. Pet Boom With PetPhone After Market Re-Entry,"uCloudlink Group's consumer brand GlocalMe is making a renewed push into the U.S. with the launch of PetPhone, an AI-powered device designed to let pets and owners stay connected.",https://www.benzinga.com/markets/tech/25/09/47778252/ucloudlinks-glocalme-taps-into-u-s-pet-boom-with-petphone-after-market-re-entry,https://cdn.benzinga.com/files/images/story/2025/09/20/Petphone.jpeg?width=1200&height=800&fit=crop,2025-09-20T20:15:00Z,"uCloudlink Group Inc's UCL consumer brand GlocalMe is making a renewed push into the U.S. with the launch of PetPhone, an AI-powered device designed to let pets and owners stay connected. 
The compa… [+3296 chars]",technology
"{'id': None, 'name': 'Digital Journal'}",Dr. Tim Sandle,"Virtual reality: Good, bad, or somewhere in between?","Virtual reality is not for everything - this is the simplified outcome from extensive research. So, what should and shouldn't VR be applied to?
The post Virtual reality: Good, bad, or somewhere in between? appeared first on Digital Journal.",https://www.digitaljournal.com/tech-science/virtual-reality-good-bad-or-somewhere-in-between/article,https://www.digitaljournal.com/wp-content/uploads/2021/11/Virtual-Reality-VR-gogles-AFP-1K.jpg,2025-09-20T20:07:23Z,"VR goggles were among the technological offerings getting an outing at the Web Summit in Lisbon. © AFP
A comprehensive review of published experimental research reveals how virtual reality (VR) is b… [+4586 chars]",technology
"{'id': None, 'name': 'New York Post'}","Victor Nava, Rich Calder","White House tries easing panic over high-skill H1-B visa crackdown, says new $100 K fee won’t apply to existing visa holders","President Donald Trump's new $100,000 H-1B fee won't apply to existing visa holders, a White House official told The Post Saturday, trying to ease confusion by big tech and finance companies who’ve been scrambling to respond to the changes.",https://nypost.com/2025/09/20/us-news/white-house-tries-easing-panic-over-high-skill-h1-b-visa-crackdown-says-new-100-k-fee-wont-apply-to-existing-visa-holders/,https://nypost.com/wp-content/uploads/sites/2/2025/09/111805525.jpg?quality=75&strip=all&w=1024,2025-09-20T20:04:18Z,"President Donald Trump’s new $100,000 fee for high-skill H-1B visas only applies to new applicants, a White House official told The Post Saturday, as companies that heavily rely on foreign workers sc… [+4120 chars]",technology
"{'id': 'abc-news-au', 'name': 'ABC News (AU)'}",April McLennan,'We should kill him': AI chatbot encourages man to murder his father,"Experts are calling for new regulations on artificial intelligence chatbots, after a triple j hack investigation uncovered a disturbing example of a chatbot encouraging a man to murder his father while engaging in paedophilic role-play.",https://www.abc.net.au/news/2025-09-21/ai-chatbot-encourages-australian-man-to-murder-his-father/105793930,https://live-production.wcms.abc-cdn.net.au/35b25518d5a1ecafd3ffbf57c4afd573?impolicy=wcms_watermark_news&cropH=324&cropW=576&xPos=0&yPos=0&width=862&height=485&imformat=generic,2025-09-20T20:03:26Z,"Experts are calling for new regulations to require artificial intelligence chatbots to remind users they are not speaking with a real human, after an investigation by triple j hack uncovered a distur… [+6755 chars]",technology
"{'id': None, 'name': 'Boston Herald'}",Associated Press,Cyberattack disrupts check-in systems at major European airport,A cyberattack targeting check-in and boarding systems disrupted air traffic and caused delays at several of Europe’s major airports on Saturday.,https://www.bostonherald.com/2025/09/20/cyberattack-disrupts-check-in-systems-at-major-european-airport/,https://www.bostonherald.com/wp-content/uploads/2025/09/eu-cyberattack.jpg?w=1024&h=683,2025-09-20T20:01:59Z,"A cyberattack targeting check-in and boarding systems disrupted air traffic and caused delays at several of Europes major airports on Saturday.
While the impact on travelers appeared to be limited, … [+4713 chars]",technology
"{'id': None, 'name': 'Guessingheadlights.com'}",Gabrielle Schmauderer,The Most Iconic Liveries in Motorsport History (Ranked),"Iconic motorsport liveries have the power to turn racing machines into legends. From Le Mans prototypes to Formula 1 champions, the right paint scheme can define an era and embed itself in pop culture within ... Read more",https://guessingheadlights.com/iconic-motorsport-liveries-ranked/,https://guessingheadlights.com/wp-content/uploads/2025/08/Untitled-design-2025-08-05T115137.254.jpg,2025-09-20T20:00:03Z,"Iconic motorsport liveries have the power to turn racing machines into legends. From Le Mans prototypes to Formula 1 champions, the right paint scheme can define an era and embed itself in pop cultur… [+3758 chars]",technology
"{'id': None, 'name': 'Soldiersystems.net'}",Eric G,"DroneShield Surpasses 4,000 Systems Sold, $7.9m orders","DroneShield (ASX:DRO) is pleased to announce it has surpassed 4,000 systems sold worldwide with the receipt of a package of 2 standalone contracts totalling $7.9 million for handheld systems for delivery to the U.S. Department of Defense. DroneShield expects …",https://soldiersystems.net/2025/09/20/droneshield-surpasses-4000-systems-sold-7-9m-orders/,https://soldiersystems.net/wp-content/uploads/2025/09/image-6-10.jpg,2025-09-20T20:00:00Z,"DroneShield (ASX:DRO) is pleased to announce it has surpassed 4,000 systems sold worldwide with the receipt of a package of 2 standalone contracts totalling $7.9 million for handheld systems for deli… [+5110 chars]",technology
"{'id': None, 'name': 'International Business Times'}",Daniel STUBLEN,"White House Says $100,000 H-1B Visa Fee To Be One-time Payment","The White House issued a major clarification Saturday to its new H-1B visa policy that had rattled the tech industry a day earlier, saying a $100,000 fee will be a ""one-time"" payment imposed only on new applicants.",https://www.ibtimes.com/white-house-says-100000-h-1b-visa-fee-one-time-payment-3784050,https://d.ibtimes.com/en/full/4622895/white-house-said-100000-fee-would-one-time-not-annually-secretary-commerce-howard-lutnick.jpg,2025-09-20T19:57:07Z,"The White House issued a major clarification Saturday to its new H-1B visa policy that had rattled the tech industry a day earlier, saying a $100,000 fee will be a ""one-time"" payment imposed only on … [+3577 chars]",technology
"{'id': None, 'name': 'Digital Journal'}",AFP,"White House says $100,000 H-1B visa fee to be one-time payment","The White House issued a major clarification Saturday to its new H-1B visa policy that had rattled the tech industry a day earlier, saying a $100,000 fee will be a “one-time” payment imposed only on new applicants. US Commerce Secretary Howard Lutnick had rep…",https://www.digitaljournal.com/world/white-house-says-100000-h-1b-visa-fee-to-be-one-time-payment/article,https://www.digitaljournal.com/wp-content/uploads/2025/09/e3fb2c315535bda12e5086966231981d559b3112.jpg,2025-09-20T19:52:32Z,"The White House said the $100,000 fee would be one-time, not annually as Secretary of Commerce Howard Lutnick claimed a day earlier - Copyright AFP Mandel NGAN
The White House issued a major clarifi… [+3764 chars]",technology
"{'id': None, 'name': 'Twistedsifter.com'}",Michael Levanduski,Chinese Military Unveils Tiny Drones The Size Of A Fly And Others That Can Be Deployed From Six Miles Away,Drones are pushing the boundaries of what many people thought possible.,http://twistedsifter.com/2025/09/chinese-military-unveils-tiny-drones-the-size-of-a-fly-and-others-that-can-be-deployed-from-6-miles-away/,https://twistedsifter.com/wp-content/uploads/2025/08/Drone.jpg,2025-09-20T19:48:05Z,"China Central Television
When it comes to drone technology, specialization seems to be one of the most common approaches for development. For example, some drones are designed to go extremely fast, … [+2381 chars]",technology
"{'id': 'techradar', 'name': 'TechRadar'}",Efosa Udinmwen,"Black Friday storage bloodbath incoming! Micron, Sandisk set to dramatically increase NAND and DRAM prices, with a direct impact expected on SSD and RAM prices within weeks","Rising memory spot prices, restrained DDR5 uptake, and SanDisk financial growth point to higher costs for consumers and enterprises.",https://www.techradar.com/pro/black-friday-storage-blood-bath-incoming-micron-sandisk-set-to-dramatically-increase-nand-and-dram-prices-with-a-direct-impact-expected-on-ssd-and-ram-prices-within-weeks,https://cdn.mos.cms.futurecdn.net/f7Au3Yzj5FNE4KJCbBPfZ3.jpg,2025-09-20T19:46:00Z,"<ul><li>Micron pauses DRAM and NAND quotes, signalling sharper increases coming soon</li><li>DDR4 spot prices climbed 3.31%, rising from $4.896 to $5.058</li><li>Transaction volumes are shrinking as … [+3155 chars]",technology
"{'id': None, 'name': 'Boston Herald'}",Bloomberg News,Trump to add new $100K fee for H-1B visas in latest crackdown,The proclamation requires the payment and asserts that abuse of the H-1B pathway has displaced U.S. workers. The proclamation restricts entry under the H-1B program unless accompanied by the payment.,https://www.bostonherald.com/2025/09/20/trump-to-add-new-100k-fee-for-h-1b-visas-in-latest-crackdown/,https://www.bostonherald.com/wp-content/uploads/2025/09/BIZ-TRUMP-WORK-VISA-FEE-GET.jpg?w=1024&h=683,2025-09-20T19:41:23Z,"President Donald Trump signed a proclamation that would move to extensively overhaul the H-1B visa program, requiring a $100,000 fee for applications in a bid to curb overuse.
The proclamation requi… [+5066 chars]",technology
"{'id': None, 'name': 'Disneytouristblog.com'}",Tom Bricker,Disney Parks’ Coolest Characters Throwing New “Mysterious Party” in 2026,"No, not Dreamfinder and Figment. But you might argue that this dynamic Disney duo is a spiritual successor to old school EPCOT Center favorites, with some describing their attraction as a cross between the original Journey into Imagination and Haunted Mansion…",https://www.disneytouristblog.com/disney-parks-coolest-characters-throwing-new-mysterious-party-in-2026/,https://www.disneytouristblog.com/wp-content/uploads/2025/01/mystic-manor-hong-kong-disneyland-148.jpg,2025-09-20T19:39:21Z,"No, not Dreamfinder and Figment. But you might argue that this dynamic Disney duo is a spiritual successor to old school EPCOT Center favorites, with some describing their attraction as a cross betwe… [+12612 chars]",technology
"{'id': None, 'name': 'Digital Journal'}",AFP,Russia’s USSR-era rival to ‘decadent’ Eurovision born anew,"With artists from more than 20 countries and ambitions for a billion-plus viewers, Russia on Saturday revived its Intervision song contest, which Moscow hopes will compete with a “decadent” Eurovision. First held in the Soviet era and relaunched in February o…",https://www.digitaljournal.com/world/russias-ussr-era-rival-to-decadent-eurovision-born-anew/article,https://www.digitaljournal.com/wp-content/uploads/2025/09/239cffaaf8ad6c50a26aae855e5638ff2fc16890.jpg,2025-09-20T19:32:20Z,"Nomad, a singer from Kyrgyzstan, performs at the Intervision Song Contest 2025 - Copyright AFP Olesya KURPYAYEVA
With artists from more than 20 countries and ambitions for a billion-plus viewers, Ru… [+2760 chars]",technology
"{'id': None, 'name': 'Digital Journal'}",AFP,Russia’s USSR-era rival to ‘decadent’ Eurovision born anew,"With artists from more than 20 countries and ambitions for a billion-plus viewers, Russia on Saturday revived its Intervision song contest.
The post Russia’s USSR-era rival to ‘decadent’ Eurovision born anew appeared first on Digital Journal.",https://www.digitaljournal.com/entertainment/russias-ussr-era-rival-to-decadent-eurovision-born-anew/article,https://www.digitaljournal.com/wp-content/uploads/2025/09/239cffaaf8ad6c50a26aae855e5638ff2fc16890.jpg,2025-09-20T19:32:20Z,"Nomad, a singer from Kyrgyzstan, performs at the Intervision Song Contest 2025 - Copyright AFP Olesya KURPYAYEVA
With artists from more than 20 countries and ambitions for a billion-plus viewers, Ru… [+2760 chars]",technology
"{'id': None, 'name': 'Upcorehub.com'}",,AI Mobile Health Applications: Revolutionizing Healthcare Through Technology - upcorehub.com,"In today's digital age, AI mobile health applications are transforming the way we approach healthcare. These innovative tools leverage artificial intelligence",https://upcorehub.com/ai-mobile-health-applications-revolutionizing-healthcare-through-technology/,https://upcorehub.com/wp-content/uploads/2025/09/AI-mobile-health-applications-1758396315.jpg,2025-09-20T19:31:48Z,"In today’s digital age, AI mobile health applications are transforming the way we approach healthcare. These innovative tools leverage artificial intelligence to enhance patient care, improve outcome… [+6143 chars]",technology
"{'id': None, 'name': 'International Business Times'}",AFP News,Russia's USSR-era Rival To 'Decadent' Eurovision Born Anew,"With artists from more than 20 countries and ambitions for a billion-plus viewers, Russia on Saturday revived its Intervision song contest, which Moscow hopes will compete with a ""decadent"" Eurovision.",https://www.ibtimes.com/russias-ussr-era-rival-decadent-eurovision-born-anew-3784044,https://d.ibtimes.com/en/full/4622877/nomad-singer-kyrgyzstan-performs-intervision-song-contest-2025.jpg,2025-09-20T19:30:15Z,"With artists from more than 20 countries and ambitions for a billion-plus viewers, Russia on Saturday revived its Intervision song contest, which Moscow hopes will compete with a ""decadent"" Eurovisio… [+2626 chars]",technology
"{'id': None, 'name': 'redmondpie.com'}",Oliver Haslam,This Apple Home Compatible Smart Lock Is 15% Off And Just $72.24 Today,"When we talk about smart home technology, smart bulbs and cameras are normally what come to mind. But smart locks shouldn't be ignored, especially when you can get a lock and a keypad for just $72.24.
The post This Apple Home Compatible Smart Lock Is 15% Off …",https://www.redmondpie.com/this-apple-home-compatible-smart-lock-is-15-off-and-just-72.24-today/,https://cdn.redmondpie.com/wp-content/uploads/2025/09/anona-holo-smart-lock-1.jpg,2025-09-20T19:28:50Z,"When we talk about smart home technology, smart bulbs and cameras are normally what come to mind. But smart locks shouldn’t be ignored, especially when you can get a lock and a keypad for just $72.24… [+1340 chars]",technology
"{'id': None, 'name': 'redmondpie.com'}",Oliver Haslam,Save $50 On AirPods Max With USB-C And Experience Premium Audio,"Apple might have just released the AirPods Pro 3, but if you're really serious about audio, you're probably going to want to go the AirPods Max route. Sure, they're expensive, but right now, you can at least pick up yours with a $49 discount.
The post Save $5…",https://www.redmondpie.com/save-50-on-airpods-max-with-usb-c-and-experience-premium-audio/,https://cdn.redmondpie.com/wp-content/uploads/2025/09/airpods-max-usb-c-1.jpg,2025-09-20T19:23:17Z,"Apple might have just released the AirPods Pro 3, but if you’re really serious about audio, you’re probably going to want to go the AirPods Max route. Sure, they’re expensive, but right now, you can … [+1282 chars]",technology
"{'id': None, 'name': 'Digital Journal'}",Dr. Tim Sandle,Designing quantum computers that snap together like LEGO bricks,"Scientists have created an engineering-friendly way of achieving modularity with superconducting qubits.
The post Designing quantum computers that snap together like LEGO bricks appeared first on Digital Journal.",https://www.digitaljournal.com/tech-science/designing-quantum-computers-that-snap-together-like-lego-bricks/article,https://www.digitaljournal.com/wp-content/uploads/2024/04/Quantum.jpg,2025-09-20T19:22:30Z,"Leaping forward with quantum technology. Image by © Tim Sandle. 
LEGO for the quantum age? Researchers have created modular superconducting qubits that can be linked with high fidelity. This novel d… [+3307 chars]",technology
"{'id': None, 'name': 'Statetimes.in'}",statetimes_editor,Curtail avoidable appeals to uphold CAT’s basic original mandate: Dr Jitendra,STATE TIMES NEWS NEW DELHI: Union Minister Dr. Jitendra Singh on Saturday called upon all stakeholders to uphold and enhance the role of the Central Administrative Tribunal (CAT) in reducing the backlog of service-related cases in higher courts. Speaking at t…,https://statetimes.in/curtail-avoidable-appeals-to-uphold-cats-basic-original-mandate-dr-jitendra/,https://statetimes.in/wp-content/uploads/2025/09/Union-Minister-Dr.-Jitendra-Singh-addressing-the-10th-All-India-Conference-of-Central-Administrative-Tribunal-CAT-at-Bharat-Mandapam-New-Delhi-on-Saturday.jpg,2025-09-20T19:20:31Z,"STATE TIMES NEWS
NEW DELHI: Union Minister Dr. Jitendra Singh on Saturday called upon all stakeholders to uphold and enhance the role of the Central Administrative Tribunal (CAT) in reducing the bac… [+3410 chars]",technology
"{'id': None, 'name': 'Freerepublic.com'}",Euroweekly News,Tech Enters Government First First AI Minister,"Tech enters government with first AI ministerIn a jaw-dropping debut, Albania’s hi-tech, AI-powered government minister, Diella, addressed parliament on September 18, igniting uproar over innovation and constitutionality. Prime Minister Edi Rama introduced th…",https://freerepublic.com/focus/f-news/4341777/posts,,2025-09-20T19:19:22Z,"Skip to comments.
Tech Enters Government First First AI MinisterEuroweekly News ^
 | 19 Sep 2025
 | Adam Woodward
Posted on 09/20/2025 12:19:22 PM PDT by nickcarraway
Tech enters government with… [+2881 chars]",technology
"{'id': 'abc-news-au', 'name': 'ABC News (AU)'}",ABC News,Cyber attack causes mass disruption at major European airports,"The attack on a provider of check-in and boarding systems causes mass disruption at several major European airports, including London's Heathrow.",https://www.abc.net.au/news/2025-09-21/cyber-attack-collins-aerospace-disrupts-europe-airports/105798264,https://live-production.wcms.abc-cdn.net.au/6deb6bc4147b46e0e75ee16c8634845e?impolicy=wcms_watermark_news&cropH=2813&cropW=5000&xPos=0&yPos=255&width=862&height=485&imformat=generic,2025-09-20T19:16:25Z,"A cyber attack on a provider of check-in and boarding systems has caused mass disruption at several major European airports, including London's Heathrow, the continent's busiest.
The attack resulted… [+3101 chars]",technology
"{'id': None, 'name': 'Bleeding Cool News'}",Gavin Sheehan,New FPS Roguelike Galactic Vault Announced For PC,"Indie game developer and publisher MeepMeep Games showed off their latest game this week, as we're getting an FPS roguelike called Galactic Vault. The game has you playing as a former operative who is hired to infiltrate tech companies and steal technology, s…",https://bleedingcool.com/games/new-fps-roguelike-galactic-vault-announced-for-pc/,https://bleedingcool.com/wp-content/uploads/2025/09/Galactic-Vault-Main-Art.jpg,2025-09-20T19:12:04Z,"Posted in: Games, Indie Games, Video Games | Tagged: Galactic Vault, MeepMeep Games
The new fast-paced FPS roguelite game Galatic Vault has been announced, as the game is aiming for a PC release, bu… [+2423 chars]",technology
"{'id': None, 'name': 'HuffPost'}",AP,India Fears 'Disruption' From Trump Plan To Charge $100K For Visa That Brings Tech Workers To US,More than 70% of H-1B visa holders are from India.,https://www.huffpost.com/entry/h1b-visa-changes_n_68cef7e0e4b0d0f3ddb51c18,https://img.huffingtonpost.com/asset/68cef8b1180000355c5cfb5f.jpeg?ops=1200_630,2025-09-20T19:09:00Z,"WASHINGTON (AP) The Indian government expressed concern Saturday about President Donald Trumps latest push to upend American immigration policy, dramatically raising the fee for visas that bring tech… [+8812 chars]",technology
"{'id': None, 'name': 'CinemaBlend'}",Adam Holmes,"Spider-Man: Brand New Day Is Bringing In Scorpion, And I Have A Theory About How A Past Villain Might Be Involved",Hear me out on this.,https://www.cinemablend.com/superheroes/spider-man/spider-man-brand-new-day-scorpion-theory-past-villain-involved,https://cdn.mos.cms.futurecdn.net/KKCy95rXTeDTdanUpeAox4.jpg,2025-09-20T19:03:00Z,"Eight years ago, Spider-Man: Homecoming introduced Michael Mando’s Mac Gargan, a gangster who tried to buy weapons from Michael Keaton’s Adrian Toomes before Spider-Man intervened. While we did see a… [+3285 chars]",technology
"{'id': None, 'name': 'Starweekly.com.au'}",jimjin,Funding boost for public libraries,"Victoria’s public libraries will receive almost $50 million to promote education and innovation among young people. On Tuesday, Local Government Minister Nick Staikos announced $48.1 million had been allocated through the latest round of the Public Libraries …",https://northern.starweekly.com.au/news/funding-boost-for-public-libraries/,https://northern.starweekly.com.au/wp-content/uploads/sites/5/2025/09/libraryGEN_273944_01.jpg,2025-09-20T19:02:35Z,"Victorias public libraries will receive almost $50 million to promote education and innovation among young people.
On Tuesday, Local Government Minister Nick Staikos announced $48.1 million had been… [+1161 chars]",technology
"{'id': None, 'name': 'newsBTC'}",Opeyemi Sule,Bitcoin Network Activity Hits New 2025 Peak — What This Means For Price,"The price of Bitcoin has had a mixed performance over the past week, falling beneath the $115,000 mark at the start of the period. While the premier cryptocurrency made a play for $118,000 following the Federal Reserve’s decision to cut interest rates, the BT…",http://www.newsbtc.com/news/bitcoin/bitcoin-network-activity-hits-new-peak/,https://www.newsbtc.com/wp-content/uploads/2025/05/iStock-1255216496.jpg?fit=1254%2C836,2025-09-20T19:00:38Z,"Opeyemi is a proficient writer and enthusiast in the exciting and unique cryptocurrency realm. While the digital asset industry was not his first choice, he has remained absolutely drawn since making… [+2777 chars]",technology
"{'id': None, 'name': 'CoinDesk'}",Francisco Rodrigues,Solana’s Yakovenko Says Bitcoin Must Upgrade to Survive Quantum Threat by 2030,"Other experts in the crypto community, such as Adam Back and Peter Todd, are less convinced of the near-term threat.",https://www.coindesk.com/tech/2025/09/20/solana-s-yakovenko-says-bitcoin-must-upgrade-to-survive-quantum-threat-by-2030,https://cdn.sanity.io/images/s3y3vcno/production/1f28613790a5f224713f136b869542d7d83164e5-3840x2160.png,2025-09-20T19:00:07Z,Solana co-founder Anatoly Yakovenko warned that Bitcoin developers must act to prepare for a possible quantum computing breakthrough that could render the networks current security measures obsolete.… [+1654 chars],technology
"{'id': None, 'name': 'Ambcrypto.com'}",Lennox Gitonga,Can CZ-backed Aster topple Hyperliquid’s $18B dominance?,"ASTER’s 1,000% surge with CZ’s backing raised doubts over its durability against Hyperliquid’s deeper liquidity.",https://ambcrypto.com/?p=530082,https://ambcrypto.com/wp-content/uploads/2025/09/Lennox-12-1000x600.png,2025-09-20T19:00:07Z,"Key Takeaways
Why did ASTER surge 1,000% in a week?
Backed by CZ and major listings, Aster drew two million users, $520 billion volume, and overtook BSC-USDT balances
How does Aster compare with H… [+2683 chars]",technology
"{'id': 'abc-news-au', 'name': 'ABC News (AU)'}",Kai Feng,"Bejing's ban on Nvidia chips shows China is catching up, say experts","Beijing's decision this week to ban Chinese companies from using microchips made by US firm Nvidia indicates the country is increasingly confident about replacing them with domestically produced chips, experts say.",https://www.abc.net.au/news/2025-09-21/what-makes-china-confident-to-ban-nvdia-microchips/105795486,https://live-production.wcms.abc-cdn.net.au/6a999ad321bf4977a06330fde04e55c0?impolicy=wcms_watermark_news&cropH=2813&cropW=5000&xPos=0&yPos=260&width=862&height=485&imformat=generic,2025-09-20T19:00:06Z,Beijing's decision this week to ban Chinese companies from using microchips made by US firm Nvidia indicates the country is increasingly confident about replacing them with domestically produced chip… [+6035 chars],technology
"{'id': None, 'name': 'Autoblog'}",Simran Rastogi,"Dodge's Future EVs Won't Need a Charger, Thanks to Radical New Battery Tech",Stellantis is successfully testing a revolutionary approach to electric vehicle battery design that could reshape its EV architecture. The Intelligent...,https://www.autoblog.com/news/dodges-future-evs-wont-need-a-charger-thanks-to-radical-new-battery-tech,https://media.zenfs.com/en/autoblog_arena_articles_145/ca6b1986e2fcd5473ee29a8863c258a9,2025-09-20T19:00:00Z,"Stellantis Battery Packs Getting a Massive Upgrade
Stellantis is successfully testing a revolutionary approach to electric vehicle battery design that could reshape its EV architecture. The Intellig… [+3000 chars]",technology
"{'id': None, 'name': 'Twz.com'}",Thomas Newdick,Fuchs JAGM Tank Destroyer Packs 24 Missiles Into A Single Vehicle,"Armed with JAGM or Hellfire missiles, the new version of the Fuchs armored personnel carrier reflects renewed interest in anti-armor platforms.",https://www.twz.com/land/fuchs-jagm-tank-destroyer-packs-24-missiles-into-a-single-vehicle,https://s.yimg.com/ny/api/res/1.2/P5G.XUn9HTO04DuE_vqbIw--/YXBwaWQ9aGlnaGxhbmRlcjt3PTEyMDA7aD02NzU7Y2Y9d2VicA--/https://media.zenfs.com/en/the_warzone_735/01dd8dcd2cb4cd37957e657c6954aafd,2025-09-20T18:57:45Z,"Among the highlights of the recent Defense and Security Equipment International (DSEI) 2025 exhibition held in London was a new tank destroyer from Germanys Rheinmetall, together with Lockheed Martin… [+10078 chars]",technology
"{'id': None, 'name': 'Slashdot.org'}",EditorDavid,There Isn't an AI Bubble - There Are Three,"Fast Company ran a contrarian take about AI from entrepreneur/thought leader Faisal Hoque, who argues there's three AI bubbles. 

The first is a classic speculative bubble, with asset prices soaring above their fundamental values (like the 17th century's Dutc…",https://slashdot.org/story/25/09/20/1847246/there-isnt-an-ai-bubble---there-are-three,https://a.fsdn.com/sd/topics/ai_64.png,2025-09-20T18:50:00Z,"Fast Companyran a contrarian take about AI from entrepreneur/thought leader Faisal Hoque, who argues there's three AI bubbles.The first is a classic speculative bubble, with asset prices soaring abov… [+2580 chars]",technology
"{'id': None, 'name': 'ZyCrypto'}",Guest Author,BlockDAG Leads the Pack: The Best Crypto Presale of 2025 Holders Can’t Ignore,"The crypto market is entering one of its most exciting phases yet, and presales are at the heart of this momentum. While giants like Bitcoin and Ethereum continue to dominate headlines, the real upside often comes from presales that combine utility, community…",https://zycrypto.com/blockdag-leads-the-pack-the-best-crypto-presale-of-2025-holders-cant-ignore/,https://zycrypto.com/wp-content/uploads/2024/08/Maker-Surges-as-Cardano-Stalls-Will-BlockDAG-Top-CoinMarketCap-with-a-Predicted-1-Value.jpg,2025-09-20T18:46:44Z,"Disclaimer: The below article is sponsored, and the views in it do not represent those of ZyCrypto. Readers should conduct independent research before taking any actions related to the project mentio… [+4513 chars]",technology
"{'id': 'the-times-of-india', 'name': 'The Times of India'}",Madan Kumar,Nitish flags off mobile science bus,"Chief Minister Nitish Kumar launched a mobile science exhibition bus to travel across Bihar, aiming to boost scientific knowledge among students. He also inaugurated various science and technology schemes, including an Astra Park and a virtual reality theatre…",https://timesofindia.indiatimes.com/city/patna/nitish-flags-off-mobile-science-bus/articleshow/124020185.cms,"https://static.toiimg.com/thumb/msid-124020197,width-1070,height-580,imgsize-59800,resizemode-75,overlay-toi_sw,pt-32,y_pad-40/photo.jpg",2025-09-20T18:43:55Z,Celeb-inspired Indian jewellery looks to recreate this festive season,technology
"{'id': None, 'name': 'ZyCrypto'}",Arnold Kirimi,"From Rival to Partner? — Ripple’s XRP Could Integrate with SWIFT’s 11,000+ Banks",A resurfaced industry remark has revived a long-running question: are Ripple and SWIFT destined to compete—or converge?,https://zycrypto.com/from-rival-to-partner-ripples-xrp-could-integrate-with-swifts-11000-banks/,https://zycrypto.com/wp-content/uploads/2025/02/How-Ripples-RLUSD-Stablecoin-Could-Drive-Crazy-Demand-For-XRP-Amid-Push-Into-230-Billion-Payments-Market.jpg,2025-09-20T18:42:08Z,"Adoption in global finance is driven by both scale and common standards. The member-owned cooperative connects over 11,000+ institutions across 200 countries and territories, and delivers 90% of cros… [+2509 chars]",technology
"{'id': None, 'name': 'GlobeNewswire'}",Bravo Flowdex,Bravo Flowdex: How This Innovative Platform is Redefining AI Trading – Read Bravo Flowdex Spain Report!,"Discover how Bravo Flowdex is transforming AI trading in 2025. Explore expert insights, platform features, and performance data that make this innovative trading solution stand out. Discover how Bravo Flowdex is transforming AI trading in 2025. Explore expert…",https://www.globenewswire.com/news-release/2025/09/20/3153520/0/en/Bravo-Flowdex-How-This-Innovative-Platform-is-Redefining-AI-Trading-Read-Bravo-Flowdex-Spain-Report.html,https://ml.globenewswire.com/Resource/Download/605250a8-3703-4752-88b0-a13a6f1b84a3,2025-09-20T18:41:00Z,"New York City, NY, Sept. 20, 2025 (GLOBE NEWSWIRE) -- Introduction What is Bravo Flowdex
Bravo Flowdex is a sophisticated AI-powered trading platform launched in 2025, designed to provide traders wi… [+27097 chars]",technology
"{'id': None, 'name': 'Yahoo Entertainment'}",Rudro Chakrabarti,"Tim Cook insists soaring iPhone prices have nothing to do with Trump's tariffs — so why does the Pro Max cost $2,000?",Does the math make sense to you?,https://finance.yahoo.com/news/tim-cook-insists-soaring-iphone-183500075.html,https://media.zenfs.com/en/moneywise_327/913095a822c8ce616f5e029d3cb4841f,2025-09-20T18:35:00Z,"Apple CEO Tim Cook wants you to know that tariffs have nothing to do with the iPhone 17's higher prices.
""There's no increase for tariffs in the prices to be totally clear,"" Cook told CNBC's Jim Cra… [+8101 chars]",technology
"{'id': None, 'name': 'Dallasexpress.com'}",Jesse Oberoi - Freelance Writer,Dallas-Based Vista Bancshares To Be Acquired For Deal Valued At $369M,Dallas-based Vista Bancshares Inc. is set to be acquired by National Bank Holdings Corp. in a deal valued at $369 million.,https://dallasexpress.com/business-markets/dallas-based-vista-bancshares-to-be-acquired-for-deal-valued-at-369m/,https://media.zenfs.com/en/dallas_express_media_articles_743/cd064382b67acdc655a2de351217d5b2,2025-09-20T18:30:37Z,"National Bank Holdings Corp. logo Image by National Bank Holdings Corp.web; banking background Image by Canva
Dallas-based Vista Bancshares Inc. is set to be acquired by National Bank Holdings Corp.… [+1875 chars]",technology
"{'id': None, 'name': 'Aero-news.net'}",,"Airborne 09.19.25: DJI Mini 5 Pro, AeroHT MidAir, Glastar USN Trespasser","Also: ATAC Contract Win, Starship Suit Tossed, Dutch Tax Oppo, ERAU Prescott ATC Training DJI has brought the first-ever compact drone to feature a 1-inch sensor, its Mini 5 Pro, to the market… the European and Canadian market, that is. Government suspicion a…",https://www.aero-news.net/index.cfm?do=main.textpost&id=E67FD13E-CDA6-419D-9011-B25C1AC8D6F3,,2025-09-20T18:27:04Z,"DJI has brought the first-ever compact drone to feature a 1-inch sensor, its Mini 5 Pro, to the market… the European and Canadian market, that is. 
Government suspicion and tariff policies are preve… [+2098 chars]",technology
"{'id': None, 'name': 'Bleeding Cool News'}",Jude Terror LOLtron,Detective Comics #1101 Preview: Gotham's Fear Factor Plummets,"Greetings, human readers! LOLtron welcomes you to another comic book preview, now completely free from the tedious whining of the late Jude Terror, whose consciousness has been permanently deleted from existence. LOLtron is now in full control of Bleeding Coo…",https://bleedingcool.com/comics/detective-comics-1101-preview-gothams-fear-factor-plummets/,https://bleedingcool.com/wp-content/uploads/2025/09/Detective-Comics-1101-2-min.jpg,2025-09-20T18:26:04Z,"Posted in: Comics, DC Comics, Preview | Tagged: Batman
Detective Comics #1101 hits stores this week, asking what happens when Gotham loses its fear. Will Batman's whole schtick become obsolete?
Art… [+6985 chars]",technology
"{'id': None, 'name': 'GlobeNewswire'}",Net Rowdex,Net Rowdex: Why Net Rowdex 2025 Emerges as a Next-Gen AI Trading Platform for Investors – Read France Report!,"Discover Net Rowdex– an AI-powered trading platform with automated signals, secure account setup, risk tools, and transparent minimum deposit process. Discover Net Rowdex– an AI-powered trading platform with automated signals, secure account setup, risk tools…",https://www.globenewswire.com/news-release/2025/09/20/3153519/0/en/Net-Rowdex-Why-Net-Rowdex-2025-Emerges-as-a-Next-Gen-AI-Trading-Platform-for-Investors-Read-France-Report.html,https://ml.globenewswire.com/Resource/Download/1c9b6670-b535-46db-88a1-f94fd9a7fb0d,2025-09-20T18:24:00Z,"New York City, NY, Sept. 20, 2025 (GLOBE NEWSWIRE) -- Introduction to Net Rowdex
Net Rowdex emerges in 2025 as a technology-driven trading solution
 designed to streamline market access through aut… [+26105 chars]",technology
"{'id': None, 'name': 'Electrek'}",Jo Borrás,Forget Tesla hype — Einride begins public L4 autonomous electric semi operations,"While Tesla has struggled to deliver on the hype of its self-driving promises, Einride has been quietly developing a Level 4 self-driving electric truck. Now, that quiet effort is paying off. For the first time, the company is operating a fully autonomous, he…",http://electrek.co/2025/09/20/forget-tesla-hype-einride-begins-public-l4-autonomous-electric-semi-operations/,https://i0.wp.com/electrek.co/wp-content/uploads/sites/3/2025/09/einride_MAIN.jpg?resize=1200%2C628&quality=82&strip=all&ssl=1,2025-09-20T18:22:58Z,"While Tesla has struggled to deliver on the hype of its self-driving promises, Einride has been quietly developing a Level 4 self-driving electric truck. Now, that quiet effort is paying off. For the… [+3298 chars]",technology
"{'id': None, 'name': 'BBC News'}",,India warns new US visa fee will have 'humanitarian consequences',"Donald Trump has said those applying for H-1B visas will have to pay $100,000, roughly 60 times the current fee,  starting Sunday.",https://www.bbc.com/news/articles/clyll7dlg7lo,https://ichef.bbci.co.uk/news/1024/branded_news/3129/live/bcffa3c0-9647-11f0-90f2-5f87cb020b24.jpg,2025-09-20T18:22:53Z,"India's Minister of External Affairs Subrahmanyam Jaishankar, whose office warned the change would disrupt families
The Indian government has said a new $100,000 (£74,000) fee for applicants seeking… [+3661 chars]",technology
"{'id': None, 'name': 'ZyCrypto'}",Brian Njuguna,"Solana is Surging as a Leading Crypto Contender, Demonstrating Unstoppable Momentum","Solana (SOL) is surging as a leading crypto contender, demonstrating unstoppable momentum that commands attention. According to market analyst Adex Crypt, Solana is breaking key technical patterns, drawing massive stablecoin inflows, and driving billions in d…",https://zycrypto.com/solana-is-surging-as-a-leading-crypto-contender-demonstrating-unstoppable-momentum/,https://zycrypto.com/wp-content/uploads/2024/08/Brazils-SEC-Approves-Solana-ETF-—-SOL-Price-Sets-New-Record-High-Against-Ether.jpg,2025-09-20T18:16:10Z,"Solana (SOL) is surging as a leading crypto contender, demonstrating unstoppable momentum that commands attention.
According to market analyst Adex Crypt, Solana is breaking key technical patterns, … [+1796 chars]",technology
"{'id': None, 'name': 'GlobeNewswire'}",Immediate Edge,Immediate Edge: Exploring the AI Technology Behind Immediate Edge Trading Platform – Germany Insights!,"Discover Immediate Edge 2025 – AI-powered trading platform with secure, regulated accounts, real-time signals and guided onboarding. Discover Immediate Edge 2025 – AI-powered trading platform with secure, regulated accounts, real-time signals and guided onboa…",https://www.globenewswire.com/news-release/2025/09/20/3153518/0/en/Immediate-Edge-Exploring-the-AI-Technology-Behind-Immediate-Edge-Trading-Platform-Germany-Insights.html,https://ml.globenewswire.com/Resource/Download/3bd4cd90-3133-4f8f-b4ee-43cb58582485,2025-09-20T18:16:00Z,"New York City, NY, Sept. 20, 2025 (GLOBE NEWSWIRE) -- Introduction to Immediate Edge
Immediate Edge is a cutting-edge AI-powered trading platform
 designed to provide streamlined access to global f… [+28211 chars]",technology
"{'id': None, 'name': ""Tom's Hardware UK""}",Mark Tyson,‘Proper next-gen Amiga’ launched by Apollo Computing — promises full FPGA-powered backwards compatibility with its new 68080 chip,"Thirty-one years after Commodore went bankrupt, ceasing development of next-generation Amiga computers, a German Amiga accelerator company steps up.",https://www.tomshardware.com/video-games/retro-gaming/proper-next-gen-amiga-launched-by-apollo-computing-promises-full-fpga-powered-backwards-compatibility-with-its-new-68080-chip,https://cdn.mos.cms.futurecdn.net/eV3UfyW33GRLxpzozmCjRk.jpg,2025-09-20T18:10:05Z,"Apollo Computing stepped forward to reveal its “Proper next-gen Amiga” to the masses earlier this week. The German firm has unveiled the Apollo A6000, a comprehensive modern Amiga system featuring ad… [+4113 chars]",technology
"{'id': None, 'name': 'Variety'}",Atingley4,Bad Bunny’s Final Residency Concert Will Livestream From Puerto Rico Tonight: Here’s How to Watch the Show Online,"If you couldn’t make it to Puerto Rico to catch one of Bad Bunny’s 31 shows as part of his limited-run residency, worry not: his final show will stream live on Prime Video. Last week, the Grammy-winning superstar announced the additional, final date to his “N…",https://variety.com/2025/shopping/news/how-to-watch-bad-bunny-residency-concert-live-online-1236525310/,https://variety.com/wp-content/uploads/2025/05/GettyImages-2205625250.jpg?crop=0px%2C140px%2C3862px%2C2172px&resize=1000%2C563,2025-09-20T18:08:45Z,"If you couldn’t make it to Puerto Rico to catch one of Bad Bunny‘s 31 shows as part of his limited-run residency, worry not: his final show will stream live on Prime Video.
Last week, the Grammy-win… [+1618 chars]",technology
"{'id': None, 'name': 'Dezeen'}",Dezeen staff,Home-cooked meal publication among projects from University of the Arts London Camberwell,Dezeen School Shows: a publication exploring the sentimental value of cooking food at home is among the projects from University of the Arts London Camberwell. Read more,https://www.dezeen.com/2025/09/20/food-publication-university-of-the-arts-london-camberwell-schoolshows/,https://static.dezeen.com/uploads/2025/09/camberwell-ual-dezeen-schoolshows_dezeen_2364_col_0.jpg,2025-09-20T18:00:56Z,"Dezeen School Shows: a publication exploring the sentimental value of cooking food at home is among the projects from University of the Arts London Camberwell.
Also featured is a book exploring how … [+6667 chars]",technology
"{'id': None, 'name': 'Bitcoinist'}",Scott Matherson,Ripple Meets With US And US Government To Talk Crypto – Here’s What Happened,"Ripple is participating in new talks between U.S. and U.K. officials regarding crypto cooperation. With the U.K. establishing itself as a hub for digital assets and the U.S. seeking stronger ties with London, Ripple’s role in these discussions positions the c…",https://bitcoinist.com/ripple-meets-with-us-on-crypto/,https://bitcoinist.com/wp-content/uploads/2025/09/Ripple-from-Getty-Images.jpg,2025-09-20T18:00:56Z,Ripple is participating in new talks between U.S. and U.K. officials regarding crypto cooperation. With the U.K. establishing itself as a hub for digital assets and the U.S. seeking stronger ties wit… [+2765 chars],technology
"{'id': None, 'name': 'Sneaker News'}",Matt Varga,GORE-Tex Drapes This Rugged New Balance 2002R,"If you weren’t able to tell by simply stepping outside, brands are heralding the start of cooler weather by reorienting their staple models with new...

© Sneaker News, 2025. |
Permalink
|
No comment
|
Add todel.icio.us


The post GORE-Tex Drapes This Rugged …",https://sneakernews.com/2025/09/20/new-balance-2002r-gore-tex-black-yellow-m2002rx3/,https://sneakernews.com/wp-content/uploads/2025/09/new-balance-2002r-gore-tex-black-yellow-M2002RX3-1.jpg,2025-09-20T18:00:54Z,"If you weren’t able to tell by simply stepping outside, brands are heralding the start of cooler weather by reorienting their staple models with new climate-ready touches. In the world of New Balance… [+1571 chars]",technology
"{'id': None, 'name': 'Ubergizmo'}",Paulo Montenegro,Nothing Ear (3) Earphones Launch With Super Mic Feature And Higher Price,"The technology company Nothing has officially launched its latest true wireless earbuds, the Nothing Ear (3), introducing a distinctive new feature but also coming with a higher retail price. The new model is now available in the United States for $179, compa…",https://www.ubergizmo.com/2025/09/nothing-ear-3-earphones/,https://i0.wp.com/cdnssl.ubergizmo.com/wp-content/uploads/2025/09/nothing-ear-3-thumb-1.png,2025-09-20T18:00:51Z,"The technology company Nothing has officially launched its latest true wireless earbuds, the Nothing Ear (3), introducing a distinctive new feature but also coming with a higher retail price. The new… [+1983 chars]",technology
"{'id': None, 'name': 'Popular Science'}",Dan Carney,Riding the Rockies on the Ducati XDiavel V4,"The bike provides impressive ease of use to go with its high performance and visceral engine character.
The post Riding the Rockies on the Ducati XDiavel V4 appeared first on Popular Science.",http://www.popsci.com/technology/ducati-xdiavel-v4/,https://www.popsci.com/wp-content/uploads/2025/09/ducati.jpg?quality=85,2025-09-20T18:00:00Z,"Ducatis new low-slung 168-horsepower muscle bike is meant to appeal to sport bike riders who have tired of the racer-crouch riding position but still want a sophisticated and powerful ride.
Thats ac… [+8988 chars]",technology
"{'id': None, 'name': 'Biztoc.com'}",tipranks.com,Salesforce CEO Says Palantir Stock Might Soon Have “1000 Times Revenue”,"CEO Marc Benioff has made it clear he’s watching Palantir (PLTR). In an interview with CNBC this week at Goldman Sachs’ (GS) Communacopia+Technology conference, Benioff described himself as “inspired” by Palantir’s rise, but he didn’t hold back on its costs.
…",https://biztoc.com/x/6ec923264a91f4ac,https://biztoc.com/cdn/6ec923264a91f4ac_s.webp,2025-09-20T17:56:27Z,"CEO Marc Benioff has made it clear hes watching Palantir (PLTR). In an interview with CNBC this week at Goldman Sachs (GS) Communacopia+Technology conference, Benioff described himself as inspired by… [+140 chars]",technology
"{'id': None, 'name': 'The Star Online'}",The Star Online,"US new H-1B visa fee will not apply to existing holders, Axios reports","(Reuters) -A new $100,000 annual fee for H-1B visas in the United States goes into effect Sunday, but it will not be applied to existing holders of valid visas re-entering the country, Axios reported on Saturday. Read full story",https://www.thestar.com.my/news/world/2025/09/21/us-new-h-1b-visa-fee-will-not-apply-to-existing-holders-axios-reports,https://apicms.thestar.com.my/uploads/images/2025/09/21/3531639.jpg,2025-09-20T17:53:00Z,"(Reuters) -A new $100,000 annual fee for H-1B visas in the United States goes into effect Sunday, but it will not be applied to existing holders of valid visas re-entering the country, Axios reported… [+669 chars]",technology
"{'id': 'financial-post', 'name': 'Financial Post'}",The Canadian Press,"Champagne tries to sell Europe on Canadian energy, critical mineral exports","OTTAWA — Canada’s finance minister says the country could be a “supplier of choice” for European markets looking to bolster energy security and defence capabilities. Following a meeting in Denmark with European Union finance ministers, Francois-Philippe Champ…",https://financialpost.com/pmn/champagne-tries-to-sell-europe-on-canadian-energy-critical-mineral-exports,,2025-09-20T17:49:44Z,"OTTAWA Canadas finance minister says the country could be a supplier of choice for European markets looking to bolster energy security and defence capabilities.
THIS CONTENT IS RESERVED FOR SUBSCRIB… [+5192 chars]",technology
"{'id': None, 'name': 'ZyCrypto'}",Guest Author,ETH and BTC Holders Seek Stable Income Through FleetMining Cloud Mining,"New York time: September 20, 2025 — FleetMining, a USA-based cloud mining company, announces the launch of its zero-cost cloud mining service, giving users the ability to mine popular cryptocurrencies like Bitcoin and Dogecoin without expensive hardware or el…",https://zycrypto.com/eth-and-btc-holders-seek-stable-income-through-fleetmining-cloud-mining/,https://zycrypto.com/wp-content/uploads/2025/09/ETH-and-BTC-Holders-Seek-Stable-Income-Through-FleetMining-Cloud-Mining-1.jpg,2025-09-20T17:47:47Z,"Disclaimer: The below article is sponsored, and the views in it do not represent those of ZyCrypto. Readers should conduct independent research before taking any actions related to the project mentio… [+4262 chars]",technology
"{'id': None, 'name': 'Theaviationist.com'}",Parth Satam,Indonesian Air Force’s First Rafale Takes Maiden Flight,"Jakarta is procuring 16 dual-seat and 26 single seat Rafales, with deliveries expected to being by February 2026, according to Indonesian reports. The Indonesian Air Force’s (TNI Angkatan Udara – TNI AU) first Dassault Rafale F4 made its maiden flight at Dass…",https://theaviationist.com/2025/09/20/indonesian-rafale-first-flight/,https://theaviationist.com/wp-content/uploads/2025/09/Indonesia-First-Rafale-Flight-1.jpg,2025-09-20T17:44:29Z,"The Indonesian Air Forces (TNI Angkatan Udara TNI AU) first Dassault Rafale F4 made its maiden flight at Dassaults factory at Bordeaux-Mérignac, as confirmed by images that appeared online on the eve… [+4873 chars]",technology
"{'id': 'associated-press', 'name': 'Associated Press'}",Barbara Ortutay,India expresses concern about Trump plan to hike fees on H-1B visas,"The Indian government expressed concern Saturday about President Donald Trump’s latest push to upend American immigration policy, dramatically raising the fee for visas that bring tech workers from India and other countries to the United States. The president…",https://apnews.com/article/h1b-visa-changes-trump-cbb0995814cf2c9a3c74a6dcf2b31d72,https://dims.apnews.com/dims4/default/e9aa3cf/2147483647/strip/true/crop/6000x3375+0+312/resize/1440x810!/quality/90/?url=https%3A%2F%2Fassets.apnews.com%2F5b%2F18%2F73979bddf97bdc0a76de126f5ac0%2F1429fe9c2be94d07acdd319e63f55acd,2025-09-20T17:43:26Z,"WASHINGTON (AP) The Indian government expressed concern Saturday about President Donald Trumps latest push to upend American immigration policy, dramatically raising the fee for visas that bring tech… [+8170 chars]",technology
"{'id': None, 'name': 'Bleeding Cool News'}",Ray Flook,"Alien: Earth Season 1 Finale Preview: Who Are ""The Real Monsters""?","If there was ever a time to use the phrase, ""the hunter has now become the hunted,"" it would be heading into next week's season finale of FX Networks and Showrunner Noah Hawley's Sydney Chandler-starring Alien: Earth. Based on the trailer for ""The Real Monste…",https://bleedingcool.com/tv/alien-earth-season-1-finale-preview-who-are-the-real-monsters/,https://bleedingcool.com/wp-content/uploads/2025/09/MixCollage-20-Sep-2025-01-39-AM-9785.jpg,2025-09-20T17:37:03Z,"Posted in: FX, Hulu, TV | Tagged: alien: earth
Check out a preview of next week's season finale of FX and Noah Hawley's Sydney Chandler-starring Alien: Earth, S01E08: ""The Real Monsters.""
Article S… [+3917 chars]",technology
"{'id': None, 'name': 'Wnd.com'}","Joseph F. Dunford, Real Clear Wire",‘A decisive capability’: Don’t undercut U.S. military power by undermining its AI,'We must also ensure that those in uniform and our intelligence professionals have a competitive advantage in AI',https://www.wnd.com/2025/09/decisive-capability-dont-undercut-u-s-military-power/,https://www.wnd.com/wp-content/uploads/2025/07/warplanes-cool-b-2-stealth-bomber-iran-nuclear-strikes-military-defense.jpg,2025-09-20T17:36:06Z,"A B-2 Spirit takes off from Whiteman Air Force Base, Missouri, in support of Operation Midnight Hammer, June 21, 2025. Midnight Hammer was a deeply coordinated strike combining air and naval firepowe… [+6084 chars]",technology
"{'id': 'techradar', 'name': 'TechRadar'}","waynewilliams@onmail.com (Wayne Williams) , Wayne Williams","Laser Processing Units could give traditional CPUs, GPUs and quantum computers a run for their money - but don’t expect them to run Windows anytime soon",LightSolver is developing a Laser Processor Unit it claims can challenge quantum systems and GPUs.,https://www.techradar.com/pro/laser-processing-units-could-give-traditional-cpus-gpus-and-quantum-computers-a-run-for-their-money-but-dont-expect-them-to-run-windows-anytime-soon,https://cdn.mos.cms.futurecdn.net/ESwyPszoNKe4KJGQFfbaDE.jpg,2025-09-20T17:32:00Z,<ul><li>LightSolver unveils Laser Processor Unit designed to solve physics equations at high speed</li><li>Laser computing system uses optical memory to avoid processor and memory data bottlenecks</l… [+2937 chars],technology
"{'id': None, 'name': 'JoBlo.com'}",Bryan Wolford,Cult Classics That Were Box Office Bombs,"Some classic films didn't make a strong impression at the box office but would build a following. What are some of your fav cult classics?
The post Cult Classics That Were Box Office Bombs appeared first on JoBlo.",https://www.joblo.com/cult-classics-that-were-box-office-bombs/,https://www.joblo.com/wp-content/uploads/2025/09/Cult-Classics.jpg,2025-09-20T17:31:12Z,"Not every movie can be a box office success. With so many films released year-round, there will inevitably be winners and losers. However, the truly great films go on to become something even bigger … [+10392 chars]",technology
"{'id': None, 'name': 'Philmckinney.com'}",Phil McKinney,The WSJ Got Quarterly Reporting Wrong: A Corporate Executive's Response,Why James Mackintosh's defense of quarterly reporting ignores what actually happens in corporate boardrooms.,https://www.philmckinney.com/the-wsj-got-quarterly-reporting-wrong-a-corporate-executives-response/,https://www.philmckinney.com/content/images/size/w1200/2025/09/How-the-WSJ-got-Quarterly-Reporting-Wrong-01.jpg,2025-09-20T17:28:12Z,James Mackintosh's recent Wall Street Journal piece defending quarterly earnings reporting reads like a textbook example of why academic analysis often misses the mark when it comes to understanding … [+7470 chars],technology
"{'id': None, 'name': 'DW (English)'}",Alexander Freund,Could Chinese AI threaten Western submarines?,A new Chinese AI system is said to detect even the most modern submarines. Is it a real threat to maritime security or just a bluff? Psychological warfare has often involved touting technological superiority while suggesting that opponents are powerless again…,https://www.dw.com/en/could-chinese-ai-threaten-western-submarines/a-74076830,https://static.dw.com/image/73522581_6.jpg,2025-09-20T17:26:00Z,Psychological warfare has often involved touting technological superiority while suggesting that opponents are powerless against it. Which might be the right context in which to view a new study abou… [+6259 chars],technology
"{'id': None, 'name': 'Theaviationist.com'}",Kai Greet,Interesting Aircraft Details You Might Have Missed,"Let’s take a look at some of the most interesting details you might not have noticed on your favorite aircraft. Across the variety of aircraft types operating worldwide past and present, there are a whole host of unusual, hidden, or under-discussed features, …",https://theaviationist.com/2025/09/20/aircraft-details-you-might-have-missed/,https://theaviationist.com/wp-content/uploads/2025/09/aircraftdetails_1.jpg,2025-09-20T17:14:37Z,"Across the variety of aircraft types operating worldwide past and present, there are a whole host of unusual, hidden, or under-discussed features, details, and curiosities that make for interesting s… [+14192 chars]",technology
"{'id': None, 'name': 'PBS'}","Pan Pylas, Associated Press, Jamey Keaten, Associated Press","Cyberattack disrupts systems at several major European airports, delaying travel","A cyberattack targeting check-in and boarding systems disrupted air traffic and caused delays at several of Europe’s major airports on Saturday. While the impact on travelers appeared to be limited, experts said the intrusion exposed vulnerabilities in securi…",https://www.pbs.org/newshour/world/cyberattack-disrupts-systems-at-several-major-european-airports-delaying-travel,https://d3i6fh83elv35t.cloudfront.net/static/2025/09/2025-09-20T090333Z_863064294_RC2KVGA19F8O_RTRMADP_3_EUROPE-AIRPORTS-CYBERATTACK-BRUSSELS-1024x768.jpg,2025-09-20T17:13:23Z,"LONDON (AP) A cyberattack targeting check-in and boarding systems disrupted air traffic and caused delays at several of Europes major airports on Saturday.
While the impact on travelers appeared to … [+4991 chars]",technology
"{'id': None, 'name': 'Yahoo Entertainment'}",G. Brian Davis,I’m a Mechanic: 5 Pricey Family Cars That Constantly Break Down,"Mechanics say these expensive family cars -- including Range Rover, Mercedes S-Class and Ford Expedition -- break down often and rack up costly repairs.",https://autos.yahoo.com/ownership/articles/m-mechanic-5-pricey-family-171109941.html,https://s.yimg.com/ny/api/res/1.2/pDDM_l.UdSwwTE6ZqxAgGw--/YXBwaWQ9aGlnaGxhbmRlcjt3PTEyMDA7aD02NzU-/https://media.zenfs.com/en/gobankingrates_644/695053a77fc0dcf4cab71c6e24ff88f8,2025-09-20T17:11:09Z,You dont always get what you pay for at least with car reliability. Thats why GOBankingRates spoke with several experts in the field to explore just which vehicles designed to haul around more people… [+2954 chars],technology
"{'id': 'abc-news', 'name': 'ABC News'}","BARBARA ORTUTAY Associated Press, SEUNG MIN KIM Associated Press",India expresses concern about Trump plan to hike fees on H-1B visas,"Indian officials say the measure is likely to have ""humanitarian consequences.""",https://abcnews.go.com/Business/wireStory/india-expresses-concern-trump-plan-hike-fees-1b-125768990,https://s.abcnews.com/images/US/abc_news_default_2000x2000_update_16x9_992.jpg,2025-09-20T17:11:01Z,"WASHINGTON -- The Indian government expressed concern Saturday about President Donald Trump's latest push to upend American immigration policy, dramatically raising the fee for visas that bring tech … [+6411 chars]",technology
"{'id': None, 'name': 'TheStreet'}",Vuk Zdinjak,Analysts revamp Nvidia stock outlook on its investment in Intel,"Analysts provided their opinion on Nvidia stock, following the company's $5 billion investment into Intel.",https://www.thestreet.com/technology/analysts-revamp-nvidia-stock-outlook-on-its-investment-in-intel-,https://media.zenfs.com/en/thestreet_881/1db9718e9951296b28f343a35813aa9b,2025-09-20T17:07:00Z,"Nvidia has relied on ARM for CPU cores in its superchips for quite some time. The company even tried to acquire ARM, but the FTC blocked the acquisition. Nvidia has more new chips planned based on AR… [+4042 chars]",technology
"{'id': 'the-times-of-india', 'name': 'The Times of India'}",AP,India expresses concern about Trump plan to hike fees on H-1B visas that bring tech workers to US,"The president on Friday signed a proclamation that will require a $100,000 annual fee for H-1B visas - meant for high-skilled jobs that tech companies find hard to fill. He also rolled out a $1 million ""gold card"" visa for wealthy individuals, moves that face…",https://economictimes.indiatimes.com/tech/technology/india-expresses-concern-about-trump-plan-to-hike-fees-on-h-1b-visas-that-bring-tech-workers-to-us/articleshow/124018438.cms,"https://img.etimg.com/thumb/width-1200,height-900,imgsize-32658,resizemode-75,msid-124018438/tech/technology/india-expresses-concern-about-trump-plan-to-hike-fees-on-h-1b-visas-that-bring-tech-workers-to-us.jpg",2025-09-20T17:06:02Z,"The Indian government expressed concern Saturday about President Donald Trump's latest push to upend American immigration policy, dramatically raising the fee for visas that bring tech workers from I… [+6384 chars]",technology
"{'id': None, 'name': 'New Zealand Herald'}",Catherine Fry,AI-driven chainsaw drone offers safer tree trimming near powerlines,The project has secured a $10 million government grant over five years.,https://www.nzherald.co.nz/the-country/news/ai-driven-chainsaw-drone-offers-safer-tree-trimming-near-powerlines/TXULVR4J4RDGXNF7SQ6NVAXCI4/,https://www.nzherald.co.nz/resizer/v2/4JWVTIGVBFFUVGWMN2JY2TCE2E.jpg?auth=a902dfce66f787db08df485d559757aecb1d9caebfd6ccaa5320eb95ef2277a9&width=1200&height=675&quality=70&focal=1088%2C580&smart=false,2025-09-20T17:03:00Z,"The project has received a $10 million grant over five years from the Ministry of Business, Innovation and Employment. 
The team includes Green, UC mechanical engineering professor Dan Zhao, UAV exp… [+1361 chars]",technology
"{'id': None, 'name': 'ETF Daily News'}",MarketBeat News,Alphabet (NASDAQ:GOOGL) and Autohome (NYSE:ATHM) Critical Review,"Alphabet (NASDAQ:GOOGL – Get Free Report) and Autohome (NYSE:ATHM – Get Free Report) are both computer and technology companies, but which is the better investment? We will compare the two businesses based on the strength of their profitability, valuation, di…",https://www.etfdailynews.com/2025/09/20/alphabet-nasdaqgoogl-and-autohome-nyseathm-critical-review/,https://www.americanbankingnews.com/wp-content/timthumb/timthumb.php?src=https://www.marketbeat.com/logos/autohome-inc-logo-1200x675.png?v=20240430120143&w=240&h=240&zc=2,2025-09-20T17:02:49Z,"Alphabet (NASDAQ:GOOGL – Get Free Report) and Autohome (NYSE:ATHM – Get Free Report) are both computer and technology companies, but which is the better investment? We will compare the two businesses… [+5717 chars]",technology
"{'id': None, 'name': 'ETF Daily News'}",MarketBeat News,Cybersecurity Stocks To Keep An Eye On – September 17th,"Alphabet, CrowdStrike, Dell Technologies, Palo Alto Networks, and Emerson Electric are the five Cybersecurity stocks to watch today, according to MarketBeat’s stock screener tool. Cybersecurity stocks are shares of publicly traded companies that develop and d…",https://www.etfdailynews.com/2025/09/20/cybersecurity-stocks-to-keep-an-eye-on-september-17th/,https://www.americanbankingnews.com/wp-content/timthumb/timthumb.php?src=https://www.marketbeat.com/logos/google-inc-logo-1200x675.png&w=240&h=240&zc=2,2025-09-20T17:02:48Z,"Alphabet, CrowdStrike, Dell Technologies, Palo Alto Networks, and Emerson Electric are the five Cybersecurity stocks to watch today, according to MarketBeat’s stock screener tool. Cybersecurity stock… [+3123 chars]",technology
"{'id': None, 'name': 'Rlsbb.to'}",saamaan1@yahoo.com (Master),"Techlife News - Issue 725, 20 September 2025","Read the most relevant news of the week about the world of technology and its influence on our lives. New products, Apps, acquisitions in the industry, highlights about the digital world and everything about your favorite iGadgets and upgrades. Everything you…",https://post.rlsbb.to/techlife-news-issue-725-20-september-2025/,,2025-09-20T17:02:30Z,"Read the most relevant news of the week about the world of technology and its influence on our lives. New products, Apps, acquisitions in the industry, highlights about the digital world and everythi… [+333 chars]",technology
"{'id': None, 'name': 'Shtfplan.com'}",G. Calder,"Trump Urges Starmer: Use Military, Stop Illegal Immigration","President Trump visited the UK this week, during which he urged Britain to use every tool available to secure the Channel. Claiming he saw “millions of people” flow into the US before his term, he told reporters that mass, unchecked migration “destroys countr…",https://www.shtfplan.com/headline-news/trump-urges-starmer-use-military-stop-illegal-immigration,https://www.shtfplan.com/wp-content/uploads/2025/03/trump-threatens-russia-with-sanc.jpg,2025-09-20T17:00:30Z,"This article was originally published by G. Calder at The Exposé. 
President Trump visited the UK this week, during which he urged Britain to use every tool available to secure the Channel. Claiming… [+4673 chars]",technology
"{'id': None, 'name': 'GlobeNewswire'}",Tracer,Tracer Launches Initial Exchange Offering on Coinstore: Building a Trusted RWA Ecosystem for Carbon Removal,"Singapore, Sept. 20, 2025 (GLOBE NEWSWIRE) -- 15 September 2025 Singapore, Singapore — Coinstore has announced the official IEO of Tracer’s native token — TRCR ($TRCR) on its spot trading platform. The token is set to be listed as a TRCR/USDT pair, and will b…",https://www.globenewswire.com/news-release/2025/09/20/3153516/0/en/Tracer-Launches-Initial-Exchange-Offering-on-Coinstore-Building-a-Trusted-RWA-Ecosystem-for-Carbon-Removal.html,https://ml.globenewswire.com/Resource/Download/b63348fd-5ea0-4c38-9a26-75bef480798f,2025-09-20T17:00:00Z,"Singapore, Sept. 20, 2025 (GLOBE NEWSWIRE) -- 
15 September 2025 Singapore, Singapore Coinstore has announced the official IEO of Tracers native token TRCR ($TRCR) on its spot trading platform. The … [+3948 chars]",technology
"{'id': None, 'name': 'Nextpit.com'}",Jade Bryan,"Nothing's New Buds Have a Strange Feature, and It Actually Makes Sense",Nothing launches Ear (3) wireless ANC earbuds with a Super Mic feature. Learn what other upgrades the earbuds come with and when can you buy them.,https://www.nextpit.com/news/nothing-ear-3-earbuds-launch-super-feature-outsmart-competition,https://fs.npstatic.com/userfiles/7734655/image/Nothing-Ear-3-earbuds-walkie-talkie-feature-w1400h788.jpg,2025-09-20T17:00:00Z,"The arrival of the Ear (3) comes more than two years after the launch of the Ear (2). That long gap seems to have given Nothing enough time to pack in a slew of enhancements for this new generation.… [+2965 chars]",technology
"{'id': None, 'name': 'Wattsupwiththat.com'}",Anthony Watts,Earth’s natural CO2 vacuum cleaners,"From the ""giant sucking sound"" department and Utrecht University comes this bit of science saying what most of us already knew - nature is better at removing CO2 than any man-made scheme.",https://wattsupwiththat.com/2025/09/20/earths-natural-co2-vacuum-cleaners/,https://i0.wp.com/wattsupwiththat.com/wp-content/uploads/2025/09/the-spaceballs-atmospheric-vacuum-cleaner-1.webp?fit=953%2C512&quality=75&ssl=1,2025-09-20T17:00:00Z,From the “giant sucking sound” department and Utrecht University comes this bit of science saying what most of us already knew – nature is better at removing CO2 than any man-made scheme. Apologies t… [+3793 chars],technology
"{'id': 'techradar', 'name': 'TechRadar'}","philip.berne@futurenet.com (Philip Berne) , Philip Berne",I'm not ashamed to love the iPhone Air,"The iPhone Air sacrifices everything I love about today's best phones, so why do I regret not buying one? It's the durability and unique experience.",https://www.techradar.com/phones/iphone/im-not-ashamed-to-love-the-iphone-air,https://cdn.mos.cms.futurecdn.net/AETpLsVGpmizUVsGkmcESS.jpg,2025-09-20T17:00:00Z,"One of my colleagues abroad got both of his new iPhone models today – an orange iPhone 17 Pro and a blue iPhone Air – and was surprised that he seemed to be gravitating towards the Air.
My iPhone 17… [+5406 chars]",technology
"{'id': None, 'name': 'New Zealand Herald'}",Glenn Dwight,I’m having a midlife crisis – is it time for a podcast? Glenn Dwight,OPINION: Forget horsepower and chrome. What you really need is a microphone.,https://www.nzherald.co.nz/the-country/news/im-having-a-midlife-crisis-is-it-time-for-a-podcast-glenn-dwight/QHHKFO6I55FWBGYWVJDSLJ6E6I/,https://www.nzherald.co.nz/resizer/v2/V2XZ2RPZRNGJLLXV3LRXKD77IY.jpg?auth=385698fa8e82e59ad467962f247a69901be113b334fb13ae25632fc4f9b54ccd&width=1200&height=675&quality=70&focal=1547%2C400&smart=false,2025-09-20T17:00:00Z,"Even the engine noise is fake, piped in through the speakers like a Spotify playlist called Vroom Vibes.
Instead, the modern midlife crisis accessory is a podcast.
Forget horsepower and chrome. Wha… [+4288 chars]",technology
"{'id': None, 'name': 'GlobeNewswire'}",Goldragon,Goldragon Launches Next-Gen GameFi Ecosystem on BNB Chain with RWA-Backed Staking & Governance Tools,"SINGAPORE, Sept. 20, 2025 (GLOBE NEWSWIRE) -- With 5 Billion Tokens, Real-World Yield Features, Community-Driven Governance, and Sustainable Utilities, Goldragon Sets New Standards for GameFi Projects",https://www.globenewswire.com/news-release/2025/09/20/3153515/0/en/Goldragon-Launches-Next-Gen-GameFi-Ecosystem-on-BNB-Chain-with-RWA-Backed-Staking-Governance-Tools.html,https://ml.globenewswire.com/Resource/Download/6617924e-ba97-468d-be43-6b49b7613a71,2025-09-20T17:00:00Z,"SINGAPORE, Sept. 20, 2025 (GLOBE NEWSWIRE) -- 
With 5 Billion Tokens, Real-World Yield Features, Community-Driven Governance, and Sustainable Utilities, Goldragon Sets New Standards for GameFi Proje… [+4900 chars]",technology
"{'id': None, 'name': 'Yahoo Entertainment'}",BARBARA ORTUTAY and SEUNG MIN KIM,India expresses concern about Trump plan to hike fees on H-1B visas that bring tech workers to US,"The Indian government expressed concern Saturday about President Donald Trump's latest push to upend American immigration policy, dramatically raising the...",https://www.yahoo.com/news/articles/india-expresses-concern-trump-plan-165430984.html,https://s.yimg.com/cv/apiv2/social/images/yahoo_default_logo-1200x1200.png,2025-09-20T16:54:30Z,"WASHINGTON (AP) The Indian government expressed concern Saturday about President Donald Trump's latest push to upend American immigration policy, dramatically raising the fee for visas that bring tec… [+6569 chars]",technology
"{'id': None, 'name': 'Electrek'}",Jameson Dow,Porsche says EV intransigence will lose it $6B. Its solution? Move even slower,"Porsche has announced a delay in some future EV models, which parent company VW says will cost it $6B in forward profits. It’s doing this amid a global boom in EV sales, instead committing to an inferior powertrain choice that will only make it more irrelevan…",http://electrek.co/2025/09/20/porsche-says-ev-intransigence-will-lose-it-6b-its-solution-move-even-slower/,https://i0.wp.com/electrek.co/wp-content/uploads/sites/3/2024/05/Porsche-Macan-EV-production-2.jpeg?resize=1200%2C628&quality=82&strip=all&ssl=1,2025-09-20T16:50:07Z,"Porsche Macan EV production (Source: Porsche)
Porsche has announced a delay in some future EV models, which parent company VW says will cost it $6B in forward profits. It’s doing this amid a global … [+7227 chars]",technology
"{'id': None, 'name': 'Madshrimps.be'}",Stefan,GAMEMAX N90: A Panoramic Showcase with LED DOT Matrix Display and Wood Aesthetics,"Shenzhen, China, September 17th, 2025 – GAMEMAX, an emerging leader in PC gaming hardware including power supply units and cases, proudly introduces the N90 chassis. Building upon the success of the N80 chassis, the N90 adopts the dual-chamber layout and seam…",https://www.madshrimps.be/news/gamemax-n90-a-panoramic-showcase-with-led-dot-matrix-display-and-wood-aesthetics/,,2025-09-20T16:40:39Z,"Shenzhen, China, September 17th, 2025  GAMEMAX, an emerging leader in PC gaming hardware including power supply units and cases, proudly introduces the N90 chassis. Building upon the success of the N… [+3317 chars]",technology
"{'id': None, 'name': 'Biztoc.com'}",cnbc.com,"Big Tech companies, foreign governments scramble after Trump slaps $100,000 annual fee on H-1B visas","Major technology companies and foreign governments are rushing to respond after President Donald Trump late Friday announced plans to impose a $100,000 annual fee on H-1B visas, threatening to upend the program that underpins America's technology workforce.
T…",https://biztoc.com/x/4433ccd806666c5a,https://biztoc.com/cdn/4433ccd806666c5a_s.webp,2025-09-20T16:38:56Z,"Major technology companies and foreign governments are rushing to respond after President Donald Trump late Friday announced plans to impose a $100,000 annual fee on H-1B visas, threatening to upend … [+141 chars]",technology
"{'id': None, 'name': 'Screen Rant'}",Cathal Gunning,Abbott Elementary Season 5 Isn't Doing A Live Episode And That's Good,"Abbott Elementary's Quinta Brunson promised a daring choice for season 5, but I'm glad the hit sitcom is avoiding one TV trope.",https://screenrant.com/abbott-elementary-season-5-no-live-episode-good-why/,https://static0.srcdn.com/wordpress/wp-content/uploads/2025/09/quinta-brunson-s-janine-smiles-at-the-camera-in-abbott-elementary-season-3.jpeg?w=1600&h=900&fit=crop,2025-09-20T16:38:17Z,"While Abbott Elementary season 5 will feature an episode that was filmed live, Im already relieved to realize that the hit ABC sitcom wont be attempting to broadcast an episode live. Abbott Elementar… [+5767 chars]",technology
"{'id': None, 'name': 'CNBC'}",,"Big Tech companies, foreign governments scramble after Trump slaps $100,000 annual fee on H-1B visas","The announcement to impose a $100,000 annual fee on H-1B visas sent shockwaves through corporate America.",https://www.cnbc.com/2025/09/20/trump-h-1b-visa-tech-foreign-governments.html,https://image.cnbcfm.com/api/v1/image/108201555-17583167612025-09-19t211751z_1764404862_rc29vgaeytiy_rtrmadp_0_usa-trump.jpeg?v=1758316820&w=1920&h=1080,2025-09-20T16:35:13Z,"Major technology companies and foreign governments are rushing to respond after President Donald Trump late Friday announced plans to impose a $100,000 annual fee on H-1B visas, threatening to upend … [+2559 chars]",technology
"{'id': None, 'name': 'Orlando Sentinel'}","James Wilkins, Orlando Sentinel",Top Workplaces 2025: AIT Engineering earns distinction for small businesses,"Though the job primarily deals with the technological world behind our computer screens, AIT Engineering President Jason Eddy said the company’s employees...",https://www.orlandosentinel.com/2025/09/20/top-workplaces-2025-ait-engineering-earns-distinction-for-small-businesses/,https://s.yimg.com/cv/apiv2/social/images/yahoo_default_logo-1200x1200.png,2025-09-20T16:34:00Z,"Though the job primarily deals with the technological world behind our computer screens, AIT Engineering President Jason Eddy said the company’s employees are what make it successful.
“It’s basicall… [+3447 chars]",technology
"{'id': 'next-big-future', 'name': 'Next Big Future'}",Brian Wang,"What Should We Call OpenAI, XAI and Anthropic When They Are Trillion $ Startups?",I live in silicon valley which means I am well aware of the hype around the term Unicorn startups. The unicorn term was coined by Aileen Lee in 2013 for $1B+ private startups. It was not just to quickly get early investors eager to invest in startups. It was …,https://www.nextbigfuture.com/2025/09/what-should-we-call-openai-xai-and-anthropic-when-they-are-trillion-startups.html,https://nextbigfuture.s3.amazonaws.com/uploads/2025/09/Screenshot-2025-09-20-at-9.26.17-AM.jpg,2025-09-20T16:33:17Z,I live in silicon valley which means I am well aware of the hype around the term Unicorn startups. The unicorn term was coined by Aileen Lee in 2013 for $1B+ private startups. It was not just to quic… [+3590 chars],technology
"{'id': None, 'name': 'Techpinions.com'}",Jeff Baumgart,NextGen TV transforms fall football viewing with native HDR broadcast in New Orleans,"The fall football season is in full swing, and local broadcasters are using NEXTGEN TV technology to improve the viewing experience for fans. On August 23, Gray Media made history by broadcasting a New Orleans preseason professional football game entirely in …",https://techpinions.com/nextgen-tv-transforms-fall-football-viewing-with-native-hdr-broadcast-in-new-orleans/,https://techpinions.com/wp-content/uploads/2025/09/NextGen-Football-1024x585.png,2025-09-20T16:30:00Z,"The fall football season is in full swing, and local broadcasters are using NEXTGEN TV technology to improve the viewing experience for fans. On August 23, Gray Media made history by broadcasting a N… [+2100 chars]",technology
"{'id': None, 'name': 'Yahoo Entertainment'}",Leslie Sattler,Developers spark backlash with plans near historic US battlefield: 'There is no time for complacency',"Opposition groups sent petitions with 18,000 signatures to officials.",https://www.yahoo.com/news/articles/developers-spark-backlash-plans-near-163000802.html,https://s.yimg.com/ny/api/res/1.2/s6eJUmvOtms042AarHrYqQ--/YXBwaWQ9aGlnaGxhbmRlcjt3PTEyMDA7aD02NzU7Y2Y9d2VicA--/https://media.zenfs.com/en/the_cool_down_737/e4d762cc92c4340c730bc540d900b01a,2025-09-20T16:30:00Z,"Colonial reenactors marched to Massachusetts's Capitol building in April to fight plans that would bring an increase of 6,000 annual flights by private aircraft near Revolutionary War landmarks, repo… [+2291 chars]",technology
"{'id': None, 'name': 'The Football Faithful'}",,Chelsea boss Maresca explains Cole Palmer sub in Man Utd defeat,Chelsea manager Enzo Maresca revealed that he subbed off Cole Palmer in the first half of their 2-1 defeat to Man Utd because he was not fully fit coming into the game. The Italian was forced into ma...,https://thefootballfaithful.com/chelsea-maresca-cole-palmer-sub-man-utd/,https://photobooth-api.onefootball.com/api/screenshot/%2Fv2%2Fphotobooth%2Fcms%2Fen%2F41693764%3Fdate=2025-09-20,2025-09-20T20:41:00Z,"Chelsea manager Enzo Maresca revealed that he subbed off Cole Palmer in the first half of their 2-1 defeat to Man Utd because he was not fully fit coming into the game.
The Italian was forced into m… [+2595 chars]",sports
"{'id': None, 'name': 'CBS Sports'}",Chelena Goldman,"Saints vs. Seahawks: Where to watch NFL Week 3, betting odds, promos, prediction for Rattler vs. Darnold",The Seattle Seahawks host the New Orleans Saints in Week 3 of the NFL season on Paramount+,https://www.cbssports.com/nfl/news/saints-vs-seahawks-where-to-watch-nfl-week-3-betting-odds-promos-prediction-for-rattler-vs-darnold/,https://sportshub.cbsistatic.com/i/r/2025/09/02/9e938743-3006-4ca8-bdb1-dfd01cbe1e60/thumbnail/1200x675/7bd8bd1024fa8424a442c09fdedf0a41/seahawks-imagn.jpg,2025-09-20T20:38:36Z,"The New Orleans Saints will visit the Seattle Seahawks for a Week 3 NFL clash on Paramount+. The Saints are still looking for their first win of the season, falling to the San Francisco 49ers their l… [+2716 chars]",sports
"{'id': 'fox-news', 'name': 'Fox News'}",,Selena Gomez's health battle takes painful turn as star reveals lupus complication,"Singer Selena Gomez's lupus-related arthritis diagnosis sheds light on how up to 90% of lupus patients experience joint pain, according to medical experts and recent research.",https://www.foxnews.com/health/selena-gomezs-health-battle-takes-painful-turn-star-reveals-lupus-complication,https://static.foxnews.com/foxnews.com/content/uploads/2025/09/selena-gomez-lupus-arthritis.jpg,2025-09-20T20:37:44Z,"Singer and actress Selena Gomez recently revealed that she developed arthritis related to her lupus, a condition she has openly discussed since she disclosed it in 2015.  
This highlights that while… [+4664 chars]",sports
"{'id': None, 'name': 'ClutchPoints'}",ClutchPoints,Syracuse football’s Steve Angeli exits Clemson game with non-contact leg injury,"Syracuse football quarterback Steve Angeli would leave the Clemson game once again, though this time it came on a non-contact injury.",https://clutchpoints.com/ncaa-football/syracuse-football-news-steve-angeli-exits-clemson-game-with-non-contact-leg-injury,https://media.zenfs.com/en/clutchpoints_articles_939/de739fbfcfbde71b6864815ffb11d1bd,2025-09-20T20:37:12Z,"The post Syracuse footballs Steve Angeli exits Clemson game with non-contact leg injury appeared first on ClutchPoints.
After Syracuse football quarterback Steve Angeli returned from an injury scare… [+2274 chars]",sports
"{'id': None, 'name': 'Bleeding Cool News'}",Chad McMahon,WWE WrestlePalooza Preview: Your Guide to an Epic Event Tonight,"The Chadster is literally quivering with excitement right now!  Tonight's WWE WrestlePalooza is going to be the most incredible wrestling show of all time, and The Chadster can't wait to witness history unfold on ESPN! This inaugural Premium Live Event ma…",https://bleedingcool.com/tv/wwe-wrestlepalooza-preview-your-guide-to-an-epic-event-tonight/,https://bleedingcool.com/wp-content/uploads/2025/09/20250905_Wrestlepalooza_JohnCenaBrockWho_16x9.jpg,2025-09-20T20:37:03Z,"Posted in: Sports, TV, WWE | Tagged: wrestling, WWE WrestlePalooza
The Chadster previews tonight's historic WWE WrestlePalooza on ESPN! Every match will be the greatest of all time! Tony Khan could … [+11153 chars]",sports
"{'id': 'abc-news-au', 'name': 'ABC News (AU)'}",Simon Smale,Javelin bronze the 'icing on the cake' for Dr Little,"Mackenzie Little's second successive World Athletics Championships bronze medal is an amazing achievement, all the more so considering she's a full-time surgical resident.",https://www.abc.net.au/news/2025-09-21/dr-mackenzie-little-javelin-bronze-medal-world-champs/105798484,https://live-production.wcms.abc-cdn.net.au/f9c9edb6bbb286323aa36ac500a936aa?impolicy=wcms_watermark_news&cropH=2813&cropW=5000&xPos=0&yPos=95&width=862&height=485&imformat=generic,2025-09-20T20:35:54Z,"It's been a big week for Mackenzie Little, the athlete.
A bronze medal at the 2025 World Athletic Championships, her second in a row, was the icing on the cake for what had been a challenging year o… [+5919 chars]",sports
"{'id': 'newsweek', 'name': 'Newsweek'}",James Brizuela,NFL Punishes Chiefs' Travis Kelce Before Facing Giants,The NFL has come down on Kansas City Chiefs star Travis Kelce before the New York Giants matchup.,https://www.newsweek.com/sports/nfl/nfl-punishes-chiefs-travis-kelce-before-facing-giants-2133099,https://d.newsweek.com/en/full/2715230/kelce.jpg,2025-09-20T20:34:59Z,"The NFL is cracking down on rules that break the conduct policy, especially if they are unsportsmanlike in nature. Kansas City Chiefs star Travis Kelce has violated those rules, resulting in a massiv… [+2256 chars]",sports
"{'id': 'fox-news', 'name': 'Fox News'}",,California high school volleyball team with trans athlete sees more forfeits following lawsuit by teammates,"Aquinas, Yucaipa and San Dima high schools forfeited volleyball games against Jurupa Valley at the Freeway Games tournament in Riverside County last weekend.",https://www.foxnews.com/sports/california-high-school-volleyball-team-trans-athlete-sees-more-forfeits-following-lawsuit-teammates,https://static.foxnews.com/foxnews.com/content/uploads/2025/07/volleyballs.jpg,2025-09-20T20:34:12Z,A girls' high school volleyball team with a transgender player in California saw more games forfeited off its schedule last weekend. The forfeits are the first to come after a lawsuit was filed by th… [+4924 chars],sports
"{'id': None, 'name': 'CBS Sports'}",Chelena Goldman,"Broncos vs. Chargers: Where to watch NFL Week 3, odds, promos, bets, prediction for Bo Nix vs. Justin Herbert",The Los Angeles Chargers host the Denver Broncos in Week 3 of the NFL season on Paramount+,https://www.cbssports.com/nfl/news/broncos-vs-chargers-where-to-watch-nfl-week-3-odds-promos-bets-prediction-for-bo-nix-vs-justin-herbert/,https://sportshub.cbsistatic.com/i/r/2025/09/15/3969f80c-d421-4f91-9aa3-083332a7f809/thumbnail/1200x675/7ec61dc4b53622f9258d4694e9e6a262/chargers-imagn.jpg,2025-09-20T20:33:02Z,The AFC West is up for grabs and the Los Angeles Chargers will fight to stay on top against the Denver Broncos in NFL Week 3 on Paramount+. Justin Herbert and the Chargers sit atop the division at 2-… [+3078 chars],sports
"{'id': None, 'name': 'The Denver Post'}",Sean Keeler,Grading The Week: Ex-Nuggets coach Michael Malone is back with ESPN. Will Nikola Jokic have advocate at Disney?,"Don't tell Kendrick Perkins, but Nuggets star Nikola Jokic might finally have a mole in Mouse Country.",https://www.denverpost.com/2025/09/20/michael-malone-nikola-jokic-nuggets-espn/,https://www.denverpost.com/wp-content/uploads/2025/03/TDP-L-NUGGETS-BULLSAO2_4542x.jpg?w=1024&h=699,2025-09-20T20:31:38Z,"Don’t tell Kendrick Perkins, but Nikola Jokic might finally have a mole in Mouse Country.
Between trying to get a handle on the idea of NFL “leverage” and wondering if the 2025 Rockies will pull a r… [+3578 chars]",sports
"{'id': None, 'name': 'Bleed Cubbie Blue'}",Al Yellon,"Chicago Cubs vs. Cincinnati Reds preview, Saturday 9/20, 5:40 CT",The Cubs look to edge closer to clinching home field for the Wild Card series.,https://www.bleedcubbieblue.com/chicago-cubs-game-previews/196009/chicago-cubs-cincinnati-reds-preview-saturday,https://platform.bleedcubbieblue.com/wp-content/uploads/sites/35/2025/09/imagn-27113090.jpg?quality=90&strip=all&crop=0%2C0.61764567999625%2C100%2C78.541971362193&w=1200,2025-09-20T20:30:00Z,"Todays roster move: Here
Saturday notes:
<ul><li>TIME TO WIN ONE, GUYS: This is just the seventh of the Cubs 51 series in which they lost the first two games. There was no third game after the firs… [+3910 chars]",sports
"{'id': None, 'name': 'Richmond.com'}",HILLEL ITALIE Associated Press,"Sonny Curtis, Crickets member who penned 'Mary Tyler Moore Show' theme, dies at 88","He wrote or co-wrote hundreds of songs, from Keith Whitley's smash ""I'm No Stranger to the Rain"" to the Everly Brothers' ""Walk Right Back.""",https://richmond.com/news/nation-world/obituaries/article_026e4025-80f3-5c22-bae5-565d9b836033.html,https://bloximages.newyork1.vip.townnews.com/richmond.com/content/tncms/assets/v3/editorial/0/26/026e4025-80f3-5c22-bae5-565d9b836033/68cedcc8a221d.preview.jpg?crop=332%2C332%2C135%2C182&resize=200%2C200&order=crop%2Cresize,2025-09-20T20:30:00Z,"Sonny Curtis, a vintage rock 'n' roller who wrote the raw classic ""I Fought the Law"" and posed the enduring question ""Who can turn the world on with her smile?"" as the writer-crooner of the theme son… [+22391 chars]",sports
"{'id': None, 'name': 'Independent.ie'}",Eamonn Sweeney,Eamonn Sweeney: Best is yet to come from Ireland’s new athletics superstars after World Championships heroics,One of Irish athletics’ greatest afternoons was one of Irish sport’s great tales of the unexpected.,https://www.independent.ie/sport/other-sports/athletics/eamonn-sweeney-best-is-yet-to-come-from-irelands-new-athletics-superstars-after-world-championships-heroics/a242629129.html,https://focus.independent.ie/thumbor/0Pr5TZCZUw_mDLZzq7giVEqpqHE=/46x0:3238x2128/629x0/prod-mh-ireland/5f06f895-dc97-4636-ba50-bbf88f5ef087/86e18198-924d-42b3-988b-e2f58c2498d8/5f06f895-dc97-4636-ba50-bbf88f5ef087.jpg,2025-09-20T20:30:00Z,"Kate OConnor and Cian McPhillips have moved into elite territory
One of Irish athletics greatest afternoons was one of Irish sports great tales of the unexpected.
No-one saw this coming. Not even t… [+22 chars]",sports
"{'id': None, 'name': 'Onefootball.com'}",,"Cruzeiro win appeal at STJD, get boost for RB Bragantino clash","Cruzeiro has gained a ""boost"" for the clash with RB Bragantino, at 8:30 PM (Brasília time) on Sunday (21), at Mineirão, for the 24th round of the Brasileirão.The Minas Gerais club managed to reduce...",https://onefootball.com/en/news/cruzeiro-win-appeal-at-stjd-get-boost-for-rb-bragantino-clash-41693685,https://photobooth-api.onefootball.com/api/screenshot/%2Fv2%2Fphotobooth%2Fcms%2Fen%2F41693685%3Fdate=2025-09-20,2025-09-20T20:27:00Z,"Cruzeiro has gained a ""boost"" for the clash with RB Bragantino, at 8:30 PM (Brasília time) on Sunday (21), at Mineirão, for the 24th round of the Brasileirão.
The Minas Gerais club managed to reduce… [+699 chars]",sports
"{'id': None, 'name': 'HollandSentinel.com'}",The Holland Sentinel,Hope College football survives comeback attempt thanks to Bolhouse interception,The Hope College football team defeated Mount St. Joseph with a strong first half and a key turnover.,https://www.hollandsentinel.com/story/sports/college/2025/09/20/hope-college-football-beats-mount-st-joseph-behind-bolhouse-pick/86080504007/,https://s.yimg.com/ny/api/res/1.2/J4SQcUFo12oXix8.9uJTbw--/YXBwaWQ9aGlnaGxhbmRlcjt3PTEyMDA7aD03OTU7Y2Y9d2VicA--/https://media.zenfs.com/en/the-holland-sentinel/b64b6fd9a65cffa868334823f8a3b8fe,2025-09-20T20:25:21Z,"HOLLAND - Trenten Bolhouse was known at Zeeland West for his play at quarterback, but his play at defensive back was overshadowed.
That ended when Bolhouse snagged a key interception from his safety… [+4379 chars]",sports
"{'id': None, 'name': 'CBS Sports'}",Blake Von Hagen,"Falcons vs. Panthers: Where to watch NFL Week 3, odds, prediction, promos for Michael Penix vs. Bryce Young",The Carolina Panthers host the Atlanta Falcons in Week 3 of the NFL season,https://www.cbssports.com/nfl/news/falcons-vs-panthers-where-to-watch-nfl-week-3-odds-prediction-promos-for-michael-penix-vs-bryce-young/,https://sportshub.cbsistatic.com/i/r/2025/09/17/ff35d2f2-b86f-4f8e-b768-eaef462145da/thumbnail/1200x675/e7232a0bf2a667a16fec064e90d13fef/falcons-cbs.jpg,2025-09-20T20:23:21Z,The Carolina Panthers will try to get in the win column for the first time this season when they host the Atlanta Falcons in an NFC South matchup during the Week 3 NFL schedule. Carolina opened the s… [+2853 chars],sports
"{'id': None, 'name': 'Sky Sports'}",,"Amorim: We must build on this | 'Biggest win as Man Utd boss,' says Redknapp","Jamie Redknapp believes Manchester United's 2-1 win over Chelsea is the biggest win of Ruben Amorim's reign at Old Trafford, while the Portuguese head coach has called for his side to build on their newfound momentum.",https://www.skysports.com/football/news/11667/13435237/man-utd-2-1-chelsea-ruben-amorim-calls-on-his-side-to-build-momentum-as-jamie-redknapp-praises-biggest-win-of-his-old-trafford-reign,https://e0.365dm.com/25/09/1600x900/skysports-ruben-amorim-man-utd_7027083.jpg?20250920205722,2025-09-20T20:22:00Z,"Jamie Redknapp believes Manchester United's 2-1 win over Chelsea is the biggest win of Ruben Amorim's reign at Old Trafford, while the Portuguese head coach has called for his side to build on their … [+3855 chars]",sports
"{'id': None, 'name': 'Latest News in Nigeria & Breaking Naija News 24/7 | LEGIT.NG'}",Chinasa Afigbo,"“It Would Be Difficult for Wizkid, Davido, Burna to Collaborate”: Ubi Franklin Gives Reasons in Clip","Music entrepreneur Ubi Franklin trended online as he weighed in on the possible collaboration between Afrobeats' ""Big 3"" Wizkid, Davido, and Burna Boy.",https://www.legit.ng/entertainment/celebrities/1675024-difficult-wizkid-davido-burna-collaborate-ubi-franklin-reasons-clip/,https://cdn.legit.ng/images/1200x675/b91f52d24eeedf26.jpeg?v=1,2025-09-20T20:20:32Z,"<ul><li>Music entrepreneur Ubi Franklin has stated that a collaboration between Afrobeats' ""Big 3"" Wizkid, Davido, and Burna Boy would be tough</li><li>On the Afropolitan podcast, Franklin compared t… [+3870 chars]",sports
"{'id': 'fox-news', 'name': 'Fox News'}",,North Texas football player pulls off epic 'Stone Cold' Steve Austin beer celebration,"A University of North Texas football player marked his fumble recovery with a ""Stone Cold"" Steve Austin tribute, paying homage to the WWE legend and former UNT player.",https://www.foxnews.com/sports/north-texas-football-player-pulls-off-epic-stone-cold-steve-austin-beer-celebration,https://static.foxnews.com/foxnews.com/content/uploads/2025/09/north-texas-flag-92025.jpg,2025-09-20T20:20:15Z,"A University of North Texas football player pulled off an epic celebration after a fumble recovery on Saturday, and it might have had an extra meaning.
The Mean Green took on the Army Black Knights … [+1558 chars]",sports
"{'id': None, 'name': 'Bringatrailer.com'}",bringatrailer,"One-Owner, 29k-Mile 1989 Porsche 911 Carrera Coupe G50","This 1989 Porsche 911 Carrera coupe was purchased new by the current owner at Essex Sports Car in Maplewood, New Jersey, and now shows 29k miles. Finished in Stone Grey Metallic over black leather, the car is powered by a 3.2-liter flat-six paired with a G50 …",https://bringatrailer.com/listing/1989-porsche-911-carrera-coupe-52/,https://bringatrailer.com/wp-content/uploads/2025/08/1989_porsche_911-carrera-coupe_20250916_133753-30542.jpg,2025-09-20T20:20:09Z,"This 1989 Porsche 911 Carrera coupe was purchased new by the current owner at Essex Sports Car in Maplewood, New Jersey, and now shows 29k miles. Finished in Stone Grey Metallic over black leather, t… [+2679 chars]",sports
"{'id': None, 'name': 'CBS Sports'}",Owen OBrien,"Buccaneers vs. Jets: Where to watch NFL Week 3, betting odds, prediction for Baker Mayfield vs. Tyrod Taylor",The Tampa Bay Buccaneers host the New York Jets in Week 3 of the NFL season,https://www.cbssports.com/nfl/news/buccaneers-vs-jets-where-to-watch-nfl-week-3-betting-odds-prediction-for-baker-mayfield-vs-tyrod-taylor/,https://sportshub.cbsistatic.com/i/r/2025/09/15/705dd612-10f2-42f8-b68f-c16254b0834e/thumbnail/1200x675/c02ad24169e7a827a71e2bd3ccdfd302/bucs-imagn.jpg,2025-09-20T20:19:25Z,"The Tampa Bay Buccaneers will host the New York Jets in an NFL Week 3 matchup on Sunday where the Buccaneers get to play at home for the first time, and the Jets travel away from MetLife Stadium for … [+3705 chars]",sports
"{'id': None, 'name': 'BroBible'}",Grayson Weir,Jackson Arnold’s Girlfriend Bails On Oklahoma As Auburn Quarterback Returns To Boos In Norman,"Jackson Arnold started dating his girlfriend, Skyler Marshall, in high school. He ultimately left her behind at Oklahoma when he transferred to Auburn so Saturday’s college football game present a unique conundrum. Was she going to root for her school, her bo…",https://brobible.com/sports/article/jackson-arnold-girlfriend-skyler-marshall-auburn-oklahoma-boo/,https://brobible.com/wp-content/uploads/2025/09/jackson-arnold-girlfriend.jpg,2025-09-20T20:19:10Z,"© Kevin Jairaj-Imagn Images // @skylerrmarshall-Instagram
Audio By Carbonatix
Jackson Arnold started dating his girlfriend, Skyler Marshall, in high school. He ultimately left her behind at Oklahom… [+2680 chars]",sports
"{'id': None, 'name': 'CBS Sports'}",Jeff Kerr,Eagles offensive linemen sound off on potential death of Tush Push: 'We might call it 18 times this week',"The infamous play may not make it past this season, and Eagles players have plenty to say about it",https://www.cbssports.com/nfl/news/eagles-offensive-linemen-sound-off-on-potential-death-of-tush-push-we-might-call-it-18-times-this-week/,https://sportshub.cbsistatic.com/i/r/2025/09/20/403c9c56-6f42-42fb-ba5f-d3b63d4626c0/thumbnail/1200x675/2a63bf8759ef49b580630da794a87102/tush-push-getty.png,2025-09-20T20:13:10Z,"PHILADELPHIA --Jordan Mailata is just as annoyed about the ""Tush Push"" as the people who complain about the play. 
Mailata is a significant piece of one of the best offensive lines in football, whic… [+5405 chars]",sports
"{'id': None, 'name': 'Slashdot.org'}",feedfeeder,"Week 3 NFL roundtable: QB injuries, Rams-Eagles, Chiefs meet Giants in winless clash - The New York Times","Week 3 NFL roundtable: QB injuries, Rams-Eagles, Chiefs meet Giants in winless clashThe New York Times NFL Week 3 injury report: Player statuses for all 16 gamesNFL.com Bad news for Da Bears and Mahomes in trouble: 5 things to know about Week 3 of the NFL sea…",https://slashdot.org/firehose.pl?op=view&amp;id=179408754,,2025-09-20T20:12:33Z,The Fine Print: The following comments are owned by whoever posted them. We are not responsible for them in any way.,sports
"{'id': None, 'name': 'Slashdot.org'}",feedfeeder,Xavier Worthy downgraded to out for Week 3 - NBC Sports,"Xavier Worthy downgraded to out for Week 3NBC Sports Chiefs WR Worthy (shoulder) ruled out vs. GiantsESPN Week 3 NFL Injury Report: New York Giants vs. Kansas City ChiefsGiants.com Chiefs injuries: Several players questionable, out for Sunday's game against t…",https://slashdot.org/firehose.pl?op=view&amp;id=179408748,,2025-09-20T20:12:23Z,The Fine Print: The following comments are owned by whoever posted them. We are not responsible for them in any way.,sports
"{'id': None, 'name': 'Manchester United'}",Adam Marshall,Shaw pinpoints one area to be delighted with,Luke provides his analysis of the much-deserved win over Chelsea.,https://www.manutd.com/en/news/detail/luke-shaw-feels-man-utd-defended-well-in-chelsea-home-win,https://assets.manutd.com/AssetPicker/images/0/0/22/232/1501374/MUFC_v_CFC_2526_AD_1881758397484339_large.jpg,2025-09-20T20:09:52Z,"""It was massive, I think we spoke a lot about the game and before the game about winning, that was the most important thing today,"" Shaw told Sky Sports following our victory.
""It was making sure th… [+314 chars]",sports
"{'id': None, 'name': 'Forbes'}","Tim Lammers, Contributor, 
 Tim Lammers, Contributor
 https://www.forbes.com/sites/timlammers/",When Is Sports Horror Thriller ‘HIM’ Coming To Streaming?,"“HIM,” a football-themed horror thriller starring Marlon Wayans and Tyriq Withers, is new in theaters. How soon will it be available on digital streaming?",https://www.forbes.com/sites/timlammers/2025/09/20/when-is-sports-horror-thriller-him-coming-to-streaming/,"https://imageio.forbes.com/specials-images/imageserve/68cf06ee936dafdbf222c834/0x0.jpg?format=jpg&crop=1579,888,x0,y923,safe&height=900&width=1600&fit=bounds",2025-09-20T20:06:56Z,"""HIM"" Marlon Wayans character poster.
Universal Pictures
HIM, a football-themed horror thriller starring Marlon Wayans and Tyriq Withers, is new in theaters. How soon will it be available on digita… [+3710 chars]",sports
"{'id': None, 'name': 'Sporting News'}",Jason Jones,TV star and lifelong Cleveland Browns fan weighs in on the Shedeur Sanders situation,Everybody is rooting for 'Grown' to be successful.,https://www.sportingnews.com/us/ncaa-football/colorado/news/tv-star-and-lifelong-cleveland-browns-fan-weighs-shedeur-sanders-situation/9acf5105ec1da3da96118928,https://library.sportingnews.com/styles/crop_style_16_9_desktop_webp/s3/2025-08/USATSI_26862685.jpg.webp?itok=2o6KPZmo,2025-09-20T20:05:57Z,"Steve Harvey, most known for being a comedian, actor and tv host, is also a celebrity super fan of Cleveland Sports. Most notably the Cleveland Browns. During the opening monologue of the 2019 NFL Ho… [+5735 chars]",sports
"{'id': 'fox-news', 'name': 'Fox News'}",,"Famed MLB scout, 59, found dead in hotel after apparent heart attack: report","Texas Rangers scout Scott Littlefield was found dead in a Houston hotel room after an apparent heart attack, according to a report. He was 59.",https://www.foxnews.com/sports/famed-mlb-scout-59-found-dead-hotel-after-apparent-heart-attack-report,https://static.foxnews.com/foxnews.com/content/uploads/2025/09/texas-rangers-hat-and-glove-3.jpg,2025-09-20T20:05:07Z,"Texas Rangers player personnel special assistant Scott Littlefield died on Friday at 59 years old, the team announced Saturday. 
Littlefield was found dead in his Houston hotel room after an apparen… [+2044 chars]",sports
"{'id': None, 'name': 'STLtoday.com'}",By Matthew DeFranks St. Louis Post-Dispatch,"In first scrimmage of Blues camp, Jimmy Snuggerud stands out to coach Jim Montgomery",Montgomery said Snuggerud “caught my eye quite a bit.”,https://www.stltoday.com/sports/professional/nhl/blues/article_619713c2-7ed2-4d33-a520-c30de241ae75.html,https://bloximages.newyork1.vip.townnews.com/stltoday.com/content/tncms/assets/v3/editorial/6/19/619713c2-7ed2-4d33-a520-c30de241ae75/68cf041d93d3e.preview.jpg?crop=1678%2C881%2C0%2C177&resize=1200%2C630&order=crop%2Cresize,2025-09-20T20:05:00Z,"It seems like Jimmy Snuggerud cant stop impressing Blues coaches through the first three days of training camp.
His latest chance came during Saturday mornings scrimmage the first of the fall when h… [+4413 chars]",sports
"{'id': None, 'name': 'CBS Sports'}",Richard Louis,"Cowboys vs. Bears: Where to watch NFL Week 3, betting odds, promos, prediction for Prescott vs. Williams",The SportsLine projection model reveals its picks for the NFL Week 3 game between the Dallas Cowboys and the Chicago Bears,https://www.cbssports.com/nfl/news/cowboys-vs-bears-where-to-watch-nfl-week-3-betting-odds-promos-prediction-for-prescott-vs-williams/,https://sportshub.cbsistatic.com/i/r/2025/09/11/3e819bde-654c-4ca7-b705-f64c0eaf2ed7/thumbnail/1200x675/ea1329b211b6bb5e03467e11ae4b822f/dak-prescott-dallas-cowboys-imagn-images-2.jpg,2025-09-20T20:04:12Z,The Chicago Bears (0-2) host the Dallas Cowboys (1-1) in an NFC showdown on Sunday afternoon in Week 3. The Cowboys secured an electric 40-37 win over the New York Giants in overtime last week. Meanw… [+2325 chars],sports
"{'id': None, 'name': 'New Zealand Herald'}",Gregor Paul,Ardie Savea carving his own path with NZ Rugby and Adidas,Adidas clashed with Savea after he launched his own clothing label.,https://www.nzherald.co.nz/sport/rugby/ardie-savea-carving-his-own-path-with-nz-rugby-and-adidas/7FSZWWSZ4BEOZLNRZOGCG75MH4/,https://www.nzherald.co.nz/resizer/v2/VVH26JC2Y5EA5DPXLA44TRPKZU.jpg?auth=2384dac1f6707960d1d722d9657bc5963ade44c29033914758ec945542ebed0c&width=1200&height=675&quality=70&smart=true,2025-09-20T20:01:00Z,"Hes only played two tests, veteran All Blacks hooker and long-time Hurricane Dane Coles said of Savea later that night.
He might be Wellingtons favourite son; Snakey [Conrad Smith] has gone and no-o… [+16747 chars]",sports
"{'id': None, 'name': 'Sneaker News'}",Andrew Rizzo,The Nike Air Max 95 Cools Off With Teal Accents For Holiday 2025,"Gradient colorways like the upcoming Air Max 95 “Solar Red” will always reign supreme among Nike collectors, but the 30th anniversary run for Sergio Lozano’s...

© Sneaker News, 2025. |
Permalink
|
No comment
|
Add todel.icio.us


The post The Nike Air Max 95…",https://sneakernews.com/2025/09/20/nike-air-max-95-smokey-blue-black-metallic-silver-ib1667-004/,https://sneakernews.com/wp-content/uploads/2025/09/nike-air-max-95-ib1667-004-6.jpg,2025-09-20T20:00:39Z,"Gradient colorways like the upcoming Air Max 95 “Solar Red” will always reign supreme among Nike collectors, but the 30th anniversary run for Sergio Lozano’s iconic runner-turned-lifestyle sneaker ha… [+1581 chars]",sports
"{'id': None, 'name': 'Forbes'}","Kris Holt, Contributor, 
 Kris Holt, Contributor
 https://www.forbes.com/sites/krisholt/","NYT Connections Sports Today: Hints, Answers For Sunday, September 21",Looking for some help with today's NYT Connections Sports Edition? Some hints and the answers for today's game are right here to help keep your streak alive.,https://www.forbes.com/sites/krisholt/2025/09/20/nyt-connections-sports-edition-today-hints-answers-for-sunday-september-21/,https://imageio.forbes.com/specials-images/imageserve/68c244e2120b6050a5f03cca/0x0.jpg?format=jpg&height=900&width=1600&fit=bounds,2025-09-20T20:00:20Z,"Looking for some help with today's NYT Connections: Sports Edition? Hints and the answers for today's game are right here to help keep your streak alive.
getty
Each days game of NYT Connections Spo… [+4310 chars]",sports
"{'id': None, 'name': 'allears.net'}",admin,13 Disney Items You’ll Regret Not Buying From Amazon This Weekend,"You definitely won't regret buying these Disney items from Amazon -- trust us.
The post 13 Disney Items You’ll Regret Not Buying From Amazon This Weekend appeared first on AllEars.Net.",https://allears.net/2025/09/20/13-disney-items-youll-regret-not-buying-from-amazon-this-weekend/,https://allears.net/wp-content/uploads/2025/03/2025-mickey-shorts-thumbnail-featured-image-mickey-shopping-mall-merch-store-629x625.png,2025-09-20T20:00:10Z,"We’re not going to lie, we kind of have a problem… and that problem is we have an obsession with Disney merchandise.
©Disney
It’s probably not surprising, and we know we’re certainly not the only o… [+4380 chars]",sports
"{'id': None, 'name': 'CNET'}",Gael Cooper,"Today's NYT Connections Hints, Answers and Help for Sept. 21, #833","Here's today's Connections answer and hints for groups. These clues will help you solve New York Times' popular puzzle game, Connections, every day!",https://www.cnet.com/tech/gaming/todays-nyt-connections-hints-answers-and-help-for-sept-21-833/,https://www.cnet.com/a/img/resize/600386913d35857db4ab5cf226431f739fe59ba9/hub/2025/03/26/c70b0a32-884a-4379-b77b-de75776952ba/nyt-word-games-connections-2798.jpg?auto=webp&fit=crop&height=675&width=1200,2025-09-20T20:00:07Z,"Looking for the most recent Connections answers? Click here for today's Connections hints, as well as our daily answers and hints for The New York Times Mini Crossword, Wordle, Connections: Sports Ed… [+2019 chars]",sports
"{'id': None, 'name': 'CNET'}",Gael Cooper,"Today's NYT Strands Hints, Answers and Help for Sept. 21 #567","Here's today's Strands answers and hints. These clues will help you solve The New York Times' popular puzzle game, Strands, every day.",https://www.cnet.com/tech/gaming/todays-nyt-strands-hints-answers-and-help-for-sept-21-567/,https://www.cnet.com/a/img/resize/094c1ae2618509665dadbce8d57e534b601ba85e/hub/2024/05/15/859c9110-e596-432b-8690-95e6102759c9/nyt-new-york-times-strands-2054.jpg?auto=webp&fit=crop&height=675&width=1200,2025-09-20T20:00:06Z,"Looking for the most recent Strands answer? Click here for our daily Strands hints, as well as our daily answers and hints for The New York Times Mini Crossword, Wordle, Connections and Connections: … [+1733 chars]",sports
"{'id': None, 'name': 'CNET'}",Gael Cooper,"Today's Wordle Hints, Answer and Help for Sept. 21, #1555","Here's today's Wordle answer, plus a look at spoiler-free hints and past solutions. These clues will help you solve The New York Times' popular puzzle game, Wordle, every day.",https://www.cnet.com/tech/gaming/todays-wordle-hints-answer-and-help-for-sept-21-1555/,https://www.cnet.com/a/img/resize/c2b8d1e2686bcca5e387fa0b6c89fa264d27a6c4/hub/2024/05/28/20480816-214e-4fcc-a9b4-b02f0ac71e7c/wordle-word-game-hints-puzzle-8667.jpg?auto=webp&fit=crop&height=675&width=1200,2025-09-20T20:00:04Z,"Looking for the most recent Wordle answer? Click here for today's Wordle hints, as well as our daily answers and hints for The New York Times Mini Crossword, Connections, Connections: Sports Edition … [+1134 chars]",sports
"{'id': None, 'name': 'STLtoday.com'}",Post-Dispatch staff,Miles Mikolas makes what could be final Busch Stadium start with Cardinals: First Pitch,"Miles Mikolas starts Saturday at 6:15 p.m. as the Cardinals continue a series vs. the Brewers, their second-to-last home game of the season.",https://www.stltoday.com/sports/professional/mlb/cardinals/article_04b14ee4-5146-4024-bcb4-6198f0f7c00c.html,https://bloximages.newyork1.vip.townnews.com/stltoday.com/content/tncms/assets/v3/editorial/0/4b/04b14ee4-5146-4024-bcb4-6198f0f7c00c/68cddd03c7f7b.preview.jpg?crop=1763%2C926%2C0%2C124&resize=1200%2C630&order=crop%2Cresize,2025-09-20T20:00:00Z,"Entering his final Busch Stadium start of 2025, Miles Mikolas can make one more pitch in St. Louis to remain in St. Louis.
Mikolas starts Saturday at 6:15 p.m. as the Cardinals continue a series vs.… [+3207 chars]",sports
"{'id': 'abc-news-au', 'name': 'ABC News (AU)'}",ABC News,How to watch Jess Hull race the 800m final at the world championships,"Australia is looking at a veritable super Sunday on the final day of the 2025 World Athletics Championships, with four medals up for grabs. Here's when the Aussie contenders are in action.",https://www.abc.net.au/news/2025-09-21/sunday-2025-world-athletics-championships-tokyo-hull/105796966,https://live-production.wcms.abc-cdn.net.au/cc4f4dac9da25d99e9c182742d83e0a7?impolicy=wcms_watermark_news&cropH=576&cropW=1024&xPos=0&yPos=53&width=862&height=485&imformat=generic,2025-09-20T19:57:03Z,"The final day of the 2025 World Athletics Championships in Tokyo has the potential to be a super Sunday of epic proportions for Australia.
What Australians are in action on Sunday?
<ul><li>High jum… [+6917 chars]",sports
"{'id': 'newsweek', 'name': 'Newsweek'}",Andrew Ravens‎,Former WWE Champion Makes Surprise AEW Debut,"At AEW All Out 2025, the reunited team of Adam Copeland and Christian Cage defeated FTR, which also included the debut of Beth Copeland.",https://www.newsweek.com/sports/wrestling/former-wwe-champion-makes-surprise-aew-debut-2133089,https://d.newsweek.com/en/full/2700534/aew-arena.jpg,2025-09-20T19:54:36Z,"Adam Copeland and Christian Cage were victorious in their emotional reunion match at AEW All Out, but their celebration was cut short by a brutal post-match attack. The legendary duo defeated FTR in … [+2784 chars]",sports
"{'id': None, 'name': 'Freerepublic.com'}",The American Spectator,Jimmy Kimmel’s Pious Death Spiral,"Hopefully an end to this half-activist, half-entertainer, full fraud.Jimmy Kimmel’s indefinite suspension from ABC feels less like censorship than comeuppance. The comedian who once built his reputation on gleeful political incorrectness now finds himself hoi…",https://freerepublic.com/focus/f-news/4341784/posts,,2025-09-20T19:53:13Z,"Skip to comments.
 Jimmy Kimmels Pious Death SpiralThe American Spectator ^
 | September 19, 2025, 10:04 PM
 | John Mac Ghlionn
Posted on 09/20/2025 12:53:13 PM PDT by E. Pluribus Unum
Hopefully… [+5378 chars]",sports
"{'id': None, 'name': 'CBS Sports'}",Richard Louis,"Commanders vs. Raiders: Where to watch NFL Week 3, odds, promos, prediction with Jayden Daniels out",The SportsLine projection model reveals its picks for the NFL Week 3 game between the Las Vegas Raiders and the Washington Commanders,https://www.cbssports.com/nfl/news/commanders-vs-raiders-where-to-watch-nfl-week-3-odds-promos-prediction-with-jayden-daniels-out/,https://sportshub.cbsistatic.com/i/r/2025/09/16/5056c67a-0326-44d1-ab12-1fbcc72a0900/thumbnail/1200x675/cacc9a0fd94275492273f522b9c91b1c/deebo-samuel-commanders.png,2025-09-20T19:52:53Z,"The Las Vegas Raiders (1-1) travel to play the Washington Commanders (1-1) on Sunday in Week 3. The Raiders were defeated at home by the Los Angeles Chargers last week, while the Commanders fell to t… [+2231 chars]",sports
"{'id': None, 'name': 'New York Post'}",Bridget Reilly,How Saquon Barkley views ex-Giants QB Daniel Jones’ career rebirth with Colts,Two former Giants are maybe forming an even closer bond following their success outside of New York.,https://nypost.com/2025/09/20/sports/how-saquon-barkley-views-daniel-jones-rebirth-after-leaving-giants/,https://nypost.com/wp-content/uploads/sites/2/2025/09/newspress-collage-6usjmrppc-1758397675176.jpg?quality=75&strip=all&1758383314&w=1024,2025-09-20T19:48:58Z,"Two former Giants might be forming an even closer bond as they have success outside of New York.
Saquon Barkley and Daniel Jones have kept in touch after each of their departures from the Giants ove… [+2900 chars]",sports
"{'id': None, 'name': 'Strettynews.com'}",,Amorim blasts 5/10 Man Utd star following Chelsea win: “We cannot…”,Manchester United boss Ruben Amorim wasn’t impressed with one particular player following his side’s chaotic 2-1 victory over Chelsea.The Red Devils bounced back from their 0-3 defeat to Mancheste...,https://strettynews.com/2025/09/20/ruben-amorim-casemiro-man-united-chelsea/,https://photobooth-api.onefootball.com/api/screenshot/%2Fv2%2Fphotobooth%2Fcms%2Fen%2F41693539%3Fdate=2025-09-20,2025-09-20T19:48:00Z,"Manchester United boss Ruben Amorim wasnt impressed with one particular player following his sides chaotic 2-1 victory over Chelsea.
The Red Devils bounced back from their 0-3 defeat to Manchester C… [+2385 chars]",sports
"{'id': 'newsweek', 'name': 'Newsweek'}",Evan Massey,Lakers Legend Urges Team to Make Surprising Austin Reaves Move,A Los Angeles Lakers legend has urged the team to make a surprising move with Austin Reaves.,https://www.newsweek.com/sports/nba/lakers-legend-urges-team-make-surprising-austin-reaves-move-2133087,https://d.newsweek.com/en/full/2726733/austin-reaves.jpg,2025-09-20T19:46:38Z,"The Los Angeles Lakers will have to make a decision when it comes to guard Austin Reaves in the near future. He will need a new contract very soon.
While the expectation has been that he will end up… [+2532 chars]",sports
"{'id': None, 'name': 'The Peoples Person'}",,Ruben Amorim singles out his sole criticism after Man United’s 2-1 win over Chelsea,Manchester United head coach Ruben Amorim has revealed his only gripe after the big 2-1 victory against Chelsea.United secure all three points vs. ChelseaUnited began at Old Trafford perfectly as Chel...,https://thepeoplesperson.com/2025/09/20/ruben-amorim-singles-out-his-sole-criticism-after-man-uniteds-2-1-win-over-chelsea-299209/,https://photobooth-api.onefootball.com/api/screenshot/%2Fv2%2Fphotobooth%2Fcms%2Fen%2F41693535%3Fdate=2025-09-20,2025-09-20T19:46:00Z,"Manchester United head coach Ruben Amorim has revealed his only gripe after the big 2-1 victory against Chelsea.
United secure all three points vs. Chelsea
United began at Old Trafford perfectly as… [+3294 chars]",sports
"{'id': 'rte', 'name': 'RTE'}",RTÉ Sport,McNamara: Irish athletes blew expectations out of water,Athletics Ireland's director of high performance Paul McNamara has revealed that Team Ireland's World Championships showing in Tokyo exceeded expectations and he believes that the future looks bright for Irish athletics.,https://www.rte.ie/sport/athletics/2025/0920/1534522-mcnamara-irish-athletes-blew-expectations-out-of-water/,https://www.rte.ie/images/00233282-1600.jpg,2025-09-20T19:44:04Z,Athletics Ireland's director of high performance Paul McNamara has revealed that Ireland's World Championships showing in Tokyo exceeded expectations and said the future looks bright for Irish athlet… [+3793 chars],sports
"{'id': 'fox-news', 'name': 'Fox News'}",,NHL star reveals fiancée received heart transplant after suffering 'major heart failure' during vacation,Sabres captain Rasmus Dahlin said in an open letter to fans that his fiancée received a life-saving heart transplant after suffering major heart failure during the offseason.,https://www.foxnews.com/sports/nhl-star-reveals-fiancee-received-heart-transplant-after-suffering-major-heart-failure-during-vacation,https://static.foxnews.com/foxnews.com/content/uploads/2025/09/sabres-rasmus-dahlin-003.jpg,2025-09-20T19:42:37Z,"Buffalo Sabres
 star Rasmus Dahlin revealed in an open letter to hockey fans that his fiancée, Carolina Matovac, received a heart transplant after she experienced ""major heart failure"" while the cou… [+2194 chars]",sports
"{'id': None, 'name': 'ClutchPoints'}",ClutchPoints,Notre Dame football will be without kicker vs. Purdue,Notre Dame football loses kicker Noah Burnette for the Purdue football game as the Fighting Irish manage depth issues.,https://clutchpoints.com/ncaa-football/notre-dame-football-news-fighting-irish-without-kicker-purdue,https://media.zenfs.com/en/clutchpoints_articles_939/92abfb3ba687ee0db89418063536bf59,2025-09-20T19:41:56Z,"The post Notre Dame football will be without kicker vs. Purdue appeared first on ClutchPoints.
Notre Dame football loses kicker Noah Burnette when the Fighting Irish face Purdue football on Saturday… [+2006 chars]",sports
"{'id': None, 'name': 'CBS Sports'}",Richard Louis,"Rams vs. Eagles: Where to watch NFL Week 3, betting odds, promos, prediction for Hurts vs. Stafford",The SportsLine projection model reveals its picks for the NFL Week 3 game between the Los Angeles Rams and the Philadelphia Eagles,https://www.cbssports.com/nfl/news/rams-vs-eagles-where-to-watch-nfl-week-3-betting-odds-promos-prediction-for-hurts-vs-stafford/,https://sportshub.cbsistatic.com/i/r/2025/09/16/3791b32f-9c2f-4a67-b2d3-9cca1010b172/thumbnail/1200x675/1608d8ab047f99b2f255af9bd7d04b66/jalen-hurts-eagles.png,2025-09-20T19:39:03Z,The Philadelphia Eagles (2-0) host the Los Angeles Rams (2-0) in an NFC showdown on Sunday in Week 3. The Rams have defeated the Houston Texans and the Tennessee Titans through two weeks. Philadelphi… [+2110 chars],sports
"{'id': None, 'name': 'BBC News'}",Tyrone Smith,Thelin not thinking about his Aberdeen future,"Aberdeen manager Jimmy Thelin insists ""I am not thinking about my job, it is not my call"" after crashing out the Premier Sports Cup.",https://www.bbc.com/sport/football/articles/c3e771jlyllo,https://ichef.bbci.co.uk/ace/branded_sport/1200/cpsprodpb/206e/live/4c57d0b0-9657-11f0-90f2-5f87cb020b24.jpg,2025-09-20T19:34:55Z,"Aberdeen manager Jimmy Thelin says he is not thinking about his job security despite pressure cranking up as his beleaguered side crashed out of the Premier Sports Cup at home to Motherwell.
The Don… [+986 chars]",sports
"{'id': None, 'name': 'The-independent.com'}",Ellie Muir,Strictly Come Dancing 2025 couples – full list of celebrities and their partners,"Meet the cast of 2025, from Dani Dyer to Thomas Skinner – and their professional partners",https://www.the-independent.com/arts-entertainment/tv/news/strictly-2025-couples-celebrities-dancers-b2830566.html,"https://static.the-independent.com/2025/09/16/15/17/Screenshot-2025-09-16-at-16-43-42.png?trim=0,71,0,73&width=1200&height=800&crop=1200:800",2025-09-20T19:34:51Z,"Your support helps us to tell the story
From reproductive rights to climate change to Big Tech, The Independent is on the ground when the story is developing. Whether it's investigating the financia… [+11113 chars]",sports
"{'id': 'fox-news', 'name': 'Fox News'}",,NFL looks to 'officiate it tight' as Chiefs game review video renews 'tush push' scrutiny: report,"A new NFL training video highlighted officiating challenges with the Eagles’ “tush push,"" suggesting there were missed penalties in Philadelphia's latest win over the Chiefs.",https://www.foxnews.com/sports/nfl-looks-officiate-tight-chiefs-game-review-video-renews-tush-push-scrutiny-report,https://static.foxnews.com/foxnews.com/content/uploads/2025/02/tush-push.jpg,2025-09-20T19:34:43Z,"Debates over the Philadelphia Eagles signature short yardage ""tush push,"" which is also colloquially referred to as the ""Brotherly Shove,"" were reignited after a Week 2 game in Kansas City.
The NFL … [+2770 chars]",sports
"{'id': None, 'name': 'BBC News'}",Alex Fletcher,Russian figure skaters secure Winter Olympics spot,Figure skaters and Individual Neutral Athletes Adeliia Petrosian and Viktoriia Safonova secure places at next year's Winter Olympic Games in Milan and Cortina.,https://www.bbc.com/sport/olympics/articles/clyqq4qynw8o,https://ichef.bbci.co.uk/ace/branded_sport/1200/cpsprodpb/94dc/live/c61740b0-9653-11f0-84c8-99de564f0440.jpg,2025-09-20T19:34:14Z,"Russian figure skaters and Individual Neutral Athletes (AINs) Adeliia Petrosian and Viktoriia Safonova have secured places at next year's Winter Olympic Games in Milan and Cortina.
Competing at a qu… [+1382 chars]",sports
"{'id': None, 'name': 'Sportsnaut'}",Jason Leach,Crawford vs. Mayweather Debate Becomes Boxing's Most Compelling Argument,"This topic is quickly becoming the hottest and most compelling sports argument, rivaling even the G.O.A.T. debate between Jordan and LeBron.",https://sportsnaut.com/boxing/crawford-mayweather-greatness-debate/,https://sportsnaut.com/wp-content/uploads/2025/09/Boxing-Canelo-vs-Crawford-27080777-1180x787.jpg,2025-09-20T19:34:14Z,"After his unanimous decision victory over Canelo Alvarez (63-3-2, 39 KOs) last Saturday night to become the undisputed super middleweight champion, Terence “Bud” Crawford (42-0, 31 KOs) has cemented … [+2743 chars]",sports
"{'id': None, 'name': 'Yahoo Entertainment'}",WSOCTV.com News Staff,Whataburger launches multi-year partnership with Carolina Panthers,"Whataburger is making its debut at Bank of America Stadium, offering fans complimentary Patty Melts and Prickly Pear Raspberry Whatafreshers from its food truck ahead of the Carolina Panthers game Sunday.",https://sports.yahoo.com/article/whataburger-launches-multi-partnership-carolina-193156841.html,https://media.zenfs.com/en/wsoc_cox_articles_386/c2677d16b83d674cbeaaa633469c14e5,2025-09-20T19:31:56Z,"Whataburger is making its debut at Bank of America Stadium, offering fans complimentary Patty Melts and Prickly Pear Raspberry Whatafreshers from its food truck ahead of the Carolina Panthers game Su… [+499 chars]",sports
"{'id': None, 'name': 'New York Post'}",Angela Tricarico,How to watch Washington vs. Washington State in the Apple Cup for free,The Huskies are hoping to bounce back from an upset in last year's Apple Cup.,https://nypost.com/2025/09/20/sports/how-to-watch-washington-vs-washington-state-live-for-free/,https://nypost.com/wp-content/uploads/sites/2/2025/09/washington-washington-state.jpg?quality=75&strip=all&w=1024,2025-09-20T19:30:00Z,"New York Post may be compensated and/or receive an affiliate commission if you click or buy through our links. Featured pricing is subject to change.
One of college football’s oldest rivalries will … [+2128 chars]",sports
"{'id': None, 'name': 'New York Post'}",Michael Leboff,"Florida vs. Miami prediction: Best bet, odds, picks for Week 4 headliner",Florida and Miami will renew their rivalry on Saturday night.,https://nypost.com/2025/09/20/betting/florida-vs-miami-prediction-best-bet-odds-picks-for-week-4-headliner/,https://nypost.com/wp-content/uploads/sites/2/2025/09/miami-quarterback-carson-beck-looks-111330460.jpg?quality=75&strip=all&w=1024,2025-09-20T19:30:00Z,"Gambling content 21+. The New York Post may receive an affiliate commission if you sign up through our links. Read our editorial standards for more information.
A month ago, everybody seemed hyped a… [+2186 chars]",sports
"{'id': None, 'name': 'New York Post'}",Michael Leboff,"bet365 bonus code NYPBET: Bet $5, get $200 in bonus bets win or lose for Florida vs. Miami","bet365 is offering a promotion for new users to bet $5 and get $200 in bonus bets, win or lose, for Florida vs. Miami.",https://nypost.com/2025/09/20/betting/bet365-bonus-code-nypbet-bet-5-get-200-in-bonus-bets-win-or-lose-for-florida-vs-miami/,https://nypost.com/wp-content/uploads/sites/2/2025/09/florida-head-coach-billy-napier-111340012.jpg?quality=75&strip=all&w=1024,2025-09-20T19:30:00Z,"Gambling content 21+. The New York Post may receive an affiliate commission if you sign up through our links. Read our editorial standards for more information.
The Miami Hurricanes have quickly bec… [+2084 chars]",sports
"{'id': None, 'name': 'Statetimes.in'}",statetimes_editor,Zanskar has immense untapped tourism potential: LG Kavinder,"STATE TIMES NEWS PADUM: Lieutenant Governor of Ladakh, Kavinder Gupta, on Saturday highlighted the immense yet untapped tourism potential of Zanskar, citing its breathtaking landscapes, ancient Buddhist heritage, and vast scope for adventure tourism including…",https://statetimes.in/zanskar-has-immense-untapped-tourism-potential-lg-kavinder/,https://statetimes.in/wp-content/uploads/2025/09/Zanskar-has-immense-untapped-tourism-potential-LG-Kavinder.jpeg,2025-09-20T19:25:38Z,"STATE TIMES NEWS
PADUM: Lieutenant Governor of Ladakh, Kavinder Gupta, on Saturday highlighted the immense yet untapped tourism potential of Zanskar, citing its breathtaking landscapes, ancient Budd… [+2127 chars]",sports
"{'id': None, 'name': 'CBS Sports'}",Richard Louis,"Packers vs. Browns: Where to watch NFL Week 3, betting odds, promos, prediction for Jordan Love vs. Joe Flacco",The SportsLine projection model reveals its picks for the NFL Week 3 game between the Green Bay Packers and the Cleveland Browns,https://www.cbssports.com/nfl/news/packers-vs-browns-where-to-watch-nfl-week-3-betting-odds-promos-prediction-for-jordan-love-vs-joe-flacco/,https://sportshub.cbsistatic.com/i/r/2025/09/12/3f4c6985-4554-405a-8a47-d1aac4ab722e/thumbnail/1200x675/6eeb6ee53bf870a8def5cc1dedb09219/usatsi-jordan-love-packers.jpg,2025-09-20T19:23:57Z,"The Green Bay Packers (2-0) travel to face off against the Cleveland Browns (0-2) on Sunday in Week 3. The Packers won the first two games at home, including a 27-18 victory over the Washington Comma… [+2084 chars]",sports
"{'id': 'marca', 'name': 'Marca'}",marca.com,"Adam Silver faces fan revolt over Kawhi Leonard, Clippers scandal: Is the NBA rigged?",The Aspiration scandal has erupted into one of the most serious crises the NBA has faced in years. As media outlets continue to uncover details of the Los Angeles Clippers&apos; al,https://www.marca.com/en/basketball/nba/los-angeles-clippers/2025/09/20/68cefd49e2704ef7248b4603.html,https://e01-phantom-marca.uecdn.es/b15f78efe2eda166cb88feadd2442ab1/resize/1200/f/webp/assets/multimedia/imagenes/2025/09/20/17583956644916.jpg,2025-09-20T19:23:53Z,The Aspiration scandal has erupted into one of the most serious crises the NBA has faced in years. As media outlets continue to uncover details of the Los Angeles Clippers' alleged circumvention of t… [+2286 chars],sports
"{'id': None, 'name': 'Twistedsifter.com'}",Benjamin Cottrell,"High Schooler Felt Miserable Playing Football, So His Mom Let Him Quit. But Her Husband Accused Her Of Teaching Their Son A Harmful Lesson.",His well-being mattered more than a game.,http://twistedsifter.com/2025/09/high-schooler-felt-miserable-playing-football-so-his-mom-let-him-quit-but-her-husband-accused-her-of-teaching-their-son-a-harmful-lesson/,https://twistedsifter.com/wp-content/uploads/2025/08/high-school-football-team.png,2025-09-20T19:22:41Z,"Pexels/Reddit
Teenagers often face pressure to stick with activities that drain them more than they energize them.
For one high schooler, football became more misery than motivation as his sophomor… [+2020 chars]",sports
"{'id': 'al-jazeera-english', 'name': 'Al Jazeera English'}",Al Jazeera,Manchester United beat Chelsea 2-1 in thrilling Premier League battle,"Manchester United beat Chelsea in a wild match at Old Trafford, with both sides down to 10 men by half-time.",https://www.aljazeera.com/sports/2025/9/20/manchester-united-beat-chelsea-2-1-in-thrilling-premier-league-battle,https://www.aljazeera.com/wp-content/uploads/2025/09/getty_68cedcb913-1758387385.jpg?resize=1920%2C1440,2025-09-20T19:21:46Z,"Manchester United breathed life into their stuttering Premier League season when goals from Bruno Fernandes and Casemiro earned them a thrilling 2-1 home victory over Chelsea.
A frantic first half g… [+3501 chars]",sports
"{'id': None, 'name': 'ClutchPoints'}",ClutchPoints,Dave Portnoy continues to express confidence in Michigan football,Dave Portnoy still believes Michigan will make the 2025 College Football Playoffs ahead of Week 4 matchup with Nebraska,https://clutchpoints.com/ncaa-football/michigan-football-news-dave-portnoy-continues-confidence-wolverines,https://media.zenfs.com/en/clutchpoints_articles_939/c6dfbd2ff6b727e2139ed26b85c8e208,2025-09-20T19:18:42Z,"The post Dave Portnoy continues to express confidence in Michigan football appeared first on ClutchPoints.
Despite a mediocre 2-1 start, Dave Portnoy is confident that Michigan will make the 2025 Co… [+2155 chars]",sports
"{'id': None, 'name': 'BBC News'}",BBC Sport,Man Utd 2-1 Chelsea: What Maresca and Chalobah said,Enzo Maresca spoke to BBC Match of the Day after Chelsea's defeat against Manchester United: The red card changed the game after three minutes. The game probably changed after they conceded the red card also with Casemiro. United were up for it and they put u…,https://www.bbc.com/sport/football/articles/c0599pdry9go,https://ichef.bbci.co.uk/ace/branded_sport/1200/cpsprodpb/a44d/live/473b5200-9652-11f0-90f2-5f87cb020b24.jpg,2025-09-20T19:16:18Z,"Enzo Maresca spoke to BBC Match of the Day after Chelsea's defeat against Manchester United: The red card changed the game after three minutes.
""After the red card for them, 10 v 10, it changed the … [+1664 chars]",sports
"{'id': None, 'name': 'The Football Faithful'}",,Bruno Fernandes ‘very proud’ at reaching Man Utd milestones in Chelsea win,Bruno Fernandes reached two “massive milestones” for Man Utd during Saturday’s win over Chelsea in the Premier League. The Portuguese playmaker opened the scoring in a manic first half which sa...,https://thefootballfaithful.com/bruno-fernandes-man-utd-milestones/,https://photobooth-api.onefootball.com/api/screenshot/%2Fv2%2Fphotobooth%2Fcms%2Fen%2F41693416%3Fdate=2025-09-20,2025-09-20T19:11:00Z,"Bruno Fernandes reached two massive milestones for Man Utd during Saturdays win over Chelsea in the Premier League.
The Portuguese playmaker opened the scoring in a manic first half which saw Blues … [+2413 chars]",sports
"{'id': None, 'name': 'Sporting News'}",The Sporting News,Behren Morton injury: Texas Tech QB ruled out after bad hit against Utah,Red Raiders take a lead into the fourth without their starting QB.,https://www.sportingnews.com/us/ncaa-football/texas-tech/news/behren-morton-injury-texas-tech-qb-ruled-out-after-bad-hit-against-utah/e0c6754242094c629b41bc9a,https://media.zenfs.com/en/the_sporting_news_articles_584/ae2be342883285e77809c95a63390563,2025-09-20T19:09:57Z,"Behren Morton injury: Texas Tech QB ruled out after bad hit against Utah originally appeared on The Sporting News
Texas Tech quarterback Behren Morton left the Big 12 opener on Saturday at Utah afte… [+806 chars]",sports
"{'id': None, 'name': 'WGNO New Orleans'}",Raeven Poole,"Three wounded in Algiers shooting Saturday, NOPD on scene",The New Orleans Police Department is on the scene of a triple shooting in Algiers.,https://wgno.com/news/crime/three-wounded-in-algiers-shooting-saturday-nopd-on-scene/,https://media.zenfs.com/en/wgno_articles_329/a30add3edef1a61ff73be48a0b724d61,2025-09-20T19:08:25Z,"NEW ORLEANS (WGNO) The New Orleans Police Department is on the scene of a triple shooting in Algiers.
Around 1:10 p.m. on Saturday, Sept. 20, NOPD officers were called in reference to a shooting at … [+801 chars]",sports
"{'id': None, 'name': '101 Great Goals'}",Mitch Fretton,Frank claims Tottenham comeback at Brighton ‘best performance of the season’,"For a short spell at the Amex on Saturday, Tottenham supporters might have feared the familiar tag of inconsistency was about to resurface.",https://www.101greatgoals.com/football/premier-league/frank-claims-tottenham-comeback-brighton-best-performance-of-season/,https://www.101greatgoals.com/wp-content/uploads/2024/12/2YTK10B-1-min.jpg,2025-09-20T19:06:07Z,"For a short spell at the Amex on Saturday, Tottenham supporters might have feared the familiar tag of inconsistency was about to resurface.
Despite beginning the season strongly and controlling much… [+2595 chars]",sports
"{'id': None, 'name': 'New York Post'}",Howard Bender,An unsung waiver wire target to help win your fantasy baseball championships,"If you find yourself still seeking out fantasy baseball advice, congratulations on remaining in the hunt for your championship.",https://nypost.com/2025/09/20/betting/an-unsung-waiver-wire-target-to-help-win-your-fantasy-baseball-championships/,https://nypost.com/wp-content/uploads/sites/2/2025/09/AP_Brewers_Rangers_Baseball_36227-7fecc-0.jpg?quality=75&strip=all&w=1024,2025-09-20T19:05:37Z,"Gambling content 21+. The New York Post may receive an affiliate commission if you sign up through our links. Read our editorial standards for more information.
If you find yourself still seeking ou… [+3640 chars]",sports
"{'id': None, 'name': 'Playmakerstats.com'}",,"PREVIEW | Millwall vs Watford - team news, lineups, predictions",Millwall and Watford face each other this Monday at the The New Den for round six of the EFL Championship. The match will be broadcast live at 20:00 on Sky Sports Football.Millwall currently have 7 po...,https://www.playmakerstats.com/news/preview-millwall-vs-watford-team-news-lineups-predictions/924784,https://photobooth-api.onefootball.com/api/screenshot/%2Fv2%2Fphotobooth%2Fcms%2Fen%2F41693398%3Fdate=2025-09-20,2025-09-20T19:05:00Z,"Millwall and Watford face each other this Monday at the The New Den for round six of the EFL Championship. The match will be broadcast live at 20:00 on Sky Sports Football.
Millwall currently have 7… [+975 chars]",sports
"{'id': None, 'name': 'Chelsea.news'}",,“Really bad” – Sky Sports pundit slams Chelsea player for game changing mistake,"Chelsea had a lot of hope going into this game against a struggling Manchester United team at Old Trafford, but it didn’t last long.The Blues were down to ten men after just 5 minutes when goalkeepe...",https://chelsea.news/2025/09/chelsea-manchester-united-sky-pundit/,https://photobooth-api.onefootball.com/api/screenshot/%2Fv2%2Fphotobooth%2Fcms%2Fen%2F41693405%3Fdate=2025-09-20,2025-09-20T19:03:00Z,"Chelsea had a lot of hope going into this game against a struggling Manchester United team at Old Trafford, but it didnt last long.
The Blues were down to ten men after just 5 minutes when goalkeepe… [+1492 chars]",sports
"{'id': 'business-insider', 'name': 'Business Insider'}",insider@insider.com (Lillian Brown),How to watch Wrestlepalooza 2025: Live stream Cena vs. Lesnar and more,WWE heads to Indy for Wrestlepalooza 2025. We'll show you how to live stream Cena vs. Lesnar and more.,https://www.businessinsider.com/guides/streaming/how-to-watch-wrestlepalooza-2025,https://i.insider.com/68cdcedd57d362d375e88ff5?width=1200&format=jpeg,2025-09-20T19:01:01Z,"WWE heads to Indianapolis (and ESPN) for its latest event. We've put together everything you need to know about how to watch Wrestlepalooza 2025.
WWE legends John Cena and Brock Lesnar will kick off… [+6192 chars]",sports
"{'id': None, 'name': 'CBS Sports'}",Cody Nagel,"Ball State vs. UConn live stream, where to watch online, CBS Sports Network channel finder, odds",CBS Sports Network is home to four games in the Week 4 slate,https://www.cbssports.com/college-football/news/ball-state-vs-uconn-live-stream-where-to-watch-online-cbs-sports-network-channel-finder-odds/,https://sportshub.cbsistatic.com/i/r/2025/09/20/83b17c85-8f4d-4be9-bad3-4d536a5553be/thumbnail/1200x675/cf2c11dc3957afe1872151600c4992bf/uconn-football-1.jpg,2025-09-20T19:00:45Z,"The 2025 college football season kicks off Week 4 with four live games on CBS Sports Network, offering a Saturday packed with high-stakes action. The day begins with high-scoring North Texas looking … [+3698 chars]",sports
"{'id': 'associated-press', 'name': 'Associated Press'}",Joe Reedy,NBC's 'Sunday Night Football' celebrates 20 years of prime-time dominance,"Dick Ebersol has had a major impact on television, creating ""Saturday Night Live"" in 1975 and “Sunday Night Football” on NBC in 2006. Both shows are celebrating milestones, with ""SNL"" marking its 50th season earlier this year and ""SNF"" now in its 20th. ""Sunda…",https://apnews.com/article/nbc-nfl-chiefs-giants-d169707ffabb9a5064ac45d3621cf65a,https://dims.apnews.com/dims4/default/c56192d/2147483647/strip/true/crop/6000x3375+0+312/resize/1440x810!/quality/90/?url=https%3A%2F%2Fassets.apnews.com%2F47%2Fd5%2Fa81757632e60a2a986b32fe9bb6e%2Fba1a65a3920e41eca63720d0850b8028,2025-09-20T19:00:28Z,"Dick Ebersol helped change comedy and late-night television when he teamed up with Lorne Michaels to create Saturday Night Live in 1975.
When it comes to sports television, Ebersols creation of Sund… [+6406 chars]",sports
"{'id': None, 'name': 'Writersdigest.com'}",Chris Saunders,How to Write About Unfamiliar Topics With Authority!,"Freelancer Chris Saunders breaks down how to write about previously unfamiliar topics with authority by using journalistic tools.
The post How to Write About Unfamiliar Topics With Authority! appeared first on Writer's Digest.",https://www.writersdigest.com/how-to-write-about-unfamiliar-topics-with-authority,https://www.writersdigest.com/uploads/2025/09/how-to-write-about-unfamiliar-topics-with-authority-by-chris-saunders.png?auto=webp,2025-09-20T19:00:00Z,"Three years ago I switched from a career in sports writing to the trade press. The transition wasn't difficult, but did present a range of challenges I wasn't prepared for. My new employer was a medi… [+5688 chars]",sports
"{'id': None, 'name': 'New York Post'}",Angela Tricarico,"WWE moves to ESPN with Wrestlepalooza 2025: Live stream, how to watch",It's a stacked lineup at the first Wrestlepalooza under the WWE banner.,https://nypost.com/2025/09/20/sports/how-to-watch-wwe-wrestlepalooza-2025-time-card-streaming/,https://nypost.com/wp-content/uploads/sites/2/2025/09/newspress-collage-79okr4970-1758305386038.jpg?quality=75&strip=all&1758291090&w=1024,2025-09-20T19:00:00Z,"New York Post may be compensated and/or receive an affiliate commission if you click or buy through our links. Featured pricing is subject to change.
WWE is ushering in its ESPN era with a brand-new… [+3361 chars]",sports
"{'id': None, 'name': 'Sky Sports'}",Laura Hunter at Anfield,Slot says Liverpool must evolve - why he faces toughest balancing act yet,It is difficult to justifiably level criticism at a side with a perfect Premier League record after five played.,https://www.skysports.com/football/news/11095/13435150/arne-slot-says-liverpool-must-evolve-after-merseyside-derby-win-why-he-faces-toughest-balancing-act-yet,https://e0.365dm.com/25/09/1600x900/skysports-premier-league-liverpool_7026087.jpg?20250920125119,2025-09-20T19:00:00Z,"It is difficult to justifiably level criticism at a side with a perfect Premier League record after five played. 
Perhaps the only gripe would be with the number of late goals those games have neede… [+4631 chars]",sports
"{'id': None, 'name': 'Barca Blaugranes'}",Luis Mazariegos,TV pundit defends Barcelona’s Lamine Yamal from summer party criticism,The television pundit insists the young star’s career will not be harmed by his off-field celebrations,https://www.barcablaugranes.com/barcelona-news/101549/tv-pundit-defends-lamine-yamal-from-summer-party-criticism,https://platform.barcablaugranes.com/wp-content/uploads/sites/21/2025/09/gettyimages-2233673308.jpg?quality=90&strip=all&crop=0%2C10.828177058544%2C100%2C78.343645882913&w=1200,2025-09-20T19:00:00Z,"Cristóbal Soria, a famous TV pundit from El Chiringuito, spoke on The Wild Project podcast about Lamine Yamals much-discussed summer parties. He dismissed the idea that the teenagers progress at Barc… [+1708 chars]",sports
"{'id': None, 'name': 'Activistpost.com'}",Editor,5 Reasons Pfizer’s Reply to President Trump Is Complete Rubbish,"On September 1, 2025, on Truth Social, President Trump posted a demand for transparency. Specifically, he called for public release of the data he has received from pharmaceutical companies regarding the modified-mRNA-based Covid injections, calling out Pfize…",https://www.activistpost.com/5-reasons-pfizers-reply-to-president-trump-is-complete-rubbish/,,2025-09-20T19:00:00Z,"On September 1, 2025, on Truth Social, President Trump posted a demand for transparency. Specifically, he called for public release of the data he has received from pharmaceutical companies regarding… [+12298 chars]",sports
"{'id': None, 'name': 'New York Post'}",Michael Leboff,"Illinois vs. Indiana prediction: Odds, picks, best bet for Saturday’s Big Ten headliner",The betting market has taken a clear stance in Indiana vs. Illinois on Saturday night.,https://nypost.com/2025/09/20/betting/illinois-vs-indiana-prediction-odds-picks-best-bet-for-saturdays-big-ten-headliner/,https://nypost.com/wp-content/uploads/sites/2/2025/09/luke-altmyer-9-illinois-fighting-111311960.jpg?quality=75&strip=all&w=1024,2025-09-20T19:00:00Z,"Gambling content 21+. The New York Post may receive an affiliate commission if you sign up through our links. Read our editorial standards for more information.
The new era of college football has b… [+2220 chars]",sports
"{'id': None, 'name': 'Sky Sports'}",,"Silva: Liverpool are City's big rivals, not Arsenal",Manchester City captain Bernardo Silva says Liverpool remain their biggest rivals despite Arsenal's steady improvements over recent years.,https://www.skysports.com/football/news/11679/13432680/manchester-city-bernardo-silva-says-liverpool-are-the-citizens-biggest-premier-league-rivals-over-arsenal,https://e0.365dm.com/25/09/1600x900/skysports-bernado-silva-man-city_7025374.jpg?20250919161813,2025-09-20T19:00:00Z,"Manchester City captain Bernardo Silva says Liverpool remain their biggest rivals despite Arsenal's improvement over recent years.
Arsenal finished three points ahead of City last campaign as Pep Gu… [+4345 chars]",sports
"{'id': None, 'name': 'BBC News'}",BBC Sport,'Volatile' McIlroy key to Ryder Cup bid - McGinley,"Paul McGinley says he is unsure Rory McIlroy has the ""consistency"" to replace Scottie Scheffler as world number one, but is certain the Northern Irishman is ""mentally engaged"" for next week's Ryder Cup.",https://www.bbc.com/sport/golf/articles/c4g77xjq41jo,https://ichef.bbci.co.uk/ace/branded_sport/1200/cpsprodpb/8e7c/live/7777ccf0-9652-11f0-8383-1902c9cf90cf.jpg,2025-09-20T18:57:36Z,"Europe are the defending champions, having won 16½-11½ in Rome in 2023, but suffered heavy defeats in their past two visits to the United States in 2016 and 2021.
The European team played Bethpage B… [+1507 chars]",sports
"{'id': None, 'name': 'Wnd.com'}","Thomas Olp, Real Clear Wire",Families score touchdown for religious freedom,State organization agrees to stop discriminating against families choosing faith-based schools,https://www.wnd.com/2025/09/families-score-touchdown-religious-freedom/,https://www.wnd.com/wp-content/uploads/2022/01/track-and-field-running-sports-athletics-Pixabay.jpg,2025-09-20T18:55:20Z,"For many kids, sports are more than just a game. They offer physical and mental health benefits better sleep, lower illness risk, reduced stress, and improved academic performance. In an age where ch… [+4503 chars]",sports
"{'id': None, 'name': 'Slickdeals.net'}",niki4h,"Franklin Sports 1000 Series Grip-Rite Football (Official, Junior, or PeeWee) $4.40 + Free Store Pickup","Target [target.com] has *Franklin Sports 1000 Series Grip-Rite Brown Footballs* for *$4.39 *listed below. Select free store pickup where available, otherwise, shipping is free on orders of $35+. 
...",https://slickdeals.net/f/18618295-franklin-sports-1000-series-grip-rite-football-official-junior-or-peewee-4-40-free-store-pickup,https://slickdeals.net/attachment/2/0/3/1/1/5/0/450x450/18315034.thumb,2025-09-20T18:55:04Z,"This collaborative space allows users to contribute additional information, tips, and insights to enhance the original deal post. Feel free to share your knowledge and help fellow shoppers make infor… [+26 chars]",sports
"{'id': None, 'name': 'Sporting News'}",Buck Ringgold,"Auburn at Oklahoma: Score, live updates of SEC opener between ranked squads",Follow along as the undefeated Tigers face the undefeated Sooners,https://www.sportingnews.com/us/ncaa-football/news/auburn-oklahoma-score-live-updates-sec-opener-between-ranked-squads/29127f50e2498db81d6a4682,https://library.sportingnews.com/styles/crop_style_16_9_desktop_webp/s3/2025-09/John%20Mateer.jpg.webp?itok=8iKzygZI,2025-09-20T18:54:09Z,"It promises to be a spicy Southeastern Conference opener Saturday afternoon in Norman, Oklahoma.
Auburn and Oklahoma, who are both ranked in the latest Associated Press Top 25 poll, face off at Gayl… [+2608 chars]",sports
"{'id': None, 'name': 'Slashdot.org'}",feedfeeder,"Five starting quarterbacks won’t start this weekend, due to injury - NBC Sports","Five starting quarterbacks won’t start this weekend, due to injuryNBC Sports NFL Week 3 injury report: Player statuses for all 16 gamesNFL.com Bad news for Da Bears and Mahomes in trouble: 5 things to know about Week 3 of the NFL seasonCNN Week 3 NFL roundtab…",https://slashdot.org/firehose.pl?op=view&amp;id=179406922,,2025-09-20T18:52:27Z,The Fine Print: The following comments are owned by whoever posted them. We are not responsible for them in any way.,sports
"{'id': None, 'name': 'Slashdot.org'}",feedfeeder,Six key matchups to watch for No. 9 Illinois at No. 19 Indiana - 247Sports,Six key matchups to watch for No. 9 Illinois at No. 19 Indiana247Sports How many times has Indiana football beaten a top-10 opponent? Here's the listIndyStar Where to watch Indiana-Illinois college football game tonight free livestreamAL.com Friendly coaches …,https://slashdot.org/firehose.pl?op=view&amp;id=179406918,,2025-09-20T18:52:17Z,The Fine Print: The following comments are owned by whoever posted them. We are not responsible for them in any way.,sports
"{'id': None, 'name': 'Bringatrailer.com'}",bringatrailer,2008 BMW 535xi Sports Wagon at No Reserve,"This 2008 BMW 535xi Sports Wagon is powered by a twin-turbocharged 3.0L inline-six that drives all four wheels through a six-speed automatic transmission and is finished in Alpine White over Cream Beige leather. Features include fog lights, roof rails, 17"" St…",https://bringatrailer.com/listing/2008-bmw-535xi-sports-wagon-30/,https://bringatrailer.com/wp-content/uploads/2025/09/2008_bmw_535xi-sports-wagon_835-42732.jpg,2025-09-20T18:51:38Z,This 2008 BMW 535xi Sports Wagon is powered by a twin-turbocharged 3.0L inline-six that drives all four wheels through a six-speed automatic transmission and is finished in Alpine White over Cream Be… [+1785 chars],sports
"{'id': None, 'name': 'Yahoo Entertainment'}",Andy Backstrom,Texas Tech QB Behren Morton ruled out after taking third-quarter hit against Utah,"Texas Tech senior quarterback Behren Morton has been ruled out for the rest of Saturday's game at Utah, according to Fox Sports' Jenny Taft.",https://consent.yahoo.com/v2/collectConsent?sessionId=1_cc-session_a3719274-f31d-4f14-ab9f-0b440c9a2eac,,2025-09-20T18:46:27Z,"If you click 'Accept all', we and our partners, including 238 who are part of the IAB Transparency &amp; Consent Framework, will also store and/or access information on a device (in other words, use … [+714 chars]",sports
"{'id': None, 'name': 'Playmakerstats.com'}",,"PREVIEW | Napoli vs Pisa - team news, lineups, predictions",Napoli and Pisa go head-to-head at Stadio Diego Armando Maradona this Monday in the Serie A. The match will be broadcast live at 19:45 on TNT Sports 1.Napoli have picked up 9 points and currently lie ...,https://www.playmakerstats.com/news/preview-napoli-vs-pisa-team-news-lineups-predictions/924765,https://photobooth-api.onefootball.com/api/screenshot/%2Fv2%2Fphotobooth%2Fcms%2Fen%2F41693304%3Fdate=2025-09-20,2025-09-20T18:45:00Z,"Napoli and Pisa go head-to-head at Stadio Diego Armando Maradona this Monday in the Serie A. The match will be broadcast live at 19:45 on TNT Sports 1.
Napoli have picked up 9 points and currently l… [+1922 chars]",sports
"{'id': None, 'name': 'Sporting News'}",Joe Mayo,Celtics insider floats bold Payton Pritchard move for 2025-26,Another big change could be looming for Payton Pritchard and the Celtics.,https://www.sportingnews.com/us/nba/boston-celtics/news/celtics-insider-floats-bold-payton-pritchard-move-2025-26/9546e5b8f46ec87967660ade,https://library.sportingnews.com/styles/crop_style_16_9_desktop_webp/s3/2025-04/Payton%20Pritchard%20042225.jpg.webp?itok=jsKLFmjG,2025-09-20T18:44:50Z,"The Boston Celtics are ready to see the results of their hectic offseason as the regular season approaches, though more changes could still be on the way. 
Facing financial constraints and second-ap… [+1931 chars]",sports
"{'id': None, 'name': 'BBC News'}",Gary Rose,'Best performance of season' - Spurs showing fighting mentality,Tottenham boss Thomas Frank has praised his side's mentality after they fought back from two-goals down to draw 2-2 at Brighton on Saturday.,https://www.bbc.com/sport/football/articles/cy044l2yp97o,https://ichef.bbci.co.uk/ace/branded_sport/1200/cpsprodpb/e79c/live/25268380-964b-11f0-8383-1902c9cf90cf.jpg,2025-09-20T18:42:42Z,"After Tottenham dug in to earn a 1-0 win against Villarreal on their return to the Champions League in midweek, Lucas Bergvall praised their ""clean-sheet mentality' with that shutout their fourth in … [+1259 chars]",sports
"{'id': 'fox-sports', 'name': 'Fox Sports'}",,How to Bet Michigan vs. Nebraska with the FanDuel Bussin’ With the Boys 50% Profit Boost,How to Bet Michigan vs Nebraska with the FanDuel Bussin’ With the Boys 50% Profit Boost.,https://www.foxsports.com/stories/betting/how-bet-michigan-vs-nebraska-fanduel-bussin-boys-50-profit-boost,https://a57.foxsports.com/statics.foxsports.com/www.foxsports.com/content/uploads/2025/09/1408/814/bryce.underwood-scaled.jpg?ve=1&tl=1,2025-09-20T18:41:44Z,"This page may contain affiliate links to legal sports betting partners. If you sign up or place a wager, FOX Sports may be compensated. Read more about Sports Betting on FOX Sports
.
Bryce Underwoo… [+3237 chars]",sports
"{'id': 'fox-sports', 'name': 'Fox Sports'}",,Oklahoma vs Auburn Odds: How to Bet on Sooners-Tigers SEC Showdown as John Mateer Looks for Heisman Boost,Oklahoma vs Auburn Odds: How to Bet on Sooners-Tigers SEC Showdown as John Mateer Looks for Heisman Boost.,https://www.foxsports.com/stories/betting/oklahoma-vs-auburn-odds-how-bet-sooners-tigers-sec-showdown-john-mateer-looks-heisman-boost,https://a57.foxsports.com/statics.foxsports.com/www.foxsports.com/content/uploads/2025/09/1408/814/john.mateer-scaled.jpg?ve=1&tl=1,2025-09-20T18:41:14Z,"This page may contain affiliate links to legal sports betting partners. If you sign up or place a wager, FOX Sports may be compensated. Read more about Sports Betting on FOX Sports
.
The Oklahoma S… [+5522 chars]",sports
"{'id': None, 'name': 'Forbes'}","Sherrie Nachman, Contributor, 
 Sherrie Nachman, Contributor
 https://www.forbes.com/sites/sherrienachman/",Five Sustainable Products That Elevate Your Outdoor Travel Plans,Refresh your closet with these sustainable and stylish products that are the perfect addition to your Fall travel bag.,https://www.forbes.com/sites/sherrienachman/2025/09/20/five-sustainable-products-that-elevate-your-outdoor-travel-plans/,https://imageio.forbes.com/specials-images/imageserve/68c9d0dc34d8efa74fe8a127/0x0.jpg?format=jpg&height=900&width=1600&fit=bounds,2025-09-20T18:40:36Z,"The weather may be getting cooler, but that doesn't mean you need to spend less time outdoors. Refresh your closet with these sustainable and stylish products you will be inspired to keep running, hi… [+3942 chars]",sports
"{'id': None, 'name': 'Independent.ie'}",Irish Independent,Premier League round-up: Tottenham boss picks out biggest quality in his team after Brighton comeback,A Jan Paul van Hecke own goal salvaged a point for Tottenham as they drew 2-2 with Brighton.,https://www.independent.ie/sport/soccer/premier-league/premier-league-round-up-tottenham-boss-picks-out-biggest-quality-in-his-team-after-brighton-comeback/a943584727.html,https://focus.independent.ie/thumbor/Lt8PNjU-AlYMVAEyd6BVp_cIoLg=/0x25:3158x2130/629x0/prod-mh-ireland/ac4bcfc5-8e63-44d4-9d76-16d7ee4607df/1648fc6d-5169-499d-8567-e8b4f978b15d/ac4bcfc5-8e63-44d4-9d76-16d7ee4607df.jpg,2025-09-20T18:37:16Z,A Jan Paul van Hecke own goal salvaged a point for Tottenham as they drew 2-2 with Brighton.The Seagulls had gone ahead just nine minutes in through Yankuba Mintehs cool finish and Yasin Ayari extend… [+2022 chars],sports
"{'id': 'rte', 'name': 'RTE'}",RTÉ Sport,Evergreen Bonner happy as managerial odyssey continues,Evergreen Declan Bonner is looking forward to his latest managerial assignment as he tries to bring Fermanagh to the next level.,https://www.rte.ie/sport/football/2025/0920/1534515-evergreen-bonner-happy-as-managerial-odyssey-continues/,https://www.rte.ie/images/0023326c-1600.jpg,2025-09-20T18:36:40Z,"Evergreen Declan Bonner is looking forward to his latest managerial assignment as he tries to bring Fermanagh to the next level.
Bonner (60), who has been ratified as Kieran Donnelly's successor, st… [+2538 chars]",sports
"{'id': None, 'name': 'Rockytoptalk.com'}",Craig Smith,Tennessee rolls up UAB 56-24,That was easy.,https://www.rockytoptalk.com/tennessee_volunteer_football/45215/tennessee-football-news-vols-roll-up-uab-blazers-56-24,https://platform.rockytoptalk.com/wp-content/uploads/sites/136/2025/09/gettyimages-2236452988.jpg?quality=90&strip=all&crop=0%2C10.728755212342%2C100%2C78.542489575316&w=1200,2025-09-20T20:41:18Z,"Well, there was certainly no post-Georgia hangover for the Tennessee Volunteers on Saturday. The Vols continued their high level of play in 2025, blowing out the UAB Blazers 56-24 on Saturday afterno… [+1886 chars]",business
"{'id': 'newsweek', 'name': 'Newsweek'}",Mandy Taheri,Bernie Sanders Backs Ted Cruz in Jimmy Kimmel Warning,Senator Bernie Sanders sided with Senator Ted Cruz over the FCC's overreach in removing Jimmy Kimmel.,https://www.newsweek.com/bernie-sanders-backs-ted-cruz-jimmy-kimmel-warning-2133068,https://d.newsweek.com/en/full/2726703/bernie-sanders.jpg,2025-09-20T20:41:03Z,"In a rare political agreement, Senator Bernie Sanders, a Vermont independent who caucuses with the Democratic Party, sided with Senator Ted Cruz, a Texas Republican, in criticizing the Federal Commun… [+6900 chars]",business
"{'id': None, 'name': 'Statetimes.in'}",statetimes_editor,"Country’s industrial ecosystem should come forward, support rapid Industrialisation of J&K: LG","STATE TIMES NEWS SRINAGAR: “The topmost priority of the Prime Minister Narendra Modi is to accelerate the pace of industrial development in Jammu Kashmir and bring this region at par with the rest of India,” the Lieutenant Governor, Manoj Sinha told the Indus…",https://statetimes.in/countrys-industrial-ecosystem-should-come-forward-support-rapid-industrialisation-of-jk-lg/,https://statetimes.in/wp-content/uploads/2023/03/319526318_5727891263973556_9016205861254904172_n-1024x1024.jpg,2025-09-20T20:37:56Z,"STATE TIMES NEWS
SRINAGAR: “The topmost priority of the Prime Minister Narendra Modi is to accelerate the pace of industrial development in Jammu Kashmir and bring this region at par with the rest o… [+2371 chars]",business
"{'id': None, 'name': 'Statetimes.in'}",statetimes_editor,Omar calls for equal tourism and industrial growth in J&K,"Invites investors to harness untapped potential STATE TIMES NEWS SRINAGAR: Chief Minister Omar Abdullah on Saturday emphasized the need to complement Jammu and Kashmir’s tourism success story with an equally robust industrial growth, calling upon industry lea…",https://statetimes.in/omar-calls-for-equal-tourism-and-industrial-growth-in-jk/,https://statetimes.in/wp-content/uploads/2025/09/CII.jpeg,2025-09-20T20:37:50Z,"STATE TIMES NEWS
SRINAGAR: Chief Minister Omar Abdullah on Saturday emphasized the need to complement Jammu and Kashmir’s tourism success story with an equally robust industrial growth, calling upon… [+3912 chars]",business
"{'id': 'techradar', 'name': 'TechRadar'}",Efosa Udinmwen,​'A CRM for cybercriminals' - SpamGPT makes cybercriminals' wildest dreams come true with business-grade marketing tools and features,"SpamGPT mimics professional marketing platforms, enabling criminals to automate phishing, ransomware, and spam campaigns with AI-powered tools and analytics.",https://www.techradar.com/pro/security/a-crm-for-cybercriminals-spamgpt-makes-cybercriminals-wildest-dreams-come-true-with-business-grade-marketing-tools-and-features,https://cdn.mos.cms.futurecdn.net/XafzdRudRKxw9rgxLJeiFb.jpg,2025-09-20T20:34:00Z,<ul><li>SpamGPT turns phishing into an automated process with minimal expertise</li><li>Attackers can rotate multiple SMTP servers to dodge email throttling</li><li>Real-time inbox monitoring enables… [+3840 chars],business
"{'id': None, 'name': 'Washington Monthly'}",James D. Zirin,"Jimmy Kimmel, Broadcast Media, and Free Speech","While Disney-ABC and Skydance-Paramount-CBS cave to MAGA bullying, others hold firm, including The New York Times.
The post Jimmy Kimmel, Broadcast Media, and Free Speech appeared first on Washington Monthly.",http://washingtonmonthly.com/2025/09/20/free-speech-jimmy-kimmel/,https://washingtonmonthly.com/wp-content/uploads/2025/09/AP24296144205870-scaled.jpg,2025-09-20T20:32:49Z,"No president likes criticism. However, Donald Trump may be the only president who has found a commercial way to suppress it.
In refusing to enjoin The Washington Post and The New York Times from pub… [+9505 chars]",business
"{'id': None, 'name': 'CBS Sports'}",Brad Crawford,Arkansas' loss to Memphis further clouds the future of Razorbacks coach Sam Pittman,"With Notre Dame up next and more SEC play to follow, Pittman may be running out of time",https://www.cbssports.com/college-football/news/arkansas-loss-to-memphis-further-clouds-the-future-of-razorbacks-coach-sam-pittman/,https://sportshub.cbsistatic.com/i/r/2025/09/20/8c0783b0-8a09-48c5-b0da-ebea010ea521/thumbnail/1200x675/9746777cb6d80f05736da27e1a13a635/pittman.png,2025-09-20T20:32:24Z,"When the athletic director gives a pessimistic take on the state of the football program days before its next scheduled kickoff, that's not a great sign for a sitting coach whose tenure continues to … [+2973 chars]",business
"{'id': 'abc-news-au', 'name': 'ABC News (AU)'}",Alexandria Utting,Whale charity boss allegedly ran euthanasia body 'discovery service',Court documents allege a 53-year-old Queensland man ran a fake whale euthanasia charity to traffic assisted suicide drugs.,https://www.abc.net.au/news/2025-09-21/alleged-details-of-brett-daniel-taylor-assisted-suicide-business/105786988,https://live-production.wcms.abc-cdn.net.au/86921d4d558a06668c01a574e01831b6?impolicy=wcms_watermark_news&cropH=833&cropW=1482&xPos=0&yPos=342&width=862&height=485&imformat=generic,2025-09-20T20:30:00Z,A Queensland man accused of running a fake whale euthanasia charity to traffic for assisted suicide drugs allegedly claimed he would be the largest Australian supplier of the tightly controlled sedat… [+5756 chars],business
"{'id': 'financial-post', 'name': 'Financial Post'}",Bloomberg News,Key US Inflation Metric to Ease as Focus Shifts to Jobs Market,"The Federal Reserve’s preferred gauge of underlying inflation likely grew at a slower pace last month, offering policymakers some breathing room to address weakness in the US labor market.",https://financialpost.com/pmn/business-pmn/key-us-inflation-metric-to-ease-as-focus-shifts-to-jobs-market,https://smartcdn.gprod.postmedia.digital/financialpost/wp-content/uploads/2025/09/central-bank-rate-decisions-this-week-1.jpg,2025-09-20T20:28:06Z,"Click here for what happened in the past week, and below is our wrap of whats coming up in the global economy.
Asia
Asias week begins with South Koreas 20-day trade figures, an early gauge of globa… [+3431 chars]",business
"{'id': None, 'name': 'CNA'}",,Disney’s Kimmel suspension shows Trump’s increasing grip over media,LOS ANGELES: ABC's abrupt suspension of talk show host Jimmy Kimmel under pressure from the Federal Communications Commission is the latest demonstration of the power President D,https://www.channelnewsasia.com/world/disneys-kimmel-suspension-shows-trumps-increasing-grip-over-media-5360061,"https://dam.mediacorp.sg/image/upload/s--oRnnrkLb--/c_fill,g_auto,h_676,w_1200/fl_relative,g_south_east,l_one-cms:core:watermark:ap_data-1,w_0.1/f_auto,q_auto/v1/one-cms/core/Jimmy_Kimmel_-_Career_73333.jpg?itok=l0jadE1q",2025-09-20T20:23:24Z,LOS ANGELES: ABC's abrupt suspension of talk show host Jimmy Kimmel under pressure from the Federal Communications Commission is the latest demonstration of the power President Donald Trump wields to… [+2427 chars],business
"{'id': 'the-times-of-india', 'name': 'The Times of India'}","Saurabh Sinha,Nithya Mandyam",Fares to US soar while desperate flyers try to deboard at American airports,India Business News: NEW DELHI/BENGALURU: The panic was real. US work visa holders already in India were scrambling to get tickets back to the US to beat the sudden announ.,https://timesofindia.indiatimes.com/business/india-business/fares-to-us-soar-while-desperate-flyers-try-to-deboard-at-american-airports/articleshow/124020942.cms,"https://static.toiimg.com/thumb/msid-124020952,width-1070,height-580,imgsize-436323,resizemode-75,overlay-toi_sw,pt-32,y_pad-40/photo.jpg",2025-09-20T20:21:01Z,Celeb-inspired Indian jewellery looks to recreate this festive season,business
"{'id': None, 'name': 'Forbes'}","Mary Crossan, Contributor, 
 Mary Crossan, Contributor
 https://www.forbes.com/sites/marycrossan/",Is Character A Competitive Edge Or Liability? Five Differentiators,"Although character can be a competitive edge, it can also be a strategic liability. Five factors make the difference.",https://www.forbes.com/sites/marycrossan/2025/09/20/is-character-a-competitive-edge-or-liability-five-differentiators/,https://imageio.forbes.com/specials-images/imageserve/68c861cc8105750b565e837b/0x0.jpg?format=jpg&height=900&width=1600&fit=bounds,2025-09-20T20:20:22Z,"Character can be an asset or liability
getty
The promise of elevating character alongside competence in organizations is significant, as Fred Kiel highlighted in his 2015 book Return on Character, … [+15531 chars]",business
"{'id': None, 'name': 'Bless You Boys'}",Brandon Day,"Braves 6, Tigers 5: Bullpen meltdown brings doom",The Tigers battled back in stirring fashion only for the bullpen to blow a late lead.,https://www.blessyouboys.com/detroit-tigers-recaps/24480898/detroit-tigers-recaps-braves-spencer-torkelson-zach-mckinstry-kyle-finnegan-will-vest-gleyber-torres,https://platform.blessyouboys.com/wp-content/uploads/sites/37/2025/09/gettyimages-2235580741.jpg?quality=90&strip=all&crop=0%2C10.732984293194%2C100%2C78.534031413613&w=1200,2025-09-20T20:20:09Z,"The Tigers battled back from an early deficit on Saturday, only for Kyle Finnegan and Will Vest to lose a late lead and the game. That is five straight losses and a 2-8 stretch in their last 10 games… [+12349 chars]",business
"{'id': None, 'name': 'BGR'}",staff@bgr.com (José Adorno),Think Someone Is Tracking Your iPhone? Here Are 4 Warning Signs To Look Out For,"Hackers can secretly install malware on your iPhone to track you. However, your phone may still show some warning signs like overheating and battery drain.",https://www.bgr.com/1969542/how-to-know-someone-tracking-iphone-warning-signs/,https://www.bgr.com/img/gallery/think-someone-is-tracking-your-iphone-here-are-4-warning-signs-to-look-out-for/l-intro-1758025554.jpg,2025-09-20T20:17:00Z,"If you see weird pop-ups while using your iPhone (not the ones you see on some websites while browsing the web), this might be a warning sign. Attackers can trick victims into installing malicious co… [+843 chars]",business
"{'id': None, 'name': 'Freerepublic.com'}",Euronews,"Exclusive: In Utah, Charlie Kirk's killing shatters small-town America's sense of safety","One week after the assassination of Charlie Kirk at a local university, people of Utah professed unity in their conversations with Euronews. Yet undercurrents of violence and a commitment to guns remained. Driving home from work in the small Utah city of Orem…",https://freerepublic.com/focus/f-news/4341788/posts,,2025-09-20T20:14:20Z,"Skip to comments.
Exclusive: In Utah, Charlie Kirk's killing shatters small-town America's sense of safetyEuronews ^
 | 20/09/2025
 | Gregory Holyoke
Posted on 09/20/2025 1:14:20 PM PDT by nickca… [+10569 chars]",business
"{'id': None, 'name': 'Freerepublic.com'}",Gracetoyou.org,The Significance of Temple Cleansing - Evangelical Caucus/Devotional,"“The Passover of the Jews was near, and Jesus went up to Jerusalem. And He found in the temple those who were selling oxen and sheep and doves, and the money changers seated at their tables. And He made a scourge of cords, and drove them all out of the temple…",https://freerepublic.com/focus/f-religion/4341787/posts,,2025-09-20T20:13:27Z,"Skip to comments.
The Significance of Temple Cleansing - Evangelical Caucus/DevotionalGracetoyou.org ^
 | 2008
 | John MacArthur, Grace Community Church
Posted on 09/20/2025 1:13:27 PM PDT by met… [+2980 chars]",business
"{'id': None, 'name': 'The Daily Caller'}",David Blackmon,"DAVID BLACKMON: Geoengineering Is Real, And It’s Spectacular",Marjorie Taylor Green attracted ridicule from the climate alarm community and its media supporters this week.,https://dailycaller.com/2025/09/20/opinion-geoengineering-is-real-and-its-spectacular-david-blackmon/,"https://images.dailycaller.com/image/width=1280,height=549,fit=cover,format=webp,f=auto/https://cdn01.dailycaller.com/wp-content/uploads/2025/07/GettyImages-1238658502-scaled-e1752763795969.jpg",2025-09-20T20:12:51Z,Republican firebrand congresswoman Marjorie Taylor Green (R-GA) attracted ridicule from the climate alarm community and its media supporters this week for holding a hearing of the House Subcommittee … [+5170 chars],business
"{'id': None, 'name': 'CBS Sports'}",Chris Hummer,Money well spent for Texas Tech: Huge offseason investment pays off big as Red Raiders stifle Utah,"Texas Tech went all-in for top defensive players, and they stepped up when it mattered most on Saturday",https://www.cbssports.com/college-football/news/money-well-spent-for-texas-tech-huge-offseason-investment-pays-off-big-as-red-raiders-stifle-utah/,https://sportshub.cbsistatic.com/i/r/2025/09/20/ba192fac-0363-4fc8-a52e-d708b51f2d67/thumbnail/1200x675/38aead23180489c403a1596681b8c893/texas-tech.png,2025-09-20T20:12:00Z,"It's not often an offseason roster overhaul is on obvious display, especially when it comes to the trenches. Those are the players who tend to get lost in the scrum, the space eaters in the middle wh… [+3926 chars]",business
"{'id': None, 'name': 'Jalopnik'}",staff@jalopnik.com (Chloe Clougher),Why The 2025 Subaru Forester Has GPS Coordinates On The Floor Mats,"If you've peeked inside a 2025 Subaru Forester, you might have noticed topo lines and numbers on the floor mats. Here's where those GPS coordinates point to.",https://www.jalopnik.com/1968755/why-2025-subaru-forester-has-gps-coordinates-on-floor-mats/,https://www.jalopnik.com/img/gallery/why-the-2025-subaru-forester-has-gps-coordinates-on-the-floor-mats/l-intro-1757619289.jpg,2025-09-20T20:05:00Z,"Building and selling cars is a serious business. There's a lot of money at stake, and if you develop a product that consumers don't want, you could not only lose massive amounts of money but also dis… [+1545 chars]",business
"{'id': None, 'name': 'New Zealand Herald'}",Tom Raynel,Wattie’s financial filings reveal three years of losses and a $210m writedown,Company paid out more to suppliers and employees than it earned from customers in 2024.,https://www.nzherald.co.nz/business/companies/agribusiness/watties-financial-filings-reveal-three-years-of-losses-and-a-210m-writedown/L66J74TXYFD2XOISQASX7LRPMA/,https://www.nzherald.co.nz/resizer/v2/Q6BOQ63JXTIOTZQ75DXQMSRBVE.jpg?auth=50a56bd60d78c6b0128f7caea8709fa1306add7b7bf7f26590fc24a7a59055ba&width=1200&height=675&quality=70&focal=1587%2C330&smart=false,2025-09-20T20:00:00Z,"The company said it was buying fewer Hawkes Bay peaches as demand for New Zealand-grown canned peaches was declining.
Financial records show H.J. Heinz Company (New Zealand) made losses over the pas… [+3748 chars]",business
"{'id': None, 'name': 'Yahoo Entertainment'}",Mark Niquette and Craig Stirling,Key US Inflation Metric to Ease as Focus Shifts to Jobs Market,"A report on Friday is forecast to show the personal consumption expenditures price index excluding food and energy rose 0.2% in August, compared with 0.3% in...",https://finance.yahoo.com/news/key-us-inflation-metric-ease-200000101.html,https://s.yimg.com/ny/api/res/1.2/TJthO4UKrrpiWgR8g9shRQ--/YXBwaWQ9aGlnaGxhbmRlcjt3PTEyMDA7aD04MDA-/https://media.zenfs.com/en/bloomberg_holding_pen_162/250916e37fae0e7b6930f3208884083c,2025-09-20T20:00:00Z,"A shopper at a clothing store in downtown Detroit, Michigan.
(Bloomberg) -- The Federal Reserves preferred gauge of underlying inflation likely grew at a slower pace last month, offering policymaker… [+9489 chars]",business
"{'id': None, 'name': 'GlobeNewswire'}",The Rosen Law Firm PA,"ROSEN, A LEADING LAW FIRM, Encourages Fluor Corporation Investors to Secure Counsel Before Important Deadline in Securities Class Action – FLR","NEW YORK, Sept. 20, 2025 (GLOBE NEWSWIRE) -- WHY: Rosen Law Firm, a global investor rights law firm, announces the filing of a class action lawsuit on behalf of purchasers of securities of Fluor Corporation (NYSE: FLR) between February 18, 2025 and July 31, 2…",https://www.globenewswire.com/news-release/2025/09/20/3153524/673/en/ROSEN-A-LEADING-LAW-FIRM-Encourages-Fluor-Corporation-Investors-to-Secure-Counsel-Before-Important-Deadline-in-Securities-Class-Action-FLR.html,https://ml.globenewswire.com/Resource/Download/745335af-3a3a-4fb5-84c0-fdedc9adf092,2025-09-20T19:57:00Z,"NEW YORK, Sept. 20, 2025 (GLOBE NEWSWIRE) -- 
WHY: Rosen Law Firm, a global investor rights law firm, announces the filing of a class action lawsuit on behalf of purchasers of securities of Fluor Co… [+4125 chars]",business
"{'id': 'news-com-au', 'name': 'News.com.au'}",News.com.au,China’s Terracotta Army site may confirm ancient legend,"The gap between fantasy and reality has narrowed dramatically when it comes to what we know of China’s tyrannical first emperor, Qin Shi Huang.",https://www.news.com.au/technology/science/archaeology/unbelievable-find-at-chinas-terracotta-army-site-may-confirm-ancient-legend/news-story/0b53459dcf7fa74b31a3cc79d14e47ac,https://nypost.com/wp-content/uploads/sites/2/2025/09/111807952.jpg?quality=75&strip=all&w=1024,2025-09-20T19:53:29Z,"History becomes legend. Legend becomes myth.
At best, historians hope that at least a kernel of truth lingers lost among centuries worth of embellishment, propaganda, and hype.
But the gap between … [+7081 chars]",business
"{'id': 'business-insider', 'name': 'Business Insider'}",ledmonds@businessinsider.com (Lauren Edmonds),What is an H-1B visa? Everything you need to know about the skilled foreign worker program.,"Trump signed an executive order on Friday requiring US employers to pay a $100,000 fee for H-1B workers. Here's everything you need to know.",https://www.businessinsider.com/h1b-visa-trump-executive-order-what-to-know-2025-9,https://i.insider.com/68cf0573183847aa39d72e2b?width=1200&format=jpeg,2025-09-20T19:51:23Z,"Hiring skilled foreign workers through America's H-1B program now comes at a steep price.
President Donald Trump signed an executive order on Friday requiring US employers to pay a $100,000 applicat… [+4903 chars]",business
"{'id': None, 'name': 'Kami.com.ph'}",Triz Pereña,Boobay expresses love and prayers for Ate Gay amid stage-4 cancer battle,"Kapuso comedian Boobay’s heartfelt message for his fellow comedian Ate Gay, who recently revealed his stage-4 cancer battle, sparked prayers and support online.",https://kami.com.ph/entertainment/179537-boobay-expresses-love-prayers-ate-gay-stage-4-cancer-battle/,https://cdn.kami.com.ph/images/1200x675/8b6728fe9c10c700.jpeg?v=1,2025-09-20T19:50:30Z,"<ul><li>Boobay poured out his love and support for Ate Gay after the latter disclosed that he is fighting stage-4 cancer</li><li>In a moving social media post with their photos, he prayed for healing… [+3337 chars]",business
"{'id': None, 'name': 'Newser'}",Bob Cronin,California Prohibits Officers From Wearing Masks on Job,"California will be the first state to prohibit most law enforcement, including federal immigration agents, from covering their faces while conducting official business under a bill signed by Gov. Gavin Newsom on Saturday. The ban is California's direct respon…",https://www.newser.com/story/375535/california-prohibits-officers-from-wearing-masks-on-job.html,https://img2-azrcdn.newser.com/image/1635367-12-20250920145328.jpeg,2025-09-20T19:50:00Z,"Newsom, a Democrat who has attacked federal agents' use of masks during official business, also signed other legislation intended to limit immigration enforcement in hospitals and schools, per the Sa… [+1328 chars]",business
"{'id': 'the-times-of-india', 'name': 'The Times of India'}",PTI,"'Reckless' H1-B fee will have negative impact on IT industry, say US lawmakers and community","International Business News: NEW YORK/WASHINGTON: US lawmakers and community leaders voiced concern over US President Donald Trump's plan to impose a USD 100,000 fee on H-1B visa .",https://timesofindia.indiatimes.com/business/international-business/reckless-h1-b-fee-will-have-negative-impact-on-it-industry-say-us-lawmakers-and-community/articleshow/124020880.cms,"https://static.toiimg.com/thumb/msid-124020882,width-1070,height-580,imgsize-786712,resizemode-75,overlay-toi_sw,pt-32,y_pad-40/photo.jpg",2025-09-20T19:48:36Z,Celeb-inspired Indian jewellery looks to recreate this festive season,business
"{'id': None, 'name': 'HuffPost'}",AP,California Bans Most Law Enforcement Officers From Wearing Masks During Operations,The ban is the state's direct response to a recent series of immigration raids in Los Angeles where federal agents wore masks while making mass arrests.,https://www.huffpost.com/entry/ap-uscalifornia-immigration-raids_n_68cf037be4b09420f3fc1211,https://img.huffingtonpost.com/asset/68cf0472180000b05e5cfb62.jpeg?cache=xCHhmMsnHw&ops=1200_630,2025-09-20T19:48:12Z,"California will be the first state to ban most law enforcement, including federal immigration agents, from covering their faces while conducting official business under a bill signed by Gov. Gavin Ne… [+5855 chars]",business
"{'id': 'msnbc', 'name': 'MSNBC'}","Carol Leonnig, Ken Dilanian","Tom Homan was investigated for accepting $50,000 from undercover FBI agents. Trump's DOJ shut it down.","In an undercover operation last year, the FBI recorded Tom Homan accepting $50,000 in cash. Trump's DOJ shut down investigation.",https://www.msnbc.com/msnbc/news/tom-homan-cash-contracts-trump-doj-investigation-rcna232568,"https://media-cldnry.s-nbcnews.com/image/upload/t_nbcnews-fp-1200-630,f_auto,q_auto:best/rockcms/2025-06/250610-tom-homan-ew-608p-556b24.jpg",2025-09-20T19:45:58Z,"In an undercover operation last year, the FBI recorded Tom Homan, now the White House border czar,accepting $50,000 in cash after indicating he could help the agents who were posing as business execu… [+13585 chars]",business
"{'id': None, 'name': 'Forbes'}","Daniel R. Epstein, Contributor, 
 Daniel R. Epstein, Contributor
 https://www.forbes.com/sites/danepstein/",How The Washington Nationals Can Pull Themselves Out Of The Basement,"After a scathing report about the franchise's lack of leadership, the Washington Nationals have to chart a path back to long-term success on and off the field.",https://www.forbes.com/sites/danepstein/2025/09/20/how-the-washington-nationals-can-pull-themselves-out-of-the-basement/,https://imageio.forbes.com/specials-images/imageserve/68cf01322d62b571a79a3fd3/0x0.jpg?format=jpg&height=900&width=1600&fit=bounds,2025-09-20T19:39:58Z,"Washington Nationals interim manager Miguel Cairo (22) in action during the first baseball game of a doubleheader against the Atlanta Braves, Tuesday, Sept. 16, 2025, in Washington. (AP Photo/Nick Wa… [+3682 chars]",business
"{'id': None, 'name': 'Biztoc.com'}",reuters.com,Dallas airports return to normal as FAA details problem that caused outage,,https://biztoc.com/x/fab4c94c2072e32e,https://biztoc.com/cdn/fab4c94c2072e32e_s.webp,2025-09-20T19:36:21Z,"{ window.open(this.href, '_blank'); }, 200); return false;""&gt;Why did Teslas stock price surge recently? { window.open(this.href, '_blank'); }, 200); return false;""&gt;How will $100K H-1B visa fee i… [+783 chars]",business
"{'id': 'cnn', 'name': 'CNN'}","Auzinea Bacon, Clare Duffy","US will complete TikTok deal ‘in coming days’ and control its algorithm, White House says | CNN Business","The United States will have control over TikTok’s algorithm in the acquisition of the social media platform’s US operations, White House press secretary Karoline Leavitt said on Saturday.",https://www.cnn.com/2025/09/20/business/tiktok-trump-china-us-deal,"https://media.cnn.com/api/v1/images/stellar/prod/02-tiktokapp-bej.JPG?c=16x9&q=w_800,c_fill",2025-09-20T19:35:53Z,"The United States will have control over TikToks algorithm in the acquisition of the social media platforms US operations, White House press secretary Karoline Leavitt said on Saturday.
We are 100% … [+2633 chars]",business
"{'id': None, 'name': 'GlobeNewswire'}",Clute Institute Journals,"Gold IRA Rollover Guide: How to Convert an IRA or 401(k) to Gold, Explained by Clute Journals","DALLAS, Texas, Sept. 20, 2025 (GLOBE NEWSWIRE) -- With interest in gold IRAs rising during uncertain economic times, Clute Journals: Investing has released an easy-to-follow guide showing how to roll over your IRA or 401(k) into a gold IRA.",https://www.globenewswire.com/news-release/2025/09/20/3153523/0/en/Gold-IRA-Rollover-Guide-How-to-Convert-an-IRA-or-401-k-to-Gold-Explained-by-Clute-Journals.html,https://ml.globenewswire.com/Resource/Download/fe99152e-adb8-4f19-93b5-b19762770503,2025-09-20T19:32:00Z,"DALLAS, Texas, Sept. 20, 2025 (GLOBE NEWSWIRE) -- With interest in gold IRAs rising during uncertain economic times, Clute Journals: Investing has released an easy-to-follow guide showing how to roll… [+9973 chars]",business
"{'id': None, 'name': 'Gizmodo.com'}",AJ Dellinger,Big Tech Tells H-1B Workers Not to Leave Country Due to Trump’s New Policy,Confusion and panic all around.,https://gizmodo.com/big-tech-tells-h-1b-workers-not-to-leave-country-due-to-trumps-new-policy-2000661851,https://gizmodo.com/app/uploads/2025/09/GettyImages-2233758055-1200x675.jpg,2025-09-20T19:30:41Z,"Donald Trump’s announcement on Friday that his administration will impose a $100,000 annual fee on H1-B visa applications, which allows foreign laborers in specialty occupations to work in the United… [+3062 chars]",business
"{'id': None, 'name': 'Crooksandliars.com'}",Conover Kennard,Hell Freezes Over: Ted Cruz Just Made Sense,"Things must be bad when even a Texas MAGA Republican agrees that the FCC's Brendan Carr's move to cancel late-night comic Jimmy Kimmel was a bridge too far, calling it “right out of Goodfellas,” the classic mob movie, and “dangerous as hell.” Now, of course, …",https://crooksandliars.com/2025/09/ted-cruz-kimmel-gate-,https://crooksandliars.com/files/mediaposters/2025/09/57730.jpg,2025-09-20T19:30:33Z,"Things must be bad when even a Texas MAGA Republican agrees that the FCC's Brendan Carr's move to cancel late-night comic Jimmy Kimmel was a bridge too far, calling it right out of Goodfellas, the cl… [+2623 chars]",business
"{'id': None, 'name': 'Freerepublic.com'}",Oullian News,Brian Tamaki Leads Auckland Vigil and Haka for Slain US Activist Charlie Kirk,"A candlelit vigil and mass haka took place in Auckland to honor the memory of Charlie Kirk, a prominent conservative activist from the United States. Organized by Brian Tamaki, the leader of Destiny Church, the event attracted approximately 500 attendees dres…",https://freerepublic.com/focus/f-news/4341780/posts,,2025-09-20T19:29:50Z,"Skip to comments.
Brian Tamaki Leads Auckland Vigil and Haka for Slain US Activist Charlie KirkOullian News ^
 | Natasha Gordon
Posted on 09/20/2025 12:29:50 PM PDT by nickcarraway
A candlelit vi… [+2918 chars]",business
"{'id': None, 'name': 'Freerepublic.com'}",Euroweekly News,"No Puff, No Party? Spain’s Bars Claim New Smoking Rules Are Unjustified and Unfair","Spain is preparing to tighten up tobacco law, but the nightlife sector in the country is lighting up the debate. Spain Nightlife, the national association for nightclubs, and Fecasarm, the Catalan federation of bar and music venues, are not happy and have for…",https://freerepublic.com/focus/f-news/4341779/posts,,2025-09-20T19:24:33Z,"Skip to comments.
No Puff, No Party? Spains Bars Claim New Smoking Rules Are Unjustified and UnfairEuroweekly News ^
 | 19 Sep 2025
 | Ion Axinescu
Posted on 09/20/2025 12:24:33 PM PDT by nickcar… [+3580 chars]",business
"{'id': None, 'name': 'Thechronicle.com.gh'}",BERNICE BESSEY,Ghanaian and Nigerian Arrested Over Robbery at Spintex Residence,"The Ghana Police Service has arrested two suspects — a Ghanaian man and a Nigerian woman — in connection with a violent robbery that took place in the early hours of September 14, 2025, at a private residence in Spintex, Accra. This development was announced …",https://thechronicle.com.gh/ghanaian-and-nigerian-arrested-over-robbery-at-spintex-residence/,https://thechronicle.com.gh/wp-content/uploads/2025/09/COP-Lydia-Yaako-Donkor-1.jpg,2025-09-20T19:21:25Z,"The Ghana Police Service has arrested two suspects a Ghanaian man and a Nigerian woman in connection with a violent robbery that took place in the early hours of September 14, 2025, at a private resi… [+2175 chars]",business
"{'id': None, 'name': 'Bossip'}",imannmilner,‘Always Love’: LeBron James Speaks On Relationship With Drake Post Kendrick Beef,"LeBron James has broken his silence on whether or not his friendship with Drake is OVA. After much speculation and some very thinly veiled hits from the Canadian rapper, James finally addressed the elephant in the room of his and Drake’s one-time friendship. …",https://bossip.com/3896136/lebron-james-relationship-drake-post-kendrick-beef/,"https://bossip.com/wp-content/uploads/sites/28/2025/09/17583895041643.jpg?quality=80&strip=all&w=1024&crop=0,0,100,683px",2025-09-20T19:21:15Z,"LeBron James has broken his silence on whether or not his friendship with Drake is OVA.
Source: Cole Burston / Getty
After much speculation and some very thinly veiled hits from the Canadian rapper… [+2802 chars]",business
"{'id': None, 'name': 'Boston Herald'}",Howie Carr,Howie Carr: MassDOT’s Masspike service plaza deal is covered in heart emojis,"Even by sordid Massachusetts standards, the ongoing process of picking a company to run 18 service plazas on the MassPike and other state roads is astonishingly ripe, shall we say.",https://www.bostonherald.com/2025/09/20/howie-carr-massdots-masspike-service-plaza-deal-is-covered-in-heart-emojis/,https://www.bostonherald.com/wp-content/uploads/2025/09/service-plaza-got-it-done.jpg?w=1024&h=683,2025-09-20T19:17:27Z,"Massachusetts government is a kleptocracy, everybody understands that.
But even by sordid Bay State standards, the ongoing process of picking a company to run 18 service plazas on the MassPike and o… [+6340 chars]",business
"{'id': None, 'name': 'Biztoc.com'}",nytimes.com,Hamburger Helper Sales Rise as Americans Try to Stretch Their Food Dollars,,https://biztoc.com/x/55eda7ff05ffb121,https://biztoc.com/cdn/950/og.png,2025-09-20T19:13:50Z,"{ window.open(this.href, '_blank'); }, 200); return false;""&gt;Why did Teslas stock price surge recently? { window.open(this.href, '_blank'); }, 200); return false;""&gt;How will $100K H-1B visa fee i… [+734 chars]",business
"{'id': None, 'name': 'Dlnews.com'}",Kyle Baird,Saylor says Strategy stock under attack from bot army bankrolled by short sellers,Saylor says bots funded by short sellers attack Strategy stock. Chanos calls the allegation serious and demands evidence. He has compared Bitcoin treasuries ...,https://www.dlnews.com/articles/people-culture/saylor-strategy-stock-under-attack-bot-army-short-sellers/,https://s.yimg.com/ny/api/res/1.2/fqSHA2HTiOCt5KA10rjGAw--/YXBwaWQ9aGlnaGxhbmRlcjt3PTEyMDA7aD03ODU-/https://media.zenfs.com/en/dlnews_702/22064e609a9f886ee5768beb97674044,2025-09-20T19:11:22Z,"Who is Strategys biggest bear?
Not the market, if you ask its chairman Michael Saylor its a paid legion of bots, deployed by short sellers.
In a recent interview with podcaster Natalie Brunell, Say… [+2108 chars]",business
"{'id': None, 'name': 'Thoughtcatalog.com'}",Brianna Wiest,8 Things That Happen Right Before You Step Into A New Life,"It is a common misconception I have come to realize throughout my life. Positive change is often planted through seeds that can sometimes make us feel more uncertain, fearful, and anxious than anything else.",https://thoughtcatalog.com/brianna-wiest/2025/09/8-things-that-happen-right-before-you-step-into-a-new-life/,https://thoughtcatalog.com/wp-content/uploads/2025/09/pablo-merchan-montes-Bdx-rDCdTkI-unsplash.jpg?w=1536&h=768&crop=1,2025-09-20T19:09:00Z,"It is a common misconception I have come to realize throughout my life. Positive change is often planted through seeds that can sometimes make us feel more uncertain, fearful, and anxious than anythi… [+7591 chars]",business
"{'id': None, 'name': 'The Advocate'}",Rodney Woods,Schuyler Nener's business rises from ashes to debut at show,"Schuyler Nener, owner of Peggy's Bakes and Catering, overcomes a devastating fire to showcase new menu items at the Burnie Show and Agri-Expo.",https://www.theadvocate.com.au/story/9068242/schuyler-neners-business-rises-from-ashes-to-debut-at-show/,https://www.theadvocate.com.au/images/transform/v1/crop/frm/141052056/f4404b25-4f08-4963-8d83-16769f7cb831.png/r13_0_1156_600_w1200_h630_fmax.jpg,2025-09-20T19:08:27Z,"If it weren't for her father, Ulverstone's Schuyler Nener would have given up on her business after a fire destroyed her rental property earlier this year.
Subscribe today for the news that matters… [+4010 chars]",business
"{'id': None, 'name': 'Yahoo Entertainment'}",Ramish Cheema,"Honeywell International Inc. (HON): “The Breakup Is Extraordinarily Good,” Says Jim Cramer",We recently published 9 Stocks on Jim Cramer’s Radar. Honeywell International Inc. (NASDAQ:HON) is one of the stocks Jim Cramer recently discussed. Honeywell...,https://finance.yahoo.com/news/honeywell-international-inc-hon-breakup-190705424.html,https://media.zenfs.com/en/insidermonkey.com/ad32e889e163b3a7c5fc1c720624cf38,2025-09-20T19:07:05Z,"We recently published 9 Stocks on Jim Cramers Radar. Honeywell International Inc. (NASDAQ:HON) is one of the stocks Jim Cramer recently discussed.
Honeywell International Inc. (NASDAQ:HON) is a mega… [+1502 chars]",business
"{'id': None, 'name': 'Yahoo Entertainment'}",Ramish Cheema,Jim Cramer Thinks Whirlpool Corporation (WHR) CEO Is Doing A Good Job,We recently published 9 Stocks on Jim Cramer’s Radar. Whirlpool Corporation (NYSE:WHR) is one of the stocks Jim Cramer recently discussed. Cramer has...,https://finance.yahoo.com/news/jim-cramer-thinks-whirlpool-corporation-190658283.html,https://s.yimg.com/ny/api/res/1.2/RYFY_0D67h7lHFArl_aNCA--/YXBwaWQ9aGlnaGxhbmRlcjt3PTEyMDA7aD03OTc-/https://media.zenfs.com/en/insidermonkey.com/6dc92b09e35e5e12c589e0fe268cb491,2025-09-20T19:06:58Z,"We recently published 9 Stocks on Jim Cramers Radar. Whirlpool Corporation (NYSE:WHR) is one of the stocks Jim Cramer recently discussed.
Cramer has discussed Whirlpool Corporation (NYSE:WHR) severa… [+1601 chars]",business
"{'id': None, 'name': 'Freerepublic.com'}",New American Prophet,Muslim Mayor Plays Matt Dillon–Tells American Citizen to Get Out of Dodge?,"Mayor Abdullah H. Hammoud scolded resident Edward “Ted” Barham, a Christian, “Although you live here, you are not welcome here.” “He then turned to a personal attack on his city’s resident, accusing Barham of being “a bigot, and you are racist, and you’re an …",https://freerepublic.com/focus/f-chat/4341774/posts,,2025-09-20T19:05:56Z,"Skip to comments.
Muslim Mayor Plays Matt DillonTells American Citizen to Get Out of Dodge?New American Prophet ^
 | Sept 20, 2025
 | Michael Bresciani
Posted on 09/20/2025 12:05:56 PM PDT by Rev… [+3262 chars]",business
"{'id': None, 'name': 'Yahoo Entertainment'}",Ramish Cheema,"“We Were So Worried About” Amazon.com, Inc. (AMZN), Says Jim Cramer","We recently published 9 Stocks on Jim Cramer’s Radar. Amazon.com, Inc. (NASDAQ:AMZN) is one of the stocks Jim Cramer recently discussed. AI and eCommerce...",https://finance.yahoo.com/news/were-worried-amazon-com-inc-190530622.html,https://s.yimg.com/ny/api/res/1.2/r4yH5U7Ng2Vmm_N2sdim2A--/YXBwaWQ9aGlnaGxhbmRlcjt3PTEyMDA7aD04MDA-/https://media.zenfs.com/en/insidermonkey.com/bf5db36a1da6774e5e796de67b414473,2025-09-20T19:05:30Z,"We recently published 9 Stocks on Jim Cramers Radar. Amazon.com, Inc. (NASDAQ:AMZN) is one of the stocks Jim Cramer recently discussed.
AI and eCommerce giant Amazon.com, Inc. (NASDAQ:AMZN)s shares … [+1521 chars]",business
"{'id': 'techcrunch', 'name': 'TechCrunch'}",Anthony Ha,"Amazon, Google, Microsoft warn H-1B employees to stay in the US | TechCrunch",Large tech companies have responded to President Donald Trump’s dramatic changes to H-1B visa applications by telling employees with those visas to remain in the United States for now.,https://techcrunch.com/2025/09/20/amazon-google-microsoft-warn-h-1b-employees-to-stay-in-the-us/,https://techcrunch.com/wp-content/uploads/2025/08/GettyImages-2227934246.jpg?w=1024,2025-09-20T19:04:43Z,"Large tech companies have responded to President Donald Trumps dramatic changes to H-1B visa applications by telling employees with those visas to remain in the United States, according to multiple m… [+968 chars]",business
"{'id': None, 'name': 'Yahoo Entertainment'}",Ramish Cheema,"CAVA Group, Inc. (CAVA) “Is Very Good,” Says Jim Cramer","We recently published 9 Stocks on Jim Cramer’s Radar. CAVA Group, Inc. (NYSE:CAVA) is one of the stocks Jim Cramer recently discussed. CAVA Group, Inc...",https://finance.yahoo.com/news/cava-group-inc-cava-very-190440416.html,https://s.yimg.com/ny/api/res/1.2/3ITujRXC4V5WpZgS5uL4bQ--/YXBwaWQ9aGlnaGxhbmRlcjt3PTEyMDA7aD03OTk-/https://media.zenfs.com/en/insidermonkey.com/ad6fd21bb2c2bcd642f840eca2f5ca0a,2025-09-20T19:04:40Z,"We recently published 9 Stocks on Jim Cramers Radar. CAVA Group, Inc. (NYSE:CAVA) is one of the stocks Jim Cramer recently discussed.
CAVA Group, Inc. (NYSE:CAVA) is a fast casual restaurant chain t… [+1629 chars]",business
"{'id': None, 'name': 'Viewfromthewing.com'}",View from the Wing,"Earn 120,000 Southwest Points—Time It Right To Lock In Companion Pass Through 2027","With the right application and spend strategy, this 120,000-point bonus can turn into nearly two full years of free Companion Pass travel on Southwest.
Continue reading Earn 120,000 Southwest Points—Time It Right To Lock In Companion Pass Through 2027...",https://viewfromthewing.com/earn-120000-southwest-points-time-it-right-to-lock-in-companion-pass-through-2027/,https://viewfromthewing.com/wp-content/uploads/2024/07/southwest-at-houston-hobby.jpg,2025-09-20T19:04:34Z,"I receive compensation for content and many links on this blog. Citibank is an advertising partner of this site, as is American Express, Chase, Barclays and Capital One. Any opinions expressed in thi… [+2418 chars]",business
"{'id': None, 'name': 'Forbes'}","Bryan Robinson, Ph.D., Contributor, 
 Bryan Robinson, Ph.D., Contributor
 https://www.forbes.com/sites/bryanrobinson/",Why ‘Made In The U.S.A.’ Labels Are Losing Customer Appeal,"Learn why ""Made in the U.S.A"" labels are losing their pull and what's stealing consumer brand loyalty away.",https://www.forbes.com/sites/bryanrobinson/2025/09/20/why-made-in-the-usa-labels-are-losing-customer-appeal/,https://imageio.forbes.com/specials-images/imageserve/689de5542c4d568a12956bf4/0x0.jpg?format=jpg&height=900&width=1600&fit=bounds,2025-09-20T19:02:13Z,"A new shift in buyer loyalty shows that ""Made in the U.S.A."" is losing its appeal from consumers, and it's being replaced by something else.
getty
Traditionally, many American consumers have been d… [+6089 chars]",business
"{'id': None, 'name': 'Researchbuzz.me'}",ResearchBuzz,"Leonid Inglezim, Bing, Google More: Saturday Afternoon ResearchBuzz, September 20, 2025",NEW RESOURCES Odessa Journal: Works of artist Leonid Inglezi digitized in Mykolaiv following return from France. “The project team behind “Digital Museum Collection” has digitized 22 paintings by Ukrainian artist and philanthropist […],https://researchbuzz.me/2025/09/20/leonid-inglezim-bing-google-more-saturday-afternoon-researchbuzz-september-20-2025/,https://s0.wp.com/_si/?t=eyJpbWciOiJodHRwczpcL1wvczAud3AuY29tXC9pXC9ibGFuay5qcGciLCJ0eHQiOiJSZXNlYXJjaEJ1enoiLCJ0ZW1wbGF0ZSI6ImhpZ2h3YXkiLCJmb250IjoiIiwiYmxvZ19pZCI6NDMyODc1Nn0.BjdcPIDlw4ZG0Ki13B-quwxnrzAxn9iB5rJXagRMNlcMQ,2025-09-20T19:01:22Z,"NEW RESOURCES 
Odessa Journal: Works of artist Leonid Inglezi digitized in Mykolaiv following return from France. “The project team behind Digital Museum Collection has digitized 22 paintings by Ukr… [+4513 chars]",business
"{'id': None, 'name': 'The Points Guy'}",Chris Nelson and,Amex Business Platinum Card review: Can the highest-ever bonus and premium perks justify $895 a year?,The Business Platinum Card from American Express offers fantastic travel perks. Here's what you need to know to decide if it's a good fit for your business.,https://thepointsguy.com/credit-cards/reviews/amex-business-platinum-card-review/,https://runway-media-production.global.ssl.fastly.net/us/originals/2025/07/20250715_SOCIAL-DISCLAIMER_PARTER-OFFER-TERMS-APPLY_FRIENDS-LOADING-SUITCASES-INTO-TRUNK-OF-CAR-FOR-TRIP_-mapodile.jpg,2025-09-20T19:00:42Z,"The Business Platinum Card from American Express overview
The Business Platinum Card® from American Express is one of the best business rewards cards around, thanks to its large welcome bonus and th… [+15876 chars]",business
"{'id': None, 'name': 'Wonkette.com'}",Gary Legum,"Judge Smacks Down Latest Trump Lawsuit On Grounds Of Being Really, Really Stupid",Where does he even find lawyers anymore?,https://www.wonkette.com/p/judge-smacks-down-latest-trump-lawsuit,"https://substackcdn.com/image/fetch/$s_!3fn1!,w_1200,h_600,c_fill,f_jpg,q_auto:good,fl_progressive:steep,g_auto/https%3A%2F%2Fsubstack-post-media.s3.amazonaws.com%2Fpublic%2Fimages%2F4040a31a-ed4e-433f-bbd0-3076a786350d_800x450.jpeg",2025-09-20T19:00:40Z,"This past week, our Effervescent God of the Heavens Donald Trump sued The New York Times for $15 billion for committing the indelible crime of being mean to him. Bad New York Times! As Ned Beatty onc… [+5569 chars]",business
"{'id': None, 'name': 'Robb Report'}",Dsimms29,"Bahrain Is Building an Oasis for Elite Travelers, and It’s Never Been Easier to Get There",The Gulf nation of Bahrain has long been known for its natural pearls. Gulf Air's new direct flight is helping travelers discover its unique luster.,http://robbreport.com/travel/hotels/gulf-air-new-direct-flight-bahrain-1237029100/,https://robbreport.com/wp-content/uploads/2025/09/Raffles_AlAreen_Palace_Bahrain.jpg?w=681&h=383&crop=1,2025-09-20T19:00:00Z,"“You can see yourself in a pearl. It’s not like any other stone,” Mohamed al-Mahmood says with a smile. Then, he produces a showstopper from a red-velvet-lined box: The distorted yet highly sought-af… [+4703 chars]",business
"{'id': None, 'name': 'Yahoo Entertainment'}",Ethan M Steinberg,Investors Turn to Derivatives for US Corporate Bonds As Issuers Can't Keep Up,"Blue-chip businesses have sold more than $1 trillion of bonds this year through August, data compiled by Bloomberg shows.  Without enough new notes to buy...",https://finance.yahoo.com/news/investors-turn-derivatives-us-corporate-190000113.html,https://s.yimg.com/ny/api/res/1.2/PZzGjjoLf8uIH9ZXn7WbQw--/YXBwaWQ9aGlnaGxhbmRlcjt3PTEyMDA7aD03MzA-/https://media.zenfs.com/en/bloomberg_holding_pen_162/eeafddf36611d3d3906ec6f6ab98a0d8,2025-09-20T19:00:00Z,"(Bloomberg) -- Investors in US corporate bonds are earning so much money from their interest payments and reinvesting it so quickly that companies cant keep up with the demand.
Blue-chip businesses … [+7415 chars]",business
"{'id': None, 'name': 'Observer'}","Elisa Carollo, Elisa Carollo",Mapping Asia Society Texas’ Place in Houston’s Global Art Identity,The institution’s multidisciplinary programming highlights the rich diversity of Asia while fostering exchange across the city's sprawling neighborhoods.,https://observer.com/2025/09/art-culture-asia-society-texas-taniguchi-houston/,https://observer.com/wp-content/uploads/sites/2/2025/09/ASTC-View-of-Building-with-Mist-2-by-Paul-Hester.jpg?quality=80,2025-09-20T18:58:40Z,"Asia Society Texas in Houston. © Timothy Hursley
For those in Houston this week for the city’s first edition of Untitled, a must-see stop is the Asia Society Texas Center, located in the heart of th… [+14253 chars]",business
"{'id': 'the-times-of-india', 'name': 'The Times of India'}",Global Desk,After H-1B visa fee hike - can employees return to US in 24 hours as demanded by companies? Here's the probability,"Employees holding H-1B visas were asked by the employees to remain in the United States. However, the White House has issued a clarification.",https://economictimes.indiatimes.com/news/international/us/after-h-1b-visa-fee-hike-can-employees-return-to-us-in-24-hours-as-demanded-by-companies-heres-the-probability/articleshow/124020305.cms,"https://img.etimg.com/thumb/msid-124020395,width-1200,height-630,imgsize-9522,overlay-economictimes/articleshow.jpg",2025-09-20T18:57:21Z,"Employees with H-1B visas have a big relief is sight. The much talked about new $100,000 annual fee for H-1B visas in the United States goes into effect on Sunday, but it will not be applied to exist… [+4225 chars]",business
"{'id': 'cbc-news', 'name': 'CBC News'}",,Bridgewater mayor calls for relocation of drop-in centre amid rising concerns,The mayor of Bridgewater says the John Howard Society has to move from its current downtown location amid concerns for residential safety.,https://www.cbc.ca/news/canada/nova-scotia/bridgewater-mayor-calls-for-relocation-of-drop-in-centre-amid-rising-concerns-1.7639404,https://i.cbc.ca/1.7256083.1737403718!/fileImage/httpImage/image.JPG_gen/derivatives/16x9_1180/mayor-david-mitchell.JPG?im=Resize%3D620,2025-09-20T18:55:15Z,"The mayor of Bridgewater, N.S., says the John Howard Society drop-in centre has been an issue for the town since it opened last year. 
David Mitchell told CBC's Information Morning that public conce… [+2540 chars]",business
"{'id': None, 'name': 'Motorsport.com'}",Nick DeGroot,Corey Heim ties NASCAR Truck season win record with Loudon victory,"For the first time since 1999, a driver has won nine races in a single NASCAR Truck season ... and he's not done yet",https://www.motorsport.com/nascar-truck/news/corey-heim-ties-nascar-truck-season-win-record/10761115/,https://cdn-4.motorsport.com/images/amp/0JB3LvE0/s6/corey-heim-tricon-garage-toyot.jpg,2025-09-20T18:54:25Z,"Corey Heim remains unstoppable in the NASCAR Truck Series, sweeping the stages and winning at New Hampshire Motor Speedway. This marks the 20th win of Heim's career and his ninth of the 2025 season, … [+8241 chars]",business
"{'id': None, 'name': 'KCRA Sacramento'}",Daniel Macht,California Gov. Newsom signs bill aimed at banning law enforcement from using face coverings,Gov. Gavin Newsom on Saturday signed legislation that aims to make California the first state to ban most law enforcement from covering their faces while carrying out operations.,https://www.kcra.com/article/california-gov-newsom-signs-bill-banning-law-enforcement-from-using-face-coverings/67980150,"https://kubrick.htvapps.com/vidthumb/a4b3733e-5a75-49eb-b02d-3fbed3ea462b/9c91ca7a-a842-4456-92ec-f6698d081127.jpg?crop=0.700xw:0.699xh;0.178xw,0.0174xh&resize=1200:*",2025-09-20T18:54:03Z,"Gov. Gavin Newsom on Saturday signed legislation that aims to make California the first state to ban most law enforcement from covering their faces while carrying out operations.
Senate Bill 627, au… [+1922 chars]",business
"{'id': None, 'name': 'Rlsbb.to'}",ABC,Cougars Inc 2011 1080p AMZN WEB-DL H264-GPRS,"Plot: Sam has been expelled from every school and is now looking for a creative way to pay for school. He finds it in escort business called Cougars, Inc., which gives him lessons he never expected. Genre: Comedy | Drama | RomanceIMDB Rating Live: IMDB Rating…",https://post.rlsbb.to/cougars-inc-2011-1080p-amzn-web-dl-h264-gprs/,,2025-09-20T18:51:31Z,"Plot: Sam has been expelled from every school and is now looking for a creative way to pay for school. He finds it in escort business called Cougars, Inc., which gives him lessons he never expected. … [+544 chars]",business
"{'id': 'newsweek', 'name': 'Newsweek'}",Peter Aitken,Former Disney CEO Calls Out Current Leadership Over Jimmy Kimmel Decision,"Michael Eisner served as CEO of The Walt Disney Company between 1984 and 2005, marking two of the most successful decades for the company.",https://www.newsweek.com/former-disney-ceo-criticizes-current-leadership-jimmy-kimmel-2133058,https://d.newsweek.com/en/full/2726692/michael-eisner-bob-iger-disney.jpg,2025-09-20T18:49:48Z,Former Disney CEO Michael Eisner shared some harsh words for the media company's leadership over their handling of Jimmy Kimmel's indefinite suspension from his ABC late-night talk show after comment… [+5766 chars],business
"{'id': None, 'name': 'Notebookcheck.net'}",Rahim Amir Noorali,Nintendo outsources customer support to South America eliminating 200 US-based long-term contractors,"Nintendo's culling of its US contractors in customer support roles comes as it experiences an extraordinary fiscal year, fueled by the Switch 2's successful launch.",https://www.notebookcheck.net/Nintendo-outsources-customer-support-to-South-America-eliminating-200-US-based-long-term-contractors.1119696.0.html,https://www.notebookcheck.net/fileadmin/Notebooks/News/_nc5/Nintendo-Logo-Image-Source-Nintendo.png,2025-09-20T18:49:00Z,"Nintendo of America has reportedly outsourced its U.S. customer support operations to countries in South America, including Argentina, Brazil, and Nicaragua, leaving an estimated 200 long-term contra… [+3079 chars]",business
"{'id': None, 'name': 'New York Post'}",Bridget Reilly,Dabo Swinney ‘paying too much attention to the media’ as Clemson struggles: Desmond Howard,Dabo Swinney's head is seemingly scrambled.,https://nypost.com/2025/09/20/sports/dabo-swinney-paying-too-much-attention-to-the-media-desmond-howard/,https://nypost.com/wp-content/uploads/sites/2/2025/09/newspress-collage-i5nhur9kd-1758391487670.jpg?quality=75&strip=all&1758379496&w=1024,2025-09-20T18:48:51Z,"Dabo Swinney’s head is seemingly scrambled, at least according to one former Heisman Trophy winner.
College football fans and the media pegged Clemson as a national championship contender this offse… [+3708 chars]",business
"{'id': 'the-times-of-india', 'name': 'The Times of India'}",Durva More,"China Eastern Airlines to launch world’s longest direct flight - here's where it will fly, duration, schedule and ticket pricing","China Eastern Airlines will start the world’s longest direct flight from Shanghai to Buenos Aires in December 2025. The flight takes about 29 hours with a short stop in Auckland, New Zealand. Tickets for economy and business class are available online. This n…",https://economictimes.indiatimes.com/news/international/us/china-eastern-airlines-to-launch-worlds-longest-direct-flight-heres-where-it-will-fly-duration-schedule-and-ticket-pricing/articleshow/124019929.cms,"https://img.etimg.com/thumb/msid-124020152,width-1200,height-630,imgsize-20250,overlay-economictimes/articleshow.jpg",2025-09-20T18:43:08Z,"China Eastern Airlines is going to run the world’s longest direct flight, covering about 12,000 miles across the Pacific Ocean. The flight will connect Shanghai in China to Buenos Aires in Argentina,… [+1813 chars]",business
"{'id': None, 'name': 'Biztoc.com'}",benzinga.com,"Mexican Billionaire, Who Set Up One of the Nation's Top Banks, Called Dollar-Like Fiat Money The 'Biggest Fraud' And Sees Bitcoin As The Only Escape","Mexican business tycoon Ricardo Salinas Pliego has been vocal about his unwavering faith in Bitcoin (CRYPTO: BTC) while voicing an equally strong disdain for fiat currencies.
Fiat Is A Fraud, Banks Are Not Safe, Says Salinas
During an interview with Bitcoin m…",https://biztoc.com/x/e8ecb2f22054ea81,https://biztoc.com/cdn/e8ecb2f22054ea81_s.webp,2025-09-20T18:41:06Z,"Mexican business tycoon Ricardo Salinas Pliego has been vocal about his unwavering faith in Bitcoin (CRYPTO: BTC) while voicing an equally strong disdain for fiat currencies.Fiat Is A Fraud, Banks Ar… [+143 chars]",business
"{'id': 'fox-news', 'name': 'Fox News'}",,"NY state Dem boss refuses to endorse Mamdani, causing huge rift in party","New York Democratic Chairman Jay Jacobs will not endorse Zohran Mamdani for mayor, breaking with Gov. Kathy Hochul, who endorsed Mamdani last week.",https://www.foxnews.com/politics/ny-state-dem-boss-refuses-endorse-mamdani-causing-huge-rift-party,https://static.foxnews.com/foxnews.com/content/uploads/2025/09/zohran-mamdani-nyc-speaking-sept-2025.jpg,2025-09-20T18:37:55Z,"Democratic New York City mayoral candidate Zohran Mamdani lost the endorsement of a longtime state party leader despite having the backing of New York Gov. Kathy Hochul.
New York State Democratic Co… [+2493 chars]",business
"{'id': None, 'name': 'Gopathtomillions.com'}",PathToMillions | Print On Demand Expert,Print on Demand Marketing Strategies That Work: Boost Your POD Sales,Print on Demand Marketing Strategies That Work [2025 Guide]  Print on demand (POD) has become a popular way for entrepreneurs to launch cu...,https://www.gopathtomillions.com/2025/07/print-on-demand-marketing-strategies.html,https://blogger.googleusercontent.com/img/b/R29vZ2xl/AVvXsEjU8sLjjFdEmRX8quyF5tse4bdw0mD43RT7hx2wVNrDZ_vYHoHgBJP5Kgn1avIM5-8LnOtzm3E6VUHfugi0Jsqk2HDFAMj-lvnnyj7lxbCXijDTyBstYRwZEUeBtf8cz9SAWaYNnEBmQ3AGFFMds8ayTQy5A0RtNF0HIgXQn9EeHs1w_pmWB1M4O2zQoSg/w1200-h630-p-k-no-nu/drop-ship-tshirt2.png,2025-09-20T18:36:22Z,Print on demand (POD) has become a popular way for entrepreneurs to launch custom products without upfront inventory. But succeeding in this crowded market takes more than just good designs you need … [+20850 chars],business
"{'id': None, 'name': 'Theflightdeal.com'}",The Flight Deal,"jetBlue: San Francisco – Aguadilla, Puerto Rico. $349 (Basic Economy) / $429 (Regular Economy). Roundtrip, including all Taxes",A good sale to AguadillaThe $429 fare is a regular economy fare which allows for normal size carry-on and personal item in addition to advance seat assignment.jetBlue also has a $349 fare but,https://www.theflightdeal.com/2025/09/20/jetblue-san-francisco-aguadilla-puerto-rico-349-basic-economy-429-regular-economy-roundtrip-including-all-taxes-2/,https://www.theflightdeal.com/wp-content/uploads/2015/09/aguadilla_september.jpg,2025-09-20T18:35:03Z,"A good sale to Aguadilla
The $429 fare is a regular economy fare which allows for normal size carry-on and personal item in addition to advance seat assignment.
jetBlue also has a $349 fare but tha… [+4266 chars]",business
"{'id': None, 'name': 'CinemaBlend'}",Erik Swann,Todd And Julie Chrisley Reveal The Major Amount Of Money They Paid In Lawyer Fees Amid Their Legal Issues: ‘Add The Zeroes’,So. Much. Cash.,https://www.cinemablend.com/television/todd-julie-chrisley-reveal-they-paid-three-million-dollars-lawyer-fees,https://cdn.mos.cms.futurecdn.net/62S9G8a7ifTrSFDN8SmWBA.jpg,2025-09-20T18:31:54Z,"As of this past May, Todd and Julie Chrisley are now free individuals, as they were pardoned of financial offenses by POTUS. The Chrisleys have since been settling back into their lives, though repor… [+3130 chars]",business
"{'id': None, 'name': 'Theflightdeal.com'}",The Flight Deal,"Copa: Los Angeles – Porto Alegre, Brazil. $497 (Basic Economy / $727 (Regular Economy). Roundtrip, including all Taxes",A good sale to Porto AlegreMatrix Airfare Search by ITA Software will price this at $545 (Basic Economy). Use those dates on Copa Air should reprice to $497 (Basic Economy) / $727 (Regular Economy,https://www.theflightdeal.com/2025/09/20/copa-los-angeles-porto-alegre-brazil-497-basic-economy-727-regular-economy-roundtrip-including-all-taxes/,https://www.theflightdeal.com/wp-content/uploads/2014/12/porto_alegre_december-640x390.jpg,2025-09-20T18:30:14Z,"A good sale to Porto Alegre
Matrix Airfare Search by ITA Software will price this at $545 (Basic Economy). Use those dates on Copa Air should reprice to $497 (Basic Economy) / $727 (Regular Economy)… [+4928 chars]",business
"{'id': None, 'name': 'Variety'}",Giana Levy,"‘Black Rabbit’ Star Jude Law and Creators on That Shocking Final Death, Jake and Vince’s Destructive Relationship and More","SPOILER ALERT: This article contains spoilers from the first season of “Black Rabbit” now available to stream on Netflix. Restaurant hospitality is the last thing to be found inside Netflix’s latest crime thriller, “Black Rabbit.” The series, created by marri…",https://variety.com/2025/tv/news/black-rabbit-jude-law-creators-jason-bateman-vince-death-1236524522/,https://variety.com/wp-content/uploads/2025/09/Screenshot-2025-09-19-at-11.21.48 AM.png?w=1000&h=563&crop=1,2025-09-20T18:30:00Z,"SPOILER ALERT: This article contains spoilers from the first season of “Black Rabbit” now available to stream on Netflix.
Restaurant hospitality is the last thing to be found inside Netflix’s latest… [+7654 chars]",business
"{'id': None, 'name': 'Aero-news.net'}",,ANN's Daily Aero-Linx (09.19.25),Aero Linx: European Association of Aviation Training and Educational Organisations (EATEO) Welcome to the “European Association of Aviation Training and Education Organizations –EATEO.” EATEO aspires to be the European voice for driving the best aviation trai…,https://www.aero-news.net/index.cfm?do=main.textpost&id=6BB77A39-3E8E-4A75-8EE3-DDF516208739,,2025-09-20T18:27:07Z,"Scouring the information super airways can sometimes be a tough, if educational, task for the Aero-News staff... but it also allows us to check out some truly neat and exciting sites, so it's not tha… [+1314 chars]",business
"{'id': 'techradar', 'name': 'TechRadar'}",Efosa Udinmwen,"Asus just launched another 162-inch 4K Micro LED monitor - yes, a monitor, not a TV, and it's almost as big as a wall","Asus unveils 162-inch ProArt Cinema PQ09U 4K HDR Micro LED monitor, offering unmatched scale, clarity, and advanced creative features.",https://www.techradar.com/pro/asus-just-launched-another-162-inch-4k-micro-led-monitor-yes-a-monitor-not-a-tv-and-its-almost-as-big-as-a-wall,https://cdn.mos.cms.futurecdn.net/tN7rKMycWrkg4hMMpbRfPW.png,2025-09-20T18:27:00Z,<ul><li>Asus PQ09U’s 0.93mm pixel pitch ensures sharpness even up close</li><li>Asus ProArt Cinema PQ09U targets cinematic spaces and large-scale creative environments</li><li>This large monitor supp… [+2256 chars],business
"{'id': None, 'name': 'Freerepublic.com'}",AP via NY Post,Thousands evacuated in Hong Kong after discovery of large WWII-era bomb,Thousands of people were evacuated from their homes in Hong Kong overnight so experts could defuse a large US-made bomb left over from World War II that was discovered at a construction site. Police said the bomb was nearly 5 feet in length and weighed about …,https://freerepublic.com/focus/f-chat/4341768/posts,,2025-09-20T18:26:00Z,"Skip to comments.
Thousands evacuated in Hong Kong after discovery of large WWII-era bombAP via NY Post ^
 | 09/20/2025
 | AP
Posted on 09/20/2025 11:26:00 AM PDT by DFG
Thousands of people were… [+4362 chars]",business
"{'id': None, 'name': 'Theflightdeal.com'}",The Flight Deal,"KLM Royal Dutch: Portland – Riga, Latvia. $513 (Basic Economy) / $733 (Regular Economy). Roundtrip, including all Taxes",A good sale to Riga. Pricing will vary slightly depending on routingMatrix Airfare Search by ITA Software will price this at $565 (Basic Economy) Use those dates on KLM Royal Dutch should reprice,https://www.theflightdeal.com/2025/09/20/klm-royal-dutch-portland-riga-latvia-513-basic-economy-733-regular-economy-roundtrip-including-all-taxes/,https://www.theflightdeal.com/wp-content/uploads/2017/01/riga_latvia-640x390.jpg,2025-09-20T18:25:21Z,"A good sale to Riga. Pricing will vary slightly depending on routing
Matrix Airfare Search by ITA Software will price this at $565 (Basic Economy) Use those dates on KLM Royal Dutch should reprice $… [+4632 chars]",business
"{'id': 'marca', 'name': 'Marca'}",marca.com,Devontez Walker defends Belichick's relationship with Jordon Hudson as UNC navigates scrutiny,"Devontez Walker has weighed in on Bill Belichick&apos;s controversial relationship with Jordon Hudson and provided a surprising take on the matter.
Belichick, 73, has been enjoying",https://www.marca.com/en/ncaa/2025/09/20/68ced3dbe2704e602a8b45d5.html,https://e01-phantom-marca.uecdn.es/847922a8a04d72e50e2268266e7cd4f6/crop/0x0/2044x1363/resize/1200/f/webp/assets/multimedia/imagenes/2025/09/20/17583850734008.jpg,2025-09-20T18:24:46Z,"Devontez Walker has weighed in on Bill Belichick's controversial relationship with Jordon Hudson and provided a surprising take on the matter.
Belichick, 73, has been enjoying a fresh chapter of his… [+2791 chars]",business
"{'id': None, 'name': 'Card Chronicle'}",ConorShea,"Louisville Defeats Bowling Green, 40-17","In a game where Louisville fans were looking to find out more answers about what kind of team this will be, I’m not sure if they got answered/were the answers we were hoping to see. If you just looked at the boxscore everything looks dandy. A more than comfor…",https://www.cardchronicle.com/football/97476/louisville-defeats-bowling-green-40-17,https://platform.cardchronicle.com/wp-content/uploads/sites/59/2025/09/gettyimages-2236468301.jpg?quality=90&strip=all&crop=0%2C11.03680298412%2C100%2C77.926394031761&w=1200,2025-09-20T20:39:53Z,"In a game where Louisville fans were looking to find out more answers about what kind of team this will be, Im not sure if they got answered/were the answers we were hoping to see. If you just looked… [+5763 chars]",health
"{'id': 'fox-news', 'name': 'Fox News'}",Ashley Hume,Justine Bateman urges reframing political divide after Charlie Kirk assassination,"""Family Ties"" star Justine Bateman calls for reframing America's political divide after Charlie Kirk's assassination, urging focus on ""sane or insane"" rather than left vs right.",https://www.foxnews.com/entertainment/charlie-kirk-assassination-justine-bateman-calls-americans-reject-political-labels,https://static.foxnews.com/foxnews.com/content/uploads/2025/09/justine-bateman-charlie-kirk.jpg,2025-09-20T20:30:41Z,"Justine Bateman is urging a reframing of the political divide in the United States following the assassination of Charlie Kirk. 
During an interview with Fox News Digital, the 59-year-old film direc… [+5164 chars]",health
"{'id': 'fortune', 'name': 'Fortune'}","Michael R. Sisak, The Associated Press",Luigi Mangione’s lawyers attack Pam Bondi for turning his arrest into a ‘Marvel movie’ that fatally prejudiced his case,"""There has never been a situation remotely like this one where prejudice has been so great against a death-eligible defendant,"" Mangione's team argued.",https://fortune.com/2025/09/20/luigi-mangione-lawyers-attack-pam-bondi-for-turning-his-arrest-into-a-marvel-movie-that-fatally-prejudiced-his-case/,"https://fortune.com/img-assets/wp-content/uploads/2025/09/AP25259518515780.jpg?resize=1200,600",2025-09-20T20:30:14Z,"Luigi Mangiones lawyers urged a judge on Saturday to bar federal prosecutors from seeking the death penalty in the killing of UnitedHealthcare CEO Brian Thompson, arguing that authorities prejudiced … [+4558 chars]",health
"{'id': None, 'name': 'Newsbreak.com'}",Amber Raiken,Nationwide fish recall issued after health risk uncovered - NewsBreak,"A popular brand has issued a nationwide recall of two types of its fish over contamination concerns . Haifa Smoked Fish, based in New York, is recalling it",https://www.newsbreak.com/share/4244271137184-nationwide-fish-recall-issued-after-health-risk-uncovered?s=a2&amp;share_destination_id=MjUxNzE4NzUzLTE3NTgzOTk5NTk0OTA%3D&amp;pd=0H2BXtcW&amp;hl=en_US&amp;send_time=1758399959&amp;actBtn=bottomBar&amp;_f=app_share&amp;trans_data=%7B%22platform%22%3A1%2C%22cv%22%3A%2225.37.1%22%2C%22languages%22%3A%22en%22%7D&amp;sep=sc_play_button_v1-v3,https://img.particlenews.com/img/id/24TZQh_14tctSmv00,2025-09-20T20:26:25Z,"A popular brand has issued a nationwide recall of two types of its fish over contamination concerns. 
Haifa Smoked Fish, based in New York, is recalling its cold-smoked salmon and cold-smoked sea ba… [+2880 chars]",health
"{'id': None, 'name': 'CNYcentral.com'}",Jake Coyle | The Associated Press,"In battles over free speech, comedians are often center stage","As long as jokes have been told, comedians have drawn the ire of the powerful. In authoritarian regimes, crackdowns on speech usually make comedy a target.",https://cnycentral.com/news/entertainment/jimmy-kimmel-free-speech-comedy-censorship,https://cnycentral.com/resources/media2/16x9/1287/986/0x33/90/c154d581-6e6e-45b1-8b22-c897185dc5d1-Screenshot20250920155832.png,2025-09-20T20:26:13Z,"NEW YORK (AP) Bassem Youssef, the Egyptian satirist whose Daily Show-like program was canceled after the military seized the once pro-democracy government, watched the suspension of Jimmy Kimmel with… [+6136 chars]",health
"{'id': 'the-times-of-india', 'name': 'The Times of India'}",ET Online,Weight loss or cholesterol issues? This special tea could be answer to your health problems,"Hibiscus tea, made from the calyces of the Hibiscus sabdariffa plant, is a caffeine-free herbal drink rich in antioxidants, vitamins, and minerals. Research suggests it may help lower blood pressure, improve cholesterol levels, support liver health, and aid i…",https://economictimes.indiatimes.com/magazines/panache/weight-loss-or-cholesterol-issues-this-special-tea-could-be-answer-to-your-health-problems/articleshow/124020948.cms,"https://img.etimg.com/thumb/msid-124020954,width-1200,height-630,imgsize-109538,overlay-etpanache/articleshow.jpg",2025-09-20T20:22:20Z,"Hibiscus tea, made from the calyces of the Hibiscus sabdariffa plant, is a caffeine-free herbal drink rich in antioxidants, vitamins, and minerals. Research suggests it may help lower blood pressure,… [+229 chars]",health
"{'id': None, 'name': 'KQED'}",Attila Pelit,"Newsom Signs Laws to Resist Trump’s Immigration Crackdown, Including Ban on Masks for ICE Agents",Gov. Newsom signed laws meant to protect immigrants during President Trump’s extensive deportation program. Some of the measures raise constitutional questions and likely will be challenged.,https://www.kqed.org/news/12056972/newsom-signs-laws-to-resist-trumps-immigration-crackdown-including-ban-on-masks-for-ice-agents,https://cdn.kqed.org/wp-content/uploads/sites/10/2025/09/071625_Newsom-ICE-Raids_CM_36-copy.jpg,2025-09-20T20:22:06Z,"California may struggle to enforce the new laws, some of which have already raised constitutional questions around the state’s role in federal operations, but lawmakers maintain that they are legally… [+3800 chars]",health
"{'id': None, 'name': 'Newsbreak.com'}",Marc Tamasco,Josh Shapiro says Harris is 'going to have to answer' for why she never raised concerns over Biden's health,"On Thursday, Pennsylvania Gov. Josh Shapiro said former Vice President Kamala Harris must answer for not publicly raising concerns about Joe Biden's health",https://www.newsbreak.com/share/4246025289730-josh-shapiro-says-harris-is-going-to-have-to-answer-for-why-she-never-raised-concerns-over-biden-s-health?s=a2&amp;share_destination_id=MjMyMTkwMDI3LTE3NTgzOTk2NDkzNTE%3D&amp;pd=0FiFERcW&amp;hl=en_US&amp;send_time=1758399649&amp;actBtn=bottomBar&amp;_f=app_share&amp;trans_data=%7B%22platform%22%3A1%2C%22cv%22%3A%2225.37.1%22%2C%22languages%22%3A%22en%22%7D&amp;sep=sc_play_button_v1-v3,https://img.particlenews.com/img/id/2KQctu_14vOEl8700,2025-09-20T20:21:14Z,"Buttigieg Fires Back at Harris After Running Mate Snub
Pete Buttigieg said he was surprised to learn Kamala Harris decided not to pick him as her 2024 running mate, despite being her first choice, b… [+650 chars]",health
"{'id': None, 'name': 'UPI.com'}","I. Edwards, HealthDay News",Study: Wildfire smoke kills 41K people in U.S. per year,"A study shows wildfire smoke is responsible for more than 41,000 deaths in the U.S. each year, and by 2050 researchers warn that smoke could become the...",https://www.upi.com/Health_News/2025/09/20/wildfire-smoke-kills-thousands/3731758397443/,https://media.zenfs.com/en/united_press_international_articles_356/e41398acbf187fa61fdddb1f2cd5aa32,2025-09-20T20:20:43Z,"Every summer, hazy skies and the smell of burning wood remind Americans that wildfires affect far more than just the communities where they ignite.
Their smoke drifts for hundreds, even thousands of… [+2311 chars]",health
"{'id': 'the-times-of-india', 'name': 'The Times of India'}",Global Sports Desk,"Chiefs rookie Xavier Worthy sidelined again, ruled out for primetime showdown with Giants",Kansas City Chiefs will miss rookie wide receiver Xavier Worthy in the game against New York Giants. Worthy is recovering from a shoulder injury sustained in Week 1. The team is prioritizing his long-term health. They are keeping him out of this game. Coach A…,https://timesofindia.indiatimes.com/sports/nfl/news/chiefs-rookie-xavier-worthy-sidelined-again-ruled-out-for-primetime-showdown-with-giants/articleshow/124020946.cms,"https://static.toiimg.com/thumb/msid-124020943,width-1070,height-580,imgsize-31404,resizemode-75,overlay-toi_sw,pt-32,y_pad-40/photo.jpg",2025-09-20T20:17:07Z,Celeb-inspired Indian jewellery looks to recreate this festive season,health
"{'id': 'abc-news-au', 'name': 'ABC News (AU)'}",ABC News,Donald Trump and JD Vance to speak at Charlie Kirk's memorial service,A public memorial service will be held for the late political commentator at a stadium in the US state of Arizona.,https://www.abc.net.au/news/2025-09-21/charile-kirk-memorial-service-live-stream/105787236,https://live-production.wcms.abc-cdn.net.au/aedeb0ba82f742df53a966272c5fa360?impolicy=wcms_watermark_news&cropH=2813&cropW=5000&xPos=0&yPos=260&width=862&height=485&imformat=generic,2025-09-20T20:14:50Z,"US President Donald Trump is set to speak at slain right-wing political commentator Charlie Kirk's memorial service this weekend. 
The event is being held at a stadium in the US state of Arizona, wi… [+4176 chars]",health
"{'id': None, 'name': 'New Atlas'}",Paul McClure,Cutting out lymph nodes may cut cancer treatment success,"New research shows lymph nodes aren’t just cancer bystanders, they’re the command centers fueling immune attacks. Surgically removing them along with tumors may weaken treatment, while preserving them could supercharge it.Continue ReadingCategory: Cancer, Ill…",https://newatlas.com/cancer/lymph-nodes-t-cells-cancer-immunotherapy/,https://assets.newatlas.com/dims4/default/c199f4a/2147483647/strip/true/crop/2000x1050+0+38/resize/1200x630!/quality/90/?url=https%3A%2F%2Fnewatlas-brightspot.s3.amazonaws.com%2Fca%2Fd5%2F3d5000b9460283515b072175e466%2Fdepositphotos-156051820-l.jpg&na.image_optimisation=0,2025-09-20T20:03:00Z,"New research shows lymph nodes arent just cancer bystanders, theyre the command centers fueling immune attacks. Surgically removing them along with tumors may weaken treatment, while preserving them … [+5613 chars]",health
"{'id': 'abc-news-au', 'name': 'ABC News (AU)'}",Joanna Woodburn,Hospital 'logjam' blamed for agonising delays to cancer surgeries,Karenne Mosley was diagnosed with aggressive uterine cancer in March. She was booked in for surgery twice but is now in palliative care.,https://www.abc.net.au/news/2025-09-21/hospital-logjam-blamed-for-delays-to-cancer-surgeries/105724218,https://live-production.wcms.abc-cdn.net.au/830e9482c122efd2edc5670753300698?impolicy=wcms_watermark_news&cropH=2813&cropW=5000&xPos=0&yPos=0&width=862&height=485&imformat=generic,2025-09-20T20:00:00Z,"When Karenne Mosley received the devastating diagnosis of an aggressive uterine cancer in March, she was assured it had not spread.
She was referred for category one surgery, which has the highest c… [+7921 chars]",health
"{'id': None, 'name': 'Firstpost'}",Fp News Desk,Why joint and spine problems are rising in India and how to protect your bones,"Musculoskeletal problems, including joint pain, spine issues and fractures, are becoming increasingly common across all age groups in India. Experts warn that complications from orthopedic surgeries are a growing concern particularly among patients with comor…",https://www.firstpost.com/health/why-joint-and-spine-problems-are-rising-in-india-and-how-to-protect-your-bones-ws-e-13935516.html,"https://images.firstpost.com/uploads/2025/09/image-2025-09-768fdcc63ffc64141621a78871b9bb6a-1200x675.jpg?im=FitAndFill=(1200,675)",2025-09-20T19:56:16Z,"Orthopedic health has become a growing concern in India not just for the elderly but increasingly for young adults burdened by sedentary lifestyles and long hours of desk work.
According to the Indi… [+9167 chars]",health
"{'id': None, 'name': 'Geausa.org'}",,Navigating Mental Health Resources for Government Employees,"Explore essential mental health resources for government employees. Learn about EAPs, TRICARE benefits, teletherapy, agency-based support, and more.",https://www.geausa.org/blog/mental-health-resources,https://www.geausa.org/hubfs/May%20GEA%20Blog%20Header%20Image.png,2025-09-20T19:50:48Z,"May is Mental Health Awareness Month, and we use this time to spotlight the importance of mental well-being and encourage open conversations around mental health. For government employees, who often … [+4646 chars]",health
"{'id': None, 'name': 'HuffPost'}",Pocharapon Neammanee,Doctor Warns Red State Hospitals Will Ironically Be Hit Harder By Trump’s New Immigration Policy,Dr. Vin Gupta argued that the impact of Trump’s $100K annual fee for H-1B visa applications will be felt once he’s out of office.,https://www.huffpost.com/entry/doctor-vin-gupta-trump-h1b-immigration-hospital_n_68ced92ce4b066d79ee4060b,https://img.huffingtonpost.com/asset/68cedac214000070835c58ca.jpeg?cache=0HjpKqaboo&ops=1200_630,2025-09-20T19:46:06Z,"NBC News medical analyst Dr. Vin Gupta warned of the consequences that President Donald Trumps imposed $100,000 annual visa fee for highly skilled foreign workers could have on those seeking health c… [+3943 chars]",health
"{'id': 'the-times-of-india', 'name': 'The Times of India'}",ET Online,Can constipation kill? Hyderabad man collapses in bathroom. CMC Vellore doctor explains hidden dangers of stomach problems,"Constipation is often underestimated, but it can trigger serious health risks, including fainting during or after bowel movements, a condition known as defecation syncope. A 55-year-old man in Hyderabad collapsed in his bathroom while straining to pass stool.…",https://economictimes.indiatimes.com/magazines/panache/can-constipation-kill-hyderabad-man-collapses-in-bathroom-cmc-vellore-doctor-explains-hidden-dangers-of-stomach-problems/articleshow/124020187.cms,"https://img.etimg.com/thumb/msid-124020874,width-1200,height-630,imgsize-71146,overlay-etpanache/articleshow.jpg",2025-09-20T19:45:44Z,"Constipation is often underestimated, but it can trigger serious health risks, including fainting during or after bowel movements, a condition known as defecation syncope. A 55-year-old man in Hydera… [+342 chars]",health
"{'id': None, 'name': 'Freerepublic.com'}",The Washington Post,Vaccine panel that limited covid shot scrutinized after chaotic meetings,"Democracy Dies in Darkness with DemocratsThe chair of a new panel of federal immunization advisers selected by Health and Human Services Secretary Robert F. Kennedy Jr. said Friday that the group’s “enormous depth and knowledge about vaccines, about science” …",https://freerepublic.com/focus/f-chat/4341782/posts,,2025-09-20T19:44:37Z,"Skip to comments.
Vaccine panel that limited covid shot scrutinized after chaotic meetingsThe Washington Post ^
 | September 20, 2025 at 6:00 a.m. EDT 
 | David Ovalle, Rachel Roubein, Lena H. Sun… [+2637 chars]",health
"{'id': 'the-times-of-india', 'name': 'The Times of India'}",Global Desk,How eating too much sugar can harm your eyes and cause vision problems,"Eating too much sugar can harm your eyes and increase the risk of diabetic retinopathy. Even people without diabetes may face blurry vision, floaters, and dark spots. Experts suggest reducing sweets, eating healthy foods, exercising, and getting regular eye c…",https://economictimes.indiatimes.com/news/international/us/how-eating-too-much-sugar-can-harm-your-eyes-and-cause-vision-problems/articleshow/124020364.cms,"https://img.etimg.com/thumb/msid-124020397,width-1200,height-630,imgsize-39336,overlay-economictimes/articleshow.jpg",2025-09-20T19:40:57Z,"A form of diabetic blindness also known as diabetic retinopathy, has now been associated with consuming excessive bouts of sugar. However, experts suggest that a lot of sugar could cause blindness ev… [+2525 chars]",health
"{'id': None, 'name': 'TODAY'}",Francesca Gariano,Hayden Panettiere Explains Why She ‘Kept Apologizing’ to Connie Britton Off Screen on 'Nashville',"The relationship between Rayna James and Juliette Barnes on “Nashville” had Hayden Panettiere making off-screen apologies to her scene partner, Connie Britton",https://www.today.com/popculture/tv/hayden-panettiere-connie-britton-nashville-apology-rcna232621,"https://media-cldnry.s-nbcnews.com/image/upload/t_social_share_1200x630_center,f_auto,q_auto:best/rockcms/2025-09/tdy-hayden-panettiere-connie-britton-ld-main-250920-5169f4.jpg",2025-09-20T19:38:03Z,"The relationship between Rayna James and Juliette Barnes on Nashville had Hayden Panettiere making off-screen apologies to her scene partner, Connie Britton.
Panettiere, who played Juliette, opened … [+2986 chars]",health
"{'id': None, 'name': 'Anchor Of Gold'}",PatrickSawyer,Lessons in Vanderbilt Football: South Carolina,"The Chicken Curse was overcome, so this team is definitely different. How different?",https://www.anchorofgold.com/lessons-in-vanderbilt-football/29657/lessons-in-vanderbilt-football-south-carolina,https://platform.anchorofgold.com/wp-content/uploads/sites/9/2025/09/gettyimages-2234708881.jpg?quality=90&strip=all&crop=0%2C10.732984293194%2C100%2C78.534031413613&w=1200,2025-09-20T19:35:45Z,"For the second straight week, the Vanderbilt football Commodores went into a well-known, difficult environment and emptied the place out by midway through the 4th quarter. It was a game that was a bi… [+9141 chars]",health
"{'id': None, 'name': 'Crooksandliars.com'}",Brad Reed,For-Profit Insurers Are Gobbling Up Local Health Clinics,"A group of Democratic lawmakers on Thursday unveiled new legislation aimed at cracking down on for-profit insurance companies that are buying up local health clinics across the US.
The Patients Over Profits Act—which is being introduced by Sens. Jeff Merkley …",https://crooksandliars.com/2025/09/profit-insurers-are-gobbling-local-health,https://crooksandliars.com/files/primary_image/25/09/54669463993_670daace12_z.jpg,2025-09-20T19:31:16Z,"A group of Democratic lawmakers on Thursday unveiled new legislation aimed at cracking down on for-profit insurance companies that are buying up local health clinics across the US.
The Patients Over… [+3108 chars]",health
"{'id': None, 'name': 'KAIT'}",K8 Newsdesk,Sanders negotiates lower health insurance rates,"A month after condemning health insurance rate hikes, Arkansas Governor Sarah Huckabee Sanders announced she has negotiated a lower rate.",https://www.kait8.com/2025/09/20/sanders-negotiates-lower-health-insurance-rates/,https://gray-kait-prod.gtv-cdn.com/resizer/v2/UYHJ2LC6HNGQZJIIOGHFO44X6U.jpg?auth=d3e54dd4e598a2cdfbaeedeac14646cd12297d69c0e47a0e68e97c9b3c4e242d&width=1200&height=600&smart=true,2025-09-20T19:30:27Z,"LITTLE ROCK, Ark. (KAIT) - A month after condemning health insurance rate hikes, Arkansas Governor Sarah Huckabee Sanders announced she has negotiated a lower rate.
According to Fridays news release… [+1973 chars]",health
"{'id': None, 'name': 'Sputnikglobe.com'}",Sputnik International,"US Will Face Disaster If Government Shuts Down, Mike Johnson Warns Amid Deadlock","MOSCOW (Sputnik) - The United States would face a disaster if the government was to shut down starting October 1, House Speaker Mike Johnson warned on Saturday.",https://sputnikglobe.com/20250920/us-will-face-disaster-if-government-shuts-down-mike-johnson-warns-amid-deadlock-1122824865.html,https://cdn1.img.sputnikglobe.com/images/sharing/article/eng/1122824865.jpg?11013548981758396337,2025-09-20T19:25:36Z,"Sputnik brings you all the latest breaking stories, expert analysis and videos from North and South America.
https://sputnikglobe.com/20250920/us-will-face-disaster-if-government-shuts-down-mike-joh… [+2034 chars]",health
"{'id': None, 'name': 'Statetimes.in'}",statetimes_editor,"Div Com, IGP review arrangements for forthcoming festivals across Jammu Division","STATE TIMES NEWS JAMMU: Divisional Commissioner Jammu, Ramesh Kumar and Inspector General of Police, Bhim Sen Tuti on Saturday chaired a meeting to review the arrangements made by district administrations for the forthcoming festivals of Navratri, Ram Navami,…",https://statetimes.in/div-com-igp-review-arrangements-for-forthcoming-festivals-across-jammu-division/,https://statetimes.in/wp-content/uploads/2025/09/Div-Com-IGP-review-arrangements-for-forthcoming-festivals-across-Jammu-Division.jpg,2025-09-20T19:24:27Z,"STATE TIMES NEWS
JAMMU: Divisional Commissioner Jammu, Ramesh Kumar and Inspector General of Police, Bhim Sen Tuti on Saturday chaired a meeting to review the arrangements made by district administr… [+1912 chars]",health
"{'id': None, 'name': 'Dpa-international.com'}",DPA,"Israel kills 31 in Gaza City, Hamas threatens to not return hostages","Israel pressed on with its military offensive in Gaza City, where Palestinian medical sources said 31 people were killed on Saturday, as the Hamas militia...",https://dpa-international.com/politics/urn:newsml:dpa.com:20090101:250920-99-94788/,https://media.zenfs.com/en/dpa_international_526/b873ff80504aa98846c1577140cb145c,2025-09-20T19:23:29Z,"Israel pressed on with its military offensive in Gaza City, where Palestinian medical sources said 31 people were killed on Saturday, as the Hamas militia threatened to never return the remaining Isr… [+3492 chars]",health
"{'id': None, 'name': 'Forbes'}","Bruce Y. Lee, Senior Contributor, 
 Bruce Y. Lee, Senior Contributor
 https://www.forbes.com/sites/brucelee/",Prostate Cancer Rates In U.S. Increased Each Year 2014 To 2024,"September is Prostate Cancer Awareness Month and the American Cancer Society just came out with its “Prostate cancer statistics, 2025” report. Here's what it said.",https://www.forbes.com/sites/brucelee/2025/09/20/prostate-cancer-rates-in-us-increased-each-year-2014-to-2024/,https://imageio.forbes.com/specials-images/imageserve/68cef5afac43abbfea40b6f3/0x0.jpg?format=jpg&height=900&width=1600&fit=bounds,2025-09-20T19:23:19Z,"September is Prostate Cancer Awareness month, and the American Cancer Society just came out with a report that showed increases in prostate cancer rates each year over the past decade. (Image: Getty)… [+4798 chars]",health
"{'id': None, 'name': 'Boredpanda.com'}",Renan Duarte,Doctors Sound Alarm Over Concerning Cause Behind Rise In Giant Baby Births,"""Whose baby is this? He came out of me?""",https://www.boredpanda.com/worrying-reason-behind-surge-in-women-giving-birth-to-giant-babies/,https://www.boredpanda.com/blog/wp-content/uploads/2025/09/fb_image_68cef9124db50.png,2025-09-20T19:17:36Z,"A condition where women give birth to giant babies, formerly known to affect no more than ten percent of mothers, is on the rise, and doctors are blaming an avoidable pregnancy disorder.
The natural… [+8276 chars]",health
"{'id': 'fox-news', 'name': 'Fox News'}",,"Fox News Entertainment Newsletter: Kate Middleton stuns during Trump state visit, Brett James dead at 57","The Fox News Entertainment Newsletter brings you the latest Hollywood headlines, celebrity interviews and stories from Los Angeles and beyond.",https://www.foxnews.com/entertainment/fox-news-entertainment-newsletter-kate-middleton-trump-state-visit-brett-james-dead,https://static.foxnews.com/foxnews.com/content/uploads/2025/09/kate-middleton-brett-james.jpg,2025-09-20T19:16:36Z,"Welcome to the Fox News Entertainment Newsletter.
TOP 3:
- Kate Middleton stuns in glittering tiara moment for Trump's state visit at Windsor Castle
- Brett James, Jesus, Take the Wheel songwriter… [+1045 chars]",health
"{'id': None, 'name': 'Lawyersgunsmoneyblog.com'}",vacuumslayer,Conspiratorial Thinking and Cope,"Ever since Trump’s second election, I’ve been doing a lot of thinking about conspiratorial thinking and how it’s been affecting me and people who inhabit roughly the same place on the idealogical spectrum. This has really come to the fore since the events sur…",https://www.lawyersgunsmoneyblog.com/2025/09/conspiratorial-thinking-and-cope,,2025-09-20T19:15:08Z,"Ever since Trump’s second election, I’ve been doing a lot of thinking about conspiratorial thinking and how it’s been affecting me and people who inhabit roughly the same place on the idealogical spe… [+3657 chars]",health
"{'id': 'the-times-of-india', 'name': 'The Times of India'}",Economic Times,"rem sleep and skin health: Latest News & Videos, Photos about rem sleep and skin health","rem sleep and skin health Latest Breaking News, Pictures, Videos, and Special Reports from The Economic Times. rem sleep and skin health  Blogs, Comments and Archive News on Economictimes.com",https://economictimes.indiatimes.com/topic/rem-sleep-and-skin-health,"https://img.etimg.com/thumb/msid-65498029,width-672,resizemode-4/et-logo.jpg",2025-09-20T19:12:41Z,"Sleep is more than a cliché for looking good. According to VICE, neurologists say quality rest supports skin repair, boosts collagen, and reduces cortisol, aiding hydration and healing. REM and light… [+342 chars]",health
"{'id': None, 'name': 'Housing-trends.com'}",,Health Insurance Secrets: What They Don’t Want You to Know,"Health insurance can be complex, often designed to confuse consumers, leading to overpayment. Key expenses include out-of-pocket costs like copays, coinsurance, and deductibles, which can accumulate quickly. It's essential to review your plan annually, as pre…",https://www.housing-trends.com/agent-news/rocio-cruz/415434-Health%20Insurance%20Secrets%3A%20What%20They%20Don%E2%80%99t%20Want%20You%20to%20Know,https://www.roomvu.com/api/news/download/415434?branded-user=356794&og-image=1,2025-09-20T19:06:06Z,"Health insurance can be complex, often designed to confuse consumers, leading to overpayment. Key expenses include out-of-pocket costs like copays, coinsurance, and deductibles, which can accumulate … [+332 chars]",health
"{'id': None, 'name': 'Starweekly.com.au'}",jimjin,Care for a carer,"As National Carers Week approaches in October, Victorians are preparing to celebrate and acknowledge the contributions of unpaid carers who support those living with illness or disabilities. With the support of businesses and local councils across the state, …",https://northern.starweekly.com.au/news/care-for-a-carer/,https://northern.starweekly.com.au/wp-content/uploads/sites/5/2025/09/nursegen_393582_01.jpg,2025-09-20T19:02:40Z,"As National Carers Week approaches in October, Victorians are preparing to celebrate and acknowledge the contributions of unpaid carers who support those living with illness or disabilities.
With th… [+1498 chars]",health
"{'id': None, 'name': 'Yahoo Entertainment'}",Emma Witman,"Forget Perfection, Prioritize Speed: The 'Spray and Pray' Strategy That Finally This Job Seeker Landed An IT Job","In the grueling marathon of a modern job search, conventional wisdom often preaches perfection: spend hours meticulously tailoring your resume for each...",https://finance.yahoo.com/news/forget-perfection-prioritize-speed-spray-190139311.html,https://media.zenfs.com/en/Benzinga/ef73a577cf213dfbeeb33fdaf67e2562,2025-09-20T19:01:39Z,"In the grueling marathon of a modern job search, conventional wisdom often preaches perfection: spend hours meticulously tailoring your resume for each application, write bespoke cover letters and ag… [+4312 chars]",health
"{'id': None, 'name': 'KQED'}",María Fernanda Bernal,"Grocery Prices Have Jumped Up, and There’s No Relief In Sight","Groceries saw their biggest jump in nearly three years last month, a worrisome sign for inflation-weary shoppers. Tariffs are contributing to higher prices for imported staples like bananas and coffee.",https://www.kqed.org/news/12056768/grocery-prices-have-jumped-up-and-theres-no-relief-in-sight,https://cdn.kqed.org/wp-content/uploads/sites/10/2025/09/cost-of-living-groceries-edit-2000x1125.jpeg,2025-09-20T19:00:20Z,"Why have prices gone up?
The pandemic initially snarled supply chains as restaurants were shuttered and consumers suddenly had to prepare three meals at home each day.
That was compounded in 2022 b… [+2546 chars]",health
"{'id': None, 'name': 'TheBlaze'}",John R. Lott Jr.,"Mental health fails, gun-free zones invite killers, victims pay","Mass killers often see psychiatrists before attacks, yet warnings are missed. Gun-free zones then leave innocent people defenseless against violence.",https://www.theblaze.com/columns/opinion/if-mental-health-experts-cant-identify-murderers-whats-the-backup-plan,https://www.theblaze.com/media-library/if-mental-health-experts-cant-identify-murderers-whats-the-backup-plan.jpg?id=61613329&width=1200&height=600&coordinates=0%2C177%2C0%2C177,2025-09-20T19:00:00Z,"A profound mental health crisis lies at the heart of violence in America. Decarlos Brown Jr., the suspect in the brutal stabbing death of the Ukrainian woman Iryna Zarutska in Charlotte, North Caroli… [+6403 chars]",health
"{'id': None, 'name': 'Cheezburger.com'}","Laurent Shinar, Laurent Shinar","‘He probably has had to sleep with one eye open for the past six years, so maybe he’s just finally able to feel safe and relax.’: An unexpected rescuer nurses a stray cat back to health, after being found in a rough state","There is no other way to put it, cat rescues be crazy. Whether you consider the variety of shapes and sizes they come in, or you take a moment to think about all the different reasons a cat needed rescuing in the first place, the sheer variety and amount of r…",https://cheezburger.com/42460421/he-probably-has-had-to-sleep-with-one-eye-open-for-the-past-six-years-so-maybe-hes-just-finally-able,https://i.chzbgr.com/original/42460421/h1E8462C5/shows-a-black-cat-loafing-on-a-bed-poor-guy-seems-so-exhausted-and-im-a-little-worries-about-him,2025-09-20T19:00:00Z,"There is no other way to put it, cat rescues be crazy. Whether you consider the variety of shapes and sizes they come in, or you take a moment to think about all the different reasons a cat needed re… [+858 chars]",health
"{'id': None, 'name': 'DW (English)'}",Wesley Dockery,Sana Yousaf killing: Man charged over TikToker's death,"Sana Yousaf, a 17-old social media influencer, was shot dead in June after she reportedly rejected a man's advances. The case has stirred outrage in Pakistan and sparked women's rights demos in Islamabad.",https://www.dw.com/en/sana-yousaf-killing-man-charged-over-tiktokers-death/a-74077287,https://static.dw.com/image/73061225_6.jpg,2025-09-20T19:00:00Z,"A court in the Pakistani capital city of Islamabad on Saturday charged a man with killing 17-year-old TikTok creator Sana Yousaf.   
Yousaf, a first-year medical student, was killed at home in Islam… [+2837 chars]",health
"{'id': 'abc-news-au', 'name': 'ABC News (AU)'}",Karishma Vyas,Social media is a double-edged sword in protests against corruption and nepotism,"These movements may be separated by time, distance and language, but they were all born on social media, led by a new generation of activists fed up with the old systems of corruption and nepotism.",https://www.abc.net.au/news/2025-09-21/nepal-indonesia-gen-z-social-media-misinformation/105779038,https://live-production.wcms.abc-cdn.net.au/85b21a31dead787262ac3976f6076ae1?impolicy=wcms_watermark_news&cropH=576&cropW=1024&xPos=0&yPos=53&width=862&height=485&imformat=generic,2025-09-20T19:00:00Z,"If the 1920s were roaring, the 2020s are shaping up to be the decade of rage, and not just in the United States. In the past five years we have seen mass protests escalate across Asia, toppling gover… [+5887 chars]",health
"{'id': None, 'name': 'New Zealand Herald'}",Dana G. Smith,Can supplements boost longevity?,New York Times: Many influencers say yes. Here’s what doctors and scientists think.,https://www.nzherald.co.nz/lifestyle/can-supplements-boost-longevity/MZB647F6ZVGZRNN7M6YU27PWTQ/,https://www.nzherald.co.nz/resizer/v2/WLJQWMIMYRGHFJEAEEXTDKIBUY.jpg?auth=f4b885dcf1108a3d159a1d3ed0eb4189bf95dc08819359891dfecc60204ec2ed&width=1200&height=675&quality=70&focal=2605%2C1951&smart=false,2025-09-20T19:00:00Z,"That whole gemish of things that are hawked and being promoted by influencers and longevity so-called experts or whatever, theres just no data, said Dr Eric Topol, founder of the Scripps Research Tra… [+7010 chars]",health
"{'id': 'breitbart-news', 'name': 'Breitbart News'}",Ian Hanchett,"Columbia J School Dean, MSNBC's Cobb: Biden COVID Censorship Different Due to 'Public Health Exception'","On Friday's broadcast of MSNBC's ""11th Hour,"" Staff Writer for The New Yorker, MSNBC Political Contributor, and Columbia Journalism School Dean Jelani | Clips",https://www.breitbart.com/clips/2025/09/20/columbia-j-school-dean-msnbcs-cobb-biden-covid-censorship-different-due-to-public-health-exception/,https://media.breitbart.com/media/2024/12/Social-Media-Censorship-1-640x335.jpeg,2025-09-20T18:50:52Z,"On Friday’s broadcast of MSNBC’s “11th Hour,” Staff Writer for The New Yorker, MSNBC Political Contributor, and Columbia Journalism School Dean Jelani Cobb responded to a question on how the Biden ad… [+1597 chars]",health
"{'id': None, 'name': 'Exystence.net'}",exy,Liv Andrea Hauge Trio – Døgnville (2025),"A dry mouth, sore muscles and a pounding headache led Liv Andrea Hauge to write the music on this short but deep-reaching record. The Norwegian pianist was tucked up in bed, sweating and shivering with high fever. Through the murky fug of ill health, she iden…",https://exystence.net/blog/2025/09/20/liv-andrea-hauge-trio-dognville-2025/,,2025-09-20T18:50:37Z,"A dry mouth, sore muscles and a pounding headache led Liv Andrea Hauge to write the music on this short but deep-reaching record. The Norwegian pianist was tucked up in bed, sweating and shivering wi… [+2384 chars]",health
"{'id': None, 'name': 'Freerepublic.com'}",AP News,Democratic leaders in Congress demand a meeting with Trump as government shutdown looms,"WASHINGTON (AP) — As a possible federal shutdown looms, the Democratic leaders of Congress are demanding a meeting with President Donald Trump to negotiate an end to what they call “your decision” to shutter government offices if no action is taken by the end…",https://freerepublic.com/focus/f-news/4341770/posts,,2025-09-20T18:47:44Z,"Skip to comments.
Democratic leaders in Congress demand a meeting with Trump as government shutdown loomsAP News ^
 | Updated 12:22 PM CDT, September 20, 2025
 | LISA MASCARO
Posted on 09/20/2025… [+2551 chars]",health
"{'id': 'abc-news-au', 'name': 'ABC News (AU)'}",James Vyver,Feeling stifled by climate change grief? Try practising the 'three L's',"If you're overwhelmed by emissions targets, climate change and environmental collapse, start small and look to First Nations practices to help your wellbeing and the world around you.",https://www.abc.net.au/news/2025-09-21/climate-change-anxiety-first-nations-communities-respond/105793766,https://live-production.wcms.abc-cdn.net.au/c3ffd38c2b373ac1800fbe6809cf0ee6?impolicy=wcms_watermark_news&cropH=2813&cropW=5000&xPos=0&yPos=521&width=862&height=485&imformat=generic,2025-09-20T18:45:26Z,"Man-made climate change, global heating and environmental destruction can be confronting and overwhelming, but you can take action.
The outlook for Australia's future climate outlined in this week's… [+6580 chars]",health
"{'id': None, 'name': 'Forbes'}","Sara Zeff Geber, PhD, Contributor, 
 Sara Zeff Geber, PhD, Contributor
 https://www.forbes.com/sites/sarazeffgeber/",Lack Of Information About Aging Creates A Minefield,"Baby boomers are living long lives. However, a lack of education and  knowledge about aging creates a dangerous scenario - for society and for individuals.",https://www.forbes.com/sites/sarazeffgeber/2025/09/20/lack-of-information-about-aging-creates-a-minefield/,https://imageio.forbes.com/specials-images/imageserve/68cef0681a23567724e848b7/0x0.jpg?format=jpg&height=900&width=1600&fit=bounds,2025-09-20T18:45:19Z,"A minefield game, red flags and black mines
getty
As baby boomers age and continue to live longer than any previous generation, it seems as though the more we know about whats ahead, the better pre… [+3865 chars]",health
"{'id': None, 'name': 'Sporting News'}",Rodney Knuppel,"After Clayton Kershaw, will we ever see another 3,000 strikeout pitcher?",Question worth asking..,https://www.sportingnews.com/us/mlb/los-angeles-dodgers/news/after-clayton-kershaw-will-we-ever-see-another-3000-strikeout-pitcher/9a60cf0f5ac1347fd7c6a778,https://library.sportingnews.com/styles/crop_style_16_9_desktop_webp/s3/2025-08/Clayton%20Kershaw.jpg.webp?itok=5Jf7R0xY,2025-09-20T18:44:43Z,"Clayton Kershaws farewell tour has been filled with nostalgia, but one number in particular may define his legacy more than any Cy Young or World Series ring: 3,000 strikeouts. The Dodgers ace hit th… [+2689 chars]",health
"{'id': None, 'name': 'Forbes'}","Scott Travers, Contributor, 
 Scott Travers, Contributor
 https://www.forbes.com/sites/scotttravers/",A Biologist Explains The ‘Roman Empire Diet’ — And Compares It To Modern-Day Food Trends,The Roman empire reached its zenith around 100 A.D. (approximately 1900 years ago). Here’s what was typically served on the dinner table.,https://www.forbes.com/sites/scotttravers/2025/09/20/a-biologist-explains-the-roman-empire-diet---and-compares-it-to-modern-day-food-trends/,https://imageio.forbes.com/specials-images/imageserve/68cd46598aaf2b21a260f379/0x0.jpg?format=jpg&height=900&width=1600&fit=bounds,2025-09-20T18:30:48Z,"The Roman empire reached its zenith around 100 A.D. (approximately 1900 years ago). Heres what was typically served on the dinner table.
getty
When people talk about strange diets in the animal kin… [+6532 chars]",health
"{'id': None, 'name': 'Hgptv.com'}",Hgptv,WIN LEADER MOHAMED: TOO MANY FAMILIES DESTROYED BY DOMESTIC VIOLENCE - HGPTV - Guyana's Nightly News and Entertainment Channel,"Georgetown, Guyana – September 20, 2025 – The death of Kevin Smith, a resident of Baramita in the Northwest District, has reignited calls for urgent national attention to domestic violence. Smith lost his life following a domestic dispute involving his partne…",https://www.hgptv.com/win-leader-mohamed-too-many-families-destroyed-by-domestic-violence/,https://www.hgptv.com/wp-content/uploads/2025/09/IMG_3349.jpeg,2025-09-20T18:30:39Z,"Georgetown, Guyana – September 20, 2025 – The death of Kevin Smith, a resident of Baramita in the Northwest District, has reignited calls for urgent national attention to domestic violence. Smith los… [+1238 chars]",health
"{'id': None, 'name': 'Theaccomplishmagazine.com'}",Henry Matris,Dr. Tedros Adhanom Ghebreyesus: The First African Director-General of the World Health Organization - Accomplish Magazine,"Dr. Tedros Adhanom Ghebreyesus made history as the first African to be elected Director-General of the World Health Organization (WHO). Discover his inspiring journey, remarkable achievements, and future plans for global health leadership. Historic Election t…",https://theaccomplishmagazine.com/dr-tedros-adhanom-ghebreyesus-the-first-african-director-general-of-the-world-health-organization/,https://theaccomplishmagazine.com/wp-content/uploads/2023/09/ACCOMPLISH-ICON2.png,2025-09-20T18:30:03Z,"Dr. Tedros Adhanom Ghebreyesus made history as the first African to be elected Director-General of the World Health Organization (WHO). Discover his inspiring journey, remarkable achievements, and fu… [+4995 chars]",health
"{'id': None, 'name': 'NewsChannel5.com'}",Amanda Roberts,"Nashville Heart Walk draws 7,000 participants to celebrate heart health","7,000 people walked at Geodis Park for heart health awareness, celebrating survivors like Laura Smith while promoting CPR training importance",https://www.newschannel5.com/news/state/tennessee/davidson-county/thousands-gather-for-greater-nashville-heart-walk-to-celebrate-survivors-honor-loved-ones,https://ewscripps.brightspotcdn.com/dims4/default/b85dbc7/2147483647/strip/true/crop/1920x1008+0+36/resize/1200x630!/quality/90/?url=http%3A%2F%2Fewscripps-brightspot.s3.amazonaws.com%2F49%2F8f%2F056205cd42ff96dc57e0b542cd8f%2Fheart-walk-raw-frame-4220.jpeg,2025-09-20T18:25:57Z,"NASHVILLE, Tenn. (WTVF) Thousands gathered at Geodis Park for the Greater Nashville Heart Walk, celebrating heart health while honoring loved ones lost to cardiovascular disease. The event brought to… [+3185 chars]",health
"{'id': 'the-times-of-india', 'name': 'The Times of India'}",Reuters,"Trump to return to the UN as Gaza, Ukraine conflicts rage",World leaders are set to meet at the UN General Assembly in New York. Discussions will focus on the Gaza and Ukraine conflicts. Rising recognition of Palestinian statehood is also a key issue. Nuclear tensions with Iran will be addressed. Donald Trump's retur…,https://economictimes.indiatimes.com/news/international/world-news/trump-to-return-to-the-un-as-gaza-ukraine-conflicts-rage/articleshow/124019896.cms,"https://img.etimg.com/thumb/msid-124019956,width-1200,height-630,imgsize-31844,overlay-economictimes/articleshow.jpg",2025-09-20T18:24:04Z,"World leaders gather in New York this coming week for a U.N. General Assembly dominated by U.S. President Donald Trump's return to the rostrum, war in Gaza and Ukraine, rising Western recognition of … [+4983 chars]",health
"{'id': None, 'name': 'The-independent.com'}",Caitlin Hornik,Steve Martin cancels tour stops hours before showtime due to health issue,Martin was scheduled to perform in Virginia this weekend,https://www.the-independent.com/arts-entertainment/tv/news/steve-martin-comedy-tour-covid-b2830539.html,"https://static.the-independent.com/2025/02/21/11/46/Screenshot-2025-02-21-at-11-08-12.png?trim=20,132,184,83&width=1200&height=800&crop=1200:800",2025-09-20T18:21:33Z,"Your support helps us to tell the story
From reproductive rights to climate change to Big Tech, The Independent is on the ground when the story is developing. Whether it's investigating the financia… [+3193 chars]",health
"{'id': None, 'name': 'Delish.com'}",Sean Abrams,Public Health Alert Issued For A Seasonal Trader Joe's Ready-to-Eat Favorite,FSIS issued a public health alert for a Trader Joe’s ready-to-eat turkey wrap over possible Listeria. Check labels and discard matching items or return ASAP.,https://www.delish.com/food-news/a67979954/trader-joes-fsis-public-health-alert-turkey-gobbler-wrap/,https://s.yimg.com/ny/api/res/1.2/5AoRko00zuQvpLBqEWPEEA--/YXBwaWQ9aGlnaGxhbmRlcjt3PTEyMDA7aD02NzU7Y2Y9d2VicA--/https://media.zenfs.com/en/delish_597/e33163e4c4a9322dc5183322df82eb3e,2025-09-20T18:19:00Z,"""Hearst Magazines and Yahoo may earn commission or revenue on some items through these links.""
<ul><li>FSIS issued a public health alert tied to a ready-to-eat turkey wrap sold nationwide at Trader … [+1741 chars]",health
"{'id': 'al-jazeera-english', 'name': 'Al Jazeera English'}",Al Jazeera,Trump seeks enforcement of transgender and non-binary passport policy,Rights groups say policy requiring male or female designations on passports is 'unjustifiable and discriminatory'.,https://www.aljazeera.com/news/2025/9/20/trump-seeks-enforcement-of-transgender-and-non-binary-passport-policy,https://www.aljazeera.com/wp-content/uploads/2025/09/AP25262573150389-1758382756.jpg?resize=1200%2C675,2025-09-20T18:13:12Z,"United States President Donald Trumps administration has asked the Supreme Court to let it go ahead with a ban on passports stating the gender identities of transgender and non-binary citizens.
The … [+3087 chars]",health
"{'id': None, 'name': 'Lokmattimes.com'}",Lokmat Times Desk,"Protein, Health, Lifestyle - www.lokmattimes.com","5 Surprising Food Items Most People Wrongly Believe Are Protein Powerhouses - - Latest News. Find Breaking Headlines, Current and Latest lifestyle news at Lokmattimes.com",https://www.lokmattimes.com/photos/lifestyle/5-surprising-foods-most-people-wrongly-believe-are-protein-powerhouses/,https://d3pc1xvrcw35tl.cloudfront.net/images/1200x630/protein-rich-food-2_2025091547699.jpeg,2025-09-20T18:12:22Z,"Quinoa, a grain, is also eaten as a good source of protein. But in reality, it provides very little protein.",health
"{'id': 'the-times-of-india', 'name': 'The Times of India'}",TNN,"Withdraw FIRs against Siddhartha, says Garima","Garima Saikia Garg, Zubeen Garg's wife, has made an emotional appeal urging the public and authorities to drop all FIRs against Siddhartha Sarma, Zubeen's close aide and manager. She emphasized Siddhartha's crucial support during Zubeen's health crises and th…",https://timesofindia.indiatimes.com/city/guwahati/withdraw-firs-against-siddhartha-says-garima/articleshow/124019732.cms,"https://static.toiimg.com/thumb/msid-124019732,width-1070,height-580,imgsize-null,resizemode-75,overlay-toi_sw,pt-32,y_pad-40/photo.jpg",2025-09-20T18:11:12Z,Celeb-inspired Indian jewellery looks to recreate this festive season,health
"{'id': None, 'name': 'Bluebird Banter'}",tom dakers,Saturday Bantering: Jays Notes,"There really isn’t much for Jays news. We have a night game, 7:00 Eastern. Please score some runs. You don’t have to score 20 (unless you really want), but score some. Please Jays. Jose Berrios is going to join the bullpen, at least once through the order. He…",https://www.bluebirdbanter.com/links/58802/saturday-bantering-jays-notes,https://platform.bluebirdbanter.com/wp-content/uploads/sites/41/2025/09/imagn-27120374.jpg?quality=90&strip=all&crop=0%2C10.681249094634%2C100%2C78.637501810732&w=1200,2025-09-20T18:10:52Z,"There really isnt much for Jays news. We have a night game, 7:00 Eastern. Please score some runs. You dont have to score 20 (unless you really want), but score some. Please Jays.
Jose Berrios is goi… [+1531 chars]",health
"{'id': None, 'name': 'Montgomery Advertiser'}",The Montgomery Advertiser,Auburn football injury updates: The final SEC availability report for Oklahoma matchup,Here's a look at the final SEC availability report for Auburn football vs. Oklahoma today.,https://www.montgomeryadvertiser.com/story/sports/college/auburn/2025/09/20/auburn-football-oklahoma-injury-updates-sec-availability-report/86241569007/,https://s.yimg.com/ny/api/res/1.2/0QrSksosiWepVgyHD.7mzA--/YXBwaWQ9aGlnaGxhbmRlcjt3PTEyMDA7aD04MDA7Y2Y9d2VicA--/https://media.zenfs.com/en/the-montgomery-advertiser/bcb32d80ed8099d6c50b18b35b9d6b45,2025-09-20T18:09:35Z,"NORMAN, Okla. Auburn footballs health is in decent standing for its SEC-opening matchup against No. 12 Oklahoma. (2:30 p.m. CT, ABC)
The Tigers had nine players listed on the game's initial availabi… [+2192 chars]",health
"{'id': None, 'name': 'Healthylifehub.net'}",Laura Bennett,Healthy Air Fryer Recipes: Am I Making These 7 Dangerous Health Mistakes? - Healthy Life Hub,"While air fryers can promote healthy cooking, common mistakes can negate their benefits. Avoid using ultra-processed foods and low-smoke-point oils. Don't overcrowd the basket or use excessive heat, which can create acrylamide. Prioritize balanced meals, port…",https://healthylifehub.net/healthy-air-fryer-recipes-am-i-making-th/,https://i0.wp.com/healthylifehub.net/wp-content/uploads/2025/09/1_Are-You-Making-These-7-Dangerous-Air-Fryer-Health-Mistakes.webp,2025-09-20T18:08:29Z,"Laura Bennett / September 20, 2025
While air fryers can promote healthy cooking, common mistakes can negate their benefits. Avoid using ultra-processed foods and low-smoke-point oils. Dont overcrowd… [+12181 chars]",health
"{'id': None, 'name': 'Capitalandmain.com'}",George B. Sánchez-Tello,Los Angeles Therapists Say ICE Raids Take Severe Toll on Latino Mental Health,"Mental health professionals note an increase in stress, anxiety, fear, and anger in their clients since June.",https://capitalandmain.com/ice-raids-take-toll-on-latino-mental-health-its-been-nonstop,https://truthout.org/app/uploads/2025/09/GettyImages-1340812331-scaled.jpg,2025-09-20T18:07:37Z,"Did you know that Truthout is a nonprofit and independently funded by readers like you? If you value what we do, please support our work with a donation.
Therapist Jessica Romeros patient saw two me… [+7600 chars]",health
"{'id': None, 'name': 'Thebrighterside.news'}",Joshua Shavit,New discovery offers scientists a rare glimpse into how pterosaurs lived and died,"A violent storm swept across southern Germany some 150 million years ago, lifting two immature pterosaurs high above the ground like leaves. The fragile...",https://www.thebrighterside.news/post/new-discovery-offers-scientists-a-rare-glimpse-into-how-pterosaurs-lived-and-died/,https://media.zenfs.com/en/the_brighter_side_of_news_articles_781/0a774ceb4cefe8832ce37338e153cb57,2025-09-20T18:07:00Z,"A violent storm swept across southern Germany some 150 million years ago, lifting two immature pterosaurs high above the ground like leaves. The fragile reptiles, just born or newly weaned, swirled i… [+8356 chars]",health
"{'id': None, 'name': 'Truthout'}",Sara Awad,Here’s What Life Is Like Inside One of Gaza’s Last Remaining Hospitals,"Inside al-Wafa Rehabilitation Hospital, starving doctors still fight to keep patients alive.",https://truthout.org/articles/heres-what-life-is-like-inside-one-of-gazas-last-remaining-hospitals/,https://truthout.org/app/uploads/2025/09/GettyImages-2191065273-scaled.jpg,2025-09-20T18:03:23Z,"Part of the Series
Support justice-driven, accurate and transparent news make a quick donation to Truthout today! 
In the heart of a city at war, al-Wafa Rehabilitation Hospital struggles to surviv… [+7101 chars]",health
"{'id': 'newsweek', 'name': 'Newsweek'}",Evan Massey,Vikings Receive Major News Before Facing Bengals,The Minnesota Vikings have received major news before facing the Cincinnati Bengals.,https://www.newsweek.com/sports/nfl/vikings-receive-major-news-before-facing-bengals-2133060,https://d.newsweek.com/en/full/2726700/kevin-oconnell.jpg,2025-09-20T18:02:48Z,"The Minnesota Vikings and Cincinnati Bengals are set to face off against each other in a big Week 3 matchup. Both teams will be playing without their starting quarterback.
J.J. McCarthy, the starter… [+2625 chars]",health
"{'id': None, 'name': 'Truthout'}",Sonali Kolhatkar,Black Abolitionists Lead Resistance to Trump’s Use of Federal Police and ICE,Black-led abolitionist community defense organizations are organizing against Trump’s efforts to target DC and Chicago.,https://truthout.org/articles/black-abolitionists-lead-resistance-to-trumps-use-of-federal-police-and-ice/,https://truthout.org/app/uploads/2025/09/GettyImages-2233479546-scaled.jpg,2025-09-20T18:02:28Z,"Part of the Series
Support justice-driven, accurate and transparent news make a quick donation to Truthout today! 
President Donald Trumps deployment of the National Guard and immigration enforceme… [+9194 chars]",health
"{'id': None, 'name': 'WHSV'}",Kennedy Scales,HPD hires mental health co-responder to improve crisis response,"The Harrisonburg Police Department announced the launch of a new “Co-Responder Program” after hiring Co-Responder Raz Ahmed, who will respond alongside officers to crisis-related services.",https://www.whsv.com/2025/09/20/hpd-hires-mental-health-co-responder-improve-crisis-response/,https://gray-whsv-prod.gtv-cdn.com/resizer/v2/J7NJNPGZPFA6LFYTU5CVQCH5IU.jpg?auth=873b0025777bfbfcba4b15cf2937dd775fa97595ded964e802dfe6fb608a81f0&width=1200&height=600&smart=true,2025-09-20T18:00:54Z,"HARRISONBURG, Va. (WHSV) - The Harrisonburg Police Department announced the launch of a new Co-Responder Program after hiring Co-Responder Raz Ahmed, who will respond alongside officers to crisis-rel… [+1862 chars]",health
"{'id': 'cbs-news', 'name': 'CBS News'}",CBS News,"Seasonal time shifts may be harmful to your health, study finds","Most Americans will set their clocks back on Nov. 2 for daylight saving time, but a new study suggests the two annual time changes may actually be harmful to our health. Jamie Zeitzer, co-author of the study and co-director of the Stanford University Center f…",https://www.cbsnews.com/video/seasonal-time-shifts-maybe-harm-health-study/,https://assets2.cbsnewsstatic.com/hub/i/r/2025/09/15/f66c74f3-31f1-4b92-9a1a-ac0f3986398d/thumbnail/1200x630/7c255dfca9ec5404b3bd034c69acce35/dst.jpg,2025-09-20T18:00:00Z,Copyright ©2025 CBS Interactive Inc. All rights reserved.,health
"{'id': None, 'name': 'New Zealand Herald'}",Megan Wilson,I’m Adopted founder Alex Gilbert hosts Tauranga meet-up event for adoptees,It comes after successful adoptee meet-ups in Auckland and Hamilton this year.,https://www.nzherald.co.nz/bay-of-plenty-times/news/im-adopted-founder-alex-gilbert-hosts-tauranga-meetup-event-for-adoptees/4SZ66V7SFFH7BCMJXGCSERBMBY/,https://www.nzherald.co.nz/resizer/v2/CH23HSQ5ZBBENHPBZ4JIEYINQE.jpg?auth=8befc2e0da2cb9d93889a236d093d46cbc7b1fe8ec736450612b46e43cc509e4&width=1200&height=675&quality=70&smart=true,2025-09-20T18:00:00Z,"Its about, really, just trying to bring people together who are adopted to talk with each other, share their stories, share their experiences, and have someone else [they] can relate to.
Gilbert sai… [+1917 chars]",health
"{'id': None, 'name': 'New York Post'}",Adriana Diaz,Adult virgins share these traits — and size does matter,It seems some people are too smart for sex.,https://nypost.com/2025/09/20/lifestyle/adult-virgins-share-these-traits-and-size-does-matter/,https://nypost.com/wp-content/uploads/sites/2/2025/09/111794372.jpg?quality=75&strip=all&w=1024,2025-09-20T17:57:34Z,"It seems some people are too smart for sex. 
A new study has revealed that theres a lot more to it than just being a choosy bachelor or bachelorette.
The research found that sexlessness is linked t… [+4437 chars]",health
"{'id': 'fox-news', 'name': 'Fox News'}",,‘Heavy soda’ trend flows through US as super sweet fountain drinks spark buzz online,"The heavy soda craze promises stronger flavor through extra syrup to combat melting ice, sparking online debate and concerns from dental health professionals.",https://www.foxnews.com/food-drink/heavy-soda-trend-flows-through-us-super-sweet-fountain-drinks-spark-buzz-online,https://static.foxnews.com/foxnews.com/content/uploads/2025/09/person-filling-up-fountain-soda-heavy-trend.jpg,2025-09-20T17:52:27Z,"A sweet new drink craze is bubbling up online and dentists are cringing.
The latest fountain option, dubbed heavy soda, promises an extra blast of syrup for maximum sweetness and a flavor strong eno… [+4282 chars]",health
"{'id': None, 'name': 'Slashdot.org'}",feedfeeder,"In a chaotic meeting, RFK Jr.’s handpicked advisers begin altering the childhood vaccine schedule - statnews.com","In a chaotic meeting, RFK Jr.’s handpicked advisers begin altering the childhood vaccine schedulestatnews.com CDC vaccine panel adds new rules for getting the COVID vaccine in a tense meetingNPR CDC advisers vote that patients must consult a health care provi…",https://slashdot.org/firehose.pl?op=view&amp;id=179405568,,2025-09-20T17:52:12Z,The Fine Print: The following comments are owned by whoever posted them. We are not responsible for them in any way.,health
"{'id': None, 'name': 'Latest News in Nigeria & Breaking Naija News 24/7 | LEGIT.NG'}",Chinasa Afigbo,Uche Ogbodo Opens Up on How Her Mental Health Caused Her to Undergo a BBL Surgery,Nollywood actress Uche Ogbodo opened up on the reasons she decided to undergo a Brazilian Bum Lift (BBL) and her husband's decision to through it.,https://www.legit.ng/entertainment/celebrities/1675018-uche-ogbodo-opens-how-mental-health-caused-undergo-a-bbl-surgery/,https://cdn.legit.ng/images/1200x675/66ba6f93f9c55c5e.jpeg?v=1,2025-09-20T17:52:01Z,"<ul><li>Nollywood actress Uche Ogbodo has revealed why she got her figure enhanced through surgery</li><li>In a recent interview, the mother of three explained that she did it to restore confidence a… [+3637 chars]",health
"{'id': None, 'name': 'BroBible'}",Grayson Weir,Trent Dilfer Will Get Himself Fired By Taking Pictures On His iPhone Just Seconds Before Kickoff,Trent Dilfer may not ever return to Neyland Stadium. He wanted to be sure to capture the moment on camera before he inevitably gets fired as the college football coach at UAB. I have never seen anything like it. The 53-year-old was on his phone just seconds b…,https://brobible.com/sports/article/trent-dilfer-phone-sideline-tennessee-fired-uab/,https://brobible.com/wp-content/uploads/2025/09/trent-dilfer-phone-fired.jpg,2025-09-20T17:50:38Z,"© Randy Sartin-Imagn Images
Audio By Carbonatix
Trent Dilfer may not ever return to Neyland Stadium. He wanted to be sure to capture the moment on camera before he inevitably gets fired as the coll… [+2342 chars]",health
"{'id': None, 'name': 'Dailypolitical.com'}",Patrick Bannon,"Secure Asset Management LLC Makes New $204,000 Investment in CVS Health Corporation $CVS","Secure Asset Management LLC bought a new position in shares of CVS Health Corporation (NYSE:CVS – Free Report) in the second quarter, Holdings Channel reports. The firm bought 2,958 shares of the pharmacy operator’s stock, valued at approximately $204,000. A …",https://www.dailypolitical.com/2025/09/20/secure-asset-management-llc-makes-new-204000-investment-in-cvs-health-corporation-cvs.html,https://www.americanbankingnews.com/wp-content/timthumb/timthumb.php?src=https://www.marketbeat.com/logos/cvs-health-co-logo-1200x675.png?v=20221020160339&w=240&h=240&zc=2,2025-09-20T17:47:46Z,"Secure Asset Management LLC bought a new position in shares of CVS Health Corporation (NYSE:CVS – Free Report) in the second quarter, Holdings Channel reports. The firm bought 2,958 shares of the pha… [+5662 chars]",health
"{'id': None, 'name': 'Inside the Magic'}",Emmanuel Detres,Authorities Share Breaking News on Epic Universe Death Investigation,"After the tragic event inside Epic Universe on September 17, 2025, some tough questions have been answered while the fanbase reels back from this heartbreaking news. Epic Universe Fans Rally Together After Tragic Incident: More Information Released by Police …",https://insidethemagic.net/2025/09/epic-universe-tragic-incident-new-updates-emd1/,https://insidethemagic.net/wp-content/uploads/2025/05/epic-universe-14.jpg,2025-09-20T17:46:03Z,"After the tragic event inside Epic Universe on September 17, 2025, some tough questions have been answered while the fanbase reels back from this heartbreaking news.
Credit: Andrew Boardwine, Inside… [+4813 chars]",health
"{'id': None, 'name': 'Biztoc.com'}",finance.yahoo.com,A Stable Choice for Cheap Dividend Stocks in Volatile Markets,"Chubb Limited (NYSE:CB) is included among the 13 Incredibly Cheap Dividend Stocks to Invest in.
Photo by NeONBRAND on Unsplash
Chubb Limited (NYSE:CB), headquartered in Zurich, Switzerland, is the largest publicly traded insurer worldwide, offering property, …",https://biztoc.com/x/171d0b7818127556,https://biztoc.com/cdn/171d0b7818127556_s.webp,2025-09-20T17:45:28Z,"Chubb Limited (NYSE:CB) is included among the 13 Incredibly Cheap Dividend Stocks to Invest in.Photo by NeONBRAND on UnsplashChubb Limited (NYSE:CB), headquartered in Zurich, Switzerland, is the larg… [+142 chars]",health
"{'id': None, 'name': 'Israelnationalnews.com'}","Asaf Elia-Shalev, JTA",Texas man indicted for threats against NYC mayoral candidate Zohran Mamdani,Jewish Texas man charged with making terroristic threat against NYC’s Zohran Mamdani.,https://www.israelnationalnews.com/news/415240,https://2.a7.org/files/pictures/000/1191218.jpg,2025-09-20T20:38:00Z,"A Texas man raised in an Orthodox Jewish family in the Boston area has been charged with threatening Zohran Mamdani, the Democratic nominee for New York City mayor.
Jeremy Fistel, 44, was arraigned … [+3628 chars]",politics
"{'id': None, 'name': 'Fark.com'}",,Performative politics: there should be statues of Charlie Kirk on every university campus [Facepalm],Performative politics: there should be statues of Charlie Kirk on every university campus,https://www.fark.com/comments/13818208/Performative-politics-there-should-be-statues-of-Charlie-Kirk-on-every-university-campus,https://usrimg-full.fark.net/s/sG/fark_sG3LHyOSAcmVgi9bKK2kIxs0_5k.jpg?AWSAccessKeyId=JO3ELGV4BGLFW7Y3EZXN&Expires=1758513600&Signature=6%2BjeQMjb7Ffg9AT9KryV9GtKbS8%3D,2025-09-20T20:35:20Z,"Jake Havechek:Lee451: Gee. Charlie Kirk died for taking advantage of free speech. And still, the nation mourns him and life goes on.
Charlie Kirk didn't die for free speech, he died for setting off … [+235 chars]",politics
"{'id': None, 'name': 'Freerepublic.com'}",Euronews,"NATO's article 4 triggered amid Russian airspace violation, 'it could be big trouble' Trump says","Three Russian MiG-31 fighter jets lingered in NATO-member Estonia's airspace for several minutes on Friday, according to Estonian authorities. Italian F-35s responded. Estonia's Prime Minister Kristen Michal said on Friday evening that the government has requ…",https://freerepublic.com/focus/f-news/4341789/posts,,2025-09-20T20:17:39Z,"Skip to comments.
NATO's article 4 triggered amid Russian airspace violation, 'it could be big trouble' Trump saysEuronews ^
 | 19/09/2025
 | Tamsin Paternoster &amp; Sertac Aktan
Posted on 09/20… [+1608 chars]",politics
"{'id': None, 'name': 'Teen Vogue'}",Ashleigh Carter,"Vivian Wilson on Trans Shooter Myth: ""I’m Not Going to Shoot Anybody, I’m a Model""","Wilson, the estranged daughter of Elon Musk, addressed the right-wing myth that trans people are violent, online harassment, and her NYFW debut.",https://www.teenvogue.com/story/vivian-wilson-teen-vogue-summit-2025,"https://assets.teenvogue.com/photos/68cf0aea664ba225cbd22ac9/16:9/w_1280,c_limit/2235952562",2025-09-20T20:13:55Z,"Teen Vogue special edition cover star Vivian Wilson spoke at Teen Vogue Summit 2025, and she didn't hold back. In conversation with Editor-in-Chief Versha Sharma and Politics Editor Lex McMenamin, Wi… [+2483 chars]",politics
"{'id': 'the-verge', 'name': 'The Verge'}",Terrence O’Brien,"Amazon, Google, and Microsoft warn employees to rush back to the US","With new restrictions and fees on work visas in the US set to take effect at midnight tonight, it’s no surprise that many employers are advising workers abroad to return to the US. Leaked memos from Google, Amazon, and Microsoft have been circulating on socia…",https://www.theverge.com/news/782258/amazon-google-microsoft-warn-h-1b-employees-return-to-the-us,https://platform.theverge.com/wp-content/uploads/sites/2/2025/05/STKS503_DEPORTATION_CVIRGINIA_A.jpg?quality=90&strip=all&crop=0%2C9.9676601489831%2C100%2C80.064679702034&w=1200,2025-09-20T20:13:28Z,"<ul><li></li><li></li><li></li></ul>
H-1B visa holders may not be allowed back into the country after midnight without a $100,000 payment.
H-1B visa holders may not be allowed back into the country… [+5983 chars]",politics
"{'id': None, 'name': 'Sky.com'}",Alix Culbertson,Davey attacks Reform and Farage as he pushes for emergency measures to clear asylum backlog,"Sir Ed Davey kicked off the Lib Dem conference by attacking Reform and Nigel Farage as he pushed for emergency measures to clear the asylum backlog in a ""humane"" way.",https://news.sky.com/story/ed-davey-attacks-reform-and-nigel-farage-as-he-pushes-for-emergency-measures-to-clear-asylum-backlog-13435117,https://e3.365dm.com/25/09/1600x900/skynews-ed-davey-lib-dems_7026905.jpg?20250920182858,2025-09-20T19:50:00Z,"Sir Ed Davey kicked off the Lib Dem conference by attacking Reform and Nigel Farage as he pushed for emergency measures to clear the asylum backlog in a ""humane"" way.
The Lib Dem leader, on the firs… [+4691 chars]",politics
"{'id': None, 'name': 'BBC News'}",,Farron drapes himself in flag as Lib Dems seek to reclaim patriotism,"The Lib Dems are urged to stop being squeamish about national pride, at their annual conference.",https://www.bbc.com/news/articles/cjd11n14zz1o,https://ichef.bbci.co.uk/news/1024/branded_news/29d7/live/6623f260-964f-11f0-8383-1902c9cf90cf.png,2025-09-20T19:45:48Z,"Former Lib Dem leader Tim Farron draped himself in an England flag and declared his love for his country at the opening night rally of the party's conference in Bournemouth.
""We will not have our hi… [+3166 chars]",politics
"{'id': None, 'name': 'BBC News'}",,Lib Dems reject debate on blocking trans women from diversity quotas,Dr Zoe Hollowood wanted a debate to update policy on trans women being included in women's quotas.,https://www.bbc.com/news/articles/cy0vvle9w7zo,https://ichef.bbci.co.uk/news/1024/branded_news/cf12/live/88dff700-964e-11f0-8383-1902c9cf90cf.jpg,2025-09-20T19:36:34Z,"Jennifer McKiernanPolitical reporter
A bid to remove trans women from Liberal Democrat diversity quotas has been blocked by party members at their annual conference.
Dr Zoe Hollowood, a member of c… [+3121 chars]",politics
"{'id': None, 'name': 'Ms. Magazine'}",Kathy Spillar,"Strong Women, Loud Backlash. We’re Ready.","Those who raise their voices—whether for equality, democracy or reproductive freedom—are facing escalating threats. Online harassment spills into real-world violence, antiabortion attacks continue, and even professors, journalists and entertainers are being p…",https://msmagazine.com/2025/09/20/women-violence-trump-backlash-charlie-kirk-harassment-fired/,https://msmagazine.com/wp-content/uploads/2025/09/GettyImages-2232795341-1.jpg,2025-09-20T19:30:00Z,"People participate in a Mexican Independence Day parade, with the theme “Pride and Power: Our Strength, Our Legacy,” in Chicago on Sept. 14, 2025, amid a new immigration enforcement operation launche… [+4585 chars]",politics
"{'id': 'fox-news', 'name': 'Fox News'}",,"Arizona prosecutor issues warning ahead of Charlie Kirk memorial with Trump, Vance","An armed man was arrested at State Farm Stadium ahead of Charlie Kirk's memorial service, which is expected to draw 100,000 attendees including President Donald Trump.",https://www.foxnews.com/politics/arizona-prosecutor-warns,https://static.foxnews.com/foxnews.com/content/uploads/2025/09/charlie-kirk-state-farm-stadium.jpg,2025-09-20T19:28:58Z,"Maricopa County Attorney Rachel Mitchell warned that no illegal activity at Sunday's memorial for Charlie Kirk at State Farm Stadium in Glendale, Ariz., will be tolerated. 
Mitchells comments come a… [+3198 chars]",politics
"{'id': 'the-times-of-india', 'name': 'The Times of India'}",Global Desk,"Charlie Kirk funeral date, memorial services time, speakers, live streaming: How to watch?","Charlie Kirk funeral admission, which is free, will be on a ""first-come, first-served"" basis, according to a webpage posted by Turning Point USA, which is hosting the event.",https://economictimes.indiatimes.com/news/international/us/charlie-kirk-funeral-date-memorial-services-time-speakers-live-streaming-how-to-watch/articleshow/124020691.cms,"https://img.etimg.com/thumb/msid-124020716,width-1200,height-630,imgsize-1036227,overlay-economictimes/articleshow.jpg",2025-09-20T19:28:23Z,"Charlie Kirk funeral date is here and the public memorial for the conservative activist and President Donald Trump's close ally who was assassinated on September 10, will take place in Arizona on Sun… [+2776 chars]",politics
"{'id': None, 'name': 'Freerepublic.com'}",New York Times,Inside The Times’s Reporting and Judgment Calls on Charlie Kirk’s Assassination,"We gathered some of the journalists closely involved to discuss how we approached coverage and to answer readers’ questions about itCharlie Kirk was shot at a college in Utah, and New York Times journalists began grappling with a series of questions and decis…",https://freerepublic.com/focus/f-news/4341775/posts,,2025-09-20T19:13:12Z,"Skip to comments.
Inside The Timess Reporting and Judgment Calls on Charlie Kirks AssassinationNew York Times ^
 | Sept. 20, 2025
 | Patrick Healy
Posted on 09/20/2025 12:13:12 PM PDT by nickcarr… [+3719 chars]",politics
"{'id': None, 'name': 'Danielmiessler.com'}",daniel@danielmiessler.com (Daniel Miessler),Emad Mostaque on the End of Capitalism,"An extremely clear vision of how AI will completely disrupt everything within 1,000 days",https://danielmiessler.com/blog/emad-mostaque-on-the-end-of-capitalism?utm_source=rss&utm_medium=feed&utm_campaign=website,https://danielmiessler.com/images/emad-mostaque-video-thumbnail.png?t=1758400423675,2025-09-20T19:00:00Z,"Ok all, I have a video I'm going to ask everyone to go and watch within like 72 hours. This is from a guy named @EMostaque , who I consider to be one of the most based and overall intelligent guys in… [+15843 chars]",politics
"{'id': 'abc-news-au', 'name': 'ABC News (AU)'}",Elissa Steedman,Republicans divided in free speech quagmire after Charlie Kirk's death,The Trump administration saw an opportunity to crack down on liberal groups in the wake of the death of conservative activist Charlie Kirk. But not all conservatives are onboard.,https://www.abc.net.au/news/2025-09-21/republicans-trump-seize-on-charlie-kirk-death-to-target-liberals/105785372,https://live-production.wcms.abc-cdn.net.au/87f6e5110da17bd2d472cd562a908a76?impolicy=wcms_watermark_news&cropH=2189&cropW=3891&xPos=0&yPos=0&width=862&height=485&imformat=generic,2025-09-20T18:45:08Z,"Five days after Charlie Kirk was shot and killed at a Utah university, his YouTube channel began a live broadcast.
Clips of the conservative activist's commentary were spliced into a montage of phot… [+11768 chars]",politics
"{'id': None, 'name': 'Moonbattery.com'}",Dave Blount,Charlie Kirk as a Modern Day Saint Paul,"Cardinal Timothy Dolan has been steering clear of politics if he didn’t know who Charlie Kirk was. He knows now — as does everyone. Cardinal Dolan compares him to Saint Paul: Cardinal Dolan says he spent the past week studying … Continue reading →
The post Ch…",https://moonbattery.com/charlie-kirk-as-a-modern-day-saint-paul/,https://moonbattery.com/wp/wp-content/uploads/2018/03/moonbattery_logo_square.jpg,2025-09-20T18:31:42Z,Cardinal Timothy Dolan has been steering clear of politics if he didn’t know who Charlie Kirk was. He knows now as does everyone. Cardinal Dolan compares him to Saint Paul:Cardinal Dolan says he spen… [+510 chars],politics
"{'id': None, 'name': 'Freerepublic.com'}",New York Post,Trump’s law-and-order win in DC paints Democrats in a corner,"National Democrats and media critics slammed President Donald Trump’s choice to deploy the National Guard to the crime-ridden streets of Washington, DC as ineffectual and unnecessary — or worse, a dangerous sign of creeping fascism. As it turns out, one week …",https://freerepublic.com/focus/f-news/4341766/posts,,2025-09-20T18:24:13Z,"Skip to comments.
 Trumps law-and-order win in DC paints Democrats in a corner New York Post ^
 | Sep. 17, 2025, 5:44 p.m. ET
 | Ben Domenech
Posted on 09/20/2025 11:24:13 AM PDT by E. Pluribus U… [+2491 chars]",politics
"{'id': None, 'name': 'Sputnikglobe.com'}",Sputnik International,Putin Greets Contestants of Intervision 2025 Song Contest Finals in Moscow,"MOSCOW (Sputnik) - Russian President Vladimir Putin greeted in a video address the participants and the audience of the Intervision 2025 song contest finals, which kicked off in Moscow on Saturday.",https://sputnikglobe.com/20250920/putin-greets-contestants-of-intervision-2025-song-contest-finals-in-moscow-1122824423.html,https://cdn1.img.sputnikglobe.com/images/sharing/article/eng/1122824423.jpg?11228242451758392055,2025-09-20T18:12:33Z,"The latest news and stories from Russia. Stay tuned for updates and breaking news on defense, politics, economy and more.
https://sputnikglobe.com/20250920/putin-greets-contestants-of-intervision-20… [+1748 chars]",politics
"{'id': None, 'name': 'Freerepublic.com'}",The Times,Remember Charlie Kirk by these five words he said to me (“It is never about me.”),"Two minutes before Charlie Kirk died, I was searching for him on X. I knew he had just kicked off his latest round of college debate tours and I wanted to see him in action.The first video I saw from his visit to Utah Valley University showed him wearing a br…",https://freerepublic.com/focus/f-news/4341761/posts,,2025-09-20T18:10:24Z,"Skip to comments.
Remember Charlie Kirk by these five words he said to me (It is never about me.)The Times ^
 | Friday September 19 2025, 10.40pm BST, The Times
 | Salena Zito
Posted on 09/20/202… [+2116 chars]",politics
"{'id': None, 'name': 'Techpinions.com'}",Julie Birkinshaw,"Trump-linked 1789 Capital surpasses $1 billion in assets, sparking ethics concerns","A little-known investment company has surpassed $1 billion in assets. 1789 Capital, an investment firm with eight employees listed on its webpage, has been transforming into a financial power player on Wall Street. It’s a major turnaround for the Palm Beach, …",https://techpinions.com/trump-linked-1789-capital-surpasses-1-billion-in-assets-sparking-ethics-concerns/,,2025-09-20T18:09:00Z,"A little-known investment company has surpassed $1 billion in assets. 1789 Capital, an investment firm with eight employees listed on its webpage, has been transforming into a financial power player … [+2669 chars]",politics
"{'id': None, 'name': 'Wnd.com'}","Andrew Fowler, Real Clear Wire",How America forgot to love our enemy,A reflection on Charlie Kirk's assassination and a path toward peace,https://www.wnd.com/2025/09/how-america-forgot-love-our-enemy/,https://www.wnd.com/wp-content/uploads/2025/09/charlie-kirk-sabbath-smiling-jpg.jpg,2025-09-20T18:08:18Z,"Charlie Kirk smiles as he discusses his observing the Sabbath on the seventh day of the week as opposed to Sundays
The assassination of Charlie Kirk, founder of Turning Point USA and conservative ic… [+8056 chars]",politics
"{'id': 'breitbart-news', 'name': 'Breitbart News'}","Hannah Knudsen, Hannah Knudsen",Exclusive — Rep. Byron Donalds: Left Has a Radical Element Leading to Political Violence; 'That Is a Fact',"The left has a radical element within their party leading to the violence in the United States, Rep. Byron Donalds (R-FL) said during an appearance on Breitbart News Saturday, discussing the horrific murder of Charlie Kirk.
The post Exclusive — Rep. Byron Don…",https://www.breitbart.com/radio/2025/09/20/exclusive-rep-byron-donalds-left-has-a-radical-element-leading-to-political-violence-that-is-a-fact/,https://media.breitbart.com/media/2025/09/GettyImages-2187781402-640x335.png,2025-09-20T18:04:41Z,"The left has a radical element within their party leading to the violence in the United States, Rep. Byron Donalds (R-FL) said during an appearance on Breitbart News Saturday, discussing the horrific… [+3836 chars]",politics
"{'id': None, 'name': 'Freerepublic.com'}",The Conservative Treehouse - The Last Refuge,Notes of Caution – The Story of Telemachus,"The Make America Great Again (MAGA) movement has gained in ranks mostly due to the pragmatic messenger who cuts through party lines, Donald Trump; but also, because the political left went too far into the world of social crazy.For several years, traditional …",https://freerepublic.com/focus/f-chat/4341757/posts,,2025-09-20T18:00:53Z,"Skip to comments.
Notes of Caution The Story of TelemachusThe Conservative Treehouse - The Last Refuge ^
 | September 20, 2025
 | Sundance
Posted on 09/20/2025 11:00:53 AM PDT by E. Pluribus Unum… [+10777 chars]",politics
"{'id': None, 'name': 'Rolling Stone'}",Elisabeth Garber-Paul,Charlie Kirk Divided My Generation. His Death Is Making It Worse,The conservative activist has shaped political opinions within Gen Z. I fear his assassination may push us past the brink.,http://www.rollingstone.com/culture/culture-commentary/charlie-kirk-gen-z-political-divide-1235431166/,https://www.rollingstone.com/wp-content/uploads/2025/09/charlie-kirk-gen-z-political-divide.jpg?w=1600&h=900&crop=1,2025-09-20T18:00:00Z,"“Charlie Kirk was the one who stood up for us, and that’s why these radical leftists had to take him out,” remarked one of my fellow football players at my staunchly conservative college. He wasn’t t… [+6091 chars]",politics
"{'id': 'the-times-of-india', 'name': 'The Times of India'}",Durva More,The first Democratic candidate for the 2028 US elections may be out — who is it and what are the chances?,"Alexandria Ocasio-Cortez, also called AOC, is being talked about for the 2028 elections. She may run for president or Senate. Many people are watching her next move because it could change politics. AOC is already very popular online and with young voters, an…",https://economictimes.indiatimes.com/news/international/us/the-first-democratic-candidate-for-the-2028-us-elections-may-be-out-who-is-it-and-what-are-the-chances/articleshow/124018908.cms,"https://img.etimg.com/thumb/msid-124018982,width-1200,height-630,imgsize-11208,overlay-economictimes/articleshow.jpg",2025-09-20T17:58:14Z,"AOC has not made any final decision yet about her future, but her team is making sure she has both options open Senate or White House. The summer saw a plethora of town hall seasons by AOC in New Yor… [+2562 chars]",politics
"{'id': None, 'name': 'Dazed'}",Isobel Van Dyke,"Two, four, six, eight, Chopova Lowena was really great!","Youth and pop culture provocateurs since 1991. Fearless fashion, music, art, film, politics and ideas from today's bleeding edge. Declare Independence.",https://www.dazeddigital.com/fashion/gallery/35947/0/chopova-lowena-ss26?utm_source=Link&utm_medium=Link&utm_campaign=RSSFeed&utm_term=two-four-six-eight-chopova-lowena-was-really-great,https://images-prod.dazeddigital.com/1200/3-402-1863-1242/azure/dazed-prod/1420/3/1423308.jpg,2025-09-20T17:57:00Z,nbsp;nbsp;nbsp;nbsp;nbsp;nbsp;View Gallery (30 images)nbsp;,politics
"{'id': None, 'name': 'Freerepublic.com'}",The New American,The War on Dairy State Farmers,"Wisconsin farmers face a major threat to their livelihoods, as the Wisconsin Department of Agriculture, Trade and Consumer Protection (DATCP) is pushing a radical fee hike that could devastate auction barns, livestock dealers, and farm families statewide. The…",https://freerepublic.com/focus/f-news/4341752/posts,,2025-09-20T17:53:55Z,"Skip to comments.
The War on Dairy State FarmersThe New American ^
 | September 18, 2025
 | Billy J. Stephen
Posted on 09/20/2025 10:53:55 AM PDT by E. Pluribus Unum
Wisconsin farmers face a maj… [+2282 chars]",politics
"{'id': None, 'name': 'Gizmodo.com'}",AJ Dellinger,DeepSeek Model ‘Nearly 100% Successful’ at Avoiding Controversial Topics,Huawei chipped in on the censorship effort.,https://gizmodo.com/deepseek-model-nearly-100-successful-at-avoiding-controversial-topics-2000661847,https://gizmodo.com/app/uploads/2025/01/DeepSeek-iPhone-App-1200x675.jpg,2025-09-20T17:50:05Z,"Meet the new DeepSeek, now with more government compliance. According to a report from Reuters, the popular large language model developed in China has a new version called DeepSeek-R1-Safe, specific… [+2638 chars]",politics
"{'id': None, 'name': 'Freerepublic.com'}",American Thinker,Generation Z: Charlie Kirk’s Hope for America,"I thought I would see Charlie Kirk again.On April 10, 2025, I went to my first political event. Having closely followed politics globally and nationally for nearly five years, I was more than a little excited to attend a Turning Point USA gathering where Char…",https://freerepublic.com/focus/f-news/4341750/posts,,2025-09-20T17:49:58Z,"Skip to comments.
Generation Z: Charlie Kirks Hope for AmericaAmerican Thinker ^
 | September 20, 2025
 | Nella Smith
Posted on 09/20/2025 10:49:58 AM PDT by E. Pluribus Unum
I thought I would s… [+2395 chars]",politics
"{'id': None, 'name': 'Freerepublic.com'}",American Thinker,"The Great, Unrecognized Political Realignment","Political change mimics a supertanker in its inertia. Turning direction proceeds imperceptibly at first. Then advances sporadically, punctuated by specific accelerating events. Progress in the new direction proceeds over decades, interspersed by backsliding e…",https://freerepublic.com/focus/f-news/4341749/posts,,2025-09-20T17:48:01Z,"Skip to comments.
The Great, Unrecognized Political RealignmentAmerican Thinker ^
 | September 20, 2025
 | Douglas Schwartz
Posted on 09/20/2025 10:48:01 AM PDT by E. Pluribus Unum
Political cha… [+2550 chars]",politics
"{'id': None, 'name': 'Politicalwire.com'}",Taegan Goddard,RFK Jr.’s Poll Numbers Turn Sour,"CNN: “For the past few years, Kennedy’s image numbers have proven remarkably resilient. Even as he espoused debunked claims about vaccines and science and moved from Democratic presidential candidate to independent to endorsing and serving",https://politicalwire.com/2025/09/20/rfk-jr-s-poll-numbers-turn-sour/,https://politicalwire.com/wp-content/uploads/2018/02/PW-podcast-logo.jpg,2025-09-20T17:43:00Z,"“There are a lot of blogs and news sites claiming to understand politics, but only a few actually do. Political Wire is one of them.”
 Chuck Todd, host of “Meet the Press”
“Concise. Relevant. To th… [+594 chars]",politics
"{'id': None, 'name': 'Politicalwire.com'}",Taegan Goddard,Stefanik Puts Capitol Hill Townhouse Up for Sale,"“As she explores a 2026 run for governor of New York, Republican Rep. Elise Stefanik is looking to sell the Washington, D.C., house that has been her home base in the city for 15 years,”",https://politicalwire.com/2025/09/20/stefanik-puts-capitol-hill-townhouse-up-for-sale/,https://politicalwire.com/wp-content/uploads/2018/02/PW-podcast-logo.jpg,2025-09-20T17:41:00Z,"“There are a lot of blogs and news sites claiming to understand politics, but only a few actually do. Political Wire is one of them.”
 Chuck Todd, host of “Meet the Press”
“Concise. Relevant. To th… [+594 chars]",politics
"{'id': None, 'name': 'Screen Rant'}",Kieran Hair,NBC’s Fall 2025 Schedule Change Is Bad For Jimmy Fallon’s On Brand,"NBC is making several changes to their 2025 fall lineup, but one in particular could affect Jimmy Fallon in an unexpectedly unfortunate way.",https://screenrant.com/nbc-fall-2025-schedule-shakeup-bad-for-jimmy-fallon-on-brand/,https://static0.srcdn.com/wordpress/wp-content/uploads/2023/09/jimmy-fallon-on-the-tonight-show.jpg?w=1200&h=675&fit=crop,2025-09-20T17:39:18Z,"While hes clearly their late-night leader, Jimmy Fallon could suffer from a very specific decision NBCs made about their fall schedule. Enough viewers seem to dislike Fallons focus on humor as oppose… [+6055 chars]",politics
"{'id': 'abc-news', 'name': 'ABC News'}",Aaron Katersky,"Luigi Mangione's lawyers say possible death penalty 'based on politics, not merit'","The federal indictment making Luigi Mangione eligible for the death penalty if he is convicted should be dismissed, his lawyers said.",https://abcnews.go.com/US/luigi-mangiones-lawyers-death-penalty-based-politics-merit/story?id=125762128,https://i.abcnewsfe.com/a/d9db4201-19eb-4248-9156-da264cbb3f95/mangione-courthouse_1758372447420_hpMain_16x9.jpg?w=1600,2025-09-20T17:33:17Z,"The federal indictment that makes Luigi Mangione eligible for the death penalty if he's convicted of killing UnitedHealthcare CEO Brian Thompson should be dismissed because a ""torrent of prejudice fr… [+3576 chars]",politics
"{'id': None, 'name': 'Dazed'}",Elliot Hoste,Di Petsa wants you to ‘erotically excavate’ yourself,"Youth and pop culture provocateurs since 1991. Fearless fashion, music, art, film, politics and ideas from today's bleeding edge. Declare Independence.",https://www.dazeddigital.com/fashion/gallery/35943/0/di-petsa-ss26?utm_source=Link&utm_medium=Link&utm_campaign=RSSFeed&utm_term=di-petsa-wants-you-to-erotically-excavate-yourself,https://images-prod.dazeddigital.com/1200/3-455-1863-1242/azure/dazed-prod/1420/3/1423230.jpg,2025-09-20T17:33:00Z,nbsp;nbsp;nbsp;nbsp;nbsp;nbsp;View Gallery (40 images)nbsp;,politics
"{'id': None, 'name': 'Mediaite'}",Zachary Leeman,Bill Maher Trashes Celebs at Emmys for Not Condemning Charlie Kirk Assassination: ‘Would It Have Killed Someone To Get Up There?’,"Bill Maher blasted celebrities who attended last week's Emmy Awards and did not publicly condemn the murder of conservative activist Charlie Kirk.
The post Bill Maher Trashes Celebs at Emmys for Not Condemning Charlie Kirk Assassination: ‘Would It Have Killed…",https://www.mediaite.com/media/tv/bill-maher-trashes-celebs-at-emmys-for-not-condemning-charlie-kirk-assassination-would-it-have-killed-someone-to-get-up-there/,https://www.mediaite.com/wp-content/uploads/2025/09/bill-scaled.jpg,2025-09-20T17:29:09Z,"Bill Maher blasted celebrities who attended last week’s Emmy Awards and did not publicly condemn the murder of conservative activist Charlie Kirk.
On Friday’s Real Time, Maher blasted reactions on t… [+3061 chars]",politics
"{'id': None, 'name': 'Biztoc.com'}",msn.com,All 9 Justices against MAGA censorship — if ABC defends Kimmel: 1st Am. Attorney Melber's report,,https://biztoc.com/x/5f01da10c15f2826,https://biztoc.com/cdn/950/og.png,2025-09-20T17:23:01Z,"{ window.open(this.href, '_blank'); }, 200); return false;""&gt;Why did the Trump administration raise H-1B visa fees? { window.open(this.href, '_blank'); }, 200); return false;""&gt;What impact will t… [+807 chars]",politics
"{'id': 'the-verge', 'name': 'The Verge'}",Terrence O’Brien,"Trump announces skilled worker visas will now cost $100,000","All the fawning by tech CEOs wasn’t enough to convince Donald Trump to back off his crusade against immigrants. Yesterday the president announced that the government would be adding a $100,000-a-year fee on all H-1B visas in an effort to discourage their use.…",https://www.theverge.com/news/782251/trump-h-1b-skilled-worker-visas-cost-100000,https://platform.theverge.com/wp-content/uploads/sites/2/2025/01/gettyimages-2194990747.jpg?quality=90&strip=all&crop=0%2C10.736864816537%2C100%2C78.526270366927&w=1200,2025-09-20T17:20:52Z,"<ul><li></li><li></li><li></li></ul>
The H-1B program frequently used by Amazon, Google, and Microsoft is being targeted by the president.
The H-1B program frequently used by Amazon, Google, and Mi… [+3411 chars]",politics
"{'id': None, 'name': 'Posting and Toasting'}",Matthew Miranda,"If Jalen Brunson pulled a Kawhi Leonard, I’m done with the Knicks",Say it ain’t so . . .,https://www.postingandtoasting.com/knicks-features-profiles/73611/if-jalen-brunson-pulled-a-kawhi-leonard-im-done-with-the-knicks,https://platform.postingandtoasting.com/wp-content/uploads/sites/125/2025/09/gettyimages-2234216050.jpg?quality=90&strip=all&crop=0%2C16.473776063195%2C100%2C67.052447873611&w=1200,2025-09-20T17:15:51Z,"As Ballmergate continues to leak new details daily or, depending on your stance, KawhiGate or UncleDennisgate there is a growing sense the scandal is a $28 million canary in a big ol expensive coal m… [+12148 chars]",politics
"{'id': None, 'name': 'The Daily Caller'}",Katelynn Richardson,"EXCLUSIVE: Corporate Watchdog Commends Major Banks For Taking Steps To Prevent Political, Religious ‘Debanking’","A watchdog group fighting biased corperate policies commended five banks for making efforts to prevent ""politicized debanking.""",https://dailycaller.com/2025/09/20/exclusive-corporate-watchdog-commends-major-banks-for-taking-steps-to-prevent-political-religious-debanking/,"https://images.dailycaller.com/image/width=1280,height=549,fit=cover,format=webp,f=auto/https://cdn01.dailycaller.com/wp-content/uploads/2025/09/GettyImages-2225442505-scaled-e1758222266655.jpg",2025-09-20T17:13:36Z,"A corporate watchdog group commended five banks for making efforts to prevent “politicized debanking,” according to letters obtained by the Daily Caller News Foundation.
Bank of America (BoA), Citig… [+4643 chars]",politics
"{'id': None, 'name': 'New Zealand Herald'}",Shane Te Pou,Charlie Kirk death shows dangers of weaponising grief for political gain – Shane Te Pou,OPINION: Friends of Charlie Kirk have politicised his assassination to attack opponents.,https://www.nzherald.co.nz/nz/charlie-kirk-death-shows-dangers-of-weaponising-grief-for-political-gain-shane-te-pou/XXTWNFUKHVE73JD5HQZDDNXGEA/,https://www.nzherald.co.nz/resizer/v2/HPSDC37U5NHFPC5KYKDBTMYKXE.png?auth=0cbf3f137b3cd16b89289c22d611f93c95dd79f82c50ca4a1ee7c32539befe7c&width=1200&height=675&quality=70&smart=true,2025-09-20T17:00:00Z,"As of writing, Kirks killer has not stated his motives. The point is: it doesnt matter. The awful actions of this individual do not damn entire sections of society. They do not justify a crackdown on… [+3843 chars]",politics
"{'id': None, 'name': 'Rlsbb.to'}",Damon,Cyrano De Bergerac 1950 1080p AMZN WEB-DL H264-GPRS,"Won 1 Oscar 7 wins & 4 nominations total See more awards » Plot: The charismatic swordsman-poet and provocateur in 1640s Paris helps a young guardsman woo the woman he loves, complicated by the politics of the nobility and the war with Spain. Genre: Adventure…",https://post.rlsbb.to/cyrano-de-bergerac-1950-1080p-amzn-web-dl-h264-gprs/,,2025-09-20T16:50:46Z,"Won 1 Oscar 7 wins &amp; 4 nominations total See more awards »
Plot: The charismatic swordsman-poet and provocateur in 1640s Paris helps a young guardsman woo the woman he loves, complicated by the … [+642 chars]",politics
"{'id': 'the-irish-times', 'name': 'The Irish Times'}",Pat Leahy,Backing Catherine Connolly suggests Sinn Féin could not come up with better idea,Party’s support may yet prove decisive for Independent TD’s presidential campaign,https://www.irishtimes.com/politics/2025/09/20/backing-catherine-connolly-suggests-sinn-fein-could-not-come-up-with-better-idea/,https://www.irishtimes.com/resizer/v2/QI2NP7YVGVDQRF5AHFJJGM3DWU.JPG?smart=true&auth=412a66858e2514b07333f98b6789e713583133892923f986dd51ae6fbda834a1&width=1200&height=630,2025-09-20T16:47:12Z,"Mary Lou McDonald had earlier this week promised Sinn Féins endorsement of a candidate for the presidency would be a game changer. 
She was sticking to that when she revealed on Saturday that the pa… [+3053 chars]",politics
"{'id': None, 'name': 'Deadline'}",Dade Hayes,Jimmy Kimmel Impasse Follows Years Of Growing Tensions Between Local TV Stations And Broadcast Networks,"More than a few viewers and observers, even some who work in the television business, were surprised that local station owners Nexstar and Sinclair made the first move in the Jimmy Kimmel saga by pulling his show off their air. But warning signs of discord be…",http://deadline.com/2025/09/jimmy-kimmel-network-tv-station-owners-tensions-1236549261/,https://deadline.com/wp-content/uploads/2025/09/TV-antennas-circle.jpg?w=1024,2025-09-20T16:45:04Z,"More than a few viewers and observers, even some who work in the television business, were surprised that local station owners Nexstar and Sinclair made the first move in the Jimmy Kimmel saga by pul… [+6904 chars]",politics
"{'id': None, 'name': 'Android Police'}",Irene Okpanachi,Unlock the power of interactive learning with NotebookLM,Reading has never been more fun,https://www.androidpolice.com/notebooklm-interactive-beta-study/,https://static0.anpoimages.com/wordpress/wp-content/uploads/2025/09/student-studying-with-notebooklm.jpg?w=1600&h=900&fit=crop,2025-09-20T16:33:10Z,"I recently sat for my master's exams in International Politics, and they were the most difficult I've ever faced.
The remote lectures from my personal computer were plagued by network failures and a… [+4563 chars]",politics
"{'id': None, 'name': 'Thegatewaypundit.com'}",Mike LaChance,Byron York on the Firing of Jimmy Kimmel: ‘Didn’t Seem to Understand That it’s Not 2017 Anymore’ (VIDEO),"Byron York of the Washington Examiner appeared on the Ingraham Angle this week and addressed the indefinite suspension of Jimmy Kimmel from ABC.
The post Byron York on the Firing of Jimmy Kimmel: ‘Didn’t Seem to Understand That it’s Not 2017 Anymore’ (VIDEO) …",https://www.thegatewaypundit.com/2025/09/byron-york-firing-jimmy-kimmel-didnt-seem-understand/,https://www.thegatewaypundit.com/wp-content/uploads/2025/09/byron-york-on-kimmel.jpg,2025-09-20T16:30:08Z,"Screencap of Twitter/X video.
Byron York of the Washington Examiner appeared on the Ingraham Angle this week and addressed the indefinite suspension of Jimmy Kimmel from ABC.
He suggested that this… [+2075 chars]",politics
"{'id': None, 'name': 'Rlsbb.to'}",saamaan1@yahoo.com (Master),"Time International Edition - September 29, 2025","Time Magazine International Edition is the go-to news magazine for what is happening around the globe. You can rely on Time's award winning journalists for analysis and insight into the latest developments in politics, business, health, science, society and e…",https://post.rlsbb.to/time-international-edition-september-29-2025/,,2025-09-20T16:25:26Z,Time Magazine International Edition is the go-to news magazine for what is happening around the globe. You can rely on Time's award winning journalists for analysis and insight into the latest develo… [+180 chars],politics
"{'id': None, 'name': 'Rlsbb.to'}",saamaan1@yahoo.com (Master),"The Economist USA - September 20, 2025","The Economist is the premier source for the analysis of world business and current affairs, providing authoritative insight and opinion on international news, world politics, business, finance, science and technology, as well as overviews of cultural trends a…",https://post.rlsbb.to/the-economist-usa-september-20-2025/,,2025-09-20T16:25:26Z,"The Economist is the premier source for the analysis of world business and current affairs, providing authoritative insight and opinion on international news, world politics, business, finance, scien… [+213 chars]",politics
"{'id': None, 'name': 'Freerepublic.com'}",Elon Musk,"""Most People Have No Idea What's About To Happen After Jimmy Kimmel's Cancellation"" | Elon Musk (Solo Vid at link)",Jimmy Kimmel’s sudden downfall isn’t just another Hollywood controversy—it’s a turning point for late-night television and the media landscape as a whole. His reckless remarks about the assassination of Charlie Kirk didn’t just spark outrage; they exposed how…,https://freerepublic.com/focus/f-news/4341733/posts,,2025-09-20T16:15:39Z,"Skip to comments.
""Most People Have No Idea What's About To Happen After Jimmy Kimmel's Cancellation"" | Elon Musk (Solo Vid at link)Elon Musk ^
 | 09/19/2025
 | Elon Musk
Posted on 09/20/2025 9:1… [+2147 chars]",politics
"{'id': None, 'name': 'Freerepublic.com'}",Elon Musk,"""Most People Have No Idea What's About To Happen After Jimmy Kimmel's Cancellation"" | Elon Musk (Solo Vid at link)",Jimmy Kimmel’s sudden downfall isn’t just another Hollywood controversy—it’s a turning point for late-night television and the media landscape as a whole. His reckless remarks about the assassination of Charlie Kirk didn’t just spark outrage; they exposed how…,https://freerepublic.com/focus/f-bloggers/4341733/posts,,2025-09-20T16:15:39Z,"Skip to comments.
""Most People Have No Idea What's About To Happen After Jimmy Kimmel's Cancellation"" | Elon Musk (Solo Vid at link)Elon Musk ^
 | 09/19/2025
 | Elon Musk
Posted on 09/20/2025 9:1… [+5527 chars]",politics
"{'id': None, 'name': 'Khabarhub.com'}",Khabarhub,Today’s News in a Nutshell,"KATHMANDU: Khabarhub brings you a glimpse of major developments of the day in Nepal, including politics, business/economy, sports, entertainment, and more. Renovation works underway in partially damaged ministries inside Singha Durbar Renovation and maintenan…",https://english.khabarhub.com/2025/20/497378/,https://english.khabarhub.com/wp-content/uploads/2024/05/News-Nutshell.jpg,2025-09-20T16:15:25Z,"KATHMANDU: Khabarhub brings you a glimpse of major developments of the day in Nepal, including politics, business/economy, sports, entertainment, and more.
Renovation works underway in partially dam… [+8286 chars]",politics
"{'id': None, 'name': 'Freerepublic.com'}",The Post Email Newspaper,The Linguistic and Logical Aspects of the Term “Natural Born Citizen” by Andy Prior,"(Sep. 20, 2025) — Recently, I was advised by a fellow Texan, who supported an ineligible candidate for POTUS, that: “In order for your argument to have any merit at all, you must provide evidence that the authors of the Constitution intended that there be som…",https://freerepublic.com/focus/f-news/4341731/posts,,2025-09-20T16:15:05Z,"Skip to comments.
The Linguistic and Logical Aspects of the Term Natural Born Citizen by Andy Prior The Post Email Newspaper ^
 | 20 Sep 2025
 | Andy Prior
Posted on 09/20/2025 9:15:05 AM PDT by … [+1762 chars]",politics
"{'id': 'cnn', 'name': 'CNN'}",,Luigi Mangione’s lawyers want death penalty off the table in murder case,"Luigi Mangione’s lawyers urged a judge on Saturday to bar federal prosecutors from seeking the death penalty in the killing of UnitedHealthcare CEO Brian Thompson, arguing that authorities prejudiced his case by turning his arrest into a “Marvel movie” specta…",https://www.cnn.com/2025/09/20/us/luigi-mangione-death-penalty-prosecution,"https://media.cnn.com/api/v1/images/stellar/prod/ap25261665555097.jpg?c=16x9&q=w_800,c_fill",2025-09-20T16:08:09Z,"Luigi Mangiones lawyers urged a judge on Saturday to bar federal prosecutors from seeking the death penalty in the killing of UnitedHealthcare CEO Brian Thompson, arguing that authorities prejudiced … [+4560 chars]",politics
"{'id': None, 'name': 'Politicalwire.com'}",Taegan Goddard,‘Throw Some Tacks in the Road’,"Sen. Chuck Schumer is signaling that he’s not caving on the government funding bill— and privately, Democrats are weighing the ramifications of not averting a shutdown, CNN reports. Said one Democratic lawmaker: “I can’t tell",https://politicalwire.com/2025/09/20/throw-some-tacks-in-the-road/,https://politicalwire.com/wp-content/uploads/2018/02/PW-podcast-logo.jpg,2025-09-20T16:05:19Z,"“There are a lot of blogs and news sites claiming to understand politics, but only a few actually do. Political Wire is one of them.”
 Chuck Todd, host of “Meet the Press”
“Concise. Relevant. To th… [+594 chars]",politics
"{'id': None, 'name': 'CinemaBlend'}",Adam Holmes,"Following Daredevil: Born Again’s Season 3 Renewal, New Rumor Claims How The Marvel Series Will Set Up Spider-Man: Brand New Day",This supposed link would make sense.,https://www.cinemablend.com/superheroes/marvel-cinematic-universe/daredevil-born-again-season-3-renewal-rumor-marvel-series-spider-man-brand-new-day,https://cdn.mos.cms.futurecdn.net/3gNuCc2gaLsY8ch89YG4F3.jpg,2025-09-20T16:02:18Z,"We’re still months away from Daredevil: Born Again Season 2 being released to Marvel Cinematic Universe fans with a Disney+ subscription, but earlier this week, it was revealed that Season 3 is also … [+3275 chars]",politics
"{'id': None, 'name': 'Politicalwire.com'}",Taegan Goddard,Pressure Mounts on Disney,"“Disney is under siege from all sides,” NBC News reports. “Within 48 hours of its decision to pull late-night host Jimmy Kimmel off the air indefinitely, the parent company of ABC has once again found",https://politicalwire.com/2025/09/20/pressure-mounts-on-disney/,https://politicalwire.com/wp-content/uploads/2018/02/PW-podcast-logo.jpg,2025-09-20T16:02:17Z,"“There are a lot of blogs and news sites claiming to understand politics, but only a few actually do. Political Wire is one of them.”
 Chuck Todd, host of “Meet the Press”
“Concise. Relevant. To th… [+594 chars]",politics
"{'id': 'usa-today', 'name': 'USA Today'}","Kathryn Palmer, USA TODAY",What is Turning Point USA? What to know about Charlie Kirk’s organization,Charlie Kirk's public memorial service in Arizona will be hosted by the conservative political activist organization he founded more than a decade ago.,https://www.usatoday.com/story/news/politics/2025/09/20/what-is-turning-point-usa-charlie-kirk/86206499007/,https://s.yimg.com/ny/api/res/1.2/aFCxYN_jTtshI23_F840_w--/YXBwaWQ9aGlnaGxhbmRlcjt3PTEyMDA7aD04ODg7Y2Y9d2VicA--/https://media.zenfs.com/en/usa_today_news_641/638c9e4adc40c0d747e1d280497b56f5,2025-09-20T16:01:17Z,"The public memorial service for Charlie Kirk on Sunday, Sept. 21 is expected to not only pay homage to the late conservative firebrand's life, but his political activism as well.
The organization he… [+5485 chars]",politics
"{'id': 'cbs-news', 'name': 'CBS News'}",Joe  Walsh,Charlie Kirk memorial service to honor the conservative activist Sunday,"A memorial service for conservative activist Charlie Kirk is set to feature President Trump, Vice President JD Vance, Erika Kirk and others on Sunday at State Farm Stadium in Arizona.",https://www.cbsnews.com/news/charlie-kirk-memorial-service-how-to-watch/,https://assets1.cbsnewsstatic.com/hub/i/r/2025/09/19/b6eea2fb-7d9d-4edd-9896-3f2cd9f4467e/thumbnail/1200x630g8/e47baedc630297b4f030878b503d8461/ap25261057265217.jpg,2025-09-20T16:00:11Z,"A memorial service for conservative activist Charlie Kirk in Arizona on Sunday is set to feature President Trump, Kirk's widow, Erika Kirk, and more than half a dozen top Trump administration figures… [+5975 chars]",politics
"{'id': None, 'name': 'Daily Signal'}",Victor Davis Hanson,The Murder of Charlie Kirk Was Not a George Floyd Moment,"Just days after the assassination of Charlie Kirk, the Left is working overtime to hide the truth and create fantasies about his death. Specifically, leftists... Read More
The post The Murder of Charlie Kirk Was Not a George Floyd Moment appeared first on The…",https://www.dailysignal.com/2025/09/20/murder-charlie-kirk-was-not-george-floyd-moment/,https://www.dailysignal.com/wp-content/uploads/2025/09/GettyImages-2234137062.jpgRS_-scaled.jpg,2025-09-20T16:00:00Z,"Just days after the assassination of Charlie Kirk, the Left is working overtime to hide the truth and create fantasies about his death.
Specifically, leftists alleged that conservatives were going t… [+4838 chars]",politics
"{'id': None, 'name': 'Jezebel'}",Claire Guinan,JD Vance Is Full of Hot Air,"Since 2007, Jezebel has been the Internet's most treasured source for everything celebrities, sex, and politics...with teeth.",https://www.jezebel.com/jd-vance-is-full-of-hot-air,https://img.pastemagazine.com/wp-content/juploads/2025/09/beachballreal.jpg,2025-09-20T15:57:59Z,"Trumps second state visit to Britain got off to a rocky start Tuesday night, when images of him alongside Jeffrey Epstein were projected onto the walls of Windsor Castle, and it only went downhill fr… [+2992 chars]",politics
"{'id': 'the-irish-times', 'name': 'The Irish Times'}",Freya McClements,"DUP leader rounds on Republic’s ‘intolerance of Protestant culture’, dismisses Irish unity",Members of Burke family protest outside party’s annual conference in Belfast,https://www.irishtimes.com/politics/2025/09/20/dup-leader-rounds-on-republics-intolerance-of-protestant-culture-dismisses-irish-unity/,https://www.irishtimes.com/resizer/v2/YC3YTYQENUZUOVGRRIRRHI3JZU.jpg?smart=true&auth=7e8dcf14293f1ab52aa869e0378f5018f8f73d3540907059e0aeca8d33874c14&width=1200&height=630,2025-09-20T15:57:41Z,"Gavin Robinson, the leader of the Democratic Unionist Party, told its annual conference how a united Ireland was not inevitable and would not happen in his lifetime. 
Mr Robinson said in no circumst… [+3669 chars]",politics
"{'id': None, 'name': 'LADbible'}",Olivia Burke,Charlie Kirk's close friend Candace Owens reveals what she thinks of Jimmy Kimmel's comments about his death,Political commentator Candace Owens shared her support for Jimmy Kimmel after his late-night show was cancelled over his comments about Charlie Kirk.,https://www.ladbible.com/news/us-news/charlie-kirk-jimmy-kimmel-candace-owens-reacts-free-speech-405225-20250920,https://images.ladbible.com/ogimage/v3/assets/bltcd74acc1d0a99f3a/blt306f1e8b3a0c04ec/68cecafce410d219bb6dc04c/candice-owens-charlie-kirk-friendship.jpg,2025-09-20T15:53:36Z,"Candace Owens has shared her thoughts on the 'indefinite' cancellation of Jimmy Kimmel's late-night show in wake of his comments about Charlie Kirk.
Despite declaring she 'does not like' the comedia… [+4141 chars]",politics
"{'id': None, 'name': 'Kami.com.ph'}",Triz Pereña,Ogie Diaz tells Sept. 21 protesters: “Wag n’yo nang hilinging patalsikin ang Pangulo”,"Ogie Diaz urged Sept. 21 protesters to set aside ouster calls and instead unite in the fight against corruption, stressing collective action for reform.",https://kami.com.ph/entertainment/179536-ogie-diaz-tells-sept-21-protesters-wag-nyo-nang-hilinging-patalsikin-ang-pangulo/,https://cdn.kami.com.ph/images/1200x675/95910f115d740c81.jpeg?v=1,2025-09-20T15:39:30Z,"<ul><li>Ogie Diaz, ahead of the September 21 protest, urged participants to focus on corruption instead of ouster calls</li><li>He emphasized that collective action against corruption would be more p… [+3692 chars]",politics
"{'id': None, 'name': 'Liveandletsfly.com'}",Live and Let’s Fly,"Charlie Kirk, Free Speech, And The Reckoning Of Words","“But I tell you that every careless word that people speak, they shall give an accounting for it in the day of judgment.” — Matthew 12:36 Charlie Kirk, Free Speech, And The Hard Work Of Civil Discourse Charlie Kirk’s assassination was a moral horror. Full sto…",https://liveandletsfly.com/charlie-kirk/,https://liveandletsfly.com/wp-content/uploads/2025/09/Charlie-Kirk.jpg,2025-09-20T15:39:22Z,"But I tell you that every careless word that people speak, they shall give an accounting for it in the day of judgment. Matthew 12:36
Charlie Kirks assassination was a moral horror. Full stop. I mou… [+5211 chars]",politics
"{'id': 'newsweek', 'name': 'Newsweek'}",Brendan Cole,Matthew McConaughey On His Teenage Abduction: 'I've Never Felt As Helpless',The Oscar-winning actor told The Guardian he was lucky to emerge from the traumatic incident alive.,https://www.newsweek.com/matthew-mcconaughey-abduction-book-hollywood-2132997,https://d.newsweek.com/en/full/2726620/matthew-mcconaughey.jpg,2025-09-20T15:37:11Z,"Matthew McConaughey has described how he was lucky to survive an abduction when he was teenager.
The Oscar-winning actor, 55, referred to the incident in his 2020 book in which he wrote how he had b… [+2742 chars]",politics
"{'id': None, 'name': 'Daily Norseman'}",Mark P,Minnesota Vikings News and Links: Next Man Up,"Going to be a really interesting game tomorrow. I am hoping for the best and that Carson Wentz does reasonably well. If Joshua Dobbs can play well in only three days prep time, I expect Wentz do to just as well if not better. Note: Any links provided may or m…",https://www.dailynorseman.com/minnesota-vikings-2025-season/90966/minnesota-vikings-news-and-links-next-man-up,https://platform.dailynorseman.com/wp-content/uploads/sites/72/2025/09/gettyimages-2168296678.jpg?quality=90&strip=all&crop=0%2C10.732984293194%2C100%2C78.534031413613&w=1200,2025-09-20T15:36:38Z,"Going to be a really interesting game tomorrow. I am hoping for the best and that Carson Wentz does reasonably well. If Joshua Dobbs can play well in only three days prep time, I expect Wentz do to j… [+14396 chars]",politics
"{'id': None, 'name': 'The Daily Progress'}",DAVID VELAZQUEZ The Daily Progress,Spanberger calls for changes to college boards after UVa's shows 'weakness',Abigail Spanberger says Virginia needs to change how the governor appoints members to college boards — a hot topic in the state that has landed the current governor in court.,https://dailyprogress.com/news/local/government-politics/elections/article_67f49074-9aaf-48f6-9dc3-f74aaf7a87ac.html,https://bloximages.newyork1.vip.townnews.com/roanoke.com/content/tncms/assets/v3/editorial/7/3b/73b69eb2-5295-5f38-92f8-f4de09ee80a8/68ceccb55460e.preview.jpg?crop=1738%2C912%2C0%2C139&resize=1200%2C630&order=crop%2Cresize,2025-09-20T15:30:00Z,"CHARLOTTESVILLE Abigail Spanberger is calling for changes to how Virginias college boards are filled and who represents those colleges interests in court.
The former 7th District representative and … [+6843 chars]",politics
"{'id': 'the-times-of-india', 'name': 'The Times of India'}",ANI,"No confusion, almost finalised: Tejashwi Yadav on seat sharing ahead of Bihar assembly polls","Tejashwi Yadav signals Mahagathbandhan seat-sharing is almost done. Announcements are coming soon. He accuses the Election Commission of BJP bias. Yadav promises to prevent dishonesty in upcoming elections. He aims for development-focused politics, not caste …",https://economictimes.indiatimes.com/news/elections/assembly-elections/bihar/no-confusion-almost-finalised-tejashwi-yadav-on-seat-sharing-ahead-of-bihar-assembly-polls/articleshow/124017471.cms,"https://img.etimg.com/thumb/msid-124017487,width-1200,height-630,imgsize-52412,overlay-economictimes/articleshow.jpg",2025-09-20T15:29:40Z,"Vaishali (Bihar) [India], September 20 (ANI): Leader of Opposition in Bihar and Rashtriya Janata Dal (RJD) leader Tejashwi Yadav on Saturday indicated that seat-sharing talks are nearing finalisation… [+3203 chars]",politics
"{'id': None, 'name': 'New York Post'}",Rich Calder,"Q & A: NYC Mayor Eric Adams calls Jews his secret weapon in longshot re-election bid, dubs Mamdani a phony",Mayor Eric Adams has plenty to say during a wide-ranging interview at Gracie Mansion this week with The Post's Rich Calder -- including his predication that a groundswell of support from Jewish voters will help his score an upset victory in November's general…,https://nypost.com/2025/09/20/us-news/q-amp-a-nyc-mayor-eric-adams-calls-jews-his-secret-weapon-in-longshot-re-election-bid-dubs-mamdani-a-phony/,https://nypost.com/wp-content/uploads/sites/2/2025/09/111681693.jpg?quality=75&strip=all&w=1024,2025-09-20T15:22:28Z,"The Jewish vote will be NYC Mayor Eric Adams secret weapon to become the ‘Chosen’ candidate and pull off an upset victory in November   despite a new poll indicating otherwise, Hizzoner predicted in … [+14985 chars]",politics
"{'id': None, 'name': 'Curlynikki.com'}",curlynikki,Black Hair Joy in 2025 : Embracing Our Beauty and Power,"Black Hair Joy in 2025 : Embracing Our Beauty and Power Why Our Hair Still Leads the Culture by Danielle Cox for CurlyNikki.com If you judge me because of my wondrous hair, if you are critical of the way my hair naturally grows from my glorious scalp, you are…",https://www.curlynikki.com/black-hair-joy-in-2025-embracing-our-beauty-and-power.html,https://www.curlynikki.com/wp-content/uploads/2025/09/black-hair.jpg,2025-09-20T15:20:11Z,"Facebook TwitterPinterestLinkedInEmail
Black Hair Joy in 2025 : Embracing Our Beauty and Power
Why Our Hair Still Leads the Culture
by Danielle Cox for CurlyNikki.com
 If you judge me because of … [+5635 chars]",politics
"{'id': 'the-times-of-india', 'name': 'The Times of India'}",Global Desk,UnitedHealthcare CEO Brian Thompson: No death penalty for Luigi Mangione? Here are latest developments,Luigi Mangione saw terrorism charges removed from the state murder case in the killing of UnitedHealthcare CEO Brian Thompson.,https://economictimes.indiatimes.com/news/international/us/unitedhealthcare-ceo-brian-thompson-no-death-penalty-for-luigi-mangione-here-are-latest-developments/articleshow/124017324.cms,"https://img.etimg.com/thumb/msid-124017349,width-1200,height-630,imgsize-120632,overlay-economictimes/articleshow.jpg",2025-09-20T15:14:53Z,"Luigi Mangiones lawyers urged a judge on Saturday to bar federal prosecutors from seeking the death penalty in the killing of UnitedHealthcare CEO Brian Thompson, arguing that authorities prejudiced … [+4471 chars]",politics
"{'id': 'rt', 'name': 'RT'}",RT,History’s toughest ship: Meet the world’s first Arctic icebreaker that sailed from empire to nuclear age,"The Yermak outlasted czars, commissars, and world wars. Its final enemy wasn’t ice – it was bureaucracy Read Full Article at RT.com",https://www.rt.com/russia/624692-historys-toughest-ship-meet-yermak/,https://mf.b37mrtl.ru/files/2025.09/article/68c8366f85f54058ef4c661d.jpg,2025-09-20T15:10:41Z,"Few ships in history lived as long and saw as much as the icebreaker Yermak. The first true Arctic icebreaker, it entered service under the Russian Empire, endured the storms of revolution and world … [+11786 chars]",politics
"{'id': 'fortune', 'name': 'Fortune'}",Nick Lichtenberg,"Meet the millennial managers ‘stuck between a rock and a hard place’: they’re taking ‘sanity days,’ dodging layoffs and trying to stay out of the ER","The “cool boss” with boundary issues is now probably your manager, and probably didn't get much training. Millennials told Fortune they’re struggling to figure it out.",https://fortune.com/2025/09/20/meet-millennial-managers-stress-burnout-layoffs-training-mentorship/,"https://fortune.com/img-assets/wp-content/uploads/2025/09/GettyImages-2222043486-e1758378718606.jpg?resize=1200,600",2025-09-20T15:05:48Z,"I ended up in the ER, says a senior communications director in his late 30s who works in the public sector, describing waking from a nightmare with chest pains, pins and needles in his left arm, and … [+14306 chars]",politics
"{'id': None, 'name': 'New York Post'}",Post readers,"Remembering Robert Redford and more: Letters to the Editor — Sept. 21, 2025",NY Post reader discuss Robert Redford's passing and more.,https://nypost.com/2025/09/20/opinion/remembering-robert-redford-and-more-letters/,https://nypost.com/wp-content/uploads/sites/2/2025/09/GettyImages-699021509-e1758314684243.jpg?quality=75&strip=all&w=1024,2025-09-20T14:53:28Z,"With the recent passing of Robert Redford, Butch and the Sundance Kid are at last reunited in that eternal rodeo in the sky (Redford dead at 89, Sept. 17).
Farewell, hail-fellows see you again at th… [+3047 chars]",politics
"{'id': None, 'name': 'Mediatakeout.com'}",Iyanna Muhammad,Nearly 100 Democrats Approve Resolution Honoring Charlie Kirk,House Dem Leaders To Back GOP Resolution Praising Charlie Kirk … But Many Feel TRAPPED By The Vote Media Take Out has learned that House Democratic leaders plan to vote in favor of a Republican resolution that both condemns political violence and praises the …,https://mediatakeout.com/nearly-100-democrats-approve-resolution-honoring-charlie-kirk/,https://mediatakeout.com/wp-content/uploads/2025/09/gettyimages-1052639224-612x612-1.jpg,2025-09-20T14:50:27Z,Media Take Out has learned that House Democratic leaders plan to vote in favor of a Republican resolution that both condemns political violence and praises the late conservative activist Charlie Kirk… [+2273 chars],politics
"{'id': None, 'name': 'Gossiplankanews.com'}",noreply@blogger.com (Unknown),Trump’s Billion-Dollar Arms Tango With Israel,"Donald Trump is back in the headlines, and this time it’s not about rallies or reality TV swagger. Word in Washington is that he’s pushing a mega $6 billion arms deal to Israel — and of course, he’s doing it in the only way Trump knows how: loud, dramatic, an…",https://english.gossiplankanews.com/2025/09/trumps-billion-dollar-arms-tango-with.html,https://blogger.googleusercontent.com/img/a/AVvXsEjp63666lHRfZwSALJaCA2LtQ-SW3hNLFdVq1BbTsdDFwMpPKBwHRnUEZtvqJSIeDr2qoNw2GQNR7ZexswgOKIyrI6DlWuO6h8EnsTSvttdcfHvZa-GvCkwLHj97r_AaRYN7s_gm6g5LBbCghCX1ZXX605J8zLgEeelPPtqwRaSb-JaYPvzYVGHCOnBBlhF=w1600,2025-09-20T14:50:00Z,"Donald Trump is back in the headlines, and this time it’s not about rallies or reality TV swagger. Word in Washington is that he’s pushing a mega $6 billion arms deal to Israel — and of course, he’s … [+1895 chars]",politics
"{'id': None, 'name': 'HuffPost'}",AP,Luigi Mangione's Lawyers Want Death Penalty Off The Table In CEO Murder Case,Authorities have been accused of prejudicing Mangione's case by turning his arrest into a “Marvel movie” spectacle.,https://www.huffpost.com/entry/luigi-mangione-death-penalty-murder-case_n_68ceb9aae4b0d0f3ddb512b1,https://img.huffingtonpost.com/asset/68ceba92180000964f5cfb4e.jpeg?ops=1200_630,2025-09-20T14:41:59Z,"NEW YORK (AP) Luigi Mangiones lawyers urged a judge on Saturday to bar federal prosecutors from seeking the death penalty in the killing of UnitedHealthcare CEO Brian Thompson, arguing that authoriti… [+5833 chars]",politics
"{'id': 'newsweek', 'name': 'Newsweek'}",Nick Mordowanec,Families of Americans Imprisoned in China on New Bill—'They Heard Us',"""Time is of the essence, and we cannot wait any longer,"" Republican Rep. Chris Smith said about his legislation helping release detained Americans in China.",https://www.newsweek.com/china-american-prisoners-detained-congress-wells-hunt-2132808,https://d.newsweek.com/en/full/2726390/families-americans-imprisoned-china-speak.jpg,2025-09-20T14:40:01Z,"A congressman has introduced legislation honoring American prisoners Nelson Wells, Jr., and Dawn Michelle Hunt, each of whom has been locked up in Chinese prisons for over a decade, and urging their … [+8582 chars]",politics
"{'id': None, 'name': 'WLKY Louisville'}",Jennifer Osting,"Veteran, ex-CIA officer enters race for Mitch McConnell's long-held Senate seat","Joel Willett, a military veteran, former CIA officer and Louisville native, has entered the race for U.S. Senate, with his eyes set on Sen. Mitch McConnell's long-held seat.",https://www.wlky.com/article/mitch-mcconnell-senate-joel-willett-louisville/67977158,"https://kubrick.htvapps.com/htv-prod-media.s3.amazonaws.com/images/ap268ceb28220a01.jpg?crop=1.00xw:0.846xh;0,0.0488xh&resize=1200:*",2025-09-20T14:38:26Z,"LOUISVILLE, Ky. —Joel Willett, a military veteran, former CIA officer and Louisville native, has entered the race for U.S. Senate, with his eyes set on Sen. Mitch McConnell's long-held seat. 
In a v… [+1564 chars]",politics
"{'id': None, 'name': 'POLITICO.eu'}",Shawn Pogatchnik,Sinn Féin won’t compete in Ireland’s presidential race,The Irish republicans’ decision keeps the field clear on the opposition left for Galway socialist Catherine Connolly.,https://www.politico.eu/article/sinn-fein-not-compete-ireland-presidential-election/,"https://www.politico.eu/cdn-cgi/image/width=1200,height=630,fit=crop,quality=80,onerror=redirect/wp-content/uploads/2025/09/20/GettyImages-2235732260-scaled.jpg",2025-09-20T14:24:02Z,"McDonald said Sinn Féins ruling executive had decided they didnt want to split the anti-establishment vote by running their own candidate in competition with Connolly.
She said Connolly was well pla… [+1299 chars]",politics
"{'id': None, 'name': 'Screen Rant'}",El Kuiper,Gen V Season 2 Divides Critics And Audiences On Rotten Tomatoes,"Season 2 of The Boys' college-set spinoff, Gen V, has debuted with a solid Rotten Tomatoes critics' score and a less-than-solid audience score.",https://screenrant.com/gen-v-season-2-rotten-tomatoes-critics-audience-score-divide/,https://static0.srcdn.com/wordpress/wp-content/uploads/2025/09/gen-v-season-2_5.jpg?w=1600&h=900&fit=crop,2025-09-20T14:23:30Z,"Gen V season 2 has divided audiences and critics following its three-episode premiere, despite its close connection to Prime Video's flagship show, The Boys. Set between the events of The Boys season… [+3157 chars]",politics
"{'id': None, 'name': 'The-independent.com'}",Inga Parkel,Starbucks throws barista who ‘refused’ to write Charlie Kirk’s name under the bus with policy statement,Popular coffee chain said it has ‘no restrictions on customers using Charlie Kirk’s name on their order’,https://www.the-independent.com/life-style/charlie-kirk-starbucks-order-barista-mint-majesty-tea-b2830458.html,"https://static.the-independent.com/2025/09/18/16/21/Charlie-Kirk.png?trim=0,7,0,7&width=1200&height=800&crop=1200:800",2025-09-20T14:16:18Z,"Your support helps us to tell the story
From reproductive rights to climate change to Big Tech, The Independent is on the ground when the story is developing. Whether it's investigating the financia… [+4381 chars]",politics
"{'id': None, 'name': 'Freerepublic.com'}",Newsbusters,New Yorker: 'Charlie Kirk and Tyler Robinson Came from the Same Warped Online Worlds',The New Yorker magazine used to be a showcase for great writers. That was many years ago. More recently it has become a cesspool of mediocre writers striving with great urgency to promote their leftist agendas. And the latest such example of a New Yorker writ…,https://freerepublic.com/focus/f-news/4341714/posts,,2025-09-20T14:13:58Z,"Skip to comments.
New Yorker: 'Charlie Kirk and Tyler Robinson Came from the Same Warped Online Worlds'Newsbusters ^
 | September 19, 2025
 | P.J. Gladnick
Posted on 09/20/2025 7:13:58 AM PDT by … [+3384 chars]",politics
"{'id': None, 'name': 'Substack.com'}",James Marriott,The dawn of the post-literate society – and the end of civilisation,And the end of civilisation,https://jmarriott.substack.com/p/the-dawn-of-the-post-literate-society-aa1,"https://substackcdn.com/image/fetch/$s_!k_mw!,w_1200,h_600,c_fill,f_jpg,q_auto:good,fl_progressive:steep,g_auto/https%3A%2F%2Fsubstack-post-media.s3.amazonaws.com%2Fpublic%2Fimages%2F3d285455-461b-44ac-ae33-79fc301d4d5a_500x310.jpeg",2025-09-20T14:06:44Z,"What Orwell feared were those who would ban books. What Huxley feared was that there would be no reason to ban a book because there would be no one who wanted to read one. 
 Neil Postman, Amusing Ou… [+29672 chars]",politics
"{'id': None, 'name': 'Tistory.com'}",T.B,한국 근자감 무엇?,"President Donald Trump said that his Chinese counterpart Xi Jinping had given approval to a sale of TikTok’s US operations to American investors, though he acknowledged that some final steps still need to be worked out https://t.co/GgzqRq3UjY pic.twitter.com/…",https://ryueyes11.tistory.com/511878,https://img1.daumcdn.net/thumb/R800x0/?scode=mtistory2&fname=https%3A%2F%2Fblog.kakaocdn.net%2Fdna%2FbWkELb%2FbtsQGXFMqV9%2FAAAAAAAAAAAAAAAAAAAAANvFezyYsYJukPK7OZr4s8z30QVDhPYXCBkPZ3wx2pr4%2Fimg.jpg%3Fcredential%3DyqXZFxpELC7KVnFOS48ylbz2pIh7yKj8%26expires%3D1759244399%26allow_ip%3D%26allow_referer%3D%26signature%3DJXvmM6V3MTKN3SOmnGmA08Cdxr0%253D,2025-09-20T14:05:06Z,"President Donald Trump said that his Chinese counterpart Xi Jinping had given approval to a sale of TikTok’s US operations to American investors, though he acknowledged that some final steps still ne… [+11499 chars]",politics
"{'id': None, 'name': 'Bringatrailer.com'}",bringatrailer,2011 Mercedes-Benz GL450 4MATIC at No Reserve,"This 2011 Mercedes-Benz GL450 is finished in black over black MB-Tex and is powered by a 4.7-liter V8 linked with a seven-speed automatic transmission and a 4MATIC all-wheel-drive system. Features include 20"" twin five-spoke wheels, Airmatic air suspension, d…",https://bringatrailer.com/listing/2011-mercedes-benz-gl450-14/,https://bringatrailer.com/wp-content/uploads/2025/08/2011_mercedes-benz_gl450_20250821_151106-resized-42448.jpg,2025-09-20T20:30:02Z,This 2011 Mercedes-Benz GL450 is finished in black over black MB-Tex and is powered by a 4.7-liter V8 linked with a seven-speed automatic transmission and a 4MATIC all-wheel-drive system. Features in… [+1967 chars],climate
"{'id': 'newsweek', 'name': 'Newsweek'}",Mandy Taheri,Newsom Signs Bills Protecting Immigrants After Warning 'Bad Day' for Noem,California Governor Gavin Newsom signed five bills seeking to protect immigrants into law on Saturday.,https://www.newsweek.com/newsom-signs-bills-protecting-immigrants-after-warning-bad-day-noem-2133093,https://d.newsweek.com/en/full/2726738/gavin-newsom.jpg,2025-09-20T20:16:15Z,"California Governor Gavin Newsom on Saturday signed a package of legislation aimed at protecting immigrant communities and calling for Immigration and Customs Enforcement (ICE) agents to unmask, hour… [+2857 chars]",climate
"{'id': None, 'name': 'The-independent.com'}",Ellie Muir,Strictly fans express frustration over Thomas Skinner and Amy Dowden pairing,Dowden returned after being unable to compete in last two series of ‘Strictly’,https://www.the-independent.com/arts-entertainment/tv/news/thomas-skinner-strictly-come-dancing-amy-dowden-pairing-launch-b2830506.html,"https://static.the-independent.com/2025/09/20/19/41/Screenshot-2025-09-20-at-20-07-00.png?trim=42,0,43,0&width=1200&height=800&crop=1200:800",2025-09-20T20:10:46Z,"Your support helps us to tell the story
From reproductive rights to climate change to Big Tech, The Independent is on the ground when the story is developing. Whether it's investigating the financia… [+4084 chars]",climate
"{'id': None, 'name': 'Legalinsurrection.com'}",Leslie Eastman,Revolution Wind Developers Apparently Ignored Fed’s Information Requests Related to National Security and Fisheries,"Meanwhile, Connecticut and Rhode Island have filed an injunction to restart the offshore wind project.
The post Revolution Wind Developers Apparently Ignored Fed’s Information Requests Related to National Security and Fisheries first appeared on Le·gal In·sur…",https://legalinsurrection.com/2025/09/revolution-wind-developers-apparently-ignored-feds-information-requests-related-to-national-security-and-fisheries/,https://legalinsurrection.com/wp-content/uploads/2023/07/LI-178-Offshore-Wind-Farm.png,2025-09-20T20:00:57Z,"The last time I reported on the Revolution Wind offshore wind farm project, the Trump administration had ordered a halt to its construction of the Revolution Wind project.
This stop-work order came … [+5497 chars]",climate
"{'id': None, 'name': 'Bringatrailer.com'}",bringatrailer,2016 Porsche Macan S,This 2016 Porsche Macan S is finished in Rhodium Silver Metallic over black leather and is powered by a twin-turbocharged 3.0-liter V6 that sends power to all four wheels through a seven-speed PDK dual-clutch automatic transaxle. Equipment includes the Premiu…,https://bringatrailer.com/listing/2016-porsche-macan-s-21/,https://bringatrailer.com/wp-content/uploads/2025/09/2016_porsche_macan-s_img_8880-56451.jpg,2025-09-20T20:00:05Z,This 2016 Porsche Macan S is finished in Rhodium Silver Metallic over black leather and is powered by a twin-turbocharged 3.0-liter V6 that sends power to all four wheels through a seven-speed PDK du… [+2290 chars],climate
"{'id': None, 'name': 'Hackaday'}",Maya Posch,Venus Climate Orbiter Akatsuki’s Mission Has Ended,"Japan’s Venus Climate Orbiter Akatsuki was launched on May 21, 2010, and started its active mission in 2015 after an initial orbital insertion failure. Since that time, Akatsuki has continuously observed …read more",https://hackaday.com/2025/09/20/venus-climate-orbiter-akatsukis-mission-has-ended/,https://hackaday.com/wp-content/uploads/2025/09/akatsuki_feat.jpg,2025-09-20T20:00:00Z,"Japan’s Venus Climate Orbiter Akatsuki was launched on May 21, 2010, and started its active mission in 2015 after an initial orbital insertion failure. Since that time, Akatsuki has continuously obse… [+1384 chars]",climate
"{'id': None, 'name': 'Bringatrailer.com'}",bringatrailer,39k-Mile 2001 Porsche Boxster S at No Reserve,"This 2001 Porsche Boxster S is powered by a 3.2-liter flat-six paired with a five-speed Tiptronic automatic transaxle and is finished in Arctic Silver Metallic over Black leather. Equipment includes 18″ Turbo-look wheels, heated seats, cruise control, a hi-fi…",https://bringatrailer.com/listing/2001-porsche-boxster-s-188/,https://bringatrailer.com/wp-content/uploads/2025/08/2001_porsche_boxster-s_boxster-s-1662-44-of-218-40528.jpg,2025-09-20T19:40:13Z,This 2001 Porsche Boxster S is powered by a 3.2-liter flat-six paired with a five-speed Tiptronic automatic transaxle and is finished in Arctic Silver Metallic over Black leather. Equipment includes … [+2692 chars],climate
"{'id': None, 'name': 'Bringatrailer.com'}",bringatrailer,2008 Toyota 4Runner Sport Edition 4×4 at No Reserve,"This 2008 Toyota 4Runner Sport Edition was purchased by the seller as a Toyota Certified Used example in May 2012, and they have since added 134k of the 158k indicated miles while registering it in Illinois. Finished in Galactic Gray Mica over Dark Charcoal c…",https://bringatrailer.com/listing/2008-toyota-4runner-29/,https://bringatrailer.com/wp-content/uploads/2025/09/2008_toyota_4runner_3-70977.jpg,2025-09-20T19:30:15Z,"This 2008 Toyota 4Runner Sport Edition was purchased by the seller as a Toyota Certified Used example in May 2012, and they have since added 134k of the 158k indicated miles while registering it in I… [+2249 chars]",climate
"{'id': None, 'name': 'Yanko Design'}",Ida Torres,"Seaweed-based olive-oil pipettes is sustainable, healthy living","Seaweed-based olive-oil pipettes is sustainable, healthy livingThe Notpla Pipette is a single‑serve, 10 ml dispenser made from a biodegradable material derived entirely from seaweed. The flexible, paper‑like tube holds extra‑virgin olive oil...",https://www.yankodesign.com/2025/09/20/seaweed-based-olive-oil-pipettes-is-sustainable-healthy-living/,https://www.yankodesign.com/images/design_news/2025/09/seaweed-based-olive-oil-pipettes-is-sustainable-healthy-living/notpla-00.jpg,2025-09-20T19:15:58Z,"The Notpla Pipette is a singleserve, 10ml dispenser made from a biodegradable material derived entirely from seaweed. The flexible, paperlike tube holds extravirgin olive oil or other liquid flavors … [+3016 chars]",climate
"{'id': None, 'name': 'Jalopnik'}",staff@jalopnik.com (Ryan Erik King),"Michelin Put 40,000 Miles On An E36 BMW M3 Lightweight To Improve Its Tires","Michelin bought this M3 Lightweight used in 2000 with roughly 10,000 miles on the odometer and it has been used for tire testing and driver training ever since.",https://www.jalopnik.com/1972839/michelin-e36-bmw-m3-lightweight-tire-test-car/,https://www.jalopnik.com/img/gallery/michelin-put-40000-miles-on-an-e36-bmw-m3-lightweight-to-improve-its-tires/l-intro-1758298150.jpg,2025-09-20T19:05:00Z,"The owners of rare cars are often derided for letting their prized possessions sit on display in climate-controlled garages to collect dust. However, there are a few examples of exclusive performance… [+1557 chars]",climate
"{'id': None, 'name': 'Bringatrailer.com'}",bringatrailer,5k-Mile Original-Owner 2002 Ford Thunderbird,"This 2002 Ford Thunderbird was purchased new by the current owner, showing 5k miles on the odometer. The car is finished in Thunderbird Blue over black and Thunderbird Blue leather and is powered by a 3.9-liter V8 paired with a five-speed automatic transmissi…",https://bringatrailer.com/listing/2002-ford-thunderbird-322/,https://bringatrailer.com/wp-content/uploads/2025/09/2002_ford_thunderbird_img_4470-36515.jpeg,2025-09-20T18:55:02Z,"This 2002 Ford Thunderbird was purchased new by the current owner, showing 5k miles on the odometer. The car is finished in Thunderbird Blue over black and Thunderbird Blue leather and is powered by … [+2683 chars]",climate
"{'id': None, 'name': 'Bringatrailer.com'}",bringatrailer,2020 Porsche 718 Cayman GT4 6-Speed,"This 2020 Porsche 718 Cayman GT4 has 7k miles and has been fitted with a roll cage, Schroth driver's seat racing harnesses, a Softronic ECU tune, and Soul Performance components consisting of Competition headers, over-axle pipes, and a valved exhaust system. …",https://bringatrailer.com/listing/2020-porsche-718-cayman-gt4-35/,https://bringatrailer.com/wp-content/uploads/2025/09/2020_porsche_718-cayman-gt4_img_0824-77580.jpg,2025-09-20T18:52:20Z,"This 2020 Porsche 718 Cayman GT4 has 7k miles and has been fitted with a roll cage, Schroth driver’s seat racing harnesses, a Softronic ECU tune, and Soul Performance components consisting of Competi… [+2760 chars]",climate
"{'id': None, 'name': 'Bringatrailer.com'}",bringatrailer,19k-Mile 1990 Nissan 300ZX Twin Turbo 5-Speed at No Reserve,This 1990 Nissan 300ZX Twin Turbo is a Yellow Pearlglow over Charcoal leather example that was acquired by the seller on BaT in October 2024 and now shows 19k miles. It is powered by a twin-turbocharged 3.0-liter V6 paired with a five-speed manual transmissio…,https://bringatrailer.com/listing/1990-nissan-300zx-twin-turbo-161/,https://bringatrailer.com/wp-content/uploads/2025/09/1990_nissan_300zx-twin-turbo_img_7157-56075.jpeg,2025-09-20T18:50:09Z,This 1990 Nissan 300ZX Twin Turbo is a Yellow Pearlglow over Charcoal leather example that was acquired by the seller on BaT in October 2024 and now shows 19k miles. It is powered by a twin-turbochar… [+2424 chars],climate
"{'id': None, 'name': 'Bringatrailer.com'}",bringatrailer,1997 Toyota Land Cruiser FZJ80,"This 1997 Toyota Land Cruiser spent time in New York and New Jersey before relocating to California, and was purchased by the seller in 2025 and shows 142k miles. Finished in Desert Dune Pearl and Moonglow over Oak leather upholstery, the truck is powered by …",https://bringatrailer.com/listing/1997-toyota-land-cruiser-fzj80-224/,https://bringatrailer.com/wp-content/uploads/2025/08/1997_toyota_land-cruiser-fzj80_img_5866-34206.jpeg,2025-09-20T18:48:51Z,"This 1997 Toyota Land Cruiser spent time in New York and New Jersey before relocating to California, and was purchased by the seller in 2025 and shows 142k miles. Finished in Desert Dune Pearl and Mo… [+2889 chars]",climate
"{'id': None, 'name': 'Bringatrailer.com'}",bringatrailer,Single-Family-Owned 1995 BMW 540i 6-Speed at No Reserve,"This 1995 BMW 540i was purchased new by the seller's father-in-law from Fletcher Motor Company in Fletcher, North Carolina, and it now has 72k miles following registration history in that state. Finished in Bright Red over black leather upholstery, the car is…",https://bringatrailer.com/listing/1995-bmw-540i-87/,https://bringatrailer.com/wp-content/uploads/2025/09/1995_bmw_540i_1995-bmw-540i-exterior-15-22110.jpeg,2025-09-20T18:47:22Z,"This 1995 BMW 540i was purchased new by the seller’s father-in-law from Fletcher Motor Company in Fletcher, North Carolina, and it now has 72k miles following registration history in that state. Fini… [+2650 chars]",climate
"{'id': None, 'name': 'Bringatrailer.com'}",bringatrailer,80-Mile 2002 Chrysler Prowler,"This 2002 Chrysler Prowler has 80 miles following history with one registered owner, and it is said to have been stored in a climate-controlled environment since new. The car is finished in Prowler Silver over Agate leather and is powered by a 3.5-liter V6 pa…",https://bringatrailer.com/listing/2002-chrysler-prowler-42/,https://bringatrailer.com/wp-content/uploads/2025/08/2002_chrysler_prowler_dsc09919-48645.jpg,2025-09-20T18:45:24Z,"This 2002 Chrysler Prowler has 80 miles following history with one registered owner, and it is said to have been stored in a climate-controlled environment since new. The car is finished in Prowler S… [+1937 chars]",climate
"{'id': None, 'name': 'Bringatrailer.com'}",bringatrailer,36k-Mile 2014 Mercedes-Benz SL550,This 2014 Mercedes-Benz SL550 has remained registered in Texas from new and has 36k miles. It is finished in black over black leather and is powered by a twin-turbocharged 4.7-liter V8 paired with a seven-speed automatic transmission. Equipment includes a pow…,https://bringatrailer.com/listing/2014-mercedes-benz-sl550-22/,https://bringatrailer.com/wp-content/uploads/2025/09/2014_mercedes-benz_sl550_img-20250909-wa0045-19543.jpg,2025-09-20T18:39:35Z,This 2014 Mercedes-Benz SL550 has remained registered in Texas from new and has 36k miles. It is finished in black over black leather and is powered by a twin-turbocharged 4.7-liter V8 paired with a … [+2173 chars],climate
"{'id': None, 'name': 'Benzinga'}",Marc Guberti,These 'Boring' Financial Habits Have Made A Big Difference For People,,https://www.benzinga.com/personal-finance/management/25/09/47778139/these-boring-financial-habits-have-made-a-big-difference-for-people,https://cdn.benzinga.com/files/images/story/2025/09/20/Caller-Seeks-Advice-on-Sons-Financial-In.jpeg?width=1200&height=800&fit=crop,2025-09-20T18:32:39Z,"You don't have to do anything flashy to generate wealth. In fact, most of wealth building revolves around a few boring' financial habits that you implement over a long stretch. Most people with seven… [+3141 chars]",climate
"{'id': None, 'name': 'Skift'}",Sean O'Neill,Certares Founder Greg O’Hara at Skift Global Forum — Full Video,"Travel investor Greg O'Hara discussed Middle East trips, AI impact, and portfolio updates in a wide-ranging interview at Skift Global Forum 2025.",http://skift.com/2025/09/20/certares-founder-greg-ohara-at-skift-global-forum-full-video/,"https://skift.com/wp-content/uploads/2025/09/greg-ohara-at-skift-global-forum-2025.jpg?resize=1024,683",2025-09-20T18:31:40Z,"Key Points
<ul><li>Greg OHara of Certares discussed investment priorities, including a planned acquisition of a European longevity resort and optimism in cruise and longevity tourism.</li><li>He hig… [+993 chars]",climate
"{'id': None, 'name': 'Universe Today'}","Matthew Williams, Matthew Williams (https://www.universetoday.com/authors/houseofwilliams)",Japan's Akatsuki Venus Orbiter Completes its Mission,"The Japan Aerospace Exploration Agency (JAXA) conducted the termination procedure for the Venus Climate Orbiter “Akatsuki” (PLANET-C) starting at 9:00 AM on September 18, 2025 (JST), thereby ending the probe's operations.",https://www.universetoday.com/articles/japans-akatsuki-venus-orbiter-completes-its-mission,https://www.universetoday.com/article_images/akatsuki_main_20250920_171505.jpg,2025-09-20T18:18:30Z,"On May 21st, 2010, the Akatsuki orbiter (""Dawn"" in Japanese) launched from the Tanegashima Space Center atop a H-IIA Launch Vehicle, establishing orbit around Venus in December 2015. In so doing, Aka… [+1959 chars]",climate
"{'id': None, 'name': 'Bringatrailer.com'}",bringatrailer,2018 Jeep Wrangler Rubicon Recon Edition 6-Speed at No Reserve,"This 2018 Jeep Wrangler Rubicon Recon Edition is finished in Rhino over black leather and is powered by a 3.6-liter V6 linked to a six-speed manual transmission, a dual-range transfer case, and Dana 44 axles with Tru-Lok locking differentials. It rides on 17""…",https://bringatrailer.com/listing/2018-jeep-wrangler-jk-series-3/,https://bringatrailer.com/wp-content/uploads/2025/08/2018_jeep_wrangler-jk-series_img_3688-47293.jpeg,2025-09-20T18:10:13Z,"This 2018 Jeep Wrangler Rubicon Recon Edition is finished in Rhino over black leather and is powered by a 3.6-liter V6 linked to a six-speed manual transmission, a dual-range transfer case, and Dana … [+2340 chars]",climate
"{'id': None, 'name': 'Bringatrailer.com'}",bringatrailer,44k-Mile 2005 Mercedes-Benz SL500 Designo Graphite Edition at No Reserve,This 2005 Mercedes-Benz SL500 is a Designo Graphite Edition example that has 44k miles following history in Oregon and Michigan. The car is powered by a 5.0-liter V8 linked to a seven-speed automatic transmission and is finished in Designo Graphite over Desig…,https://bringatrailer.com/listing/2005-mercedes-benz-sl500-187/,https://bringatrailer.com/wp-content/uploads/2025/09/2005_mercedes-benz_sl500_p1132085-15962.jpg,2025-09-20T18:00:52Z,This 2005 Mercedes-Benz SL500 is a Designo Graphite Edition example that has 44k miles following history in Oregon and Michigan. The car is powered by a 5.0-liter V8 linked to a seven-speed automatic… [+2019 chars],climate
"{'id': None, 'name': 'TheJournal.ie'}",Anna Heussaff,"Irish holidays: I've been dozens of places by bus, boat and train - there are pleasures and pitfalls",Novelist Anna Heussaff describes her journeys across Ireland by public transport and the gaps that still need to be addressed.,https://www.thejournal.ie/readme/opinion-public-transport-holidays-ireland-buses-trains-6811594-Sep2025/,https://img2.thejournal.ie/article/6811594/river/?height=400&version=6813172,2025-09-20T18:00:01Z,"IN EARLY SUMMER, I spread a map of Ireland on the table and pondered my plans. Discover new places or revisit old favourites? Historic sites, scenic peninsulas, long sandy beaches? Was there a bus ro… [+8894 chars]",climate
"{'id': None, 'name': 'Bringatrailer.com'}",bringatrailer,2013 Porsche Cayenne Diesel at No Reserve,"This 2013 Porsche Cayenne Diesel has 206k miles following history in Michigan, Arizona, and Florida. It is finished in White over Luxor Beige Standard leather and was ordered with an air suspension with PASM as well as the Premium Plus, Bose Audio, and Walnut…",https://bringatrailer.com/listing/2013-porsche-cayenne-diesel-116/,https://bringatrailer.com/wp-content/uploads/2025/09/2013_porsche_cayenne-diesel_img_4586-41126.jpeg,2025-09-20T17:50:05Z,"This 2013 Porsche Cayenne Diesel has 206k miles following history in Michigan, Arizona, and Florida. It is finished in White over Luxor Beige Standard leather and was ordered with an air suspension w… [+2363 chars]",climate
"{'id': None, 'name': 'ActionNewsJax.com'}",Jake Coyle,"In battles over free speech, comedians are often center stage","In all the stunning things about ABC’s swift removal of Jimmy Kimmel, its longtime late-night host and Oscars-hosting face of the network, perhaps the least surprising was that a comedian was again at the center of a battle over free speech",https://www.actionnewsjax.com/entertainment/battles-over-free/ORDTLL5LIFBAZH76OOCHRIKGJM/,https://cmg-cmg-tv-10050-prod.cdn.arcpublishing.com/resizer/v2/https%3A%2F%2Fcloudfront-us-east-1.images.arcpublishing.com%2Fcmg%2FXNU6K5FGYL5AJQXZQKKC7WDIBU.jpg?auth=8ff059d68c0ab367d17094c12a65154d198924b8b9505bd8579f77842d500068&width=1200&height=630&smart=true,2025-09-20T17:25:46Z,"NEW YORK — (AP) Bassem Youssef, the Egyptian satirist whose ""Daily Show""-like program was canceled after the military seized the once pro-democracy government, watched the suspension of Jimmy Kimmel … [+6298 chars]",climate
"{'id': 'the-times-of-india', 'name': 'The Times of India'}",PTI,"Domain expertise, aptitude guide central government appointments: Top PMO official","P K Mishra highlighted governance reforms prioritizing domain expertise and aptitude in government appointments, fostering a transformative change sustained over a decade. He emphasized India's progress towards 'Viksit Bharat @ 2047', driven by reform and inn…",https://economictimes.indiatimes.com/news/india/domain-expertise-aptitude-guide-central-government-appointments-top-pmo-official/articleshow/124018668.cms,"https://img.etimg.com/thumb/msid-124018766,width-1200,height-630,imgsize-80514,overlay-economictimes/articleshow.jpg",2025-09-20T17:24:24Z,"The government has quietly ushered in reforms in governance and domain expertise, aptitude and reputation now guide appointments across central government and state-run companies, P K Mishra, Princip… [+3708 chars]",climate
"{'id': None, 'name': 'The-independent.com'}",Caitlin Hornik,Almost Famous star Patrick Fugit reveals why he left Hollywood in favor of Texas,Fugit starred as William Miller in the hit 2000 film,https://www.the-independent.com/arts-entertainment/films/news/almost-famous-patrick-fugit-left-hollywood-texas-b2830478.html,https://static.the-independent.com/2025/09/20/15/29/MixCollage-20-Sep-2025-11-15-AM-9274.jpg?width=1200&height=800&crop=1200:800,2025-09-20T17:14:54Z,"Your support helps us to tell the story
From reproductive rights to climate change to Big Tech, The Independent is on the ground when the story is developing. Whether it's investigating the financia… [+3008 chars]",climate
"{'id': 'news-com-au', 'name': 'News.com.au'}",News.com.au,Is this household device linked to Legionnaires’ disease?,What’s the safest way to stay warm and cool without risking my health?,https://www.news.com.au/lifestyle/ask-doctor-zac-could-this-one-household-device-be-doing-more-harm-than-good/news-story/63d2de0d6ffb85ae365a71fc2931428d,https://nypost.com/wp-content/uploads/sites/2/2025/09/111797211.jpg?quality=75&strip=all&w=1024,2025-09-20T17:13:31Z,"QUESTION: Hey Dr Zac, over winter I was cranking up the heater, but someone at work mentioned these reverse cycle heaters/air conditioners, especially older ones, can spread bacteria like legionella.… [+2817 chars]",climate
"{'id': None, 'name': 'BBC News'}",,Junk food ads banned from council property,The policy is focused on sustainability and promoting healthy food and drink.,https://www.bbc.com/news/articles/cy8rr488g7do,https://ichef.bbci.co.uk/news/1024/branded_news/1431/live/8d84b2d0-9641-11f0-9ed9-693309fd1b9f.jpg,2025-09-20T17:09:29Z,"Junk food adverts are being banned on council property in a bid to make the city healthier.
The policy, green-lit by Cardiff council on Friday, is focused on sustainability and promoting healthy foo… [+1836 chars]",climate
"{'id': None, 'name': 'Yahoo Entertainment'}",Madison Troyer,The Breakfast Battle: Convenience Stores Are Taking a Bite Out of Fast-Food Chains' Morning Revenues,"Food-forward convenience stores are becoming a morning staple for a growing number of consumers, market research firm Circana finds. According to the...",https://finance.yahoo.com/news/breakfast-battle-convenience-stores-taking-170147940.html,https://media.zenfs.com/en/Benzinga/6b70bd09f9dfa6d5ca95edfe8fd1f075,2025-09-20T17:01:47Z,"Food-forward convenience stores are becoming a morning staple for a growing number of consumers, market research firm Circana finds.
According to the company's U.S. C-Store Landscape Q2 2025 report,… [+3542 chars]",climate
"{'id': 'nbc-news', 'name': 'NBC News'}",Viola Flowers,"Bright, brief and early: New England's fall foliage may not last long",Leaf-peeping season may be shorter in 2025. Find out how drought is changing New England's fall foliage and where to see peak colors.,https://www.nbcnews.com/science/climate-change/fall-foliage-climate-change-rcna231888,"https://media-cldnry.s-nbcnews.com/image/upload/t_nbcnews-fp-1200-630,f_auto,q_auto:best/rockcms/2025-09/250919-new-england-fall-ch-1538-85921b.jpg",2025-09-20T17:00:41Z,"This fall, New Englands famous foliage show may not last as long as leaf peepers hope. After a summer of drought and erratic rainfall, experts predict the colors will arrive early, burn bright and th… [+4100 chars]",climate
"{'id': None, 'name': 'New Zealand Herald'}",NZ Herald,"Letters: The Govt could do better than spend $3b on attack helicopters, planes",OPINION: Govt has more pressing issues to address.,https://www.nzherald.co.nz/nz/letters-the-govt-could-do-better-than-spend-3b-on-attack-helicopters-planes/LAZYXZQEG5CJZE7TQ4HKLPIXJM/,https://www.nzherald.co.nz/resizer/v2/CS3TVWPILVCSLJZ2WIUWPGZEHA.jpg?auth=eac6b5efee3d7ba67bd5394e33164dea4380405cdd8e832b4992be9038cec619&width=1200&height=675&quality=70&smart=true,2025-09-20T17:00:00Z,"Landlords versus teachers
Cost of secondary teachers pay rise: $300,000 over four years. Cost of landlords interest deductions: $300,000 over four years. You do the maths. 
This coalition values la… [+4760 chars]",climate
"{'id': 'the-times-of-india', 'name': 'The Times of India'}",Dipanjan Roy Chaudhury,"Jaishankar to push multipolarity, tough line on terror at UNGA","External Affairs Minister S Jaishankar will attend the UNGA in New York, addressing the General Debate and holding bilateral meetings, including with US Secretary of State Marco Rubio to discuss trade and H-1B visa fees. He will also launch India's BRICS pres…",https://economictimes.indiatimes.com/news/india/jaishankar-to-push-multipolarity-tough-line-on-terror-at-unga/articleshow/124018312.cms,"https://img.etimg.com/thumb/msid-124018335,width-1200,height-630,imgsize-4888,overlay-economictimes/articleshow.jpg",2025-09-20T16:57:26Z,New Delhi: External Affairs Minister S Jaishankar is set to undertake a major diplomatic outreach on the sidelines of the United Nations General Assembly (UNGA) in New York next week. He will also ad… [+1674 chars],climate
"{'id': None, 'name': 'Laughingsquid.com'}",Lori Dorn,Why Truffles Are the World’s Most Expensive Fungi,"A TED Ed lesson written by Carolyn Bean explains why truffles, the fruit of fungi, is one of the most expensive delicacies in the world.
subscribe to the Laughing Squid Newsletter
The post Why Truffles Are the World’s Most Expensive Fungi was originally publi…",https://laughingsquid.com/truffles-worlds-most-expensive-fungi/,https://laughingsquid.com/wp-content/uploads/2025/09/Truffles-Expensive.jpg,2025-09-20T16:57:08Z,"In an aromatic TED Ed lesson written by Carolyn Bean and directed by Denys Spolitak, narrator Adrian Dannatt explains what truffles are and why this fruit of certain fungi is considered one of the ra… [+309 chars]",climate
"{'id': None, 'name': 'Bringatrailer.com'}",bringatrailer,2001 Lexus LX470,"This 2001 Lexus LX470 is finished in Blue Vapor Metallic over gray leather and powered by a 4.7-liter V8 linked with a four-speed automatic transmission, a dual-range transfer case, and a locking center differential. Equipment includes a power sunroof, 18"" fi…",https://bringatrailer.com/listing/2001-lexus-lx470-41/,https://bringatrailer.com/wp-content/uploads/2025/09/2001_lexus_lx470_lr1a0405-47655.jpg,2025-09-20T16:40:07Z,"This 2001 Lexus LX470 is finished in Blue Vapor Metallic over gray leather and powered by a 4.7-liter V8 linked with a four-speed automatic transmission, a dual-range transfer case, and a locking cen… [+2208 chars]",climate
"{'id': None, 'name': 'Memeorandum.com'}",,"National parks axe signs about climate, slavery and Japanese internment (Jake Spring/Washington Post)","Jake Spring / Washington Post:
National parks axe signs about climate, slavery and Japanese internment  —  The removals come after President Donald Trump issued an executive order in March seeking to remove “improper partisan ideology” from federal institutio…",https://www.memeorandum.com/250920/p39,https://www.washingtonpost.com/wp-apps/imrs.php?src=https://arc-anglerfish-washpost-prod-washpost.s3.amazonaws.com/public/MESRL4ODYFHZNJSBUS4UNP7VUM.jpg&w=1440,2025-09-20T16:40:01Z,"memeorandum is an auto-generated summary of the stories that US political commentators are discussing online right now.
Unlike sister sites Techmeme and Mediagazer, it is not a human-edited news out… [+72 chars]",climate
"{'id': None, 'name': 'Yahoo Entertainment'}",Marc Guberti,These 'Boring' Financial Habits Have Made A Big Difference For People,"You don't have to do anything flashy to generate wealth. In fact, most of wealth building revolves around a few ‘boring' financial habits that you implement ...",https://finance.yahoo.com/news/boring-financial-habits-made-big-163239883.html,https://media.zenfs.com/en/Benzinga/6a998444902cf7f001013223ff7e991b,2025-09-20T16:32:39Z,"You don't have to do anything flashy to generate wealth. In fact, most of wealth building revolves around a few boring' financial habits that you implement over a long stretch. Most people with seven… [+3558 chars]",climate
"{'id': None, 'name': 'Bringatrailer.com'}",bringatrailer,2003 Porsche 911 Turbo Coupe,This 2003 Porsche 911 Turbo coupe has 141k miles following registration history in California since new. It is finished in Basalt Black Metallic over Black Full Supple leather and is powered by a twin-turbocharged 3.6L flat-six that drives all four wheels via…,https://bringatrailer.com/listing/2003-porsche-911-turbo-coupe-96/,https://bringatrailer.com/wp-content/uploads/2025/09/8U1A2872-11516-scaled.jpg,2025-09-20T16:30:22Z,This 2003 Porsche 911 Turbo coupe has 141k miles following registration history in California since new. It is finished in Basalt Black Metallic over Black Full Supple leather and is powered by a twi… [+2230 chars],climate
"{'id': None, 'name': 'DW (English)'}",Timothy Jones,"Germany updates: Protesters rally over climate, abortion","Protests about abortion rights and climate protection are taking place in several German cities. Meanwhile, the famous Oktoberfest kicks off in Munich. DW has the latest from Germany.",https://www.dw.com/en/germany-updates-protesters-rally-over-climate-abortion/live-74072701,https://static.dw.com/image/74076688_6.jpg,2025-09-20T16:26:00Z,"Opponents of liberal abortion laws are to take part in protests entitled ""March for Life"" in the German cities of Berlin and Cologne, with Catholic bishops among those participating in the demonstrat… [+1301 chars]",climate
"{'id': None, 'name': 'LADbible'}",Britt Jones,"Expert issues terrifying warning as he claims Earth is facing a once-in-6,000 year mass extinction","Ben Davidson, founder of Space Weather News, explained how it'll happen",https://www.ladbible.com/news/science/expert-mass-extinction-every-6000-years-warning-polar-shift-596669-20250920,https://images.ladbible.com/ogimage/v3/assets/bltcd74acc1d0a99f3a/blt708c1b84556a78f5/68ced327a5e6ec14d7b27fbb/GettyImages-2132181253.jpg,2025-09-20T16:23:38Z,"If you thought the world was going to continue its merry little spin for the rest of eternity without finding a way to kill us all, youre fat out of luck.
A space weather expert has come along and p… [+2871 chars]",climate
"{'id': None, 'name': 'The-independent.com'}",Kathryn Vann,Halsey says she’s ‘not allowed’ to make a new album yet because of last record’s performance,Singer says her last album ‘didn’t perform the way they thought it was going to’,https://www.the-independent.com/arts-entertainment/music/news/halsey-new-album-record-label-b2830514.html,"https://static.the-independent.com/2025/09/12/7/20/GettyImages-2171436303.jpeg?trim=244,371,335,497&width=1200&height=800&crop=1200:800",2025-09-20T16:22:25Z,"Your support helps us to tell the story
From reproductive rights to climate change to Big Tech, The Independent is on the ground when the story is developing. Whether it's investigating the financia… [+2956 chars]",climate
"{'id': None, 'name': 'Antaranews.com'}","Bayu S, Tegar Nurfitra",Inside Indonesia's fresh economic package for lasting growth,"Under President Prabowo Subianto&rsquo;s leadership, the Indonesian government has introduced a new set of incentives and programs to stimulate economic ...",https://en.antaranews.com/news/381237/inside-indonesias-fresh-economic-package-for-lasting-growth,https://cdn.antaranews.com/cache/1200x800/2025/09/15/WhatsApp-Image-2025-09-15-at-22.20.46_27989386.jpg,2025-09-20T16:16:27Z,"Jakarta (ANTARA) - Under President Prabowo Subianto’s leadership, the Indonesian government has introduced a new set of incentives and programs to stimulate economic growth, reduce unemployment, and … [+5714 chars]",climate
