source,author,title,description,url,urlToImage,publishedAt,content,topic
"{'id': None, 'name': 'iTnews'}",,"Queensland Rail uses SuccessFactors to ""put learning back on the map""",Also embarks on content uplift.,https://www.itnews.com.au/news/queensland-rail-uses-successfactors-to-put-learning-back-on-the-map-620218,https://i.nextmedia.com.au/News/20250911011857_Queensland_Rail.png,2025-09-11T03:15:00Z,"Queensland Rail is four months into using SAP SuccessFactors, with the learning module “put[ting] learning back on the map” in the organisation.
Senior manager of training and development Tim Fuller… [+1445 chars]",technology
"{'id': None, 'name': 'KicksOnFire.com'}",Kicksonfire,Nike Shox Nz White / Sport Red,"The Nike Shox NZ White / Sport Red is a standout sneaker that blends classic athletic performance with unmistakable style. The model’s upper is constructed from premium synthetic leather in a crisp white hue, highlighted by subtle detailing and paneling for a…",https://www.kicksonfire.com/nike-shox-nz-white-sport-red,https://2app.kicksonfire.com/kofapp/upload/events_master_images/ipad_nike-shox-nz-white-sport-red.png,2025-09-11T03:09:43Z,The Nike Shox NZ White / Sport Red is a standout sneaker that blends classic athletic performance with unmistakable style. The models upper is constructed from premium synthetic leather in a crisp wh… [+993 chars],technology
"{'id': None, 'name': 'CNA'}",,Bank of Korea board member says need to cut interest rates more,"SEOUL :A board member of South Korea's central bank said on Thursday interest rates must be reduced to prop up economic growth, while being mindful of financial stability risks. ""There is a need for additional responses to ease downward pressure on economic g…",https://www.channelnewsasia.com/business/bank-korea-board-member-says-need-cut-interest-rates-more-5343586,"https://dam.mediacorp.sg/image/upload/s--jlYdIbth--/c_fill,g_auto,h_676,w_1200/fl_relative,g_south_east,l_mediacorp:cna:watermark:2024-04:reuters_1,w_0.1/f_auto,q_auto/v1/one-cms/core/2025-09-11T030714Z_1_LYNXNPEL8A02J_RTROPTP_3_SOUTHKOREA-ECONOMY-RATES.JPG?itok=LUQur5uF",2025-09-11T03:07:14Z,"SEOUL :A board member of South Korea's central bank said on Thursday interest rates must be reduced to prop up economic growth, while being mindful of financial stability risks. 
""There is a need fo… [+1639 chars]",technology
"{'id': None, 'name': 'HYPEBEAST'}",info@hypebeast.com (Hypebeast),Larry Ellison Dethrones Elon Musk as World’s Richest Person,"SummaryLarry Ellison has surpassed Elon Musk to become the world’s richest personHis fortune, now at $393 billion USD, surged on the back of Oracle’s booming AI cloud businessThis shift signals that the new tech gold rush is in AI infrastructureIn a monumenta…",https://hypebeast.com/2025/9/larry-ellison-worlds-richest-person-surpassing-elon-musk-announcement,https://image-cdn.hypb.st/https%3A%2F%2Fhypebeast.com%2Fimage%2F2025%2F09%2F10%2Flarry-ellison-worlds-richest-person-surpassing-elon-musk-announcement-tw.jpg?w=1080&cbr=1&q=90&fit=max,2025-09-11T03:03:56Z,"Summary
<ul><li>Larry Ellison has surpassed Elon Musk to become the worlds richest person</li><li>His fortune, now at $393 billion USD, surged on the back of Oracles booming AI cloud business</li><l… [+1421 chars]",technology
"{'id': None, 'name': 'KicksOnFire.com'}",Kicksonfire,Nike Shox Nz Black/black,"The Nike Shox NZ Black/Black stands out as a bold icon within Nike’s storied lineup of running-inspired sneakers. This iteration features an all-black colorway, giving it a sleek and versatile appeal that easily transitions from athletic wear to casual street…",https://www.kicksonfire.com/nike-shox-nz-black-black,https://2app.kicksonfire.com/kofapp/upload/events_master_images/ipad_nike-shox-nz-black-black.png,2025-09-11T03:03:33Z,"The Nike Shox NZ Black/Black stands out as a bold icon within Nikes storied lineup of running-inspired sneakers. This iteration features an all-black colorway, giving it a sleek and versatile appeal … [+1106 chars]",technology
"{'id': None, 'name': 'Vladan.fr'}",Vladan SEGET,"VCP-VVF Administrator Study Guide: Objective 4.3 – VVF: Operate, Describe the Cluster Components and Deployment Options of VCF Operations for Logs",Today we'll do another chapter of our VMware Certified Professional – VMware vSphere Foundation Administrator (2V0-16.25) study guide series! We follow the official VMware Blueprint for the exam – VMware vSphere Foundation Administrator (PDF). This section is…,https://www.vladan.fr/vcp-vvf-administrator-study-guide-objective-4-3-vvf-operate-describe-the-cluster-components-and-deployment-options-of-vcf-operations-for-logs/,https://www.vladan.fr/wp-content/uploads/images/3-node-cluster.png,2025-09-11T03:00:59Z,Today we'll do another chapter of our VMware Certified Professional – VMware vSphere Foundation Administrator (2V0-16.25) study guide series! We follow the official VMware Blueprint for the exam VMwa… [+17440 chars],technology
"{'id': None, 'name': 'newsBTC'}",Ronaldo Marquez,SEC Chair Declares ‘Crypto’s Time Has Come’ In Latest Statement – Get The Full Scoop,"Paul Atkins, the newly appointed chair of the US Securities and Exchange Commission (SEC), has boldly declared that “crypto’s time has come,” marking a pivotal moment in the regulator’s approach to digital assets. Atkins Declares End To ‘Weaponization’ Of Reg…",http://www.newsbtc.com/news/sec-chair-declares-cryptos-time-has-come-in-latest-statement-get-the-full-scoop/,https://www.newsbtc.com/wp-content/uploads/2024/06/Screenshot_236.jpg?fit=1306%2C747,2025-09-11T03:00:32Z,"Ronaldo is an experienced crypto enthusiast dedicated to the nascent and ever-evolving industry. With over five years of extensive research and unwavering dedication, he has cultivated a profound int… [+3322 chars]",technology
"{'id': None, 'name': 'BusinessLine'}",BL Kolkata Bureau,"Tega Industries, Apollo Funds plan to buy Molycop in $1.5-billion deal","Tega Industries to acquire Molycop for $1.5 billion, creating a global leader in grinding media for mining industry.",https://www.thehindubusinessline.com/companies/tega-industries-apollo-funds-plan-to-buy-molycop-in-15-billion-deal/article70035280.ece,https://bl-i.thgim.com/public/incoming/c2904g/article68638609.ece/alternates/LANDSCAPE_1200/tega%20industries.jpg,2025-09-11T02:58:47Z,"Tega Industries in consortium with funds managed by affiliates of Apollo, on Wednesday entered into a term sheet to acquire Molycop, a leading global supplier in grinding media for the mining industr… [+3225 chars]",technology
"{'id': None, 'name': 'KicksOnFire.com'}",Kicksonfire,New Balance Fresh Foam 680v8 Waterproof Black / Castlerock,"The New Balance Fresh Foam 680v8 Waterproof in Black/Castlerock offers a compelling blend of comfort and versatility for those seeking reliable footwear in various weather conditions. Designed with modern aesthetics, this running shoe presents a sleek black u…",https://www.kicksonfire.com/new-balance-fresh-foam-680v8-waterproof-black-castlerock,https://2app.kicksonfire.com/kofapp/upload/events_master_images/ipad_new-balance-fresh-foam-680v8-waterproof-black-castlerock.png,2025-09-11T02:55:35Z,The New Balance Fresh Foam 680v8 Waterproof in Black/Castlerock offers a compelling blend of comfort and versatility for those seeking reliable footwear in various weather conditions. Designed with m… [+900 chars],technology
"{'id': None, 'name': 'KicksOnFire.com'}",Kicksonfire,New Balance Fresh Foam Arishi V4 Tiralux Dark Shoreline Blue / Nb Navy,"The New Balance Fresh Foam Arishi v4 Tiralux in the Dark Shoreline Blue and NB Navy colorway offers a stylish blend of performance and everyday comfort. This model features the brand's signature Fresh Foam midsole technology, delivering a responsive, cushione…",https://www.kicksonfire.com/new-balance-fresh-foam-arishi-v4-tiralux-dark-shoreline-blue-nb-navy,https://2app.kicksonfire.com/kofapp/upload/events_master_images/ipad_new-balance-fresh-foam-arishi-v4-tiralux-dark-shoreline-blue-nb-navy.png,2025-09-11T02:54:36Z,The New Balance Fresh Foam Arishi v4 Tiralux in the Dark Shoreline Blue and NB Navy colorway offers a stylish blend of performance and everyday comfort. This model features the brand's signature Fres… [+930 chars],technology
"{'id': None, 'name': 'Yahoo Entertainment'}",Simply Wall St,EROAD Limited's (NZSE:ERD) Intrinsic Value Is Potentially 78% Above Its Share Price,"Key Insights Using the 2 Stage Free Cash Flow to Equity, EROAD fair value estimate is NZ$4.55 Current share price of...",https://finance.yahoo.com/news/eroad-limiteds-nzse-erd-intrinsic-025432860.html,https://media.zenfs.com/en/simply_wall_st__316/2bc7e9c938f83604e86f7ffd61b40d2a,2025-09-11T02:54:32Z,"<ul><li>Using the 2 Stage Free Cash Flow to Equity, EROAD fair value estimate is NZ$4.55
</li><li>Current share price of NZ$2.56 suggests EROAD is potentially 44% undervalued
</li><li> Analyst pric… [+7429 chars]",technology
"{'id': None, 'name': 'KicksOnFire.com'}",Kicksonfire,New Balance Fresh Foam X Kaiha Road White / Mint Flash,"The New Balance Fresh Foam X Kaiha Road in White / Mint Flash delivers a sleek and modern design that appeals to both casual runners and style-conscious individuals. The clean white upper is accented with subtle mint flashes, imparting a fresh, contemporary l…",https://www.kicksonfire.com/new-balance-fresh-foam-x-kaiha-road-white-mint-flash,https://2app.kicksonfire.com/kofapp/upload/events_master_images/ipad_new-balance-fresh-foam-x-kaiha-road-white-mint-flash.png,2025-09-11T02:53:51Z,The New Balance Fresh Foam X Kaiha Road in White / Mint Flash delivers a sleek and modern design that appeals to both casual runners and style-conscious individuals. The clean white upper is accented… [+1026 chars],technology
"{'id': None, 'name': 'KicksOnFire.com'}",Kicksonfire,New Balance Fresh Foam 680v8 Waterproof Wmns Black / Castlerock,"The New Balance Fresh Foam 680v8 Waterproof WMNS in Black and Castlerock is a versatile running shoe designed specifically for women who seek both comfort and durability in diverse weather conditions. This model features a waterproof upper, allowing you to ta…",https://www.kicksonfire.com/new-balance-fresh-foam-680v8-waterproof-wmns-black-castlerock,https://2app.kicksonfire.com/kofapp/upload/events_master_images/ipad_new-balance-fresh-foam-680v8-waterproof-wmns-black-castlerock.png,2025-09-11T02:53:33Z,The New Balance Fresh Foam 680v8 Waterproof WMNS in Black and Castlerock is a versatile running shoe designed specifically for women who seek both comfort and durability in diverse weather conditions… [+911 chars],technology
"{'id': None, 'name': 'CMSWire'}",pr@cmswire.com (Ahmed Bouzid),Redefining Progress: What CX Leaders Can Learn From Analog Reinvention,"Innovation isn’t just about faster or newer. It’s about creating customer experiences with weight, permanence and trust.
Continue reading...",https://www.cmswire.com/customer-experience/redefining-progress-what-cx-leaders-can-learn-from-analog-reinvention/,https://www.cmswire.com/-/media/94bd9b19dcdf42e78a7bfbeabcbe4e78.ashx,2025-09-11T02:53:28Z,"The Gist
<ul><li>Ephemeral vs. enduring. Digital convenience often trades away stability and ownership experiences need depth to create real loyalty.</li><li>Design for presence. Just as LPs and lan… [+9475 chars]",technology
"{'id': None, 'name': 'KicksOnFire.com'}",Kicksonfire,New Balance 530 Gs Sea Salt / Peach Nectar,"The New Balance 530 GS Sea Salt / Peach Nectar is a stylish and versatile sneaker designed for both comfort and fashion. This particular colorway blends neutral ""Sea Salt"" tones with the vibrant yet subtle ""Peach Nectar"" accents, resulting in a fresh and mode…",https://www.kicksonfire.com/new-balance-530-gs-sea-salt-peach-nectar,https://2app.kicksonfire.com/kofapp/upload/events_master_images/ipad_new-balance-530-gs-sea-salt-peach-nectar.png,2025-09-11T02:53:15Z,"The New Balance 530 GS Sea Salt / Peach Nectar is a stylish and versatile sneaker designed for both comfort and fashion. This particular colorway blends neutral ""Sea Salt"" tones with the vibrant yet … [+906 chars]",technology
"{'id': None, 'name': 'KicksOnFire.com'}",Kicksonfire,New Balance 9060 Gs Pink Granite / Washed Burgundy,"The New Balance 9060 GS in Pink Granite and Washed Burgundy stands out as a striking addition to the brand’s innovative lineup. Combining retro-futuristic design cues with modern comfort technology, this sneaker takes inspiration from the brand’s iconic 99X s…",https://www.kicksonfire.com/new-balance-9060-gs-pink-granite-washed-burgundy,https://2app.kicksonfire.com/kofapp/upload/events_master_images/ipad_new-balance-9060-gs-pink-granite-washed-burgundy.png,2025-09-11T02:52:22Z,"The New Balance 9060 GS in Pink Granite and Washed Burgundy stands out as a striking addition to the brands innovative lineup. Combining retro-futuristic design cues with modern comfort technology, t… [+969 chars]",technology
"{'id': None, 'name': 'KicksOnFire.com'}",Kicksonfire,New Balance 1906 Gs Silver Metalic / Monarch Burgundy,"The New Balance 1906 GS Silver Metallic / Monarch Burgundy is a striking blend of modern performance and vintage-inspired design. This iteration of the 1906 model features a sleek silver metallic upper that is both eye-catching and sophisticated, complemented…",https://www.kicksonfire.com/new-balance-1906-gs-silver-metalic-monarch-burgundy,https://2app.kicksonfire.com/kofapp/upload/events_master_images/ipad_new-balance-1906-gs-silver-metalic-monarch-burgundy.png,2025-09-11T02:51:23Z,The New Balance 1906 GS Silver Metallic / Monarch Burgundy is a striking blend of modern performance and vintage-inspired design. This iteration of the 1906 model features a sleek silver metallic upp… [+1153 chars],technology
"{'id': None, 'name': 'KicksOnFire.com'}",Kicksonfire,Puma Softride Harli Wmns New Navy / Poised Pink,"The Puma Softride Harli WMNS in New Navy and Poised Pink is a stylish and performance-driven sneaker designed specifically for women who value comfort and fashion. The upper combines breathable mesh with supportive overlays, providing a snug yet flexible fit …",https://www.kicksonfire.com/puma-softride-harli-wmns-new-navy-poised-pink,https://2app.kicksonfire.com/kofapp/upload/events_master_images/ipad_puma-softride-harli-wmns-new-navy-poised-pink.png,2025-09-11T02:50:37Z,The Puma Softride Harli WMNS in New Navy and Poised Pink is a stylish and performance-driven sneaker designed specifically for women who value comfort and fashion. The upper combines breathable mesh … [+946 chars],technology
"{'id': None, 'name': 'KicksOnFire.com'}",Kicksonfire,Puma Cell Thrill Dash Black / Silver,"The Puma Cell Thrill Dash Black / Silver is a dynamic running shoe that blends modern design with advanced comfort technologies. Its aesthetic is defined by a sleek black upper, accented with striking silver details that lend a futuristic and versatile look. …",https://www.kicksonfire.com/puma-cell-thrill-dash-black-silver,https://2app.kicksonfire.com/kofapp/upload/events_master_images/ipad_puma-cell-thrill-dash-black-silver.png,2025-09-11T02:50:23Z,"The Puma Cell Thrill Dash Black / Silver is a dynamic running shoe that blends modern design with advanced comfort technologies. Its aesthetic is defined by a sleek black upper, accented with strikin… [+909 chars]",technology
"{'id': None, 'name': 'Notebookcheck.net'}",David Chien,Yamaha unveils two premium over-ear headphones: Open-back YH-4000 and closed-back YH-C3000,"Yamaha has introduced two premium over-ear headphones—the open-back YH-4000 with planar magnetic Orthodynamic drivers and magnesium frame, and the closed-back YH-C3000 with Armodynamic drivers and beech wood earcups.",https://www.notebookcheck.net/Yamaha-unveils-two-premium-over-ear-headphones-Open-back-YH-4000-and-closed-back-YH-C3000.1111160.0.html,https://www.notebookcheck.net/fileadmin/Notebooks/News/_nc5/Yamaha-unveils-two-premium-over-ear-headphones-open-back-YH-4000-and-closed-back-YH-C3000.jpg,2025-09-11T02:50:00Z,"Yamaha has unveiled two premium over-ear headphones, the $2,499.95 open-back YH-4000 and the $1,699.95 closed-back YH-C3000. Both hand-assembled models are designed for the enjoyment of high-resoluti… [+1546 chars]",technology
"{'id': None, 'name': 'KicksOnFire.com'}",Kicksonfire,Puma X-cell Lightspeed Wmns Sage Frost / Lux Army,"The Puma X-Cell Lightspeed WMNS in the Sage Frost / Lux Army colorway showcases a sleek, modern design tailored specifically for women seeking both style and performance. This sneaker features Puma’s innovative X-Cell cushioning technology, which offers excep…",https://www.kicksonfire.com/puma-x-cell-lightspeed-wmns-sage-frost-lux-army,https://2app.kicksonfire.com/kofapp/upload/events_master_images/ipad_puma-x-cell-lightspeed-wmns-sage-frost-lux-army.png,2025-09-11T02:48:46Z,"The Puma X-Cell Lightspeed WMNS in the Sage Frost / Lux Army colorway showcases a sleek, modern design tailored specifically for women seeking both style and performance. This sneaker features Pumas … [+970 chars]",technology
"{'id': None, 'name': 'KicksOnFire.com'}",Kicksonfire,Puma Velocity Nitro 4 Gore-tex Wmns Black / Silver,The Puma Velocity Nitro 4 Gore-Tex WMNS in Black/Silver represents the latest advancement in Puma's line of running shoes tailored for female athletes who require performance and protection in all types of weather. This model combines the responsive NITRO foa…,https://www.kicksonfire.com/puma-velocity-nitro-4-gore-tex-wmns-black-silver,https://2app.kicksonfire.com/kofapp/upload/events_master_images/ipad_puma-velocity-nitro-4-gore-tex-wmns-black-silver.png,2025-09-11T02:48:10Z,The Puma Velocity Nitro 4 Gore-Tex WMNS in Black/Silver represents the latest advancement in Puma's line of running shoes tailored for female athletes who require performance and protection in all ty… [+905 chars],technology
"{'id': None, 'name': 'KicksOnFire.com'}",Kicksonfire,Nike Chicago Bears Pegasus 41 Marine / University Orange,"The Nike Chicago Bears Pegasus 41 Marine / University Orange is a distinctive running shoe that beautifully blends performance innovation with team pride. Designed as part of Nike’s Pegasus series, this sneaker features responsive cushioning and a lightweight…",https://www.kicksonfire.com/nike-chicago-bears-pegasus-41-marine-university-orange,https://2app.kicksonfire.com/kofapp/upload/events_master_images/ipad_nike-chicago-bears-pegasus-41-marine-university-orange.png,2025-09-11T02:47:01Z,"The Nike Chicago Bears Pegasus 41 Marine / University Orange is a distinctive running shoe that beautifully blends performance innovation with team pride. Designed as part of Nikes Pegasus series, th… [+1015 chars]",technology
"{'id': None, 'name': 'KicksOnFire.com'}",Kicksonfire,Nike Dragonfly 2 Citron Pulse / Vivid Purple,"The Nike Dragonfly 2 Citron Pulse / Vivid Purple is the latest iteration of Nike’s renowned distance racing spike, engineered specifically for speed and energy return on the track. Presented in an eye-catching Citron Pulse yellow contrasted with Vivid Purple …",https://www.kicksonfire.com/nike-dragonfly-2-citron-pulse-vivid-purple,https://2app.kicksonfire.com/kofapp/upload/events_master_images/ipad_nike-dragonfly-2-citron-pulse-vivid-purple.png,2025-09-11T02:46:14Z,"The Nike Dragonfly 2 Citron Pulse / Vivid Purple is the latest iteration of Nikes renowned distance racing spike, engineered specifically for speed and energy return on the track. Presented in an eye… [+1148 chars]",technology
"{'id': None, 'name': 'KicksOnFire.com'}",Kicksonfire,Nike Phantom 6 Low Elite Erling Haaland Ag Laser Orange / Blue Void,"The Nike Phantom 6 Low Elite Erling Haaland AG in the striking Laser Orange and Blue Void colorway is a football boot that perfectly blends innovative design with elite performance technology. Designed for artificial grass (AG) surfaces, this model is customi…",https://www.kicksonfire.com/nike-phantom-6-low-elite-erling-haaland-ag-laser-orange-blue-void,https://2app.kicksonfire.com/kofapp/upload/events_master_images/ipad_nike-phantom-6-low-elite-erling-haaland-ag-laser-orange-blue-void.png,2025-09-11T02:45:02Z,The Nike Phantom 6 Low Elite Erling Haaland AG in the striking Laser Orange and Blue Void colorway is a football boot that perfectly blends innovative design with elite performance technology. Design… [+1081 chars],technology
"{'id': None, 'name': 'GlobeNewswire'}",China International Capital Corporation (International) Limited,CICC Participates in the 10th Belt and Road Summit in Hong Kong,"HONG KONG, Sept. 10, 2025 (GLOBE NEWSWIRE) -- On September 10, the 10th Belt and Road Summit, co-organised by the Government of the Hong Kong Special Administrative Region (HKSAR) and the Hong Kong Trade Development Council (HKTDC), was officially opened in H…",https://www.globenewswire.com/news-release/2025/09/11/3148304/0/en/CICC-Participates-in-the-10th-Belt-and-Road-Summit-in-Hong-Kong.html,https://ml.globenewswire.com/Resource/Download/98a9f615-6494-45a2-b4dd-7c2db565d171,2025-09-11T02:44:00Z,"HONG KONG, Sept. 10, 2025 (GLOBE NEWSWIRE) -- On September 10, the 10th Belt and Road Summit, co-organised by the Government of the Hong Kong Special Administrative Region (HKSAR) and the Hong Kong T… [+3918 chars]",technology
"{'id': 'the-times-of-india', 'name': 'The Times of India'}",Reuters,Alibaba to raise $3.2 billion via convertible bond to fund cloud growth,"Alibaba, among China's most aggressive adopters of artificial intelligence, said it would use nearly 80% of the proceeds to expand data centres, upgrade technology and improve services to meet rising demand for cloud computing solutions.",https://economictimes.indiatimes.com/tech/technology/alibaba-to-raise-3-2-billion-via-convertible-bond-to-fund-cloud-growth/articleshow/123820324.cms,"https://img.etimg.com/thumb/width-1200,height-900,imgsize-43154,resizemode-75,msid-123820324/tech/technology/alibaba-to-raise-3-2-billion-via-convertible-bond-to-fund-cloud-growth.jpg",2025-09-11T02:43:42Z,China ecommerce leader Alibaba on Thursday said it plans to raise about $3.2 billion through the sale of a zero-coupon convertible bond to fund international expansion and to strengthen its cloud com… [+1794 chars],technology
"{'id': None, 'name': 'KicksOnFire.com'}",Kicksonfire,New Balance 990v6 Dark Camo / Rich Oak,"The New Balance 990v6 ""Dark Camo / Rich Oak"" reimagines the iconic 990 silhouette with a bold blend of earthy tones and patterns. This edition features a distinctive combination of deep camo mesh overlays interwoven with premium suede panels in a rich oak hue…",https://www.kicksonfire.com/new-balance-990v6-dark-camo-rich-oak,https://2app.kicksonfire.com/kofapp/upload/events_master_images/ipad_new-balance-990v6-dark-camo-rich-oak.png,2025-09-11T02:43:39Z,"The New Balance 990v6 ""Dark Camo / Rich Oak"" reimagines the iconic 990 silhouette with a bold blend of earthy tones and patterns. This edition features a distinctive combination of deep camo mesh ove… [+1062 chars]",technology
"{'id': None, 'name': 'KicksOnFire.com'}",Kicksonfire,Nike Alpha Menace 4 Elite White / Hyper Royal,"The Nike Alpha Menace 4 Elite in White and Hyper Royal is crafted to meet the demands of intense football gameplay. Designed for players who prioritize both speed and stability, this cleat features a lightweight, textile upper reinforced with durable overlays…",https://www.kicksonfire.com/nike-alpha-menace-4-elite-white-hyper-royal,https://2app.kicksonfire.com/kofapp/upload/events_master_images/ipad_nike-alpha-menace-4-elite-white-hyper-royal.png,2025-09-11T02:43:31Z,"The Nike Alpha Menace 4 Elite in White and Hyper Royal is crafted to meet the demands of intense football gameplay. Designed for players who prioritize both speed and stability, this cleat features a… [+945 chars]",technology
"{'id': 'the-times-of-india', 'name': 'The Times of India'}",ETMarkets.com,"After 1000x subscription, check Austere Systems IPO allotment and GMP",Austere Systems' Initial Public Offering of Rs 16 crore closed with huge oversubscription. Allotment was finalized. Refunds and demat credit are scheduled. Shares will list on the Bombay Stock Exchange SME platform. Investors can check allotment status on KFi…,https://economictimes.indiatimes.com/markets/ipos/fpos/after-1000x-subscription-check-austere-systems-ipo-allotment-and-gmp/articleshow/123820299.cms,"https://img.etimg.com/thumb/msid-123820311,width-1200,height-630,imgsize-4174,overlay-etmarkets/articleshow.jpg",2025-09-11T02:43:27Z,"Austere Systems' Rs 16-crore IPO, which closed on September 9, saw a massive subscription of over 1,000 times. The SME issue attracted strong demand across retail and non-institutional categories, ma… [+2381 chars]",technology
"{'id': None, 'name': 'KicksOnFire.com'}",Kicksonfire,Puma Electrify Nitro 4 Black / Mint Melt,"The Puma Electrify Nitro 4 Black / Mint Melt is an impressive addition to Puma’s performance running shoe lineup, marrying sleek aesthetics with advanced functionality. Designed for both everyday runners and athletes pushing their limits, this model features …",https://www.kicksonfire.com/puma-electrify-nitro-4-black-mint-melt,https://2app.kicksonfire.com/kofapp/upload/events_master_images/ipad_puma-electrify-nitro-4-black-mint-melt.png,2025-09-11T02:42:44Z,"The Puma Electrify Nitro 4 Black / Mint Melt is an impressive addition to Pumas performance running shoe lineup, marrying sleek aesthetics with advanced functionality. Designed for both everyday runn… [+983 chars]",technology
"{'id': None, 'name': 'ScienceAlert'}","Simon Stevenson, The Conversation",Hawking's Bold Theory Confirmed by Loudest-Ever Black Hole Collision,"Ten years ago, scientists heard the universe rumble for the first time.",https://www.sciencealert.com/hawkings-bold-theory-confirmed-by-loudest-ever-black-hole-collision,https://www.sciencealert.com/images/2025/09/view-from-one-black-hole-as-it-spirals-toward-its-cosmic-partner.jpg,2025-09-11T02:40:11Z,"Ten years ago, scientists heard the universe rumble for the first time. That first discovery of gravitational waves proved a key prediction from Albert Einstein's theory of general relativity and beg… [+5096 chars]",technology
"{'id': None, 'name': 'KicksOnFire.com'}",Kicksonfire,Mizuno Wave Fang 2 Wide Navy / White,"The Mizuno Wave Fang 2 Wide in Navy/White is a high-performance badminton shoe designed specifically for players who prioritize comfort, support, and stability on the court. With its sleek navy and white color scheme, this model stands out for its stylish yet…",https://www.kicksonfire.com/mizuno-wave-fang-2-wide-navy-white,https://2app.kicksonfire.com/kofapp/upload/events_master_images/ipad_mizuno-wave-fang-2-wide-navy-white.png,2025-09-11T02:40:10Z,"The Mizuno Wave Fang 2 Wide in Navy/White is a high-performance badminton shoe designed specifically for players who prioritize comfort, support, and stability on the court. With its sleek navy and w… [+1150 chars]",technology
"{'id': None, 'name': 'KicksOnFire.com'}",Kicksonfire,New Balance Fresh Foam X 880 V15 Gtx 2e Wide Black,"The New Balance Fresh Foam X 880 V15 GTX 2E Wide in Black is a high-performance running shoe designed to deliver comfort and support for runners who require a wider fit. This model features New Balance’s signature Fresh Foam X midsole, offering plush, cushion…",https://www.kicksonfire.com/new-balance-fresh-foam-x-880-v15-gtx-2e-wide-black,https://2app.kicksonfire.com/kofapp/upload/events_master_images/ipad_new-balance-fresh-foam-x-880-v15-gtx-2e-wide-black.png,2025-09-11T02:39:07Z,The New Balance Fresh Foam X 880 V15 GTX 2E Wide in Black is a high-performance running shoe designed to deliver comfort and support for runners who require a wider fit. This model features New Balan… [+1091 chars],technology
"{'id': None, 'name': 'BusinessLine'}",KS Badri Narayanan,Urban Company IPO: Retail hand mops up on Day 1,"Urban Company IPO fully subscribed on Day 1, attracting retail investors, offering a wide range of home and beauty services.",https://www.thehindubusinessline.com/markets/urban-company-ipo-retail-hand-mops-up-on-day-1/article70034517.ece,https://bl-i.thgim.com/public/incoming/oqei2r/article70032486.ece/alternates/LANDSCAPE_1200/PO07_Urban_company_2.jpg,2025-09-11T02:38:45Z,"The 1,900-crore initial public offering of app-based beauty and home services platform Urban Company Ltd was fully subscribed on Day 1, within hours of opening for bidding on Wednesday, thanks mainly… [+5170 chars]",technology
"{'id': None, 'name': 'KicksOnFire.com'}",Kicksonfire,Mizuno Wave Dimension Navy / Green,"The Mizuno Wave Dimension Navy / Green is a high-performance volleyball shoe engineered for both comfort and agility on the court. With its signature Mizuno Wave technology, the shoe offers exceptional cushioning and stability, reducing the risk of injury dur…",https://www.kicksonfire.com/mizuno-wave-dimension-navy-green,https://2app.kicksonfire.com/kofapp/upload/events_master_images/ipad_mizuno-wave-dimension-navy-green.png,2025-09-11T02:38:04Z,"The Mizuno Wave Dimension Navy / Green is a high-performance volleyball shoe engineered for both comfort and agility on the court. With its signature Mizuno Wave technology, the shoe offers exception… [+938 chars]",technology
"{'id': None, 'name': 'KicksOnFire.com'}",Kicksonfire,New Balance Fresh Foam X 880 V15 Gtx D Wide Wmns Black / Beige,"The New Balance Fresh Foam X 880 V15 GTX D Wide for women in Black / Beige is designed to offer exceptional comfort and performance for runners and walkers alike. Featuring the advanced Fresh Foam X midsole technology, this shoe delivers a plush and responsiv…",https://www.kicksonfire.com/new-balance-fresh-foam-x-880-v15-gtx-d-wide-wmns-black-beige,https://2app.kicksonfire.com/kofapp/upload/events_master_images/ipad_new-balance-fresh-foam-x-880-v15-gtx-d-wide-wmns-black-beige.png,2025-09-11T02:37:44Z,The New Balance Fresh Foam X 880 V15 GTX D Wide for women in Black / Beige is designed to offer exceptional comfort and performance for runners and walkers alike. Featuring the advanced Fresh Foam X … [+1150 chars],technology
"{'id': None, 'name': 'KicksOnFire.com'}",Kicksonfire,New Balance Fresh Foam Amaste D Wide Wmns Silver / Black,"The New Balance Fresh Foam Amaste D Wide for women, showcased in a striking Silver and Black colorway, is designed to offer both style and performance for everyday athletes and casual wearers alike. This sneaker features an engineered mesh upper that promotes…",https://www.kicksonfire.com/new-balance-fresh-foam-amaste-d-wide-wmns-silver-black,https://2app.kicksonfire.com/kofapp/upload/events_master_images/ipad_new-balance-fresh-foam-amaste-d-wide-wmns-silver-black.png,2025-09-11T02:37:23Z,"The New Balance Fresh Foam Amaste D Wide for women, showcased in a striking Silver and Black colorway, is designed to offer both style and performance for everyday athletes and casual wearers alike. … [+1066 chars]",technology
"{'id': None, 'name': 'KicksOnFire.com'}",Kicksonfire,Asics Skyhand Og White / Brisket Red,"The Asics Skyhand OG in White and Brisket Red is a retro-inspired sneaker drawing from Asics’ storied heritage in handball footwear. This model offers a distinctive blend of vintage design cues with modern comfort, making it appealing both to sneaker enthusia…",https://www.kicksonfire.com/asics-skyhand-og-white-brisket-red,https://2app.kicksonfire.com/kofapp/upload/events_master_images/ipad_asics-skyhand-og-white-brisket-red.png,2025-09-11T02:37:03Z,The Asics Skyhand OG in White and Brisket Red is a retro-inspired sneaker drawing from Asics storied heritage in handball footwear. This model offers a distinctive blend of vintage design cues with m… [+881 chars],technology
"{'id': None, 'name': 'KicksOnFire.com'}",Kicksonfire,Asics Gel-trabuco 13 Gtx Black / Whisper Green,"The Asics GEL-Trabuco 13 GTX in Black and Whisper Green is a trail running shoe designed for those who demand both performance and durability on challenging terrains. Featuring the trusted Gore-Tex® (GTX) membrane, these shoes provide reliable waterproof prot…",https://www.kicksonfire.com/asics-gel-trabuco-13-gtx-black-whisper-green,https://2app.kicksonfire.com/kofapp/upload/events_master_images/ipad_asics-gel-trabuco-13-gtx-black-whisper-green.png,2025-09-11T02:36:43Z,The Asics GEL-Trabuco 13 GTX in Black and Whisper Green is a trail running shoe designed for those who demand both performance and durability on challenging terrains. Featuring the trusted Gore-Tex® … [+830 chars],technology
"{'id': None, 'name': 'KicksOnFire.com'}",Kicksonfire,Asics Magic Speed 4 Wmns Black / Winter Sea,"The Asics Magic Speed 4 WMNS in Black and Winter Sea is designed for female runners who prioritize performance and comfort during their training and races. This latest version features a sleek, modern aesthetic with a primarily black upper accented by cool, o…",https://www.kicksonfire.com/asics-magic-speed-4-wmns-black-winter-sea,https://2app.kicksonfire.com/kofapp/upload/events_master_images/ipad_asics-magic-speed-4-wmns-black-winter-sea.png,2025-09-11T02:36:24Z,"The Asics Magic Speed 4 WMNS in Black and Winter Sea is designed for female runners who prioritize performance and comfort during their training and races. This latest version features a sleek, moder… [+1027 chars]",technology
"{'id': None, 'name': 'KicksOnFire.com'}",Kicksonfire,Asics Gel-trabuco 13 Gtx Wmns Black / Lemongrass,"The Asics GEL-Trabuco 13 GTX WMNS in Black and Lemongrass is a trail running shoe designed specifically for women who demand both performance and protection on challenging terrain. Featuring a sleek black upper accented by vibrant lemongrass tones, this shoe …",https://www.kicksonfire.com/asics-gel-trabuco-13-gtx-wmns-black-lemongrass,https://2app.kicksonfire.com/kofapp/upload/events_master_images/ipad_asics-gel-trabuco-13-gtx-wmns-black-lemongrass.png,2025-09-11T02:36:03Z,The Asics GEL-Trabuco 13 GTX WMNS in Black and Lemongrass is a trail running shoe designed specifically for women who demand both performance and protection on challenging terrain. Featuring a sleek … [+1012 chars],technology
"{'id': None, 'name': 'KicksOnFire.com'}",Kicksonfire,Asics Gel-resolution X D Wide Wmns White / Monument Blue,"The Asics GEL-Resolution X D Wide WMNS in White and Monument Blue is a tennis shoe meticulously designed for women seeking both style and performance on the court. Blending a crisp white upper with bold accents of monument blue, the shoe delivers a classic ye…",https://www.kicksonfire.com/asics-gel-resolution-x-d-wide-wmns-white-monument-blue,https://2app.kicksonfire.com/kofapp/upload/events_master_images/ipad_asics-gel-resolution-x-d-wide-wmns-white-monument-blue.png,2025-09-11T02:35:44Z,The Asics GEL-Resolution X D Wide WMNS in White and Monument Blue is a tennis shoe meticulously designed for women seeking both style and performance on the court. Blending a crisp white upper with b… [+1108 chars],technology
"{'id': None, 'name': 'KicksOnFire.com'}",Kicksonfire,Asics V-swift Ff 4 White / Black,"The Asics V-Swift FF 4 in White/Black is a high-performance volleyball shoe designed to support quick, agile movements on the court. With a sleek and modern white upper accented by bold black detailing, these shoes offer both an eye-catching aesthetic and pra…",https://www.kicksonfire.com/asics-v-swift-ff-4-white-black,https://2app.kicksonfire.com/kofapp/upload/events_master_images/ipad_asics-v-swift-ff-4-white-black.png,2025-09-11T02:35:20Z,"The Asics V-Swift FF 4 in White/Black is a high-performance volleyball shoe designed to support quick, agile movements on the court. With a sleek and modern white upper accented by bold black detaili… [+978 chars]",technology
"{'id': None, 'name': 'KicksOnFire.com'}",Kicksonfire,Asics Hyper Racer Flash Red / Black,"The Asics Hyper Racer in Flash Red/Black is a standout racing shoe designed for athletes seeking lightweight performance on the track or road. This model features a vibrant flash red upper with contrasting black accents, creating a bold and energetic look tha…",https://www.kicksonfire.com/asics-hyper-racer-flash-red-black,https://2app.kicksonfire.com/kofapp/upload/events_master_images/ipad_asics-hyper-racer-flash-red-black.png,2025-09-11T02:34:57Z,The Asics Hyper Racer in Flash Red/Black is a standout racing shoe designed for athletes seeking lightweight performance on the track or road. This model features a vibrant flash red upper with contr… [+974 chars],technology
"{'id': None, 'name': 'KicksOnFire.com'}",Kicksonfire,Puma Electrify Nitro 4 Wmns Sea Glass / Dark Indigo,"The Puma Electrify Nitro 4 WMNS in Sea Glass and Dark Indigo is a women’s running shoe designed to deliver both comfort and performance during daily runs. Its sleek upper features a refreshing Sea Glass shade, accented by deep Dark Indigo details, creating a …",https://www.kicksonfire.com/puma-electrify-nitro-4-wmns-sea-glass-dark-indigo,https://2app.kicksonfire.com/kofapp/upload/events_master_images/ipad_puma-electrify-nitro-4-wmns-sea-glass-dark-indigo.png,2025-09-11T02:34:40Z,The Puma Electrify Nitro 4 WMNS in Sea Glass and Dark Indigo is a womens running shoe designed to deliver both comfort and performance during daily runs. Its sleek upper features a refreshing Sea Gla… [+1066 chars],technology
"{'id': None, 'name': 'KicksOnFire.com'}",Kicksonfire,Asics Gel-nunobiki Graphite Grey / Black,"The ASICS GEL-Nunobiki in Graphite Grey and Black is a distinctive addition to the brand’s lineup, reflecting an intricate blend of advanced technology and urban-inspired design. Drawing inspiration from the natural and urban landscapes of Nunobiki, these sne…",https://www.kicksonfire.com/asics-gel-nunobiki-graphite-grey-black,https://2app.kicksonfire.com/kofapp/upload/events_master_images/ipad_asics-gel-nunobiki-graphite-grey-black.png,2025-09-11T02:34:20Z,"The ASICS GEL-Nunobiki in Graphite Grey and Black is a distinctive addition to the brands lineup, reflecting an intricate blend of advanced technology and urban-inspired design. Drawing inspiration f… [+1087 chars]",technology
"{'id': None, 'name': 'Activistpost.com'}",Editor,Scientist Warns That New Synthetic Lifeform Could Spell Doom for Humankind,"“If this is achieved and Pandora’s box opens it could pose extraordinary risks.” It’s a technology that doesn’t even exist yet, but its effects could be so drastically destructive that scientists in the field are calling for it to be banned now, before it’s t…",https://www.activistpost.com/scientist-warns-that-new-synthetic-lifeform-could-spell-doom-for-humankind/,https://www.activistpost.com/wp-content/uploads/2025/09/scientist-warns-synthetic-lifeform-doom-humankind.webp,2025-09-11T02:34:00Z,"“If this is achieved and Pandora’s box opens it could pose extraordinary risks.”
It’s a technology that doesn’t even exist yet, but its effects could be so drastically destructive that scientists in… [+3903 chars]",technology
"{'id': None, 'name': 'KicksOnFire.com'}",Kicksonfire,Asics Gel-nunobiki Clay Grey / Graphite Grey,"The Asics GEL-Nunobiki in Clay Grey and Graphite Grey is a sophisticated blend of both performance and contemporary streetwear style. This sneaker draws design inspiration from the serene Nunobiki Waterfall in Kobe, Japan, merging nature-themed aesthetics wit…",https://www.kicksonfire.com/asics-gel-nunobiki-clay-grey-graphite-grey,https://2app.kicksonfire.com/kofapp/upload/events_master_images/ipad_asics-gel-nunobiki-clay-grey-graphite-grey.png,2025-09-11T02:34:00Z,The Asics GEL-Nunobiki in Clay Grey and Graphite Grey is a sophisticated blend of both performance and contemporary streetwear style. This sneaker draws design inspiration from the serene Nunobiki Wa… [+1136 chars],technology
"{'id': None, 'name': 'KicksOnFire.com'}",Kicksonfire,Asics Gel-nyc 2055 Smoke Grey / Obsidian Grey,"The Asics GEL-NYC 2055 in Smoke Grey and Obsidian Grey is a contemporary sneaker that blends the brand's innovative running heritage with modern streetwear appeal. This model features a layered upper combining mesh and synthetic overlays, giving it a distinct…",https://www.kicksonfire.com/asics-gel-nyc-2055-smoke-grey-obsidian-grey,https://2app.kicksonfire.com/kofapp/upload/events_master_images/ipad_asics-gel-nyc-2055-smoke-grey-obsidian-grey.png,2025-09-11T02:33:40Z,The Asics GEL-NYC 2055 in Smoke Grey and Obsidian Grey is a contemporary sneaker that blends the brand's innovative running heritage with modern streetwear appeal. This model features a layered upper… [+1024 chars],technology
"{'id': None, 'name': 'KicksOnFire.com'}",Kicksonfire,Asics Gel-nyc 2055 Cream / Dolphin Grey,"The Asics GEL-NYC 2055 in the Cream / Dolphin Grey colorway embodies a fusion of heritage design with contemporary comfort. Drawing inspiration from both classic running silhouettes and modern street style, this sneaker features a layered upper constructed wi…",https://www.kicksonfire.com/asics-gel-nyc-2055-cream-dolphin-grey,https://2app.kicksonfire.com/kofapp/upload/events_master_images/ipad_asics-gel-nyc-2055-cream-dolphin-grey.png,2025-09-11T02:33:23Z,The Asics GEL-NYC 2055 in the Cream / Dolphin Grey colorway embodies a fusion of heritage design with contemporary comfort. Drawing inspiration from both classic running silhouettes and modern street… [+957 chars],technology
"{'id': None, 'name': 'KicksOnFire.com'}",Kicksonfire,Asics Gel-nimbus 10.1 Obsidian Grey / Green Basil,"The Asics GEL-Nimbus 10.1 in the striking Obsidian Grey and Green Basil colorway is a modern iteration of one of Asics’ most iconic running shoe lines. Renowned for its plush comfort and reliable performance, the GEL-Nimbus 10.1 draws upon the heritage of its…",https://www.kicksonfire.com/asics-gel-nimbus-10-1-obsidian-grey-green-basil,https://2app.kicksonfire.com/kofapp/upload/events_master_images/ipad_asics-gel-nimbus-10-1-obsidian-grey-green-basil.png,2025-09-11T02:33:06Z,The Asics GEL-Nimbus 10.1 in the striking Obsidian Grey and Green Basil colorway is a modern iteration of one of Asics most iconic running shoe lines. Renowned for its plush comfort and reliable perf… [+1065 chars],technology
"{'id': None, 'name': 'KicksOnFire.com'}",Kicksonfire,Puma Scend Pro 2 Mauve Mist / White,"The Puma Scend Pro 2 in the Mauve Mist and White colorway embodies a sleek fusion of comfort, style, and performance. Designed with both aesthetic appeal and functional versatility in mind, these trainers deliver a contemporary silhouette highlighted by the d…",https://www.kicksonfire.com/puma-scend-pro-2-mauve-mist-white,https://2app.kicksonfire.com/kofapp/upload/events_master_images/ipad_puma-scend-pro-2-mauve-mist-white.png,2025-09-11T02:32:27Z,"The Puma Scend Pro 2 in the Mauve Mist and White colorway embodies a sleek fusion of comfort, style, and performance. Designed with both aesthetic appeal and functional versatility in mind, these tra… [+1078 chars]",technology
"{'id': None, 'name': 'KicksOnFire.com'}",Kicksonfire,Nike React Pegasus Trail 4 Gtx Black / White,"The **Nike React Pegasus Trail 4 GTX Black / White** is designed for runners who seek versatility, durability, and comfort on the trails, no matter the weather. This model stands out with its streamlined black upper accented by clean white details, offering a…",https://www.kicksonfire.com/nike-react-pegasus-trail-4-gtx-black-white,https://2app.kicksonfire.com/kofapp/upload/events_master_images/ipad_nike-react-pegasus-trail-4-gtx-black-white.png,2025-09-11T02:32:06Z,"The **Nike React Pegasus Trail 4 GTX Black / White** is designed for runners who seek versatility, durability, and comfort on the trails, no matter the weather. This model stands out with its streaml… [+1219 chars]",technology
"{'id': None, 'name': 'KicksOnFire.com'}",Kicksonfire,On Cloudsurfer Next Glacier,"The On Cloudsurfer Next Glacier is a cutting-edge running shoe engineered by On to provide an exceptional blend of comfort, responsiveness, and sustainability. Its standout feature is the reimagined upper, crafted from recycled materials and adorned in a cris…",https://www.kicksonfire.com/on-cloudsurfer-next-glacier,https://2app.kicksonfire.com/kofapp/upload/events_master_images/ipad_on-cloudsurfer-next-glacier.png,2025-09-11T02:31:43Z,"The On Cloudsurfer Next Glacier is a cutting-edge running shoe engineered by On to provide an exceptional blend of comfort, responsiveness, and sustainability. Its standout feature is the reimagined … [+1174 chars]",technology
"{'id': None, 'name': 'KicksOnFire.com'}",Kicksonfire,On Cloudflow 5 Wmns Glacier / Black,"The On Cloudflow 5 WMNS Glacier / Black is a high-performance running shoe meticulously crafted for women who demand both speed and comfort. Featuring a streamlined silhouette, the shoe is designed with a breathable mesh upper in a sleek glacier and black col…",https://www.kicksonfire.com/on-cloudflow-5-wmns-glacier-black,https://2app.kicksonfire.com/kofapp/upload/events_master_images/ipad_on-cloudflow-5-wmns-glacier-black.png,2025-09-11T02:31:21Z,"The On Cloudflow 5 WMNS Glacier / Black is a high-performance running shoe meticulously crafted for women who demand both speed and comfort. Featuring a streamlined silhouette, the shoe is designed w… [+1089 chars]",technology
"{'id': None, 'name': 'KicksOnFire.com'}",Kicksonfire,On Cloudsurfer Max Wmns Horizon / Ivory,"The On Cloudsurfer Max WMNS in Horizon/Ivory is a cutting-edge running shoe designed specifically for women seeking both performance and style. Featuring a visually appealing blend of soft horizon blue tones with ivory accents, the shoe offers a fresh and mod…",https://www.kicksonfire.com/on-cloudsurfer-max-wmns-horizon-ivory,https://2app.kicksonfire.com/kofapp/upload/events_master_images/ipad_on-cloudsurfer-max-wmns-horizon-ivory.png,2025-09-11T02:31:01Z,The On Cloudsurfer Max WMNS in Horizon/Ivory is a cutting-edge running shoe designed specifically for women seeking both performance and style. Featuring a visually appealing blend of soft horizon bl… [+1112 chars],technology
"{'id': None, 'name': 'Sky.com'}",,'A landmark moment': UK to mass-produce drones for Ukraine to counter Russian air attacks,"It marks the first initiative under a tech-sharing initiative between London and Kyiv, after Sir Keir Starmer and Volodymyr Zelenskyy signed an industrial deal earlier this year.",https://news.sky.com/story/uk-to-mass-produce-drones-to-help-ukraine-counter-russian-air-attacks-13428504,https://e3.365dm.com/25/09/1600x900/skynews-kyiv-ukraine-russia-war-invasion_7015707.jpg?20250910072704,2025-09-11T02:31:00Z,"The UK will begin large-scale production of advanced interceptor drones to help Ukraine defend against Russian aerial assaults.
The drones, designed by Ukraine with support from British scientists, … [+3699 chars]",technology
"{'id': None, 'name': 'Motorsport.com'}",Matt Weaver,NASCAR threatens disqualifications for post-race landscaping,"“We did not care for it, not one bit”",https://www.motorsport.com/nascar-cup/news/nascar-threatens-disqualifications-for-post-race-landscaping/10758387/,https://cdn-2.motorsport.com/images/amp/6D1yKgK0/s6/ross-chastain-trackhouse-racin.jpg,2025-09-11T02:30:16Z,"NASCAR has basically sent a warning to teams to not drive off the track, onto the dirt, during cool down laps after a race in an apparent effort to increase weight prior to post-race technical inspec… [+2667 chars]",technology
"{'id': None, 'name': 'iTnews'}",,"Bendigo Bank set to axe 145 ""jobs"" in technology division",Impacting 637 workers.,https://www.itnews.com.au/news/bendigo-bank-set-to-axe-145-jobs-in-technology-division-620215,https://i.nextmedia.com.au/News/highlightimage-fy25-agm.jpg,2025-09-11T02:29:00Z,"Bendigo and Adelaide Bank is the latest financial institution to unveil a major restructure of its technology division, a move that could result in the loss of up to 145 ""jobs"".
The Finance Sector U… [+2207 chars]",technology
"{'id': None, 'name': 'Yahoo Entertainment'}",Stella Qiu,"Japan, Taiwan shares set records on tech boost, Fed cut hope",SYDNEY (Reuters) -Japanese and Taiwanese shares set records on Thursday as technology companies rallied while investors wagered that U.S. inflation data will...,https://finance.yahoo.com/news/japan-taiwan-shares-set-records-022727422.html,https://media.zenfs.com/en/reuters-finance.com/517bb17df186e68f9bf43b3b716e0616,2025-09-11T02:27:27Z,"By Stella Qiu
SYDNEY (Reuters) -Japanese and Taiwanese shares set records on Thursday as technology companies rallied while investors wagered that U.S. inflation data will be well behaved enough to … [+3090 chars]",technology
"{'id': None, 'name': 'Apiad.net'}",Alejandro Piad Morffis,The Four Fallacies of Modern AI,And Why Believing in Them Hinders Progress,https://blog.apiad.net/p/the-four-fallacies-of-modern-ai,https://images.unsplash.com/photo-1503792070985-b4147d061915?crop=entropy&cs=tinysrgb&fit=max&fm=jpg&ixid=M3wzMDAzMzh8MHwxfHNlYXJjaHw3M3x8cmFuZG9tfGVufDB8fHx8MTc1NzQzMzM5NXww&ixlib=rb-4.1.0&q=80&w=1080,2025-09-11T02:26:16Z,"I've spent the last few years trying to make sense of the noise around Artificial Intelligence, and if there's one feeling that defines the experience, it's whiplash. One week, I'm reading a paper th… [+14675 chars]",technology
"{'id': 'the-times-of-india', 'name': 'The Times of India'}",Akash Podishetti,Airfloa Rail Technology IPO opens with 117% GMP. Check all details before subscription,Airfloa Rail Technology's SME IPO will launched today. The IPO sees significant investor demand. The company plans to raise approximately Rs 91 crore through a fresh equity sale. The IPO will remain open until September 15. Airfloa manufactures components for…,https://economictimes.indiatimes.com/markets/ipos/fpos/airfloa-rail-technology-ipo-opens-with-117-gmp-check-all-details-before-subscription/articleshow/123820120.cms,"https://img.etimg.com/thumb/msid-123820118,width-1200,height-630,imgsize-26533,overlay-etmarkets/articleshow.jpg",2025-09-11T02:24:50Z,"The SME IPO of Airfloa Rail Technology, which is creating strong buzz in the market, will open for subscription today. The company is boasting a GMP of 120% over the issue price as investors see this… [+2552 chars]",technology
"{'id': None, 'name': 'SiliconANGLE News'}",Mike Wheatley,Computer chip performance optimization startup ProteanTecs raises $51M,Israeli computer chip health monitoring startup ProteanTecs Ltd. said today it has closed on a $51 million Series D round of funding that brings its total amount raised to north of $250 million. Today’s round was led by IAG Capital and saw participation from …,https://siliconangle.com/2025/09/10/computer-chip-performance-optimization-startup-proteantecs-raises-51m/,https://d15shllkswkct0.cloudfront.net/wp-content/blogs.dir/1/files/2025/09/Screenshot-from-2025-09-11-09-21-54.png,2025-09-11T02:23:37Z,"Israeli computer chip health monitoring startup ProteanTecs Ltd. said today it has closed on a $51 million Series D round of funding that brings its total amount raised to north of $250 million.
Tod… [+4577 chars]",technology
"{'id': None, 'name': 'The Star Online'}",MANJIT KAUR,Perak declares 2025 Year of the TVET Campaign,"IPOH: In support of high-impact projects under the 13th Malaysia Plan, Perak has declared 2025 the ""Year of the TVET Campaign"" aimed at meeting its demands for high-skilled labour, says Datuk Seri Saarani Mohamad. Read full story",https://www.thestar.com.my/news/nation/2025/09/11/perak-declares-2025-year-of-the-tvet-campaign,https://apicms.thestar.com.my/uploads/images/2025/09/11/3515265.JPG,2025-09-11T02:23:00Z,"IPOH: In support of high-impact projects under the 13th Malaysia Plan, Perak has declared 2025 the Year of the TVET Campaign aimed at meeting its demands for high-skilled labour, says Datuk Seri Saar… [+2493 chars]",technology
"{'id': None, 'name': 'Motley Fool Australia'}",Bronwyn Allen,8% yield! Is VHY ETF a no-brainer buy today?,"The VHY ETF offers a trailing annual dividend yield of 8.3%, about 2.5x the ASX 200 average today.
The post 8% yield! Is VHY ETF a no-brainer buy today? appeared first on The Motley Fool Australia.",https://www.fool.com.au/2025/09/11/8-yield-is-vhy-etf-a-no-brainer-buy-today/,https://www.fool.com.au/wp-content/uploads/2023/09/GettyImages-465190025-1-1200x675.jpg,2025-09-11T02:22:22Z,"The Vanguard Australian Shares High Yield ETF (ASX: VHY) is all about investing in the best ASX dividend shares at any given time.
The VHY ETF tracks the FTSE Australia High Dividend Yield Index bef… [+2180 chars]",technology
"{'id': None, 'name': 'Balloon-juice.com'}",Adam L Silverman,"War for Ukraine Day 1,294: Provocations Abound","It has been another long terrible day and I’m going to keep tonight short as a result. First, I heard back from my former Nepalese students. They’re all safe. This is what one of the retired 3 Stars sent me in reply: The army has been deployed to restore orde…",https://balloon-juice.com/2025/09/10/war-for-ukraine-day-1294-provocations-abound/,https://balloon-juice.com/wp-content/uploads/2020/01/Silverman_On_Security.jpg,2025-09-11T02:10:11Z,"It has been another long terrible day and I’m going to keep tonight short as a result.
First, I heard back from my former Nepalese students. They’re all safe. This is what one of the retired 3 Stars… [+25235 chars]",technology
"{'id': None, 'name': 'BusinessLine'}",KS Badri Narayanan,Dev Accelerator IPO: Investors make beeline,"Dev Accelerator Ltd's IPO, a star performer, offers flexible office spaces with strong growth potential, warranting a ""Subscribe - Long Term"" recommendation.",https://www.thehindubusinessline.com/markets/dev-accelerator-ipo-investors-make-beeline/article70035024.ece,https://bl-i.thgim.com/public/incoming/oqzous/article70021810.ece/alternates/LANDSCAPE_1200/CCI_UDHindu_KSL_UDA3FO2BI_R1519463141_7_3610fe21-c662-4f99-b2f3-dbe05d3be6c2.jpg,2025-09-11T02:08:48Z,"Of the three IPOs that opened on Wednesday, the 143.35-crore issue of Dev Accelerator Ltd was the star performer with the issue being subscribed 5.33 times. The initial public offering of the provide… [+3721 chars]",technology
"{'id': None, 'name': ""Paul Tan's Automotive News""}",Gerard Lye,Dreame founder reveals renders of vacuum maker’s first EV model – it looks a lot like a Bugatti Chiron,"In late August this year, Dreame Technology, a Chinese company based in Suzhou that makes household appliances (mostly vacuum cleaners and robot vacuums), announced that it is entering the world of electric vehicles (EVs). Expected […]
The post Dreame founder…",https://paultan.org/2025/09/11/dreame-founder-reveals-renders-of-vacuum-makers-first-ev-model/,https://paultan.org/image/2025/09/Dreame-Technology-first-model-renders-1-1200x665.jpg,2025-09-11T02:08:40Z,"In late August this year, Dreame Technology, a Chinese company based in Suzhou that makes household appliances (mostly vacuum cleaners and robot vacuums), announced that it is entering the world of e… [+1767 chars]",technology
"{'id': 'the-times-of-india', 'name': 'The Times of India'}",Reuters,Alibaba to raise $3.2 billion via convertible bond to fund cloud growth,"Alibaba plans to raise $3.2 billion through a zero-coupon convertible bond to fuel international expansion and bolster its cloud computing business. Nearly 80% will upgrade data centers and technology for cloud solutions, while the rest enhances global e-comm…",https://economictimes.indiatimes.com/markets/bonds/alibaba-to-raise-3-2-billion-via-convertible-bond-to-fund-cloud-growth/articleshow/123819972.cms,"https://img.etimg.com/thumb/msid-123819978,width-1200,height-630,imgsize-43154,overlay-etmarkets/articleshow.jpg",2025-09-11T02:08:32Z,China e-commerce leader Alibaba on Thursday said it plans to raise about $3.2 billion through the sale of a zero-coupon convertible bond to fund international expansion and to strengthen its cloud co… [+1928 chars],technology
"{'id': 'abc-news-au', 'name': 'ABC News (AU)'}",Hanan Dervisevic,Larry Ellison briefly overtakes Elon Musk as world's richest person,"The switch in the ranking comes after a blockbuster earnings report from Oracle, powered by multi-billion-dollar orders from customers as the AI race heats up.",https://www.abc.net.au/news/2025-09-11/larry-ellison-overtakes-elon-musk-world-richest-person/105761394,https://live-production.wcms.abc-cdn.net.au/4d7b2e501b8674d6b8b9a6fa068bace2?impolicy=wcms_watermark_news&cropH=2813&cropW=5000&xPos=0&yPos=0&width=862&height=485&imformat=generic,2025-09-11T02:07:30Z,"Elon Musk briefly lost his title as the world's richest person to Larry Ellison, the co-founder of information technology company Oracle.
Mr Ellison's wealth surged to $US393 billion ($593 billion) … [+3164 chars]",technology
"{'id': None, 'name': 'newsBTC'}",Jake Simmons,Cardano Founder Hoskinson Says Ethereum Is Doomed To Fail: Here’s How,"In a wide-ranging CoinDesk interview released yesterday, Cardano founder Charles Hoskinson sharpened a years-long critique of Ethereum’s long-term viability, arguing that the network’s reliance on rollups and external scaling layers has created economic incen…",http://www.newsbtc.com/news/cardano-founder-ethereum-doomed-to-fail/,https://www.newsbtc.com/wp-content/uploads/2025/09/Screenshot-2025-09-10-125723.png?fit=1820%2C997,2025-09-11T02:00:54Z,"Strict editorial policy that focuses on accuracy, relevance, and impartiality
Created by industry experts and meticulously reviewed
The highest standards in reporting and publishing
Strict editori… [+4591 chars]",technology
"{'id': None, 'name': 'GlobeNewswire'}","HONGKONG PITAKA CO., LIMITED",PITAKA Redefines iPhone 17 Cases with Fusion Weave – LightRipple and World’s First PitaTap™ Technology,"SHENZHEN, China, Sept. 10, 2025 (GLOBE NEWSWIRE) -- Global mobile accessory innovator PITAKA today announced its latest Aramid Fiber iPhone 17 Series Cases at IFA 2025, earning multiple Innovation Awards from leading media outlets including SlashGear and BGR.…",https://www.globenewswire.com/news-release/2025/09/11/3148303/0/en/PITAKA-Redefines-iPhone-17-Cases-with-Fusion-Weave-LightRipple-and-World-s-First-PitaTap-Technology.html,https://ml.globenewswire.com/Resource/Download/f535015c-d1b5-40bb-aea6-24581d0b9854,2025-09-11T02:00:00Z,"SHENZHEN, China, Sept. 10, 2025 (GLOBE NEWSWIRE) -- Global mobile accessory innovator PITAKA today announced its latest Aramid Fiber iPhone 17 Series Cases at IFA 2025, earning multiple Innovation Aw… [+4156 chars]",technology
"{'id': None, 'name': 'Freerepublic.com'}",Crisis Magazine,[Catholic Caucus] Do Not Be Conformed to the World…or to Church Leaders,"[Catholic Caucus] Do Not Be Conformed to the World…or to Church LeadersWhen the culture is benign, being a conformist works. But in a malignant culture, where the devil roams freely at the highest levels, beware conformity; it can kill body and soul.The word …",https://freerepublic.com/focus/f-religion/4339666/posts,,2025-09-11T01:58:14Z,"Skip to comments.
[Catholic Caucus] Do Not Be Conformed to the Worldor to Church LeadersCrisis Magazine ^
 | September 10, 2025
 | Sheryl Collmer
Posted on 09/10/2025 6:58:14 PM PDT by ebb tide
… [+7953 chars]",technology
"{'id': None, 'name': 'BusinessLine'}",KS Badri Narayanan,Why these 10 stocks will remain in action in today’s trade,"Leading Indian companies in various sectors announce strategic moves and achievements, including acquisitions, expansions, and participation in industry events.",https://www.thehindubusinessline.com/markets/why-these-10-stocks-will-remain-in-action-in-todays-trade/article70036289.ece,https://bl-i.thgim.com/public/incoming/oxgg2t/article70022282.ece/alternates/LANDSCAPE_1200/Stock%20market%20live%20today.jpg,2025-09-11T01:47:07Z,"ideaForge Technology Ltd, a pioneer in the UAV industry, said its tactical surveillance drone, Q6 V2 platform, has been assigned a NATO Stock Number (NSN) under the NATO Codification System (NCS). Th… [+4731 chars]",technology
"{'id': None, 'name': 'Hospitality Net'}",GCS TIMES GROUP COMPANY LIMITED,Ever walked down a hotel corridor and spotted a door hanger that actually makes you smile?,"Ever walked down a hotel corridor and spotted a door hanger that actually makes you smile? That’s exactly what we wanted to create with our new pet-themed, plant-based leather DND hangers. Instead of a plain “Do Not Disturb” sign, you’ll see the playful momen…",https://www.hospitalitynet.org/news/4128861.html,https://www.hospitalitynet.org/picture/social_153188127.jpg?t=1757547915,2025-09-11T01:46:37Z,"Ever walked down a hotel corridor and spotted a door hanger that actually makes you smile? Thats exactly what we wanted to create with our new pet-themed, plant-based leather DND hangers. Instead of … [+2786 chars]",technology
"{'id': None, 'name': 'BusinessLine'}",Narendra  Modi,Mohan Bhagwat: Steering the RSS through complex currents,"Mohan Bhagwat’s tenure will be considered the most transformative period in the 100-year journey of the Rashtriya Swayamsevak Sangh, says Narendra Modi",https://www.thehindubusinessline.com/opinion/mohan-bhagwat-steering-the-rss-through-complex-currents/article70034150.ece,https://bl-i.thgim.com/public/incoming/ctbowv/article70034544.ece/alternates/LANDSCAPE_1200/NarendraModiMohanBhagwat.jpg,2025-09-11T01:32:00Z,"Today is September 11th. This day evokes two contrasting remembrances. The first dates back to 1893, when Swami Vivekananda delivered his iconic Chicago address. With the few words, Sisters and Broth… [+7931 chars]",technology
"{'id': None, 'name': 'Yahoo Entertainment'}",Namrata Sen,"AI Data Center Spending By Nvidia, Microsoft And Other 'Mag 7' Titans Is Squeezing S&P 500 Share Buybacks, Goldman Sachs Warns","The race among the “Magnificent Seven” tech giants to construct large AI data centers is having an unforeseen effect on share buybacks, a recent Goldman...",https://finance.yahoo.com/news/ai-data-center-spending-nvidia-013113237.html,https://media.zenfs.com/en/benzinga_79/8943b95d4351b7c3be7b1c22fdbfcc52,2025-09-11T01:31:13Z,"Benzinga and Yahoo Finance LLC may earn commission or revenue on some items through the links below.
The race among the Magnificent Seven tech giants to construct large AI data centers is having an … [+5846 chars]",technology
"{'id': 'the-times-of-india', 'name': 'The Times of India'}",ETtech,H-1B reality hits home; Games24x7 layoffs,Happy Thursday! The once-popular H-1B visas are now going out of fashion. This and more in today's ETtech Morning Dispatch.,https://economictimes.indiatimes.com/tech/newsletters/morning-dispatch/h-1b-reality-hits-home-games24x7-layoffs/articleshow/123819566.cms,"https://img.etimg.com/thumb/msid-123819566,width-1070,height-580,imgsize-59926,overlay-ettech/editionshow.jpg",2025-09-11T01:30:48Z,Happy Thursday! The once-popular H-1B visas are now going out of fashion. This and more in today's ETtech Morning Dispatch.Also in the letter:Therapy meets its copilotETtech Done DealsAIs legal dilem… [+5388 chars],technology
"{'id': None, 'name': 'The Indian Express'}",Narendra Modi,"On Mohan Bhagwat’s birthday, PM Modi writes: A living example of Vasudhaiva Kutumbakam","Mohan Bhagwat has steered the RSS through complex currents, never compromising on the core ideology we are all proud of. At the same time, he has overseen its evolution",https://indianexpress.com/article/opinion/columns/on-mohan-bhagwats-birthday-pm-modi-writes-a-living-example-of-vasudhaiva-kutumbakam-10242612/,https://images.indianexpress.com/2025/09/oped-illustration-6.jpg,2025-09-11T01:30:24Z,"Today is September 11. The day evokes two contrasting remembrances. The first dates back to 1893, when Swami Vivekananda delivered his iconic Chicago address. With the words, Sisters and Brothers of … [+7744 chars]",technology
"{'id': None, 'name': 'Slashdot.org'}",BeauHD,Amazon's Zoox Launches Robotaxi Service In Las Vegas,"Amazon's Zoox officially launched its driverless robotaxi service in Las Vegas with free rides from a few select locations. ""Riders will eventually have to pay, but Zoox said it's waiting on regulatory approval to take that step,"" notes CNBC. A broader rollou…",https://tech.slashdot.org/story/25/09/10/228250/amazons-zoox-launches-robotaxi-service-in-las-vegas,https://a.fsdn.com/sd/topics/transportation_64.png,2025-09-11T01:25:00Z,"... unlike Waymo and Tesla, Zoox's electric robotaxi doesn't resemble a car. There's no steering wheel or pedals, and the rectangular shape has led many in the industry to describe it as a toaster on… [+1989 chars]",technology
"{'id': 'next-big-future', 'name': 'Next Big Future'}",Brian Wang,Charlie Kirk Assassinated at 31: Shocking Tribute + Tesla’s Megablock Megapack Revolution,"Tesla News Wednesday Show opens with somber reflections on the tragic assassination of conservative media figure Charlie Kirk at age 31, described as a bridge-builder in politics who influenced young audiences and aligned with Trump. Hosts express condolences…",https://www.nextbigfuture.com/2025/09/charlie-kirk-assassinated-at-31-shocking-tribute-teslas-megablock-megapack-revolution.html,https://nextbigfuture.s3.amazonaws.com/uploads/2025/09/Screenshot-2025-09-10-at-6.18.39-PM.jpg,2025-09-11T01:21:41Z,"Tesla News Wednesday Show opens with somber reflections on the tragic assassination of conservative media figure Charlie Kirk at age 31, described as a bridge-builder in politics who influenced young… [+1502 chars]",technology
"{'id': None, 'name': 'SiliconANGLE News'}",Cheryl Knight,What to expect during theCUBE + NYSE Wired: AI Factories – Data Centers of the Future event: Join theCUBE Sept. 26,"Artificial intelligence isn’t just a workload anymore — it’s redefining the very shape of digital infrastructure. The rise of AI factories is accelerating a shift toward large scale systems of compute- and GPU-dense clusters that demand reimagined storage, ne…",https://siliconangle.com/2025/09/10/ai-factories-future-data-centers-aifactoriesdatacenters/,https://d15shllkswkct0.cloudfront.net/wp-content/blogs.dir/1/files/2025/09/AI-Factories-Data-Centers-of-the-Future-September-2025.png,2025-09-11T01:20:14Z,Artificial intelligence isnt just a workload anymore its redefining the very shape of digital infrastructure. The rise of AI factories is accelerating a shift toward large scale systems of compute- a… [+6705 chars],technology
"{'id': None, 'name': 'SiliconANGLE News'}",Mike Wheatley,Bending Spoons snaps up struggling YouTube rival Vimeo in $1.38B deal,The Italian mobile application developer Bending Spoons S.p.A. has announced its intent to acquire the YouTube rival Vimeo.com Inc. in an all-cash deal worth around $1.38 billion. Bending Spoons said it expects the transaction to close by the fourth quarter o…,https://siliconangle.com/2025/09/10/bending-spoons-snaps-struggling-youtube-rival-vimeo-1-38b-deal/,https://d15shllkswkct0.cloudfront.net/wp-content/blogs.dir/1/files/2025/09/Screenshot-from-2025-09-11-08-19-45.png,2025-09-11T01:18:51Z,"The Italian mobile application developer Bending Spoons S.p.A. has announced its intent to acquire the YouTube rival Vimeo.com Inc. in an all-cash deal worth around $1.38 billion.
Bending Spoons sai… [+4494 chars]",technology
"{'id': None, 'name': 'Hiconsumption.com'}",Ethan Brehm,Nikon’s ZR Turns Entry-Level Filmmakers Into RED-Level Cinematographers,"The result of an industry-shaking partnership, the cinema camera gives you internal 6K RAW recording for an affordable price.",https://hiconsumption.com/tech/nikon-zr-camera/,https://cdn.hiconsumption.com/wp-content/uploads/2025/09/Nikon-ZR-Camera-0-Hero.jpg,2025-09-11T01:17:49Z,"The cinema camera landscape just shifted. Nikon’s new ZR represents the first tangible result of its 2024 RED Digital Cinema acquisition, and it’s not just another camera with borrowed tech it’s a co… [+3773 chars]",technology
"{'id': None, 'name': 'Hiconsumption.com'}",Ethan Brehm,"Ferrari’s $540k Testarossa Is a 1,050HP Hybrid Monster, Not Your ’80s Poster Car","Still channeling a retro spirit, the SF90 Stradale replacement also gets a lighter carbon fiber edition.",https://hiconsumption.com/motors/ferrari-849-testarossa/,https://cdn.hiconsumption.com/wp-content/uploads/2025/09/Ferrari-849-Testarossa-0-Hero.jpg,2025-09-11T01:17:38Z,"Ferrari just resurrected one of its most famous nameplates, and the 849 Testarossa couldn’t care less about your ’80s nostalgia. Instead, Ferrari has built a 1,050hp hybrid monster that happens to sh… [+4381 chars]",technology
"{'id': None, 'name': 'BusinessLine'}","KS Badri Narayanan, Team BL",Stock Market Live Updates 11 September 2025: Stock to buy today: Tata Motors (₹709) – BUY,"Stock Market Today | Share Market Live Updates - Find here all the live updates related to Sensex, Nifty, BSE, NSE, share prices and Indian stock markets for 11 September 2025.",https://www.thehindubusinessline.com/markets/share-market-today-nifty-sensex-live-updates-11-septmber-2025/article69123955.ece,https://bl-i.thgim.com/public/incoming/di6bsa/article69079701.ece/alternates/LANDSCAPE_1200/PO16_BS_Stock_growth.jpg,2025-09-11T01:15:50Z,"Stock Market Growth istock photo for BL
 | Photo Credit: 
 innni
Stock Market Today | Share Market Live Updates - Find here all the live updates related to Sensex, Nifty, BSE, NSE, share prices an… [+2019 chars]",technology
"{'id': None, 'name': 'BusinessLine'}","KS Badri Narayanan, Team BL","Share Market Highlights: Sensex rises 124 points, Nifty reclaims 25,000 despite rupee hitting record low","Sensex, Nifty updates on 11 September 2025: The benchmark indices ended higher on Thursday, extending their winning run, buoyed by global market optimism and hopes of a US Federal Reserve rate cut. The BSE Sensex gained 123.58 points, or 0.15 per cent, to clo…",https://www.thehindubusinessline.com/markets/stock-market-highlights-11-septmber-2025/article69123955.ece,https://bl-i.thgim.com/public/incoming/di6bsa/article69079701.ece/alternates/LANDSCAPE_1200/PO16_BS_Stock_growth.jpg,2025-09-11T01:15:50Z,"<li></li>
September 11, 2025 16:35The live blog is now closed.
<li></li>
September 11, 2025 16:11Stock market live today: Sensex up 124 pts, Nifty holds 25,000 mark in flat close
Vaibhav Vidwani,… [+100920 chars]",technology
"{'id': 'the-times-of-india', 'name': 'The Times of India'}",Reuters,'China Inside': How Chinese EV tech is reshaping global auto design,Global auto brands are now looking at Chinese technology for electric vehicles. Audi already built an EV using Chinese tech. Toyota and Volkswagen also have similar plans. Renault and Ford may develop global models using Chinese platforms. Chinese firms get r…,https://economictimes.indiatimes.com/news/international/business/china-inside-how-chinese-ev-tech-is-reshaping-global-auto-design/articleshow/123819577.cms,"https://img.etimg.com/thumb/msid-123819600,width-1200,height-630,imgsize-182644,overlay-economictimes/articleshow.jpg",2025-09-11T01:15:31Z,"When Audi executives first saw the Zeekr 001 in 2021, a long-range electric vehicle with European aesthetics, it was a wake-up call for the premium German auto brand - if it wanted to compete with th… [+6347 chars]",technology
"{'id': None, 'name': 'CNBC'}",,CNBC Daily Open: No one saw Oracle's explosive growth coming,"Covering Oracle didn't seem to grant analysts the gift of foresight — they themselves were ""blown away"" and ""in shock"" by the numbers.",https://www.cnbc.com/2025/09/11/cnbc-daily-open-no-one-saw-oracles-explosive-growth-coming.html,https://image.cnbcfm.com/api/v1/image/108196838-1757513446511-2014-06-10T120000Z_1307590048_GM1EA6B083401_RTRMADP_3_ORACLE-DATABASE.JPG?v=1757518920&w=1920&h=1080,2025-09-11T01:05:00Z,"Oracle Corp Chief Executive Larry Ellison during a launch event at the company's headquarters in Redwood Shores, California June 10, 2014.
Following its stunning growth projection, shares of databas… [+1505 chars]",technology
"{'id': None, 'name': 'Yahoo Entertainment'}",Reuters,'China Inside': How Chinese EV tech is reshaping global auto design,"SHANGHAI/MILAN (Reuters) -When Audi executives first saw the Zeekr 001 in 2021, a long-range electric vehicle with European aesthetics, it was a wake-up call...",https://tech.yahoo.com/transportation/articles/china-inside-chinese-ev-tech-010336244.html,https://media.zenfs.com/en/reuters.com/232c325366ccbcd48d8ffaf558c152b6,2025-09-11T01:03:36Z,"SHANGHAI/MILAN (Reuters) -When Audi executives first saw the Zeekr 001 in 2021, a long-range electric vehicle with European aesthetics, it was a wake-up call for the premium German auto brand - if it… [+6471 chars]",technology
"{'id': None, 'name': 'Yahoo Entertainment'}",Reuters,'China Inside': How Chinese EV tech is reshaping global auto design,"SHANGHAI/MILAN (Reuters) -When Audi executives first saw the Zeekr 001 in 2021, a long-range electric vehicle with European aesthetics, it was a wake-up call...",https://autos.yahoo.com/ev-and-future-tech/articles/china-inside-chinese-ev-tech-010336597.html,https://media.zenfs.com/en/reuters-finance.com/232c325366ccbcd48d8ffaf558c152b6,2025-09-11T01:03:36Z,"SHANGHAI/MILAN (Reuters) -When Audi executives first saw the Zeekr 001 in 2021, a long-range electric vehicle with European aesthetics, it was a wake-up call for the premium German auto brand - if it… [+6471 chars]",technology
"{'id': None, 'name': 'Defense One'}",Bradley Peniston,"Today’s ICBMs may operate until 2050, GAO says",That would be some 15 years longer than the Air Force was planning.,https://www.defenseone.com/threats/2025/09/todays-icbms-may-operate-until-2050-gao-says/408032/,https://cdn.defenseone.com/media/img/cd/2025/09/10/9083084/open-graph.jpg,2025-09-11T01:03:18Z,"The effort to replace the Minuteman III has gone so badly that the Air Force is now considering operating the already-half-century-old ICBM until 2050, according to a new report from the Government A… [+3201 chars]",technology
"{'id': None, 'name': 'Thechronicle.com.gh'}",admin,Ghana’s economy is rebounding,"Ghana’s economy grew by 6.3 per cent in the three months to June 2025, compared to 5.7 per cent in the same period last year. It means that the economy produced more goods and services than the same time last year, 2024. Dr Alhassan Iddrisu, the Acting Govern…",https://thechronicle.com.gh/ghanas-economy-is-rebounding/,https://thechronicle.com.gh/wp-content/uploads/2025/06/Dr-Alhassan-Iddrisu-Government-Statistician.jpg,2025-09-11T01:02:54Z,"Ghana’s economy grew by 6.3 per cent in the three months to June 2025, compared to 5.7 per cent in the same period last year. It means that the economy produced more goods and services than the same … [+2771 chars]",technology
"{'id': None, 'name': 'PetaPixel'}",Jaron Schneider,A Behind-the-Scenes Look at Making PetaPixel’s Documentary Film ‘No Guarantees’,"Making a movie of any kind, scripted or otherwise, is a massive endeavor. Not only do you need to assemble the right team, but you also need to figure out budgets, manage every shooting day carefully, and prepare for every eventuality. So while the PetaPixel …",https://petapixel.com/2025/09/10/a-behind-the-scenes-look-at-making-petapixels-documentary-film-no-guarantees/,https://petapixel.com/assets/uploads/2025/09/A-Behind-the-Scenes-Look-at-Making-PetaPixels-Documentary-Film-No-Guarantees.jpg,2025-09-11T01:01:36Z,"Making a movie of any kind, scripted or otherwise, is a massive endeavor. Not only do you need to assemble the right team, but you also need to figure out budgets, manage every shooting day carefully… [+16839 chars]",technology
"{'id': None, 'name': 'Cheezburger.com'}","Ally Perry, Ally Perry","'Would you call him a clanker?': AI backlash has invented robophobia, and it's distinctly anti-human","Sentient robots might not yet walk among us, but the internet predicts that this will happen pretty soon—and people are not happy about it. Last month, a man on X went viral
 for one of his son's drawings. It showed a humanoid robot sitting on the ground wit…",https://cheezburger.com/35425799/would-you-call-him-a-clanker-ai-backlash-has-invented-robophobia-and-its-distinctly-anti-human,https://i.chzbgr.com/original/35425799/h70C251E5/hot-take-hot-takes-technology-memes-new-meme-reels-tiktok-society-prejudice-star-wars-robophobia,2025-09-11T01:00:00Z,"Clanker is a derogatory term for a robot first used in the Star Wars franchise, referencing the clanking sound made by droids when they moved. The termbecame popular
 on the Star Wars meme subreddit… [+4846 chars]",technology
"{'id': None, 'name': 'SiliconANGLE News'}",Ryan Stevens,What to expect during the Elevate ’25 event: Join theCUBE Sept. 18,"AI is shifting from a flashy add-on to the invisible backbone of modern work. As enterprises confront the urgency of breaking silos and streamlining operations, platforms that embed connected work automation into everyday workflows are setting the pace for th…",https://siliconangle.com/2025/09/10/connected-work-automation-mondayelevate/,https://d15shllkswkct0.cloudfront.net/wp-content/blogs.dir/1/files/2025/09/Elevate-25.png,2025-09-11T00:59:20Z,"AI is shifting from a flashy add-on to the invisible backbone of modern work. As enterprises confront the urgency of breaking silos and streamlining operations, platforms that embed connected work au… [+5805 chars]",technology
"{'id': None, 'name': 'CNET'}",,MBZUAIMBZUAIとG42、K2 Thinkを立ち上げ：先進的なAI推論のための主要なオープンソース・システム,"K2 Thinkは、最先端の推論モデルと同等の性能をごく一部のリソースで実現します   アブダビ（アラブ首長国連邦）, 2025年9月10日 /PRNewswire/ -- Mohamed bin Zayed University of Artificial Intelligence（MBZUAI）のInstitute of Foundation ModelsとG42は本日、先進的なAI推論のための主要なオープンソース・...",https://japan.cnet.com/release/31113895/,https://japan.cnet.com/media/c/2012/images/logo/logo_ogp_1200.png,2025-09-11T00:51:00Z,"K2 Think
, 2025910 /PRNewswire/ -- Mohamed bin Zayed University of Artificial IntelligenceMBZUAIInstitute of Foundation ModelsG42AIK2 Think
K2 ThinkAI32020K2 Think
6K2 ThinkK2 ThinkCerebrasCerebra… [+616 chars]",technology
"{'id': None, 'name': 'Newsonjapan.com'}",,Children Explore Quantum Computing At KidZania Fukuoka,"Children at KidZania Fukuoka in Fukuoka City began a limited-time workshop on September 10th to learn about quantum computers, often described as next-generation machines capable of tackling complex calculations at speeds beyond conventional systems. (News On…",https://newsonjapan.com/article/146835.php,https://i2.ytimg.com/vi/2OPdd75cisU/mqdefault.jpg,2025-09-11T00:50:40Z,"FUKUOKA, Sep 11 (News On Japan) -
 Children at KidZania Fukuoka in Fukuoka City began a limited-time workshop on September 10th to learn about quantum computers, often described as next-generation m… [+1074 chars]",technology
"{'id': None, 'name': 'Biztoc.com'}",wsj.com,Inside the Effort to Make EVs Roar Like Real Sports Cars,"To preserve their speedsters’ acoustic charms, companies mimic gas engines and enlist musicians to manufacture futuristic hums",https://biztoc.com/x/10a723dff86164c4,https://biztoc.com/cdn/950/og.png,2025-09-11T03:07:10Z,"To preserve their speedsters acoustic charms, companies mimic gas engines and enlist musicians to manufacture futuristic hums
This story appeared on wsj.com, 2025-09-11 03:00:00.",sports
"{'id': None, 'name': 'Albuquerque Journal'}",Geoff Grammer / Journal Staff Writer,"Perfect pair: UNM one of only two schools in country with unbeaten women's soccer, volleyball teams","Sep. 10—There are 347 Division I women's soccer teams this season, according to the NCAA. Only twenty five of those teams have not yet suffered a loss. There are 344 Division I women's volleyball teams this season, of which 33 remain unbeaten. As of Wednesday…",https://www.abqjournal.com/sports/article_c847142a-1780-4879-a7f2-206728e54e07.html,https://bloximages.chicago2.vip.townnews.com/abqjournal.com/content/tncms/assets/v3/editorial/c/84/c847142a-1780-4879-a7f2-206728e54e07/68c200a9d0f1e.preview.png?crop=1433%2C752%2C3%2C27&resize=1200%2C630&order=crop%2Cresize,2025-09-11T03:02:00Z,"Exclusive Business Outlook Newsletter, delivered every Monday. Designed for paid subscribers, it provides narrative coverage of local trends, industry news, and key economic updates, going beyond the… [+31 chars]",sports
"{'id': None, 'name': 'The Daily Caller'}",Andrew Powell,Sports World Honors Charlie Kirk After Assassination,"Charlie Kirk, a conservative icon who founded the youth activist organization Turning Point USA, died Wednesday after being shot at a speaking event.",https://dailycaller.com/2025/09/10/sports-charlie-kirk-assassination-yankees-lamar-jackson/,"https://images.dailycaller.com/image/width=1280,height=549,fit=cover,format=webp,f=auto/https://cdn01.dailycaller.com/wp-content/uploads/2025/09/GettyImages-2216875659-1-scaled-e1757559355363.jpg",2025-09-11T02:58:12Z,"Charlie Kirk, a conservative icon who founded the youth activist organization Turning Point USA, died Wednesday after being shot at a speaking event that was taking place at Utah Valley University, a… [+3118 chars]",sports
"{'id': None, 'name': 'Starcommunity.com.au'}",Jin Hui,What’s On,"U3A Casey – Pyrographic Art Calling all seniors to try this unique craft. Also known as Woodburning Art, Pokerwork or Wood Burning, this artistic craft can be done on wood, leather, cork, canvas …on most things that are non-toxic. If you’d like to give Pyrogr…",https://berwicknews.starcommunity.com.au/news/2025-09-11/whats-on-76/,https://berwicknews.starcommunity.com.au/files/2025/09/fireart_502853_01.jpg,2025-09-11T02:56:04Z,"U3A Casey Pyrographic Art
Calling all seniors to try this unique craft. Also known as Woodburning Art, Pokerwork or Wood Burning, this artistic craft can be done on wood, leather, cork, canvas on mo… [+13271 chars]",sports
"{'id': 'marca', 'name': 'Marca'}",marca.com,Joe Buck returns to the Super Bowl booth for ESPN's first broadcast,"Joe Buck, renowned sportscaster for ESPN, is set to return to the Super Bowl broadcast booth for the first time since 2020. 

In a recent appearance on Barstool Sports&apos; Pardon",https://www.marca.com/en/nfl/2025/09/11/68c239a246163f98398b45d5.html,https://e01-phantom-marca.uecdn.es/45586c7da7ce3ebf057aef3f1cdbefd1/resize/1200/f/webp/assets/multimedia/imagenes/2025/09/11/17575585790810.jpg,2025-09-11T02:53:52Z,"Joe Buck, renowned sportscaster for ESPN, is set to return to the Super Bowl broadcast booth for the first time since 2020. 
In a recent appearance on Barstool Sports' Pardon My Take, Buck expressed… [+2411 chars]",sports
"{'id': None, 'name': 'KicksOnFire.com'}",Kicksonfire,Air Jordan 1 Low Element Black / Challenge Red,"The Air Jordan 1 Low Element ""Black / Challenge Red"" brings a bold and modern refresh to the iconic Air Jordan lineage, blending classic design with contemporary flair. This sneaker showcases a striking color palette, anchored by a sleek black base that provi…",https://www.kicksonfire.com/air-jordan-1-low-element-black-challenge-red,https://2app.kicksonfire.com/kofapp/upload/events_master_images/ipad_air-jordan-1-low-element-black-challenge-red.png,2025-09-11T02:52:11Z,"The Air Jordan 1 Low Element ""Black / Challenge Red"" brings a bold and modern refresh to the iconic Air Jordan lineage, blending classic design with contemporary flair. This sneaker showcases a strik… [+953 chars]",sports
"{'id': None, 'name': 'KicksOnFire.com'}",Kicksonfire,New Balance T500 Lace Gs Black / Nb White,"The New Balance T500 Lace GS in Black and NB White is a sleek and versatile addition to the brand’s acclaimed sneaker lineup, designed specifically for youngsters. This model showcases a classic low-top silhouette crafted from high-quality leather and synthet…",https://www.kicksonfire.com/new-balance-t500-lace-gs-black-nb-white,https://2app.kicksonfire.com/kofapp/upload/events_master_images/ipad_new-balance-t500-lace-gs-black-nb-white.png,2025-09-11T02:51:45Z,"The New Balance T500 Lace GS in Black and NB White is a sleek and versatile addition to the brands acclaimed sneaker lineup, designed specifically for youngsters. This model showcases a classic low-t… [+1062 chars]",sports
"{'id': None, 'name': 'On3.com'}",Nick Schultz,Ohio State president Ted Carter addresses conversations about future Big Ten revenue sharing,"As the Big Ten enters the third year of its media rights deal, viewership around college football continues to soar. Ohio State is at the forefront after becoming the second most-watched team in the country during the 2024 regular season and with this year’s …",https://www.on3.com/nil/news/ohio-state-president-ted-carter-addresses-conversations-future-big-ten-revenue-sharing-media-rights/,https://on3static.com/uploads/dev/assets/cms/2025/09/10212102/ted-carter.jpg,2025-09-11T02:50:09Z,"As the Big Ten enters the third year of its media rights deal, viewership around college football continues to soar. Ohio State is at the forefront after becoming the second most-watched team in the … [+2627 chars]",sports
"{'id': None, 'name': 'Yahoo Entertainment'}",,Fight for the Fedora 2025 begins,The Fight for the Fedora begins again at Action Sports Jax. See how your predictions line up with our team's NFL picks.,https://consent.yahoo.com/v2/collectConsent?sessionId=1_cc-session_87a426c7-a119-4903-a2d6-6ea989108548,,2025-09-11T02:50:08Z,"If you click 'Accept all', we and our partners, including 238 who are part of the IAB Transparency &amp; Consent Framework, will also store and/or access information on a device (in other words, use … [+714 chars]",sports
"{'id': None, 'name': 'KicksOnFire.com'}",Kicksonfire,Puma Palermo Lth White / Blue,"The Puma Palermo Lth White / Blue is a stylish revival of an iconic silhouette that first made its mark in the vibrant football terraces of the 1980s. This model effortlessly blends Puma’s heritage with modern sensibilities, featuring a clean white leather up…",https://www.kicksonfire.com/puma-palermo-lth-white-blue,https://2app.kicksonfire.com/kofapp/upload/events_master_images/ipad_puma-palermo-lth-white-blue.png,2025-09-11T02:42:01Z,The Puma Palermo Lth White / Blue is a stylish revival of an iconic silhouette that first made its mark in the vibrant football terraces of the 1980s. This model effortlessly blends Pumas heritage wi… [+1063 chars],sports
"{'id': None, 'name': 'Prtimes.jp'}",,2025年秋冬のマムート“クラシック ロゴ・カプセル コレクション”がジャケットやパンツ、バックパックなど全9型を9月11日より全国で販売スタート,"[マムート・スポーツグループジャパン株式会社]
[画像1: https://prcdn.freetls.fastly.net/release_image/70895/159/70895-159-6dd0cb523ae2e4e3602729192e8ee777-3900x2600.jpg?width=536&quality=85%2C75&format=jpeg&auto=webp&fit=bounds&...",https://prtimes.jp/main/html/rd/p/000000159.000070895.html,https://prcdn.freetls.fastly.net/release_image/70895/159/70895-159-6dd0cb523ae2e4e3602729192e8ee777-3900x2600.jpg?format=jpeg&auto=webp&fit=bounds&width=2400&height=1260,2025-09-11T02:40:02Z,"1862 160
 2025Rise with the Mountain 
 2025 202591119952019×2025819
  2.0   -Ayako Pro 2.0 HS Hooded Jacket AF Men Classic -2Gore-Tex2-way2025 
 2.0   - Ayako Pro 2.0 HS Hooded Jacket AF Men Clas… [+736 chars]",sports
"{'id': None, 'name': 'Sporting News'}",Adam Schultz,Should Buccaneers' 'spicy' Baker Mayfield be considered a top 10 QB?,Tampa Bay Buccaneers quarterback Baker Mayfield is on the precipice of being a top quarterback in football.,https://www.sportingnews.com/us/nfl/tampa-bay-buccaneers/news/buccaneers-spicy-baker-mayfield-considered-top-10-qb/21b71a70d7b967e748222c66,https://library.sportingnews.com/styles/crop_style_16_9_desktop_webp/s3/2024-12/sporting-news-2022-sn-live-b2f931c9-41e9-4cde-8ddc-d3d037942362.jpeg.webp?itok=Xg8WknBi,2025-09-11T02:37:58Z,"Tampa Bay Buccaneers quarterback Baker Mayfield is coming off a career-best season last year and began his 2025 season with a gritty 23-20 win over the Atlanta Falcons.
Mayfield, who was on the scra… [+1681 chars]",sports
"{'id': None, 'name': 'Bleeding Cool News'}",El Presidente,Rumor: WrestleMania 43 Going to Saudi Arabia in 2027?!,"¡Saludos, comrades! It is I, your El Presidente, reporting to you live from my secret submarine base in the Persian Gulf, where I am currently engaged in a high-stakes game of Risk with Mohammad bin Salman and the ghost of Muammar Gaddafi! But I must pause ou…",https://bleedingcool.com/tv/rumor-wrestlemania-43-going-to-saudi-arabia-in-2027/,https://bleedingcool.com/wp-content/uploads/2025/06/WWE-WrestleMania-Vegas-Logo.jpg,2025-09-11T02:37:05Z,"Posted in: Sports, TV, WWE | Tagged: wrestling, wwe wrestlemania
Comrades! A leaked press release and a reliable dirt sheet claim WrestleMania 43 heads to Saudi Arabia in 2027! Plus Royal Rumble 202… [+7485 chars]",sports
"{'id': None, 'name': 'Thegatewaypundit.com'}",Mike LaChance,"New York Yankees Honor Charlie Kirk With Moment of Silence at Game, Project His Image on Jumbotron (VIDEO)","The assassination of conservative activist Charlie Kirk is beyond stunning.
The post New York Yankees Honor Charlie Kirk With Moment of Silence at Game, Project His Image on Jumbotron (VIDEO) appeared first on The Gateway Pundit.",https://www.thegatewaypundit.com/2025/09/new-york-yankees-honor-charlie-kirk-moment-silence/,https://www.thegatewaypundit.com/wp-content/uploads/2025/09/new-york-yankees-charlie-kirk.jpg,2025-09-11T02:30:56Z,"Screencap of YouTube video.
The assassination of conservative activist Charlie Kirk is beyond stunning. You can see from the public reaction that people know how huge this is. It feels like an infle… [+1786 chars]",sports
"{'id': None, 'name': 'New York Post'}",Madeline Kenney,"Unrivaled adding two more teams, 12 new roster spots in quicker-than-expected expansion","Two days after Unrivaled revealed an eye-popping valuation of $340 million, the 3-on-3 women’s basketball league said Wednesday that it’s expanding.",https://nypost.com/2025/09/10/sports/unrivaled-adding-two-more-teams-12-new-roster-spots-in-expansion-move/,https://nypost.com/wp-content/uploads/sites/2/2025/09/newspress-collage-io4mw170x-1757557419169.jpg?quality=75&strip=all&1757543102&w=1024,2025-09-11T02:25:29Z,"CHICAGO Two days after Unrivaled revealed an eye-popping valuation of $340 million, the 3-on-3 womens basketball league announced Wednesday that its expanding.
Unrivaled is adding two new clubs Bree… [+2250 chars]",sports
"{'id': 'breitbart-news', 'name': 'Breitbart News'}","Dylan Gwinn, Dylan Gwinn","Sports World Reacts to the Shooting Death of Charlie Kirk: 'Lord, Have Mercy'","Charlie Kirk, a conservative activist, husband, and father of two, was murdered at a speaking event at Utah Valley University on Wednesday by an assassin who, as of this writing, remains at large.
The post Sports World Reacts to the Shooting Death of Charlie …",https://www.breitbart.com/sports/2025/09/10/sports-world-reacts-to-the-shooting-death-of-charlie-kirk-lord-have-mercy/,https://media.breitbart.com/media/2025/09/Eva-Marie-Uzcategui_Bloomberg-via-Getty-Images-640x335.jpg,2025-09-11T02:24:07Z,"Charlie Kirk, a conservative activist, husband, and father of two, was murdered at a speaking event at Utah Valley University on Wednesday by an assassin who, as of this writing, remains at large.
A… [+4075 chars]",sports
"{'id': 'espn', 'name': 'ESPN'}",Joey Lynch,"Australian Championship: Clubs, season start, all you need to know","The Australian Championship begins on Friday, Oct. 10. But which clubs are participating? And where will you be able to watch it? Joey Lynch answers some national second-tier FAQs.",https://www.espn.com/soccer/story/_/id/46220299/australian-championship-clubs-season-start-all-need-know,https://a1.espncdn.com/combiner/i?img=%2Fphoto%2F2025%2F0911%2Fr1543794_1295x729_16%2D9.png,2025-09-11T02:21:56Z,"As the regular seasons of National Premier League (NPL) competitions reach their conclusion, the launch of Australia's first-ever national second-tier competition is a month away. But with many quest… [+13057 chars]",sports
"{'id': None, 'name': 'Dailyinterlake.com'}",KEEPING SCORE PODCAST,Poster Player of the Week: Tim Zundel of Flathead High,"Sep. 10—This week's poster player of the week presented by Corwin Motors goes to wide receiver, Tim Zundel of the Flathead Braves football team. Quarterback Eli Coopman found Zundel for a screen that scored Flatheads first touchdown of the season and narrowed…",https://dailyinterlake.com/news/2025/sep/10/poster-player-of-the-week-tim-zundel-of-flathead-high/,https://hagadone.media.clients.ellingtoncms.com/img/photos/2025/09/09/PP_Dig_Zundel_9.9_r1200x630.jpg?b7d505e466ff31ef2a911eceee85296b69915698,2025-09-11T02:21:00Z,"This weeks poster player of the week presented by Corwin Motors goes to wide receiver, Tim Zundel of the Flathead Braves football team. 
Quarterback Eli Coopman found Zundel for a screen that scored… [+977 chars]",sports
"{'id': None, 'name': 'Qcnews.com'}",Shaquira Speaks,Charlotte criminal defense attorney explains why serial offender Decarlos Brown was not in jail,Decarlos Brown has a long history of being in trouble with the law; his criminal record shows three misdemeanors between 2007 and 2009.,https://www.qcnews.com/charlotte/charlotte-criminal-defense-attorney-explains-why-serial-offender-decarlos-brown-was-not-in-jail/,https://media.zenfs.com/en/wjzy_articles_340/1397bde10d12c4d3c59bb6d9eec3c5ca,2025-09-11T02:17:18Z,"CHARLOTTE, N.C. (QUEEN CITY NEWS) Decarlos Brown has a long history of being in trouble with the law; his criminal record shows three misdemeanors between 2007 and 2009.
He was convicted of felony b… [+2899 chars]",sports
"{'id': 'fox-news', 'name': 'Fox News'}",,Vigils held across US after assassination of Charlie Kirk: 'We must heal',Vigils were held across the country following the killing of conservative activist and Turning Point USA co-founder Charlie Kirk at an event in Utah on Wednesday.,https://www.foxnews.com/politics/vigils-held-across-us-after-assassination-charlie-kirk-we-must-heal,https://static.foxnews.com/foxnews.com/content/uploads/2025/09/charlie-kirk-utah-shooting-vigils-us-fox-news-001.png,2025-09-11T02:16:42Z,"Vigils were held across the country following the killing of conservative activist Charlie Kirk at an event in Utah on Wednesday.
Kirk, the 31-year-old co-founder of Turning Point USA, was shot and … [+3688 chars]",sports
"{'id': None, 'name': 'Sporting News'}",Adam Schultz,Is Bills' Josh Allen the best quarterback in football?,"In the latest quarterback power rankings, is Buffalo Bills stud Josh Allen No. 1?",https://www.sportingnews.com/us/nfl/buffalo-bills/news/bills-josh-allen-best-quarterback-football-ranking/fa1a994692ead74120ec3118,https://library.sportingnews.com/styles/crop_style_16_9_desktop_webp/s3/2025-09/USATSI_27031952.jpg.webp?itok=oCbXmJ7B,2025-09-11T02:15:44Z,"Last season, Buffalo Bills quarterback Josh Allen was named the MVP after a stellar year, and after one week of the 2025 season, for most, he's on track to win it again.
After a superb come-from-beh… [+1594 chars]",sports
"{'id': None, 'name': 'CBS Sports'}",Robby Kalland,"2025 Procore Championship TV schedule, coverage, channel, where to watch online, golf live stream",Most of the U.S. Ryder Cup team will tee it up in Napa for a tune-up before Bethpage,https://www.cbssports.com/golf/news/2025-procore-championship-tv-schedule-coverage-channel-where-to-watch-online-golf-live-stream/,https://sportshub.cbsistatic.com/i/r/2025/09/10/1c7d9073-a1b8-4c0b-86ae-b1599a554f02/thumbnail/1200x675/7bd746b6b73b9202c7a79c1af1a191ce/procore-flag.jpg,2025-09-11T02:15:28Z,"The 2025 Procore Championship is not always on the radar of golf fans, but the first event of the 2025 fall season will feature a more robust field than usual thanks to the presence of 10 of the 12 m… [+2250 chars]",sports
"{'id': 'marca', 'name': 'Marca'}",marca.com,TV ratings soar as J.J. McCarthy's Vikings rally stuns Bears,Week 1 of the NFL season didn&apos;t just deliver thrilling football-it pulled in massive audiences across every broadcast window. And Monday night&apos;s finale was no exception.,https://www.marca.com/en/nfl/minnesota-vikings/2025/09/11/68c2307dca47416a158b457b.html,https://e01-phantom-marca.uecdn.es/d58c6b24afeab069b1cc6e08f1c1b334/resize/1200/f/webp/assets/multimedia/imagenes/2025/09/11/17575566321889.jpg,2025-09-11T02:15:11Z,"Week 1 of the NFL season didn't just deliver thrilling football-it pulled in massive audiences across every broadcast window. And Monday night's finale was no exception.
The Minnesota Vikings' 27-24… [+2309 chars]",sports
"{'id': None, 'name': 'KOLR - OzarksFirst.com'}",Russell Bell,Two seriously injured in U.S. 65 crash near Louisberg,"DALLAS COUNTY, Mo. — Two individuals are reported to have injuries following a car crash on Wednesday, September 10. According to a Missouri State Highway...",https://www.ozarksfirst.com/news/car-crash-injuries-dallas-county/,https://media.zenfs.com/en/kolr_springfield_articles_251/0aed7227a89cbe319e692009c0dc5789,2025-09-11T02:14:35Z,"DALLAS COUNTY, Mo. Two individuals are reported to have injuries following a car crash on Wednesday, September 10.
According to a Missouri State Highway Patrol (MSHP) crash report, a 37-year-old Fai… [+849 chars]",sports
"{'id': 'abc-news', 'name': 'ABC News'}",EDDIE PELLS AP national writer,Democratic senator warns colleagues of 'distorted system' if college sports bill passes,Sen. Maria Cantwell has warned that a bill regulating college sports could widen the gap between major athletic conferences and others,https://abcnews.go.com/US/wireStory/democratic-senator-warns-colleagues-distorted-system-college-sports-125461495,https://i.abcnewsfe.com/a/fea685b3-5c14-4f0b-a241-e87bf5726241/wirestory_641f7fd0b28d9f892e12caaac4ef2de9_16x9.jpg?w=1600,2025-09-11T02:14:28Z,Sen. Maria Cantwell warned her colleagues Wednesday that a bill heading to the House floor that would regulate college sports would solidify an unsustainable and growing gap between the nation's bigg… [+2865 chars],sports
"{'id': 'al-jazeera-english', 'name': 'Al Jazeera English'}",Hafsa Adil,"India vs Pakistan – Asia Cup 2025: Match start time, team news and lineups","From head-to-head results to predicted XIs and tickets, here’s Al Jazeera’s guide to the India-Pakistan match in Dubai.",https://www.aljazeera.com/sports/2025/9/11/india-vs-pakistan-asia-cup-2025-match-start-time-team-news-and-lineups,https://www.aljazeera.com/wp-content/uploads/2025/02/AFP__20250223__36YF7HT__v2__HighRes__TopshotCricketCt2025PakInd-1740306105.jpg?resize=1920%2C1440,2025-09-11T02:10:41Z,"One of the fiercest and most widely followed rivalries in sport will be in the spotlight once again when India clashes with Pakistan in crickets T20 Asia Cup 2025.
Both teams will be riding a wave o… [+8075 chars]",sports
"{'id': None, 'name': 'GSMArena.com'}",Vlad,Xiaomi 16 specs leak,"Xiaomi is expected to unveil three devices in the flagship 16 series later this month - the 16, the 16 Pro, and the 16 Pro Max. Today, purported specs of the Xiaomi 16 have been outed on X by a tipster.

According to this source, the device has a 6.3-inch LTP…",https://www.gsmarena.com/xiaomi_16_specs_leak-news-69445.php,https://fdn.gsmarena.com/imgroot/news/25/09/xiaomi-16-specs-leak/-952x498w6/gsmarena_000.jpg,2025-09-11T02:07:02Z,"Xiaomi is expected to unveil three devices in the flagship 16 series later this month - the 16, the 16 Pro, and the 16 Pro Max. Today, purported specs of the Xiaomi 16 have been outed on X by a tipst… [+954 chars]",sports
"{'id': 'abc-news-au', 'name': 'ABC News (AU)'}",ABC News,Picklum's quest for multiple surfing titles 'a trip' in modern era,"With the stakes and swell continually rising, surfer Molly Picklum can't help but laugh when she entertains the idea of matching Steph Gilmore's title haul.",https://www.abc.net.au/news/2025-09-11/molly-picklum-ambitious-but-realistic-about-world-surfing-titles/105761508,https://live-production.wcms.abc-cdn.net.au/d6ac4a270bbd88fda7ea7f80591dd1da?impolicy=wcms_watermark_news&cropH=2812&cropW=5000&xPos=0&yPos=0&width=862&height=485&imformat=generic,2025-09-11T02:06:37Z,"One world title isn't enough for Molly Picklum, but the Australian surfer admits trying to replicate eight-time champion Steph Gilmore is ""unfathomable"".
After joining the long list of Aussie world … [+3304 chars]",sports
"{'id': None, 'name': 'Sporting News'}",Dana Becker,Illinois high school football: Latest AP rankings,The latest Illinois high school football rankings from the AP have been released,https://www.sportingnews.com/us/us-high-school/football/news/illinois-high-school-football-latest-ap-rankings/900a503a81e456ad1e2159fb,https://library.sportingnews.com/styles/crop_style_16_9_desktop_webp/s3/2025-07/USATSI_15963541.jpg.webp?itok=oUBN-M9Q,2025-09-11T02:02:23Z,"We move into Week 3 of the Illinois high school football season and with it, the latest Associated Press rankings have been revealed.
MORE: The Sporting News Midwest High School Football Top 25 Rank… [+2572 chars]",sports
"{'id': None, 'name': 'Matadornetwork.com'}",Tim Wenger,New River Gorge Offers a Glimpse Into West Virginia’s Past – and Its Future,West Virginia is a place any outdoor-obsessed traveler should visit. It’s also somewhere a conservationist or finger-pointing environmentalist should seek to understand.,https://matadornetwork.com/read/new-river-gorge-past-future/,https://cdn1.matadornetwork.com/blogs/1/2025/09/new-river-gorge-lead-2105939648-1-1200x900.jpg,2025-09-11T02:02:15Z,"For years, I’ve wanted to explore the mountains and rivers of West Virginia for the grand adventure and seductive views of Appalachia’s iconic rolling hills. I also hoped that traveling here could sh… [+13481 chars]",sports
"{'id': 'the-times-of-india', 'name': 'The Times of India'}",ET Online,"Nazriya's The Madras Mystery to Trisha's Brinda S2 to Scam 2010: Check these upcoming Malayalam, Telugu, Tamil, Hindi, Kannada OTT releases on SonyLIV","SonyLIV reveals its 2025 content plans. The platform will showcase new web series and returning shows. From Scam 2010: The Subrata Roy Saga to Maharani Season 4 and Raveena Tandon's Dynasty to Nazriya Nazim's The Madras Mystery, check out the list of upcoming…",https://economictimes.indiatimes.com/magazines/panache/nazriyas-the-madras-mystery-to-trishas-brinda-season-2-to-scam-2010-mahrani-season-4-check-these-upcoming-malayalam-telugu-tamil-hindi-kannada-ott-releases-on-sonyliv/articleshow/123819669.cms,"https://img.etimg.com/thumb/msid-123819886,width-1200,height-630,imgsize-48870,overlay-etpanache/articleshow.jpg",2025-09-11T01:59:58Z,"2025 is shaping up to be an exciting year for OTT viewers, with SonyLIV announcing a diverse and ambitious slate of upcoming web series and originals. From rom-coms and political thrillers to courtro… [+3525 chars]",sports
"{'id': None, 'name': 'Crikey'}",Daanyal Saeed,Gambling company uses creepy CGI goat head to sneak secret ad into charity footy broadcast,"Footy broadcasters in conjunction with gambling companies have appeared to sneak guerrilla gambling ads into charity AFL broadcasts. 
The post Gambling company uses creepy CGI goat head to sneak secret ad into charity footy broadcast appeared first on Crikey.",http://www.crikey.com.au/2025/09/11/gambling-company-cgi-goat-head-seven-afl-broadcast/,https://www.crikey.com.au/wp-content/uploads/sites/3/2025/09/Screenshot-2025-09-11-at-11.39.00-am.png?quality=70&w=1024,2025-09-11T01:52:35Z,"An Australian gambling company used a CGI goat head to sneak an ad into the broadcast of a charity football game.
At multiple points during the 2025 Legends Game for Prostate Cancer (formerly and be… [+5163 chars]",sports
"{'id': None, 'name': 'Slashdot.org'}",feedfeeder,Mike's Mid-Week Chat: What will the Packers do differently in Week 2? - Green Bay Packers – packers.com,"Mike's Mid-Week Chat: What will the Packers do differently in Week 2?Green Bay Packers – packers.com Commanders vs. Packers: Three must-know storylines for Thursday's Week 2 prime-time gameNFL.com NFL DFS, Commanders vs. Packers: FanDuel, DraftKings daily Fan…",https://slashdot.org/firehose.pl?op=view&amp;id=179152856,,2025-09-11T01:52:10Z,The Fine Print: The following comments are owned by whoever posted them. We are not responsible for them in any way.,sports
"{'id': None, 'name': 'The Sports Daily'}",Mathew Huff,Four NBA Players With the Most to Prove This Coming Season,"NBA training camp is just two weeks away which means the long offseason is nearly over. Anticipation is building, and...
The post Four NBA Players With the Most to Prove This Coming Season appeared first on The Sports Daily.",https://thesportsdaily.com/news/four-nba-players-with-the-most-to-prove-this-coming-season/,https://thesportsdaily.com/wp-content/uploads/2024/02/hiladelphia-76ers-center-Joel-Embiid-21-.jpg,2025-09-11T01:50:58Z,"NBA training camp is just two weeks away which means the long offseason is nearly over. Anticipation is building, and while fans speculate on which teams will rise or fall, several players are enteri… [+4546 chars]",sports
"{'id': None, 'name': 'Thesportsdaily.org'}",Mathew Huff,Four NBA Players With the Most to Prove This Coming Season,"NBA training camp is just two weeks away which means the long offseason is nearly over. Anticipation is building, and...
The post Four NBA Players With the Most to Prove This Coming Season appeared first on The Sports Daily.",https://thesportsdaily.org/news/four-nba-players-with-the-most-to-prove-this-coming-season/,https://thesportsdaily.org/wp-content/uploads/2024/02/hiladelphia-76ers-center-Joel-Embiid-21-.jpg,2025-09-11T01:50:58Z,"NBA training camp is just two weeks away which means the long offseason is nearly over. Anticipation is building, and while fans speculate on which teams will rise or fall, several players are enteri… [+4546 chars]",sports
"{'id': None, 'name': 'Leader-Telegram'}",Craig Sesker Leader-Telegram reporter,Altoona's Stroschein named L-T Prep Athlete of the Week,"Tristan Stroschein is off to an excellent start on the boys soccer field this season. The Altoona High School sophomore has played a key role for his team. Last week, Stroschein scored Altoona’s second goal against River Falls. The goal was a 50-yard sprint t…",https://www.leadertelegram.com/sports/altoonas-stroschein-named-l-t-prep-athlete-of-the-week/article_0ead0bb1-9be5-4219-9d43-808f46953500.html,https://bloximages.chicago2.vip.townnews.com/leadertelegram.com/content/tncms/assets/v3/editorial/1/a3/1a3bca34-695b-4e38-8f49-637a1904d1fe/68c0a22c786f0.image.jpg?crop=956%2C502%2C0%2C179,2025-09-11T01:47:00Z,"Tristan Stroschein is off to an excellent start on the boys soccer field this season. The Altoona High School sophomore has played a key role for his team.
Last week, Stroschein scored Altoonas seco… [+2089 chars]",sports
"{'id': None, 'name': 'HuffPost'}",Matt Shuham,Charlie Kirk Brought Hard-Right Politics To A New Generation,"Kirk, who was fatally shot while on stage at a speaking event, lit a path for the future of Trumpism.",https://www.huffpost.com/entry/charlie-kirk-hard-right-politics_n_68c21d4ce4b0bf06eab621cb,https://img.huffingtonpost.com/asset/68c1e490190000864334cb29.jpg?ops=1200_630,2025-09-11T01:43:31Z,"Perhaps more than anyone else, Charlie Kirk, the prominent Donald Trump ally and political organizer who was shot and killed Wednesday, brought hard-right politics to a generation of younger American… [+13662 chars]",sports
"{'id': 'fox-news', 'name': 'Fox News'}",,Kai Trump reacts to death of 'close family friend' Charlie Kirk after Utah campus shooting,"Kai Trump, the granddaughter of President Donald Trump, reacted to the tragic shooting death of Charlie Kirk at Utah Valley University on Wednesday.",https://www.foxnews.com/sports/kai-trump-reacts-death-close-family-friend-charlie-kirk-after-utah-campus-shooting,https://static.foxnews.com/foxnews.com/content/uploads/2025/09/kai-trump-charlie-kirk.jpg,2025-09-11T01:43:22Z,"Kai Trump, the granddaughter of President Donald Trump, was among the masses who reacted to the horrific shooting death of Charlie Kirk on Wednesday. 
President Trump announced that Kirk had died af… [+2694 chars]",sports
"{'id': None, 'name': 'Sporting News'}",John Boitnott,Streetwear makes its way onto the diamond with new Little League team,A California Little League team is joining forces with a streetwear brand to outfit the kids with new uniforms.,https://www.sportingnews.com/us/culture/fashion/news/streetwear-makes-its-way-diamond-new-little-league-team/4ca35e806becc76c70b32cfe,https://library.sportingnews.com/styles/crop_style_16_9_desktop_webp/s3/2025-09/Ethika%20Select%20-%20Main%20Image%201%20-%2009SEP25.jpg.webp?itok=QT2pv30v,2025-09-11T01:41:29Z,"A California clothing company known more for streetwear than sports is taking a swing at youth athletics.
The brand Ethika is outfitting a youth baseball team in Trabuco Canyon Little League, clothi… [+2231 chars]",sports
"{'id': None, 'name': 'New York Post'}",Associated Press,Eight Tigers employees accused of misconduct toward female staffers,"Female employees of Ilitch Sports and Entertainment, which owns the Tigers, Red Wings and other businesses, were subjected to misconduct by seven of the eight men named by The Athletic.",https://nypost.com/2025/09/10/sports/eight-tigers-employees-accused-of-misconduct-toward-female-staffers/,https://nypost.com/wp-content/uploads/sites/2/2025/09/newspress-collage-ezym7w0xd-1757553457632.jpg?quality=75&strip=all&1757539073&w=1024,2025-09-11T01:39:20Z,"DETROIT The Tigers have had at least eight employees accused of misconduct toward women over the last two years, according to a report by The Athletic.
The report published Wednesday followed an inv… [+2627 chars]",sports
"{'id': None, 'name': 'Sporting News'}",The Sporting News,"'His ceiling is higher': Fox Sports' Joel Klatt believes Oregon's Dante Moore could be better than Bo Nix, Dillon Gabriel",Joel Klatt reveals strong confidence in Oregon's Dante Moore.,https://www.sportingnews.com/us/ncaa-football/oregon/news/his-ceiling-higher-fox-sports-joel-klatt-believes-oregons-dante-moore-could-be-better-bo-nix-dillon-gabriel/cfd379d62e308efcb1f2123f,https://media.zenfs.com/en/the_sporting_news_articles_584/12a47114daebebfecd167ab432795f17,2025-09-11T01:31:05Z,"'His ceiling is higher': Fox Sports' Joel Klatt believes Oregon's Dante Moore could be better than Bo Nix, Dillon Gabriel originally appeared on The Sporting News
Oregon's redshirt sophomore quarter… [+2514 chars]",sports
"{'id': None, 'name': 'Yahoo Entertainment'}","Andrew Siciliano,Frank Schwab","Brock Purdy a ""long shot"" to play in Week 2 + Travis Kelce takes blame for Worthy injury (ft. Cynthia Frelund)",Andrew Siciliano and Frank Schwab are joined by NFL Network's Cynthia Frelund to discuss Kyle Shanahan's update on Brock Purdy's Week 2 injury status and more!,https://sports.yahoo.com/nfl/article/brock-purdy-a-long-shot-to-play-in-week-2--travis-kelce-takes-blame-for-worthy-injury-ft-cynthia-frelund-012659252.html,https://s.yimg.com/ny/api/res/1.2/dPE0_UxI.FkgiImTk.IsgA--/YXBwaWQ9aGlnaGxhbmRlcjt3PTEyMDA7aD02NzU7Y2Y9d2VicA--/https://s.yimg.com/os/creatr-uploaded-images/2025-09/823bec60-8e92-11f0-b6a3-21f2686ddc51,2025-09-11T01:26:59Z,Why have the San Francisco 49ers been so unlucky with injuries? Yahoo Sports' Andrew Siciliano and Frank Schwab are joined by NFL Network's Cynthia Frelund to discuss Kyle Shanahan's update on Brock … [+1122 chars],sports
"{'id': 'the-times-of-india', 'name': 'The Times of India'}",ET Online,All about Utah college where Charlie Kirk was killed,"A shooting at Utah Valley University, the state's rapidly growing public university, prompted a police investigation. The university, located in Orem, is lesser known than the University of Utah and Brigham Young University. While concealed carry is permitted…",https://economictimes.indiatimes.com/news/international/global-trends/all-about-utah-college-where-charlie-kirk-was-killed/articleshow/123819637.cms,"https://img.etimg.com/thumb/msid-123819663,width-1200,height-630,imgsize-171784,overlay-economictimes/articleshow.jpg",2025-09-11T01:23:34Z,"Utah Valley University (UVU), the campus where conservative activist Charlie Kirk was fatally shot on Wednesday, is Utahs largest public university though it is often overshadowed by other schools in… [+1306 chars]",sports
"{'id': 'marca', 'name': 'Marca'}",marca.com,The New York Yankees join in mourning the tragic death of Charlie Kirk,"Wednesday, September 10, 2025, will go down in history as one of the saddest days, after Charlie Kirk was shot and killed while attending an event of his &quot;American Comeback To",https://www.marca.com/en/mlb/new-york-yankees/2025/09/11/68c22263ca4741e12b8b4575.html,https://e01-phantom-marca.uecdn.es/96deb6f72df7b921ce805c7423eb7b5f/resize/1200/f/webp/assets/multimedia/imagenes/2025/09/11/17575536582474.png,2025-09-11T01:22:49Z,"Wednesday, September 10, 2025, will go down in history as one of the saddest days, after Charlie Kirkwas shot and killed while attending an event of his ""American Comeback Tour"" at Utah Valley Univer… [+1298 chars]",sports
"{'id': None, 'name': 'CBS Sports'}",Steven Taranto,Hornets scrub 'Sports Betting' theme night vs. Heat amid Terry Rozier's link to federal gambling probe,The March 17 game also happens to fall on Rozier's birthay,https://www.cbssports.com/nba/news/hornets-scrub-sports-betting-theme-night-vs-heat-amid-terry-roziers-link-to-federal-gambling-probe/,https://sportshub.cbsistatic.com/i/r/2025/09/11/56aa983e-3573-4d6f-b18f-f8def828bd0a/thumbnail/1200x675/adb0b5996e93b0a1964d3b3a4d3c256c/gettyimages-2203881820.jpg,2025-09-11T01:21:44Z,"The Charlotte Hornets have removed a sports betting theme night from their 2025-26 season promotional calendar, originally scheduled for March 17 vs. the Miami Heat. That game is slated to feature fo… [+1089 chars]",sports
"{'id': None, 'name': 'Thesunbreak.com'}",Josh,"TIFF 2025 Dispatches: Wake Up Dead Man, No Other Choice, Orwell 2+2 = 5, Blue Heron, Poetic License, Fuze","Instant reactions to movies playing at the Toronto International Film Festival, which is in full swing from September 4-14 with celebrities and films flooding downtown.
The post TIFF 2025 Dispatches: Wake Up Dead Man, No Other Choice, Orwell 2+2 = 5, Blue Her…",https://thesunbreak.com/2025/09/10/tiff-2025-dispatches-wake-up-dead-man-no-other-choice-orwell-22-5-blue-heron-poetic-license-fuze/,https://thesunbreak.com/wp-content/uploads/2025/09/tiff2025_IMG_0432.jpeg,2025-09-11T01:18:29Z,"Wake Up Dead ManWorld Premiere
My god, Josh O’Connor is good at this! 
My fraying wits could be a culprit, but by the time the end rolled on Rian Johnson’s hilariously plotted, elegantly structured… [+2329 chars]",sports
"{'id': None, 'name': 'Forbes'}","Roberta F. Rodrigues, Contributor, 
 Roberta F. Rodrigues, Contributor
 https://www.forbes.com/sites/roberta-rodrigues/","Unrivaled Hits $340M Valuation, Adds Two Clubs After Series B Round","Unrivaled, the 3-on-3 women’s basketball league, reaches $340M in Series B funding led by Bessemer and expands with two new teams for its second season",https://www.forbes.com/sites/roberta-rodrigues/2025/09/10/unrivaled-hits-340m-valuation-adds-two-clubs-after-series-b-round/,https://imageio.forbes.com/specials-images/imageserve/68c21fbb8b5023dff8201c66/0x0.jpg?format=jpg&height=900&width=1600&fit=bounds,2025-09-11T01:12:05Z,"MEDLEY, FLORIDA - FEBRUARY 21: Angel Reese #5 of Rose goes up for a shot against the Lunar Owls during the second half at Wayfair Arena on February 21, 2025 in Medley, Florida. (Photo by Rich Storry/… [+4275 chars]",sports
"{'id': None, 'name': 'Pypi.org'}",will.sackfield@gmail.com,sportsball 0.33.12,A library for pulling in and normalising sports stats.,https://pypi.org/project/sportsball/0.33.12/,,2025-09-11T01:09:28Z,"A required part of this site couldnt load. This may be due to a browser
 extension, network issues, or browser settings. Please check your
 connection, disable any ad blockers, or try using a diffe… [+12 chars]",sports
"{'id': None, 'name': 'Provideocoalition.com'}",Kenny McMillan,Introducing The Fujifilm ETERNA 55,"Today, Fujifilm has officially unveiled the FUJIFILM GFX ETERNA 55, the company’s first digital camera dedicated entirely to professional filmmaking. Built around their phenomenal GFX100II sensor, the GFX ETERNA 55 is a clear statement that Fujifilm is seriou…",https://www.provideocoalition.com/introducing-the-fujifilm-eterna-55/,https://www.provideocoalition.com/wp-content/uploads/DSCF0102-1024x683.jpg,2025-09-11T01:07:39Z,"Today, Fujifilm has officially unveiled the FUJIFILM GFX ETERNA 55, the companys first digital camera dedicated entirely to professional filmmaking. Built around their phenomenal GFX100II sensor, the… [+20148 chars]",sports
"{'id': None, 'name': 'Thechronicle.com.gh'}",THE CHRONICLE,Editorial: Return To The Single-Track Education Calendar Is Commendable,"The Ghana National Association of Teachers (GNAT) has commended the Ministry of Education for its decision to revert from the double-track system to the single-track calendar, beginning October 31, 2025 with the start of the 2025/2026 academic year. The Minis…",https://thechronicle.com.gh/editorial-return-to-the-single-track-education-calendar-is-commendable/,https://thechronicle.com.gh/wp-content/uploads/2023/02/Untitled-design-63.jpg,2025-09-11T01:03:53Z,"The Ghana National Association of Teachers (GNAT) has commended the Ministry of Education for its decision to revert from the double-track system to the single-track calendar, beginning October 31, 2… [+3257 chars]",sports
"{'id': None, 'name': 'GSMArena.com'}",Michail,Huawei teases updated battery life for Watch GT 6 series,"Huawei is launching its Watch GT 6 series on September 19, and the brand has now confirmed a key detail about the upcoming watches. The GT 6 series will feature up to 21 days of battery endurance on a single charge. That’s presumably for the larger GT 6 Pro m…",https://www.gsmarena.com/huawei_teases_updated_battery_life_for_watch_gt_6_series-news-69440.php,https://fdn.gsmarena.com/imgroot/news/25/09/huawei-watch-gt-6-series-battery-teaser/-952x498w6/gsmarena_00.jpg,2025-09-11T01:03:02Z,"Huawei is launching its Watch GT 6 series on September 19, and the brand has now confirmed a key detail about the upcoming watches. The GT 6 series will feature up to 21 days of battery endurance on … [+442 chars]",sports
"{'id': None, 'name': 'Designboom'}",matthew burgos I designboom,ferrari revives wedge-shaped car testarossa with the hybrid super sports berlinetta 849,"replacing the SF90 stradale model, the sports car derives its name from the color of the cam covers in some of the company’s vehicles back in the 1950s.
The post ferrari revives wedge-shaped car testarossa with the hybrid super sports berlinetta 849 appeared …",https://www.designboom.com/technology/ferrari-revives-wedge-shaped-car-testarossa-hybrid-super-sports-berlinetta-849-09-11-2025/,https://www.designboom.com/twitterimages/uploads/2025/09/ferrari-revives-wedge-shaped-car-testarossa-849-hybrid-super-sports-berlinetta-designboom-fb.jpg,2025-09-11T01:01:26Z,"Ferrari brings back testarossa car with 849
Ferrari unveils the 849 Testarossa, a revival of the company’s 1984 car, now a hybrid plug-in super sports berlinetta. Replacing the SF90 Stradale model, … [+5011 chars]",sports
"{'id': None, 'name': 'Raw Story'}",Daniel Hampton,MSNBC forced to apologize after ex-Bush official's 'insensitive' remarks on Charlie Kirk,"MSNBC was forced to issue an apology on Wednesday after a former strategist for President George W. Bush appeared to blame Charlie Kirk's extreme rhetoric for the shooting that claimed Kirk's life.Mathew Dowd, who served as the chief strategist for Bush's 200…",https://www.rawstory.com/matthew-dowd-2673981953/,https://www.rawstory.com/media-library/file-photo-founder-and-president-of-turning-point-usa-charlie-kirk-speaks-at-the-conservative-political-action-conference-cpac.jpg?id=61585662&width=1200&height=600&coordinates=0%2C414%2C0%2C415,2025-09-11T01:01:26Z,"MSNBC was forced to issue an apology on Wednesday after a former strategist for President George W. Bush appeared to blame Charlie Kirk'sextreme rhetoric for the shooting that claimed Kirk's life.
M… [+1372 chars]",sports
"{'id': None, 'name': 'Lookout Landing'}",Ryan Blake,Mariners Game #146 Preview: SEA vs STL,The Mariners look to continue their dominant home performance with sweep of Cardinals,https://www.lookoutlanding.com/series-previews/134147/mariners-game-146-preview-sea-vs-stl,https://platform.lookoutlanding.com/wp-content/uploads/sites/101/2025/09/gettyimages-2234596924.jpg?quality=90&strip=all&crop=0%2C10.727459174901%2C100%2C78.545081650198&w=1200,2025-09-11T01:00:37Z,"The brooms are ready.
The Mariners have won four straight games and two straight series. After bludgeoning the Braves in the final two in Atlanta, theyve returned home with consecutive wins over the… [+1435 chars]",sports
"{'id': None, 'name': 'New Zealand Herald'}",Cameron Smith,House prices to lift 5.4% in 2026 as ‘comatose’ market awakens – Westpac chief economist,"Lower interest rates should eventually support increased demand, a bank economist said.",https://www.nzherald.co.nz/business/house-prices-to-lift-54-in-2026-as-comatose-market-awakens-says-westpac-chief-economist/2PUWIABBERFJDGA6IUNU4VXK7M/,https://www.nzherald.co.nz/resizer/v2/47REKBZTE5GX7D67YAIHPZI4CY.jpg?auth=571a3a20af7780860196a9ee0b89fb9eb898446f7acf00638495aa8d8d3aafca&width=1200&height=675&quality=70&focal=911%2C855&smart=false,2025-09-11T01:00:00Z,"Eckhold said Westpac was forecasting small, positive increases in house prices over the final three months of 2025 taking growth to around 0.6% over the year.
This year to date we have seen no growt… [+2220 chars]",sports
"{'id': None, 'name': 'Newsbreak.com'}",Steve Delvecchio,Wander Franco has been admitted into a mental health facility - NewsBreak,"Tampa Bay Rays shortstop Wander Franco has reportedly been admitted into a mental health facility in the Dominican Republic. Franco, who was convicted in J",https://www.newsbreak.com/share/4223514237249-wander-franco-has-been-admitted-into-a-mental-health-facility?s=a2&amp;share_destination_id=MjQwNzU3NDk0LTE3NTc1NTIxNzMxMjc%3D&amp;pd=0GIC1OJ5&amp;hl=en_US&amp;send_time=1757552173&amp;actBtn=bottomBar&amp;_f=app_share&amp;trans_data=%7B%22platform%22%3A1%2C%22cv%22%3A%2225.36.2%22%2C%22languages%22%3A%22en%22%7D&amp;sep=sc_play_button_v1-control,https://img.particlenews.com/img/id/1OM6BV_14YiETBm00,2025-09-11T00:57:38Z,"Jun 27, 2023; Phoenix, Arizona, USA; Tampa Bay Rays shortstop Wander Franco against the Arizona Diamondbacks at Chase Field. Mandatory Credit: Mark J. Rebilas-USA TODAY Sports
Tampa Bay Rays shortst… [+1956 chars]",sports
"{'id': None, 'name': 'One Foot Down'}","Brendan McAlinden, Joshua Vowles, Jude Seymour",EARNED 5-STAR PODCAST: Notre Dame Faces the Invading Texas A&M Cult,Get your yell on!,https://www.onefootdown.com/notre-dame-fighting-irish-football/77049/earned-5-star-podcast-notre-dame-faces-the-invading-texas-am-cult,https://platform.onefootdown.com/wp-content/uploads/sites/118/2025/09/gettyimages-2169859485.jpg?quality=90&strip=all&crop=0%2C10.654918655606%2C100%2C78.690162688789&w=1200,2025-09-11T00:53:50Z,"Joshua, Jude, and Brendan are back in GAME WEEK mode as the Notre Dame Fighting Irish host the Texas A&amp;M Aggies in a top 25 showdown in South Bend.
In this episode:
<ul><li>HELLO!</li><li>Dishw… [+651 chars]",sports
"{'id': None, 'name': 'Pypi.org'}",will.sackfield@gmail.com,sportsball 0.33.11,A library for pulling in and normalising sports stats.,https://pypi.org/project/sportsball/0.33.11/,,2025-09-11T00:47:11Z,"A required part of this site couldnt load. This may be due to a browser
 extension, network issues, or browser settings. Please check your
 connection, disable any ad blockers, or try using a diffe… [+12 chars]",sports
"{'id': None, 'name': 'A Sea Of Blue'}",Zac Oakes,Talented 2027 big man to visit Kentucky in October,Isaiah Hill garnered some Kentucky interest over the summer.,https://www.aseaofblue.com/kentucky-wildcats-basketball/147135/isaiah-hill-uk-recruiting-visit-indiana,https://platform.aseaofblue.com/wp-content/uploads/sites/13/2025/09/imagn-25213067.jpg?quality=90&strip=all&crop=0%2C10.735901388187%2C100%2C78.528197223626&w=1200,2025-09-11T00:39:13Z,"One of the top big men in the 2027 class is set to visit Kentucky basketball next month.
According to high school recruiting insider Sam Kayser, 5-star prospect Isaiah Hill is set to visit Kentucky … [+896 chars]",sports
"{'id': 'newsweek', 'name': 'Newsweek'}",Michael Gallagher,Chicago Sky Could Trade Angel Reese This Offseason: Report,"After making disparaging remarks about her teammates, Angel Reese may find herself playing elsewhere next year",https://www.newsweek.com/sports/chicago-sky-could-trade-angel-reese-this-offseason-report-2128000,https://d.newsweek.com/en/full/2720162/reese.jpg,2025-09-11T00:38:30Z,"Things have seemingly gotten volatile between the Chicago Sky and star forward Angel Reese.
The team held Reese out of the first half against the Las Vegas Aces earlier this week for making comments… [+2676 chars]",sports
"{'id': None, 'name': 'The Hockey News'}",Adam Proteau,"A Hockey League's Allowing High Sticks On Pucks, And The NHL Should Pay Attention","In the top conference of women's NCAA hockey, an expected rule change will allow players to play the puck with a high stick.",https://thehockeynews.com/news/latest-news/a-hockey-league-s-allowing-high-sticks-on-pucks-and-the-nhl-should-pay-attention,https://deweb-519a7.b-cdn.net/post-images/cd37dc0b-f7bc-419b-a4ef-3970e7b03f12.jpeg,2025-09-11T00:37:38Z,"In the top conference of women's NCAA hockey, an expected rule change will allow players to play the puck with a high stick. 
WCHA commissioner Michelle McAteer told The Hockey News' women's hockey … [+4177 chars]",sports
"{'id': None, 'name': 'Grand Forks Herald'}",Alex Faber,"How to watch, listen to No. 16 UND football's matchup against No. 5 Montana","Sep. 10—MISSOULA, Mont. — UND will be in the spotlight of FCS football this weekend. The No. 16 Fighting Hawks are heading to Missoula, Mont., this weekend for a huge afternoon tilt against No. 5 Montana. It's the only Top 25 matchup of the week in FCS. UND i…",https://www.grandforksherald.com/sports/college/how-to-watch-listen-to-no-16-und-footballs-matchup-against-no-5-montana,https://cdn.forumcomm.com/dims4/default/22c4311/2147483647/strip/true/crop/2442x1628+0+0/resize/1599x1066!/quality/90/?url=https%3A%2F%2Fforum-communications-production-web.s3.us-west-2.amazonaws.com%2Fbrightspot%2F38%2Fef%2Ff71ca4614394be0fb2514c0ad073%2F090725-und10.jpg,2025-09-11T00:37:00Z,"MISSOULA, Mont. UND will be in the spotlight of FCS football this weekend. 
The No. 16 Fighting Hawks are heading to Missoula, Mont., this weekend for a huge afternoon tilt against No. 5 Montana. 
… [+1514 chars]",sports
"{'id': 'fox-sports', 'name': 'Fox Sports'}",Chris Fallica,Chris 'The Bear' Fallica's College Football Study Guide: Week 3 Edition,Chris 'The Bear' Fallica delivers his thoughts and insights for an action-packed Week 3 college football slate.,https://www.foxsports.com/stories/college-football/chris-the-bear-fallicas-college-football-study-guide-week-3-edition,https://a57.foxsports.com/statics.foxsports.com/www.foxsports.com/content/uploads/2025/09/1408/814/28197521-study-guide-16x9-1.jpg?ve=1&tl=1,2025-09-11T00:36:58Z,"The Week 2 slate wasn't incredible, but we learned a ton about some marquee teams.
True freshman QB phenom Bryce Underwood and No. 15 Michigan fell to No. 18 Oklahoma in Norman, No. 3 LSU gritted ou… [+11159 chars]",sports
"{'id': None, 'name': 'ZDNet'}",Taylor Clemons,T-Mobile will give you a free iPhone 17 Pro right now - how the preorder deal works,"At T-Mobile, you can get the all-new iPhone 17 Pro for free when you sign up for or switch to the Experience Beyond mobile plan and use a qualifying trade-in.",https://www.zdnet.com/article/t-mobile-will-give-you-a-free-iphone-17-pro-right-now-how-the-preorder-deal-works/,https://www.zdnet.com/a/img/resize/f1d469c721e25a192a169f6d3f22eaa3f15c2a02/2025/09/09/80954138-b402-4af5-ba58-786eeb0fb785/17pro-2.jpg?auto=webp&fit=crop&height=675&width=1200,2025-09-11T00:31:00Z,"Jason Hiner/ZDNET
Apple has announced the latest iPhone 17 lineup, including the iPhone 17 Pro with its A19 Pro processor for improved battery life and performance. And if you're ready to upgrade yo… [+3158 chars]",sports
"{'id': None, 'name': 'Fmscout.com'}",Stam,FM26 New Features: The Complete List,"Sports Interactive first confirmed Football Manager 2026 on August 13th 2025, in a teaser that briefly revealed actual game footage. 

FM 2026 will be the first Football Manager release to use the Unity game engine, which powers many of the best-known games i…",https://www.fmscout.com/a-football-manager-2026-new-features.html,https://www.fmscout.com/assets/fm26-new-features.png,2025-09-11T00:30:00Z,"Sports Interactive first confirmed Football Manager 2026 on August 13th 2025, in a teaser that briefly revealed actual game footage. FM 2026 will be the first Football Manager release to use the Unit… [+7188 chars]",sports
"{'id': None, 'name': 'Anchor Of Gold'}",SB Nation,2025 Staff Pick’em Week 3,Week 1 was weird enough to trip up our picks early.,https://www.anchorofgold.com/staffpickem/29495/2025-staff-pickem-week-3,https://s.yimg.com/ny/api/res/1.2/gWOZl3h_vZ.lIvEzbC_OYQ--/YXBwaWQ9aGlnaGxhbmRlcjt3PTEyMDA7aD04MDA7Y2Y9d2VicA--/https://media.zenfs.com/en/sb_nation_articles_115/dd141e8278787b609d6db3030763bf76,2025-09-11T00:30:00Z,"The team was over .500 in Week 2 with a combined 41-37 record. This one was mostly my fault as I came up the worst at 4-9. Only Tom at 6-7 was below even. Cole, Christian, and the Commentariat (new b… [+3723 chars]",sports
"{'id': 'marca', 'name': 'Marca'}",marca.com,NFL voices unite in grief and outrage after Charlie Kirk's fatal campus shooting,"Charlie Kirk, the 31-year-old founder of Turning Point USA, was fatally shot while speaking on the campus of Utah Valley University in Orem, Utah, as part of his &quot;American Com",https://www.marca.com/en/nfl/2025/09/11/68c2173c46163fb43e8b45dd.html,https://e01-phantom-marca.uecdn.es/5121aa14d520e14dd770642fc63bd1f7/resize/1200/f/webp/assets/multimedia/imagenes/2025/09/11/17575499453719.jpg,2025-09-11T00:27:12Z,"Charlie Kirk, the 31-year-old founder of Turning Point USA, was fatally shot while speaking on the campus of Utah Valley University in Orem, Utah, as part of his ""American Comeback Tour"" on September… [+2835 chars]",sports
"{'id': None, 'name': 'Pypi.org'}",will.sackfield@gmail.com,sportsball 0.33.10,A library for pulling in and normalising sports stats.,https://pypi.org/project/sportsball/0.33.10/,,2025-09-11T00:24:15Z,"A required part of this site couldnt load. This may be due to a browser
 extension, network issues, or browser settings. Please check your
 connection, disable any ad blockers, or try using a diffe… [+12 chars]",sports
"{'id': 'newsweek', 'name': 'Newsweek'}",Andrew Ravens‎,WWE WrestleMania May Be Headed To Saudi Arabia Soon,A new report suggests there is a major push for WWE to hold a WrestleMania in Saudi Arabia,https://www.newsweek.com/sports/wrestling/wwe-wrestlemania-may-headed-saudi-arabia-soon-2127997,https://d.newsweek.com/en/full/2650320/wwe-wrestlemania-41-las-vegas.jpg,2025-09-11T00:23:21Z,"WWE's biggest event of the year, WrestleMania, could be going international in a huge way. A new report suggests that there is a push for the event to take place in Saudi Arabia, a move that could po… [+2352 chars]",sports
"{'id': None, 'name': 'CBS Sports'}",Chris Hummer,"'In hindsight, we're good': Tennessee sources revisit Nico Iamaleava saga, embrace Joey Aguilar as better fit",How Tennessee feels about its QB change a few months later and a look at how the split happened in the first place.,https://www.cbssports.com/college-football/news/in-hindsight-were-good-tennessee-sources-revisit-nico-iamaleava-saga-embrace-joey-aguilar-as-better-fit/,https://sportshub.cbsistatic.com/i/r/2025/08/31/41eb1f74-e523-4cef-ac8f-dcaa719f35c9/thumbnail/1200x675/8d88d697b27a9bb99f6ecb96ac93a480/usatsi-26965855.jpg,2025-09-11T00:20:40Z,"Folks around the Tennessee football program would deny it publicly, but several are closely tracking Nico Iamaleava'sweekly slide from grace at UCLA. ""There are some who pay attention for sure,"" a Te… [+10298 chars]",sports
"{'id': None, 'name': 'On3.com'}",Andy Villamarzo,Arizona High School Football Top 25 Rankings – Sept. 10,"Arizona high school football has gone through two weeks of ball and from playing major out-of-state opponents to in-state foes, it’s clear there’s plenty of strong programs out in the desert. From top-ranked Basha to Hamilton and Liberty, Arizona has proven o…",https://www.on3.com/high-school/news/arizona-high-school-football-top-25-rankings-sept-10/,https://on3static.com/uploads/dev/assets/cms/2025/09/10165721/AZ-top-25.png,2025-09-11T00:17:33Z,"Arizona high school football has gone through two weeks of ball and from playing major out-of-state opponents to in-state foes, its clear theres plenty of strong programs out in the desert. From top-… [+4379 chars]",sports
"{'id': None, 'name': 'Yahoo Entertainment'}",Asli Pelit,"American investors spent big on NWSL, but now they have options abroad","The National Women’s Soccer League (NWSL) has long been the obvious destination for investors looking to align themselves with the growth of women’s soccer. Until about 2022, the league offered attractive franchise fees, between $1 million and $2 million, and…",https://sports.yahoo.com/article/american-investors-spent-big-nwsl-001604886.html,https://s.yimg.com/ny/api/res/1.2/MTqfq1TKw0ScDY4HMzHbDg--/YXBwaWQ9aGlnaGxhbmRlcjt3PTEyMDA7aD04Njc7Y2Y9d2VicA--/https://media.zenfs.com/en/the_athletic_articles_169/b58d24c8b9a51bc0c0ebaca8ea44fcba,2025-09-11T00:16:04Z,"The National Womens Soccer League (NWSL) has long been the obvious destination for investors looking to align themselves with the growth of womens soccer.
Until about 2022, the league offered attrac… [+10795 chars]",sports
"{'id': None, 'name': 'New York Post'}",Marissa Matozzo,Bridezilla kicks bridesmaid out of wedding pictures because she has this on her body: ‘Extremely disrespectful’,She wants her wedding photos airbrushed — starting with the bridesmaids.,https://nypost.com/2025/09/10/lifestyle/bride-bans-tattooed-bridesmaid-from-pics-to-avoid-overshadow/,https://nypost.com/wp-content/uploads/sites/2/2025/09/111105636.jpg?quality=75&strip=all&w=1024,2025-09-11T00:15:00Z,"This bridezilla wants her wedding photos airbrushed starting with the bridesmaids.
A bridesmaid in London claims she was banned from the big-day photo lineup after the bride allegedly feared shed ov… [+2911 chars]",sports
"{'id': 'newsweek', 'name': 'Newsweek'}",Matthew Couden,Lions' Dan Campbell Makes Bold Statement to Ben Johnson for Bears Game,"Detroit Lions head coach Dan Campbell had a strong message for his former offensive coordinator, Ben Johnson, ahead of the Chicago Bears game.",https://www.newsweek.com/sports/nfl/lions-dan-campbell-makes-bold-statement-ben-johnson-bears-game-2127988,https://d.newsweek.com/en/full/2297624/lions-head-coach-dan-campbell.jpg,2025-09-11T00:11:10Z,"Detroit Lions head coach Dan Campbell may have given his former offensive coordinator, Ben Johnson, some extra motivation to pull off a Week 2 upset.
Johnson, now head coach for the Chicago Bears, w… [+3006 chars]",sports
"{'id': None, 'name': 'KSNT News'}",Sydney Clark,No. 12 Washburn volleyball heads into home invitational undefeated,TOPEKA (KSNT) – The No.12 Ichabods are set to host the ‘Washburn Invitational’ this weekend in Whiting Fieldhouse. Washburn will open the invitational on Friday against Truman State at 11 a.m. The ‘Bods start their season 4-0 after going undefeated in the ‘Or…,https://www.ksnt.com/news/no-12-washburn-volleyball-heads-into-home-invitational-undefeated/,https://www.ksnt.com/wp-content/uploads/sites/86/2022/11/WASHBURN-VOLLEYBALL-1.jpg?w=1280,2025-09-11T00:10:23Z,"TOPEKA (KSNT) – The No.12 Ichabods are set to host the ‘Washburn Invitational’ this weekend in Whiting Fieldhouse. Washburn will open the invitational on Friday against Truman State at 11 a.m.
The ‘… [+1156 chars]",sports
"{'id': None, 'name': 'Wallpaper*'}",Tianna Williams,This Andre Agassi-backed sports club in Philadelphia might be the most stylish athletic facility we've ever seen,"At Ballers in Philadelphia, you can play tennis, take a dip and have dinner beneath one soaring roof. Here's a look inside",https://www.wallpaper.com/travel/ballers-sports-club-philadelphia,https://cdn.mos.cms.futurecdn.net/oP72ubuZw8bxm3pTriub2b.jpg,2025-09-11T00:09:03Z,"Racquet sports are talk of the town. From the release of Luca Guadagnino's sport romance Challengers last year, to a summer of Wimbledon to the wind down of the US Open last week, there's been enough… [+3042 chars]",sports
"{'id': None, 'name': 'The New Republic'}",Right Now With Perry Bacon,Transcript: Why Democratic Leadership Is Clueless About Politics,"The following is a lightly edited transcript of the September 10 episode of Right Now With Perry Bacon. You can watch this interview here.Perry Bacon: Good morning everybody. I’m Perry Bacon. I’m the host of New Republic’s Right Now, our twice-weekly show on …",https://newrepublic.com/article/200259/transcript-democratic-leadership-clueless-politics,https://images.newrepublic.com/11b8a5a387084bd1c4ddeb5ca157b98b6e43a94c.jpeg?w=1200&h=630&crop=faces&fit=crop&fm=jpg,2025-09-11T00:08:05Z,Litman: Theyre going to have to go through a full rebranding exercise the way the Democrats had to do after Obama and we saw how that works. It doesnt go that well when you dont have the unifying fig… [+4523 chars],sports
"{'id': None, 'name': 'Biztoc.com'}",theverge.com,The Ferrari Testarossa returns as a plug-in hyrbid with 1035hp,"If you need another sign that the go-go ‘80s are back, look no further than the return of the fabled Ferrari Testarossa nameplate, which the Italian automaker announced this week in Milan. But this is no retread: the new 849 Testarossa now sports a hybrid pow…",https://biztoc.com/x/77c079e380058619,https://biztoc.com/cdn/77c079e380058619_s.webp,2025-09-11T00:07:51Z,"If you need another sign that the go-go 80s are back, look no further than the return of the fabled Ferrari Testarossa nameplate, which the Italian automaker announced this week in Milan. But this is… [+150 chars]",sports
"{'id': None, 'name': 'ClutchPoints'}",Troy Finnegan,Cowboys rumors: Dallas ‘probably not’ signing Jadeveon Clowney after visit,"Jadeveon Clowney worked out for the Cowboys on Wednesday, but it doesn't look like he will be in Dallas long-term.",https://clutchpoints.com/nfl/dallas-cowboys/cowboys-rumors-dallas-not-signing-jadeveon-clowney,https://wp.clutchpoints.com/wp-content/uploads/2025/09/Jadeveon-Clowney.jpg,2025-09-11T00:07:10Z,"The Dallas Cowboys have been looking for help on the edge ever since trading Micah Parsons to the Green Bay Packers, and they tried to address that by bringing in veteran defensive end Jadeveon Clown… [+1982 chars]",sports
"{'id': 'cbc-news', 'name': 'CBC News'}",,"Citing illness, Canadian rider Mike Woods pulls out of his swansong race in Montreal","Citing illness, Canadian rider Mike Woods has pulled out of Sunday's Grand Prix Cycliste de Montreal. Israel-Premier Tech said the 38-year-old from Ottawa has been ""suffering from illness in the past week and will require surgery for a hernia, which has made …",https://www.cbc.ca/sports/olympics/summer/cycling/mike-woods-illness-grand-prix-cycliste-de-montreal-1.7630767,https://i.cbc.ca/1.6961856.1694268089!/fileImage/httpImage/image.jpg_gen/derivatives/16x9_1180/woods-mike-230715-1180.jpg?im=Resize%3D620,2025-09-11T00:06:49Z,"Citing illness, Canadian rider Mike Woods has pulled out of Sunday's Grand Prix Cycliste de Montreal.
Israel-Premier Tech said the 38-year-old from Ottawa has been ""suffering from illness in the pas… [+2323 chars]",sports
"{'id': None, 'name': 'Nintendo Life'}",Liam Doolan,"Round Up: Every ""Exciting New Game"" From The Acclaim Showcase","""Acclaim makes a triumphant return"".Acclaim is back, and earlier today, it welcomed in a ""new era"" with its very own showcase. If you didn't tune in, don't worry - we've got you covered here on Nintendo Life with a quick round up.Although there is only one ga…",https://www.nintendolife.com/news/2025/09/round-up-every-exciting-new-game-from-the-acclaim-showcase,https://images.nintendolife.com/5bc31c6d9e83d/large.jpg,2025-09-11T00:05:00Z,"Watch on YouTube
Subscribe to Nintendo Life on YouTube834k
Acclaim is back, and earlier today, it welcomed in a ""new era"" with its very own showcase. If you didn't tune in, don't worry - we've got … [+6024 chars]",sports
"{'id': 'ign', 'name': 'IGN'}",coreydemoss,A NASCAR Playoff Explainer for Newcomers to the Sport,,https://www.ign.com/articles/a-nascar-playoff-explainer-for-newcomers-to-the-sport,https://assets-prd.ignimgs.com/2025/09/10/nascar-playoffs-hero-1757541979329.jpg?width=1280&format=jpg&auto=webp&quality=80,2025-09-11T00:01:12Z,"Has playing racing games ever made you curious about real-life motorsports, but you havent been sure where to start? Well, nows the time to jump in, with the NASCAR Cup Series Playoffs in full swing.… [+6189 chars]",sports
"{'id': None, 'name': 'Blessthisstuff.com'}",1956 JAGUAR D-TYPE,1956 JAGUAR D-TYPE,"A rare 1956 Jaguar D-Type
 is set to cross the block at Broad Arrow's Zurich Auction in 2025, 
estimated between CHF 5.25 and 6.25 million. One of only 71 original 
D-Types produced by Coventry between 1954 and 1957, this example, 
chassis XKD-551, stands apa…",https://www.blessthisstuff.com/stuff/vehicles/cars/1956-jaguar-d-type/,https://www.blessthisstuff.com/imagens/stuff/1956-jaguar-d-type.jpg,2025-09-11T00:00:00Z,"A rare 1956 Jaguar D-Type is set to cross the block at Broad Arrow's Zurich Auction in 2025, estimated between CHF 5.25 and 6.25 million. One of only 71 original D-Types produced by Coventry between … [+1309 chars]",sports
"{'id': 'the-times-of-india', 'name': 'The Times of India'}",TNN,Fitch ups India's growth forecast for FY26 to 6.9%,"India Business News: NEW DELHI: Fitch Ratings on Wednesday revised India's GDP growth forecast for the fiscal year ending March 2026 to 6.9% from the earlier 6.5%, citing .",https://timesofindia.indiatimes.com/business/india-business/fitch-ups-indias-growth-forecast-for-fy26-to-6-9/articleshow/123820752.cms,"https://static.toiimg.com/thumb/msid-123820849,width-1070,height-580,imgsize-26124,resizemode-75,overlay-toi_sw,pt-32,y_pad-40/photo.jpg",2025-09-11T03:16:01Z,Pati Patni aur Panga host Sonali Bendres stunning saree styles,business
"{'id': None, 'name': 'Twistedsifter.com'}",Michael Levanduski,"He Tried Multiple Times To Tell His Neighbor That Their Landscaping Project Was Violating City Law And HOA Guidelines, But He Was Told To Mind His Own Business","As the saying goes, you can show a horse to water, but you can't make him drink.",http://twistedsifter.com/2025/09/he-tried-multiple-times-to-tell-his-neighbor-that-their-landscaping-project-was-violating-city-law-and-hoa-guidelines-but-he-was-told-to-mind-his-own-business/,https://twistedsifter.com/wp-content/uploads/2025/08/Mad-Neighbor.jpg,2025-09-11T03:15:34Z,"Shutterstock, Reddit
Just about every city and neighborhood has a set of laws in place that regulates what you can and can’t do on a piece of property.
What would you do if you tried to tell your n… [+6256 chars]",business
"{'id': None, 'name': 'Muslimmatters.org'}",MuslimMatters,"150 Muslim Leaders And Institutions Now Say Arab Muslim Nations Should Cancel Abraham Accords, Suspend Oil Sales, Close Airspace To Israel, And Send Diplomatic Aid Mission To Gaza","Over 150 Muslim scholars, imams, community leaders, and institutions in the United States and several other nations have now endorsed a joint statement expressing their view that governments of Arab Muslim nations should immediately cut any ties with Israel, …",https://muslimmatters.org/2025/09/10/150-muslim-leaders-and-institutions-now-say-arab-muslim-nations-should-cancel-abraham-accords-suspend-oil-sales-close-airspace-to-israel-and-send-diplomatic-aid-mission-to-gaza/,https://c7c8edde.rocketcdn.me/wp-content/uploads/Faithwashing-Apartheid-1000x600.png,2025-09-11T03:14:10Z,"Over 150 Muslim scholars, imams, community leaders, and institutions in the United States and several other nations have now endorsed a joint statement
 expressing their view that governments of Ara… [+7717 chars]",business
"{'id': 'the-times-of-india', 'name': 'The Times of India'}",TNN,IDBI Bank files new insolvency plea against Zee,India Business News: MUMBAI: IDBI Bank has once again dragged Zee Entertainment Enterprises to the insolvency court. It has filed a fresh application before the Mumbai ben.,https://timesofindia.indiatimes.com/business/india-business/idbi-bank-files-new-insolvency-plea-against-zee/articleshow/123820761.cms,"https://static.toiimg.com/thumb/msid-123820896,width-1070,height-580,imgsize-22334,resizemode-75,overlay-toi_sw,pt-32,y_pad-40/photo.jpg",2025-09-11T03:10:17Z,Pati Patni aur Panga host Sonali Bendres stunning saree styles,business
"{'id': None, 'name': 'Minethatdata.com'}",Unknown,It's Different Today,"Database Marketing, Data Mining, Analytics, Big Data, Forecasting, Segmentation, Predictive Modeling, Measurement, Catalog, Business",https://blog.minethatdata.com/2025/09/its-different-today.html,https://blogger.googleusercontent.com/img/b/R29vZ2xl/AVvXsEhzDWpGBqxy-b4Dqetsy7SOdaT2mC-X-XUP54NXKFmnXWuMZ4f7YT3-4Er0wrs_9GxYJ1vrLjrCtV2Wn7tGBh79Fpt9PDfDJE7EtEnu-aK9zzo1GtiHFsFHGs6EL-Lv4vY8g-xDf4-NBeraaAjZLsqNXWSJhdUSwvrsu1ApTPogFe5CC5EpKtrl5g/w1200-h630-p-k-no-nu/CoPilot_Lemonhead_Tomatohead03.png,2025-09-11T03:10:00Z,"Not quite sure what AI had in mind as it blended a bunch of stuff in this image.
Maybe a decade ago I visited a retail brand - the CEO was ANGRY - we've all been in the meetings. HIs anger was obvio… [+973 chars]",business
"{'id': 'financial-post', 'name': 'Financial Post'}",GlobeNewswire,Bioptimus Assembles Elite Scientific Advisory Board to Build Next-Gen AI Models for Biology,"Eight internationally renowned experts join Bioptimus to pioneer large-scale foundation models that will transform science and medicine PARIS, Sept. 11, 2025 (GLOBE NEWSWIRE) — Bioptimus, the pioneering start-up building the world’s first universal foundation…",https://financialpost.com/globe-newswire/bioptimus-assembles-elite-scientific-advisory-board-to-build-next-gen-ai-models-for-biology,https://smartcdn.gprod.postmedia.digital/financialpost/wp-content/uploads/2025/09/bioptimus-assembles-elite-scientific-advisory-board-to-build.jpeg,2025-09-11T03:08:22Z,"Eight internationally renowned experts join Bioptimus to pioneer large-scale foundation models that will transform science and medicine
THIS CONTENT IS RESERVED FOR SUBSCRIBERS ONLY
Subscribe now t… [+5038 chars]",business
"{'id': None, 'name': 'Digital Journal'}",AFP,Musk’s title of richest person challenged by Oracle’s Ellison,"Billionaire Elon Musk is at risk of losing his title of world’s wealthiest person to Oracle co-founder Larry Ellison, whose software giant stands poised for massive AI riches. Ellison, 81, amassed more than $100 billion in additional wealth Wednesday as Oracl…",https://www.digitaljournal.com/world/musks-title-of-richest-person-challenged-by-oracles-ellison-2/article,https://www.digitaljournal.com/wp-content/uploads/2025/09/8d976cdf7d32f54606cd3d0ea7bc33dbdeefe0a1-1.jpg,2025-09-11T03:07:49Z,"A surge in Oracle shares lifted Larry Ellison into a close race with Tesla's Elon Musk as the world's wealthiest person - Copyright AFP/File Kirill KUDRYAVTSEV
Billionaire Elon Musk is at risk of lo… [+1808 chars]",business
"{'id': 'the-times-of-india', 'name': 'The Times of India'}",TNN,Urban Company IPO subscribed 3.1 times on Day 1,"India Business News: BENGALURU: Urban Company's initial public offering (IPO) witnessed strong demand on the first day, with the issue subscribed 3.1 times. The surge was .",https://timesofindia.indiatimes.com/business/india-business/urban-company-ipo-subscribed-3-1-times-on-day-1/articleshow/123820462.cms,"https://static.toiimg.com/thumb/msid-123820720,width-1070,height-580,imgsize-17132,resizemode-75,overlay-toi_sw,pt-32,y_pad-40/photo.jpg",2025-09-11T03:07:35Z,Pati Patni aur Panga host Sonali Bendres stunning saree styles,business
"{'id': None, 'name': 'Biztoc.com'}",reuters.com,Indian state awards Adani Power contract for 800 MW coal plant,,https://biztoc.com/x/a2682eb0a806a9c4,https://biztoc.com/cdn/a2682eb0a806a9c4_s.webp,2025-09-11T03:07:16Z,"{ window.open(this.href, '_blank'); }, 200); return false;""&gt;Why did Oracle stock surge dramatically today? { window.open(this.href, '_blank'); }, 200); return false;""&gt;How did Boeing strike reso… [+763 chars]",business
"{'id': 'business-insider', 'name': 'Business Insider'}",Lloyd Lee,Amazon's Zoox launches robotaxi with free rides in Las Vegas. San Francisco is next.,Zoox's robotaxi can take riders to five destinations on The Strip. A spokesperson said most of the 50 robotaxis deployed will be in Vegas.,https://www.businessinsider.com/amazons-zoox-robotaxi-las-vegas-launches-free-rides-sf-2025-9,https://i.insider.com/68c2267957d362d375e7f081?width=1200&format=jpeg,2025-09-11T03:05:08Z,"Zoox, an Amazon-backed startup, is launching its robotaxi service 11 years after it was founded in 2014.Courtesy Zoox
<ul><li>Amazon's Zoox makes purpose-built robotaxis with no steering wheel or pe… [+2038 chars]",business
"{'id': None, 'name': 'Doctorofcredit.com'}",Chuck,"Chase INK Cash & INK Unlimited: $900/90,000 Points Signup Bonus","Chase is offering increased signup bonuses via mychasecreditcards.com on the INK Cash and INK Unlimited no-annual-fee cards:

Earn $900 Bonus Cash Back after you spend $6,000 on purchases in the first 3 months after account opening.",https://www.doctorofcredit.com/chase-ink-cash-ink-unlimited-900-90000-points-signup-bonus/,https://www.doctorofcredit.com/wp-content/uploads/2025/09/Screenshot-2025-09-10-at-10.54.01 PM.png,2025-09-11T03:04:27Z,"The Offer
Direct Link to offer
<ul><li>Chase is offering increased signup bonuses via mychasecreditcards.com on the INK Cash and INK Unlimited no-annual-fee cards:
<ul><li>Earn $900 Bonus Cash Bac… [+755 chars]",business
"{'id': None, 'name': 'Albuquerque Journal'}",Geoff Grammer / Journal Staff Writer,By the numbers: Albuquerque Isotopes enjoy historic offensive game in El Paso,"Sep. 10—The Albuquerque Isotopes had one of those games Wednesday. Though already locked into their 11th-consecutive losing season with just 11 games remaining in the schedule, Albuquerque's Triple-A team took out some frustrations on the Chihuahuas pitchers …",https://www.abqjournal.com/sports/article_0347de05-563e-4cad-9abd-4cc4a984d652.html,https://bloximages.chicago2.vip.townnews.com/abqjournal.com/content/tncms/assets/v3/editorial/d/17/d1750005-60f8-4718-9108-27df1e6c48be/68ac13d1b1e46.image.jpg?crop=1757%2C922%2C0%2C32&resize=1200%2C630&order=crop%2Cresize,2025-09-11T03:03:00Z,"Exclusive Business Outlook Newsletter, delivered every Monday. Designed for paid subscribers, it provides narrative coverage of local trends, industry news, and key economic updates, going beyond the… [+31 chars]",business
"{'id': None, 'name': 'Albuquerque Journal'}",Ken Sickenger / Journal Staff Writer,Wounded UNM volleyball team set to face 'avalanche',"Sep. 10—Would you prefer the good news first, or the not-so-good news? That's the kind of roller-coaster start it's been for the UNM volleyball team in 2025. The Lobos have put up great numbers over the season's first two weeks while dealing with a growing in…",https://www.abqjournal.com/sports/article_63a0e97f-a121-4430-8b38-24dab9124206.html,https://bloximages.chicago2.vip.townnews.com/abqjournal.com/content/tncms/assets/v3/editorial/6/5a/65a28e8f-570f-4160-a377-c78884d99f52/68b391ac191a0.image.jpg?crop=1162%2C610%2C262%2C251,2025-09-11T03:02:00Z,"Exclusive Business Outlook Newsletter, delivered every Monday. Designed for paid subscribers, it provides narrative coverage of local trends, industry news, and key economic updates, going beyond the… [+31 chars]",business
"{'id': None, 'name': 'Albuquerque Journal'}",Sean Reider / Journal Staff Writer,"UNM football notebook: DE Darren Agu is back with the Lobos after missing camp, first two games","Sep. 10—In the minutes before New Mexico kicked off at Michigan, it was well past midnight in London. And Darren Agu couldn't find the channel. ""So I had to watch it on FaceTime through my girlfriend's phone,"" UNM's junior defensive end said Monday. ""She had …",https://www.abqjournal.com/sports/article_7c585c38-c039-49f6-93ab-0f25dbc5687a.html,https://bloximages.chicago2.vip.townnews.com/abqjournal.com/content/tncms/assets/v3/editorial/b/f5/bf519b49-cd83-420f-9cf4-b40a05ba4268/68c215a37792f.image.jpg?crop=948%2C498%2C470%2C44,2025-09-11T03:01:00Z,"Exclusive Business Outlook Newsletter, delivered every Monday. Designed for paid subscribers, it provides narrative coverage of local trends, industry news, and key economic updates, going beyond the… [+31 chars]",business
"{'id': None, 'name': 'Pypi.org'}",evaldas@dialexity.com,dialectical-framework 0.5.0,"A dialectical framework for augmented intelligence. AI reasoning powered with dialectics supports humans in: system optimization (psychology, engineering, business, politics, etc.); dispute resolution (mediation, conflicts, negotiations, etc.); decision-makin…",https://pypi.org/project/dialectical-framework/0.5.0/,,2025-09-11T03:00:59Z,"A required part of this site couldnt load. This may be due to a browser
 extension, network issues, or browser settings. Please check your
 connection, disable any ad blockers, or try using a diffe… [+12 chars]",business
"{'id': None, 'name': 'New Zealand Herald'}",NZ Herald,"Boutique dairy company Cranky Goat in liquidation, creditors face possible shortfall",It's the second dairy company to go into liquidation in as many weeks.,https://www.nzherald.co.nz/business/boutique-dairy-company-cranky-goat-in-liquidation-creditors-face-possible-shortfall/FODVLFV2WFETLOERIBIRKNZS5M/,https://www.nzherald.co.nz/resizer/v2/JXT43HYHNIIWICWXRQCNYG62GA.jpg?auth=11028ad94f4ce0b7887948f6724b37b66fbd70c829b540ab7718ce11d7fcaf89&width=1200&height=675&quality=70&focal=515%2C325&smart=false,2025-09-11T03:00:00Z,"Weve poured our souls into this business, fighting through three major weather events and the unprecedented challenges of Covid-19 with brave faces and unwavering determination.
We fought as hard as… [+1620 chars]",business
"{'id': 'financial-post', 'name': 'Financial Post'}",Bloomberg News,Barrick Sells Its Last Gold Mine in Canada for $1.1 Billion,"Barrick Mining Corp. agreed to sell its last gold mine in Canada for as much as $1.1 billion, as the global mining giant capitalizes on surging bullion prices and accelerates a shift toward copper.",https://financialpost.com/pmn/business-pmn/barrick-sells-its-last-gold-mine-in-canada-for-1-1-billion,https://smartcdn.gprod.postmedia.digital/financialpost/wp-content/uploads/2025/09/barricks-gold-output-has-been-falling-for-years-ceo-mark-br.jpg,2025-09-11T02:59:04Z,"(Bloomberg) Barrick Mining Corp. agreed to sell its last gold mine in Canada for as much as $1.1 billion, as the global mining giant capitalizes on surging bullion prices and accelerates a shift towa… [+4372 chars]",business
"{'id': None, 'name': 'soompi'}",J Yousuf,6 Gender-Bender Romance K-Dramas To Watch If You Liked “My Girlfriend Is The Man!”,"After six weeks of laughter, heart, unexpected twists, and phenomal performances from ASTRO’s Yoon San Ha, Oh My Girl’s Arin, and Yoo Jung Hoo, “My Girlfriend is the Man!” has officially wrapped up. What set this drama apart was its refreshing take on the gen…",http://www.soompi.com/article/1772301wpp/6-gender-bender-romance-k-dramas-to-watch-if-you-liked-my-girlfriend-is-the-man,https://0.soompi.io/wp-content/uploads/2025/09/08042011/my-girlfriend-is-the-man-coffee-prince-youre-beautiful.jpg,2025-09-11T02:57:42Z,"After six weeks of laughter, heart, unexpected twists, and phenomal performances from ASTRO’s Yoon San Ha, Oh My Girl’s Arin, and Yoo Jung Hoo, “My Girlfriend is the Man!” has officially wrapped up. … [+6975 chars]",business
"{'id': None, 'name': 'Sporting News'}",Adam Schultz,Ravens' Lamar Jackson opens up on 'different' Joe Flacco feeling,Baltimore Ravens quarterback Lamar Jackson will be facing Joe Flacco in Week 2 in what will be an odd experience.,https://www.sportingnews.com/us/nfl/baltimore-ravens/news/ravens-lamar-jackson-different-joe-flacco-feeling/31de2a741182eb53f2e247f0,https://library.sportingnews.com/styles/crop_style_16_9_desktop_webp/s3/2025-06/USATSI_10362359.jpg.webp?itok=JMs0CGb6,2025-09-11T02:57:08Z,"Baltimore Ravens quarterback Lamar Jackson facing the Cleveland Browns is nothing new in his NFL career, having to see them twice a year as division rivals, but one thing that will be new for Jackson… [+1581 chars]",business
"{'id': 'the-times-of-india', 'name': 'The Times of India'}",Bloomberg,$393bn: Larry Ellison tops Elon Musk as richest man,"International Business News: Larry Ellison has become the world's richest person for the first time, ending Elon Musk's nearly year-long reign in the top spot. Ellison's fortune s.",https://timesofindia.indiatimes.com/business/international-business/393bn-larry-ellison-tops-elon-musk-as-richest-man/articleshow/123820521.cms,"https://static.toiimg.com/thumb/msid-123820719,width-1070,height-580,imgsize-19492,resizemode-75,overlay-toi_sw,pt-32,y_pad-40/photo.jpg",2025-09-11T02:54:44Z,Pati Patni aur Panga host Sonali Bendres stunning saree styles,business
"{'id': 'the-times-of-india', 'name': 'The Times of India'}",Asmita Dey,Steve Waugh pads up to bring select Oz brands to India,"India Business News: MUMBAI: At 60, when few people gather the courage to try something new, Steve Waugh is undertaking an entrepreneurial stint in India.The former Austra.",https://timesofindia.indiatimes.com/business/india-business/steve-waugh-pads-up-to-bring-select-oz-brands-to-india/articleshow/123820509.cms,"https://static.toiimg.com/thumb/msid-123820541,width-1070,height-580,imgsize-34932,resizemode-75,overlay-toi_sw,pt-32,y_pad-40/photo.jpg",2025-09-11T02:54:20Z,Pati Patni aur Panga host Sonali Bendres stunning saree styles,business
"{'id': 'the-times-of-india', 'name': 'The Times of India'}",Agencies,Sebi eases compliance norms for FPIs investing in g-secs,India Business News: New Delhi: Markets regulator Sebi on Wednesday said foreign portfolio investors who put money only in govt securities under the fully accessible route.,https://timesofindia.indiatimes.com/business/india-business/sebi-eases-compliance-norms-for-fpis-investing-in-g-secs/articleshow/123820466.cms,"https://static.toiimg.com/thumb/msid-123820466,width-1070,height-580,imgsize-null,resizemode-75,overlay-toi_sw,pt-32,y_pad-40/photo.jpg",2025-09-11T02:53:52Z,Pati Patni aur Panga host Sonali Bendres stunning saree styles,business
"{'id': None, 'name': 'Slashdot.org'}",feedfeeder,Futures Rise After Oracle Rockets; Five New AI Buys - Investor's Business Daily,Futures Rise After Oracle Rockets; Five New AI BuysInvestor's Business Daily Oracle Shares Skyrocket as Software Giant Scores Massive AI DealsThe Wall Street Journal CNBC Daily Open: No one saw Oracle's explosive growth comingCNBC Oracle’s Sudden Rally Demand…,https://slashdot.org/firehose.pl?op=view&amp;id=179153678,,2025-09-11T02:52:05Z,The Fine Print: The following comments are owned by whoever posted them. We are not responsible for them in any way.,business
"{'id': None, 'name': 'Pypi.org'}",evaldas@dialexity.com,dialectical-framework 0.4.6,"A dialectical framework for augmented intelligence. AI reasoning powered with dialectics supports humans in: system optimization (psychology, engineering, business, politics, etc.); dispute resolution (mediation, conflicts, negotiations, etc.); decision-makin…",https://pypi.org/project/dialectical-framework/0.4.6/,,2025-09-11T02:50:09Z,"A required part of this site couldnt load. This may be due to a browser
 extension, network issues, or browser settings. Please check your
 connection, disable any ad blockers, or try using a diffe… [+12 chars]",business
"{'id': None, 'name': 'Sporting News'}",Andrew Hughes,"Micky Arison, Pat Riley’s impatience can lead to Heat pursuing Kevin Durant in 2026 NBA free agency","The Miami Heat's brain trust may want to add a star in 2026 free agency, possibly leading to yet another Kevin Durant pursuit.",https://www.sportingnews.com/us/nba/miami-heat/news/micky-arison-pat-riley-impatience-can-lead-heat-pursuing-kevin-durant-2026-nba-free-agency/4f25790a84e9ceeadf8146b6,https://library.sportingnews.com/styles/crop_style_16_9_desktop_webp/s3/2025-09/USATSI_24695442.jpg.webp?itok=fgm7O_QP,2025-09-11T02:38:42Z,"The Miami Heat were reportedly unreasonable in trade negotiations with the Phoenix Suns for Kevin Durant, leading to the Houston Rockets having the winning bid. Miami wouldnt part with Kel'el Ware or… [+2209 chars]",business
"{'id': None, 'name': 'New Zealand Herald'}",Rotorua Daily Post,Bay of Plenty farmers star in Recloaking the Bay film to be screened in Rotorua,Recloaking the Bay will be screened at Prince's Gate Hotel in Rotorua next week.,https://www.nzherald.co.nz/rotorua-daily-post/news/bay-of-plenty-farmers-star-in-recloaking-the-bay-film-to-be-screened-in-rotorua/TGIHWPRVJNAA5BJAQYPLT6AJUU/,https://www.nzherald.co.nz/resizer/v2/IETLD6S7PNFFBNB7JFYYCOBQY4.jpg?auth=e8655fbb244c0de02cc9d1a7b197cc2ce73c7a5559a221c5d875a9a8a6fc7728&width=1200&height=675&quality=70&smart=true,2025-09-11T02:31:01Z,"This could save $10,000 to $15,000 per hectare when compared to conventional approaches, it said.
Forestry-grade planting approaches cost about $4000 to $8000 per hectare.
When extrapolated across … [+1978 chars]",business
"{'id': None, 'name': 'Commonsensewithmoney.com'}",F2D,Microsoft Office – One Time Purchase – No Monthly Fees! Just $11.00!,"Get Microsoft Office Home & Business (One Time Purchase – No Monthly Fee) as low as $11.00 with code DISCOUNT5 at checkout! This is a one time purchase – No Monthly Fees! This bundle is for families, students, and small businesses who ...",https://www.commonsensewithmoney.com/microsoft-office-one-time-purchase-no-monthly-fees-just-11-00-73/,https://www.commonsensewithmoney.com/wp-content/uploads/2025/09/cmoffice-5.png,2025-09-11T02:30:09Z,Get Microsoft Office Home &amp; Business (One Time Purchase – No Monthly Fee) as low as $11.00 with code DISCOUNT5 at checkout! This is a one time purchase – No Monthly Fees! This bundle is for famil… [+469 chars],business
"{'id': None, 'name': 'Nep123.com'}",Editor,Nepal News Now!  Breaking Stories & Updates ,Nepal’s Economic Landscape Under Siege: Navigating the Current Crisis The Nepalese economy is currently facing a significant upheaval. This post will provide a concise yet...,https://nep123.com/nepal-news-now-%f0%9f%87%b3%f0%9f%87%b5-breaking-stories-updates-%f0%9f%94%a5%f0%9f%93%b0/,https://nep123.com/wp-content/uploads/2025/07/city_road_ghanta.jpg,2025-09-11T02:30:03Z,"The Nepalese economy is currently facing a significant upheaval. This post will provide a concise yet informative update on the ongoing business happenings in Nepal, detailing the impact of the recen… [+4674 chars]",business
"{'id': None, 'name': 'Ndtvprofit.com'}",Shreya Sur,"Who Was Charlie Kirk? US Conservative Activist, Donald Trump's Ally Shot Dead At Utah Event","Charlie Kirk, a conservative activist and close ally of President Donald Trump, was shot during a speaking event at Utah Valley University in Orem on Wednesday. The shooting leading to his death drew an outpouring of shock and condemnation from Republicans an…",https://www.ndtvprofit.com/world/who-was-charlie-kirk-us-conservative-activist-donald-trumps-ally-shot-dead-at-utah-event,https://media.assettype.com/bloombergquint%2F2025-09-11%2Fymm7so4l%2FG0hBEBIXMAAzECy.jpg?w=1200&auto=format%2Ccompress&ogImage=true,2025-09-11T02:29:08Z,"Kirk, born and raised in the affluent suburbs of Chicago, began his conservative advocacy from a young age. In 2012, as a senior in high school, he wrote a column for the right-wing media outlet Brei… [+1493 chars]",business
"{'id': None, 'name': 'CNA'}",,US fastfood chain Chipotle Mexican Grill to open in Singapore and South Korea in 2026,"<![CDATA[ The California-based company will open the restaurants through a joint venture with South Korea-based food company, SPC Group, which handles Paris Baguette and Shake Shack in Singapore. ]]>",https://cnalifestyle.channelnewsasia.com/dining/chipotle-opening-singapore-south-korea-2026-470971,"https://dam.mediacorp.sg/image/upload/s--y0Avgjex--/c_crop,h_900,w_1600,x_0,y_230/c_fill,g_auto,h_676,w_1200/f_auto,q_auto/v1/mediacorp/cna/image/2025/09/11/chipotle_singapore.jpg?itok=cVZgWCZi",2025-09-11T02:28:00Z,"Chipotle Mexican Grill plans to foray into Asia next year by opening restaurants in South Korea and Singapore, as the bowls and burritos maker seeks to expand its global footprint amid easing consume… [+1335 chars]",business
"{'id': None, 'name': 'BusinessLine'}",KS Badri Narayanan,Shringar House of Mangalsutra IPO subscribed 2 times at end of Day 1,"Shringar House of Mangalsutra IPO subscribed 2 times on Day 1, offering fresh shares at ₹155–165. Invest now!",https://www.thehindubusinessline.com/markets/shringar-house-of-mangalsutra-ipo-subscribed-2-times-at-end-of-day-1/article70035059.ece,https://bl-i.thgim.com/public/incoming/enjzoi/article70022510.ece/alternates/LANDSCAPE_1200/IMG_BL29_MR_IPO_2_1_40EQSUOC.jpg,2025-09-11T02:24:09Z,"The 400.95-crore IPO of Shringar House of Mangalsutra was subscribed two times on Day 1, thanks to aggressive bidding by retail and high net worth individuals. The IPO is entirely a fresh issue of 2.… [+3807 chars]",business
"{'id': None, 'name': 'New York Daily News'}",Gary Phillips,Gleyber Torres jumpstarts Tigers’ offense as Yankees lose another blowout,"As Gleyber Torres prepared for his first game back at Yankee Stadium on Tuesday, the Tigers’ second baseman said that he didn’t harbor any ill will for his former employer. “I know it’s a business,” Torres said when asked if was disappointed that the Yankees …",https://www.nydailynews.com/2025/09/10/gleyber-torres-jumpstarts-tigers-offense-as-yankees-lose-another-blowout/,https://www.nydailynews.com/wp-content/uploads/2025/09/AP25253794430838.jpg?w=1024&h=683,2025-09-11T02:23:00Z,"As Gleyber Torres prepared for his first game back at Yankee Stadium on Tuesday, the Tigers second baseman said that he didnt harbor any ill will for his former employer.
I know its a business, Torr… [+3434 chars]",business
"{'id': None, 'name': 'Yahoo Entertainment'}",Joyce Lee,South Korea's Lee says immigration raid targeting Korean workers could hit US investment,SEOUL (Reuters) -South Korean President Lee Jae Myung said on Thursday a U.S. immigration raid resulting in the detention of hundreds of workers at a Hyundai...,https://www.yahoo.com/news/articles/south-koreas-lee-says-immigration-022149473.html,https://s.yimg.com/ny/api/res/1.2/eWJsyxFABTwEgMSEUjCNOA--/YXBwaWQ9aGlnaGxhbmRlcjt3PTEyMDA7aD02NzU7Y2Y9d2VicA--/https://s.yimg.com/os/creatr-uploaded-images/2025-09/ec434190-8eb9-11f0-bee3-d4f4d680c00d,2025-09-11T02:21:49Z,"By Joyce Lee
SEOUL (Reuters) -South Korean President Lee Jae Myung said on Thursday a U.S. immigration raid resulting in the detention of hundreds of workers at a Hyundai Motor business project coul… [+1408 chars]",business
"{'id': None, 'name': 'Crikey'}",Cochon Truffier,"Marles’ AUKUS mutterings, Betoota’s News Corp prank, and a cursed editor’s note on Charlie Kirk","Plus a Women in Leadership summit should have done more research before picking a venue.
The post Marles’ AUKUS mutterings, Betoota’s News Corp prank, and a cursed editor’s note on Charlie Kirk appeared first on Crikey.",http://www.crikey.com.au/2025/09/11/crikey-tips-betoota-news-corp-jezebel-charlie-kirk/,https://www.crikey.com.au/wp-content/uploads/sites/3/2025/09/tips11sep.jpg?quality=70&w=1024,2025-09-11T02:21:13Z,"Ballroom Blitz: The annual Women in Leadership summit promises business-savvy gals, at the super accessible price of $2,699, practical insights on navigating change, building resilient teams, and lea… [+335 chars]",business
"{'id': 'associated-press', 'name': 'Associated Press'}",By The Associated Press,The Latest: Conservative activist Charlie Kirk is shot and killed while speaking at a Utah college,Authorities say conservative activist Charlie Kirk was killed by a single shot in a targeted attack during an outdoor event Wednesday at Utah Valley University. Kirk co-founded the conservative youth organization Turning Point USA and was a close ally of…,https://apnews.com/article/charlie-kirk-shot-latest-5e36353d08fdcc5e8edce6e5ec92bc61,https://bloximages.newyork1.vip.townnews.com/roanoke.com/content/tncms/assets/v3/editorial/0/4c/04cfa3f8-5b61-518b-9b23-00d990bf7213/68c2343d3f8c1.image.jpg?crop=1920%2C1008%2C0%2C35&resize=1200%2C630&order=crop%2Cresize,2025-09-11T02:20:21Z,"Conservative activist Charlie Kirk was killed by a single shot in a targeted attack during an outdoor event Wednesday at Utah Valley University, authorities said.
Kirk co-founded the conservative yo… [+29193 chars]",business
"{'id': None, 'name': 'Digitimes'}",Levi Li,"CXMT said to target 2026 HBM3E mass production, narrowing gap with Samsung and SK Hynix to 2 years","China's state-backed DRAM maker CXMT is rapidly advancing in high-bandwidth memory (HBM), a market long controlled by Samsung Electronics and SK Hynix. Citing SemiAnalysis, South Korean outlet Business Post reported that CXMT may start mass production of HBM3…",https://www.digitimes.com/news/a20250911PD210/cxmt-hbm3e-production-sk-hynix-samsung.html,https://img.digitimes.com/newsshow/20250911pd210_files/3_b.jpg,2025-09-11T02:18:39Z,"Save my User ID and Password
Some subscribers prefer to save their log-in information so they do not have to enter their User ID and Password each time they visit the site. To activate this function… [+307 chars]",business
"{'id': None, 'name': 'Pypi.org'}",evaldas@dialexity.com,dialectical-framework added to PyPI,"A dialectical framework for augmented intelligence. AI reasoning powered with dialectics supports humans in: system optimization (psychology, engineering, business, politics, etc.); dispute resolution (mediation, conflicts, negotiations, etc.); decision-makin…",https://pypi.org/project/dialectical-framework/,,2025-09-11T02:18:19Z,"A required part of this site couldnt load. This may be due to a browser
 extension, network issues, or browser settings. Please check your
 connection, disable any ad blockers, or try using a diffe… [+12 chars]",business
"{'id': None, 'name': 'Pypi.org'}",evaldas@dialexity.com,dialectical-framework 0.4.4,"A dialectical framework for augmented intelligence. AI reasoning powered with dialectics supports humans in: system optimization (psychology, engineering, business, politics, etc.); dispute resolution (mediation, conflicts, negotiations, etc.); decision-makin…",https://pypi.org/project/dialectical-framework/0.4.4/,,2025-09-11T02:18:19Z,"A required part of this site couldnt load. This may be due to a browser
 extension, network issues, or browser settings. Please check your
 connection, disable any ad blockers, or try using a diffe… [+12 chars]",business
"{'id': 'techradar', 'name': 'TechRadar'}","waynewilliams@onmail.com (Wayne Williams) , Wayne Williams",Dynabook just launched a trio of laptops each weighing 849g - and I can't believe that's barely heavier than two cans of Coke,"At 849g Dynabook’s new G8, G6, and GS laptops bring Intel Ultra processors, 16GB memory, and 13.3-inch WUXGA displays.",https://www.techradar.com/pro/dynabook-just-launched-a-trio-of-laptops-each-weighing-849g-and-i-cant-believe-thats-barely-heavier-than-two-cans-of-coke,https://cdn.mos.cms.futurecdn.net/26RveCZPJ3bUm8vYwBh59Q.jpg,2025-09-11T02:17:00Z,"<ul><li>Dynabook launches three ultraportable laptops weighing only 849g</li><li>G8, G6, and GS share 13.3-inch displays, long battery life, and slim design</li><li>Port selection includes Thunderbol… [+2256 chars]",business
"{'id': None, 'name': 'Tistory.com'}",T.B,"트럼프, 고용 망하고 물가 오르고 외교 참사","If Trump succeeds in his attempt to fire Cook, her vacancy could give him a chance to name someone to the Fed board as he pressures officials to lower interest rates. Here's what to know https://t.co/7z5t1rmOnc— Bloomberg (@business) September 10, 2025 연방 '항소…",https://ryueyes11.tistory.com/511855,https://img1.daumcdn.net/thumb/R800x0/?scode=mtistory2&fname=https%3A%2F%2Fblog.kakaocdn.net%2Fdna%2F5P7M4%2FbtsQrHKoZzg%2FAAAAAAAAAAAAAAAAAAAAAHFn24DqLmbXhL6-aRdl1SaUMwVyD5qrsar18UHpNI6C%2Fimg.jpg%3Fcredential%3DyqXZFxpELC7KVnFOS48ylbz2pIh7yKj8%26expires%3D1759244399%26allow_ip%3D%26allow_referer%3D%26signature%3DXLbNHlajLoHpII8LPHYMJjBRpv4%253D,2025-09-11T02:16:06Z,"If Trump succeeds in his attempt to fire Cook, her vacancy could give him a chance to name someone to the Fed board as he pressures officials to lower interest rates. Here's what to know https://t.co… [+9614 chars]",business
"{'id': None, 'name': 'Yahoo Entertainment'}",Lauren Merola,Cheyenne Parker-Tyus’ fast return to WNBA after childbirth motivated by Aces’ ‘trust’ in her,"Cheyenne Parker-Tyus played in her first WNBA game of the season Tuesday, a 92-61 Aces beatdown of the Chicago Sky in Las Vegas’ last regular-season game. Parker-Tyus’ minutes came nearly a year after her last WNBA showing, and only two months after the birth…",https://sports.yahoo.com/article/cheyenne-parker-tyus-fast-return-021605666.html,https://media.zenfs.com/en/the_athletic_articles_169/5b96257989d915651a8c2ac5d3f5c11d,2025-09-11T02:16:05Z,"Cheyenne Parker-Tyus played in her first WNBA game of the season Tuesday, a 92-61 Aces beatdown of the Chicago Sky in Las Vegas last regular-season game. Parker-Tyus minutes came nearly a year after … [+4028 chars]",business
"{'id': None, 'name': 'Twistedsifter.com'}",Jayne Elliott,"Gas Station Customer Parks At A Pump While Going Inside To Use The Restroom, But Two Other Drivers Were Really Upset About This","Apparently, different people have different opinions of gas station etiquette.",http://twistedsifter.com/2025/09/gas-station-customer-parks-at-a-pump-while-going-inside-to-use-the-restroom-but-two-other-drivers-were-really-upset-about-this/,https://twistedsifter.com/wp-content/uploads/2025/09/Twisted-Sifter-2025-09-06T133810.528.png,2025-09-11T02:15:48Z,"Shutterstock/Reddit
Imagine going to a gas station to get gas, but first, you want to go inside and use the restroom. Would you park your car at a gas pump while you were using the restroom, or woul… [+2794 chars]",business
"{'id': None, 'name': 'Khabarhub.com'}",Khabarhub,Economic Digest: Nepal’s News in a Snap,"KATHMANDU: Economic Digest offers a concise yet comprehensive overview of significant business happenings in Nepal, presented in easily digestible summaries. The recent Gen Z–led protests in Nepal have triggered a nationwide crisis, paralyzing key sectors and…",https://english.khabarhub.com/2025/11/495736/,https://english.khabarhub.com/wp-content/uploads/2024/05/Economic-Digest.jpg,2025-09-11T02:15:21Z,"KATHMANDU: Economic Digest offers a concise yet comprehensive overview of significant business happenings in Nepal, presented in easily digestible summaries.
The recent Gen Zled protests in Nepal ha… [+5496 chars]",business
"{'id': None, 'name': 'Trinidad & Tobago Express Newspapers'}",,S&P reaffirms First Citizens’ BBB- credit rating,"One of the world’s leading credit rating providers, S&amp;P Global Ratings, has reaffirmed the First Citizens bank’s investment grade credit rating of BBB-/Stable/A-3.",https://trinidadexpress.com/business/local/s-p-reaffirms-first-citizens-bbb--credit-rating/article_280b3b57-f5a9-4e88-a476-172baea19cb1.html,https://bloximages.newyork1.vip.townnews.com/trinidadexpress.com/content/tncms/assets/v3/editorial/a/61/a610685b-061f-4657-9d23-0201883c3aab/68c227d0ab7ec.image.jpg?crop=1920%2C1008%2C0%2C35&resize=1200%2C630&order=crop%2Cresize,2025-09-11T02:15:00Z,"One of the worlds leading credit rating providers, S&amp;P Global Ratings, has reaffirmed the First Citizens banks investment grade credit rating of BBB-/Stable/A-3.
S&amp;Ps report, dated September… [+3141 chars]",business
"{'id': None, 'name': 'Biztoc.com'}",reuters.com,"Oil prices flat amid weak US demand, softening economy",,https://biztoc.com/x/b9b8b547d9375d3f,https://biztoc.com/cdn/b9b8b547d9375d3f_s.webp,2025-09-11T02:11:32Z,"{ window.open(this.href, '_blank'); }, 200); return false;""&gt;Why did Oracle stock surge dramatically today? { window.open(this.href, '_blank'); }, 200); return false;""&gt;How did Boeing strike reso… [+758 chars]",business
"{'id': 'the-times-of-india', 'name': 'The Times of India'}",PTI,MCD launches new system to ease licence application process for industrial units in Delhi,"The Municipal Corporation of Delhi has launched a new system. It integrates factory licence fees with the property tax portal. This aims to simplify business for industrial units. Now, units in designated areas do not need separate factory licence application…",https://economictimes.indiatimes.com/markets/digital-real-estate/realty-news/mcd-launches-new-system-to-ease-licence-application-process-for-industrial-units-in-delhi/articleshow/123819989.cms,"https://img.etimg.com/thumb/msid-123820004,width-1200,height-630,imgsize-30224,overlay-etmarkets/articleshow.jpg",2025-09-11T02:10:32Z,"The Municipal Corporation of Delhi (MCD) on Wednesday launched the integration of factory licence fee module with its property tax portal, a move aimed at providing ease of doing business for industr… [+1712 chars]",business
"{'id': None, 'name': 'Freerepublic.com'}",Breitbart,Barack Obama Condemns ‘Despicable Violence’ After Charlie Kirk Assassinated,"Former President Barack Obama responded to the news that Turning Point USA founder Charlie Kirk, 31, had died after being shot while speaking at an event at Utah Valley University, and noted that “this kind of despicable violence has no place in our democracy…",https://freerepublic.com/focus/f-backroom/4339668/posts,,2025-09-11T02:08:53Z,"Skip to comments.
Barack Obama Condemns Despicable Violence After Charlie Kirk AssassinatedBreitbart ^
 | 10 Sep 2025
 | Elizabeth Weibel
Posted on 09/10/2025 7:08:53 PM PDT by Olog-hai
Former P… [+4535 chars]",business
"{'id': None, 'name': 'NBCSports.com'}",Kurt Helin,"Silver has broad powers to punish Clippers, says he'd be reluctant to at 'mere appearance of impropriety'","""I think that the goal of a full investigation is to find out if there really was impropriety,"" Silver said.",https://www.nbcsports.com/nba/news/silver-has-broad-powers-to-punish-clippers-says-hed-be-reluctant-to-at-mere-appearance-of-impropriety,https://nbcsports.brightspotcdn.com/dims4/default/07b9099/2147483647/strip/true/crop/1920x1080+0+0/resize/1440x810!/quality/90/?url=https%3A%2F%2Fhdliveextra-a.akamaihd.net%2FHD%2Fimage_sports%2FNBCU_Sports_Group_-_nbcsports%2F942%2F703%2Fnbc_dps_clipperstalk_250904.jpg,2025-09-11T02:05:48Z,NBA Commissioner Adam Silver said he has broad powers that could be wielded to punish the Los Angeles Clippers and owner Steve Ballmer if it is proven that they circumvented the salary cap to get Kaw… [+5753 chars],business
"{'id': None, 'name': 'EURACTIV'}",Xhoi Zajmi,EU weighs strategy as Kazakhstan deepens partnership with China [Advocacy Lab Content],"The EU is Kazakhstan’s largest trade and investment partner, but it needs to boost green and digital cooperation",https://www.euractiv.com/section/global-europe/news/eu-weighs-strategy-as-kazakhstan-deepens-partnership-with-china/,https://www.euractiv.com/content/uploads/sites/2/2025/09/2GettyImages-2207716063.jpg,2025-09-11T02:04:28Z,"Kazakhstans new development phase, reshaping the dynamics of Central Asia, and its deepening strategic partnership with China are raising questions about where the European Union fits into this evolv… [+3726 chars]",business
"{'id': None, 'name': 'The Crawfish Boxes'}",Seth Schwartzberg,Diaz keeps the Astros alive against Blue Jays; Houston wins 3-2,Another masterclass from Alexander on the mound backs the hitting,https://www.crawfishboxes.com/game-recap/69888/diaz-keeps-the-astros-alive-against-blue-jays-houston-wins-3-2,https://platform.crawfishboxes.com/wp-content/uploads/sites/70/2025/09/imagn-27050101.jpg?quality=90&strip=all&crop=0%2C10.740836125969%2C100%2C78.518327748063&w=1200,2025-09-11T02:02:00Z,"After a blown lead yesterday, the Houston Astros came out on Wednesday and took care of business against the Toronto Blue Jays, winning 3-2 courtesy of a game-changing homer in the ninth from Yeiner … [+2633 chars]",business
"{'id': None, 'name': 'WPXI Pittsburgh'}",Addison Albert,Residents displaced by massive apartment fire in Squirrel Hill begin picking up the pieces,Channel 11 is learning more about the fate of an apartment building that was damaged by a large fire and its displaced residents.,https://www.wpxi.com/news/local/residents-displaced-by-massive-apartment-fire-squirrel-hill-begin-picking-up-pieces/LN7SFOY5FBE25LAVT6EH4OFQMY/,https://cmg-cmg-tv-10080-prod.cdn.arcpublishing.com/resizer/v2/https%3A%2F%2Fd1hfln2sfez66z.cloudfront.net%2F09-10-2025%2Ft_716d46f5937f4e1ea93273c2af8a0f96_name_forwardavefire630pp091025.jpg?auth=bb22cff58b9505098e042c5ba658ac5bea46c5c5f2421532759af8f200ac1aca&width=1200&height=630&smart=true,2025-09-11T02:01:01Z,"PITTSBURGH — Channel 11 is learning more about the fate of an apartment building that was damaged by a large fire and its displaced residents.
PREVIOUS COVERAGE &gt;&gt;&gt; Massive fire destroys ap… [+1893 chars]",business
"{'id': 'financial-post', 'name': 'Financial Post'}",The Associated Press,"What to know about the fatal shooting of Charlie Kirk, the co-founder of Turning Point USA","Charlie Kirk, the CEO and co-founder of the conservative youth organization Turning Point USA, was fatally shot Wednesday at an event at a Utah college. Kirk was a top podcaster, culture warrior and ally of President Donald Trump. He led an effort to remake t…",https://financialpost.com/pmn/what-to-know-about-the-fatal-shooting-of-charlie-kirk-the-co-founder-of-turning-point-usa,,2025-09-11T02:00:40Z,"Charlie Kirk, the CEO and co-founder of the conservative youth organization Turning Point USA, was fatally shot Wednesday at an event at a Utah college.
THIS CONTENT IS RESERVED FOR SUBSCRIBERS ONLY… [+4954 chars]",business
"{'id': None, 'name': 'Crikey'}",Charlie Lewis,"Minutes after Charlie Kirk was murdered by an unknown sniper, the blame game began","Charlie Kirk's assassination has immediately prompted right-wing figures to assign blame. Many have explicitly called for 'revenge'.
The post Minutes after Charlie Kirk was murdered by an unknown sniper, the blame game began appeared first on Crikey.",http://www.crikey.com.au/2025/09/11/charlie-kirk-murder-assassination-blame-game-the-left-the-right/,https://www.crikey.com.au/wp-content/uploads/sites/3/2025/09/20250911122491220720-original-copy.jpg?quality=70&w=1024,2025-09-11T02:00:38Z,"Crikey is an independent Australian source for news, investigations, analysis and opinion focusing on politics, media, economics, health, international affairs, the climate, business, society and cul… [+4 chars]",business
"{'id': None, 'name': 'Livemint'}",mint,Cause and defect: Economic embers had a major role in Nepal’s eruption,"This week’s turmoil in Nepal may have been sparked off by its ban on social media, but the frustration of the country’s youth has a deeper economic cause—notably, jobless growth. It’s a challenge Nepal doesn’t face alone.",https://www.livemint.com/opinion/online-views/nepal-protests-kathmandu-unrest-gen-z-unemployment-crisis-jobless-growth-world-bank-report-corruption-nepo-oli-apps-11757508344415.html,https://www.livemint.com/lm-img/img/2025/09/10/1600x900/NEPAL-POLITICS-INTERNET-LAW-PROTEST-39_1757432892888_1757523066516.jpg,2025-09-11T02:00:04Z,"The distressing turn of events in Nepal, with youth at the forefront of violent unrest on the streets of Kathmandu, is not the result of any one factor. Even if a ban on social media can be identifie… [+3281 chars]",business
"{'id': None, 'name': 'New Zealand Herald'}",Tom Raynel,Pure Food Co partners with Eat to deliver texture‑modified meals at home,The Pure Food Co already supplies every NZ public hospital with its meals.,https://www.nzherald.co.nz/business/companies/aged-care/pure-food-co-partners-with-eat-to-deliver-texturemodified-meals-at-home/AKRL2IFBFVBV3CJM5POABMJFRI/,https://www.nzherald.co.nz/resizer/v2/36RUSENTJRHWNKKV2AL5EFLWYI.jpg?auth=7c8c3d8ffc48611e4d6a117b8906a89545423e77c2599345f248c5ba845e5b18&width=1200&height=675&quality=70&smart=true,2025-09-11T02:00:00Z,"Pure Food Co co-founder and co-chief executive Sam Bridgewater said its a significant extension of its reach, with the potential to add another 2000 customers for the business.
We know the challenge… [+2672 chars]",business
"{'id': None, 'name': 'GlobeNewswire'}","Triumph Haofeng Agriculture Group Co., Ltd.","Triumph Haofeng Agriculture Group Co., Ltd.’s high-end fruit tomato brand YIKEDA debuts at Asia Fruit Logistica","HONG KONG, Sept. 10, 2025 (GLOBE NEWSWIRE) -- Recently, the high-end fruit tomato brand YIKEDA made its appearance at the 18th Asia Fruit Logistica, which attracted numerous merchants and continuous collaboration, showcasing the brand's strong capabilities an…",https://www.globenewswire.com/news-release/2025/09/11/3148302/0/en/Triumph-Haofeng-Agriculture-Group-Co-Ltd-s-high-end-fruit-tomato-brand-YIKEDA-debuts-at-Asia-Fruit-Logistica.html,https://ml.globenewswire.com/Resource/Download/19a699b6-0550-44e9-8e99-87118a694b8e,2025-09-11T01:53:00Z,"HONG KONG, Sept. 10, 2025 (GLOBE NEWSWIRE) -- Recently, the high-end fruit tomato brand YIKEDA made its appearance at the 18th Asia Fruit Logistica, which attracted numerous merchants and continuous … [+2749 chars]",business
"{'id': 'financial-post', 'name': 'Financial Post'}",The Canadian Press,Shopify COO Kaz Nejatian departing company at end of week to join Opendoor as CEO,"OTTAWA — Shopify’s chief operating officer is leaving the e-commerce software company to join Opendoor Technologies as its chief executive. In a regulatory filing dated Wednesday, Shopify says Kaz Nejatian’s last day with the company will be on Friday. The fi…",https://financialpost.com/pmn/shopify-coo-kaz-nejatian-departing-company-at-end-of-week-to-join-opendoor-as-ceo,,2025-09-11T01:49:56Z,"OTTAWA Shopifys chief operating officer is leaving the e-commerce software company to join Opendoor Technologies as its chief executive.
THIS CONTENT IS RESERVED FOR SUBSCRIBERS ONLY
Subscribe now … [+3487 chars]",business
"{'id': None, 'name': 'Biztoc.com'}",bloomberg.com,Oracle’s Sudden Rally Demands an Investing Rethink,,https://biztoc.com/x/0d5344dbefbe8f2b,https://biztoc.com/cdn/0d5344dbefbe8f2b_s.webp,2025-09-11T01:49:07Z,"{ window.open(this.href, '_blank'); }, 200); return false;""&gt;Why did Oracle stock soar recently? { window.open(this.href, '_blank'); }, 200); return false;""&gt;What impacts come from OpenAI's $300B… [+693 chars]",business
"{'id': None, 'name': 'Biztoc.com'}",bloomberg.com,China’s Zinc Smelters Tighten Grip as Global Rivals Struggle,,https://biztoc.com/x/094ea4f09074cf7a,https://biztoc.com/cdn/094ea4f09074cf7a_s.webp,2025-09-11T01:48:57Z,"{ window.open(this.href, '_blank'); }, 200); return false;""&gt;Why did Oracle stock soar recently? { window.open(this.href, '_blank'); }, 200); return false;""&gt;What impacts come from OpenAI's $300B… [+705 chars]",business
"{'id': None, 'name': 'Twit.tv'}",TWiT,Intelligent Machines 836: I See OJ and He Looks Scared,"AI isn't just the ultimate nonsense generator—it's also a powerful tool students and teachers can't afford to ignore. In this episode, professors Carl Bergstrom and Jevin West reveal how their new ""BS Machines"" curriculum helps the next generation stay sharp …",https://twit.tv/shows/intelligent-machines/episodes/836,https://elroy.twit.tv/sites/default/files/images/episodes/2025/09/858176/hero/IM0836_Thumbnail.jpg,2025-09-11T01:48:22Z,"AI isnt just the ultimate nonsense generatorit's also a powerful tool students and teachers cant afford to ignore. In this episode, professors Carl Bergstrom and Jevin West reveal how their new BS Ma… [+1277 chars]",business
"{'id': None, 'name': 'Twistedsifter.com'}",Michael Levanduski,"A Business Professional Was Tasked With Writing A Business Plan, And She Discovered Extensive Fraud And Abuse. But It Ended Up Costing Her Her Job.","When it comes to corruption, there is only so much one person can do.",http://twistedsifter.com/2025/09/the-first-time-this-business-professional-was-tasked-with-writing-a-business-plan-she-discovered-extensive-fraud-and-abuse-and-it-ended-up-costing-her-her-job/,https://twistedsifter.com/wp-content/uploads/2025/08/Business-Plan.jpg,2025-09-11T01:46:09Z,"Shutterstock, Reddit
There is a lot of money in the world that is dedicated to trying to help those who are less fortunate.
What would you do if you were tasked with making a business plan related … [+6654 chars]",business
"{'id': None, 'name': 'Ndtvprofit.com'}",Ananya Chaudhuri,Boeing Reaches Tentative Deal With Striking Defense Workers,"Boeing Co. reached a tentative agreement with striking hourly workers at its St. Louis-area defense factories that improves wages and restores a signing bonus, as it seeks to end a dispute that dragged on for more than a month.",https://www.ndtvprofit.com/business/boeing-reaches-tentative-deal-with-striking-defense-workers,https://media.assettype.com/bloombergquint%2F2025-09-11%2Fy8c7w486%2F439586817.jpg?w=1200&auto=format%2Ccompress&ogImage=true,2025-09-11T01:43:37Z,"Boeings defense business has sought to achieve a financial turnaround after years of losses and cost overruns on fixed-price contracts. Chief Executive Officer Kelly Ortberg, who joined little over a… [+1286 chars]",business
"{'id': None, 'name': 'NBCSports.com'}",Mike Florio,"Denzel Ward, Jerry Jeudy see ""disrespect"" in being 11.5-point underdogs at Baltimore","The new Browns face the old Browns in Baltimore on Sunday, on a day when the old Browns will celebrate 30 years of being the Ravens.",https://www.nbcsports.com/nfl/profootballtalk/rumor-mill/news/denzel-ward-jerry-jeudy-see-disrespect-in-being-11-5-point-underdogs-at-baltimore,https://nbcsports.brightspotcdn.com/dims4/default/ce3f410/2147483647/strip/true/crop/8256x4644+0+430/resize/1440x810!/quality/90/?url=https%3A%2F%2Fnbc-sports-production-nbc-sports.s3.us-east-1.amazonaws.com%2Fbrightspot%2Fa4%2F2f%2Fb0c9bca846f8b389285e5171a73d%2Fhttps-delivery-gettyimages.com%2Fdownloads%2F2234548612,2025-09-11T01:40:58Z,"The new Browns face the old Browns in Baltimore on Sunday, on a day when the old Browns will celebrate 30 years of being the Ravens.
Adding insult to injury is the fact that the new Browns are 11.5-… [+1243 chars]",business
"{'id': None, 'name': 'The Indian Express'}",Arjun Sengupta,How Vivekananda introduced America to Hinduism,"In a landmark speech on September 11, 1893 at the Parliament of World’s Religions in Chicago, a 30-year-old Vivekanda preached about religious tolerance and called for an end to fanaticism",https://indianexpress.com/article/explained/explained-history/how-vivekananda-introduced-america-to-hinduism-10242691/,https://images.indianexpress.com/2025/09/Vivekananda.jpg,2025-09-11T01:40:45Z,"Sisters and Brothers of America.Thus began Swami Vivekanandas iconic speech at the Parliament of Worlds Religions in Chicago on September 11, 1893.His unusual choice of salutation speakers at the tim… [+5013 chars]",business
"{'id': None, 'name': 'Pypi.org'}",support@toxotune.com,toxo added to PyPI,No-Code LLM Training Platform - Load and use .toxo trained models,https://pypi.org/project/toxo/,https://pypi.org/static/images/twitter.abaf4b19.webp,2025-09-11T01:40:30Z,"TOXO - No-Code LLM Training Platform
World's First Comprehensive No-Code LLM Training Platform
Transform any black-box LLM into a domain expert without coding. Train sophisticated AI models through… [+4581 chars]",business
"{'id': None, 'name': 'Rewardful.com'}",Rewardful Webfont.load,Pastel Talks – Affiliate Marketing Series by Rewardful,Pastel Talks is 6-episode series dedicated to affiliate marketing for SaaS and B2B. Packed with must-know insights to help you master affiliate marketing.,https://www.rewardful.com/pastel-talks,https://cdn.prod.website-files.com/6041705a8ccb775007a2e651/687a53ca5e356a8f564c631f_pastel-talks.jpg,2025-09-11T01:40:22Z,"Affiliate Marketing is Changing DO THIS!
In this video, I explore a brand-new way to do affiliate marketing in 2025. If youre building a SaaS startup, scaling a SaaS business, or want smarter SaaS s… [+70 chars]",business
"{'id': 'techradar', 'name': 'TechRadar'}",Efosa Udinmwen,"This portable SSD has a unique anti-theft feature, and you can even track it via Apple's Find My App should it be lost or stolen","TeamGroup’s EXPERT P34F SSD combines Apple’s Find My tracking, compact design, and strong portability to prioritize security alongside everyday performance.",https://www.techradar.com/pro/this-portable-ssd-has-a-unique-anti-theft-feature-and-you-can-even-track-it-via-apples-find-my-app-should-it-be-lost-or-stolen,https://cdn.mos.cms.futurecdn.net/6tnsKPD4NtAvACrBJnCFPf.jpg,2025-09-11T01:40:00Z,<ul><li>TeamGroup T-CREATE EXPERT P34F Find My External SSD focuses on location tracking instead of raw speed</li><li>Apple’s Find My app integration changes how portable storage is secured</li><li>S… [+2290 chars],business
"{'id': 'financial-post', 'name': 'Financial Post'}",Bloomberg News,Gold Steadies Near Record as Traders Gear Up for Inflation Data,Gold steadied just below a record after a surprise drop in US producer prices supported the case for the Federal Reserve to ease policy.,https://financialpost.com/pmn/business-pmn/gold-steadies-near-record-as-traders-gear-up-for-inflation-data,https://smartcdn.gprod.postmedia.digital/financialpost/wp-content/uploads/2025/09/776311971.jpg,2025-09-11T01:37:44Z,"(Bloomberg) Gold steadied just below a record after a surprise drop in US producer prices supported the case for the Federal Reserve to ease policy.
THIS CONTENT IS RESERVED FOR SUBSCRIBERS ONLY
Su… [+4061 chars]",business
"{'id': None, 'name': 'Biztoc.com'}",bloomberg.com,Gold Steadies Near Record as Traders Gear Up for Inflation Data,,https://biztoc.com/x/e0e6e16cdbcad265,https://biztoc.com/cdn/e0e6e16cdbcad265_s.webp,2025-09-11T01:37:35Z,"{ window.open(this.href, '_blank'); }, 200); return false;""&gt;Why did Oracle stock soar recently? { window.open(this.href, '_blank'); }, 200); return false;""&gt;What impacts come from OpenAI's $300B… [+708 chars]",business
"{'id': None, 'name': 'Biztoc.com'}",reuters.com,LB Pharmaceuticals raises $285 million in US IPO,,https://biztoc.com/x/bfe6692cd5e92205,https://biztoc.com/cdn/950/og.png,2025-09-11T01:37:31Z,"{ window.open(this.href, '_blank'); }, 200); return false;""&gt;Why did Oracle stock soar recently? { window.open(this.href, '_blank'); }, 200); return false;""&gt;What impacts come from OpenAI's $300B… [+707 chars]",business
"{'id': None, 'name': 'New Zealand Herald'}",Denise Piper,Crown takes first steps in Ngāpuhi redress by returning Kerikeri pā,Kororipo Pā in Kerikeri is to be returned to Ngāpuhi in time for Waitangi Day 2026.,https://www.nzherald.co.nz/northern-advocate/news/crown-takes-first-steps-in-ngapuhi-redress-by-returning-kerikeri-pa/VPP75UQE6ZFK7OQJDJFMU4NEKE/,https://www.nzherald.co.nz/resizer/v2/PVRLXBDIADBICBTV3GKQDG4GSA.jpg?auth=d87b6fc956cd208ec132c1b4af3aed325ba0be3c4cb2a09a337462363cbcfca3&width=1200&height=675&quality=70&focal=888%2C536&smart=false,2025-09-11T01:37:01Z,"It will be the first redress the Crown provides to Ngpuhi and demonstrates our commitment to a settlement, he said.
Reaching a comprehensive settlement remains a high priority for the Government and… [+2252 chars]",business
"{'id': None, 'name': 'Thechronicle.com.gh'}",BERNICE BESSEY,Ex Niger Delta Militant Group Members Arrested … For Allegedly Plotting To Embark On Kidnapping Business In Ghana,"Two Nigerian nationals have been arraigned before the Accra Circuit Court for their alleged involvement in a foiled cross-border kidnapping operation, masterminded by former members of a Niger Delta militant group. The accused, Joseph Howell, 43, a self-procl…",https://thechronicle.com.gh/ex-niger-delta-militant-group-members-arrested-for-allegedly-plotting-to-embark-on-kidnapping-business-in-ghana/,https://thechronicle.com.gh/wp-content/uploads/2025/05/The-Accra-Circuit-court-complax.jpg,2025-09-11T01:32:28Z,"Two Nigerian nationals have been arraigned before the Accra Circuit Court for their alleged involvement in a foiled cross-border kidnapping operation, masterminded by former members of a Niger Delta … [+2725 chars]",business
"{'id': 'the-times-of-india', 'name': 'The Times of India'}",TNN,"Trump tariff: Will wait and watch how trade talks pan out, says officials",India Business News: NEW DELHI: While the recent social media exchanges between PM Modi and President Donald Trump are being seen as signs of a possible recovery in India-.,https://timesofindia.indiatimes.com/business/india-business/trump-tariff-will-wait-and-watch-how-trade-talks-pan-out-says-officials/articleshow/123819509.cms,"https://static.toiimg.com/thumb/msid-123819693,width-1070,height-580,imgsize-35298,resizemode-75,overlay-toi_sw,pt-32,y_pad-40/photo.jpg",2025-09-11T01:31:44Z,Pati Patni aur Panga host Sonali Bendres stunning saree styles,business
"{'id': 'financial-post', 'name': 'Financial Post'}",The Associated Press,Mexico’s new tariffs on Asian imports aim to counter US trade pressures,"MEXICO CITY (AP) — Mexican import taxes on more than 1,400 products from China and other Asian countries will be as high as 50%, as the country tries to shore up domestic production and pass on some of the Trump administration’s tariff pain. President Claudia…",https://financialpost.com/pmn/mexicos-new-tariffs-on-asian-imports-aim-to-counter-us-trade-pressures,https://smartcdn.gprod.postmedia.digital/financialpost/wp-content/uploads/2025/09/68b5f33ca8106cc00a537f51jpeg.jpg,2025-09-11T01:31:26Z,"MEXICO CITY (AP) Mexican import taxes on more than 1,400 products from China and other Asian countries will be as high as 50%, as the country tries to shore up domestic production and pass on some of… [+4879 chars]",business
"{'id': None, 'name': 'Twit.tv'}",TWiT,WW 949: How Do I Get Back to Windows 7? - Microsoft's Patch Tuesday Update Packs Big Windows 11 Changes,"Windows 11 
• Patch Tuesday arrives with several new features for all Windows 11 users 
• A few new features added for Copilot+ PCs 
• This may be the last cumulative update before 25H2 
Windows Insider 
• New Canary build includes features we've seen before …",https://twit.tv/shows/windows-weekly/episodes/949,https://elroy.twit.tv/sites/default/files/images/episodes/2025/09/858165/hero/WW0949_thumbnail_v2.jpg,2025-09-11T01:30:00Z,"Windows 11Patch Tuesday arrives with several new features for all Windows 11 usersA few new features added for Copilot+ PCsThis may be the last cumulative update before 25H2
Windows InsiderNew Canar… [+4784 chars]",business
"{'id': None, 'name': 'Apsense.com'}",,New Update: It was suggested that I should put together a marketing ebook series and thats what im doing on amazon kindle,New Update: It was suggested that I should put together a marketing ebook series and thats what im doing on amazon kindleapsense.com,https://www.apsense.com/post/N5PqXxDmsGKthjz.html,https://www.apsense.com/assets/logo.jpg,2025-09-11T01:29:16Z,"Unlock access to powerful business tools and connect with professionals in your industry!
""APSense 2025 sounds like a game-changer for businesses, emphasizing innovation and growth.""
Satisfied APSe… [+9 chars]",business
"{'id': None, 'name': 'Theregister.com'}",Simon Sharwood,VMware to lose 35 percent of workloads in three years – some to its friends at ‘proper clouds’,"Gartner says migrations remain a risky multi-year nightmare, but selective re-platforming can pay off More than a third of workloads currently running under VMware will run on another platform by 2028, with its own trusted hosting partners pushing some custom…",https://www.theregister.com/2025/09/11/gartner_vmware_migration_advice/,https://regmedia.co.uk/2021/09/22/shutterstock_cloud_exit_sign.jpg,2025-09-11T01:27:12Z,"More than a third of workloads currently running under VMware will run on another platform by 2028, with its own trusted hosting partners pushing some customers to make the move.
So says Gartner res… [+3830 chars]",business
"{'id': None, 'name': 'New York Post'}",Larry Brooks,Rangers’ stable of prospects gives Mike Sullivan chance to shed unfair narrative,The narrative surrounding incoming head coach Mike Sullivan suggests that the weeklong Rangers rookie camp that started Wednesday is superfluous.,https://nypost.com/2025/09/10/sports/rangers-stable-of-prospects-gives-mike-sullivan-chance-to-shed-unfair-narrative/,https://nypost.com/wp-content/uploads/sites/2/2025/09/newspress-collage-fszsrq9cy-1757553212799.jpg?quality=75&strip=all&1757538976&w=1024,2025-09-11T01:26:55Z,"The narrative surrounding incoming head coach Mike Sullivan suggests that the weeklong Rangers rookie camp that started Wednesday is superfluous.
Rookies? There were hardly any rookies on the Pengui… [+754 chars]",business
"{'id': 'financial-post', 'name': 'Financial Post'}",Business Wire,AIRO Announces Pricing of Upsized Public Offering of Common Stock,"ALBUQUERQUE, N.M. & MONTREAL & STØVRING, Denmark & WASHINGTON — AIRO Group Holdings, Inc. (NASDAQ: AIRO) (“AIRO”), a company specializing in advanced aerospace and defense technologies, today announced the pricing of its upsized underwritten public offering o…",https://financialpost.com/pmn/business-wire-news-releases-pmn/airo-announces-pricing-of-upsized-public-offering-of-common-stock,,2025-09-11T01:21:59Z,"ALBUQUERQUE, N.M. &amp; MONTREAL &amp; STØVRING, Denmark &amp; WASHINGTON AIRO Group Holdings, Inc. (NASDAQ: AIRO) (AIRO), a company specializing in advanced aerospace and defense technologies, today… [+7294 chars]",business
"{'id': 'the-times-of-india', 'name': 'The Times of India'}",etimes.in,"Yeh Rishta Kya Kehlata Hai fame Karan Mehra celebrates birthday with family in Delhi, says ‘I loved the pampering by my family’","Karan Mehra, celebrated his birthday in Delhi with his family, emphasizing the importance of love and connection. After years of work commitments, he expressed joy in celebrating at home with his parents and brother in Noida. Karan also shared his birthday re…",https://timesofindia.indiatimes.com/tv/news/hindi/yeh-rishta-kya-kehlata-hai-fame-karan-mehra-celebrates-birthday-with-family-in-delhi-says-i-loved-the-pampering-by-my-family/articleshow/123820853.cms,"https://static.toiimg.com/thumb/msid-123820847,width-1070,height-580,imgsize-148750,resizemode-75,overlay-toi_sw,pt-32,y_pad-40/photo.jpg",2025-09-11T03:16:19Z,Pati Patni aur Panga host Sonali Bendres stunning saree styles,health
"{'id': None, 'name': 'News-Medical.Net'}",Tarun Sai Lomte,Experts warn tiny plastics in arteries may raise heart attack risk,"Experts caution that nanoplastics and microplastics may constitute an emerging cardiovascular risk factor, with particles identified in arterial plaques associated with a 4.5-fold increase in major adverse cardiovascular events. Experimental evidence points t…",https://www.news-medical.net/news/20250910/Experts-warn-tiny-plastics-in-arteries-may-raise-heart-attack-risk.aspx,https://www.news-medical.net/images/news/ImageForNews_818844_17575600269388266.jpg,2025-09-11T03:12:21Z,"Experts reveal how plastic particles lodged in arteries could heighten heart disease risk, demanding urgent attention from clinicians and policymakers.
Microplastics and nanoplastics: tiny threats f… [+5622 chars]",health
"{'id': None, 'name': 'DW (English)'}",Kate Hairsine,Democracy falls in majority of countries worldwide,A new report has found serious concerns about the state of global democracy as more countries slip in democratic performance.,https://www.dw.com/en/democracy-falls-in-majority-of-countries-worldwide/a-73955759,https://static.dw.com/image/62661678_6.jpg,2025-09-11T03:12:00Z,"Global patterns show that democracy around the world continued to weaken last year, according to a new report.
The Global State of Democracy 2025
, published by the Stockholm-based International In… [+3567 chars]",health
"{'id': None, 'name': 'WSB Atlanta'}",Cox Media Group National Content Desk,"Prince Harry, King Charles meet at Clarence House","For the first time in a year and a half, Prince Harry is meeting with his father, King Charles III.",https://www.wsbtv.com/news/trending/prince-harry-king-charles-meet-clarence-house/LS4VEDU2RFBIXLMKI2B2DVQCOY/,https://cmg-cmg-tv-10010-prod.cdn.arcpublishing.com/resizer/v2/https%3A%2F%2Fcloudfront-us-east-1.images.arcpublishing.com%2Fcmg%2FFBXCFKPEA5EYXGX24NYIAZDHFE.jpg?auth=a1d81116490d8640b7214f05623a05b9ed0532209db2eed84d8e200476ee7808&width=1200&height=630&smart=true,2025-09-11T03:11:34Z,"LONDON — For the first time in a year and a half, Prince Harry is meeting with his father, King Charles III.
Harry was seen going to his fathers home, Clarence House, on Wednesday. 
Prince Harry, D… [+2130 chars]",health
"{'id': None, 'name': 'Starweekly.com.au'}",jimjin,Make a lasting difference as a foster carer,"This Foster Care Week, Lighthouse Foundation is calling on people who have ever thought about fostering to turn that thought into action. Across Victoria, children and young people need carers who can offer them stability, safety and care. Becoming a foster c…",https://northern.starweekly.com.au/news/make-a-lasting-difference-as-a-foster-carer/,https://northern.starweekly.com.au/wp-content/uploads/sites/5/2025/09/lighthouse_501460_01.jpg,2025-09-11T03:11:32Z,"This Foster Care Week, Lighthouse Foundation is calling on people who have ever thought about fostering to turn that thought into action. 
Across Victoria, children and young people need carers who … [+1727 chars]",health
"{'id': 'the-times-of-india', 'name': 'The Times of India'}",Don Tomslee,How Charlie Kirk rose to power: Turning Point USA founder and Trump loyalist shot dead at 31,"Charlie Kirk, 31, influential conservative political organizer and Turning Point USA founder, was fatally shot Wednesday, September 10, at Utah Valley University. Trump loyalist built multimillion-dollar organization appealing to young conservatives nationwide",https://economictimes.indiatimes.com/news/international/us/how-charlie-kirk-rose-to-power-turning-point-usa-founder-and-trump-loyalist-shot-dead-at-31/articleshow/123820764.cms,"https://img.etimg.com/thumb/msid-123820739,width-1200,height-630,imgsize-95328,overlay-economictimes/articleshow.jpg",2025-09-11T03:10:41Z,"Charlie Kirk, who was fatally shot Wednesday, September 10, while speaking at Utah Valley University, had become one of the most influential young leaders in right-wing American politics over the pas… [+4774 chars]",health
"{'id': None, 'name': 'New Atlas'}",Paul McClure,Cannabis use linked to abnormal embryos and reduced IVF success,"New research shows cannabis can speed up egg maturation but at the cost of egg quality, increasing the risk of abnormal embryos. Fertility experts say even occasional use may compromise IVF success and pregnancy chances.Continue ReadingCategory: Wellness and …",https://newatlas.com/health-wellbeing/thc-embryo-chromosomes-ivf/,https://assets.newatlas.com/dims4/default/5277ca3/2147483647/strip/true/crop/2000x1050+0+38/resize/1200x630!/quality/90/?url=https%3A%2F%2Fnewatlas-brightspot.s3.amazonaws.com%2F7f%2Fb1%2Fa04f35274a6ea6fbb5c760c65685%2Fdepositphotos-649767182-l.jpg&na.image_optimisation=0,2025-09-11T03:02:11Z,"New research shows cannabis can speed up egg maturation but at the cost of egg quality, increasing the risk of abnormal embryos. Fertility experts say even occasional use may compromise IVF success a… [+4286 chars]",health
"{'id': 'al-jazeera-english', 'name': 'Al Jazeera English'}",Al Jazeera,"Tributes pour in for Charlie Kirk, conservative activist and Trump ally",US President Trump and other political leaders have sent their condolences after slaying of 31-year-old activist.,https://www.aljazeera.com/news/2025/9/11/tributes-pour-in-for-charlie-kirk-conservative-activist-and-trump-ally,https://www.aljazeera.com/wp-content/uploads/2025/09/AP25253676809293-1757557648_c7cf0d-1757557765.jpg?resize=1200%2C630&quality=80,2025-09-11T03:00:55Z,"Charlie Kirk, a right-wing activist and commentator who became a household name in the United States as an outspoken ally of President Donald Trump, has been shot and killed at a Utah college event.… [+6939 chars]",health
"{'id': None, 'name': 'Boredpanda.com'}",Justinas Keturka,“Weren’t Expecting It”: Employee Shares What Made Them Quit Their Job After A Sick Leave,Would you have quit sooner if you were treated the way this person was at their job?,https://www.boredpanda.com/employee-quits-after-managers-lie/,https://www.boredpanda.com/blog/wp-content/uploads/2025/09/employee-quits-after-managers-lie-fb.png,2025-09-11T03:00:47Z,"There are good managers, okay managers, bad managers… and then there are the ones you’ll never forget, for all the wrong reasons.
One employee shared how their manager straight-up stole their client… [+5737 chars]",health
"{'id': None, 'name': 'Yahoo Entertainment'}",Carlos De Loera,New UCLA study highlights large disparities in L.A.'s Latinx labor force,"A new study from the UCLA Latino Policy and Politics Institute shows how the Hispanic workforce in L.A. County has struggled in reaching pay equity, among...",https://www.yahoo.com/news/articles/ucla-study-highlights-large-disparities-024722968.html,https://media.zenfs.com/en/la_times_articles_853/9fcfdc121e82b2cf47fb2d6f42176418,2025-09-11T02:47:22Z,"A study from the UCLA Latino Policy and Politics Institute released Wednesday analyzed the Latinx workforce across the state of California, with a focus on L.A. County, the Bay Area, the central San … [+4875 chars]",health
"{'id': None, 'name': 'The Japan Times'}","Coco Liu,Eric Roston",Scientists link major carbon emitters to worsening heat waves,"The more emissions a company releases, the bigger role it plays in worsening heat waves.",https://www.japantimes.co.jp/environment/2025/09/11/climate-change/heat-waves-carbon-emitters/,https://www.japantimes.co.jp/japantimes/uploads/images/2025/09/11/493122.jpg?v=3.1,2025-09-11T02:47:00Z,One quarter of more than 200 heat waves that occurred worldwide this century may have been impossible without human-induced global warming. Emissions from the worlds largest fossil fuel and cement co… [+4929 chars],health
"{'id': None, 'name': 'Page Six'}",Audrey Rock,"Scott Wolf and estranged wife, Kelley, face off in court after she checked out of rehab","The ""Party of Five"" actor was granted sole temporary custody of their children in August.",https://pagesix.com/2025/09/10/celebrity-news/scott-wolf-and-estranged-wife-kelley-face-off-in-court-after-she-left-rehab/,https://pagesix.com/wp-content/uploads/sites/3/2025/09/111123135.jpg?quality=75&strip=all&w=1024,2025-09-11T02:43:29Z,"Scott Wolf and his estranged wife, Kelley Wolf, faced off in court, just days after she left rehab following an arrest.
The “Party of Five” actor, 57, and Kelley, 48, appeared before a Utah judge on… [+4381 chars]",health
"{'id': None, 'name': '13abc Action News'}",Associated Press,"Previous charges, delayed mental health evaluation were missed opportunities in Charlotte stabbing","Previous charges, delayed mental health evaluation were missed opportunities in Charlotte stabbing13abc.com",https://www.13abc.com/2025/09/10/previous-charges-delayed-mental-health-evaluation-were-missed-opportunities-charlotte-stabbing/,https://gray-wtvg-prod.gtv-cdn.com/resizer/v2/EJAFRYDQBBBFHOSSAGIB2JMJZQ.jpg?auth=dfcc1bfd3fedd064c9c9f4c240b0cc95e360641e7829e74d8618b1b9957f3705&width=1200&height=600&smart=true,2025-09-11T02:41:11Z,"(AP) - After Decarlos Brown Jr. was arrested for the fatal stabbing of a Ukrainian refugee aboard a North Carolina commuter train, he was quickly sent to a state mental hospital for an evaluation. It… [+5821 chars]",health
"{'id': None, 'name': '13abc Action News'}",Wtvg Staff,13 Action News Big Story: The Mental Health Crisis,The world is facing a mental health crisis. One in four people struggles with mental health at some point in their life.,https://www.13abc.com/2025/09/10/13-action-news-big-story-mental-health-crisis/,https://gray-wtvg-prod.gtv-cdn.com/resizer/v2/VGMMQKRQZJFFBF6UGNWDAPQB2Y.jpg?auth=1f60c93ba32f6cea6d12816f8541d9bc869e975ece0cd770a144509476af2f11&width=1200&height=600&smart=true,2025-09-11T02:41:11Z,"TOLEDO, Ohio (WTVG) - The world is facing a mental health crisis. One in four people struggles with mental health at some point in their life. 
This increase comes as treatment and access to care de… [+170 chars]",health
"{'id': 'espn', 'name': 'ESPN'}",Alden Gonzalez,Dodgers' Edman back; Smith (hand) late scratch,"Tommy Edman came off the injured list and started in center field for the Dodgers on Wednesday, but Will Smith was a late scratch because of swelling in his right hand.",https://www.espn.com/mlb/story/_/id/46219883/tommy-edman-starts-cf-back-health-dodgers,https://a1.espncdn.com/combiner/i?img=%2Fphoto%2F2025%2F0502%2Fr1487212_1296x729_16%2D9.jpg,2025-09-11T02:40:00Z,"LOS ANGELES -- Tommy Edman returned from the injured list Wednesday, making the Los Angeles Dodgers' starting lineup whole for the first time in a while. And then, no more than 15 minutes before the … [+5203 chars]",health
"{'id': None, 'name': 'CNA'}",,Road events at world championships to start 30 minutes earlier to beat Tokyo heat,TOKYO :Record-high temperatures and debilitating humidity have prompted World Athletics Championships organisers to move up the start times for the race walk and marathon events this weekend by 30 minutes to 7:30 a.m. (2230 GMT) in a bid to beat the Tokyo hea…,https://www.channelnewsasia.com/sport/road-events-world-championships-start-30-minutes-earlier-beat-tokyo-heat-5343551,"https://dam.mediacorp.sg/image/upload/s--8EdT1FHa--/c_fill,g_auto,h_676,w_1200/fl_relative,g_south_east,l_mediacorp:cna:watermark:2024-04:reuters_1,w_0.1/f_auto,q_auto/v1/one-cms/core/2025-09-11T023655Z_1_LYNXNPEL8A024_RTROPTP_3_ATHLETICS-WORLD.JPG?itok=L7X9D6_d",2025-09-11T02:36:55Z,TOKYO :Record-high temperatures and debilitating humidity have prompted World Athletics Championships organisers to move up the start times for the race walk and marathon events this weekend by 30 mi… [+1790 chars],health
"{'id': None, 'name': 'Bordermail.com.au'}",Sophie Else,Pharmacist Jeff Nelson retires after 30 years in Lavington,"Jeff Nelson bids farewell to Lavington pharmacy after 30 years, impacting many lives and being part of Terry White's success.",https://www.bordermail.com.au/story/9063174/pharmacist-jeff-nelson-retires-after-30-years-in-lavington/,https://www.bordermail.com.au/images/transform/v1/crop/frm/168477368/d315e7f3-1fcb-4270-88e3-b7e765a0ad4b.jpg/r0_419_5915_3524_w1200_h630_fmax.jpg,2025-09-11T02:35:34Z,"Being a pharmacist is more than counting tablets or checking labels. 
Subscribe today for the news that matters
Loginor signup to continue reading
All articles from our website &amp; app
The digi… [+3671 chars]",health
"{'id': None, 'name': 'NBC Chicago'}",Jc Navarrete,"Charlie Kirk assassination reflects rise in political violence, experts say","The deadly shooting of right-wing activist Charlie Kirk marks a pivotal moment amid a rising threat of political violence in America, experts say.",https://www.nbcchicago.com/news/local/charlie-kirk-assassination-reflects-rise-in-political-violence-experts-say/3822605/,https://media.nbcchicago.com/2025/09/GettyImages-2234095376_d70ecc-edited.jpg?quality=85&strip=all&resize=1200%2C675,2025-09-11T02:34:39Z,"The deadly shooting of right-wing activist and Chicago-area native Charlie Kirk marks a pivotal moment amid a rising threat of political violence in America, experts say. 
Kirk died at 31-years-old … [+2866 chars]",health
"{'id': None, 'name': 'Digital Journal'}",AFP,Informing parents not enough to fight childhood obesity: study,"Government-led programmes attempting to curb childhood obesity by educating parents do not work, an international study published Thursday concluded, and researchers are calling for policies that prioritise society-wide solutions. Obesity is a major health cr…",https://www.digitaljournal.com/world/informing-parents-not-enough-to-fight-childhood-obesity-study/article,https://www.digitaljournal.com/wp-content/uploads/2025/09/ec20725176f799453065950d3fbddb341a1053f8.jpg,2025-09-11T02:32:20Z,"Rather than focusing on individual behaviour, the researchers called for policies targeting society-wide problems like unhealthy food and drink - Copyright AFP/File DAVID GRAY
Government-led program… [+2099 chars]",health
"{'id': 'buzzfeed', 'name': 'Buzzfeed'}",Lauren Garafano,"22 Chilling Stories From People Who Knew Real-Life Murderers, And Wow","""I felt sick over what he had done, but also felt sick thinking about what could have happened to me if my husband hadn’t stepped in.""View Entire Post ›",https://www.buzzfeed.com/laurengarafano/people-who-knew-murderers-stories,"https://img.buzzfeed.com/buzzfeed-static/static/2025-09/09/17/thumb/p5uBLf5lq.jpg?crop=1250:654;0,0%26downsize=1250:*",2025-09-11T02:30:02Z,"""The school suggested that he should stay until he was 21 because of the progress that he made, and they were confident that there was nothing in the city for him but old friends and new habits. To t… [+1106 chars]",health
"{'id': None, 'name': 'Biztoc.com'}",khou.com,Recall expanded for hygiene products contaminated with bacteria linked to sepsis,"DermaRite Industries has significantly expanded a voluntary recall of hand soaps, skin creams and other personal hygiene products, adding 12 more products to a growing list of contaminated healthcare items that could pose serious health risks.
The company fir…",https://biztoc.com/x/6b8f94236d6b8606,https://biztoc.com/cdn/6b8f94236d6b8606_s.webp,2025-09-11T02:22:43Z,"DermaRite Industries has significantly expanded a voluntary recall of hand soaps, skin creams and other personal hygiene products, adding 12 more products to a growing list of contaminated healthcare… [+145 chars]",health
"{'id': 'the-times-of-india', 'name': 'The Times of India'}",AFP,Smoke from 2023 Canada fires linked to thousands of deaths: Study,"Canada's record-breaking 2023 wildfires exposed more than 350 million people in North America and Europe to air pollution that likely contributed to tens of thousands of deaths, according to new estimates published Wednesday. In North America and Europe, an e…",https://timesofindia.indiatimes.com/home/environment/smoke-from-2023-canada-fires-linked-to-thousands-of-deaths-study/articleshow/123820032.cms,"https://static.toiimg.com/thumb/msid-123820064,width-1070,height-580,imgsize-21474,resizemode-75,overlay-toi_sw,pt-32,y_pad-40/photo.jpg",2025-09-11T02:19:28Z,Pati Patni aur Panga host Sonali Bendres stunning saree styles,health
"{'id': None, 'name': 'Freerepublic.com'}",Fierce Pharma,"Trump directs FDA to limit DTC drug advertising, with legal challenges sure to follow","President Donald Trump has delivered another blow in his ongoing battle with the pharma industry, signing a memorandum on Tuesday that directs the FDA to rein in direct-to-consumer (DTC) drug advertising.The initiative, which has long been a priority for Heal…",https://freerepublic.com/focus/f-chat/4339670/posts,,2025-09-11T02:17:17Z,"Skip to comments.
Trump directs FDA to limit DTC drug advertising, with legal challenges sure to followFierce Pharma ^
 | Sep 10, 2025 11:28am
 | Kevin Dunleavy 
Posted on 09/10/2025 7:17:17 PM P… [+2878 chars]",health
"{'id': None, 'name': 'WFMJ'}","The Mahoning County Mental Health And Recovery Board Is Participating In The 2025 ""world Suicide Prevention Day""",Mental health and recovery board participates in 'World Suicide Prevention Day',Mental health and recovery board participates in 'World Suicide Prevention Day'wfmj.com,https://www.wfmj.com/story/53075061/mental-health-and-recovery-board-participates-in-world-suicide-prevention-day,https://WFMJ.images.worldnow.com/images/23167548_G.jpg?lastEditedDate=1660327560000,2025-09-11T02:14:28Z,"The Mahoning County Mental Health and Recovery Board is participating in the 2025 ""World Suicide Prevention Day"", meeting with the community on Wednesday.
According to a news release outlining the e… [+1920 chars]",health
"{'id': 'the-times-of-india', 'name': 'The Times of India'}",ANI,Indian Embassy in China issues advisory for citizens stranded in Tibet and Nepal during Kailash Mansarovar Yatra,The Indian Embassy in Beijing issued an advisory for citizens in Tibet. This follows unrest in Nepal impacting travel plans for Kailash Mansarovar Yatra. Protests in Nepal led to casualties and injuries. The advisory urges caution and health precautions. Indi…,https://economictimes.indiatimes.com/news/india/indian-embassy-in-china-issues-advisory-for-citizens-stranded-in-tibet-and-nepal-during-kailash-mansarovar-yatra/articleshow/123819994.cms,"https://img.etimg.com/thumb/msid-123820041,width-1200,height-630,imgsize-11944,overlay-economictimes/articleshow.jpg",2025-09-11T02:11:02Z,"The Embassy of India in Beijing has issued an advisory for Indian citizens currently stranded in the Tibet Autonomous Region, People's Republic of China, while undertaking the Kailash Mansarovar Yatr… [+3573 chars]",health
"{'id': None, 'name': 'The Crawfish Boxes'}",Clayton Anderson,Dana Brown’s assessment of the Astros with 17 games left,Dana appeared with Sean Salisbury today to discuss the struggles of the club.,https://www.crawfishboxes.com/houston-astros-analysis-commentary/69898/dana-browns-assessment-of-the-astros-with-17-games-left,https://platform.crawfishboxes.com/wp-content/uploads/sites/70/2025/09/imagn-25802490.jpg?quality=90&strip=all&crop=0%2C10.753868226557%2C100%2C78.492263546885&w=1200,2025-09-11T02:10:57Z,"Dana Brown appeared today for his weekly spot on 790s The Sean Salisbury show. He took some time to talk about the state of the Astros with 17 games left.(Prior to tonights Jays game)
Credit to Sean… [+4146 chars]",health
"{'id': None, 'name': 'Freerepublic.com'}",New York Post,MSNBC Guest Sickly Speculates Charlie Kirk Was Shot by ‘Supporter’ Firing Gun ‘in Celebration’,"An MSNBC guest sickly speculated that the person who shot Charlie Kirk in the neck could have been one of his supporters firing a gun “in celebration.” “We don’t know if this was a supporter shooting their gun off in celebration,” MSNBC contributor Matthew Do…",https://freerepublic.com/focus/f-news/4339669/posts,,2025-09-11T02:09:01Z,An MSNBC guest sickly speculated that the person who shot Charlie Kirk in the neck could have been one of his supporters firing a gun in celebration. We dont know if this was a supporter shooting the… [+5049 chars],health
"{'id': 'marca', 'name': 'Marca'}",marca.com,Cowboys hit with major setback as DaRon Bland faces multi-week absence,Dallas&apos; defensive blueprint took an unsettling turn this week as cornerback DaRon Bland was declared unlikely to suit up for the upcoming games following a foot injury suffere,https://www.marca.com/en/nfl/dallas-cowboys/2025/09/11/68c22d4e46163f6f598b45a4.html,https://e01-phantom-marca.uecdn.es/47608cc798d8d948fd90c2c6c8561605/resize/1200/f/webp/assets/multimedia/imagenes/2025/09/11/17575546153871.png,2025-09-11T02:00:58Z,"Dallas' defensive blueprint took an unsettling turn this week as cornerback DaRon Bland was declared unlikely to suit up for the upcoming games following a foot injury suffered in practice Monday. 
… [+2294 chars]",health
"{'id': None, 'name': 'KPRC Click2Houston'}",Jamie Stengle,Texas drops lawsuit against doctor accused of illegally providing care to transgender youth,Texas Attorney General Ken Paxton’s office says one of the first doctors in the U.S. accused of illegally providing care to transgender youth under GOP-led bans was found not to have broken the law.,https://www.click2houston.com/news/politics/2025/09/10/texas-drops-lawsuit-against-doctor-accused-of-illegally-providing-care-to-transgender-youth/,"https://res.cloudinary.com/graham-media-group/image/upload/f_auto/q_auto/c_thumb,w_700/v1/media/gmg/MLTCN3PZWJGRFENF7FYNHCJJME.jpg?_a=DATAg1eAZAA0",2025-09-11T02:00:41Z,"DALLAS One of the nations first doctors accused of illegally providing care to transgender youth under GOP-led bans was found to have not violated the law, Texas Attorney General Ken Paxtons office s… [+4659 chars]",health
"{'id': 'the-times-of-india', 'name': 'The Times of India'}",Manu Kaushik,Oscar-winning actor Whoopi Goldberg trolled for ‘not political’ remark on murdered Ukrainian refugee Iryna Zarutska and her killer Decarlos Brown Jr,"Whoopi Goldberg faces criticism for her comments on the death of Iryna Zarutska. Zarutska, a Ukrainian refugee, was stabbed in Charlotte. Decarlos Brown Jr., with a history of mental illness, is charged. Goldberg's remarks sparked debate. Some accuse her of d…",https://economictimes.indiatimes.com/news/international/us/oscar-winning-actor-whoopi-goldberg-trolled-for-not-political-remark-on-murdered-ukrainian-refugee-iryna-zarutska-and-her-killer-decarlos-brown-jr/articleshow/123819755.cms,"https://img.etimg.com/thumb/msid-123819766,width-1200,height-630,imgsize-29582,overlay-economictimes/articleshow.jpg",2025-09-11T01:55:51Z,"Whoopi Goldberg faces criticism for her comments on the death of Iryna Zarutska. Zarutska, a Ukrainian refugee, was stabbed in Charlotte. Decarlos Brown Jr., with a history of mental illness, is char… [+171 chars]",health
"{'id': 'abc-news', 'name': 'ABC News'}",Megan Forrester,"Mother, sister of Charlotte stabbing suspect describe history of mental illness","Mother, sister of Charlotte stabbing suspect describe history of mental illnessgo.com",https://abcnews.go.com/US/mother-sister-charlotte-stabbing-suspect-describe-history-mental/story?id=125451590,https://i.abcnewsfe.com/a/f7cb7bca-69e6-43a6-b2e6-8237dbea6f93/bus-attack-ht-jef-250908_1757342473791_hpMain_16x9.jpg?w=1600,2025-09-11T01:53:00Z,"The mother and sister of Decarlos Brown, the suspect in the fatal stabbing of a Ukrainian woman on Charlotte light rail, say that he struggled with mental illness for years after being released from … [+4962 chars]",health
"{'id': 'espn', 'name': 'ESPN'}",Alden Gonzalez,'Back to health' Dodgers mull options with Edman,"LOS ANGELES -- Tommy Edman came off the injured list and started in center field on Wednesday, providing a glimpse at what the Los Angeles Dodgers' alignment might look like at full strength.",https://www.espn.com/soccer/story/_/id/46219883/tommy-edman-starts-cf-back-health-dodgers,https://a1.espncdn.com/combiner/i?img=%2Fphoto%2F2025%2F0502%2Fr1487212_1296x729_16%2D9.jpg,2025-09-11T01:51:47Z,"LOS ANGELES -- Tommy Edman came off the injured list and started in center field on Wednesday, providing a glimpse at what the Los Angeles Dodgers' alignment might look like at full strength.
Edman'… [+3174 chars]",health
"{'id': None, 'name': 'Balloon-juice.com'}",Anne Laurie,Charlie Kirk Died Doing What He Loved,"Charlie Kirk in 2023: ""I think it's worth to have a cost of, unfortunately, some gun deaths every single year, so that we can have the Second Amendment to protect our other God-given rights. That is a prudent deal. It is rational."" gizmodo.com/charlie-kirk… […",https://balloon-juice.com/2025/09/10/charlie-kirk-died-doing-what-he-loved/,https://balloon-juice.com/wp-content/uploads/2015/07/tunchiswatching.jpg,2025-09-11T01:51:42Z,"Charlie Kirk in 2023: ""I think it's worth to have a cost of, unfortunately, some gun deaths every single year, so that we can have the Second Amendment to protect our other God-given rights.That is a… [+4009 chars]",health
"{'id': 'newsweek', 'name': 'Newsweek'}",Jesus Mesa,"Charlie Kirk Is Assassinated, as America Blisters With Hate and Violence",The shooting of Charlie Kirk at Utah Valley University immediately ratcheted up nationwide alarm amid a spam of shocking acts of violence.,https://www.newsweek.com/charlie-kirk-assassinated-america-blisters-hate-violence-2127940,https://d.newsweek.com/en/full/2720153/kirk-shooting-scene.jpg,2025-09-11T01:46:00Z,"The assassination of the influential conservative commentator Charlie Kirk on the campus of Utah Valley University Wednesday afternoon has ignited alarm nationwide, joining a string of recent high-pr… [+10405 chars]",health
"{'id': None, 'name': 'KGO-TV'}",Leslie Brinkley,"COVID-19 vaccine: Who is qualified to get the shot ? Can you actually get one? Here's what we found, expert says","COVID-19 vaccine: Who is qualified to get the shot ? Can you actually get one? Here's what we found, expert saysabc7news.com",https://abc7news.com/post/covid-19-vaccine-is-qualified-get-shot-can-heres-what-found-expert-says/17787264/,https://cdn.abcotvs.com/dip/images/17789286_090925-kgo-covid-vaccine-img.jpg?w=1600,2025-09-11T01:45:18Z,"WALNUT CREEK, Calif. (KGO) -- As COVID-19 cases surge in California, the quest to get a vaccine for those who want one is becoming confusing and chaotic, and in some cases extremely difficult.
Last … [+3360 chars]",health
"{'id': None, 'name': 'Ndtvprofit.com'}",Bloomberg News,Harvard Says US To Restore Some Research Funds After Freeze,"Harvard University said it has received notice that some of the federal research funding frozen by the Trump administration is being restarted, although the money hasn’t started flowing yet.",https://www.ndtvprofit.com/world/harvard-says-us-to-restore-some-research-funds-after-freeze,https://media.assettype.com/bloombergquint%2F2025-09-11%2Fofkvx66x%2F439582813.jpg?w=1200&auto=format%2Ccompress&ogImage=true,2025-09-11T01:44:01Z,"Harvard University said it has received notice that some of the federal research funding frozen by the Trump administration is being restarted, although the money hasnt started flowing yet.
The noti… [+2672 chars]",health
"{'id': None, 'name': 'Science Daily'}",,Surprising gut discovery reveals a hidden trigger of diabetes and liver disease,"Scientists in Canada have uncovered a surprising culprit behind high blood sugar and liver problems: a hidden fuel made by gut bacteria. This little-known molecule, called D-lactate, slips into the bloodstream and pushes the liver to make too much sugar and f…",https://www.sciencedaily.com/releases/2025/09/250910000309.htm,https://www.sciencedaily.com/images/1920/gut-health-human-digestive-system.webp,2025-09-11T01:41:54Z,A team of Canadian scientists has discovered a surprising new way to improve blood sugar levels and reduce liver damage: by trapping a little-known fuel made by gut bacteria before they wreak havoc o… [+2760 chars],health
"{'id': 'the-times-of-india', 'name': 'The Times of India'}",Shilpy Sinha,Morning Brief Podcast: Will GST-Free Insurance Truly Cut Your Premiums?,"India’s insurance sector is at a turning point with the government scrapping the 18% GST on health and life insurance premiums from September 22. Policies from term plans to ULIPs and health covers just got cheaper, but questions remain : Will insurers absorb…",https://economictimes.indiatimes.com/news/morning-brief-podcast/morning-brief-podcast-will-gst-free-insurance-truly-cut-your-premiums/podcast/123819739.cms,https://img.etimg.com/photo/123819739.cms,2025-09-11T01:39:47Z,,health
"{'id': None, 'name': 'Newsbreak.com'}",Raga Justin,"State Health Department spent $1.2B for non-NY residents, audit says - NewsBreak",State comptroller flagged nearly $1.2 billion in payments the state health agency made on behalf to people whose residency was questionable.,https://www.newsbreak.com/share/4223442680249-state-health-department-spent-1-2b-for-non-ny-residents-audit-says?s=a2&amp;share_destination_id=MjU5MjEwMDctMTc1NzU1NDY0Nzk2Mg%3D%3D&amp;pd=01klElLD&amp;hl=en_US&amp;send_time=1757554647&amp;actBtn=bottomBar&amp;_f=app_share&amp;trans_data=%7B%22platform%22%3A1%2C%22cv%22%3A%2225.36.2%22%2C%22languages%22%3A%22en%22%7D&amp;sep=sc_android_comment_share_v3-v2%2Csc_play_button_v1-v3,https://img.particlenews.com/img/id/01zkj0_14YdhIDN00,2025-09-11T01:37:56Z,New York Democrats have decried the incoming cuts to state Medicaid programs and have in many cases batted away assertions there is waste within the system. A state comptroller's audit released Tuesd… [+4966 chars],health
"{'id': None, 'name': 'KFVS'}",Associated Press,"Previous charges, delayed mental health evaluation were missed opportunities in Charlotte stabbing","Previous charges, delayed mental health evaluation were missed opportunities in Charlotte stabbingkfvs12.com",https://www.kfvs12.com/2025/09/10/previous-charges-delayed-mental-health-evaluation-were-missed-opportunities-charlotte-stabbing/,https://gray-kfvs12-prod.gtv-cdn.com/resizer/v2/EJAFRYDQBBBFHOSSAGIB2JMJZQ.jpg?auth=dfcc1bfd3fedd064c9c9f4c240b0cc95e360641e7829e74d8618b1b9957f3705&width=1200&height=600&smart=true,2025-09-11T01:27:35Z,"(AP) - After Decarlos Brown Jr. was arrested for the fatal stabbing of a Ukrainian refugee aboard a North Carolina commuter train, he was quickly sent to a state mental hospital for an evaluation. It… [+5821 chars]",health
"{'id': 'breitbart-news', 'name': 'Breitbart News'}","Jasmyn Jordan, Jasmyn Jordan",Donald Trump Jr’s Tribute to Charlie Kirk: ‘He Was Like a Little Brother to Me’,"Donald Trump Jr. delivered a deeply personal statement Wednesday following the assassination of Turning Point USA founder Charlie Kirk, expressing grief over the loss of his close friend and highlighting Kirk’s courage, faith, devotion to his family, and last…",https://www.breitbart.com/politics/2025/09/10/donald-trump-jrs-tribute-to-charlie-kirk-he-was-like-a-little-brother-to-medonald-trump-jrs-tribute-to-charlie-kirk-he-was-like-a-little-brother-to-me/,https://media.breitbart.com/media/2025/09/donald-trump-Jr.-and-Charlie-Kirk-640x335.jpeg,2025-09-11T01:26:48Z,"Donald Trump Jr. delivered a deeply personal statement Wednesday following the assassination of Turning Point USA founder Charlie Kirk, expressing grief over the loss of his close friend and highligh… [+3341 chars]",health
"{'id': None, 'name': 'KSAT San Antonio'}",Courtney Friedman,"COVID-19 surging in San Antonio as new vaccine restrictions kick in, causing confusion","The new variant, Nimbus, is not causing a spike in hospitalizations, but doctors are still warning about the symptoms.",https://www.ksat.com/news/local/2025/09/11/covid-19-surging-in-san-antonio-as-new-vaccine-restrictions-kick-in-causing-confusion/,"https://res.cloudinary.com/graham-media-group/image/upload/f_auto/q_auto/c_thumb,w_700/v1/media/anyclip/fstl-tf/hPhSNpkBsbBHn2bYizbi/1757553094829_1920x1080_thumbnail.jpg?_a=DATAg1eAZAA0",2025-09-11T01:26:24Z,"SAN ANTONIO There has been a surge in COVID-19 diagnoses in San Antonio and around South Texas.
Doctors call it the summer surge and San Antonio seems to be just passing the peak. 
The new variant,… [+3588 chars]",health
"{'id': 'cbs-news', 'name': 'CBS News'}",Tom  Hanson,Why thousands of people in rural West Virginia lack reliable drinking water,"About 250,000 West Virginia residents rely on untreated sources of water, like natural springs or aquifers from coal mines.",https://www.cbsnews.com/news/thousands-of-people-rural-west-virginia-lack-reliable-drinking-water/,https://assets2.cbsnewsstatic.com/hub/i/r/2025/09/11/a1c62254-8a42-4eea-bd8b-f2e16d245645/thumbnail/1200x630/956111e5dbefe3dc5b1ff7c6e2821e7c/f5-hanson-id-fresh-water-transfer-frame-3242.jpg,2025-09-11T01:22:25Z,"Rhodell, West Virginia — For as long as Roman Patsey of Raleigh County, West Virginia, remembers, the Appalachian Mountains have provided virtually everything he's needed to survive, from his income … [+3156 chars]",health
"{'id': None, 'name': 'Mediaite'}",Charlie Nash,Republican Rabbi Uses Charlie Kirk Killing To Raise Money for Himself: ‘We Urgently Need to Raise Funds’,"Rabbi Shmuley Boteach received backlash on Wednesday after he used the killing of Turning Point USA founder Charlie Kirk to raise money for himself.
The post Republican Rabbi Uses Charlie Kirk Killing To Raise Money for Himself: ‘We Urgently Need to Raise Fun…",https://www.mediaite.com/politics/republican-rabbi-uses-charlie-kirk-killing-to-raise-money-for-himself-we-urgently-need-to-raise-funds/,https://www.mediaite.com/wp-content/uploads/2025/09/AP25148367982800.jpg,2025-09-11T01:20:59Z,"Jakub Porzycki/NurPhoto via AP
Rabbi Shmuley Boteach received backlash on Wednesday after he used the killing of Turning Point USA founder Charlie Kirk to raise money for himself.
Following news of… [+1884 chars]",health
"{'id': None, 'name': 'Inside the Magic'}",Emmanuel Detres,Islands of Adventure Quietly Prepares To Kill off a 26-Year-Old Opening Day Land,Universal Islands of Adventure could finally be doing away with a beloved opening day land that has been mostly abandoned for quite some time. Could this mean an entire new land is coming? Will Universal expand The Wizarding World of Harry Potter? Islands of …,https://insidethemagic.net/2025/09/islands-of-adventure-permit-demolition-emd1/,https://insidethemagic.net/wp-content/uploads/2024/04/Untitled-design-2024-04-11T145207.675.jpg,2025-09-11T01:13:08Z,Universal Islands of Adventure could finally be doing away with a beloved opening day land that has been mostly abandoned for quite some time. Could this mean an entire new land is coming? Will Unive… [+4743 chars],health
"{'id': None, 'name': 'Motorsport.com'}",Matt Weaver,The top short tracker in America is making his NASCAR debut,It's not the name that first comes to mind if you're a casual racing fan,https://www.motorsport.com/nascar-truck/news/the-top-short-tracker-in-america-is-making-his-nascar-debut/10758384/,https://cdn-5.motorsport.com/images/amp/68yqxy80/s6/received-1059010806055019.jpg,2025-09-11T01:12:44Z,"Statistically speaking, the most successful Super Late Model driver in the country is set to make his NASCAR debut in the Craftsman Truck Series on Thursday night at Bristol and it might not be his l… [+4256 chars]",health
"{'id': None, 'name': 'HuffPost'}",Li Zhou,Jerry Seinfeld Faces Backlash For Comparing ‘Free Palestine’ Movement To The KKK,It's not the first time his statements on the issue have ignited controversy.,https://www.huffpost.com/entry/jerry-seinfeld-israel-duke_n_68c213e6e4b0ca3909e0cdd8,https://img.huffingtonpost.com/asset/68c214a11900001f4a34cb56.jpeg?ops=1200_630,2025-09-11T01:09:40Z,"Comedian Jerry Seinfeld is facing backlash after drawing a startling comparison between the Free Palestine movement and the Ku Klux Klan during an appearance at Duke University on Tuesday. 
Per a re… [+3226 chars]",health
"{'id': None, 'name': 'BBC News'}",,"Postcode lottery for new cancer treatments, doctors warn","Experts say bureaucracy is ""stifling innovation"" and that applying for funding to pay for new treatments can be ""cumbersome"".",https://www.bbc.com/news/articles/c4gz3py0dwvo,https://ichef.bbci.co.uk/news/1024/branded_news/cdcf/live/36f5c450-8e66-11f0-9531-afe73c08c2bb.jpg,2025-09-11T01:09:10Z,"Philippa RoxbyHealth reporter and
Advances in radiotherapy and other forms of cancer treatment are driving up survival rates of the disease
Senior cancer doctors are warning that excessive red tape… [+5202 chars]",health
"{'id': None, 'name': 'Thegatewaypundit.com'}",Jim Hᴏft,"BREAKING: President Trump Delivers Solemn Address from the Oval Office Following Charlie Kirk’s Assassination: “For years, the Radical Left have Compared wonderful Americans like Charlie to Nazis – This Rhetoric Is Directly Responsible for the Terrorism We Are Seeing Today”","America is in mourning.
The post BREAKING: President Trump Delivers Solemn Address from the Oval Office Following Charlie Kirk’s Assassination: “For years, the Radical Left have Compared wonderful Americans like Charlie to Nazis – This Rhetoric Is Directly Re…",https://www.thegatewaypundit.com/2025/09/breaking-president-trump-delivers-solemn-address-oval-office/,https://www.thegatewaypundit.com/wp-content/uploads/2025/09/screenshot-2025-09-10-at-8.04.47pm-scaled.jpg,2025-09-11T01:06:40Z,America is in mourning.President Donald Trump has released a powerful video statement from the Oval Office following the heinous assassination of Turning Point USA founder Charlie Kirk on a Utah coll… [+3569 chars],health
"{'id': None, 'name': 'New York Post'}",Whitney Vasquez,"Polly Holliday, last surviving ‘Alice’ star, dead at 88 after bout with pneumonia",The actress earned four Emmy nominations for playing Flo.,https://nypost.com/2025/09/10/entertainment/polly-holliday-alice-star-dead-at-88-after-pneumonia-battle/,https://nypost.com/wp-content/uploads/sites/2/2025/09/Polly-Holliday.jpg?quality=75&strip=all&w=1024,2025-09-11T01:05:23Z,"Polly Holliday, known for her role as Flo in “Alice,” has died at age 88.
The actress was the last surviving star of the beloved CBS sitcom, which ran for 9 seasons from 1976 to 1985.
Holliday pass… [+773 chars]",health
"{'id': 'cbs-news', 'name': 'CBS News'}",Mekialaya White,Colorado health expert offers help for those grieving in the wake of Evergreen High School shooting,"Community members can be affected in a variety of ways following a tragic event like Wednesday's shooting at Evergreen High School. Denver Health is sharing information on what to expect, particularly for younger individuals, and when to seek help.",https://www.cbsnews.com/colorado/news/school-shooting-evergreen-colorado-mental-health-resources/,https://assets2.cbsnewsstatic.com/hub/i/r/2025/09/11/c9ff6ad8-2af8-489f-8de7-1c5ae4f8d930/thumbnail/1200x630/7ef270ccc084196de0e965cb283a34c3/evergreen-school-shooting-4vo-frame-716.jpg,2025-09-11T01:02:43Z,"Community members can be affected in a variety of ways following a tragic event like Wednesday's shooting at Evergreen High School in Colorado. Denver Health is sharing information on what to expect,… [+3870 chars]",health
"{'id': None, 'name': 'Commonsensewithmoney.com'}",F2D,Join AARP for $15 for Your First Year + Get a Free Insulated Trunk Organizer!,"Check out the AARP Sale! Join AARP for $15 for your first year  with auto renewal. + get a Free Insulated Trunk Organizer! Do you know the value of an AARP membership?
Access AARP benefits with real value for your life:
– Trustworthy inform...",https://www.commonsensewithmoney.com/join-aarp-15-first-year-get-free-insulated-trunk-organizer-80/,https://www.commonsensewithmoney.com/wp-content/uploads/2025/09/cmaarp-2.png,2025-09-11T01:00:59Z,"Check out the AARP Sale! Join AARP for $15 for your first year  with auto renewal. + get a Free Insulated Trunk Organizer! Do you know the value of an AARP membership?
Access AARP benefits with real… [+245 chars]",health
"{'id': None, 'name': 'Prtimes.jp'}",,【9月27日(土)・大手町】デジタルと融合する整形外科の未来を考える「DOCSF-JAPAN EXPERIENCE 2025」,"[一般社団法人　DOCSF-JAPAN]
[画像1: https://prcdn.freetls.fastly.net/release_image/168681/2/168681-2-428c15c192c04a536282eb618ed5401b-1920x1080.png?width=536&quality=85%2C75&format=jpeg&auto=webp&fit=bounds&am...",https://prtimes.jp/main/html/rd/p/000000002.000168681.html,https://prcdn.freetls.fastly.net/release_image/168681/2/168681-2-d8b23e0fa825f4cc72c735ad01d02527-1920x1080.png?format=jpeg&auto=webp&fit=bounds&width=2400&height=1260,2025-09-11T01:00:00Z,"2017 UCSF DOCSFDigital Orthopaedics Conference San Francisco
DOCSF-JAPAN  Stefano Bini Pain Point 2024EXPERIENCE 2024
2025927 EXPERIENCE 2025Pain Point 
DOCSF-JAPAN 
  
DOCSF-JAPAN 
 EXPERIENCE… [+1305 chars]",health
"{'id': 'abc-news-au', 'name': 'ABC News (AU)'}",Australian Broadcasting Corporation,When Dr Tottman had to run towards her life,"Dr Charlotte Tottman is a clinical psychologist who specialises in supporting cancer patients. Both her parents had died young from different cancers, so Charlotte always joked she would be next. In 2018, it wasn't a joke anymore.

While on a beach holiday, C…",https://www.abc.net.au/listen/programs/conversations/charlotte-tottman-psychologist-oncology-breast-cancer/105742730,https://live-production.wcms.abc-cdn.net.au/8827e1e05ef2f19c355076c1d0863ca7?impolicy=wcms_crop_resize&cropH=720&cropW=1280&xPos=0&yPos=280&width=862&height=485&imformat=generic,2025-09-11T01:00:00Z,"Dr Charlotte Tottman is a clinical psychologist who for many years has specialised in supporting people with cancer.
Both her parents had died quite young from different cancers, and so Charlotte al… [+871 chars]",health
"{'id': None, 'name': 'Cool Hunting'}",Becky Eaton,5 Resorts For Mini-Wine Excursions,"For people who love wine, there’s no better vacation than a week spent walking through vines, soil crunching underfoot as leaves brush against skin and inhaling aromas of fermenting grapes while st…",http://coolhunting.com/food-drink/5-resorts-for-mini-wine-excursions/,https://coolhunting.com/wp-content/uploads/2025/09/0201_bodegahotel_20junio-scaled.jpg,2025-09-11T00:52:49Z,"Sip and explore on these easy day trips in Spain, Japan and more


Read
Food + Drink





5 Resorts For Mini-Wine Excursions



Sip and explore on these easy day trips in Spain, Japan and more


… [+7193 chars]",health
"{'id': 'abc-news-au', 'name': 'ABC News (AU)'}",Ashleigh Davis and Emma Wynne,Hospital volunteer group celebrates a century of service,For 100 years the Fremantle Hospital Ladies Auxiliary has helped to care for patients and staff.,https://www.abc.net.au/news/2025-09-11/fremantle-hospital-ladies-auxiliary-100-year-anniversary/105749768,https://live-production.wcms.abc-cdn.net.au/f84fb3f4a09f6b496798ba3729280072?impolicy=wcms_watermark_news&cropH=1126&cropW=2002&xPos=0&yPos=104&width=862&height=485&imformat=generic,2025-09-11T00:45:46Z,"The Fremantle Hospital Ladies Auxiliary is celebrating a major milestone.
Known as the Lavender Ladies or the Terracotta Tarts (named for the colour of their uniforms) in times gone by, the auxiliar… [+3670 chars]",health
"{'id': None, 'name': 'WTVD-TV'}",,"Wake County P.E. teacher, former SAU basketball player dies: 'Great sadness'","Wake County P.E. teacher, former SAU basketball player dies: 'Great sadness'abc11.com",https://abc11.com/post/daveon-dunn-wake-county-pe-teacher-former-sau-basketball-player-dies-great-sadness/17789138/,https://cdn.abcotvs.com/dip/images/17789269_091025-wtvd-saint-aug-former-player-death-530p-vid.jpg?w=1600,2025-09-11T00:42:15Z,"RALEIGH, N.C. (WTVD) -- The recent death of a former Saint Augustine's University basketball player and current Wake County P.E. teacher underscores the importance of the message of World Suicide Pre… [+1536 chars]",health
"{'id': None, 'name': 'Parispi.net'}",BY GLENN TANNER POST-INTELLIGENCER,Dell Carter to retire from county commission at month's end,Henry County Commissioner Dell Carter said Wednesday he plans to retire from county government at the end of this month.,https://www.parispi.net/news/local_news/article_ac8e483c-dfb3-49b5-9b08-f8e99b359cab.html,https://bloximages.chicago2.vip.townnews.com/parispi.net/content/tncms/assets/v3/editorial/b/07/b0771ed2-c509-43b2-87ef-54c064fe765b/68c21afd095dd.image.jpg?crop=652%2C342%2C0%2C280,2025-09-11T00:36:00Z,"Henry County Commissioner Dell Carter said Wednesday he plans to retire from county government at the end of this month.
Carter, who serves as chairman of the countys airport board committee, made t… [+840 chars]",health
"{'id': None, 'name': 'Centralia Chronicle'}",Dylan Reubenking  / Dylanr@chronline.com,"Former Thurston County employee suing public health department for $1.2M over wrongful termination, suspected fraud from provider",A former rental housing specialist with Thurston County Public Health and Social Services is suing the department over allegations of wrongful termination in retaliation for whistleblower activities  …,"http://www.chronline.com/stories/former-thurston-county-employee-suing-public-health-department-for-12m-over-wrongful-termination,386953",https://gamma.creativecirclecdn.com/lafromboise/original/20250910-172318-c06-250911.ThurstonCountyPublicHealthLawsuit.jpg,2025-09-11T00:34:57Z,A former rental housing specialist with Thurston County Public Health and Social Services is suing the department over allegations of wrongful termination in retaliation for whistleblower activities … [+22984 chars],health
"{'id': None, 'name': 'Gothamist'}",Giulia Heyward,NYC lawmakers to vote on jail reform bills tied to Rikers Island and its closure,"The Rikers Island jail sign.
 

The legislation aims to speed up the shutdown and transition to borough-based jails. [ more › ]",https://gothamist.com/news/nyc-lawmakers-to-vote-on-jail-reform-bills-tied-to-rikers-island-and-its-closure,https://api-prod.gothamist.com/images/353191/fill-1200x650|format-webp|webpquality-85/,2025-09-11T00:34:00Z,"New York City lawmakers are set to vote Wednesday on several bills aimed at improving conditions for people in custody and laying more groundwork for the eventual closure of the Rikers Island jails.… [+2698 chars]",health
"{'id': 'the-times-of-india', 'name': 'The Times of India'}",Global Sports Desk,Health concerns rise as Aaron Rodgers struggles with back tightness during Steelers’ victory over Jets,"Aaron Rodgers admitted that back tightness significantly hampered his mobility during the Steelers' recent victory against the Jets, contributing to multiple sacks. Despite the discomfort, Rodgers expressed confidence in rookie Broderick Jones and the offensi…",https://timesofindia.indiatimes.com/sports/nfl/news/health-concerns-rise-as-aaron-rodgers-struggles-with-back-tightness-during-steelers-victory-over-jets/articleshow/123819254.cms,"https://static.toiimg.com/thumb/msid-123819319,width-1070,height-580,imgsize-30694,resizemode-75,overlay-toi_sw,pt-32,y_pad-40/photo.jpg",2025-09-11T00:33:52Z,Pati Patni aur Panga host Sonali Bendres stunning saree styles,health
"{'id': 'cbc-news', 'name': 'CBC News'}",,Alberta health professionals vote to reject tentative agreement,The majority of health care workers represented by the Health Sciences Association of Alberta voted against a deal with AHS proposing better wages and benefits.,https://www.cbc.ca/news/canada/edmonton/health-care-workers-reject-tentative-agreement-alberta-health-services-1.7630745,https://i.cbc.ca/1.7630768.1757550352!/fileImage/httpImage/image.jpg_gen/derivatives/16x9_1180/mike-parker.jpg?im=Resize%3D620,2025-09-11T00:33:35Z,"Members of the Health Sciences Association of Alberta have voted to reject a tentative deal struck with Alberta Health Services.
Of the 22,000 health care professionals in the HSAA, including parame… [+2211 chars]",health
"{'id': 'the-times-of-india', 'name': 'The Times of India'}","Tanishka Dubey, Disha Acharya",Startups seek a head in the therapy game via AI tools and bots,"The rise of AI chatbots like ChatGPT, Gemini, and Claude for online mental health platforms is expanding.  Docvita saw 16% user growth, while Amaha Health 80%. These companies are also building customer-facing chatbots and in-house models.",https://economictimes.indiatimes.com/tech/startups/startups-seek-a-head-in-the-therapy-game-via-ai-tools-and-bots/articleshow/123813815.cms,"https://img.etimg.com/thumb/width-1200,height-900,imgsize-2460310,resizemode-75,msid-123813815/tech/startups/startups-seek-a-head-in-the-therapy-game-via-ai-tools-and-bots.jpg",2025-09-11T00:31:00Z,"The growing trend of people turning towards artificial intelligence chatbots like ChatGPT, Gemini and Claude for information and suggestions is expanding, not shrinking, the market for online mental … [+2043 chars]",health
"{'id': None, 'name': 'Bitcoinist'}",Sebastian Villafuerte,Bitcoin Mining Difficulty Keeps Rising Despite Price Volatility – Details,"Bitcoin is once again caught in a tight battle between bulls and bears as selling pressure and uncertainty weigh on the market. The leading cryptocurrency has struggled to establish a clear direction, with buyers working to hold the price above the critical $…",https://bitcoinist.com/bitcoin-mining-difficulty-rising-despite-volatility/,https://bitcoinist.com/wp-content/uploads/2025/09/Untitled-design-2025-09-10T065107.362.jpg,2025-09-11T00:30:49Z,Bitcoin is once again caught in a tight battle between bulls and bears as selling pressure and uncertainty weigh on the market. The leading cryptocurrency has struggled to establish a clear direction… [+4460 chars],health
"{'id': 'breitbart-news', 'name': 'Breitbart News'}","Elizabeth Weibel, Elizabeth Weibel",Chiefs Kicker Harrison Butker Thanks Charlie Kirk for His 'Strong Witness for Christ',"Kansas City Chiefs kicker Harrison Butker thanked Turning Point USA founder Charlie Kirk for his “strong witness for Christ,” in response to the news that Kirk had died after being shot during an event at Utah Valley University. “Thank you
The post Chiefs Kic…",https://www.breitbart.com/politics/2025/09/10/chiefs-kicker-harrison-butker-thanks-charlie-kirk-for-his-strong-witness-for-christ/,https://media.breitbart.com/media/2025/09/AP25024715234411-640x335.jpg,2025-09-11T00:30:16Z,"Kansas City Chiefs kicker Harrison Butker thanked Turning Point USA founder Charlie Kirk for his “strong witness for Christ,” in response to the news that Kirk had died after being shot during an eve… [+2531 chars]",health
"{'id': None, 'name': 'BBC News'}",,Don't stress about being stressed - five tips to manage it,"Stress, in small doses, can be good for us. Here are five simple, science-backed ways to manage it better.",https://www.bbc.com/news/articles/cg42zq7nqxwo,https://ichef.bbci.co.uk/news/1024/branded_news/b1af/live/0dcd84d0-8d78-11f0-a337-d7a51974c55f.jpg,2025-09-11T00:30:06Z,"Dr Xand van TullekenMorning Live expert
September's back-to-it energy can leave us feeling overwhelmed and stressed
Summer's over, the holidays feel like a distant memory and suddenly the world is … [+3232 chars]",health
"{'id': None, 'name': 'Ndtvprofit.com'}",Jasmeet Singh Ghai,All You Need To Know Going Into Trade On Thursday,"The NSE Nifty 50 settled 104.5 points or 0.42% higher at 24,973.1 and the BSE Sensex closed 323.83 points or 0.4% up at 81,425.15. Nifty Sep futures is up by 0.52% to 25,079 at a premium of 106 points. nifty Sep futures open interest up by 1.77%. Nifty Option…",https://www.ndtvprofit.com/markets/stock-market-today-all-you-need-to-know-going-into-trade-on-september-11-2025,https://media.assettype.com/bloombergquint%2F2025-08-25%2F1gp40han%2Fstock-exchange-market-concept-businessman-trader-2025-01-08-03-45-55-utc.jpg?w=1200&auto=format%2Ccompress&ogImage=true,2025-09-11T00:30:00Z,"<li>Reliance Industries: The company incorporates Reliance Intelligence, a wholly owned subsidiary of the Company.
</li><li>Rajoo Engineers: The company has executed a definitive agreement to acquir… [+7863 chars]",health
"{'id': None, 'name': 'KPBS'}",Jacob Aere,San Diego Supervisors unanimously deny Cottonwood Sand Mine developer's appeal,Opponents of a proposed east county sand mine are celebrating what could be a final victory Wednesday following the vote. Dozens of members of the public who were largely opposed to the sand mine spoke at the meeting.,https://www.kpbs.org/news/politics/2025/09/10/san-diego-supervisors-unanimously-deny-cottonwood-sand-mine-developers-appeal,https://cdn.kpbs.org/dims4/default/740eb13/2147483647/strip/true/crop/4032x2117+0+144/resize/1200x630!/quality/90/?url=http%3A%2F%2Fkpbs-brightspot.s3.us-west-2.amazonaws.com%2F61%2F00%2Ff34d8189448db02f0152b69c188b%2Fimg-2364.jpg,2025-09-11T00:29:26Z,"After years of back and forth, San Diego County Supervisors voted unanimously to deny an appeal by developers to transform the Cottonwood Golf Club in Rancho San Diego into a sand mine.
Dozens of me… [+2270 chars]",health
"{'id': None, 'name': 'The Conversation Africa'}","Emma Beckett, Adjunct Senior Lecturer, Nutrition, Dietetics & Food Innovation - School of Health Sciences, UNSW Sydney",Want more protein for less money? Don’t be fooled by the slick black packaging,A food scientist explains which foods will give you the best value protein for every $1 you spend – at a fraction of what you’d spend on ‘high protein’ bars.,https://theconversation.com/want-more-protein-for-less-money-dont-be-fooled-by-the-slick-black-packaging-264039,https://images.theconversation.com/files/690031/original/file-20250910-56-l2oqma.jpg?ixlib=rb-4.1.0&rect=0%2C0%2C4000%2C2000&q=45&auto=format&w=1356&h=668&fit=crop,2025-09-11T00:26:24Z,"The Conversation, CC BY-SA
If you’ve been supermarket shopping lately, you might have noticed more foods with big, bold protein claims on black packaging – from powders and bars to yoghurt, bread an… [+5529 chars]",health
"{'id': None, 'name': 'New York Daily News'}",Leonard Greene,John Feal's new book chronicles battle with Jon Stewart for 9/11 victim compensation,"“I Will Follow You Anywhere: The True Story of the 9/11 Responders Who Took on Congress” features a foreword by Jon Stewart, and tells the story — in their own words — of first responde…",https://www.nydailynews.com/2025/09/10/john-feals-new-book-chronicles-battle-with-jon-stewart-for-9-11-victim-compensation/,https://www.nydailynews.com/wp-content/uploads/2025/09/GettyImages-963714468.jpg?w=1024&h=714,2025-09-11T00:26:01Z,"Dont expect 9/11 victims compensation crusader John Feal to forget the title of the book he has coming out next year.
Its tattooed on his right hand.
They are the words comedian and fellow crusader… [+3787 chars]",health
"{'id': None, 'name': 'The Indian Express'}",Atri Mitra,"Mamata slams BJP: ‘Bengal will be run by Bengal, not by Delhi’","Addressing a government distribution programme in Jalpaiguri, Banerjee criticised the centre's policies and alleged that migrant workers from Bengal are being tortured for speaking in Bengali.",https://indianexpress.com/article/cities/kolkata/mamata-slams-bjp-bengal-will-be-run-by-bengal-not-by-delhi-10242884/,https://images.indianexpress.com/2025/09/Mamata1-new_fbb942.jpg,2025-09-11T00:23:59Z,"Chief Minister Mamata Banerjee on Wednesday launched a scathing attack on the BJP-led Central Government, asserting that “Bengal will be run by Bengal, not Delhi.”Addressing a government distribution… [+2836 chars]",health
"{'id': 'rte', 'name': 'RTE'}",RTÉ News,Charlie Kirk played influential role in Trump reelection,"US right-wing political activist Charlie Kirk, who has died at the age of 31, was part of a constellation of influencers who helped amplify Republican President Donald Trump's agenda.",https://www.rte.ie/news/us/2025/0911/1532882-kirk-trump/,https://www.rte.ie/images/0023272e-1600.jpg,2025-09-11T00:23:54Z,"US right-wing political activist Charlie Kirk was part of a constellation of influencers who helped amplify Republican President Donald Trump's agenda, galvanising conservative youth and rising to in… [+3491 chars]",health
"{'id': None, 'name': 'Yahoo Entertainment'}",AFP,British Olympic medallist Proud joins drug-fuelled Enhanced Games,"Swimmer Ben Proud, who won an Olympic silver medal at Paris 2024, has become the first British athlete to join the Enhanced Games, a competition where athletes will be free to use performance-enhancing drugs.Proud, a world and European champion in the 50m fre…",https://sports.yahoo.com/article/british-olympic-medallist-proud-joins-002236367.html,https://media.zenfs.com/en/afp.com/a2d8e0ace93711f11b0d5efc7b877989,2025-09-11T00:22:36Z,"Swimmer Ben Proud, who won an Olympic silver medal at Paris 2024, has become the first British athlete to join the Enhanced Games, a competition where athletes will be free to use performance-enhanci… [+1683 chars]",health
"{'id': None, 'name': 'International Business Times'}",Ramon SAHMKOW,"2-1: First Not-guilty Vote In Bolsonaro Coup Trial, Two To Go","A Brazilian judge on Wednesday returned the first not-guilty vote in the coup-plotting trial of former president Jair Bolsonaro, shifting all eyes on the last two of his colleagues left to vote following two guilty findings.",https://www.ibtimes.com/2-1-first-not-guilty-vote-bolsonaro-coup-trial-two-go-3783055,https://d.ibtimes.com/en/full/4620799/brazilian-supreme-court-justice-luiz-fux-speaks-during-voting-session-convict-acquit-far-right.jpg,2025-09-11T00:21:17Z,"A Brazilian judge on Wednesday returned the first not-guilty vote in the coup-plotting trial of former president Jair Bolsonaro, shifting all eyes on the last two of his colleagues left to vote follo… [+3050 chars]",health
"{'id': None, 'name': 'ZDNet'}",Nina Raemont,"Apple Watch Series 11 vs. Samsung Galaxy Watch 8: I've tested both, and here's the winner",Which of the two top smartwatches is the most capable? Here's my verdict after trying both wearables.,https://www.zdnet.com/article/apple-watch-series-11-vs-samsung-galaxy-watch-8-ive-tested-both-and-heres-the-winner/,https://www.zdnet.com/a/img/resize/6930f3c7291c74fe1282d6c61583945522759f2f/2025/08/15/2b0c13f9-f28a-4af1-9716-b51f3a523914/dsc06885.jpg?auto=webp&fit=crop&height=675&width=1200,2025-09-11T00:20:00Z,"Nina Raemont/ZDNET
Follow ZDNET: Add us as a preferred source on Google.
Apple unveiled its Watch Series 11 during this week's iPhone event, alongside two other smartwatch models. The Series 11 get… [+5934 chars]",health
"{'id': None, 'name': 'The Conversation Africa'}","Davinia Beaver, Postdoctoral research fellow, Clem Jones Centre for Regenerative Medicine, Bond University","Blue, green, brown, or something in between – the science of eye colour explained",A pigment called melanin that’s found in the iris does most of the work.,https://theconversation.com/blue-green-brown-or-something-in-between-the-science-of-eye-colour-explained-264681,https://images.theconversation.com/files/689784/original/file-20250909-56-vogf53.jpg?ixlib=rb-4.1.0&rect=913%2C0%2C2509%2C1254&q=45&auto=format&w=1356&h=668&fit=crop,2025-09-11T00:19:08Z,"Pouya Hajiebrahimi/Unsplash
You’re introduced to someone and your attention catches on their eyes. They might be a rich, earthy brown, a pale blue, or the rare green that shifts with every flicker o… [+4323 chars]",health
"{'id': None, 'name': 'Yahoo Entertainment'}",Ramon SAHMKOW,"2-1: First not-guilty vote in Bolsonaro coup trial, two to go","A Brazilian judge on Wednesday returned the first not-guilty vote in the coup-plotting trial of former president Jair Bolsonaro, shifting all eyes on the...",https://www.yahoo.com/news/articles/2-1-first-not-guilty-001704036.html,https://media.zenfs.com/en/afp.com/69d65df546cf33aec0cb274e7b83e604,2025-09-11T00:17:04Z,"A Brazilian judge on Wednesday returned the first not-guilty vote in the coup-plotting trial of former president Jair Bolsonaro, shifting all eyes on the last two of his colleagues left to vote follo… [+3088 chars]",health
"{'id': None, 'name': 'Us Weekly'}",Ryan Naumann,Scott Wolf Faces Off With Ex Kelley in Court After Report She Left Rehab,"Scott Wolf and his estranged wife, Kelley Wolf, appeared in court for a hearing on his request for a protective order days after she reportedly left rehab, Us Weekly can exclusively report. Scott, 57, appeared before a Utah judge with his attorney Bart Johnso…",https://www.usmagazine.com/celebrity-news/news/scott-wolf-faces-off-with-ex-kelley-in-court-after-report-she-left-rehab-excl/#article,https://www.usmagazine.com/wp-content/uploads/2025/09/Scott-Wolf-and-Kelley-Face-Off-3.jpg?crop=0px%2C0px%2C2000px%2C1051px&resize=1200%2C630&quality=47&strip=all,2025-09-11T00:15:29Z,"Scott Wolf and his estranged wife, Kelley Wolf, appeared in court for a hearing on his request for a protective order days after she reportedly left rehab, Us Weekly can exclusively report.
Scott, 5… [+2814 chars]",health
"{'id': None, 'name': 'Ouhealth.com'}",Ou Health,Ukrainian Doctors Receive Trauma Surgery Training at OU Health,Ukrainian Doctors Receive Trauma Surgery Training at OU Healthouhealth.com,https://www.ouhealth.com/blog/2025/september/ukrainian-doctors-receive-trauma-surgery-trainin/,,2025-09-11T00:14:15Z,"The requested URL was rejected. Please consult with your administrator.Your support ID is: 14926426073715986880
[Go Back]",health
"{'id': None, 'name': 'Slashdot.org'}",feedfeeder,New Jersey Is the Latest State to Expand Access to Updated Covid Shots - The New York Times,New Jersey Is the Latest State to Expand Access to Updated Covid ShotsThe New York Times New Jersey becomes latest state to expand access to COVID-19 vaccinesABC News The Official Website of Governor Phil MurphyNJ.gov New Jersey COVID vaccines: Department of …,https://slashdot.org/firehose.pl?op=view&amp;id=179151278,,2025-09-11T00:12:11Z,The Fine Print: The following comments are owned by whoever posted them. We are not responsible for them in any way.,health
"{'id': None, 'name': 'GameSpot'}",Blair Marnell,Assassin's Creed Shadows Gets New Update Ahead Of Claws of Awaji Expansion,"Next week, Assassin's Creed Shadows is getting its first DLC expansion, Claws of Awaji. But before Naoe and Yasuke take on the Sanzoku Ippa in a new island region on September 16, Ubisoft is releasing the 1.1.1 update for Assassin's Creed Shadows on September…",https://www.gamespot.com/articles/assassins-creed-shadows-gets-new-update-ahead-of-claws-of-awaji-expansion/1100-6534637/,https://www.gamespot.com/a/uploads/screen_kubrick/1837/18375603/4565759-assassin%27screedshadowsclawsofawaji.jpg,2025-09-11T00:12:00Z,"Next week, Assassin's Creed Shadows is getting its first DLC expansion, Claws of Awaji. But before Naoe and Yasuke take on the Sanzoku Ippa in a new island region on September 16, Ubisoft is releasin… [+6272 chars]",health
"{'id': None, 'name': 'fox6now.com'}",Fox6 News Digital Team,Charlie Kirk shot dead; Wisconsin reacts to political violence,"Charlie Kirk, a conservative activist familiar to Wisconsin audiences through Turning Point USA chapters, was shot and killed on Wednesday, Sept. 10.",https://www.fox6now.com/news/charlie-kirk-shot-utah-college-wisconsin-reaction,https://images.foxtv.com/static.fox6now.com/www.fox6now.com/content/uploads/2025/09/1280/720/9p-local-charlie-kirk-shot-pkg_00.00.07.20.jpg?ve=1&tl=1,2025-09-11T03:15:32Z,"MILWAUKEE - Charlie Kirk, a conservative activist familiar to Wisconsin audiences through Turning Point USA chapters, was shot and killed on Wednesday, Sept. 10.
What we know:
It happened while spe… [+3689 chars]",politics
"{'id': None, 'name': 'BBC News'}",Anthony Zurcher - North America correspondent,Campus killing lays bare America's bloody and broken politics,Charlie Kirk's killing is another episode of gun violence in America and the latest in a line of recent political violence.,https://www.bbc.com/news/articles/cm2z9z4m22ro?xtor=AL-72-%5Bpartner%5D-%5Byahoo.north.america%5D-%5Bheadline%5D-%5Bnews%5D-%5Bbizdev%5D-%5Bisapi%5D,https://media.zenfs.com/en/bbc_us_articles_995/b24a6db2a5a0b43bab5fb5c03bd12665,2025-09-11T03:11:30Z,"Moments before the crack of a gunshot changed everything, thousands of students had gathered under clear blue skies at an idyllic Utah college to hear from a man considered a rock star in conservativ… [+4749 chars]",politics
"{'id': None, 'name': 'BBC News'}",,Campus killing lays bare America's bloody and broken politics,Charlie Kirk's killing is another episode of gun violence in America and the latest in a line of recent political violence.,https://www.bbc.com/news/articles/cm2z9z4m22ro,https://ichef.bbci.co.uk/news/1024/branded_news/9a11/live/57791530-8ea0-11f0-b391-6936825093bd.png,2025-09-11T03:11:26Z,"Anthony ZurcherNorth America correspondent
Students flee as Charlie Kirk is shot while speaking to a crowd of hundreds
Moments before the crack of a gunshot changed everything, thousands of student… [+5077 chars]",politics
"{'id': 'bbc-news', 'name': 'BBC News'}",Anthony Zurcher,Charlie Kirk killing lays bare America's bloody and broken politics,Charlie Kirk's killing is another episode of gun violence in America and the latest in a line of recent political violence.,https://www.bbc.co.uk/news/articles/cm2z9z4m22ro,https://ichef.bbci.co.uk/ace/branded_news/1200/cpsprodpb/4360/live/cbb74a40-8ee4-11f0-84c8-99de564f0440.jpg,2025-09-11T03:11:26Z,"He was an advocate of gun rights and conservative values, an outspoken critic of transgender rights, and a staunch, unapologetic Donald Trump supporter. His Turning Point US organisation played a key… [+1339 chars]",politics
"{'id': 'the-times-of-india', 'name': 'The Times of India'}",ET Online,Can we stop 'angry finger-pointing': Jimmy Kimmel reacts to Charlie Kirk death,Conservative activist Charlie Kirk was assassinated during a college event in Utah. Jimmy Kimmel appealed for unity. He urged Americans to set aside political divisions. Donald Trump mourned Kirk's death. He praised Kirk's connection with young Americans. Law…,https://economictimes.indiatimes.com/news/international/global-trends/can-we-stop-angry-finger-pointing-jimmy-kimmel-reacts-to-charlie-kirk-death/articleshow/123820751.cms,"https://img.etimg.com/thumb/msid-123820844,width-1200,height-630,imgsize-11680,overlay-economictimes/articleshow.jpg",2025-09-11T03:10:04Z,"Late-night television host Jimmy Kimmel has broken his silence after the shocking assassination of conservative activist Charlie Kirk, who was gunned down at just 31 years old during a live college e… [+2796 chars]",politics
"{'id': None, 'name': 'Doorblog.jp'}",admirecat,アメリカの最大手保守系論客、屋外公演中に撃たれる,"2: それでも動く名無し 2025/09/11(木) 04:41:07.17 ID:SAD5Zx6sM
Trump ally Charlie Kirk shot at event in Utah, source says https://edition.cnn.com/2025/09/10/politics/charlie-kirk-shooting-utah-valley-university
8: それでも動く名無し 2025/09/11(木) 04:43...",https://shikaku2ch.doorblog.jp/archives/59407152.html,https://livedoor.blogimg.jp/admirecat/imgs/d/8/d8bfb800-s.png,2025-09-11T03:09:14Z,"2: 2025/09/11() 04:41:07.17 ID:SAD5Zx6sM
8: 2025/09/11() 04:43:27.40 ID:SAD5Zx6sM
20: 2025/09/11() 04:51:23.81 ID:5tVCR1UA0
562: 2025/09/11() 09:53:58.77 ID:ScSZMFjL0
13: 2025/09/11() 04:46:05.76… [+1341 chars]",politics
"{'id': None, 'name': 'Freerepublic.com'}",Newsweek,Liberal Website Paid Witches to Hex Charlie Kirk Days Before Assassination,"progressive U.S.-based website paid online witches to curse conservative activist Charlie Kirk days before he was fatally shot during a student question-and-answer session at Utah Valley University in Orem, Utah. Why It Matters Political figures from both sid…",https://freerepublic.com/focus/f-news/4339681/posts,,2025-09-11T03:07:38Z,"Skip to comments.
Liberal Website Paid Witches to Hex Charlie Kirk Days Before AssassinationNewsweek ^
 | Sep 10, 2025
Posted on 09/10/2025 8:07:38 PM PDT by nickcarraway
progressive U.S.-based w… [+3438 chars]",politics
"{'id': None, 'name': 'Biztoc.com'}",latimes.com,New UCLA study highlights large disparities in L.A.'s Latinx labor force,"A new study from the UCLA Latino Policy and Politics Institute shows how the Hispanic workforce in L.A. County has struggled in reaching pay equity, among other inequities.",https://biztoc.com/x/ae355b15e2d4de8f,https://biztoc.com/cdn/950/og.png,2025-09-11T03:07:17Z,"A new study from the UCLA Latino Policy and Politics Institute shows how the Hispanic workforce in L.A. County has struggled in reaching pay equity, among other inequities.
This story appeared on la… [+30 chars]",politics
"{'id': None, 'name': 'Slate Magazine'}",Luke Winkie,Charlie Kirk Was a Singularly Revered Figure in Trump World. It’s Clear What His Death Will Bring.,Kirk sweetalked octogenarian donors and 19-year-old groypers alike. He was killed in his element.,https://slate.com/news-and-politics/2025/09/charlie-kirk-dead-shooter-utah-suspect-news.html,https://compote.slate.com/images/614a4dec-6020-4907-a5ee-fc6bcccf426e.jpeg?crop=3244%2C2162%2Cx0%2Cy2&width=1560,2025-09-11T03:06:22Z,"Sign up for the Slatest to get the most insightful analysis, criticism, and advice out there, delivered to your inbox daily.
Charlie Kirk, who was killed on Wednesday during a political event on a U… [+6542 chars]",politics
"{'id': None, 'name': 'Freerepublic.com'}",Variety,Jimmy Kimmel on Charlie Kirk’s Shooting Death: Can We Stop ‘Angry Finger Pointing’ and ‘Agree It’s Horrible and Monstrous to Shoot Another Human?’,"Jimmy Kimmel has taken to social media to weigh in on the assassination of Charlie Kirk, the conservative activist and Donald Trump ally who died at 31 years old after being shot at a college event in Utah. Kimmel, one of Hollywood’s most vocal opponents of T…",https://freerepublic.com/focus/f-news/4339680/posts,,2025-09-11T03:02:48Z,"Skip to comments.
Jimmy Kimmel on Charlie Kirks Shooting Death: Can We Stop Angry Finger Pointing and Agree Its Horrible and Monstrous to Shoot Another Human?Variety ^
 | 9/10
 | Zack Sharf 
Post… [+5727 chars]",politics
"{'id': None, 'name': 'The Daily Caller'}",Hailey Gomez,Matthew Dowd Fired From MSNBC: REPORT,"Matthew Dowd was reportedly fired from MSNBC following his ""unacceptable"" comments about Kirk's assassination, according to Variety.",https://dailycaller.com/2025/09/10/matthew-dowd-fired-from-msnbc-report/,"https://images.dailycaller.com/image/width=1280,height=549,fit=cover,format=webp,f=auto/https://cdn01.dailycaller.com/wp-content/uploads/2025/09/GettyImages-82647447-scaled-e1757558458185.jpg",2025-09-11T03:01:10Z,"Political analyst Matthew Dowd was reportedly fired from MSNBC on Wednesday following his “unacceptable” comments about Turning Point USA founder Charlie Kirk’s assassination, according to Variety.
… [+2967 chars]",politics
"{'id': None, 'name': 'Gallup.com'}",Lydia Saad,Perceived Importance of College Hits New Low,"The percentage of Americans who consider a college education ""very important"" has slipped below the majority level.",https://news.gallup.com/poll/695003/perceived-importance-college-hits-new-low.aspx,https://imagekit.gallup.com/fusion/tr:n-emd_soc_meta_og/POLL/83826b98-f049-4028-9282-63354afcca81.jpg,2025-09-11T03:00:00Z,"WASHINGTON, D.C. — Americans have been placing less importance on the value of a college education over the past 15 years, to the point that about a third (35%) now rate it as “very important.” Forty… [+4428 chars]",politics
"{'id': None, 'name': 'The Japan Times'}",Zia Qureshi,What happens next to globalization?,"For starters, the rise of China and other economies is bringing an end to the postwar world order dominated by the United States.",https://www.japantimes.co.jp/commentary/2025/09/11/world/where-is-globalization-going/,https://www.japantimes.co.jp/japantimes/uploads/images/2025/09/11/486640.jpg?v=3.1,2025-09-11T03:00:00Z,"WASHINGTON Despite the hand-wringing about U.S. President Donald Trumps tariff war, which many claim sounds the death knell for the worlds trading system, and worries about heightened geopolitical te… [+835 chars]",politics
"{'id': 'fox-news', 'name': 'Fox News'}",,'Dark moment for America': Trump declares Charlie Kirk's voice 'bigger and grander' after assassination,"President Trump mourns Charlie Kirk after the conservative activist was fatally shot during a Turning Point USA event at Utah Valley University, calling it a dark moment for America.",https://www.foxnews.com/us/dark-moment-america-trump-declares-charlie-kirks-voice-bigger-grander-after-assassination,https://static.foxnews.com/foxnews.com/content/uploads/2025/09/charlie-kirk-shot-dead_035.jpg,2025-09-11T02:52:59Z,"President Donald Trump addressed the nation in the wake of Charlie Kirk's death, the conservative activist who was tragically shot Wednesday during an appearance at Utah Valley University.
The presi… [+3260 chars]",politics
"{'id': 'breitbart-news', 'name': 'Breitbart News'}","Ian Hanchett, Ian Hanchett",Dem Rep. Goldman: Trump Should Speak Out on Rhetoric from Some on Right,"On Wednesday’s “AC360,” Rep. Daniel Goldman (D-NY) said that he “would really urge the President of the United States to speak out against” rhetoric from some on the right in the wake of the assassination of Charlie Kirk. Goldman said,
The post Dem Rep. Goldm…",https://www.breitbart.com/clips/2025/09/10/dem-rep-goldman-trump-should-speak-out-on-rhetoric-from-some-on-right/,https://media.breitbart.com/media/2025/05/Goldman-430-Thumbnail-640x335.jpg,2025-09-11T02:51:49Z,"On Wednesday’s “AC360,” Rep. Daniel Goldman (D-NY) said that he “would really urge the President of the United States to speak out against” rhetoric from some on the right in the wake of the assassin… [+2920 chars]",politics
"{'id': None, 'name': 'HuffPost'}",Ben Blanchet,Rosie O'Donnell Says She Missed Major Family Moment Due To Trump Threats,"The comedian opened up about how the president's feud with her has fueled ""a lot of problems"" in her life.",https://www.huffpost.com/entry/rosie-odonnell-donald-trump-feud-missed-daughters-graduation_n_68c214b9e4b02e75fd4085f4,https://img.huffingtonpost.com/asset/68957964180000b8e98c4fe4.jpeg?cache=mqHH09d14r&ops=1200_630,2025-09-11T02:40:29Z,Rosie ODonnell has explained why returning to the United States is going to be a challenge for her as she revealed that she didnt attend her daughters college graduation due to her longtime feud with… [+3491 chars],politics
"{'id': None, 'name': 'Mediaite'}",Sarah Rumpf,Florida Reporter Suspended After Texting MAGA Congressman to Ask If He Still Supports Campus Carry After Kirk Shooting,"A reporter with a popular Florida political website was suspended after angering a Republican congressman with a question he texted in the wake of Charlie Kirk being shot.
The post Florida Reporter Suspended After Texting MAGA Congressman to Ask If He Still S…",https://www.mediaite.com/online/florida-reporter-suspended-after-texting-maga-congressman-to-ask-if-he-still-supports-campus-carry-after-kirk-shooting/,https://www.mediaite.com/wp-content/uploads/2025/06/AP25113105794349-scaled.jpg,2025-09-11T02:39:06Z,"Meredith Seaver/College Station Eagle via AP
A reporter with a popular Florida political website was suspended after angering a Republican congressman with a question he texted in the wake of Charli… [+4311 chars]",politics
"{'id': None, 'name': 'Freerepublic.com'}",Yahoo News!,Charlie Kirk Applauds Lamar Jackson's 'Courage and Conviction' After Backlash for Sharing Christian Message,"Turning Point USA founder Charlie Kirk is applauding Baltimore Ravens quarterback Lamar Jackson, saying the two-time NFL MVP showed ""courage and conviction"" after facing criticism for sharing Kirk’s faith-based post on X that read, ""It’s all about Jesus."" ""I …",https://freerepublic.com/focus/f-news/4339677/posts,,2025-09-11T02:38:49Z,"Skip to comments.
Charlie Kirk Applauds Lamar Jackson's 'Courage and Conviction' After Backlash for Sharing Christian MessageYahoo News! ^
 | Wed, August 20, 2025
 | Taylor Penley
Posted on 09/10… [+1866 chars]",politics
"{'id': 'breitbart-news', 'name': 'Breitbart News'}","Olivia Rondeau, Olivia Rondeau",Pennsylvania Teacher Shares Post Calling Charlie Kirk a 'White Nationalist' Who Deserves No Empathy,"A Pennsylvania public school ""emotional support teacher"" shared a post calling slain conservative activist Charlie Kirk a bigoted ""white nationalist mouthpiece"" who normalized ""Trumpism"" and does not deserve ""empathy"" shortly after he was assassinated on a Ut…",https://www.breitbart.com/politics/2025/09/10/pennsylvania-teacher-shares-post-calling-charlie-kirk-a-white-nationalist-who-deserves-no-empathy/,https://media.breitbart.com/media/2025/09/AP25253691178788-640x335.jpg,2025-09-11T02:37:10Z,A Pennsylvania public school “emotional support teacher” shared a post calling slain conservative activist Charlie Kirk a bigoted “white nationalist mouthpiece” who normalized “Trumpism” and does not… [+2769 chars],politics
"{'id': 'the-times-of-india', 'name': 'The Times of India'}",Don Tomslee,Trump releases video statement on Charlie Kirk assassination,"President Donald Trump releases video message calling Charlie Kirk assassination ""dark moment for America."" Conservative activist and Turning Point USA co-founder killed Wednesday, September 10, during Utah college appearance",https://economictimes.indiatimes.com/news/international/us/trump-releases-video-statement-on-charlie-kirk-assassination/articleshow/123820179.cms,"https://img.etimg.com/thumb/msid-123820160,width-1200,height-630,imgsize-1074651,overlay-economictimes/articleshow.jpg",2025-09-11T02:33:14Z,"President Donald Trump issued a video statement following the assassination of Charlie Kirk, conservative political activist and co-founder of Turning Point USA. Trump characterized the shooting as a… [+1645 chars]",politics
"{'id': 'breitbart-news', 'name': 'Breitbart News'}","Paul Bois, Paul Bois","Chris Pratt, Arnold Schwarzenegger, Jason Aldean, More Condemn Charlie Kirk Assassination: 'God Help Us'","Several actors and celebrities across the political spectrum condemned the assassination of conservative commentator Charlie Kirk on Wednesday with no equivocations.
The post Chris Pratt, Arnold Schwarzenegger, Jason Aldean, More Condemn Charlie Kirk Assassin…",https://www.breitbart.com/entertainment/2025/09/10/arnold-schwarzenegger-chris-pratt-mark-hamill-more-condemn-charlie-kirk-assassination/,https://media.breitbart.com/media/2025/09/prattarnoldaldeankirk-640x335.jpg,2025-09-11T02:32:17Z,"Several actors and celebrities across the political spectrum condemned the assassination of conservative commentator Charlie Kirk on Wednesday with no equivocations.
Arnold Schwarzenegger (The Termi… [+2504 chars]",politics
"{'id': 'abc-news-au', 'name': 'ABC News (AU)'}",Carrington Clarke,"Kirk's death should jolt America, but horror has rarely led to change","The killing of Trump ally Charlie Kirk should be a moment that jolts America — but despite the bipartisan outrage, it's hard to believe this act of hatred will spark any meaningful national reckoning.",https://www.abc.net.au/news/2025-09-11/charlie-kirks-death-unlikely-to-spark-us-reckoning-with-violence/105761558,https://live-production.wcms.abc-cdn.net.au/b7a04c6585b4eb7e4f087f760b4ceae4?impolicy=wcms_watermark_news&cropH=1447&cropW=2573&xPos=0&yPos=108&width=862&height=485&imformat=generic,2025-09-11T02:28:47Z,"This should be a moment that jolts America.
A 31-year-old father of two has been killed on a college campus in what authorities are calling a political assassination.
For Charlie Kirk's family and … [+2957 chars]",politics
"{'id': None, 'name': 'Freerepublic.com'}",Yahoo News!,MSNBC Guest Skewered Online After Victim-Blaming Charlie Kirk Following Utah Shooting: ‘Disgusting Thing to Say’,"Political strategist Matthew Dowd faced a grilling on social media after he speculated on MSNBC about the shooting of conservative activist Charlie Kirk during an event at an Utah college on Wednesday. SNIP “But following up with what was just said, he’s been…",https://freerepublic.com/focus/f-news/4339674/posts,,2025-09-11T02:27:32Z,"Skip to comments.
MSNBC Guest Skewered Online After Victim-Blaming Charlie Kirk Following Utah Shooting: Disgusting Thing to SayYahoo News! ^
 | Wed, September 10, 2025
 | Rachel Cohen
Posted on … [+2892 chars]",politics
"{'id': None, 'name': 'Politicalwire.com'}",Taegan Goddard,Graphic Video of Charlie Kirk Killing Was Everywhere,"Associated Press: “Traditional news organizations were cautious in their midafternoon coverage of Charlie Kirk’s assassination Wednesday not to depict the moment he was shot, instead showing video of him tossing a hat to his audience",https://politicalwire.com/2025/09/10/graphic-video-of-charlie-kirk-killing-was-everywhere/,https://politicalwire.com/wp-content/uploads/2018/02/PW-podcast-logo.jpg,2025-09-11T02:27:14Z,"“There are a lot of blogs and news sites claiming to understand politics, but only a few actually do. Political Wire is one of them.”
 Chuck Todd, host of “Meet the Press”
“Concise. Relevant. To th… [+594 chars]",politics
"{'id': None, 'name': 'POLITICO.eu'}","Carlo Boffa, Johanna Treeck",ECB’s Lagarde set to face grilling on French troubles,For Christine Lagarde the occasion will serve as an uncomfortable reminder of her biggest communications gaffe as central bank chief.,https://www.politico.eu/article/ecb-lagarde-to-face-grilling-rench-troubles/,"https://www.politico.eu/cdn-cgi/image/width=1200,height=630,fit=crop,quality=80,onerror=redirect/wp-content/uploads/2025/09/10/lagarde-scaled.jpg",2025-09-11T02:25:00Z,"Lagarde will need to manage expectations carefully, HSBC economist Fabio Balboni warned, since ruling cuts out completely could drive up borrowing costs across the eurozone, including in France.
Man… [+1740 chars]",politics
"{'id': None, 'name': '7NEWS.com.au'}",Digital Staff,‘Prove me wrong’: How Charlie Kirk became a key cog in Trump and MAGA’s youth machine,"The influencer and activist, who was shot and killed early Thursday, pioneered a new model for conservative campaigning.",https://7news.com.au/news/prove-me-wrong-how-charlie-kirk-became-a-key-cog-in-trump-and-magas-youth-machine-c-19982758,https://images.7news.com.au/publication/C-19982758/b4cb3ac45e0b49e6adeb1cc896ba52adc4395efc-16x9-x0y225w3000h1688.jpg?imwidth=1200,2025-09-11T02:22:57Z,"No one understood or had the heart of the youth in the United States of America better than Charlie.
So said US President Donald Trump in a Truth Social post on Thursday morning, Australian time, co… [+5313 chars]",politics
"{'id': None, 'name': 'Freerepublic.com'}",Newsweek,House Floor Erupts as Lauren Boebert Calls for Prayer for Charlie Kirk,"The floor of the House of Representatives erupted into shouting on Wednesday as Republican Representative Lauren Boebert asked for a prayer in honor of Turning Point USA co-founder and CEO Charlie Kirk. Kirk was fatally shot at Utah Valley University in Orem,…",https://freerepublic.com/focus/f-news/4339672/posts,,2025-09-11T02:21:28Z,"Skip to comments.
House Floor Erupts as Lauren Boebert Calls for Prayer for Charlie KirkNewsweek ^
 | Sep 10, 2025
 | Anna Commander
Posted on 09/10/2025 7:21:28 PM PDT by nickcarraway
The floor… [+2366 chars]",politics
"{'id': None, 'name': 'Freerepublic.com'}",Townhall,They Murdered Charlie Kirk and They Must Pay,"This may be the hardest column I’ve ever written, one where I’m so angry that it’s hard for me to put my words into a sequence that’s both coherent and not profane. They murdered Charlie Kirk today. They shot him dead because he dared to exercise his right as…",https://freerepublic.com/focus/f-news/4339671/posts,,2025-09-11T02:21:03Z,"Skip to comments.
They Murdered Charlie Kirk and They Must PayTownhall ^
 | Sep 10, 2025
 | Kurt Schlichter
Posted on 09/10/2025 7:21:03 PM PDT by mairdie
This may be the hardest column Ive ever… [+1945 chars]",politics
"{'id': 'usa-today', 'name': 'USA Today'}","Bart Jansen, Terry Collins and Lauren Villagran, USA TODAY","How Charlie Kirk became a key ally, advisor, and activist for Donald Trump","Charlie Kirk wasn't a Trump aide and didn't have a college degree, but his political movement brought young voters to GOP to fuel Trump's rise.",https://www.usatoday.com/story/news/politics/2025/09/10/charlie-kirk-donald-trump-politics/86083580007/,https://s.yimg.com/ny/api/res/1.2/Hce4URJ4C0dApe1WhWvj4Q--/YXBwaWQ9aGlnaGxhbmRlcjt3PTEyMDA7aD04ODg7Y2Y9d2VicA--/https://media.zenfs.com/en/usa_today_news_641/9a2737bbe424546b76d2dcb4399617c1,2025-09-11T02:18:12Z,"WASHINGTON GOP President Donald Trump called him ""Great"" and ""Legendary."" Democratic California Gov. Gavin Newsom recognized his success drawing young people to the Republican Party. The president's … [+7727 chars]",politics
"{'id': 'breitbart-news', 'name': 'Breitbart News'}","Joel B. Pollak, Joel B. Pollak",Pollak: Charlie Kirk's Assassination Irrevocably Alters American Politics,"Charlie Kirk's assassination will change American politics forever by prompting a long-overdue crackdown on the radical left.
The post Pollak: Charlie Kirk’s Assassination Irrevocably Alters American Politics appeared first on Breitbart.",https://www.breitbart.com/politics/2025/09/10/pollak-charlie-kirks-assassination-irrevocably-alters-american-politics/,https://media.breitbart.com/media/2025/09/Charlie-Kirk-power-to-the-people-Associated-Press-640x335.jpg,2025-09-11T02:13:03Z,"Charlie Kirk’s assassination will change American politics forever by prompting a long-overdue crackdown on the radical left.
Had this horrific event taken place under a Democratic administration, w… [+3867 chars]",politics
"{'id': None, 'name': 'International Business Times'}",Melissa MAJCHRZAK with Huw GRIFFITH in Los Angeles,Trump Blasts 'Radical Left' After Killing Of Influencer Charlie Kirk,"Donald Trump lashed out at the ""radical left"" on Wednesday after the apparent assassination of his right-wing ally Charlie Kirk, vowing a crackdown after a killing that has sparked fears of worsening political violence in the United States.",https://www.ibtimes.com/trump-blasts-radical-left-after-killing-influencer-charlie-kirk-3783056,https://d.ibtimes.com/en/full/4620760/influential-us-right-wing-youth-organizer-charlie-kirk-has-been-shot-wounded-according-multiple.jpg,2025-09-11T02:12:13Z,"Donald Trump lashed out at the ""radical left"" on Wednesday after the apparent assassination of his right-wing ally Charlie Kirk, vowing a crackdown after a killing that has sparked fears of worsening… [+4525 chars]",politics
"{'id': None, 'name': 'Ibtimes.com.au'}",Melissa MAJCHRZAK with Huw GRIFFITH in Los Angeles,Trump Blasts 'Radical Left' After Killing Of Influencer Charlie Kirk,"Donald Trump lashed out at the ""radical left"" on Wednesday after the apparent assassination of his right-wing ally Charlie Kirk, vowing a crackdown after a killing that has sparked fears of worsening political violence in the United States.",https://www.ibtimes.com.au/trump-blasts-radical-left-after-killing-influencer-charlie-kirk-1860469,https://d.ibtimes.com.au/en/full/1888543/influential-us-right-wing-youth-organizer-charlie-kirk-has-been-shot-wounded-according-multiple.jpg,2025-09-11T02:12:12Z,"Donald Trump lashed out at the ""radical left"" on Wednesday after the apparent assassination of his right-wing ally Charlie Kirk, vowing a crackdown after a killing that has sparked fears of worsening… [+4525 chars]",politics
"{'id': 'associated-press', 'name': 'Associated Press'}",By The Associated Press,"What to know about the fatal shooting of Charlie Kirk, the co-founder of Turning Point USA","Turning Point USA CEO Charlie Kirk was fatally shot at a Utah college. Kirk was a top podcaster, culture warrior and ally of President Donald Trump. Kirk was speaking at a debate hosted by his nonprofit political organization at Utah…",https://apnews.com/article/charlie-kirk-shot-utah-turning-point-e771e3967d5a6024f7cf84d5e0228fed,https://bloximages.newyork1.vip.townnews.com/roanoke.com/content/tncms/assets/v3/editorial/4/f3/4f3432ed-c1aa-5c0d-ae7d-833639fe633a/68c2344141b6b.image.jpg?crop=1280%2C672%2C0%2C23&resize=1200%2C630&order=crop%2Cresize,2025-09-11T01:54:00Z,"Charlie Kirk, the CEO and co-founder of the conservative youth organization Turning Point USA, was fatally shot Wednesday at an event at a Utah college.
Kirk was a top podcaster, culture warrior and… [+5721 chars]",politics
"{'id': None, 'name': 'Freerepublic.com'}",The Associated Press,Live updates: Charlie Kirk assassinated at university event in Utah,"Here’s what we know so far: The victim: 31-year-old Kirk personified the pugnacious, populist conservatism that has taken over the Republican Party in the age of Trump. He launched his organization, Turning Point USA, in 2012, targeting younger people and ven…",https://freerepublic.com/focus/f-news/4339664/posts,,2025-09-11T01:43:35Z,"Skip to comments.
Live updates: Charlie Kirk assassinated at university event in UtahThe Associated Press ^
 | September 10, 2025
 | EDITED BY BRIDGET BROWN, BILL CORMIER, CURTIS YEE, SAM BURDETTE… [+2351 chars]",politics
"{'id': 'rte', 'name': 'RTE'}",RTÉ News,Images released of 'person of interest' in Kirk shooting,"The FBI has released photos of someone who they have described as a ""person of interest"" in the shooting of influential conservative activist Charlie Kirk.",https://www.rte.ie/news/world/2025/0911/1532883-charlie-kirk-shooting/,https://www.rte.ie/images/0023282c-1600.jpg,2025-09-11T01:40:35Z,"The FBI has released photos of someone who they have described as a ""person of interest"" in the shooting of influential conservative activist Charlie Kirk.
FBI officials in the Salt Lake City office… [+5913 chars]",politics
"{'id': None, 'name': 'Freerepublic.com'}",,Yankees honor Charlie Kirk with a moment of silence,Class act from the Yankees,https://freerepublic.com/focus/f-bloggers/4339662/posts,,2025-09-11T01:31:09Z,"Skip to comments.
Yankees honor Charlie Kirk with a moment of silencehttps://imgur.com/a/vn5kh6G ^Posted on 09/10/2025 6:31:09 PM PDT by matt04
Class act from the Yankees 
TOPICS:Chit/Chat; Politi… [+2645 chars]",politics
"{'id': None, 'name': 'Crikey'}",Bernard Keane,The Martyrdom of Saint Jacinta didn’t quite go according to plan,"Jacinta Nampijinpa Price's sacking isn't surprising because it happened, but rather that it happened so quickly — and that so many of her backers think it had to happen. Where to from here?
The post The Martyrdom of Saint Jacinta didn’t quite go according to …",http://www.crikey.com.au/2025/09/11/jacinta-price-sacked-frontbench-sussan-ley-opposition/,https://www.crikey.com.au/wp-content/uploads/sites/3/2025/09/20250911143372517529-original-copy.jpg?quality=70&w=1024,2025-09-11T01:22:22Z,"We now have a better understanding of why, after the right-wing defeat of the Voice referendum in 2023, the Coalition leadership under Peter Dutton consigned Jacinta Nampijinpa Price back to obscurit… [+4821 chars]",politics
"{'id': 'al-jazeera-english', 'name': 'Al Jazeera English'}",Al Jazeera Staff,Who was Charlie Kirk? What we know about the shooting and the suspect,Video of the incident shows Charlie Kirk speaking to a large outdoor crowd when a gunshot rings out.,https://www.aljazeera.com/news/2025/9/11/who-was-charlie-kirk-what-we-know-about-the-shooting-and-the-suspect,https://www.aljazeera.com/wp-content/uploads/2025/09/2025-09-10T192318Z_811815230_RC2OSBAVJ3X1_RTRMADP_3_USA-UTAH-SHOOTING-CHARLIE-KIRK-1-1757546781_f6d802-1757553451.jpg?resize=1200%2C630&quality=80,2025-09-11T01:18:02Z,"Charlie Kirk, a well-known conservative activist in the United States and staunch ally of President Donald Trump, was shot dead at an event at Utah Valley University.
Video of the incident circulati… [+8116 chars]",politics
"{'id': None, 'name': 'The Daily Caller'}",Harold Hutchison,Utah Gov Spencer Cox Reminds America That State Still Has Death Penalty In Wake Of Charlie Kirk Assassination,Gov. Spencer Cox of Utah reminded Americans the state still had the death penalty while reacting to the assassination of Turning Point USA founder Charlie Kirk.,https://dailycaller.com/2025/09/10/utah-gov-spencer-cox-reminds-america-that-state-still-has-death-penalty-in-wake-of-charlie-kirk-assassination/,"https://images.dailycaller.com/image/width=1280,height=549,fit=cover,format=webp,f=auto/https://cdn01.dailycaller.com/wp-content/uploads/2025/09/DCNF-Cox-Kirk-Assassination-Death-Featured.jpg",2025-09-11T01:16:39Z,"Republican Gov. Spencer Cox of Utah reminded Americans Wednesday that the state still had the death penalty while reacting to the assassination of Turning Point USA founder Charlie Kirk.
Kirk was fa… [+2538 chars]",politics
"{'id': 'fox-news', 'name': 'Fox News'}",,WATCH: Dems and Republicans clash on House floor following moment of silence for Charlie Kirk,A silent tribute for slain conservative Charlie Kirk on the House turned tense after Republican Colorado lawmaker Lauren Boebert requested a spoken prayer.,https://www.foxnews.com/politics/watch-dems-republicans-clash-house-floor-following-moment-silence-charlie-kirk,https://static.foxnews.com/foxnews.com/content/uploads/2025/09/house-clash-republicans-democrats-charlie-kirk-turning-point.jpg,2025-09-11T01:15:35Z,A moment of silence for Charlie Kirk on the House floor Wednesday devolved into a shouting match after a Republican representative demanded a prayer be said out loud for the conservative who was shot… [+1944 chars],politics
"{'id': None, 'name': 'Freerepublic.com'}",X,TMZ studio cheers as Kirk death is announced,"As TMZ host Harvey Levin is in real time giving directions as to how to proceed with their coverage, he is interrupted by what you can clearly hear as loud and boisterous cheering in studio just before Levin is told of Trump’s Truth Social post announcing Kir…",https://freerepublic.com/focus/f-news/4339661/posts,,2025-09-11T01:13:31Z,"Skip to comments.
TMZ studio cheers as Kirk death is announced X ^
 | 9/10/25
Posted on 09/10/2025 6:13:31 PM PDT by hole_n_one
As TMZ host Harvey Levin is in real time giving directions as to ho… [+4819 chars]",politics
"{'id': None, 'name': 'Politicalwire.com'}",Taegan Goddard,GOP Blocks Schumer’s Effort to Force Vote on Epstein Files,"“Senate Republicans narrowly blocked an unexpected effort on Wednesday by Senator Chuck Schumer of New York, the Democratic leader, to force a vote on releasing the Epstein files and put Republican senators on record on",https://politicalwire.com/2025/09/10/gop-blocks-schumers-effort-to-force-vote-on-epstein-files/,https://politicalwire.com/wp-content/uploads/2018/02/PW-podcast-logo.jpg,2025-09-11T01:12:09Z,"“There are a lot of blogs and news sites claiming to understand politics, but only a few actually do. Political Wire is one of them.”
 Chuck Todd, host of “Meet the Press”
“Concise. Relevant. To th… [+594 chars]",politics
"{'id': None, 'name': 'Freerepublic.com'}",Daily Mail UK,Democrats REJECT prayers for Charlie Kirk as moment of silence devolves into House floor shouting match,"The House of Representatives burst into chaos as Speaker Mike Johnson attempted to lead a prayer for Charlie Kirk after he was assassinated in Utah on Wednesday. Father-of-two Kirk, 31, the founder of Turning Point USA, a conservative youth organization that …",https://freerepublic.com/focus/f-news/4339659/posts,,2025-09-11T01:10:40Z,"Skip to comments.
Democrats REJECT prayers for Charlie Kirk as moment of silence devolves into House floor shouting matchDaily Mail UK ^
 | 09 10 2025
 | JON MICHAEL RAASCH
Posted on 09/10/2025 6… [+4369 chars]",politics
"{'id': None, 'name': 'Politicalwire.com'}",Taegan Goddard,Epstein Discharge Petition Is One Signature Away,"“Rep. Thomas Massie is on his way to notching the 218 signatures required to end-run Speaker Mike Johnson and force a floor vote on his bipartisan legislation to release Jeffrey Epstein-related documents,” Politico reports. “Newly",https://politicalwire.com/2025/09/10/epstein-discharge-petition-is-one-signature-away/,https://politicalwire.com/wp-content/uploads/2018/02/PW-podcast-logo.jpg,2025-09-11T01:08:19Z,"“There are a lot of blogs and news sites claiming to understand politics, but only a few actually do. Political Wire is one of them.”
 Chuck Todd, host of “Meet the Press”
“Concise. Relevant. To th… [+594 chars]",politics
"{'id': None, 'name': 'Politicalwire.com'}",Taegan Goddard,Reflecting on the Charlie Kirk Killing,"Michael Fanone: “I know what it’s like to be on the business end of political violence.” “I felt fists, flagpoles, and tasers on January 6th. I heard men scream that they were going to kill",https://politicalwire.com/2025/09/10/reflecting-on-the-charlie-kirk-killing/,https://politicalwire.com/wp-content/uploads/2018/02/PW-podcast-logo.jpg,2025-09-11T01:01:47Z,"“There are a lot of blogs and news sites claiming to understand politics, but only a few actually do. Political Wire is one of them.”
 Chuck Todd, host of “Meet the Press”
“Concise. Relevant. To th… [+594 chars]",politics
"{'id': None, 'name': 'WSB Atlanta'}",Associated Press,"Who is Charlie Kirk, political activist killed in shooting at Utah college?",Kirk died doing what made him a potent political force — rallying the right on a college campus.,https://www.wsbtv.com/news/local/atlanta/who-is-charlie-kirk-political-activist-killed-shooting-utah-college/FSTBB22FWZHFNKGK5VQ7BNVQ2I/,https://cmg-cmg-tv-10010-prod.cdn.arcpublishing.com/resizer/v2/https%3A%2F%2Fcloudfront-us-east-1.images.arcpublishing.com%2Fcmg%2FRTP3UUCFR6TF5DSNNQLZTVHDBE.jpg?auth=b94c02008f4839ab07e03c6969c60505be43ac963187e7455c045a605586a855&width=1200&height=630&smart=true,2025-09-11T00:53:32Z,"ATLANTA — News of Charlie Kirks shooting death at a Utah college on Wednesday sent shockwaves through Conservative circles. 
Kirk, a top podcaster, culture warrior and ally of President Donald Trump… [+7058 chars]",politics
"{'id': None, 'name': 'Daily Signal'}",Bradley Devlin,"The Man Who Wants to Make 10,000 Stephen Millers","This is a preview of this week’s episode of “The Signal Sitdown.” Don’t miss politics editor Bradley Devlin’s interview with American Moment CEO Nick Solheim by turning... Read More
The post The Man Who Wants to Make 10,000 Stephen Millers appeared first on T…",https://www.dailysignal.com/2025/09/10/man-who-wants-make-10000-stephen-millers/,https://www.dailysignal.com/wp-content/uploads/2025/09/MAIN.00_00_03_23.Still001-scaled.png,2025-09-11T00:49:39Z,This is a preview of this weeks episode of The Signal Sitdown. Dont miss politics editor Bradley Devlins interview with American Moment CEO Nick Solheim by turning on YouTube notifications for the pr… [+4175 chars],politics
"{'id': None, 'name': 'Freerepublic.com'}",Breitbart,Michigan Judge Dismisses Charges Against 15 Republicans Who Tried to Certify Trump as Winner of 2020 Election,"Fifteen Republicans accused of trying to falsely certify President Donald Trump as the winner of the 2020 election in Michigan will not face trial. District Court Judge Kristen D. Simmons dismissed the criminal charges against the group on Tuesday, the Associ…",https://freerepublic.com/focus/f-news/4339653/posts,,2025-09-11T00:49:31Z,"Skip to comments.
Michigan Judge Dismisses Charges Against 15 Republicans Who Tried to Certify Trump as Winner of 2020 ElectionBreitbart ^
 | 9 Sep 2025
 | Amy Furr
Posted on 09/10/2025 5:49:31 P… [+1979 chars]",politics
"{'id': None, 'name': 'Politicalwire.com'}",Taegan Goddard,Authorities Release Charlie Kirk Shooting Suspect,"Authorities have released a “subject in custody” in the shooting of Charlie Kirk, the Wall Street Journal reports. New York Times: “Videos recorded before and after the shooting show a person on the roof of",https://politicalwire.com/2025/09/10/authorities-release-charlie-kirk-shooting-suspect/,https://politicalwire.com/wp-content/uploads/2018/02/PW-podcast-logo.jpg,2025-09-11T00:43:47Z,"“There are a lot of blogs and news sites claiming to understand politics, but only a few actually do. Political Wire is one of them.”
 Chuck Todd, host of “Meet the Press”
“Concise. Relevant. To th… [+594 chars]",politics
"{'id': None, 'name': 'New Zealand Herald'}",Chris Knox,MP put 25 properties in family trust before facing financial declaration rules,The properties make the MP's family one of the biggest private landlords in his electorate,https://www.nzherald.co.nz/nz/mp-put-25-properties-in-family-trust-before-facing-financial-declaration-rules/5SNYJCC3LZB4LHPHLLLHBA7EZA/,https://www.nzherald.co.nz/resizer/v2/YXQHDNK5M5GNFOEN7NBN6QSUIA.JPG?auth=b34be9124d35f36daeaca6d65d25eb36ec27ae3974c0943ef00c6d63d1ca6553&width=1200&height=675&quality=70&focal=1063%2C396&smart=false,2025-09-11T00:38:19Z,"Further up the country is a $855k two-bedroom townhouse in Epsom, Auckland, a modern terrace home, extending over three levels, perfectly suited for an ambitious young family, a professional couple l… [+5723 chars]",politics
"{'id': None, 'name': 'Hyperallergic'}",Adam Broomberg,The Twisted Logic of Documenta’s “Artistic Freedom”,"The consensus of the German art world is aligned with the status quo of the State of Israel: Anything goes, except Palestine.",http://hyperallergic.com/1040816/the-twisted-logic-of-documentas-artistic-freedom/,https://hyperallergic-newspack.s3.amazonaws.com/uploads/2025/09/GettyImages-2214745857.jpg,2025-09-11T00:35:02Z,"Success! Your account was created and youre signed in.Please visit My Account to verify and manage your account.
An account was already registered with this email. Please check your inbox for an aut… [+10318 chars]",politics
"{'id': None, 'name': 'Forbes'}","Zachary Folk, Forbes Staff, 
 Zachary Folk, Forbes Staff
 https://www.forbes.com/sites/zacharyfolk/","‘Subject’ In Charlie Kirk Shooting Released After Interrogation, FBI Says (Live Updates)","FBI Director Kash Patel said the ""investigation continues"" in the search for the shooter.",https://www.forbes.com/sites/zacharyfolk/2025/09/10/subject-in-charlie-kirk-shooting-released-after-interrogation-fbi-says-live-updates/,https://imageio.forbes.com/specials-images/imageserve/68c1cd00c1aa69168586a3b6/0x0.jpg?format=jpg&height=900&width=1600&fit=bounds,2025-09-11T00:30:16Z,"A subject detained in connection with the deadly shooting of conservative activist and Turning Point USA founder Charlie Kirk has been released from custody, FBI Director Kash Patel said Wednesday ni… [+6572 chars]",politics
"{'id': 'fox-news', 'name': 'Fox News'}",,Charlie Kirk mourned by world leaders after shocking Utah assassination,International leaders denounced political violence after conservative media personality Charlie Kirk was shot and killed at Utah Valley University during a speaking engagement.,https://www.foxnews.com/world/charlie-kirk-mourned-world-leaders-after-shocking-utah-assassination,https://static.foxnews.com/foxnews.com/content/uploads/2025/09/charlie-kirk-and-erika-kirk-on-christmas-2024.jpg,2025-09-11T00:30:13Z,"World leaders on Wednesday reacted to the news that conservative media personality and co-founder of Turning Point USA, Charlie Kirk, 31, a husband and father of two, was killed during a speaking eve… [+3367 chars]",politics
"{'id': None, 'name': 'The Daily Caller'}",Hailey Gomez,MSNBC Issues Apology For Political Analyst Who Blamed Charlie Kirk For Getting Shot — Didn’t Bother To Read It On Air,"MSNBC President issued a statement condemning Matthew Dowd's ""unacceptable"" comments about Charlie Kirk, who was killed during a TPUSA event.",https://dailycaller.com/2025/09/10/msnbc-president-apologizes-unacceptable-comments-made-matthew-dowd/,"https://images.dailycaller.com/image/width=1280,height=549,fit=cover,format=webp,f=auto/https://cdn01.dailycaller.com/wp-content/uploads/2025/09/GettyImages-1207177843-scaled-e1757547556682.jpg",2025-09-11T00:29:15Z,"MSNBC President Rebecca Kutler issued a statement Wednesday on X condemning political analyst Matthew Dowd’s “unacceptable” comments about Turning Point USA founder Charlie Kirk’s assassination, but … [+2714 chars]",politics
"{'id': None, 'name': 'Biztoc.com'}",youtube.com,Conservative Activist Charlie Kirk Dead | Balance of Power Late Edition 9/10/2025,"""Balance of Power: Late Edition"" focuses on the intersection of politics and global business. On today's show, Conservative activist ...",https://biztoc.com/x/da4f079a6dd1c46f,https://biztoc.com/cdn/da4f079a6dd1c46f_s.webp,2025-09-11T00:21:12Z,"""Balance of Power: Late Edition"" focuses on the intersection of politics and global business. On today's show, Conservative activist ...
This story appeared on youtube.com, 2025-09-11 00:04:42.",politics
"{'id': None, 'name': 'Snopes.com'}",Jordan Liles,"Charlie Kirk once said empathy was 'made-up, new age term'","Turning Point USA CEO and co-founder Charlie Kirk once said, ""I can't stand the word empathy, actually. I think empathy is a made-up, new age term that — it does a lot of damage.""",https://www.snopes.com//fact-check/charlie-kirk-empathy-quote/,https://mediaproxy.snopes.com/width/1200/https://media.snopes.com/2025/09/charlie_kirk_wikimedia_commons.jpg,2025-09-11T00:19:00Z,"Claim:
Turning Point USA CEO and co-founder Charlie Kirk once said, ""I can't stand the word empathy, actually. I think empathy is a made-up, new age term that it does a lot of damage.""
Following th… [+3006 chars]",politics
"{'id': 'fox-news', 'name': 'Fox News'}",,President Trump orders White House flags at half-staff in honor of Charlie Kirk,American flags outside the White House were seen at half-mast on Wednesday evening after President Donald Trump ordered they be lowered in honor of Charlie Kirk.,https://www.foxnews.com/politics/president-trump-orders-white-house-flags-half-staff-honor-charlie-kirk,https://static.foxnews.com/foxnews.com/content/uploads/2025/09/white-house-flags-half-staff.png,2025-09-11T00:18:57Z,"American flags outside the White House were seen at half-staff on Wednesday evening after President Donald Trump ordered them to be lowered in honor of Charlie Kirk.
Kirk, a 31-year-old husband, fat… [+2997 chars]",politics
"{'id': None, 'name': 'Freerepublic.com'}",Daily Caller via MSN,JB Pritzker Blames Trump’s ‘Rhetoric’ For Charlie Kirk’s Assassination (low class alert),Democratic Illinois Gov. JB Pritzker blamed President Donald Trump and the Jan 6 rioters for fueling the political violence that led to the fatal shooting of conservative activist Charlie Kirk Wednesday. Kirk died at 31 after being shot during a speech at Uta…,https://freerepublic.com/focus/f-news/4339650/posts,,2025-09-11T00:16:02Z,"Skip to comments.
JB Pritzker Blames Trumps Rhetoric For Charlie Kirks Assassination (low class alert)Daily Caller via MSN ^
 | September 10, 2025
 | Mariane Angela 
Posted on 09/10/2025 5:16:02 … [+4037 chars]",politics
"{'id': None, 'name': 'New York Post'}",Dave Rubin,"Charlie Kirk, my friend, my sparring partner, fought for the freedom to debate",Charlie Kirk was shot and killed at Utah Valley University.,https://nypost.com/2025/09/10/opinion/charlie-kirk-my-friend-my-sparring-partner-fought-for-the-freedom-to-debate/,https://nypost.com/wp-content/uploads/sites/2/2025/09/newspress-collage-o1t1r3z51-1757548073913.jpg?quality=75&strip=all&1757533728&w=1024,2025-09-11T00:15:59Z,"Yesterday, my friend and political sparring partner, Charlie Kirk, was shot and killed at Utah Valley University. 
He left us at the young age of 31 years old.
Like you, I am in total shock and utt… [+3002 chars]",politics
"{'id': 'breitbart-news', 'name': 'Breitbart News'}","Olivia Rondeau, Olivia Rondeau","TPUSA Confirms Charlie Kirk 'Has Been Murdered,' Asks for Prayers","Turning Point USA has confirmed the murder of founder Charlie Kirk in a statement, asking followers to keep his family in their prayers.
The post TPUSA Confirms Charlie Kirk ‘Has Been Murdered,’ Asks for Prayers appeared first on Breitbart.",https://www.breitbart.com/politics/2025/09/10/tpusa-confirms-charlie-kirk-has-been-murdered-asks-for-prayers/,https://media.breitbart.com/media/2025/09/GettyImages2179917462-640x335.jpg,2025-09-11T00:13:30Z,"Turning Point USA has confirmed the murder of founder Charlie Kirk in a statement, asking followers to keep his family in their prayers.
The conservative organization, founded in 2012 by Kirk and hi… [+1950 chars]",politics
"{'id': None, 'name': 'Freerepublic.com'}",PJ Media,"Gutfeld Drops F-Bomb After Charlie Kirk's Murder, Issues Warning to the Left (obviously, language warning)","The assassination of Charlie Kirk today is a gut punch to the conservative movement, but it’s also something else: a wake-up call. On today's broadcast of The Five on Fox News, Greg Gutfeld put into words what so many on the right are feeling in the immediate…",https://freerepublic.com/focus/f-news/4339649/posts,,2025-09-11T00:06:38Z,"Skip to comments.
Gutfeld Drops F-Bomb After Charlie Kirk's Murder, Issues Warning to the Left (obviously, language warning)PJ Media ^
 | September 10, 2025
 | Matt Margolis 
Posted on 09/10/2025… [+5000 chars]",politics
"{'id': None, 'name': 'The New Yorker'}",The New Yorker,What Charlie Kirk Meant to Conservatives,From the daily newsletter: Antonia Hitchens on the shooting of the political activist.,https://www.newyorker.com/newsletter/the-daily/what-charlie-kirk-meant-to-conservatives,"https://media.newyorker.com/photos/68c1f35c33ed00be6a5dd57f/16:9/w_1280,c_limit/NL-CHARLIE_KIRK-AP25253709556517.jpg",2025-09-11T00:06:12Z,"The stunning death of a right-wing activist. Plus:
The liberals returning to XInside the world of competitive massageA new memoir about the heyday of Barneys
Charlie Kirk at Utah Valley University … [+2349 chars]",politics
"{'id': None, 'name': 'Antiwar.com'}",David Stockman,"Hey, POTUS, How About a Department of PEACE!","Part 1 Well, the Donald hit the nail on the head, albeit surely not by purpose. That is to say, Washington DC is indeed the War Capital of the World – so the Pentagon might as well be properly renamed as the Department of War. After all, the 742 US military b…",https://original.antiwar.com/david_stockman/2025/09/10/hey-potus-how-about-a-department-of-peace/,https://dyn3qbr4ue2vr.cloudfront.net/2025/09/FireShot-Pro-Webpage-Screenshot-3556-40146a86-c8ee-4852-979b-18bbc7e28e6e_722x406.webp-WEBP-Image-722-×-406-pixels-substackcdn.com_.png,2025-09-11T00:00:49Z,"Part 1
Well, the Donald hit the nail on the head, albeit surely not by purpose. That is to say, Washington DC is indeed the War Capital of the World so the Pentagon might as well be properly renamed… [+54029 chars]",politics
"{'id': None, 'name': 'Thenation.com'}","Katrina vanden Heuvel,John Nichols,The Nation",Democrats Have No More Excuses on Gaza,"Editorial
 
 
 / 
 September 11, 2025
 

 
Democrats Have No More Excuses on Gaza



The American people want their leaders to stop supporting Netanyahu’s murderous inhumanity.




 
 
 Katrina vanden Heuvel, John Nichols for The Nation 

 
 
 Share
 
 
…",https://www.thenation.com/article/world/gaza-jeffries-schumer-democrats-mamdani/,https://www.thenation.com/wp-content/uploads/2025/09/jeffries-schumer-getty.jpg,2025-09-11T00:00:00Z,"Editorial / September 11, 2025
The American people want their leaders to stop supporting Netanyahus murderous inhumanity.
Ad Policy
Senate minority leader Charles Schumer (D-NY) and House minority… [+7303 chars]",politics
"{'id': None, 'name': 'POLITICO.eu'}",Abby Wallace,The Trump-aligned climate skeptics advising Britain’s Nigel Farage,"The U.K. boss of the Heartland Institute said she had been influencing Reform UK ""at the highest level.""",https://www.politico.eu/article/donald-trump-britain-nigel-farage-reform-uk-heartland-institute-climate-skepticism/,"https://www.politico.eu/cdn-cgi/image/width=1200,height=630,fit=crop,quality=80,onerror=redirect/wp-content/uploads/2025/09/10/13323260-scaled.jpg",2025-09-11T02:25:00Z,"The organization launched its U.K. and EU arm in December, at a London event attended by Farage as well as former Prime Minister Liz Truss. 
A spokesperson for Reform UK did not deny that the party … [+962 chars]",climate
"{'id': 'the-times-of-india', 'name': 'The Times of India'}",AFP,Fossil energy 'significant' driver of climate-fuelled heatwaves: Study,"Fossil fuel and cement producers have contributed ""significantly"" to the growing number and intensity of climate-change-driven heatwaves, according to a study published on Wednesday in Nature. ""We also show that emissions associated with the largest producers…",https://timesofindia.indiatimes.com/home/environment/global-warming/fossil-energy-significant-driver-of-climate-fuelled-heatwaves-study/articleshow/123819987.cms,"https://static.toiimg.com/thumb/msid-123820009,width-1070,height-580,imgsize-157436,resizemode-75,overlay-toi_sw,pt-32,y_pad-40/photo.jpg",2025-09-11T02:13:13Z,Pati Patni aur Panga host Sonali Bendres stunning saree styles,climate
"{'id': 'the-times-of-india', 'name': 'The Times of India'}",AFP,Fossil energy 'significant' driver of climate-fuelled heatwaves: Study,"Fossil fuel and cement producers have contributed ""significantly"" to the growing number and intensity of climate-change-driven heatwaves, according to a study published on Wednesday in Nature. ""We also show that emissions associated with the largest producers…",https://economictimes.indiatimes.com/news/environment/global-warming/fossil-energy-significant-driver-of-climate-fuelled-heatwaves-study/articleshow/123819987.cms,"https://img.etimg.com/thumb/msid-123820009,width-1200,height-630,imgsize-157436,overlay-economictimes/articleshow.jpg",2025-09-11T02:10:20Z,"PARIS: Fossil fuel and cement producers have contributed ""significantly"" to the growing number and intensity of climate-change-driven heatwaves, according to a study published on Wednesday in Nature.… [+3438 chars]",climate
"{'id': None, 'name': 'Israelnationalnews.com'}",Elad Benari,Tunisia claims Gaza flotilla was hit with 'premeditated' drone attack,"After previously saying there were no drones in the area, Tunisia claims “premeditated aggression” on Gaza aid flotilla.",https://www.israelnationalnews.com/news/414739,https://2.a7.org/files/pictures/000/1197896.jpg,2025-09-11T02:08:13Z,"Tunisias Interior Ministry stated on Wednesday that a premeditated aggression struck a Gaza-bound aid flotilla docked in Tunisian waters, marking the first official acknowledgment of two suspected dr… [+2181 chars]",climate
"{'id': None, 'name': 'ArchDaily'}",Eduardo Souza,How Entrance Systems Are Becoming the Hidden Infrastructure of Smart Buildings,"In Jacques Tati's Mon Oncle (1958), architecture itself becomes a character: sliding doors, an automatic fountain, gates that emit mechanical sounds, devices that both enchant and frustrate the inhabitants. The comedy arises precisely from the fact that these…",https://www.archdaily.com/1033577/how-entrance-systems-are-becoming-the-hidden-infrastructure-of-smart-buildings,https://images.adsttc.com/media/images/68b8/27a0/b315/3301/87da/7417/large_jpg/how-entrance-systems-are-becoming-the-hidden-infrastructure-of-smart-buildings_2.jpg?1756899285,2025-09-11T01:30:00Z,"Courtesy of Assa Abloy
In Jacques Tati's Mon Oncle (1958), architecture itself becomes a character: sliding doors, an automatic fountain, gates that emit mechanical sounds, devices that both enchant… [+4785 chars]",climate
"{'id': None, 'name': 'Thechronicle.com.gh'}",admin,Agona West Delegates Rally Behind Bryan Acheampong,Dr. Bryan Acheampong’s presidential campaign within the New Patriotic Party (NPP) has received a significant boost in the Central Region after more than 400 delegates in the Agona West Constituency openly endorsed his candidature ahead of the party’s presiden…,https://thechronicle.com.gh/agona-west-delegates-rally-behind-bryan-acheampong/,https://thechronicle.com.gh/wp-content/uploads/2025/09/Ebenezer-Donkoh-leader-of-the-conconcerned-NPP-deletates-addressing-the-media.jpg,2025-09-11T01:23:23Z,Dr. Bryan Acheampongs presidential campaign within the New Patriotic Party (NPP) has received a significant boost in the Central Region after more than 400 delegates in the Agona West Constituency op… [+2445 chars],climate
"{'id': None, 'name': 'The-independent.com'}",Clarisse Loughrey,Spinal Tap II: The End Continues review – a startlingly unfunny sequel,"It might be the point that this belated follow-up to the 1984 classic is irrelevant, half-baked and poorly timed – but where are the jokes?",https://www.the-independent.com/arts-entertainment/films/reviews/spinal-tap-2-review-sequel-b2823686.html,https://static.the-independent.com/2025/09/10/8/42/AP25234798233701.jpeg?width=1200&height=800&crop=1200:800,2025-09-11T01:15:00Z,"Your support helps us to tell the story
From reproductive rights to climate change to Big Tech, The Independent is on the ground when the story is developing. Whether it's investigating the financia… [+4216 chars]",climate
"{'id': None, 'name': 'BusinessLine'}",M Muneer,"HIRE Act could hurt IT workforce, students",The definition of “foreign person” seems to be drafted broadly to cover wages paid to non-immigrant visa holders in US,https://www.thehindubusinessline.com/opinion/hire-act-could-hurt-it-workforce-students/article70034592.ece,https://bl-i.thgim.com/public/incoming/yqwkz9/article70034608.ece/alternates/LANDSCAPE_1200/BPO_Centre_2.jpg,2025-09-11T01:00:00Z,"The US has intensified tariffs, tightened immigration rules, and pursued sanctions, while other countries enforce stricter data privacy regimes. The strategic challenges for corporates and countries … [+6226 chars]",climate
"{'id': None, 'name': 'Allthatsinteresting.com'}",Austin Harvey,27 Photos Of ABBA’s Meteoric Rise To International Fame In The 1970s,"After winning the Eurovision Song Contest in 1974, Agnetha Fältskog, Björn Ulvaeus, Benny Andersson, and Anni-Frid Lyngstad became worldwide pop stars — but this fame would contribute to ABBA's breakup in 1982.
The post 27 Photos Of ABBA’s Meteoric Rise To In…",https://allthatsinteresting.com/abba-photos,https://allthatsinteresting.com/wordpress/wp-content/uploads/2025/09/abba-band-members-featured.jpg,2025-09-11T01:00:00Z,"After winning the Eurovision Song Contest in 1974, Agnetha Fältskog, Björn Ulvaeus, Benny Andersson, and Anni-Frid Lyngstad became worldwide pop stars but this fame would contribute to ABBA's breakup… [+11249 chars]",climate
"{'id': None, 'name': 'The Daily Caller'}",Mariane Angela,Obama Actually Says We Have No Idea What Motivation Was For Charlie Kirk Assassination,Former President Barack Obama urged Americans Wednesday not to jump to conclusions about the motive behind Turning Point Founder Charlie Kirk’s assassination.,https://dailycaller.com/2025/09/10/barack-obama-charlie-kirk-assassination-motive/,"https://images.dailycaller.com/image/width=1280,height=549,fit=cover,format=webp,f=auto/https://cdn01.dailycaller.com/wp-content/uploads/2025/09/GettyImages-2194388137-scaled-e1757550723662.jpg",2025-09-11T00:55:42Z,"Former President Barack Obama urged Americans Wednesday not to jump to conclusions about the motive behind Turning Point Founder Charlie Kirk’s assassination.
Kirk died at 31 after being shot during… [+2351 chars]",climate
"{'id': None, 'name': 'Biztoc.com'}",bloomberg.com,Macquarie Climate Fund Gets A$1 Billion from Australian Pension,,https://biztoc.com/x/6d2393493407972d,https://biztoc.com/cdn/6d2393493407972d_s.webp,2025-09-11T00:19:18Z,"{ window.open(this.href, '_blank'); }, 200); return false;""&gt;Why did Oracle stock soar recently? { window.open(this.href, '_blank'); }, 200); return false;""&gt;What impacts come from OpenAI's $300B… [+708 chars]",climate
"{'id': None, 'name': 'Biztoc.com'}",investing.com,US Treasury-led watchdog dismantles climate advisory panels,,https://biztoc.com/x/c8ee2ce172f689cf,https://biztoc.com/cdn/c8ee2ce172f689cf_s.webp,2025-09-11T00:08:10Z,"{ window.open(this.href, '_blank'); }, 200); return false;""&gt;Why did Oracle stock soar recently? { window.open(this.href, '_blank'); }, 200); return false;""&gt;What impacts come from OpenAI's $300B… [+697 chars]",climate
"{'id': 'financial-post', 'name': 'Financial Post'}",Bloomberg News,Energy Secretary Disbands Group Behind Contrarian Climate Report,"The report by the agency’s Climate Working Group downplayed the severity of global warming, prompting pushback from other scientists.",https://financialpost.com/pmn/business-pmn/energy-secretary-disbands-group-behind-contrarian-climate-report,https://smartcdn.gprod.postmedia.digital/financialpost/wp-content/uploads/2025/09/776377982.jpg,2025-09-11T00:06:09Z,"(Bloomberg) The US Energy Department has disbanded the research group behind a controversial climate report released by the agency. 
THIS CONTENT IS RESERVED FOR SUBSCRIBERS ONLY
Subscribe now to r… [+5210 chars]",climate
"{'id': None, 'name': 'Hoover.org'}","September 11, 2025","Space Safety and Sustainability, Part I: Past and Present Practices","This essay highlights the space sustainability paradox, where the increasing use of space to support global sustainability goals, like climate monitoring and disaster response, may itself lead to unsustainable conditions, both on Earth and in its orbit. The a…",https://www.hoover.org/research/space-safety-and-sustainability-part-i-past-and-present-practices,https://www.hoover.org/sites/default/files/styles/facebook/public/2025-09/SpaceiStock-2198257968.jpg?h=4fb07134&itok=V-pLJeiE,2025-09-11T00:00:00Z,"<ul><li>Understanding the Effects of Technology on Economics and Governance</li></ul>This essay highlights the space sustainability paradox, where the increasing use of space to support global sustai… [+1685 chars]",climate
"{'id': None, 'name': 'OilPrice.com'}",Tsvetana Paraskova,U.S. Energy Chief Calls Net Zero a “Colossal Train Wreck”,"U.S. Energy Secretary Chris Wright blasted net-zero targets as a “colossal train wreck” ahead of his trip to Europe for a gas summit and meetings with EU officials, warning the push for climate policies could weaken energy security and derail a U.S.–EU trade …",https://oilprice.com/Energy/Energy-General/US-Energy-Chief-Calls-Net-Zero-a-Colossal-Train-Wreck.html,https://d32r1sh890xpii.cloudfront.net/article/718x300/2025-09-10_s87iarfcnm.jpg,2025-09-11T00:00:00Z,"Goldman Sachs predicts the global…
India continues to buy cheap…
Control of rail and ports…
By Tsvetana Paraskova - Sep 10, 2025, 7:00 PM CDTU.S. Energy Secretary Chris Wright blasted net-zero tar… [+4506 chars]",climate
