source,author,title,description,url,urlToImage,publishedAt,content,topic
"{'id': None, 'name': 'ETF Daily News'}",MarketBeat News,Critical Survey: Xperi (NASDAQ:XPER) & Information Analysis (OTCMKTS:IAIC),"Xperi (NASDAQ:XPER – Get Free Report) and Information Analysis (OTCMKTS:IAIC – Get Free Report) are both small-cap business services companies, but which is the better business? We will contrast the two businesses based on the strength of their risk, valuatio…",https://www.etfdailynews.com/2025/09/18/critical-survey-xperi-nasdaqxper-information-analysis-otcmktsiaic/,https://www.americanbankingnews.com/wp-content/timthumb/timthumb.php?src=https://www.marketbeat.com/logos/information-analysis-incorporated-logo-1200x675.png?v=20211206093737&w=240&h=240&zc=2,2025-09-18T06:48:49Z,"Xperi (NASDAQ:XPER – Get Free Report) and Information Analysis (OTCMKTS:IAIC – Get Free Report) are both small-cap business services companies, but which is the better business? We will contrast the … [+5019 chars]",technology
"{'id': 'the-times-of-india', 'name': 'The Times of India'}",Ritesh Presswala,iValue Infosolutions IPO subscribed 8% on Day 1 so far; GMP at 7%. Should you apply?,"iValue Infosolutions IPO opened with 8% subscription on Day 1, supported by 15% retail participation, though institutional bids are yet to flow. The Rs 560 crore offer-for-sale is priced at Rs 284–299 per share. Grey market premium at 7% suggests modest listi…",https://economictimes.indiatimes.com/markets/stocks/news/ivalue-infosolutions-ipo-subscribed-8-on-day-1-so-far-gmp-at-7-should-you-apply/articleshow/123966997.cms,"https://img.etimg.com/thumb/msid-123967053,width-1200,height-630,imgsize-4798,overlay-etmarkets/articleshow.jpg",2025-09-18T06:48:33Z,"iValue Infosolutions (IISL) IPO was subscribed 8% in the initial hours of bidding on Thursday. In the grey market it traded at a 7% premium over the issue price of Rs 299.The Rs 560 crore IPO, entire… [+4453 chars]",technology
"{'id': 'the-irish-times', 'name': 'The Irish Times'}",Ciara O'Brien,Salon software start-up Barespace raises €2.9m in seed funding,Company plans to expand into new markets,https://www.irishtimes.com/business/2025/09/18/salon-software-start-up-barespace-raises-29m-in-seed-funding/,https://www.irishtimes.com/resizer/v2/HPL26IU2XBFRDLTCKFCS726LSY.jpg?smart=true&auth=ef7bfc61db9dcab3f65f1310355d2013a7dde9b2f36905e40b6891f669d601db&width=1200&height=630,2025-09-18T06:47:27Z,"Irish software start-up Barespace has raised 2.9 million in seed funding to help expand its business into new markets in Europe and further develop its platform. 
The round was led by Elkstone Ventu… [+2197 chars]",technology
"{'id': None, 'name': 'ETF Daily News'}",MarketBeat News,Fortive (NYSE:FTV) Upgraded by Zacks Research to Hold Rating,"Zacks Research upgraded shares of Fortive (NYSE:FTV – Free Report) from a strong sell rating to a hold rating in a report published on Monday,Zacks.com reports. Several other brokerages also recently commented on FTV. Truist Financial restated a “hold” rating…",https://www.etfdailynews.com/2025/09/18/fortive-nyseftv-upgraded-by-zacks-research-to-hold-rating/,https://www.americanbankingnews.com/wp-content/timthumb/timthumb.php?src=https://www.marketbeat.com/logos/fortive-corp-logo.jpg&w=240&h=240&zc=2,2025-09-18T06:46:47Z,"Zacks Research upgraded shares of Fortive (NYSE:FTV – Free Report) from a strong sell rating to a hold rating in a report published on Monday,Zacks.com reports.
Several other brokerages also recentl… [+5549 chars]",technology
"{'id': None, 'name': 'Sarasoueidan.com'}",,CSS to speech,"When and how to use the slash content property syntax in CSS to provide alt text for CSS-generated content, and why it is important.",https://www.sarasoueidan.com/blog/alt-text-for-css-generated-content/,https://sarasoueidan.com/og.png,2025-09-18T06:46:42Z,"Changelog
<ul><li>Despite the fact that Chrome exposes the alt text of a CSS image as part of the accessible name of the element it is used on, James Scholes shares that the alt text is not announce… [+21130 chars]",technology
"{'id': None, 'name': 'Designboom'}",kat barandy I designboom,cadence architects designs monumental library for engineering school in india,"cadence architects' SMVIT library in india creates a democratic and landscape-integrated hub of shifting concrete volumes.
The post cadence architects designs monumental library for engineering school in india appeared first on designboom | architecture & des…",https://www.designboom.com/architecture/cadence-architects-monumental-library-engineering-school-india-smvit-09-18-2025/,https://www.designboom.com/twitterimages/uploads/2025/09/SMVIT-library-cadence-architects-india-designboom-FB.jpg,2025-09-18T06:45:32Z,"An Open and Democratic Design
A new library for Sir M. Visvesvaraya Institute of Technology (SMVIT) in Bangalore, India has completed with architecture by locally-based Cadence Architects. With its … [+2016 chars]",technology
"{'id': None, 'name': 'Creative Boom'}",Tom May,50 fonts that will be popular with designers in 2026,"We asked the creative community about the fonts they're keen to get their hands on. Read on to find out how they responded.

Don't you just love how typography is constantly evolving? Because let's...",https://www.creativeboom.com/resources/top-50-fonts-in-2026/,https://www.creativeboom.com/upload/articles/0f/0fb103354cdcfdfe2826c42dfc9ad70211ebe798_800.jpeg,2025-09-18T06:45:00Z,Don't you just love how typography is constantly evolving? Because let's be clear: foundries around the world are pushing the boundaries of the discipline every day of the week. And that doesn't just… [+23427 chars],technology
"{'id': None, 'name': 'Iasbaba.com'}",IASbaba,UPSC Quiz – 2025 : IASbaba’s Daily Current Affairs Quiz 18th September 2025,"For Previous Daily Quiz (ARCHIVES) – CLICK HERE The Current Affairs questions are based on sources like ‘The Hindu’, ‘Indian Express’ and ‘PIB’, which are very important sources for UPSC Prelims Exam. The questions are focused on both the concepts and facts. …",https://iasbaba.com/2025/09/upsc-quiz-2025-iasbabas-daily-current-affairs-quiz-18th-september-2025/,https://iasbaba.com/wp-content/uploads/2025/06/Daily-Current-Affairs-Quiz-2025.jpeg,2025-09-18T06:43:26Z,"For Previous Daily Quiz (ARCHIVES) – CLICK HERE
The Current Affairs questions are based on sources like The Hindu, Indian Express and PIB, which are very important sources for UPSC Prelims Exam. The… [+12097 chars]",technology
"{'id': None, 'name': 'Decrypt'}",Vince Dioquino,CEO of ‘Textbook Ponzi’ Pleads Guilty in $200M Bitcoin Fraud Case,"Ramil Ventura Palafox admitted to defrauding more than 90,000 investors through a fake Bitcoin trading program.",https://decrypt.co/340115/ceo-textbook-ponzi-pleads-guilty-200m-bitcoin-fraud,https://cdn.decrypt.co/resize/1024/height/512/wp-content/uploads/2025/05/Jail-gID_7.png,2025-09-18T06:42:45Z,"In brief
<ul><li>Prosecutors said Palafox raised $201M by promising daily returns of up to 3%.</li><li>At least $62.7M in losses were recorded, with funds spent on luxury goods and property.</li><li… [+2982 chars]",technology
"{'id': None, 'name': 'ETF Daily News'}",MarketBeat News,Sen. John Boozman Buys Eli Lilly and Company (NYSE:LLY) Stock,"Senator John Boozman (R-Arkansas) recently bought shares of Eli Lilly and Company (NYSE:LLY). In a filing disclosed on September 12th, the Senator disclosed that they had bought between $1,001 and $15,000 in Eli Lilly and Company stock on August 22nd. Senator…",https://www.etfdailynews.com/2025/09/18/sen-john-boozman-buys-eli-lilly-and-company-nyselly-stock-2/,https://www.americanbankingnews.com/wp-content/timthumb/timthumb.php?src=https://www.marketbeat.com/logos/logo_eli_lilly-1200x675.jpg&w=240&h=240&zc=2,2025-09-18T06:40:42Z,"Senator John Boozman (R-Arkansas) recently bought shares of Eli Lilly and Company (NYSE:LLY). In a filing disclosed on September 12th, the Senator disclosed that they had bought between $1,001 and $1… [+8140 chars]",technology
"{'id': None, 'name': 'Prtimes.jp'}",,「bossjob」、世界最大級の Web3 カンファレンス 「TOKEN2049」にスポンサーとして出展決定,"[Yolo Technology株式会社]
[画像: https://prcdn.freetls.fastly.net/release_image/138264/38/138264-38-70c79ae9b77467eaaf9008fe6d23f52c-940x788.png?width=536&quality=85%2C75&format=jpeg&auto=webp&fit=bounds&amp...",https://prtimes.jp/main/html/rd/p/000000038.000138264.html,https://prcdn.freetls.fastly.net/release_image/138264/38/138264-38-70c79ae9b77467eaaf9008fe6d23f52c-940x788.png?format=jpeg&auto=webp&fit=bounds&width=2400&height=1260,2025-09-18T06:40:02Z,"17550bossjob20251012 Marina Bay Sands Web3 TOKEN2049 Singapore 2025 Web3bossjob Web3 
TOKEN2049 Web3Crypto
25,000 
500 
300 
C
Web3 
Web3 
bossjob ITWeb3 Web3 TOKEN2049 Web3 
Web3 
Web3 bos… [+143 chars]",technology
"{'id': None, 'name': 'ETF Daily News'}",MarketBeat News,NIO (NYSE:NIO) Shares Gap Up Following Analyst Upgrade,"NIO Inc. (NYSE:NIO – Get Free Report) shares gapped up before the market opened on Wednesday after UBS Group upgraded the stock from a neutral rating to a buy rating. The stock had previously closed at $7.02, but opened at $7.23. UBS Group now has a $8.50 pri…",https://www.etfdailynews.com/2025/09/18/nio-nysenio-shares-gap-up-following-analyst-upgrade/,https://www.americanbankingnews.com/wp-content/timthumb/timthumb.php?src=https://www.marketbeat.com/logos/nio-limited-logo-1200x675.jpg&w=240&h=240&zc=2,2025-09-18T06:38:48Z,NIO Inc. (NYSE:NIO – Get Free Report) shares gapped up before the market opened on Wednesday after UBS Group upgraded the stock from a neutral rating to a buy rating. The stock had previously closed … [+4421 chars],technology
"{'id': None, 'name': 'ETF Daily News'}",MarketBeat News,Aspire Biopharma (NASDAQ:ASBP) Trading Up 1.1% – Should You Buy?,"Aspire Biopharma Holdings, Inc. (NASDAQ:ASBP – Get Free Report)’s share price shot up 1.1% during trading on Wednesday . The stock traded as high as $0.46 and last traded at $0.45. 321,324 shares traded hands during mid-day trading, a decline of 93% from the …",https://www.etfdailynews.com/2025/09/18/aspire-biopharma-nasdaqasbp-trading-up-1-1-should-you-buy/,https://www.americanbankingnews.com/wp-content/timthumb/timthumb.php?src=https://www.marketbeat.com/logos/aspire-biopharma-holdings-inc-logo-1200x675.png?v=20250711060140&w=240&h=240&zc=2,2025-09-18T06:38:48Z,"Aspire Biopharma Holdings, Inc. (NASDAQ:ASBP – Get Free Report)’s share price shot up 1.1% during trading on Wednesday . The stock traded as high as $0.46 and last traded at $0.45. 321,324 shares tra… [+2497 chars]",technology
"{'id': None, 'name': 'Biztoc.com'}",thestreet.com,Nvidia makes biggest-ever global AI push,,https://biztoc.com/x/2f8bd4a2a652f8ae,https://biztoc.com/cdn/950/og.png,2025-09-18T06:38:34Z,"{ window.open(this.href, '_blank'); }, 200); return false;""&gt;Why did the Federal Reserve cut interest rates? { window.open(this.href, '_blank'); }, 200); return false;""&gt;How will the Fed rate cut… [+697 chars]",technology
"{'id': None, 'name': 'ETF Daily News'}",MarketBeat News,Wetouch Technology Inc. (NASDAQ:WETH) Short Interest Update,"Wetouch Technology Inc. (NASDAQ:WETH – Get Free Report) was the target of a large decrease in short interest in August. As of August 31st, there was short interest totaling 17,200 shares, a decrease of 22.2% from the August 15th total of 22,100 shares. Based …",https://www.etfdailynews.com/2025/09/18/wetouch-technology-inc-nasdaqweth-short-interest-update-2/,https://www.americanbankingnews.com/wp-content/timthumb/timthumb.php?src=https://www.marketbeat.com/logos/wetouch-technology-inc-logo-1200x675.png?v=20240412135400&w=240&h=240&zc=2,2025-09-18T06:36:58Z,"Wetouch Technology Inc. (NASDAQ:WETH – Get Free Report) was the target of a large decrease in short interest in August. As of August 31st, there was short interest totaling 17,200 shares, a decrease … [+2795 chars]",technology
"{'id': None, 'name': 'ETF Daily News'}",MarketBeat News,Short Interest in Verra Mobility Corp (NASDAQ:VRRM) Expands By 25.4%,"Verra Mobility Corp (NASDAQ:VRRM – Get Free Report) was the target of a significant increase in short interest in August. As of August 31st, there was short interest totaling 2,810,000 shares, an increase of 25.4% from the August 15th total of 2,240,000 share…",https://www.etfdailynews.com/2025/09/18/short-interest-in-verra-mobility-corp-nasdaqvrrm-expands-by-25-4/,https://www.americanbankingnews.com/wp-content/timthumb/timthumb.php?src=https://www.marketbeat.com/logos/verra-mobility-co-logo-1200x675.jpg?v=20240426160659&w=240&h=240&zc=2,2025-09-18T06:36:57Z,"Verra Mobility Corp (NASDAQ:VRRM – Get Free Report) was the target of a significant increase in short interest in August. As of August 31st, there was short interest totaling 2,810,000 shares, an inc… [+4378 chars]",technology
"{'id': None, 'name': ""Paul Tan's Automotive News""}",Harvinder Sidhu,"Get a Mercedes-Benz EQ from as little as RM218,000 via Hap Seng Star – low mileage, 4yr factory warranty","Fancy the idea of a Mercedes-Benz EQ vehicle gleaming in your driveway? Well, there’s no better time than now to take the plunge, because Hap Seng Star is offering a range of zero-emissions Mercedes-Benz vehicles […]
The post Get a Mercedes-Benz EQ from as li…",https://paultan.org/2025/09/18/get-a-mercedes-benz-eq-from-as-little-as-rm218000-via-hap-seng-star-low-mileage-4yr-factory-warranty/,https://paultan.org/image/2025/09/Mercedes-Benz-EQ-Hap-Seng-Star-Sep-2025-irresistible-adkv-1200x628.jpg,2025-09-18T06:35:08Z,"Fancy the idea of a Mercedes-Benz EQ vehicle gleaming in your driveway? Well, there’s no better time than now to take the plunge, because Hap Seng Star is offering a range of zero-emissions Mercedes-… [+1070 chars]",technology
"{'id': None, 'name': 'Ndtvprofit.com'}",Shubhayan Bhattacharya,"Jaro Institute Sets IPO Price Band At Rs 846-890, Issue Opens Sept. 23",Jaro Institute Ltd. has set the price band at Rs 846 to Rs 890 per share for its initial public offering launching next week. The Rs 450-crore IPO is a combination of a fresh issue of Rs 170 crores and an offer for sale of 0.31 crore shares aggregating to Rs …,https://www.ndtvprofit.com/ipos/jaro-institute-sets-ipo-price-band-out-issue-opens-sept-23,https://media.assettype.com/bloombergquint%2F2025-04-29%2F4zy5a3ay%2Fipo-rush.png?w=1200&auto=format%2Ccompress&ogImage=true,2025-09-18T06:33:00Z,Jaro Institute Ltd. has set the price band at Rs 846 to Rs 890 per share for its initial public offering launching next week. The Rs 450-crore IPO is a combination of a fresh issue of Rs 170 crores a… [+922 chars],technology
"{'id': None, 'name': 'ETF Daily News'}",MarketBeat News,CDW Corporation (NASDAQ:CDW) Given Consensus Recommendation of “Hold” by Analysts,"Shares of CDW Corporation (NASDAQ:CDW – Get Free Report) have been given an average rating of “Hold” by the six analysts that are covering the firm, MarketBeat.com reports. Four analysts have rated the stock with a hold recommendation and two have issued a bu…",https://www.etfdailynews.com/2025/09/18/cdw-corporation-nasdaqcdw-given-consensus-recommendation-of-hold-by-analysts/,https://www.americanbankingnews.com/wp-content/timthumb/timthumb.php?src=https://www.marketbeat.com/logos/cdw-corporation-logo-1200x675.jpg&w=240&h=240&zc=2,2025-09-18T06:31:09Z,"Shares of CDW Corporation (NASDAQ:CDW – Get Free Report) have been given an average rating of “Hold” by the six analysts that are covering the firm, MarketBeat.com reports. Four analysts have rated t… [+4745 chars]",technology
"{'id': None, 'name': 'ETF Daily News'}",MarketBeat News,Reviewing Chykingyoung Investment Development (OTCMKTS:CHYI) & CyberAgent (OTCMKTS:CYAGF),"CyberAgent (OTCMKTS:CYAGF – Get Free Report) and Chykingyoung Investment Development (OTCMKTS:CHYI – Get Free Report) are both computer and technology companies, but which is the better business? We will compare the two companies based on the strength of thei…",https://www.etfdailynews.com/2025/09/18/reviewing-chykingyoung-investment-development-otcmktschyi-cyberagent-otcmktscyagf/,https://www.americanbankingnews.com/wp-content/timthumb/timthumb.php?src=https://www.marketbeat.com/logos/chykingyoung-investment-development-holdings-inc-logo-1200x675.png?v=20210925093524&w=240&h=240&zc=2,2025-09-18T06:31:06Z,"CyberAgent (OTCMKTS:CYAGF – Get Free Report) and Chykingyoung Investment Development (OTCMKTS:CHYI – Get Free Report) are both computer and technology companies, but which is the better business? We … [+3752 chars]",technology
"{'id': None, 'name': 'Realgm.com'}",Ian Begley/SNY,Khalid Green Named Head Of Recruiting At Overtime Elite,"Khalid Green was named as Overtime Elite's head of recruiting. 
""With Overtime Elite, my focus is on the second word in that title: elite players with elite attitude and obviously elite skill set,"" Green told Ian Begley of SNY.
Overtime Elite has already land…",https://basketball.realgm.com/wiretap/281950/Khalid-Green-Named-Head-Of-Recruiting-At-Overtime-Elite,https://basketball.realgm.com/images/nba/4.2/wiretap/photos/2006/OvertimeLeague21.jpg,2025-09-18T06:30:56Z,"Khalid Green was named as Overtime Elite's head of recruiting. 
""With Overtime Elite, my focus is on the second word in that title: elite players with elite attitude and obviously elite skill set,"" … [+708 chars]",technology
"{'id': None, 'name': 'ETF Daily News'}",MarketBeat News,Comparing Uranium Royalty (NASDAQ:UROY) & NET Power (NYSE:NPWR),"NET Power (NYSE:NPWR – Get Free Report) and Uranium Royalty (NASDAQ:UROY – Get Free Report) are both small-cap energy companies, but which is the better investment? We will contrast the two businesses based on the strength of their dividends, profitability, e…",https://www.etfdailynews.com/2025/09/18/comparing-uranium-royalty-nasdaquroy-net-power-nysenpwr/,https://www.americanbankingnews.com/wp-content/timthumb/timthumb.php?src=https://www.marketbeat.com/logos/uranium-royalty-corp-logo-1200x675.png?v=20240521151030&w=240&h=240&zc=2,2025-09-18T06:30:53Z,"NET Power (NYSE:NPWR – Get Free Report) and Uranium Royalty (NASDAQ:UROY – Get Free Report) are both small-cap energy companies, but which is the better investment? We will contrast the two businesse… [+4214 chars]",technology
"{'id': None, 'name': 'Nofilmschool.com'}",Sreenidhi Podder,9 Best Cate Blanchett Performances That Prove She Can Do Anything,"When you look at actors such as Cate Blanchett, you realize the true power of talent and fame. Not only has she deeply impressed us with her onscreen versatility, but she has also been a pioneer of change, be it with her fearless advocacy against sexism and a…",https://nofilmschool.com/best-cate-blanchett-roles,https://nofilmschool.com/media-library/image.jpg?id=61611174&width=1200&height=600&coordinates=0%2C50%2C0%2C50,2025-09-18T06:30:07Z,"But tsunamis in cinema arent only about spectacle. The best of these films are about the people caught in their paththeir survival instincts, the choices they make under pressure, and the emotional s… [+13378 chars]",technology
"{'id': None, 'name': 'GlobeNewswire'}",Capgemini SE,82% of organizations now plan to increase investment in environmental sustainability in the next 12–18 months as a core future-proofing strategy,Press contact:Sereydana OumTel.: +33 6 61 42 03 59E-mail: sereydana.oum@capgemini.com  82% of organizations now plan to increase investment in......,https://www.globenewswire.com/news-release/2025/09/18/3152163/0/en/82-of-organizations-now-plan-to-increase-investment-in-environmental-sustainability-in-the-next-12-18-months-as-a-core-future-proofing-strategy.html,https://ml-eu.globenewswire.com/Resource/Download/2bd353d1-968f-4357-a8e7-379888d802f4,2025-09-18T06:30:00Z,"Press contact:Sereydana OumTel.: +33 6 61 42 03 59E-mail: sereydana.oum@capgemini.com
82% of organizations now plan to increase investment in environmental sustainability in the next 1218 months as … [+6834 chars]",technology
"{'id': None, 'name': 'Forbes'}","Rodger Dean Duncan, Contributor, 
 Rodger Dean Duncan, Contributor
 https://www.forbes.com/sites/rodgerdeanduncan/","Bill Hemmer On Leadership, Credibility, And Staying Curious","The journalist is tasked with informing the public, holding power to account, and navigating a world in which fact is sometimes intermingled with fiction.",https://www.forbes.com/sites/rodgerdeanduncan/2025/09/18/bill-hemmer-on-leadership-credibility-and-staying-curious/,https://imageio.forbes.com/specials-images/imageserve/68c6071493d56eb83e01fbd2/0x0.jpg?format=jpg&height=900&width=1600&fit=bounds,2025-09-18T06:30:00Z,"Bill Hemmer, co-anchor of America's Newsroom on Fox News
.
In a time of rapid communication, growing polarization, and global uncertainty, the role of journalism has never been more vital, or more … [+5622 chars]",technology
"{'id': None, 'name': 'BusinessLine'}",BL Mumbai Bureau,EaseMyTrip Partners with Hoi to launch smart rewards program at Indian airports,"EaseMyTrip partners with Hoi for India's first Smart Kiosk Rewards Program at major airports, offering travel benefits to passengers.",https://www.thehindubusinessline.com/economy/logistics/easemytrip-partners-with-hoi-to-launch-smart-rewards-program-at-indian-airports/article70064533.ece,https://bl-i.thgim.com/public/incoming/6575gh/article70064546.ece/alternates/LANDSCAPE_1200/IMG_images_2_1_NMCRDKFH.jpg,2025-09-18T06:29:41Z,Travel platform EaseMyTrip has partnered with airport tech company Hoi to introduce Indias first Smart Kiosk Rewards Program across three major airports. The three-month initiative targets passengers… [+1475 chars],technology
"{'id': None, 'name': 'BusinessLine'}",BL Mumbai Bureau,RateGain expands Oracle partnership with channel manager integration,The integration allows Oracle’s hospitality customers to access RateGain’s network of more than 400 global demand partners directly through the OPERA Cloud Distribution platform,https://www.thehindubusinessline.com/markets/stock-markets/rategain-expands-oracle-partnership-with-channel-manager-integration/article70064496.ece,https://bl-i.thgim.com/public/incoming/ykyzwf/article70064566.ece/alternates/LANDSCAPE_1200/IMG_BL2403IPulse_Lead_2_1_F8E5BB2I.jpg,2025-09-18T06:28:39Z,"RateGain Travel Technologies Limited announced today the integration of its UNO Channel Manager with Oracle Hospitality OPERA Cloud Distribution, expanding its existing partnership with Oracle. The i… [+1629 chars]",technology
"{'id': None, 'name': 'Hurriyet Daily News'}",hurriyetdailynews.com,"AI may boost global trade value by nearly 40 percent, says WTO","Artificial intelligence could boost the value of global trade by almost 40 percent by 2040 thanks to cost reductions and productivity gains, the World Trade Organization said.",https://www.hurriyetdailynews.com/ai-may-boost-global-trade-value-by-nearly-40-percent-says-wto-213731,https://image.hurimg.com/i/hurriyet/75/200x200/68cba65a7b03b911b7d484e6.jpg,2025-09-18T06:27:40Z,"PARIS
Artificial intelligence could boost the value of global trade by almost 40 percent by 2040 thanks to cost reductions and productivity gains, the World Trade Organization said. 
In its latest … [+1320 chars]",technology
"{'id': 'financial-post', 'name': 'Financial Post'}",Bloomberg News,"Temasek’s Global Unit to Seek Big Deals, Ditch Smaller Holdings","Temasek Holdings Pte’s newly created global investments unit will largely avoid making smaller deals as it looks to manage fewer positions in a challenging era for investing, according to its incoming President Nagi Hamiyeh.",https://financialpost.com/pmn/business-pmn/temaseks-global-unit-to-seek-big-deals-ditch-smaller-holdings,https://smartcdn.gprod.postmedia.digital/financialpost/wp-content/uploads/2025/09/776003290.jpg,2025-09-18T06:27:22Z,"(Bloomberg) Temasek Holdings Ptes newly created global investments unit will largely avoid making smaller deals as it looks to manage fewer positions in a challenging era for investing, according to … [+5073 chars]",technology
"{'id': 'rte', 'name': 'RTE'}",Samantha Libreri,Bird census for Ireland's Eye as visitor numbers increase,A census with a difference has been carried out on Ireland's Eye off the coast of north Dublin as BirdWatch Ireland has been attempting to count the number of seabirds nesting on the uninhabited island.,https://www.rte.ie/news/environment/2025/0918/1534046-bird-census/,https://www.rte.ie/images/00232fa1-1600.jpg,2025-09-18T06:27:00Z,A census with a difference has been carried out on Ireland's Eye off the coast of north Dublin as BirdWatch Ireland has been attempting to count the number of seabirds nesting on the uninhabited isla… [+4700 chars],technology
"{'id': None, 'name': 'TheJournal.ie'}",Press Association,Starmer to host Trump at Chequers for final day of second state visit to Britain,"Starmer is hoping to keep the focus of the visit on investment, as questions about Jeffrey Epstein continue to loom large.",https://www.thejournal.ie/starmer-to-host-trump-at-chequers-for-final-day-of-second-state-visit-to-britain-6819841-Sep2025/,https://img2.thejournal.ie/article/6819841/river/?height=400&version=6819849,2025-09-18T06:25:58Z,"BRITISH PRIME MINISTER Keir Starmer will host Donald Trump at his country home today, as Starmer continues his campaign to woo the US president during his unprecedented second state visit to Britain.… [+4013 chars]",technology
"{'id': None, 'name': 'Ndtvprofit.com'}",NDTV Profit Desk,"Buzzing Stocks: Sonata Software, Newgen, Zen Tech - Check Share Price, Stock Predictions And More","In Thursday's trading session, Sonata Software Ltd., Newgen Software Ltd., and Zen Technologies Ltd. made gains ranging between 5% to 8%, as these were the stocks buzzing in trade.  Sonata Software rose as much as 8.02% to trade higher at Rs 421.50 at intrada…",https://www.ndtvprofit.com/markets/buzzing-stocks-sonata-software-newgen-zen-tech-check-share-price-stock-predictions-and-more,https://media.assettype.com/bloombergquint%2F2025-03-16%2Frse9ams2%2Fanalyzing-stock-market-data.jpg?rect=0%2C11%2C2388%2C1254&w=1200&auto=format%2Ccompress&ogImage=true,2025-09-18T06:24:24Z,"On Thursday, Sonata Software Ltd., Newgen Software Ltd., and Zen Technologies Ltd. made gains ranging between 5% and 8%, as these were the stocks buzzing in trade.
Sonata Software rose as much as 8.… [+984 chars]",technology
"{'id': None, 'name': 'ETF Daily News'}",MarketBeat News,Cytosorbents (NASDAQ:CTSO) Given “Buy” Rating at D. Boral Capital,"Cytosorbents (NASDAQ:CTSO – Get Free Report)‘s stock had its “buy” rating restated by analysts at D. Boral Capital in a report issued on Tuesday,Benzinga reports. They currently have a $10.00 price target on the medical research company’s stock. Separately, W…",https://www.etfdailynews.com/2025/09/18/cytosorbents-nasdaqctso-given-buy-rating-at-d-boral-capital/,https://www.americanbankingnews.com/wp-content/timthumb/timthumb.php?src=https://www.marketbeat.com/logos/cytosorbents-corp-logo-1200x675.jpg&w=240&h=240&zc=2,2025-09-18T06:22:54Z,"Cytosorbents (NASDAQ:CTSO – Get Free Report)‘s stock had its “buy” rating restated by analysts at D. Boral Capital in a report issued on Tuesday,Benzinga reports. They currently have a $10.00 price t… [+3975 chars]",technology
"{'id': None, 'name': 'Ndtvprofit.com'}",NDTV Profit Tech,Meta Launches Next-Generation Smart Glasses With Built-In Display And AI Features,"Meta chief executive Mark Zuckerberg has launched the company’s latest wearable technology, a new pair of Ray-Ban smart glasses featuring a miniature display and artificial intelligence capabilities, during an event on Sept. 17. According to CNN, the Meta Ray…",https://www.ndtvprofit.com/technology/meta-launches-next-generation-smart-glasses-with-built-in-display-and-ai-features,https://media.assettype.com/bloombergquint%2F2025-04-02%2Fkfbow8in%2FScreenshot2025-04-02at3.19.03P.jpeg?w=1200&auto=format%2Ccompress&ogImage=true,2025-09-18T06:21:24Z,"The Display glasses feature a small digital screen in the right lens to handle basic tasks, such as displaying notifications. Priced at $799 (around Rs 70,300), they are slated to reach stores on Sep… [+1012 chars]",technology
"{'id': None, 'name': 'ETF Daily News'}",MarketBeat News,The Sage Group plc (LON:SGE) Receives Consensus Rating of “Hold” from Analysts,"The Sage Group plc (LON:SGE – Get Free Report) has earned an average recommendation of “Hold” from the seven ratings firms that are presently covering the company, MarketBeat reports. Two investment analysts have rated the stock with a sell recommendation, tw…",https://www.etfdailynews.com/2025/09/18/the-sage-group-plc-lonsge-receives-consensus-rating-of-hold-from-analysts/,https://www.americanbankingnews.com/wp-content/timthumb/timthumb.php?src=https://www.marketbeat.com/logos/the-sage-group-plc-logo-1200x675.png?v=20221109170444&w=240&h=240&zc=2,2025-09-18T06:21:00Z,"The Sage Group plc (LON:SGE – Get Free Report) has earned an average recommendation of “Hold” from the seven ratings firms that are presently covering the company, MarketBeat reports. Two investment … [+3045 chars]",technology
"{'id': None, 'name': 'ETF Daily News'}",MarketBeat News,Vitalhub Corp. (TSE:VHI) Given Average Rating of “Buy” by Brokerages,"Shares of Vitalhub Corp. (TSE:VHI – Get Free Report) have earned a consensus recommendation of “Buy” from the seven ratings firms that are presently covering the company, Marketbeat Ratings reports. Six equities research analysts have rated the stock with a b…",https://www.etfdailynews.com/2025/09/18/vitalhub-corp-tsevhi-given-average-rating-of-buy-by-brokerages/,https://www.americanbankingnews.com/wp-content/timthumb/timthumb.php?src=https://www.marketbeat.com/logos/vitalhub-corp-logo-1200x675.png?v=20231115072057&w=240&h=240&zc=2,2025-09-18T06:20:50Z,"Shares of Vitalhub Corp. (TSE:VHI – Get Free Report) have earned a consensus recommendation of “Buy” from the seven ratings firms that are presently covering the company, Marketbeat Ratings reports. … [+3091 chars]",technology
"{'id': None, 'name': 'ETF Daily News'}",MarketBeat News,Vertical Aerospace Ltd. (NYSE:EVTL) Given Average Recommendation of “Moderate Buy” by Brokerages,"Shares of Vertical Aerospace Ltd. (NYSE:EVTL – Get Free Report) have received a consensus rating of “Moderate Buy” from the eight analysts that are covering the stock, Marketbeat Ratings reports. One analyst has rated the stock with a sell recommendation, one…",https://www.etfdailynews.com/2025/09/18/vertical-aerospace-ltd-nyseevtl-given-average-recommendation-of-moderate-buy-by-brokerages/,https://www.americanbankingnews.com/wp-content/timthumb/timthumb.php?src=https://www.marketbeat.com/logos/vertical-aerospace-ltd-logo-1200x675.png?v=20240529093538&w=240&h=240&zc=2,2025-09-18T06:20:50Z,"Shares of Vertical Aerospace Ltd. (NYSE:EVTL – Get Free Report) have received a consensus rating of “Moderate Buy” from the eight analysts that are covering the stock, Marketbeat Ratings reports. One… [+3698 chars]",technology
"{'id': None, 'name': 'Skepticalscience.com'}",,Skeptical Science New Research for Week #38 2025,"Open access notables

The weak land carbon sink hypothesis, Randerson et al., Science Advances

Over the past three decades, assessments of the contemporary global carbon budget consistently report a strong net land carbon sink. Here, we review evidence suppo…",https://skepticalscience.com/new_research_2025_38.html,https://skepticalscience.com/public/assets/images/og/button_sks_200.jpg,2025-09-18T06:20:49Z,"Posted on 18 September 2025 by Doug Bostrom, Marc Kodack
Open access notables
The weak land carbon sink hypothesis, Randerson et al., Science Advances
Over the past three decades, assessments of t… [+40043 chars]",technology
"{'id': 'rte', 'name': 'RTE'}",RTÉ News,Merck opens €150m climate-neutral facility in Cork,Science and technology company Merck has officially opened its new €150m filtration manufacturing facility at Blarney Business Park in Co Cork.,https://www.rte.ie/news/business/2025/0918/1534086-merck-opens-150m-climate-neutral-facility-in-cork/,https://www.rte.ie/images/00232fdf-1600.jpg,2025-09-18T06:20:02Z,"Science and technology company Merck has officially opened its new 150m filtration manufacturing facility at Blarney Business Park in Co Cork.
The new facility is Merck's first manufacturing facilit… [+2154 chars]",technology
"{'id': None, 'name': 'ETF Daily News'}",MarketBeat News,Reviewing Gauzy (NASDAQ:GAUZ) and Timken (NYSE:TKR),"Gauzy (NASDAQ:GAUZ – Get Free Report) and Timken (NYSE:TKR – Get Free Report) are both computer and technology companies, but which is the better business? We will compare the two companies based on the strength of their dividends, institutional ownership, pr…",https://www.etfdailynews.com/2025/09/18/reviewing-gauzy-nasdaqgauz-and-timken-nysetkr/,https://www.americanbankingnews.com/wp-content/timthumb/timthumb.php?src=https://www.marketbeat.com/logos/timken-co-logo-1200x675.jpg&w=240&h=240&zc=2,2025-09-18T06:19:03Z,"Gauzy (NASDAQ:GAUZ – Get Free Report) and Timken (NYSE:TKR – Get Free Report) are both computer and technology companies, but which is the better business? We will compare the two companies based on … [+4654 chars]",technology
"{'id': None, 'name': 'ETF Daily News'}",MarketBeat News,Head to Head Review: CTS (NYSE:CTS) vs. Alps Electric (OTCMKTS:APELY),"CTS (NYSE:CTS – Get Free Report) and Alps Electric (OTCMKTS:APELY – Get Free Report) are both computer and technology companies, but which is the superior investment? We will contrast the two companies based on the strength of their valuation, earnings, profi…",https://www.etfdailynews.com/2025/09/18/head-to-head-review-cts-nysects-vs-alps-electric-otcmktsapely/,https://www.americanbankingnews.com/wp-content/timthumb/timthumb.php?src=https://www.marketbeat.com/logos/alps-alpine-co-ltd-logo-1200x675.jpg?v=20221123160918&w=240&h=240&zc=2,2025-09-18T06:19:03Z,"CTS (NYSE:CTS – Get Free Report) and Alps Electric (OTCMKTS:APELY – Get Free Report) are both computer and technology companies, but which is the superior investment? We will contrast the two compani… [+5742 chars]",technology
"{'id': None, 'name': 'ETF Daily News'}",MarketBeat News,FLSmidth & Co. A/S (OTCMKTS:FLIDF) Short Interest Up 47.9% in August,"FLSmidth & Co. A/S (OTCMKTS:FLIDF – Get Free Report) was the target of a significant increase in short interest in August. As of August 31st, there was short interest totaling 32,400 shares, an increase of 47.9% from the August 15th total of 21,900 shares. Ba…",https://www.etfdailynews.com/2025/09/18/flsmidth-co-a-s-otcmktsflidf-short-interest-up-47-9-in-august/,https://www.americanbankingnews.com/wp-content/timthumb/timthumb.php?src=https://www.marketbeat.com/logos/flsmidth--co-as-logo-1200x675.png&w=240&h=240&zc=2,2025-09-18T06:16:54Z,"FLSmidth &amp; Co. A/S (OTCMKTS:FLIDF – Get Free Report) was the target of a significant increase in short interest in August. As of August 31st, there was short interest totaling 32,400 shares, an i… [+993 chars]",technology
"{'id': None, 'name': 'ETF Daily News'}",MarketBeat News,Blackfinch Spring VCT (LON:BFSP) Stock Price Down 1% – What’s Next?,"Shares of Blackfinch Spring VCT PLC (LON:BFSP – Get Free Report) fell 1% on Wednesday . The company traded as low as GBX 91.08 ($1.24) and last traded at GBX 91.08 ($1.24). 100,048 shares changed hands during trading, The stock had previously closed at GBX 92…",https://www.etfdailynews.com/2025/09/18/blackfinch-spring-vct-lonbfsp-stock-price-down-1-whats-next/,https://www.americanbankingnews.com/wp-content/timthumb/timthumb.php?src=https://www.marketbeat.com/logos/blackfinch-spring-vct-plc-logo-1200x675.jpg?v=20230117072943&w=240&h=240&zc=2,2025-09-18T06:16:53Z,"Shares of Blackfinch Spring VCT PLC (LON:BFSP – Get Free Report) fell 1% on Wednesday . The company traded as low as GBX 91.08 ($1.24) and last traded at GBX 91.08 ($1.24). 100,048 shares changed han… [+1311 chars]",technology
"{'id': None, 'name': 'ETF Daily News'}",MarketBeat News,Analysts Set Nutanix (NASDAQ:NTNX) Price Target at $89.07,"Nutanix (NASDAQ:NTNX – Get Free Report) has earned an average rating of “Moderate Buy” from the seventeen analysts that are currently covering the company, MarketBeat Ratings reports. Two investment analysts have rated the stock with a hold rating, fourteen h…",https://www.etfdailynews.com/2025/09/18/analysts-set-nutanix-nasdaqntnx-price-target-at-89-07/,https://www.americanbankingnews.com/wp-content/timthumb/timthumb.php?src=https://www.marketbeat.com/logos/nutanix-inc-logo-1200x675.png&w=240&h=240&zc=2,2025-09-18T06:16:48Z,"Nutanix (NASDAQ:NTNX – Get Free Report) has earned an average rating of “Moderate Buy” from the seventeen analysts that are currently covering the company, MarketBeat Ratings reports. Two investment … [+5330 chars]",technology
"{'id': 'the-times-of-india', 'name': 'The Times of India'}",ET Online,‘Stupid’ extinct bird dodo may walk again after 300 years thanks to scientific breakthrough,"Colossal Biosciences is making strides in de-extinction, successfully growing pigeon germ cells, a crucial step towards resurrecting the dodo. Using gene-editing on Nicobar pigeons and chicken surrogates, they aim to breed birds with dodo traits. With signifi…",https://economictimes.indiatimes.com/news/new-updates/stupid-extinct-bird-dodo-may-walk-again-after-300-years-thanks-to-scientific-breakthrough/articleshow/123965802.cms,"https://img.etimg.com/thumb/msid-123966160,width-1200,height-630,imgsize-95572,overlay-economictimes/articleshow.jpg",2025-09-18T06:15:48Z,"As dead as a dodo. For centuries, that phrase has summed up the finality of extinction. The bird itself, a plump, flightless native of Mauritius, vanished in the 1600s, mocked by sailors as slow-witt… [+4487 chars]",technology
"{'id': None, 'name': 'Yahoo Entertainment'}",Tina Deines,New study reveals devastating cause of over half a million deaths — here is what researchers discovered,The co-authors called for policies to combat the threat.,https://www.yahoo.com/news/articles/study-reveals-devastating-cause-over-061500043.html,https://s.yimg.com/ny/api/res/1.2/lmMguv1vD76pe60kdLbMTw--/YXBwaWQ9aGlnaGxhbmRlcjt3PTEyMDA7aD03OTY7Y2Y9d2VicA--/https://media.zenfs.com/en/the_cool_down_737/4c0bf340df2d1fb438d37f41d5f8824d,2025-09-18T06:15:00Z,"Deforestation has indirectly resulted in the deaths of more than half a million people in tropical regions over the past two decades, a new study recently published in the journal Nature Climate Chan… [+3249 chars]",technology
"{'id': None, 'name': 'ETF Daily News'}",MarketBeat News,Short Interest in SGL Carbon SE (OTCMKTS:SGLFF) Rises By 48.9%,"SGL Carbon SE (OTCMKTS:SGLFF – Get Free Report) saw a significant increase in short interest in the month of August. As of August 31st, there was short interest totaling 13,400 shares, an increase of 48.9% from the August 15th total of 9,000 shares. Based on …",https://www.etfdailynews.com/2025/09/18/short-interest-in-sgl-carbon-se-otcmktssglff-rises-by-48-9/,https://www.americanbankingnews.com/wp-content/timthumb/timthumb.php?src=https://www.marketbeat.com/logos/sgl-carbon-se-logo-1200x675.jpg?v=20230303073427&w=240&h=240&zc=2,2025-09-18T06:14:42Z,"SGL Carbon SE (OTCMKTS:SGLFF – Get Free Report) saw a significant increase in short interest in the month of August. As of August 31st, there was short interest totaling 13,400 shares, an increase of… [+1191 chars]",technology
"{'id': 'abc-news', 'name': 'ABC News'}",ROD MCGUIRK Associated Press,Australia targets at least 62% emissions cut in the next decade,Australia has set a new target of reducing its greenhouse gas emissions by between 62% and 70% below 2005 levels by 2035,https://abcnews.go.com/International/wireStory/australia-targets-62-emissions-cut-decade-125691465,https://i.abcnewsfe.com/a/ff4093eb-6ba1-4ad1-8f17-e9048090804d/wirestory_b3f8f2236aea38e13f8d5695bf965407_16x9.jpg?w=1600,2025-09-18T06:12:42Z,"MELBOURNE, Australia -- Australia on Thursday set a new target of reducing its greenhouse gas emissions by between 62% and 70% below 2005 levels by 2035.
The new target adds to Australias ambition o… [+2650 chars]",technology
"{'id': None, 'name': 'ETF Daily News'}",MarketBeat News,Eagle Eye Solutions Group’s (EYE) House Stock Rating Reiterated at Shore Capital,"Eagle Eye Solutions Group (LON:EYE – Get Free Report)‘s stock had its “house stock” rating reiterated by analysts at Shore Capital in a report issued on Tuesday, MarketBeat.com reports. Eagle Eye Solutions Group Stock Up 3.1% Shares of EYE opened at GBX 293.7…",https://www.etfdailynews.com/2025/09/18/eagle-eye-solutions-groups-eye-house-stock-rating-reiterated-at-shore-capital/,https://www.americanbankingnews.com/wp-content/timthumb/timthumb.php?src=https://www.marketbeat.com/logos/eagle-eye-solutions-group-plc-logo-1200x675.jpg?v=20221220150449&w=240&h=240&zc=2,2025-09-18T06:10:44Z,"Eagle Eye Solutions Group (LON:EYE – Get Free Report)‘s stock had its “house stock” rating reiterated by analysts at Shore Capital in a report issued on Tuesday, MarketBeat.com reports.
Eagle Eye So… [+2325 chars]",technology
"{'id': None, 'name': 'ETF Daily News'}",MarketBeat News,JTC’s (JTC) “Hold” Rating Reaffirmed at Shore Capital,"JTC (LON:JTC – Get Free Report)‘s stock had its “hold” rating reaffirmed by analysts at Shore Capital in a research report issued to clients and investors on Tuesday, MarketBeat reports. A number of other equities research analysts have also weighed in on JTC…",https://www.etfdailynews.com/2025/09/18/jtcs-jtc-hold-rating-reaffirmed-at-shore-capital/,https://www.americanbankingnews.com/wp-content/timthumb/timthumb.php?src=https://www.marketbeat.com/logos/jtc-plc-logo-1200x675.gif?v=20240605081231&w=240&h=240&zc=2,2025-09-18T06:10:44Z,"JTC (LON:JTC – Get Free Report)‘s stock had its “hold” rating reaffirmed by analysts at Shore Capital in a research report issued to clients and investors on Tuesday, MarketBeat reports.
A number of… [+1812 chars]",technology
"{'id': None, 'name': 'Geeky Gadgets'}",Julian Horsey,Nano Banana & Veo 3 : Now Free Together in Google Whisk,"What if the most advanced creative tools weren’t just reserved for professionals but were available to everyone, for free? With Google’s latest update to its Whisk platform, that vision is now a reality. The integration of Nano Banana and Veo 3 brings a suite…",https://www.geeky-gadgets.com/whisk-nano-banana-v3-update-tools/,https://www.geeky-gadgets.com/wp-content/uploads/2025/09/whisk-nano-banana-v3-update-tools_optimized.jpg,2025-09-18T06:08:44Z,"What if the most advanced creative tools werent just reserved for professionals but were available to everyone, for free? With Googles latest update to its Whisk platform, that vision is now a realit… [+8272 chars]",technology
"{'id': None, 'name': 'ETF Daily News'}",MarketBeat News,"Sen. John Boozman Sells Off Shares of Micron Technology, Inc. (NASDAQ:MU)","Senator John Boozman (R-Arkansas) recently sold shares of Micron Technology, Inc. (NASDAQ:MU). In a filing disclosed on September 12th, the Senator disclosed that they had sold between $1,001 and $15,000 in Micron Technology stock on August 22nd. Senator John…",https://www.etfdailynews.com/2025/09/18/sen-john-boozman-sells-off-shares-of-micron-technology-inc-nasdaqmu/,https://www.americanbankingnews.com/wp-content/timthumb/timthumb.php?src=https://www.marketbeat.com/logos/micron-technology-inc-logo-1200x675.png?v=20250619142455&w=240&h=240&zc=2,2025-09-18T06:08:42Z,"Senator John Boozman (R-Arkansas) recently sold shares of Micron Technology, Inc. (NASDAQ:MU). In a filing disclosed on September 12th, the Senator disclosed that they had sold between $1,001 and $15… [+8215 chars]",technology
"{'id': None, 'name': 'Iasbaba.com'}",IASbaba,DAILY CURRENT AFFAIRS IAS | UPSC Prelims and Mains Exam – 18th September – 2025,"rchives (PRELIMS  Focus) (MAINS Focus)
The post DAILY CURRENT AFFAIRS IAS | UPSC Prelims and Mains Exam – 18th September – 2025 appeared first on IASbaba.",https://iasbaba.com/2025/09/daily-current-affairs-ias-upsc-prelims-and-mains-exam-18th-september-2025/,,2025-09-18T06:05:08Z,"Introduction (Context)
Water is fundamental to human survival and development, sustaining not only life and health but also agriculture, industry and ecosystems. Yet despite its centrality, water is… [+8254 chars]",technology
"{'id': 'the-times-of-india', 'name': 'The Times of India'}",Chaitanya Marpakwar,Maharashtra and Finland to jointly modernise Mumbai's historic Sassoon Dock,"The Maharashtra Fisheries department is partnering with Finland to modernize Mumbai's historic Sassoon Dock using technology-driven solutions. The project aims to address operational challenges, improve hygiene, and enhance sustainability at the harbor. Finni…",https://timesofindia.indiatimes.com/city/mumbai/maharashtra-and-finland-to-jointly-modernise-mumbais-historic-sassoon-dock/articleshow/123965878.cms,"https://static.toiimg.com/thumb/msid-123965902,width-1070,height-580,imgsize-1515227,resizemode-75,overlay-toi_sw,pt-32,y_pad-40/photo.jpg",2025-09-18T06:05:04Z,"Kalyani Priyadarshan: Draped in elegance, framed in poetry",technology
"{'id': 'financial-post', 'name': 'Financial Post'}",Business Wire,Shield and PwC UK Forge Strategic Collaboration to Deliver Future-Ready Communications Compliance,"Collaboration brings together Shield’s AI-first platform with PwC’s surveillance expertise to deliver measurable compliance outcomes LONDON — Shield, a leading AI platform for digital communication governance and archiving, today announced a collaboration wit…",https://financialpost.com/pmn/business-wire-news-releases-pmn/shield-and-pwc-uk-forge-strategic-collaboration-to-deliver-future-ready-communications-compliance,https://smartcdn.gprod.postmedia.digital/financialpost/wp-content/uploads/2025/09/bw20250917394739_shield-pwc_pr_wire-image.jpeg,2025-09-18T06:03:10Z,"Collaboration brings together Shields AI-first platform with PwCs surveillance expertise to deliver measurable compliance outcomes
THIS CONTENT IS RESERVED FOR SUBSCRIBERS ONLY
Subscribe now to rea… [+5972 chars]",technology
"{'id': None, 'name': 'ETF Daily News'}",MarketBeat News,Best Buy (NYSE:BBY) Earns “Hold” Rating from Argus,"Best Buy (NYSE:BBY – Get Free Report)‘s stock had its “hold” rating reiterated by Argus in a note issued to investors on Tuesday,Benzinga reports. Several other equities analysts have also issued reports on BBY. Citigroup restated a “buy” rating on shares of …",https://www.etfdailynews.com/2025/09/18/best-buy-nysebby-earns-hold-rating-from-argus/,https://www.americanbankingnews.com/wp-content/timthumb/timthumb.php?src=https://www.marketbeat.com/logos/best-buy-co-inc-logo-1200x675.png?v=20221104134121&w=240&h=240&zc=2,2025-09-18T06:02:46Z,"Best Buy (NYSE:BBY – Get Free Report)‘s stock had its “hold” rating reiterated by Argus in a note issued to investors on Tuesday,Benzinga reports.
Several other equities analysts have also issued re… [+5117 chars]",technology
"{'id': None, 'name': 'ETF Daily News'}",MarketBeat News,Comparing Surf Air Mobility (NYSE:SRFM) and Thai Airways International PCL (OTCMKTS:TAWNF),"Thai Airways International PCL (OTCMKTS:TAWNF – Get Free Report) and Surf Air Mobility (NYSE:SRFM – Get Free Report) are both transportation companies, but which is the superior stock? We will contrast the two companies based on the strength of their analyst …",https://www.etfdailynews.com/2025/09/18/comparing-surf-air-mobility-nysesrfm-and-thai-airways-international-pcl-otcmktstawnf/,https://www.americanbankingnews.com/wp-content/timthumb/timthumb.php?src=https://www.marketbeat.com/logos/surf-air-mobility-inc-logo-1200x675.png?v=20230803084707&w=240&h=240&zc=2,2025-09-18T06:01:06Z,"Thai Airways International PCL (OTCMKTS:TAWNF – Get Free Report) and Surf Air Mobility (NYSE:SRFM – Get Free Report) are both transportation companies, but which is the superior stock? We will contra… [+4320 chars]",technology
"{'id': None, 'name': 'ETF Daily News'}",MarketBeat News,First National Bank Alaska (OTCMKTS:FBAK) and Western Alliance Bancorporation (NYSE:WAL) Financial Review,"Western Alliance Bancorporation (NYSE:WAL – Get Free Report) and First National Bank Alaska (OTCMKTS:FBAK – Get Free Report) are both finance companies, but which is the superior stock? We will compare the two businesses based on the strength of their analyst…",https://www.etfdailynews.com/2025/09/18/first-national-bank-alaska-otcmktsfbak-and-western-alliance-bancorporation-nysewal-financial-review/,https://www.americanbankingnews.com/wp-content/timthumb/timthumb.php?src=https://www.marketbeat.com/logos/first-national-bank-alaska-logo-1200x675.png&w=240&h=240&zc=2,2025-09-18T06:01:06Z,"Western Alliance Bancorporation (NYSE:WAL – Get Free Report) and First National Bank Alaska (OTCMKTS:FBAK – Get Free Report) are both finance companies, but which is the superior stock? We will compa… [+6754 chars]",technology
"{'id': None, 'name': 'ETF Daily News'}",MarketBeat News,Critical Comparison: Zhihu (NYSE:ZH) vs. Betawave (OTCMKTS:BWAV),"Zhihu (NYSE:ZH – Get Free Report) and Betawave (OTCMKTS:BWAV – Get Free Report) are both computer and technology companies, but which is the superior investment? We will compare the two companies based on the strength of their dividends, profitability, analys…",https://www.etfdailynews.com/2025/09/18/critical-comparison-zhihu-nysezh-vs-betawave-otcmktsbwav/,https://www.americanbankingnews.com/wp-content/timthumb/timthumb.php?src=https://www.marketbeat.com/logos/betawave-co-logo-1200x675.png&w=240&h=240&zc=2,2025-09-18T06:01:04Z,"Zhihu (NYSE:ZH – Get Free Report) and Betawave (OTCMKTS:BWAV – Get Free Report) are both computer and technology companies, but which is the superior investment? We will compare the two companies bas… [+4053 chars]",technology
"{'id': None, 'name': 'GlobeNewswire'}",Robex Resources Inc.,Robex Announces Acceleration of Warrant Expiry Date,"QUEBEC CITY, Sept. 18, 2025 (GLOBE NEWSWIRE) -- West African gold producer and developer Robex Resources Inc. (“Robex” or the “Company”) (ASX: RXR | TSX-V: RBX | OTC: RSRBF | Börse Frankfurt: RB4) is pleased to announce the acceleration of the expiry date set…",https://www.globenewswire.com/news-release/2025/09/18/3152161/0/en/Robex-Announces-Acceleration-of-Warrant-Expiry-Date.html,https://ml.globenewswire.com/Resource/Download/4665916d-5c89-4d20-9c32-09918cbff947,2025-09-18T06:01:00Z,"QUEBEC CITY, Sept. 18, 2025 (GLOBE NEWSWIRE) -- West African gold producer and developer Robex Resources Inc. (Robex or the Company) (ASX: RXR | TSX-V: RBX | OTC: RSRBF | Börse Frankfurt: RB4) is ple… [+13195 chars]",technology
"{'id': None, 'name': 'Madshrimps.be'}",Stefan,Logitech’s New Gaming Mouse Has Customizable Haptic Feedback,"Logitech G just revealed two new gaming mice in its PRO Series. The Pro X Superlight 2c is a smaller version of the popular Pro X Superlight 2, while the Pro X2 Superstrike comes with a brand new, industry-first click technology that supposedly will be a game…",https://www.madshrimps.be/news/logitechs-new-gaming-mouse-has-customizable-haptic-feedback/,,2025-09-18T06:00:25Z,"Logitech G just revealed two new gaming mice in its PRO Series. The Pro X Superlight 2c is a smaller version of the popular Pro X Superlight 2, while the Pro X2 Superstrike comes with a brand new, in… [+91 chars]",technology
"{'id': None, 'name': 'Naturalnews.com'}",Lance D Johnson,London Stock Exchangeâs blockchain gamble could rewrite the rules of finance,"The London Stock Exchange Group (LSEG) has launched Digital Markets Infrastructure (DMI), a blockchain-based platform for private funds, making it the first major global exchange to adopt such a system. Developed in partnership with Microsoft Azure, the platf…",https://www.naturalnews.com/2025-09-18-london-stock-exchanges-blockchain-gamble-could-rewrite-finance.html,https://www.naturalnews.com/wp-content/uploads/sites/91/2025/09/Ripple-Cryptocurrency-Xrp-Crypto-Blockchain-Finance-3D.jpg,2025-09-18T06:00:00Z,"<ul><li>The London Stock Exchange Group (LSEG) has launched Digital Markets Infrastructure (DMI), a blockchain-based platform for private funds, making it the first major global exchange to adopt suc… [+6832 chars]",technology
"{'id': None, 'name': 'Naturalnews.com'}",Patrick Lewis,Russia to build 38 new reactors in push to boost NUCLEAR in energy mix,"Rosatom has been instructed to construct 38 new nuclear power units (large, medium and small scale) as part of a national master plan. The goal is to raise nuclear power’s share of Russia’s electricity generation from just under 20 percent up to about 25 perc…",https://www.naturalnews.com/2025-09-18-russia-build-new-reactors-push-boost-nuclear.html,https://www.naturalnews.com/wp-content/uploads/sites/91/2025/09/Nuclear-Energy-Solar.jpg,2025-09-18T06:00:00Z,"<ul><li>Rosatom has been instructed to construct 38 new nuclear power units (large, medium and small scale) as part of a national master plan.</li><li>The goal is to raise nuclear power's share of Ru… [+5331 chars]",technology
"{'id': None, 'name': 'Naturalnews.com'}",Ramon Tomey,Traditional bullet matching lacks foundational scientific validation,"The claim that bullets can be uniquely matched to specific firearms has never been conclusively proven. National reports (NAS 2009, PCAST 2016) found the discipline lacks foundational scientific validation. Reported error rates (about one percent) are artific…",https://www.naturalnews.com/2025-09-18-traditional-bullet-matching-lacks-foundational-scientific-validation.html,https://www.naturalnews.com/wp-content/uploads/sites/91/2025/09/Silver-Bullet-Close-Up-Ammunition.jpg,2025-09-18T06:00:00Z,"<ul><li>The claim that bullets can be uniquely matched to specific firearms has never been conclusively proven. National reports (NAS 2009, PCAST 2016) found the discipline lacks foundational scienti… [+5538 chars]",technology
"{'id': None, 'name': 'GlobeNewswire'}",SNS Insider pvt ltd,Smart Meter Market Size to Surpass USD 47.99 Billion by 2032 | Surging Use of Intelligent Energy Monitoring Propel Market Growth | SNS Insider,"The U.S. smart meter market size was USD 5.05 billion in 2024 and is expected to reach USD 9.76 billion by 2032, growing at a CAGR of 8.64% over 2025–2032. The U.S. smart meter market size was USD 5.05 billion in 2024 and is expected to reach USD 9.76 billion…",https://www.globenewswire.com/news-release/2025/09/18/3152160/0/en/Smart-Meter-Market-Size-to-Surpass-USD-47-99-Billion-by-2032-Surging-Use-of-Intelligent-Energy-Monitoring-Propel-Market-Growth-SNS-Insider.html,https://ml.globenewswire.com/Resource/Download/d6272c2e-d204-41b8-b545-a6e2e24f85c2,2025-09-18T06:00:00Z,"Austin, Sept. 18, 2025 (GLOBE NEWSWIRE) -- Smart Meter Market Size &amp; Growth Insights:
According to the SNS Insider,The Smart Meter Market
 (Marché des compteurs intelligents) size was worth USD… [+7297 chars]",technology
"{'id': None, 'name': 'Digitimes'}",DIGITIMES,FPT eyes leadership in Vietnam's semiconductor packaging and testing sector,Vietnamese technology giant FPT Corporation is intensifying its push into the semiconductor industry with plans to establish a new backend semiconductor manufacturing facility in the central city of &#272;&#224; N&#7861;ng.,https://www.digitimes.com/news/a20250918VL205/semiconductor-industry-chips-packaging-testing-vietnam.html,https://img.digitimes.com/newsshow/20250918vl205_files/1_2b.jpg,2025-09-18T05:58:08Z,"Save my User ID and Password
Some subscribers prefer to save their log-in information so they do not have to enter their User ID and Password each time they visit the site. To activate this function… [+307 chars]",technology
"{'id': None, 'name': 'CNA'}",,Taiwan's spending bonanza draws more foreign firms to its largest arms show,"TAIPEI: Taiwan opened its largest arms fair on Thursday (Sep 18), with about double its previous number of exhibitors, as firms flock for a slice of the island's increased defence sp",https://www.channelnewsasia.com/east-asia/taiwan-defence-spending-weapons-china-arms-fair-5355701,"https://dam.mediacorp.sg/image/upload/s--Weli-zu9--/c_fill,g_auto,h_676,w_1200/fl_relative,g_south_east,l_mediacorp:cna:watermark:2023-11:afp_watermark_14112023,w_0.1/f_auto,q_auto/v1/mediacorp/cna/image/2025/09/18/taiwan_defence_fair_mod.jpg?itok=1rGnlKy4",2025-09-18T05:57:24Z,"TAIPEI: Taiwan opened its largest arms fair on Thursday (Sep 18), with about double its previous number of exhibitors, as firms flock for a slice of the island's increased defence spending at a time … [+1271 chars]",technology
"{'id': None, 'name': 'ETF Daily News'}",MarketBeat News,Schlumberger (NYSE:SLB) Upgraded to “Hold” at Zacks Research,"Zacks Research upgraded shares of Schlumberger (NYSE:SLB – Free Report) from a strong sell rating to a hold rating in a report released on Monday morning,Zacks.com reports. Other research analysts have also recently issued reports about the company. Stifel Ni…",https://www.etfdailynews.com/2025/09/18/schlumberger-nyseslb-upgraded-to-hold-at-zacks-research/,https://www.americanbankingnews.com/wp-content/timthumb/timthumb.php?src=https://www.marketbeat.com/logos/schlumberger-logo.jpg&w=240&h=240&zc=2,2025-09-18T05:56:56Z,"Zacks Research upgraded shares of Schlumberger (NYSE:SLB – Free Report) from a strong sell rating to a hold rating in a report released on Monday morning,Zacks.com reports.
Other research analysts h… [+5647 chars]",technology
"{'id': None, 'name': 'ETF Daily News'}",MarketBeat News,BNP Paribas Exane Initiates Coverage on Spotify Technology (NYSE:SPOT),"Stock analysts at BNP Paribas Exane started coverage on shares of Spotify Technology (NYSE:SPOT – Get Free Report) in a research note issued on Tuesday, MarketBeat reports. The brokerage set an “outperform” rating and a $900.00 price target on the stock. BNP …",https://www.etfdailynews.com/2025/09/18/bnp-paribas-exane-initiates-coverage-on-spotify-technology-nysespot/,https://www.americanbankingnews.com/wp-content/timthumb/timthumb.php?src=https://www.marketbeat.com/logos/spotify-technology-sa-logo-1200x675.png?v=20221104145543&w=240&h=240&zc=2,2025-09-18T05:56:55Z,"Stock analysts at BNP Paribas Exane started coverage on shares of Spotify Technology (NYSE:SPOT – Get Free Report) in a research note issued on Tuesday, MarketBeat reports. The brokerage set an “outp… [+4517 chars]",technology
"{'id': None, 'name': 'ETF Daily News'}",MarketBeat News,NIO (NYSE:NIO) Upgraded at UBS Group,"NIO (NYSE:NIO – Get Free Report) was upgraded by equities research analysts at UBS Group from a “neutral” rating to a “buy” rating in a research note issued to investors on Tuesday, MarketBeat Ratings reports. The firm presently has a $8.50 price objective on…",https://www.etfdailynews.com/2025/09/18/nio-nysenio-upgraded-at-ubs-group/,https://www.americanbankingnews.com/wp-content/timthumb/timthumb.php?src=https://www.marketbeat.com/logos/nio-limited-logo-1200x675.jpg&w=240&h=240&zc=2,2025-09-18T05:56:55Z,"NIO (NYSE:NIO – Get Free Report) was upgraded by equities research analysts at UBS Group from a “neutral” rating to a “buy” rating in a research note issued to investors on Tuesday, MarketBeat Rating… [+4578 chars]",technology
"{'id': None, 'name': 'ETF Daily News'}",MarketBeat News,Carl Zeiss Meditec (OTCMKTS:CZMWY) Trading Up 2.1% – Here’s What Happened,"Shares of Carl Zeiss Meditec AG (OTCMKTS:CZMWY – Get Free Report) were up 2.1% during trading on Wednesday . The stock traded as high as $52.35 and last traded at $52.21. Approximately 2,380 shares were traded during mid-day trading, a decline of 44% from the…",https://www.etfdailynews.com/2025/09/18/carl-zeiss-meditec-otcmktsczmwy-trading-up-2-1-heres-what-happened/,https://www.americanbankingnews.com/wp-content/timthumb/timthumb.php?src=https://www.marketbeat.com/logos/carl-zeiss-meditec-ag-logo-1200x675.png?v=20210329131621&w=240&h=240&zc=2,2025-09-18T05:54:53Z,"Shares of Carl Zeiss Meditec AG (OTCMKTS:CZMWY – Get Free Report) were up 2.1% during trading on Wednesday . The stock traded as high as $52.35 and last traded at $52.21. Approximately 2,380 shares w… [+1672 chars]",technology
"{'id': None, 'name': 'ETF Daily News'}",MarketBeat News,TWC Tech Holdings II (OTCMKTS:TWCTU) Shares Down 8.5% – Time to Sell?,"TWC Tech Holdings II Corp. (OTCMKTS:TWCTU – Get Free Report)’s share price traded down 8.5% during mid-day trading on Wednesday . The company traded as low as $9.61 and last traded at $9.61. 100 shares changed hands during trading, a decline of 100% from the …",https://www.etfdailynews.com/2025/09/18/twc-tech-holdings-ii-otcmktstwctu-shares-down-8-5-time-to-sell/,https://www.americanbankingnews.com/wp-content/timthumb/timthumb.php?src=https://www.marketbeat.com/logos/twc-tech-holdings-ii-corp-logo-1200x675.jpg?v=20230331071807&w=240&h=240&zc=2,2025-09-18T05:54:52Z,TWC Tech Holdings II Corp. (OTCMKTS:TWCTU – Get Free Report)’s share price traded down 8.5% during mid-day trading on Wednesday . The company traded as low as $9.61 and last traded at $9.61. 100 shar… [+922 chars],technology
"{'id': None, 'name': 'ETF Daily News'}",MarketBeat News,Novus Capital (OTCMKTS:NOVSU) Stock Price Up 9.3% – Here’s Why,"Novus Capital Co. (OTCMKTS:NOVSU – Get Free Report)’s share price traded up 9.3% during trading on Wednesday . The stock traded as high as $35.81 and last traded at $35.75. 1,400 shares were traded during trading, a decline of 60% from the average session vol…",https://www.etfdailynews.com/2025/09/18/novus-capital-otcmktsnovsu-stock-price-up-9-3-heres-why/,https://www.americanbankingnews.com/wp-content/timthumb/timthumb.php?src=https://www.marketbeat.com/logos/novus-capital-co-logo-1200x675.png&w=240&h=240&zc=2,2025-09-18T05:54:51Z,"Novus Capital Co. (OTCMKTS:NOVSU – Get Free Report)’s share price traded up 9.3% during trading on Wednesday . The stock traded as high as $35.81 and last traded at $35.75. 1,400 shares were traded d… [+918 chars]",technology
"{'id': 'abc-news-au', 'name': 'ABC News (AU)'}",Elizabeth Byrne,Former CIT CEO loses bid to challenge finding she engaged in 'serious corrupt conduct',"Former Canberra Institute of Technology CEO Leanne Cover loses her bid to challenge a finding that she engaged in ""serious corrupt conduct"" over the arrangement of contracts to a consultant.",https://www.abc.net.au/news/2025-09-18/act-former-cit-ceo-loses-bid-challenge-corrupt-conduct-finding/105789508,https://live-production.wcms.abc-cdn.net.au/4b3eeac5cbab2f7d78ea2db153d63373?impolicy=wcms_watermark_news&cropH=1070&cropW=1903&xPos=0&yPos=68&width=862&height=485&imformat=generic,2025-09-18T05:54:48Z,"The former head of the Canberra Institute of Technology (CIT) has lost her bid to overturn a finding by the ACT Integrity Commission that she engaged in serious corruption.
Leanne Cover launched the… [+2985 chars]",technology
"{'id': None, 'name': 'BBC News'}",Lily Jamali - North America Technology Correspondent,Facebook owner unveils new AI-powered smart glasses,"The event comes as Meta faces ongoing scrutiny over the impact of its products, particularly on children.",https://www.bbc.com/news/articles/c5y599yz0l3o?xtor=AL-72-%5Bpartner%5D-%5Byahoo.north.america%5D-%5Bheadline%5D-%5Bnews%5D-%5Bbizdev%5D-%5Bisapi%5D,https://s.yimg.com/ny/api/res/1.2/tvYOwBi8035f1uVQ2l6ggQ--/YXBwaWQ9aGlnaGxhbmRlcjt3PTEyMDA7aD02NzU-/https://media.zenfs.com/en/bbc_us_articles_995/bc92d88395deae2079cc162bd8622ced,2025-09-18T05:53:43Z,"Meta has unveiled a new range of smart glasses powered by its artificial intelligence (AI) tech, as it expands its bet that they will be a must-have accessory for users around the world.
At its annu… [+3509 chars]",technology
"{'id': None, 'name': 'Digitimes'}",Jingyue Hsiao,Foxconn Interconnect Technology to start new Middle East plant by 2025 end amid AI-driven mobility push,"Foxconn Interconnect Technology (FIT), a subsidiary of Hon Hai Precision Industry Co. (Foxconn), hosted its first FIT Tech Day 2025 on September 17, spotlighting its strategic focus on AI mobility and global market development. FIT chairman Lu Sung-ching emph…",https://www.digitimes.com/news/a20250918PD200/fit-2025-subsidiary-middle-east-data.html,https://img.digitimes.com/newsshow/20250918pd200_files/2_b.jpg,2025-09-18T05:52:34Z,"Save my User ID and Password
Some subscribers prefer to save their log-in information so they do not have to enter their User ID and Password each time they visit the site. To activate this function… [+307 chars]",technology
"{'id': None, 'name': 'Antaranews.com'}",PR Wire,"The 5th Hunan Tourism Development Conference Starts in Huaihua, Hunan Province",The 5th Hunan Tourism Development Conference is held in Huaihua from September 16th to 18th. This conference aims to focus on showcasing the new achievements ...,https://en.antaranews.com/news/380653/the-5th-hunan-tourism-development-conference-starts-in-huaihua-hunan-province,https://cdn.antaranews.com/cache/1200x800/2025/09/18/Huaihua.jpg,2025-09-18T05:51:05Z,"The Organizing Committee of the 5th Hunan Tourism Development ConferenceHuaihua, China (ANTARA/Xinhua-AsiaNet)- The 5th Hunan Tourism Development Conference is held in Huaihua from September 16th to … [+2431 chars]",technology
"{'id': None, 'name': 'Independent.ie'}",Jasmine Norden,‘Children being robbed of wellbeing by social media’ – calls for UK digital age of consent to rise to 16,"The UK’s largest teaching union has said “students are being robbed” of their wellbeing by social media, as it calls for the digital age of consent to rise from 13 to 16.",https://www.independent.ie/world-news/britain/children-being-robbed-of-wellbeing-by-social-media-calls-for-uk-digital-age-of-consent-to-rise-to-16/a729423233.html,https://focus.independent.ie/thumbor/obOu5j8jPddTR3HFTpWQLLB0g5k=/0x3:4000x2669/629x0/prod-mh-ireland/463b1897-5df8-4c10-8bb9-4d9e89b07480/e059b9bf-2233-4d27-934e-7f632826db42/463b1897-5df8-4c10-8bb9-4d9e89b07480.jpg,2025-09-18T05:48:56Z,"The UKs National Education Union and supporting organisations have launched Robbed: Big Techs Little Victims
The UKs largest teaching union has said students are being robbed of their wellbeing by s… [+3848 chars]",technology
"{'id': None, 'name': 'ETF Daily News'}",MarketBeat News,Deutsche Bank Aktiengesellschaft Cuts S4 Capital (LON:SFOR) Price Target to GBX 26,"S4 Capital (LON:SFOR – Free Report) had its price objective trimmed by Deutsche Bank Aktiengesellschaft from GBX 32 to GBX 26 in a research note issued to investors on Monday morning, MarketBeat Ratings reports. The brokerage currently has a hold rating on th…",https://www.etfdailynews.com/2025/09/18/deutsche-bank-aktiengesellschaft-cuts-s4-capital-lonsfor-price-target-to-gbx-26/,https://www.americanbankingnews.com/wp-content/timthumb/timthumb.php?src=https://www.marketbeat.com/logos/s4-capital-plc-logo.png?v=20241011144050&w=240&h=240&zc=2,2025-09-18T05:48:42Z,"S4 Capital (LON:SFOR – Free Report) had its price objective trimmed by Deutsche Bank Aktiengesellschaft from GBX 32 to GBX 26 in a research note issued to investors on Monday morning, MarketBeat Rati… [+2269 chars]",technology
"{'id': None, 'name': 'Khabarhub.com'}",Khabarhub,Scientists train AI model to predict future illnesses,"KATHMANDU: Scientists said Wednesday that they had created an AI model able to predict medical diagnoses years in advance, building on the same technology behind consumer chatbots like ChatGPT. Based on a patient’s case history, the Delphi-2M AI “predicts the…",https://english.khabarhub.com/2025/18/496973/,https://english.khabarhub.com/wp-content/uploads/2025/07/artificial-intelligence-scaled.jpg,2025-09-18T05:45:23Z,"KATHMANDU: Scientists said Wednesday that they had created an AI model able to predict medical diagnoses years in advance, building on the same technology behind consumer chatbots like ChatGPT.
Base… [+2802 chars]",technology
"{'id': None, 'name': 'ETF Daily News'}",MarketBeat News,Contrasting CSG Systems International (NASDAQ:CSGS) and Cass Information Systems (NASDAQ:CASS),"CSG Systems International (NASDAQ:CSGS – Get Free Report) and Cass Information Systems (NASDAQ:CASS – Get Free Report) are both small-cap computer and technology companies, but which is the superior stock? We will contrast the two businesses based on the stre…",https://www.etfdailynews.com/2025/09/18/contrasting-csg-systems-international-nasdaqcsgs-and-cass-information-systems-nasdaqcass/,https://www.americanbankingnews.com/wp-content/timthumb/timthumb.php?src=https://www.marketbeat.com/logos/cass-information-systems-inc-logo-1200x675.png?v=20221208154636&w=240&h=240&zc=2,2025-09-18T05:44:52Z,"CSG Systems International (NASDAQ:CSGS – Get Free Report) and Cass Information Systems (NASDAQ:CASS – Get Free Report) are both small-cap computer and technology companies, but which is the superior … [+7342 chars]",technology
"{'id': None, 'name': 'ETF Daily News'}",MarketBeat News,Critical Survey: Guided Therapeutics (OTCMKTS:GTHP) versus ICU Medical (NASDAQ:ICUI),"ICU Medical (NASDAQ:ICUI – Get Free Report) and Guided Therapeutics (OTCMKTS:GTHP – Get Free Report) are both medical companies, but which is the superior business? We will contrast the two companies based on the strength of their earnings, risk, analyst reco…",https://www.etfdailynews.com/2025/09/18/critical-survey-guided-therapeutics-otcmktsgthp-versus-icu-medical-nasdaqicui/,https://www.americanbankingnews.com/wp-content/timthumb/timthumb.php?src=https://www.marketbeat.com/logos/guided-therapeutics-inc-logo-1200x675.png?v=20230117082253&w=240&h=240&zc=2,2025-09-18T05:44:52Z,"ICU Medical (NASDAQ:ICUI – Get Free Report) and Guided Therapeutics (OTCMKTS:GTHP – Get Free Report) are both medical companies, but which is the superior business? We will contrast the two companies… [+5790 chars]",technology
"{'id': None, 'name': 'ETF Daily News'}",MarketBeat News,Contrasting PAR Technology (NYSE:PAR) & Worldline (OTCMKTS:WWLNF),"Worldline (OTCMKTS:WWLNF – Get Free Report) and PAR Technology (NYSE:PAR – Get Free Report) are both small-cap business services companies, but which is the superior stock? We will contrast the two companies based on the strength of their analyst recommendati…",https://www.etfdailynews.com/2025/09/18/contrasting-par-technology-nysepar-worldline-otcmktswwlnf/,https://www.americanbankingnews.com/wp-content/timthumb/timthumb.php?src=https://www.marketbeat.com/logos/par-technology-co-logo-1200x675.png?v=20221208145153&w=240&h=240&zc=2,2025-09-18T05:44:50Z,"Worldline (OTCMKTS:WWLNF – Get Free Report) and PAR Technology (NYSE:PAR – Get Free Report) are both small-cap business services companies, but which is the superior stock? We will contrast the two c… [+5363 chars]",technology
"{'id': None, 'name': 'Naftemporiki.gr'}",Γιάννα Βαρδαλαχάκη,DryLog is “betting” on the new generation of shipping professionals,"DryLog, the bulk carrier management company of Peter Livanos Group, has announced its support for the Singapore Maritime Foundation (SMF), as part of its effort to cultivate young talents in…
DryLog is “betting” on the new generation of shipping professionals…",https://www.naftemporiki.gr/english/2007439/drylog-is-betting-on-the-new-generation-of-shipping-professionals/,https://www.naftemporiki.gr/wp-content/uploads/2025/09/livanos.jpg,2025-09-18T05:44:25Z,"DryLog, the bulk carrier management company of Peter Livanos Group, has announced its support for the Singapore Maritime Foundation (SMF), as part of its effort to cultivate young talents in the regi… [+633 chars]",technology
"{'id': None, 'name': 'Biztoc.com'}",barchart.com,Is Seagate Technology Stock Outperforming the S&P 500?,,https://biztoc.com/x/351c521d25ba6096,https://biztoc.com/cdn/950/og.png,2025-09-18T05:42:43Z,"{ window.open(this.href, '_blank'); }, 200); return false;""&gt;Why did the Federal Reserve cut interest rates? { window.open(this.href, '_blank'); }, 200); return false;""&gt;How will the Fed rate cut… [+706 chars]",technology
"{'id': None, 'name': 'Biztoc.com'}",barchart.com,Leidos Holdings Stock: Is LDOS Underperforming the Technology Sector?,"Investment Tools And Research To Help Make You A More Confident And Profitable Trader.
FREE 30 Day Trial
- Market Pulse
- VolatilityVolume & Open InterestHorizontal StrategiesButterfly Strategies
-
- Market PulseResourcesEuropean FuturesEuropean Groupings
- F…",https://biztoc.com/x/9d02269308fe658c,https://biztoc.com/cdn/9d02269308fe658c_s.webp,2025-09-18T05:42:41Z,Investment Tools And Research To Help Make You A More Confident And Profitable Trader.FREE 30 Day Trial- Market Pulse- VolatilityVolume &amp; Open InterestHorizontal StrategiesButterfly Strategies-- … [+144 chars],technology
"{'id': None, 'name': 'Starweekly.com.au'}",jimjin,Udderly brilliant milk bottle recycling,"A Scullin-based company is set to change the way the dairy industry tackles waste, with a new recycling machine designed to give milk processors the ability to recycle used milk bottles on site. Popit Recycling has secured funding to build three of its innova…",https://northern.starweekly.com.au/news/udderly-brilliant-milk-bottle-recycling/,https://northern.starweekly.com.au/wp-content/uploads/sites/5/2025/09/Milk_504669_06.jpg,2025-09-18T05:42:37Z,"A Scullin-based company is set to change the way the dairy industry tackles waste, with a new recycling machine designed to give milk processors the ability to recycle used milk bottles on site. 
Po… [+1362 chars]",technology
"{'id': 'abc-news', 'name': 'ABC News'}","MICHELLE L. PRICE Associated Press, JILL LAWLESS Associated Press","After the royal pomp, Trump's state visit turns to politics and a meeting with Starmer",President Donald Trump meets Prime Minister Keir Starmer on Thursday for the second ay of his state visit to Britain,https://abcnews.go.com/International/wireStory/after-royal-pomp-trumps-state-visit-turns-politics-125690733,https://i.abcnewsfe.com/a/c5440d82-19c2-4cf8-a1a9-a0fa35059cad/wirestory_bc9088873ab7fc481c7163d60fe4da98_16x9.jpg?w=1600,2025-09-18T05:42:17Z,"LONDON -- After the pomp, its time for the politics.
President Donald Trump will meet Prime Minister Keir Starmer on Thursday, the final day of the U.S. leader's state visit to Britain, with tech in… [+5205 chars]",technology
"{'id': 'the-times-of-india', 'name': 'The Times of India'}",Shivendra Kumar,"NCDEX’s unlisted shares soar 150% in a year on Sebi's equity nod, investments from Groww, Radhakishan Damani. Can the rally last?",National Commodity and Derivatives Exchange's unlisted shares are experiencing a significant surge. This increase follows Securities and Exchange Board of India's approval for equity products. Investments from prominent figures like Radhakishan Damani and Gro…,https://economictimes.indiatimes.com/markets/stocks/news/ncdexs-unlisted-shares-soar-150-in-a-year-on-sebis-equity-nod-investments-from-groww-radhakishan-damani-can-the-rally-last/articleshow/123965335.cms,"https://img.etimg.com/thumb/msid-123965312,width-1200,height-630,imgsize-9888,overlay-etmarkets/articleshow.jpg",2025-09-18T05:41:28Z,"National Commodity and Derivatives Exchanges (NCDEX) unlisted shares have surged 150% in a year, turning multibagger on hopes of a business revival. The rally has been underpinned by the companys pla… [+5007 chars]",technology
"{'id': None, 'name': 'ETF Daily News'}",MarketBeat News,What is Seaport Res Ptn’s Forecast for SOFI FY2025 Earnings?,"SoFi Technologies, Inc. (NASDAQ:SOFI – Free Report) – Investment analysts at Seaport Res Ptn upped their FY2025 earnings per share estimates for shares of SoFi Technologies in a report released on Monday, September 15th. Seaport Res Ptn analyst W. Ryan now fo…",https://www.etfdailynews.com/2025/09/18/what-is-seaport-res-ptns-forecast-for-sofi-fy2025-earnings/,https://www.americanbankingnews.com/wp-content/timthumb/timthumb.php?src=https://www.marketbeat.com/logos/sofi-technologies-inc-logo-1200x675.jpg?v=20210625095840&w=240&h=240&zc=2,2025-09-18T05:40:42Z,"SoFi Technologies, Inc. (NASDAQ:SOFI – Free Report) – Investment analysts at Seaport Res Ptn upped their FY2025 earnings per share estimates for shares of SoFi Technologies in a report released on Mo… [+5986 chars]",technology
"{'id': None, 'name': 'Prtimes.jp'}",,NVIDIA と英国がイノベーション、経済成長、雇用を促進する国家の AI インフラとエコシステムを構築,"[NVIDIA]
[画像: https://prcdn.freetls.fastly.net/release_image/12662/557/12662-557-57a1397ed9db838d15604d8f54d6a7f1-1920x1080.jpg?width=536&quality=85%2C75&format=jpeg&auto=webp&fit=bounds&a...",https://prtimes.jp/main/html/rd/p/000000557.000012662.html,https://prcdn.freetls.fastly.net/release_image/12662/557/12662-557-57a1397ed9db838d15604d8f54d6a7f1-1920x1080.jpg?format=jpeg&auto=webp&fit=bounds&width=2400&height=1260,2025-09-18T05:40:02Z,"<ul><li>NVIDIA AI Nscale 30 NVIDIA Grace Blackwell GPU 6 GPU 
</li><li>NVIDIA AI NscaleCoreWeave AI 110 12 NVIDIA Blackwell GPU AI OpenAI Stargate U.K. 
</li><li>NVIDIA Oxford Quantum Circuits (OQC… [+1750 chars]",technology
"{'id': None, 'name': 'ETF Daily News'}",MarketBeat News,GrowHub (NASDAQ:TGHL) Trading Up 1.6% Following Analyst Upgrade,"The GrowHub Limited (NASDAQ:TGHL – Get Free Report) traded up 1.6% during trading on Wednesday after Wall Street Zen upgraded the stock to a hold rating. The company traded as high as $1.97 and last traded at $1.96. 16,965 shares were traded during trading, a…",https://www.etfdailynews.com/2025/09/18/growhub-nasdaqtghl-trading-up-1-6-following-analyst-upgrade/,https://www.americanbankingnews.com/wp-content/timthumb/timthumb.php?src=https://www.marketbeat.com/logos/generic-stocks4.jpg&w=240&h=240&zc=2,2025-09-18T05:36:49Z,The GrowHub Limited (NASDAQ:TGHL – Get Free Report) traded up 1.6% during trading on Wednesday after Wall Street Zen upgraded the stock to a hold rating. The company traded as high as $1.97 and last … [+1098 chars],technology
"{'id': None, 'name': 'ETF Daily News'}",MarketBeat News,PayPal (NASDAQ:PYPL) Stock Price Up 2.6% After Analyst Upgrade,"PayPal Holdings, Inc. (NASDAQ:PYPL – Get Free Report)’s stock price was up 2.6% on Wednesday after Rothschild & Co Redburn raised their price target on the stock from $66.00 to $70.00. Rothschild & Co Redburn currently has a neutral rating on the stock. PayPa…",https://www.etfdailynews.com/2025/09/18/paypal-nasdaqpypl-stock-price-up-2-6-after-analyst-upgrade/,https://www.americanbankingnews.com/wp-content/timthumb/timthumb.php?src=https://www.marketbeat.com/logos/paypal-holdings-inc-logo-1200x675.png?v=20231214083652&w=240&h=240&zc=2,2025-09-18T05:36:48Z,"PayPal Holdings, Inc. (NASDAQ:PYPL – Get Free Report)’s stock price was up 2.6% on Wednesday after Rothschild &amp; Co Redburn raised their price target on the stock from $66.00 to $70.00. Rothschild… [+5715 chars]",technology
"{'id': 'the-times-of-india', 'name': 'The Times of India'}",Prachi Verma and Sreeradha Basu,IIT placement: Early signs of stronger recruiter appetite this year,"Despite global economic uncertainties, India's top IITs anticipate a robust placement season for the Class of 2026. Early indicators reveal increased recruiter registrations, particularly from high-frequency trading firms and data science companies. IITs are …",https://economictimes.indiatimes.com/jobs/fresher/iit-placement-early-signs-of-stronger-recruiter-appetite-this-year/articleshow/123964984.cms,"https://img.etimg.com/thumb/msid-123965186,width-1200,height-630,imgsize-12464,overlay-etcareers/articleshow.jpg",2025-09-18T05:35:30Z,"Indias top engineering colleges are seeing early signs of a stronger appetite among recruiters for talent this year, despite global macroeconomic headwinds, especially trade tensions.The placement se… [+4164 chars]",technology
"{'id': None, 'name': 'ETF Daily News'}",MarketBeat News,Uber Technologies (NYSE:UBER) Shares Down 4.9% on Insider Selling,"Uber Technologies, Inc. (NYSE:UBER – Get Free Report)’s share price traded down 4.9% during trading on Wednesday after an insider sold shares in the company. The stock traded as low as $92.12 and last traded at $93.07. 43,880,992 shares changed hands during t…",https://www.etfdailynews.com/2025/09/18/uber-technologies-nyseuber-shares-down-4-9-on-insider-selling/,https://www.americanbankingnews.com/wp-content/timthumb/timthumb.php?src=https://www.marketbeat.com/logos/uber-technologies-inc-logo-1200x675.png?v=20191127154752&w=240&h=240&zc=2,2025-09-18T05:34:55Z,"Uber Technologies, Inc. (NYSE:UBER – Get Free Report)’s share price traded down 4.9% during trading on Wednesday after an insider sold shares in the company. The stock traded as low as $92.12 and las… [+5507 chars]",technology
"{'id': None, 'name': 'ETF Daily News'}",MarketBeat News,Demant A/S Unsponsored ADR (OTCMKTS:WILYY) Short Interest Up 50.0% in August,"Demant A/S Unsponsored ADR (OTCMKTS:WILYY – Get Free Report) was the target of a significant growth in short interest during the month of August. As of August 31st, there was short interest totaling 600 shares, a growth of 50.0% from the August 15th total of …",https://www.etfdailynews.com/2025/09/18/demant-a-s-unsponsored-adr-otcmktswilyy-short-interest-up-50-0-in-august/,https://www.americanbankingnews.com/wp-content/timthumb/timthumb.php?src=https://www.marketbeat.com/logos/demant-a-s-logo-1200x675.png?v=20221114202246&w=240&h=240&zc=2,2025-09-18T05:34:53Z,"Demant A/S Unsponsored ADR (OTCMKTS:WILYY – Get Free Report) was the target of a significant growth in short interest during the month of August. As of August 31st, there was short interest totaling … [+2036 chars]",technology
"{'id': None, 'name': 'ETF Daily News'}",MarketBeat News,YieldMax AAPL Option Income Strategy ETF (NYSEARCA:APLY) Short Interest Up 49.3% in August,"YieldMax AAPL Option Income Strategy ETF (NYSEARCA:APLY – Get Free Report) was the recipient of a significant growth in short interest during the month of August. As of August 31st, there was short interest totaling 191,900 shares, a growth of 49.3% from the …",https://www.etfdailynews.com/2025/09/18/yieldmax-aapl-option-income-strategy-etf-nysearcaaply-short-interest-up-49-3-in-august/,https://www.americanbankingnews.com/wp-content/timthumb/timthumb.php?src=https://www.marketbeat.com/logos/generic-stocks4.jpg&w=240&h=240&zc=2,2025-09-18T05:34:53Z,"YieldMax AAPL Option Income Strategy ETF (NYSEARCA:APLY – Get Free Report) was the recipient of a significant growth in short interest during the month of August. As of August 31st, there was short i… [+2243 chars]",technology
"{'id': 'the-times-of-india', 'name': 'The Times of India'}",Veer Sharma,"Infosys, LTIMindtree shares rally up to 3% on hopes of 2 more rate cuts by US Fed in 2025","Infosys, LTIMindtree, and other Indian IT stocks rose up to 3%, driven by expectations of two additional US Fed rate cuts in 2025. On Wednesday, the Federal Reserve cut its benchmark policy rate by 25 basis points to 4%-4.25%, starting a monetary easing cycle…",https://economictimes.indiatimes.com/markets/stocks/news/infosys-ltimindtree-shares-rally-up-to-3-on-hopes-of-2-more-rate-cuts-by-us-fed-in-2025/articleshow/123965145.cms,"https://img.etimg.com/thumb/msid-123965132,width-1200,height-630,imgsize-12926,overlay-etmarkets/articleshow.jpg",2025-09-18T05:33:43Z,"Shares of information technology stocks such as Infosys, LTIMintree, TCS, Wipro, HCL Tech, Tech Mahindra and others rallied up to 3% in morning deals on Thursday, September 18, as markets anticipate … [+3090 chars]",technology
"{'id': None, 'name': 'Madshrimps.be'}",Stefan,SMIC Begins Trials of China’s First Homegrown Immersion DUV Scanner,"China’s largest chipmaker, SMIC, is conducting trials of an immersion deep-ultraviolet (DUV) lithography scanner made by Shanghai Yuliangsheng Technology, a step toward building a local wafer fabrication equipment industry and reducing dependence on Western s…",https://www.madshrimps.be/news/smic-begins-trials-of-chinas-first-homegrown-immersion-duv-scanner/,,2025-09-18T05:33:31Z,"China’s largest chipmaker, SMIC, is conducting trials of an immersion deep-ultraviolet (DUV) lithography scanner made by Shanghai Yuliangsheng Technology, a step toward building a local wafer fabrica… [+664 chars]",technology
"{'id': None, 'name': 'ETF Daily News'}",MarketBeat News,Comparing Compass Group (OTCMKTS:CMPGY) & Dave & Buster’s Entertainment (NASDAQ:PLAY),"Compass Group (OTCMKTS:CMPGY – Get Free Report) and Dave & Buster’s Entertainment (NASDAQ:PLAY – Get Free Report) are both retail/wholesale companies, but which is the better business? We will compare the two businesses based on the strength of their earnings…",https://www.etfdailynews.com/2025/09/18/comparing-compass-group-otcmktscmpgy-dave-busters-entertainment-nasdaqplay/,https://www.americanbankingnews.com/wp-content/timthumb/timthumb.php?src=https://www.marketbeat.com/logos/dave--busters-entertainment-inc-logo-1200x675.png?v=20201119134809&w=240&h=240&zc=2,2025-09-18T06:48:49Z,"Compass Group (OTCMKTS:CMPGY – Get Free Report) and Dave &amp; Buster’s Entertainment (NASDAQ:PLAY – Get Free Report) are both retail/wholesale companies, but which is the better business? We will co… [+4421 chars]",sports
"{'id': None, 'name': 'Giveawayoftheday.com'}",,Doodle Baseball Game,Step up to the plate and experience the most exciting and fun-filled baseball game with Doodle Baseball! Dive into a hand-drawn world where sports action meets creativity....,https://iphone.giveawayoftheday.com/doodle-baseball-game/,https://iphone.giveawayoftheday.com/wp-content/plugins/gotd_appstore_plugin/images/2025/09/6473097811_app_icon_big_1758194222.jpg,2025-09-18T06:40:04Z,Step up to the plate and experience the most exciting and fun-filled baseball game with Doodle Baseball! Dive into a hand-drawn world where sports action meets creativity. From the thrill of pitching… [+2078 chars],sports
"{'id': None, 'name': 'Japan Today'}",,Japan considering North Korea's participation in 2026 Asian Games,"Japan will consider whether to allow North Korean athletes to participate in next year's Asian Games in Nagoya after the North expressed its intention to take part, the Japanese government said on Thursday. The neighboring countries have no diplomatic ties, a…",https://japantoday.com/category/sports/games-japan-considering-north-korea%27s-participation-in-2026-asian-games,,2025-09-18T06:32:51Z,"Japan will consider whether to allow North Korean athletes to participate in next year's Asian Games in Nagoya after the North expressed its intention to take part, the Japanese government said on Th… [+1050 chars]",sports
"{'id': None, 'name': 'ETF Daily News'}",MarketBeat News,Berenberg Bank Begins Coverage on Ferrari (NYSE:RACE),"Investment analysts at Berenberg Bank initiated coverage on shares of Ferrari (NYSE:RACE – Get Free Report) in a research note issued to investors on Tuesday, Marketbeat Ratings reports. The firm set a “buy” rating on the stock. A number of other analysts hav…",https://www.etfdailynews.com/2025/09/18/berenberg-bank-begins-coverage-on-ferrari-nyserace/,https://www.americanbankingnews.com/wp-content/timthumb/timthumb.php?src=https://www.marketbeat.com/logos/ferrari-nv-logo-1200x675.png&w=240&h=240&zc=2,2025-09-18T06:32:48Z,"Investment analysts at Berenberg Bank initiated coverage on shares of Ferrari (NYSE:RACE – Get Free Report) in a research note issued to investors on Tuesday, Marketbeat Ratings reports. The firm set… [+4095 chars]",sports
"{'id': None, 'name': 'CinemaBlend'}",Eric Eisenberg,HIM Review: Extreme Football Horror Has A Reach That Exceeds Its Grasp,"There are a lot of great ideas and fascinating style, but a lacking substance.",https://www.cinemablend.com/movies/him-review,https://cdn.mos.cms.futurecdn.net/MnS2WYwyQVEtEucK4usz24.jpg,2025-09-18T06:24:12Z,"It’s perhaps a bit odd to note, but I feel as though I’ve been on a real hot streak in 2025 when it comes to my most anticipated new horror movies – which is to say that I have consistently found my … [+6677 chars]",sports
"{'id': None, 'name': 'ETF Daily News'}",MarketBeat News,Caesars Entertainment (NASDAQ:CZR) Price Target Cut to $41.00 by Analysts at JMP Securities,"Caesars Entertainment (NASDAQ:CZR – Get Free Report) had its target price dropped by investment analysts at JMP Securities from $43.00 to $41.00 in a research report issued to clients and investors on Tuesday,Benzinga reports. The firm presently has a “market…",https://www.etfdailynews.com/2025/09/18/caesars-entertainment-nasdaqczr-price-target-cut-to-41-00-by-analysts-at-jmp-securities/,https://www.americanbankingnews.com/wp-content/timthumb/timthumb.php?src=https://www.marketbeat.com/logos/caesars-entertainment-inc-logo-1200x675.jpg?v=20221109141950&w=240&h=240&zc=2,2025-09-18T06:22:54Z,Caesars Entertainment (NASDAQ:CZR – Get Free Report) had its target price dropped by investment analysts at JMP Securities from $43.00 to $41.00 in a research report issued to clients and investors o… [+5092 chars],sports
"{'id': None, 'name': 'Ndtvprofit.com'}",NDTV Profit Tech,"Oakley's Meta Vanguard Smart Glasses Debut With Central Camera, Check Key Features","Oakley and Meta unveiled the Oakley Meta Vanguard smart glasses at the Meta Connect event on Wednesday, Sept. 17. Unlike the Ray-Ban Meta series, which emphasises everyday comfort, the Oakley Meta Vanguard is built for sports and outdoor activities with a wra…",https://www.ndtvprofit.com/technology/oakleys-meta-vanguard-smart-glasses-debut-with-central-camera-check-key-features,https://media.assettype.com/bloombergquint%2F2025-09-18%2F5boiwvhd%2Fdownload.webp?w=1200&auto=format%2Ccompress&ogImage=true,2025-09-18T06:21:07Z,"The glasses have been priced at $499 (around Rs 43,925). It is available for pre-order on the websites of Meta and Oakley. It will be launched in the market on Oct. 21.
Oakley Meta Vanguard will be … [+673 chars]",sports
"{'id': None, 'name': 'ETF Daily News'}",MarketBeat News,Vericel (NASDAQ:VCEL) Reaches New 52-Week Low on Analyst Downgrade,"Vericel Corporation (NASDAQ:VCEL – Get Free Report) hit a new 52-week low during mid-day trading on Thursday after BTIG Research downgraded the stock from a buy rating to a neutral rating. The company traded as low as $29.93 and last traded at $30.02, with a …",https://www.etfdailynews.com/2025/09/18/vericel-nasdaqvcel-reaches-new-52-week-low-on-analyst-downgrade/,https://www.americanbankingnews.com/wp-content/timthumb/timthumb.php?src=https://www.marketbeat.com/logos/vericel-co-logo-1200x675.jpg?v=20221202080851&w=240&h=240&zc=2,2025-09-18T06:06:42Z,Vericel Corporation (NASDAQ:VCEL – Get Free Report) hit a new 52-week low during mid-day trading on Thursday after BTIG Research downgraded the stock from a buy rating to a neutral rating. The compan… [+3704 chars],sports
"{'id': None, 'name': 'The Football Faithful'}",,Newcastle United vs Barcelona – Predicted lineup and team news,A huge European night returns to St. James’ Park on Thursday as the Magpies mark their comeback to the Champions League. The atmosphere will be electric for the visit of a European giant in Barcelon...,https://thefootballfaithful.com/newcastle-united-vs-barcelona-predicted-lineup-and-team-news/,https://photobooth-api.onefootball.com/api/screenshot/%2Fv2%2Fphotobooth%2Fcms%2Fen%2F41680176%3Fdate=2025-09-18,2025-09-18T06:05:00Z,"A huge European night returns to St. James Park on Thursday as the Magpies mark their comeback to the Champions League.
The atmosphere will be electric for the visit of a European giant in Barcelona… [+1793 chars]",sports
"{'id': None, 'name': 'Notebookcheck.net'}",Abid Ahsan Shanto,Versatile Lenovo Yoga Tab hits the market with 11.1-inch 144 Hz display,"The Lenovo Yoga Tab was officially introduced in early September 2025, and now, the company has made it available for purchase. This new Snapdragon 8 Gen 3 tablet is being offered in only one configuration, and it costs $549.99.",https://www.notebookcheck.net/Versatile-Lenovo-Yoga-Tab-hits-the-market-with-11-1-inch-144-Hz-display.1118023.0.html,https://www.notebookcheck.net/fileadmin/Notebooks/News/_nc5/Lenovo-Yoga-Tab-is-now-available-to-purchase.jpg,2025-09-18T06:02:00Z,"Lenovo introduced the Yoga Tab earlier in September 2025, and now, the versatile tablet is available to purchase. On the official store, it's being offered in only one configuration, which comes with… [+1374 chars]",sports
"{'id': None, 'name': 'The Football Faithful'}",,Newcastle United vs Barcelona – Match Preview and Team News,A spectacular European night returns to St. James’ Park on Thursday as Newcastle United mark their Champions League comeback against Spanish champions Barcelona. The match presents a fascinating cla...,https://thefootballfaithful.com/newcastle-united-vs-barcelona-match-preview-and-team-news/,https://photobooth-api.onefootball.com/api/screenshot/%2Fv2%2Fphotobooth%2Fcms%2Fen%2F41680162%3Fdate=2025-09-18,2025-09-18T06:00:00Z,"A spectacular European night returns to St. James Park on Thursday as Newcastle United mark their Champions League comeback against Spanish champions Barcelona.
The match presents a fascinating clas… [+2509 chars]",sports
"{'id': None, 'name': 'The Star Online'}",Benjamin LEGENDRE,Meta expands AI glasses line in a bet on the future,Meta showed off new smart glasses on Sept 17 as it continued to bank on a lifestyle shift toward blending reality and virtual space despite the efforts inflicting heavy financial losses. Read full story,https://www.thestar.com.my/tech/tech-news/2025/09/18/meta-expands-ai-glasses-line-in-a-bet-on-the-future,https://apicms.thestar.com.my/uploads/images/2025/09/18/3526849.jpg,2025-09-18T06:00:00Z,"MENLO PARK, United States: Meta showed off new smart glasses on Sept 17 as it continued to bank on a lifestyle shift toward blending reality and virtual space despite the efforts inflicting heavy fin… [+3730 chars]",sports
"{'id': None, 'name': 'The Football Faithful'}",,Manchester City vs Napoli – Predicted lineup and team news,"Fresh from a commanding derby victory, Manchester City will look to carry their renewed momentum into their Champions League opener against Napoli on Thursday. The match will be an emotionally charged...",https://thefootballfaithful.com/manchester-city-vs-napoli-predicted-lineup-and-team-news/,https://photobooth-api.onefootball.com/api/screenshot/%2Fv2%2Fphotobooth%2Fcms%2Fen%2F41680161%3Fdate=2025-09-18,2025-09-18T06:00:00Z,"Fresh from a commanding derby victory, Manchester City will look to carry their renewed momentum into their Champions League opener against Napoli on Thursday.
The match will be an emotionally charg… [+1856 chars]",sports
"{'id': None, 'name': 'Madshrimps.be'}",Stefan,The 10 Most Fun Used Sports Cars Under $30k,"Finding a thrilling sports car doesn’t have to drain your savings. In today’s used market, a budget of $30,000 opens the door to an impressive range of performance machines that deliver excitement without the eye-watering price tag. From nimble coupes to drop…",https://www.madshrimps.be/news/the-10-most-fun-used-sports-cars-under-30k/,,2025-09-18T05:58:58Z,"Finding a thrilling sports car doesnt have to drain your savings. In todays used market, a budget of $30,000 opens the door to an impressive range of performance machines that deliver excitement with… [+170 chars]",sports
"{'id': None, 'name': 'The Football Faithful'}",,Manchester City vs Napoli – Match Preview and Team News,"Manchester City’s Champions League campaign begins on Thursday with an emotionally charged encounter against Napoli, which sees the return of club legend Kevin De Bruyne to the Etihad Stadium.The Be...",https://thefootballfaithful.com/manchester-city-vs-napoli-match-preview-and-team-news/,https://photobooth-api.onefootball.com/api/screenshot/%2Fv2%2Fphotobooth%2Fcms%2Fen%2F41680144%3Fdate=2025-09-18,2025-09-18T05:55:00Z,"Manchester Citys Champions League campaign begins on Thursday with an emotionally charged encounter against Napoli, which sees the return of club legend Kevin De Bruyne to the Etihad Stadium.
The Be… [+2368 chars]",sports
"{'id': None, 'name': 'ETF Daily News'}",MarketBeat News,TKO Group (NYSE:TKO) Price Target Raised to $250.00 at Robert W. Baird,"TKO Group (NYSE:TKO – Get Free Report) had its price objective increased by investment analysts at Robert W. Baird from $225.00 to $250.00 in a research report issued to clients and investors on Tuesday, MarketBeat.com reports. The brokerage currently has an …",https://www.etfdailynews.com/2025/09/18/tko-group-nysetko-price-target-raised-to-250-00-at-robert-w-baird/,https://www.americanbankingnews.com/wp-content/timthumb/timthumb.php?src=https://www.marketbeat.com/logos/tko-group-holdings-inc-logo-1200x675.png?v=20250207064150&w=240&h=240&zc=2,2025-09-18T05:50:41Z,TKO Group (NYSE:TKO – Get Free Report) had its price objective increased by investment analysts at Robert W. Baird from $225.00 to $250.00 in a research report issued to clients and investors on Tues… [+5816 chars],sports
"{'id': None, 'name': 'ETF Daily News'}",MarketBeat News,"Entain (LON:ENT) Price Target Raised to GBX 1,400","Entain (LON:ENT – Free Report) had its target price hoisted by Berenberg Bank from GBX 1,200 to GBX 1,400 in a research report report published on Monday, Marketbeat.com reports. Berenberg Bank currently has a buy rating on the stock. Other analysts also rece…",https://www.etfdailynews.com/2025/09/18/entain-lonent-price-target-raised-to-gbx-1400/,https://www.americanbankingnews.com/wp-content/timthumb/timthumb.php?src=https://www.marketbeat.com/logos/entain-plc-logo.png?v=20210329132124&w=240&h=240&zc=2,2025-09-18T05:48:42Z,"Entain (LON:ENT – Free Report) had its target price hoisted by Berenberg Bank from GBX 1,200 to GBX 1,400 in a research report report published on Monday, Marketbeat.com reports. Berenberg Bank curre… [+2552 chars]",sports
"{'id': None, 'name': 'ETF Daily News'}",MarketBeat News,JPMorgan Chase & Co. Cuts Coca Cola Femsa (NYSE:KOF) Price Target to $105.00,"Coca Cola Femsa (NYSE:KOF – Free Report) had its price objective reduced by JPMorgan Chase & Co. from $110.00 to $105.00 in a research note issued to investors on Monday,Benzinga reports. They currently have a neutral rating on the stock. A number of other eq…",https://www.etfdailynews.com/2025/09/18/jpmorgan-chase-co-cuts-coca-cola-femsa-nysekof-price-target-to-105-00/,https://www.americanbankingnews.com/wp-content/timthumb/timthumb.php?src=https://www.marketbeat.com/logos/coca-cola-femsa-sab-de-cv-logo.png?v=20221021074303&w=240&h=240&zc=2,2025-09-18T05:48:42Z,"Coca Cola Femsa (NYSE:KOF – Free Report) had its price objective reduced by JPMorgan Chase &amp; Co. from $110.00 to $105.00 in a research note issued to investors on Monday,Benzinga reports. They cu… [+4488 chars]",sports
"{'id': None, 'name': 'Chelsea.news'}",,“Super reliable” – Owen Hargreaves urges Chelsea to sign £35m star after Bayern loss,Owen Hargreaves has urged Chelsea to join Liverpool in the race to sign Marc Guehi after their defeat to Bayern Munich on Wednesday evening.Chelsea returned to Champions League action for the first ti...,https://chelsea.news/2025/09/owen-hargreaves-chelsea-marc-guehi/,https://photobooth-api.onefootball.com/api/screenshot/%2Fv2%2Fphotobooth%2Fcms%2Fen%2F41680119%3Fdate=2025-09-18,2025-09-18T05:45:00Z,"Owen Hargreaves has urged Chelsea to join Liverpool in the race to sign Marc Guehi after their defeat to Bayern Munich on Wednesday evening.
Chelsea returned to Champions League action for the first… [+2512 chars]",sports
"{'id': None, 'name': 'The Football Faithful'}",,Barcelona XI vs Newcastle – Predicted lineup and team news,Barcelona begin their European campaign in what promises to be an electrifying Champions League opener against Newcastle United at St. James’ Park.Barcelona arrive on Tyneside as La Liga champions. ...,https://thefootballfaithful.com/barcelona-xi-vs-newcastle-predicted-lineup-and-team-news/,https://photobooth-api.onefootball.com/api/screenshot/%2Fv2%2Fphotobooth%2Fcms%2Fen%2F41680105%3Fdate=2025-09-18,2025-09-18T05:35:00Z,"Barcelona begin their European campaign in what promises to be an electrifying Champions League opener against Newcastle United at St. James Park.
Barcelona arrive on Tyneside as La Liga champions. … [+1875 chars]",sports
"{'id': None, 'name': 'ETF Daily News'}",MarketBeat News,ASICS Co. (OTCMKTS:ASCCF) Sees Large Growth in Short Interest,"ASICS Co. (OTCMKTS:ASCCF – Get Free Report) saw a large increase in short interest in August. As of August 31st, there was short interest totaling 1,520,800 shares, an increase of 49.9% from the August 15th total of 1,014,600 shares. Based on an average daily…",https://www.etfdailynews.com/2025/09/18/asics-co-otcmktsasccf-sees-large-growth-in-short-interest/,https://www.americanbankingnews.com/wp-content/timthumb/timthumb.php?src=https://www.marketbeat.com/logos/asics-co-logo-1200x675.png&w=240&h=240&zc=2,2025-09-18T05:34:52Z,"ASICS Co. (OTCMKTS:ASCCF – Get Free Report) saw a large increase in short interest in August. As of August 31st, there was short interest totaling 1,520,800 shares, an increase of 49.9% from the Augu… [+1140 chars]",sports
"{'id': None, 'name': 'The Peoples Person'}",,Phallon Tullis Joyce gives rallying cry ahead of vital Brann match,Manchester United Women goalkeeper Phallon Tullis-Joyce has elaborated on her experiences in the Champions League to date.The American keeper enjoyed a fantastic first season as the team’s number on...,https://thepeoplesperson.com/2025/09/18/phallon-tullis-joyce-gives-rallying-cry-ahead-of-vital-brann-match-299073/,https://photobooth-api.onefootball.com/api/screenshot/%2Fv2%2Fphotobooth%2Fcms%2Fen%2F41680099%3Fdate=2025-09-18,2025-09-18T05:30:00Z,"Manchester United Women goalkeeper Phallon Tullis-Joyce has elaborated on her experiences in the Champions League to date.
The American keeper enjoyed a fantastic first season as the teams number on… [+2917 chars]",sports
"{'id': None, 'name': 'Sporting News'}",Hunter Cookston,Cardinals' Kyler Murray keeps it real on Marvin Harrison Jr.'s lack of targets so far this season,"Kyler Murray is under a lot of pressure in Arizona to prove himself this season. However, he is struggling to get Marvin Harrison Jr. the ball.",https://www.sportingnews.com/us/nfl/arizona-cardinals/news/cardinals-kyler-murray-keeps-it-real-marvin-harrison-jrs-lack-targets-so-far-season/2da374e082feeb7543ec05e9,https://library.sportingnews.com/styles/crop_style_16_9_desktop_webp/s3/2025-09/USATSI_24377872.jpg.webp?itok=JDAscf3G,2025-09-18T05:29:38Z,"The Arizona Cardinals have started the season 2-0, something they havent done since 2021. However, theres a lot riding on this year. Kyler Murray has been the starting quarterback in Arizona for some… [+1728 chars]",sports
"{'id': None, 'name': 'ETF Daily News'}",MarketBeat News,Head to Head Survey: Angi (NASDAQ:ANGI) & Genius Sports (NYSE:GENI),"Angi (NASDAQ:ANGI – Get Free Report) and Genius Sports (NYSE:GENI – Get Free Report) are both computer and technology companies, but which is the superior investment? We will contrast the two businesses based on the strength of their earnings, institutional o…",https://www.etfdailynews.com/2025/09/18/head-to-head-survey-angi-nasdaqangi-genius-sports-nysegeni/,https://www.americanbankingnews.com/wp-content/timthumb/timthumb.php?src=https://www.marketbeat.com/logos/genius-sports-limited-logo-1200x675.png?v=20240503120620&w=240&h=240&zc=2,2025-09-18T05:28:53Z,"Angi (NASDAQ:ANGI – Get Free Report) and Genius Sports (NYSE:GENI – Get Free Report) are both computer and technology companies, but which is the superior investment? We will contrast the two busines… [+6274 chars]",sports
"{'id': None, 'name': 'BBC News'}",,Landlady to take her Burnley FC-themed pub to US,Justine Bedford is taking a pop-up version of the Royal Dyche stateside to widen the club's appeal.,https://www.bbc.com/news/articles/c4g923vg9n6o,https://ichef.bbci.co.uk/news/1024/branded_news/02a4/live/d4d2c6b0-93f1-11f0-8750-ed240c52ff67.jpg,2025-09-18T05:28:01Z,"Lynette HorsburghNorth West
Justine Bedford says she cannot wait to soak up the atmosphere in Kansas
A landlady said she was ""so excited"" to be heading to the US to set up a pop-up version of her B… [+1881 chars]",sports
"{'id': None, 'name': 'ABC 4'}",Dana Greene,"Son Heung-min scores hat trick as RSL falls, 4-1","SANDY, Utah (ABC4 Sports) –  Real Salt Lake had two games in hand against its competitors for the final playoffs positions in the Western Conference, but were unable to take advantage in its first one. Korean superstar Son Heung-min secured his first MLS hat …",https://www.abc4.com/sports/son-heung-min-scores-hat-trick-as-rsl-falls-4-1/,https://www.abc4.com/wp-content/uploads/sites/4/2025/09/LAFC.jpg?w=1280,2025-09-18T05:15:54Z,"SANDY, Utah (ABC4 Sports) –  Real Salt Lake had two games in hand against its competitors for the final playoffs positions in the Western Conference, but were unable to take advantage in its first on… [+2005 chars]",sports
"{'id': None, 'name': 'ETF Daily News'}",MarketBeat News,Dave & Buster’s Entertainment (NASDAQ:PLAY) Shares Gap Down After Earnings Miss,"Dave & Buster’s Entertainment, Inc. (NASDAQ:PLAY – Get Free Report)’s share price gapped down before the market opened on Tuesday following a weaker than expected earnings announcement. The stock had previously closed at $24.19, but opened at $19.49. Dave & B…",https://www.etfdailynews.com/2025/09/18/dave-busters-entertainment-nasdaqplay-shares-gap-down-after-earnings-miss/,https://www.americanbankingnews.com/wp-content/timthumb/timthumb.php?src=https://www.marketbeat.com/logos/dave--busters-entertainment-inc-logo-1200x675.png?v=20201119134809&w=240&h=240&zc=2,2025-09-18T05:14:53Z,"Dave &amp; Buster’s Entertainment, Inc. (NASDAQ:PLAY – Get Free Report)’s share price gapped down before the market opened on Tuesday following a weaker than expected earnings announcement. The stock… [+5167 chars]",sports
"{'id': 'the-times-of-india', 'name': 'The Times of India'}",Mukesh Thapliyal,"Keith Olbermann blames Donald Trump for Charlie Kirk's death, slams ABC, Disney and Bob Iger on turning MAGA","Keith Olbermann ignited controversy by blaming Donald Trump for Charlie Kirk's death, citing a violent America. He criticised ABC, Disney, and Bob Iger, accusing them of becoming Trump's puppets after Jimmy Kimmel's show suspension. Olbermann also attacked FC…",https://economictimes.indiatimes.com/news/international/us/keith-olbermann-blames-donald-trump-for-charlie-kirks-death-slams-abc-disney-and-bob-iger-on-turning-maga/articleshow/123964425.cms,"https://img.etimg.com/thumb/msid-123964608,width-1200,height-630,imgsize-34264,overlay-economictimes/articleshow.jpg",2025-09-18T05:14:19Z,"Political commentator Keith Olbermann has publicly blamed US President Donald Trump for the death of conservative activist Charlie Kirk. Kirk was fatally shot at Utah Valley University, and authoriti… [+2365 chars]",sports
"{'id': None, 'name': 'Golden State of Mind'}",Brady Klopfer,Valkyries season ends with heartbreaking loss to Lynx,"The Golden State Valkyries expansion season came to an end after losing a heartbreaker to the Minnesota Lynx, who advance after winning the series 2-0.",https://www.goldenstateofmind.com/golden-state-valkyries-wnba/103104/valkyries-lynx-game-2-elimination-napheesa-collier,https://platform.goldenstateofmind.com/wp-content/uploads/sites/89/2025/09/gettyimages-2235453972.jpg?quality=90&strip=all&crop=0%2C0%2C100%2C78.503342069567&w=1200,2025-09-18T05:13:26Z,"On Sunday, in the first playoff game in franchise history, the Golden State Valkyries were brilliant for one quarter, before falling apart against the championship-favorite Minnesota Lynx. On Wednesd… [+5980 chars]",sports
"{'id': None, 'name': 'Ikot.ph'}",Hazel Chua,"BONG GO WANTS MORE FACILITIES FOR SPORTS, HEALTH — IKOT.PH","Senator Bong Go, Chairperson of the Senate Committee on Sports, strongly urged government agencies to channel more resources toward",https://www.ikot.ph/bong-go-wants-more-facilities-for-sports-health/,https://www.ikot.ph/wp-content/uploads/2025/09/1-REC_09-18-2025_bgo.jpg,2025-09-18T05:08:49Z,"Senator Bong Go, Chairperson of the Senate Committee on Sports, strongly urged government agencies to channel more resources toward sports infrastructure and related facilities instead of infrastruct… [+4852 chars]",sports
"{'id': None, 'name': 'New York Post'}",Christian Arnold,Kyler Murray apologizes for wearing Michael Vick jersey in photo with his pit bull,Kyler Murray apologized after creating a stir after he wore a Michael Vick Virginia Tech jersey while posing for Instagram photos with his pit bull.,https://nypost.com/2025/09/18/sports/kyler-murray-apologizes-for-wearing-michael-vick-jersey-with-dog/,https://nypost.com/wp-content/uploads/sites/2/2025/09/newspress-collage-wxd81rnbl-1758168094802.jpg?quality=75&strip=all&1758153718&w=1024,2025-09-18T05:08:13Z,"Cardinals quarterback Kyler Murray apologized after creating a stir online after he wore a Michael Vick Virginia Tech jersey while posing for Instagram photos with his pit bull.
Vick, the former NFL… [+2822 chars]",sports
"{'id': None, 'name': 'PhoneArena'}",Preslav Mladenov,A $120 discount makes the 512GB Galaxy S25+ an irresistible purchase,"Boasting high-end performance, a gorgeous display, and great cameras, the Galaxy S25+ ranks among the best phones out there. So, don't miss out!",https://www.phonearena.com/news/galaxy-s25-plus-amazon-deal-120-off_id174148,https://m-cdn.phonearena.com/images/article/174148-wide-two_1200/A-120-discount-makes-the-512GB-Galaxy-S25-an-irresistible-purchase.jpg,2025-09-18T05:06:30Z,"We recently shared that Amazon was offering a massive $253 discount on the top-of-the-line Galaxy S25 Ultra, making this incredible phone an absolute bargain. That deal has sadly expired, but Amazon … [+2359 chars]",sports
"{'id': None, 'name': 'ETF Daily News'}",MarketBeat News,Outdoor Stocks To Keep An Eye On – September 16th,"Walmart, Affirm, and Kroger are the three Outdoor stocks to watch today, according to MarketBeat’s stock screener tool. Outdoor stocks are shares of publicly traded companies that design, manufacture and sell outdoor gear, apparel and recreational services. I…",https://www.etfdailynews.com/2025/09/18/outdoor-stocks-to-keep-an-eye-on-september-16th/,https://www.americanbankingnews.com/wp-content/timthumb/timthumb.php?src=https://www.marketbeat.com/logos/wmt_logo_2-1200x675.JPG&w=240&h=240&zc=2,2025-09-18T05:02:52Z,"Walmart, Affirm, and Kroger are the three Outdoor stocks to watch today, according to MarketBeat’s stock screener tool. Outdoor stocks are shares of publicly traded companies that design, manufacture… [+2060 chars]",sports
"{'id': None, 'name': 'ETF Daily News'}",MarketBeat News,Gold Stocks To Research – September 16th,"Robinhood Markets, Newmont, and CocaCola are the three Gold stocks to watch today, according to MarketBeat’s stock screener tool. Gold stocks are shares of companies whose primary business involves the exploration, mining or production of gold. By owning thes…",https://www.etfdailynews.com/2025/09/18/gold-stocks-to-research-september-16th/,https://www.americanbankingnews.com/wp-content/timthumb/timthumb.php?src=https://www.marketbeat.com/logos/robinhood-markets-inc-logo-1200x675.png?v=20210729133331&w=240&h=240&zc=2,2025-09-18T05:02:52Z,"Robinhood Markets, Newmont, and CocaCola are the three Gold stocks to watch today, according to MarketBeat’s stock screener tool. Gold stocks are shares of companies whose primary business involves t… [+1885 chars]",sports
"{'id': None, 'name': 'Vulture'}",Bilge Ebiri,Him Has Got Style to Burn and Not Much Else,"The latest from Jordan Peele’s Monkeypaw Productions, the new football horror film ‘Him,’ directed by Justin Tipping, offers plenty of ridiculous, over-the-top spectacle … and little else.",http://www.vulture.com/article/review-him-looks-amazing-but-it-is-empty-inside.html,https://pyxis.nymag.com/v1/imgs/faf/5e4/1e34479249ccf9a65a7e64b5c93d0dc187-marlon-him.1x.rsocial.w1200.jpg,2025-09-18T05:00:17Z,The basic premise of Him is so fun that Im half-hoping someone else takes the idea and makes a different movie out of it. An injured up-and-coming rookie football quarterback is invited to work out w… [+5407 chars],sports
"{'id': 'the-irish-times', 'name': 'The Irish Times'}",Ciarán Murphy,"The GAA serves communities well, but don’t expect it to solve the housing crisis",Big ideas around provision of homes and fighting depopulation presume all GAA members are motivated to do good,https://www.irishtimes.com/sport/gaelic-games/2025/09/18/ciaran-murphy-the-gaa-serves-communities-well-but-dont-expect-it-to-solve-the-housing-crisis/,https://www.irishtimes.com/resizer/v2/2AVKAAPBD5AKPJEIW5CRHKWMP4.jpg?smart=true&auth=cbca31364efd1412434cb8df477018bc36061a19c6205003031803dd6c2b3a5f&width=1200&height=630,2025-09-18T05:00:01Z,"David McWilliamss piece in this newspaper last Saturday, outlining how the GAA could help solve the housing crisis, made for typically thought-provoking reading. So much so, that I went straight to h… [+4874 chars]",sports
"{'id': None, 'name': 'Nerdist'}",Tai Gooden,HIM Tackles Hero Worship and the Body Horror of Football in Brutal Fashion (Review),"Marlon Wayans and Tyriq Withers combine forces to tackle hero worship and the brutal body horrors of football in the fantastic HIM. 
The post HIM Tackles Hero Worship and the Body Horror of Football in Brutal Fashion (Review) appeared first on Nerdist.",https://nerdist.com/article/him-football-horror-film-marlon-wayans-tyriq-withers-review/,https://legendary-digital-network-assets.s3.amazonaws.com/wp-content/uploads/2025/09/17100954/2574_TP_0006-1.jpg,2025-09-18T05:00:00Z,"Since the beginning of time, humanity has had a disturbing fixation with brutal sports. From the gladiator fights of ancient Rome (which are still getting film adaptations to this day) to American fo… [+6909 chars]",sports
"{'id': 'four-four-two', 'name': 'FourFourTwo'}",Ed McCambridge,'Eric Cantona was the best penalty taker I faced – Cole Palmer has that same nonchalance' David James on why Palmer's record from the penalty spot is so impressive,"Former Manchester City, Liverpool and England goalkeeper James is full of praise for Chelsea star Palmer",https://www.fourfourtwo.com/news/eric-cantona-was-the-best-penalty-taker-i-faced-cole-palmer-has-that-same-nonchalance-david-james-on-why-palmers-record-from-the-penalty-spot-is-so-impressive,https://cdn.mos.cms.futurecdn.net/NFojzwrESdkmBPxVAS3bbc.jpg,2025-09-18T05:00:00Z,"There have been some phenomenal penalty takers throughout Premier League history, from Matt Le Tissier and Alan Shearer to Harry Kane and Bruno Fernandes.
For former Liverpool, Manchester City and E… [+2108 chars]",sports
"{'id': None, 'name': 'GlobeNewswire'}",WOLFSON BRANDS (UK) LIMITED,Buying Guide to the Top & Most Effective Fat Burner for Men- 10 Effective Men’s Fat Burning Supplements- Wolfsan Brand launch 2025,"In 2025, Wolfson Brands has unveiled an advanced line of Best fat-burning supplements for man designed to align with the evolving needs of modern lifestyles. Today, fat management is far from a one-size-fits-all challenge. In 2025, Wolfson Brands has unveiled…",https://www.globenewswire.com/news-release/2025/09/18/3152143/0/en/Buying-Guide-to-the-Top-Most-Effective-Fat-Burner-for-Men-10-Effective-Men-s-Fat-Burning-Supplements-Wolfsan-Brand-launch-2025.html,https://ml-eu.globenewswire.com/Resource/Download/f29ed907-9afb-4787-98e4-ac1b58e38802,2025-09-18T05:00:00Z,"las vegas, Sept. 18, 2025 (GLOBE NEWSWIRE) -- 
In 2025, Wolfson Brands has unveiled an advanced line of best  fat-burning supplements for men designed to align with the evolving needs of modern life… [+33039 chars]",sports
"{'id': None, 'name': 'TheWrap'}",William Bibbiani,"‘Him’ Review: Marlon Wayans Brings His A-Game to Boring, Predictable Pro-Football Horror","The formulaic thriller asks big questions about the morality of professional sports, but fumbles every play
The post ‘Him’ Review: Marlon Wayans Brings His A-Game to Boring, Predictable Pro-Football Horror appeared first on TheWrap.",https://www.thewrap.com/him-review-marlon-wayans/,https://i0.wp.com/www.thewrap.com/wp-content/uploads/2025/09/Him-Marlon-Wayans-2025.jpg?fit=1200%2C675&quality=89&ssl=1,2025-09-18T05:00:00Z,"Im not usually one to declare a moratorium, but after watching director and co-writer Justin Tippings Him I think horror filmmakers may need to seriously reconsider these spider web stories. You know… [+5556 chars]",sports
"{'id': None, 'name': '/FILM'}",staff@slashfilm.com (Chris Evangelista),Him Review: Marlon Wayans Is Scary Good In This Nightmarish Sports Horror Movie,"The weird sports horror movie Him has some stylish moments and a genuinely great performance from Marlon Wayans, but something's missing. Here's our review.",https://www.slashfilm.com/1971546/him-horror-movie-review/,https://www.slashfilm.com/img/gallery/him-review-marlon-wayans-is-scary-good-in-this-nightmarish-sports-horror-movie/l-intro-1758161820.jpg,2025-09-18T05:00:00Z,"Cameron Cade grew up worshipping at the altar of of Isaiah White, the championship-winning quarterback for the San Antonio Saviors (""Him"" has no time for subtilty, damn it, and lays its religious ima… [+1646 chars]",sports
"{'id': None, 'name': 'Variety'}",Peter Debruge,"‘Him’ Review: From Concussions to Contracts, Jordan Peele-Produced Thriller Shows That Football Can Be a Lot Scarier Than Most People Realize","Cameron Cade has only one mission in life: to be the best player in American football. Nothing else matters to this college sports star (played by Tyriq Withers, a statue-like figure genre fans may recognize from “I Know What You Did Last Summer”), who’s on h…",https://variety.com/2025/film/reviews/him-review-1236521171/,https://variety.com/wp-content/uploads/2025/09/Him.jpg?w=1000&h=563&crop=1,2025-09-18T05:00:00Z,"Cameron Cade has only one mission in life: to be the best player in American football. Nothing else matters to this college sports star (played by Tyriq Withers, a statue-like figure genre fans may r… [+5734 chars]",sports
"{'id': None, 'name': 'iPhone in Canada'}",Austin Blake,Oakley Meta Vanguard AI Glasses Revealed: Canadian Pricing from $679,"At Meta’s Connect 2025 event tonight, Mark Zuckerberg introduced the Oakley Meta Vanguard, a new line of performance AI glasses designed for high-intensity sports. The glasses include a centred 12-megapixel camera capable of up to 3K video with a 122-degree w…",https://www.iphoneincanada.ca/2025/09/17/oakley-meta-vanguard-ai-glasses-revealed-canadian-pricing-from-679/,https://cdn.iphoneincanada.ca/wp-content/uploads/2025/09/oakley-meta-vanguard.jpg,2025-09-18T04:52:39Z,"At Metas Connect 2025 event tonight, Mark Zuckerberg introduced the Oakley Meta Vanguard, a new line of performance AI glasses designed for high-intensity sports.
The glasses include a centred 12-me… [+1326 chars]",sports
"{'id': None, 'name': 'Slashdot.org'}",feedfeeder,Former Bills defenders look to help Dolphins earn first win of 2025 against former team - Buffalo Rumblings,"Former Bills defenders look to help Dolphins earn first win of 2025 against former teamBuffalo Rumblings Bills vs. Dolphins | Where to watch, stream and listen | TNF Week 3Buffalo Bills Thursday Night Football prediction, odds, line, spread: Bills vs. Dolphin…",https://slashdot.org/firehose.pl?op=view&amp;id=179339160,,2025-09-18T04:52:20Z,The Fine Print: The following comments are owned by whoever posted them. We are not responsible for them in any way.,sports
"{'id': None, 'name': 'Thecurvyfashionista.com'}",Editorial Staff,Why Representation of Bigger Bodies Still Feels Revolutionary,"The Fragility of Progress in Fashion Week The Fragility of Progress in Fashion Week (image...
This article, Why Representation of Bigger Bodies Still Feels Revolutionary first appeared on The Curvy Fashionista and is written by Editorial Staff. 
Never miss th…",https://thecurvyfashionista.com/why-representation-of-bigger-bodies-still-feels-revolutionary/,https://thecurvyfashionista.com/wp-content/uploads/2025/09/1758109856398_photo-1620216464663-29984da34a12.jpeg,2025-09-18T04:51:07Z,"The Fragility of Progress in Fashion Week
The Fragility of Progress in Fashion Week (image credits: unsplash)
Of the 8,763 looks presented across 208 shows and presentations, 0.8 per cent were plus… [+12379 chars]",sports
"{'id': 'the-irish-times', 'name': 'The Irish Times'}",Olive Keogh,Former airline pilots take flight with new Irish energy drink,Anna Malsam and Dave Saunders say their electrolyte-based drink tackles fatigue and brain fog without sugar or chemicals,https://www.irishtimes.com/business/innovation/2025/09/18/former-airline-pilots-take-flight-with-new-irish-energy-drink/,https://www.irishtimes.com/resizer/v2/A4XLX36IEZHVHH6JBAAELL4AQU.jpg?smart=true&auth=0aba202261c3fe698f325b7da136ca48f4c4ac71169345439dc3f6143d81ca3b&width=1200&height=630,2025-09-18T04:45:00Z,"Hytropics is a sparkling electrolytes drink developed by commercial pilots Anna Malsam and Dave Saunders. Its designed to provide relief from fatigue and brain fog, but without the sugar and artifici… [+5563 chars]",sports
"{'id': None, 'name': 'Antaranews.com'}",PR Wire,"SynbioTech's TWK10 Approved to Boost Muscle Strength, The Probiotic Pioneer Marches Toward Southeast Asia Market","SynbioTech Inc., ranked among the world&#39;s top 20 probiotic suppliers, is the leader in functional probiotics for muscle and joint health, sports, ...",https://en.antaranews.com/news/380625/synbiotechs-twk10-approved-to-boost-muscle-strength-the-probiotic-pioneer-marches-toward-southeast-asia-market,https://cdn.antaranews.com/cache/1200x800/2025/09/18/2025_Vitafoods_Asia_invited_card_EN.jpg,2025-09-18T04:40:10Z,"Bangkok (ANTARA/PRNewswire)- SynbioTech Inc., ranked among the world's top 20 probiotic suppliers, is the leader in functional probiotics for muscle and joint health, sports, women's wellness, and im… [+2761 chars]",sports
"{'id': None, 'name': 'Globalsecurity.org'}",John Pike,The Russian Camp Where Abducted Ukrainian Children Reportedly Made Drones,"Evidence has been found for the first time that abducted Ukrainian children were used by Russia to assemble military equipment, according to the head of a Yale University team investigating the fate of nearly 20,000 minors reported to have been kidnapped or f…",https://www.globalsecurity.org/wmd/library/news/ukraine/2025/09/ukraine-250917-rferl01.htm,,2025-09-18T04:38:49Z,"By Ray Furlong September 17, 2025
Evidence has been found for the first time that abducted Ukrainian children were used by Russia to assemble military equipment, according to the head of a Yale Univ… [+5422 chars]",sports
"{'id': None, 'name': 'Globalsecurity.org'}",John Pike,"FIRST TRAINING SQUADRON ARRIVES AT MAPUTO, MOZAMBIQUE","The First Training Squadron (1TS) of the Indian Navy comprising INS Tir, INS Shardul, INS Sujata, and ICGS Sarathi entered Maputo, Mozambique on 16 Sep 2025. The squadron led by Capt Tijo K Joseph was warmly received by the Mozambique Navy alongwith the Defen…",https://www.globalsecurity.org/wmd/library/news/india/2025/india-250917-india-pib01.htm,,2025-09-18T04:38:49Z,"India - Press Information Bureau
Ministry of Defence
Posted On: 17 SEP 2025 6:30PM by PIB Delhi 
The First Training Squadron (1TS) of the Indian Navy comprising INS Tir, INS Shardul, INS Sujata, a… [+1589 chars]",sports
"{'id': None, 'name': 'CBS Sports'}",Isabel Gonzalez,"Where to watch WNBA playoffs: Schedule, scores, TV channel as Lynx eliminate Valkyries, Mercury stays alive","Minnesota advances, while Phoenix and New York head to a decisive Game 3",https://www.cbssports.com/wnba/news/where-to-watch-wnba-playoffs-schedule-scores-tv-channel-as-lynx-eliminate-valkyries-mercury-stays-alive/,https://sportshub.cbsistatic.com/i/r/2025/09/18/9f651485-3796-432b-830d-411093935278/thumbnail/1200x675/9baa45c2a203f41f450f7dc846d61d3c/wnba-playoff-bracket-lynx.png,2025-09-18T04:35:43Z,"The first round of the 2025 WNBA playoffs continued on Wednesday night, as the Phoenix Mercury staved off elimination with a convincing 86-60 road win over the New York Liberty to force a Game 3 on F… [+3825 chars]",sports
"{'id': None, 'name': 'Twistedsifter.com'}",Heide Lazaro,"A Customer Arrived At The Store 3 Minutes Past Closing Time, So This Man Refused To Entertain Him",Respecting other people’s time is just as important as valuing your own.,http://twistedsifter.com/2025/09/a-customer-arrived-at-the-store-3-minutes-past-closing-time-so-this-man-refused-to-entertain-him/,https://twistedsifter.com/wp-content/uploads/2025/09/Twisted-Sifter-1519.jpg,2025-09-18T04:35:30Z,"Pexels/Reddit
Some people expect the world to bend to their convenience.
This man was about to close the store when a customer called and asked if he could still drop by.
He told the customer he c… [+2142 chars]",sports
"{'id': None, 'name': 'Freerepublic.com'}",,"Pigskin Pickem Thread, Week 3","Fool's Ball, Week Three Your home for all things Fool's Ball! In Memoriam Danny Lee (BENDER2)",https://freerepublic.com/focus/f-chat/4341217/posts,,2025-09-18T04:33:28Z,"Skip to comments.
Pigskin Pickem Thread, Week 3
9-17-2025
Posted on 09/17/2025 9:33:28 PM PDT by Impy
Fool's Ball, Week Three 
Your home for all things Fool's Ball! 
In Memoriam Danny Lee (BEND… [+1358 chars]",sports
"{'id': None, 'name': 'Independent.ie'}",Letters to the editor,Letters: Younger generation are determined to be heard – it is time leaders listened,"May I compliment Sarah MacDonald for her excellent and timely Saint ­Carlo Acutis article (‘He was an ordin­ary boy playing video games and bringing joy, hope and light’, Review, September 13).",https://www.independent.ie/opinion/letters/letters-younger-generation-are-determined-to-be-heard-it-is-time-leaders-listened/a918450994.html,https://focus.independent.ie/thumbor/T2jt15Da2fm27GUdV2pTlGxTGc4=/0x0:3237x2158/629x0/prod-mh-ireland/eb350c24-b108-4538-ba70-55e7d2bc6012/e5dead00-a155-4ce4-b6f1-6a6a0d1882f8/eb350c24-b108-4538-ba70-55e7d2bc6012.jpg,2025-09-18T04:30:00Z,"May I compliment Sarah MacDonald for her excellent and timely Saint ­Carlo Acutis article (He was an ordin­ary boy playing video games and bringing joy, hope and light, Review, September 13).As 34-ye… [+5338 chars]",sports
"{'id': None, 'name': 'GlobeNewswire'}",CMI MARKET RESEARCH PRIVATE LIMITED,"[Latest] Global Body Worn Camera Market Size/Share Worth USD 28.2 Billion by 2034 at a 14.1% CAGR: Custom Market Insights (Analysis, Outlook, Leaders, Report, Trends, Forecast, Segmentation, Growth Rate, Value, SWOT Analysis)","[220+ Pages Latest Report] According to a market research study published by Custom Market Insights, the demand analysis of Global Body Worn Camera Market size & share revenue was valued at approximately USD 8.2 Billion in 2024 and is expected to reach USD 8.…",https://www.globenewswire.com/news-release/2025/09/18/3152139/0/en/Latest-Global-Body-Worn-Camera-Market-Size-Share-Worth-USD-28-2-Billion-by-2034-at-a-14-1-CAGR-Custom-Market-Insights-Analysis-Outlook-Leaders-Report-Trends-Forecast-Segmentation-G.html,https://ml.globenewswire.com/Resource/Download/74609d89-5437-4826-b7b8-31238ea2e65c,2025-09-18T04:30:00Z,"Austin, TX, USA, Sept. 18, 2025 (GLOBE NEWSWIRE) -- Custom Market Insights has published a new research report titled Body Worn Camera Market Size, Trends and Insights By Operation (Recording Type, L… [+27883 chars]",sports
"{'id': None, 'name': 'Independent.ie'}",PA and Sheena McGinley,"Today’s top TV and streaming choices: Harry Wild, Tár and Black Rabbit",Planning a night on the couch? Here are today’s top TV and streaming picks:,https://www.independent.ie/entertainment/television/todays-top-tv-and-streaming-choices-harry-wild-tar-and-black-rabbit/a441957387.html,https://focus.independent.ie/thumbor/xaObVTiZGoHGnwnSCjiiuFPlI_s=/184x0:3241x2038/629x0/prod-mh-ireland/f5743fed-f414-4b34-8a5d-db1bf17648f6/bbe2bf91-6aa2-4341-8b8c-f0981c7296bf/f5743fed-f414-4b34-8a5d-db1bf17648f6.jpg,2025-09-18T04:30:00Z,"Pick of the day
Cheap Irish Homes
RTÉ One, 7pm
The experts step in to help a couple looking for a fixer-upper within an hour of Galway city. They plan to live on-site in a caravan while renovating… [+4037 chars]",sports
"{'id': None, 'name': 'Independent.ie'}",Darragh Nolan,‘Men look after their livestock better than themselves’ – mental health prioritised as Movember approaches,The wet and the wind that greeted crowds on day two of the National Ploughing Championships was a sure sign that colder months are on the way.,https://www.independent.ie/irish-news/men-look-after-their-livestock-better-than-themselves-mental-health-prioritised-as-movember-approaches/a1936000180.html,https://focus.independent.ie/thumbor/cgvTg5BY58NReXsWmMHrnaZm5e8=/60x0:735x450/629x0/prod-mh-ireland/5135bd5c-ecdb-440c-8dcd-4d46a5e0731e/2c8b242d-e2c6-4ca1-958f-99f6720ca04a/video/video.jpg,2025-09-18T04:30:00Z,"The wet and the wind that greeted crowds on day two of the National Ploughing Championships was a sure sign that colder months are on the way.Winter is just around the corner, and with it an importan… [+4828 chars]",sports
"{'id': None, 'name': 'Independent.ie'}",Darragh Nolan,‘Men look after their livestock better than themselves’ – how Movember connects with men from rural Ireland,The wet and the wind that greeted crowds on day two of the National Ploughing Championships was a sure sign that colder months are on the way.,https://www.independent.ie/irish-news/men-look-after-their-livestock-better-than-themselves-how-movember-connects-with-men-from-rural-ireland/a1936000180.html,https://focus.independent.ie/thumbor/cgvTg5BY58NReXsWmMHrnaZm5e8=/60x0:735x450/629x0/prod-mh-ireland/5135bd5c-ecdb-440c-8dcd-4d46a5e0731e/2c8b242d-e2c6-4ca1-958f-99f6720ca04a/video/video.jpg,2025-09-18T04:30:00Z,"The wet and the wind that greeted crowds on day two of the National Ploughing Championships was a sure sign that colder months are on the way.Winter is just around the corner, and with it an importan… [+4828 chars]",sports
"{'id': None, 'name': 'Yahoo Entertainment'}",The Associated Press,Michigan Sportswatch Daily Listings,"ACCNX Atlanta at Detroit — FDSN Detroit, FDSN SE Georgia, FDSN South, FDSN Southeast, FDSN Southeast SC, FDSN South TN Nash. MLBN, Fubo Sports US, MLB.TV The...",https://sports.yahoo.com/article/michigan-sportswatch-daily-listings-042020683.html,https://s.yimg.com/cv/apiv2/social/images/yahoo_default_logo-1200x1200.png,2025-09-18T04:20:20Z,"Michigan at Notre Dame ACCNX
Atlanta at Detroit FDSN Detroit, FDSN SE Georgia, FDSN South, FDSN Southeast, FDSN Southeast SC, FDSN South TN Nash., MLBN, Fubo Sports US, MLB.TV
The Associated Press … [+98 chars]",sports
"{'id': None, 'name': 'Yahoo Entertainment'}",The Associated Press,Pennsylvania Sportswatch Daily Listings,"NBCS Philadelphia +, ESPN+, ESPN app, Fubo Sports US Pittsburgh at Maryland — BTN Sacramento at Pittsburgh — NBCS California, SportsNet Pittsburgh, Fubo...",https://sports.yahoo.com/article/pennsylvania-sportswatch-daily-listings-042005170.html,https://s.yimg.com/cv/apiv2/social/images/yahoo_default_logo-1200x1200.png,2025-09-18T04:20:05Z,"Columbia at Lafayette NBCS Philadelphia +, ESPN+, ESPN app, Fubo Sports US
Pittsburgh at Maryland BTN
Sacramento at Pittsburgh NBCS California, SportsNet Pittsburgh, Fubo Sports US, MLB.TV
Philade… [+210 chars]",sports
"{'id': None, 'name': 'KRQE News 13'}",Madison Conner,Family still searching for answers on missing Taos woman decades later,"TAOS, N.M. (KRQE) – Forty-five years after their mother went missing in northern New Mexico, two daughters are still fighting to find out what happened. Now,...",https://www.krqe.com/news/new-mexico/family-still-searching-for-answers-on-missing-taos-mother-decades-later/,https://media.zenfs.com/en/krqe_albuquerque_articles_976/dadcf866dc9a59d1f3c0ca0d2b331ccc,2025-09-18T04:17:46Z,"TAOS, N.M. (KRQE) Forty-five years after their mother went missing in northern New Mexico, two daughters are still fighting to find out what happened. Now, a non-profit is helping bring awareness to … [+2580 chars]",sports
"{'id': None, 'name': 'Hogs Haven'}","Scott Jennings, Bill Horgan","All aTwitter: 18-Sep-25 – The return of Preston Smith, Jayden Daniels’ health and stadium approval lead today’s Commanders buzz",We follow X so you don’t have to,https://www.hogshaven.com/openthread/376843/all-atwitter-18-sep-25-the-return-of-preston-smith-jayden-daniels-health-and-stadium-approval-lead-todays-commanders-buzz,https://platform.hogshaven.com/wp-content/uploads/sites/92/2025/09/gettyimages-876314412.jpg?quality=90&strip=all&crop=0%2C10.732984293194%2C100%2C78.534031413613&w=1200,2025-09-18T04:11:38Z,"The goal of All aTwitter is to give readers a detailed or quirky look, through the unique lens of Twitter, at the Commanders, the NFL, and sports in general, along with a smattering of other things. … [+936 chars]",sports
"{'id': None, 'name': 'The Conversation Africa'}","Michelle Grattan, Professorial Fellow, University of Canberra",Government announces 2035 target of 62–70% emissions reduction,The Albanese government has announced Australia will commit to cutting emissions by between 62% and 70% on 2005 levels by 2035.,https://theconversation.com/government-announces-2035-target-of-62-70-emissions-reduction-265381,https://images.theconversation.com/files/691567/original/file-20250918-56-y2gxam.jpg?ixlib=rb-4.1.0&rect=0%2C202%2C6687%2C3343&q=45&auto=format&w=1356&h=668&fit=crop,2025-09-18T04:09:11Z,"The Albanese government has announced Australia will commit to cutting emissions by between 62% and 70% on 2005 levels by 2035. 

The wide range seeks to straddle, to the extent possible, those in bu… [+4274 chars]",sports
"{'id': None, 'name': 'Thesportsdaily.org'}",Mathew Huff,Heat Not Interested in Trading Andrew Wiggins,"Andrew Wiggins has been the subject of trade speculation for the last couple of weeks. The veteran wing has been...
The post Heat Not Interested in Trading Andrew Wiggins appeared first on The Sports Daily.",https://thesportsdaily.org/news/heat-not-interested-in-trading-andrew-wiggins/,https://thesportsdaily.org/wp-content/uploads/2023/04/Golden-State-Warriors-forward-Andrew-Wiggins.jpg,2025-09-18T04:08:24Z,"Andrew Wiggins has been the subject of trade speculation for the last couple of weeks. The veteran wing has been linked to the Los Angeles Lakers in multiple rumors. However, the Miami Heat have no i… [+2250 chars]",sports
"{'id': None, 'name': 'New Zealand Herald'}",Cameron Smith,"Outlook grim for Kitchen Things creditors owed $16.6m, company on brink of liquidation",More than 390 creditors are wanting money from Kitchen Things and its related entities.,https://www.nzherald.co.nz/business/outlook-grim-for-kitchen-things-creditors-owed-166m-company-on-brink-of-liquidation/7ESMXNH5XVCBDGBSW5QTOLAORU/,https://www.nzherald.co.nz/resizer/v2/LYZWHXLT6BDUNE4ASXGRUWMUQ4.jpg?auth=35769e1eca06527cb14efb00946268d3345b3bb7b7af96814ef23a6a634ad8ae&width=1200&height=675&quality=70&focal=3423%2C2344&smart=false,2025-09-18T04:08:09Z,"On the basis that no party has proposed a deed of company arrangement [Doca] and the companies remain insolvent, it is the administrators current opinion that it would be in creditors interests for l… [+1757 chars]",sports
"{'id': None, 'name': '9to5Mac'}",Marcus Mendes,Meta presents its first screen-equipped smart glasses,"Following a very well-timed video leak earlier this week, Meta announced tonight its new lineup of smart glasses, including the Meta Ray-Ban Display. Here are the details.



 more…",https://9to5mac.com/2025/09/17/meta-ray-ban-display-event/,https://i0.wp.com/9to5mac.com/wp-content/uploads/sites/6/2025/09/meta-ray-ban-display.jpg?resize=1200%2C628&quality=82&strip=all&ssl=1,2025-09-18T04:07:49Z,"Following a very well-timed video leak earlier this week, Meta announced tonight its new lineup of smart glasses, including the Meta Ray-Ban Display. Here are the details.
During the keynote of Meta… [+2491 chars]",sports
"{'id': None, 'name': 'Biztoc.com'}",digiday.com,How EssentiallySports’ creator program benefits both sides of the equation,"As creators rise, publishers are finding that they can partner with creators to produce original content and generate value for both sides of the equation.
Over the past year, the sports news publication EssentiallySports has employed creators to make in-hous…",https://biztoc.com/x/26fcaf00947bf839,https://biztoc.com/cdn/950/og.png,2025-09-18T04:02:28Z,"As creators rise, publishers are finding that they can partner with creators to produce original content and generate value for both sides of the equation.Over the past year, the sports news publicat… [+145 chars]",sports
"{'id': None, 'name': 'Dumblittleman.com'}",Trevor Fields,Thanksgiving Day Movies To Keep The Cozy Vibes Alive,"Thanksgiving is about more than just food—it’s a whole vibe. Sure, Thanksgiving dinner takes center stage with turkey, stuffing, and pumpkin pie, but what really carries the cozy energy after the Macy’s Thanksgiving Day Parade ends? Thanksgiving day movies. T…",https://www.dumblittleman.com/thanksgiving-day-movies/,https://www.dumblittleman.com/wp-content/uploads/2025/09/1.-Charlie-Brown.jpg,2025-09-18T04:01:28Z,"Thanksgiving is about more than just foodits a whole vibe. Sure, Thanksgiving dinner takes center stage with turkey, stuffing, and pumpkin pie, but what really carries the cozy energy after the Macys… [+27562 chars]",sports
"{'id': None, 'name': 'Lookout Landing'}",Isabelle Minasian,"Mariners winning streak ends, but a new fandom begins","The Mariners end a 10-game winning streak, but for a young fan in Kansas City his baseball journey is just beginning.",https://www.lookoutlanding.com/game-recap/134465/mariners-winning-streak-ends-but-a-new-fandom-begins,https://platform.lookoutlanding.com/wp-content/uploads/sites/101/2025/09/gettyimages-2235441641.jpg?quality=90&strip=all&crop=0%2C10.732984293194%2C100%2C78.534031413613&w=1200,2025-09-18T04:01:23Z,"Dear Eli,
Welcome to Mariners fandom! How lucky for all of us that the figurine in your Easter basket figurine pack happened to be Cal Raleigh, and that you took that as your excuse to adopt the Ms … [+3531 chars]",sports
"{'id': None, 'name': 'Digiday'}",Alexander Lee,How EssentiallySports’ creator program benefits both sides of the equation,"Over the past year, sports news publication EssentiallySports has employed creators to make in-house video and editorial content around major tentpole sporting events — and thus far, the experiment has paid off.",http://digiday.com/media/how-essentiallysports-creator-program-benefits-both-sides-of-the-equation/,https://digiday.com/wp-content/uploads/sites/3/2021/01/athlete-influencer.jpg,2025-09-18T04:01:00Z,"This article is part of Digiday’s coverage of its Digiday Publishing Summit. More from the series →As creators rise, publishers are finding that they can partner with creators to produce original con… [+3352 chars]",sports
"{'id': None, 'name': 'Yahoo Entertainment'}","Matt Harmon,Nate Tice","Week 3 Fantasy Film Room: New Offensive play callers off to good, bad and UGLY starts so far",It’s another edition of the Fantasy Film Room as Nate Tice joins Matt Harmon to check in on all the new OCs and play callers around the league through two weeks. The two do a deep dive on Ben Johnson and Liam Coen so far and what’s working and what’s not in e…,https://sports.yahoo.com/fantasy/article/week-3-fantasy-film-room-new-offensive-play-callers-off-to-good-bad-and-ugly-starts-so-far-040024676.html,https://s.yimg.com/ny/api/res/1.2/.apeo.ELEzuujbV0dh.j0g--/YXBwaWQ9aGlnaGxhbmRlcjt3PTEyMDA7aD02NzU7Y2Y9d2VicA--/https://s.yimg.com/os/creatr-uploaded-images/2025-09/ed4e5d70-93f2-11f0-97ff-33a37f798309,2025-09-18T04:00:24Z,Its another edition of the Fantasy Film Room as Nate Tice joins Matt Harmon to check in on all the new OCs and play callers around the league through two weeks. The two do a deep dive on Ben Johnson … [+932 chars],sports
"{'id': None, 'name': 'Bavarian Football Works'}",CSmith1919,"Daily Schmankerl: The aftermath of Bayern Munich vs. Chelsea in the Champions League; Bayern battling Liverpool, Manchester City, Chelsea, Real Madrid, FC Barcelona, Inter Milan, and Juventus for Marc Guéhi; Harry Kane touts Lamine Yamal; and MORE!","Die Folgen: Bayern’s 3-1 victory over Chelsea (Bavarian Football Works) Bayern Munich hosted Chelsea in what looked to be one of the most highly-anticipated match-ups on the docket for the day. After an initial feeling-out process, Bayern Munich took control …",https://www.bavarianfootballworks.com/transfer-rumors/137522/bayern-munich-chelsea-champions-league-liverpool-manchester-city-real-madrid-fc-barcelona-inter-milan-juventus,"https://platform.bavarianfootballworks.com/wp-content/uploads/sites/24/2025/07/logo-bavarianfootballworks_e99889.png?quality=90&strip=all&crop=0.021666666666668,0,99.956666666667,100",2025-09-18T04:00:00Z,"Bayern Munich hosted Chelsea in what looked to be one of the most highly-anticipated match-ups on the docket for the day.
After an initial feeling-out process, Bayern Munich took control of the matc… [+10140 chars]",sports
"{'id': None, 'name': 'Americanthinker.com'}",,The demon in dysphoria,"As the transgender debacle spirals into greater chaos in the wake of Charlie Kirk’s murder, the time is ripe to openly discuss its absurdity before more children are inculcated into this dangerous delusion.  Simple logic debunks the p...",https://www.americanthinker.com/blog/2025/09/the_demon_in_dysphoria.html,https://images.americanthinker.com/imported/2023-03/244401_800.jpg,2025-09-18T04:00:00Z,"As the transgender debacle spirals into greater chaos in the wake of Charlie Kirk’s murder, the time is ripe to openly discuss its absurdity before more children are inculcated into this dangerous de… [+5123 chars]",sports
"{'id': None, 'name': 'Americanthinker.com'}",,How to Deal With University Ghouls,"Photo Credit:
 
 AT via Magic StudioUniversity humanities departments have become loci of ideological lunacy that indoctrinates and radicalizes young people with unhinged violent left-wing retardation and terrorism, and it’s become a genuine national emergenc…",https://www.americanthinker.com/articles/2025/09/how_to_deal_with_university_ghouls.html,https://images.americanthinker.com/wg/wgnyagzxdkid4gpnoxcq_800.jpg,2025-09-18T04:00:00Z,"For 40 years I’ve been on the college campus, first as a student, then as a doctoral candidate and teaching assistant, and then as a professor. I'm appalled and thoroughly disgusted by the number of … [+7815 chars]",sports
"{'id': None, 'name': 'CBS Sports'}",Austin Nivison,LaNorris Sellers injury update: South Carolina QB listed as questionable for Week 4 matchup vs. Missouri,Sellers was knocked out of the Vanderbilt game just before halftime,https://www.cbssports.com/college-football/news/lanorris-sellers-injury-update-south-carolina-qb-listed-as-questionable-for-week-4-matchup-vs-missouri/,https://sportshub.cbsistatic.com/i/r/2025/09/18/de3ed5c6-8e90-45f3-86fc-0797539070e1/thumbnail/1200x675/8f15e985316a4b8441f52695e14b3463/gettyimages-2232483246-2.jpg,2025-09-18T03:55:41Z,South Carolina didn't provide much clarity on the status of star quarterback LaNorris Sellers with its first injury report of the week on Wednesday night. Sellers is listed as questionable for the Ga… [+1780 chars],sports
"{'id': 'bloomberg', 'name': 'Bloomberg'}",Bloomberg,"Meta launches Ray-Ban smart glasses with AI and display, priced at $799","While users can still swipe along the frame as with previous models, the primary interface is now hand gestures, detected by a neural wristband strapped around the wearer’s dominant hand",https://www.bloomberg.com/news/articles/2025-09-18/meta-launches-799-glasses-with-screen-in-bid-for-mainstream-hit,https://bl-i.thgim.com/public/incoming/ra8157/article70064163.ece/alternates/LANDSCAPE_1200/439924776.jpg,2025-09-18T03:48:55Z,"Meta Platforms Inc., seeking to turn its smart glasses lineup into a must-have product, on Wednesday unveiled its first version with a built-in screen.
The latest model, the $799 Meta Ray-Ban Displa… [+9967 chars]",sports
"{'id': None, 'name': 'Yahoo Entertainment'}",EDDIE PELLS,"Back on track after her four-year 'Burrito Ban,' Shelby Houlihan looks to make up for lost time","America’s reigning 5,000-meter champion, Shelby Houlihan, used what is now known, infamously, as her “Burrito Ban” to scratch some things off her bucket list. “I thought, I didn’t have running to hold me back,” Houlihan said. Houlihan was entered in the 5,000…",https://sports.yahoo.com/article/back-track-her-four-burrito-034849353.html,https://s.yimg.com/ny/api/res/1.2/g4TcnjeboV1HPTF31Vq4DA--/YXBwaWQ9aGlnaGxhbmRlcjt3PTEyMDA7aD04MDA7Y2Y9d2VicA--/https://media.zenfs.com/en/ap.org/14384baa75d3fcc8941594d7d55a6970,2025-09-18T03:48:49Z,"TOKYO (AP) For stretches of her four long years in running purgatory, the poster child for a drug-fighting system in sports that nobody truly understands was as likely to be seen driving her 71 VW mi… [+5275 chars]",sports
"{'id': None, 'name': 'Sporting News'}",Kevin McCormick,Mavericks' Cooper Flagg focusing on key area in offseason training,Cooper Flagg working hard to get his body right.,https://www.sportingnews.com/us/nba/dallas-mavericks/news/mavericks-cooper-flagg-focusing-key-area-offseason-training/7b6fe1febc2526d9b468deb9,https://library.sportingnews.com/styles/crop_style_16_9_desktop_webp/s3/2025-07/Cooper%20Flagg%20Dallas%20Mavericks_0.jpg.webp?itok=_zElnvPo,2025-09-18T03:47:53Z,"During the 2025 NBA draft lottery, the Dallas Mavericks' future changed dramatically in the blink of an eye. Months after trading to Luka Doncic, they landed the No. 1 pick despite historically minim… [+1861 chars]",sports
"{'id': None, 'name': 'Burnt Orange Nation'}",SB Nation,Longhorns Daily News: Does Texas football have an ‘Arch issue?’,"The college football world has yet to let up on Texas Longhorns quarterback Arch Manning. It comes as no surprise if Manning’s weekly stat lines look like his numbers against UTEP: 11-for-25 in passing completions and one passing touchdown, plus two rushing t…",https://www.burntorangenation.com/general/96127/longhorns-daily-news-does-texas-football-have-an-arch-issue,https://s.yimg.com/ny/api/res/1.2/HhMIp9IROj0DthmuwyyRLw--/YXBwaWQ9aGlnaGxhbmRlcjt3PTEyMDA7aD0xODAwO2NmPXdlYnA-/https://media.zenfs.com/en/sb_nation_articles_115/7a4c9e6e634c324ed05d47aa70c30ed5,2025-09-18T03:46:53Z,"The college football world has yet to let up on Texas Longhorns quarterback Arch Manning.
It comes as no surprise if Mannings weekly stat lines look like his numbers against UTEP: 11-for-25 in passi… [+4168 chars]",sports
"{'id': None, 'name': 'ZDNet'}",Jason Howell,"Meta Connect 2025 live updates: Ray-Ban Display, Oakley Vanguard glasses, more","Meta has unveiled its first display-enabled smart glasses, refreshed its Ray-Ban lineup, and launch several other things at Connect.",https://www.zdnet.com/article/meta-connect-2025-live-updates-ray-ban-display-oakley-vanguard-glasses-more/,https://www.zdnet.com/a/img/resize/e4fd749607d36e3f109519487b370bf0966aad79/2025/09/17/5f003e20-75ab-494c-bfb4-21298db81f5a/ray-ban-meta-gen2-01.jpg?auto=webp&fit=crop&height=675&width=1200,2025-09-18T03:43:00Z,"Kerry Wan/ZDNET
Follow ZDNET: Add us as a preferred source on Google.
Meta Connect 2025 is officially over, and it ended with Meta CEO Mark Zuckerberg and a large group of his peers literally runni… [+2333 chars]",sports
"{'id': 'newsweek', 'name': 'Newsweek'}",Evan Massey,Raiders' Ashton Jeanty Drops Strong Message About Role,Las Vegas Raiders rookie running back Ashton Jeanty spoke out strongly about his role.,https://www.newsweek.com/sports/nfl/raiders-ashton-jeanty-drops-strong-message-about-role-2131656,https://d.newsweek.com/en/full/2724875/ashton-jeanty.jpg,2025-09-18T03:37:30Z,"When the Las Vegas Raiders selected Ashton Jeanty with the No. 6 overall pick in the 2025 NFL Draft, it was expected they were getting a star. Many expected him to be a star right off the bat to begi… [+2835 chars]",sports
"{'id': None, 'name': 'Sporting News'}",Dana Becker,Vote: Who should be the top Midwest football player of the week (Sept. 8-13)?,Vote for the top individual performance in high school football from the Midwest,https://www.sportingnews.com/us/us-high-school/football/news/vote-who-should-be-top-midwest-football-player-week-sept-8-13/185f6f9164000f487dab5745,https://library.sportingnews.com/styles/crop_style_16_9_desktop_webp/s3/2025-08/USATSI_24122674.jpg.webp?itok=tRKwTgCC,2025-09-18T03:36:27Z,"Every week, someone on the high school football field does something that makes you stand up and take notice. It could be a 300-yard passing performance, or a 200-yard rushing performance or maybe ju… [+2507 chars]",sports
"{'id': None, 'name': 'NBCSports.com'}",,Navy All-American Bowl to Honor Rocky Mountain High School Offensive Lineman Jax Tanner,"The Navy All-American Bowl Road to the Dome tour will visit Rocky Mountain High School in Meridian, Idaho, on September 19th to recognize Jax Tanner as a 2026 Navy All-American.",https://www.nbcsports.com/college-football/navy-all-american-bowl/news/navy-all-american-bowl-to-honor-rocky-mountain-high-school-offensive-lineman-jax-tanner,https://nbcsports.brightspotcdn.com/dims4/default/a514a1d/2147483647/strip/true/crop/1920x1080+0+0/resize/1440x810!/quality/90/?url=https%3A%2F%2Fnbc-sports-production-nbc-sports.s3.us-east-1.amazonaws.com%2Fbrightspot%2F70%2Fa0%2Fde9e84204b50b4231151aaeda8f2%2Fjax-tanner.png,2025-09-18T03:36:03Z,"The Navy All-American Bowl Road to the Dome tour will visit Rocky Mountain High School in Meridian, Idaho, on September 19th to recognize Jax Tanner as a 2026 Navy All-American. Rocky Mountain High S… [+1589 chars]",sports
"{'id': None, 'name': 'Luminous-landscape.com'}",Swindy,Open Gate Cameras: Specialized Tool or Future Standard?,"What if the most significant change in camera technology comes down to how we frame the world? Open Gate cameras are experiencing explosive growth in...
The post Open Gate Cameras: Specialized Tool or Future Standard? appeared first on Luminous Landscape.",https://luminous-landscape.com/open-gate-cameras-specialized-tool-or-future-standard/,https://luminous-landscape.com/wp-content/uploads/2025/09/canon-eos.jpg,2025-09-18T03:34:25Z,"What if the most significant change in camera technology comes down to how we frame the world? Open Gate cameras are experiencing explosive growth in 2024-2025, challenging photography’s relationship… [+9105 chars]",sports
"{'id': None, 'name': 'Mmapayout.com'}",Jason Cruz,Italy gets WWE PLE upon joining Netflix streaming deal,"Nick Khan told Sports Business that Italy would host its first-ever WWE Premium Live Event in early 2026. The news comes as Italy will join Netflix’s WWE streaming deal. Recently, WWE announced that it will hold 2027’s Wrestlemania in Saudi Arabia. It will be…",https://mmapayout.com/2025/09/17/italy-gets-wwe-ple-upon-joining-netflix-streaming-deal/,,2025-09-18T03:33:16Z,"Nick Khan told Sports Business that Italy would host its first-ever WWE Premium Live Event in early 2026. 
The news comes as Italy will join Netflix’s WWE streaming deal. Recently, WWE announced tha… [+614 chars]",sports
"{'id': 'marca', 'name': 'Marca'}",marca.com,Tom Brady's Fox broadcast and Raiders stake don't rattle Sean Payton,"Around three years ago there was considerable buzz in the NFL world about a potential partnership between Sean Payton and Tom Brady. 

The Miami Dolphins had expressed interest in",https://www.marca.com/en/nfl/las-vegas-raiders/2025/09/18/68cb7bb146163f197c8b4609.html,https://e01-phantom-marca.uecdn.es/21476aba4165d969b83ce302b0da8fd4/crop/0x0/1980x1320/resize/1200/f/webp/assets/multimedia/imagenes/2025/07/14/17524549207919.jpg,2025-09-18T03:27:14Z,"Around three years ago there was considerable buzz in the NFL world about a potential partnership between Sean Payton and Tom Brady. 
The Miami Dolphins had expressed interest in bringing the two le… [+3055 chars]",sports
"{'id': None, 'name': 'CNET'}",Gael Cooper,"Today's NYT Mini Crossword Answers for Thursday, Sept. 18","Here's today's NYT Mini Crossword answer. These answers will help you solve New York Times' popular crossword game, Mini Crossword, every day!",https://www.cnet.com/tech/gaming/todays-nyt-mini-crossword-answers-for-thursday-sept-18/,https://www.cnet.com/a/img/resize/4a7dc34963db8f9a51abae1ab77ec99b498be36f/hub/2024/07/25/50d61b9b-1c76-4678-9a92-f6eca531f4a8/nyt-mini-crossword-234876.jpg?auto=webp&fit=crop&height=675&width=1200,2025-09-18T03:25:13Z,"Looking for the most recent Mini Crossword answer? Click here for today's Mini Crossword hints, as well as our daily answers and hints for The New York Times Wordle, Strands, Connections and Connecti… [+1250 chars]",sports
"{'id': None, 'name': 'fox6now.com'}",Associated Press,"Brewers beat Angels; rested Woodruff has solid start, Perkins drives in 5",The Milwaukee Brewers scored a 9-2 win over the Los Angeles Angels on Wednesday night.,https://www.fox6now.com/sports/brewers-angels-score-091725,https://images.foxtv.com/static.fox6now.com/www.fox6now.com/content/uploads/2025/09/1280/720/gettyimages-2236003731-scaled-e1758162989720.jpg?ve=1&tl=1,2025-09-18T03:15:25Z,"MILWAUKEE - Brandon Woodruff pitched five solid innings, Sal Frelick hit a three-run homer and Blake Perkins tied a career high with five RBIs to lead the Milwaukee Brewers to a 9-2 win over the Los … [+1575 chars]",sports
"{'id': None, 'name': 'Android Police'}",Chandra Steele,Meta's smart glasses: Innovative features fail live demos,"Meta's latest Ray-Ban smart glasses showcase impressive features like Conversation Focus and Live AI, but stumble in live demos at Meta Connect 2025. Despite glitches, the glasses offer valuable accessibility features and maintain Meta's lead in the smart gla…",https://www.androidpolice.com/metas-latest-ray-bans-bomb-their-live-demo-but-hold-promise/,https://static0.anpoimages.com/wordpress/wp-content/uploads/2025/09/ray-ban-meta-display-glasses-clip-leak.jpg?w=1600&h=900&fit=crop,2025-09-18T03:15:07Z,"Meta Connect 2025 started out on Wednesday night with Mark Zuckerberg donning Metas latest pair of Ray-Ban smart glasses and then switched to ""Marks POV"" as we saw his view from the lens display. You… [+6905 chars]",sports
"{'id': None, 'name': 'Slashdot.org'}",feedfeeder,"Fantasy Football WR Report: Man, zone coverage performance ahead of NFL Week 3 - PFF","Fantasy Football WR Report: Man, zone coverage performance ahead of NFL Week 3PFF NFL Fantasy 2025 Start 'Em, Sit 'Em: Wide receivers for Week 3NFL.com Fantasy Football Week 3 lineup decisions: Who to start, who to sit, must-start plays, flex plays and moreCB…",https://slashdot.org/firehose.pl?op=view&amp;id=179337326,,2025-09-18T03:12:17Z,The Fine Print: The following comments are owned by whoever posted them. We are not responsible for them in any way.,sports
"{'id': None, 'name': 'Sporting News'}",Buck Ringgold,Vote: Who should be the top individual Tennessee high school football performer from Week 4 (Sept. 8-14)?,"Choose who was the best player in the ""Volunteer State"" this past week",https://www.sportingnews.com/us/us-high-school/news/vote-who-should-be-top-individual-tennessee-high-school-football-performer-week-4-sept-8-14/5d03beaebfb9b42f3dd3db50,https://library.sportingnews.com/styles/crop_style_16_9_desktop_webp/s3/2025-09/tay%20starks%20-%20munford%20.jpg.webp?itok=fzv3lGto,2025-09-18T03:11:33Z,"It was another week in Tennessee high school football full of key performers making an impact for their respective squads.
Heres a look at those top individual performances from Week 4. Also, reader… [+4932 chars]",sports
"{'id': None, 'name': 'Benzinga'}",Paula Tudoran,BlackRock-Backed Minute Media Buys $250M Indian AI Startup That Turns Sports Into Instant Viral Content,,https://www.benzinga.com/news/topics/25/09/47730177/blackrock-backed-minute-media-buys-250m-indian-ai-startup-that-turns-sports-into-instant-viral-content,https://cdn.benzinga.com/files/images/story/2025/09/17/Sports-and-Finance.jpeg?width=1200&height=800&fit=crop,2025-09-18T03:01:14Z,"Media startup Minute Media, backed by BlackRockBLK and Goldman Sachs GS is betting big on that trend with its Sept. 9 acquisition of VideoVerse, an Indian AI company valued between $200 million and $… [+3462 chars]",sports
"{'id': None, 'name': 'ETF Daily News'}",MarketBeat News,KANZHUN LIMITED Sponsored ADR (NASDAQ:BZ) Receives $21.17 Consensus PT from Brokerages,"KANZHUN LIMITED Sponsored ADR (NASDAQ:BZ – Get Free Report) has been given an average rating of “Buy” by the eight ratings firms that are currently covering the company, MarketBeat Ratings reports. One investment analyst has rated the stock with a hold recomm…",https://www.etfdailynews.com/2025/09/18/kanzhun-limited-sponsored-adr-nasdaqbz-receives-21-17-consensus-pt-from-brokerages/,https://www.americanbankingnews.com/wp-content/timthumb/timthumb.php?src=https://www.marketbeat.com/logos/kanzhun-limited-logo-1200x675.jpg?v=20240424093447&w=240&h=240&zc=2,2025-09-18T06:48:52Z,"KANZHUN LIMITED Sponsored ADR (NASDAQ:BZ – Get Free Report) has been given an average rating of “Buy” by the eight ratings firms that are currently covering the company, MarketBeat Ratings reports. O… [+3549 chars]",business
"{'id': None, 'name': 'ETF Daily News'}",MarketBeat News,"OnKure Therapeutics, Inc. (NASDAQ:OKUR) Receives $32.33 Consensus Target Price from Brokerages","OnKure Therapeutics, Inc. (NASDAQ:OKUR – Get Free Report) has earned a consensus rating of “Buy” from the seven ratings firms that are covering the stock, MarketBeat.com reports. One investment analyst has rated the stock with a hold recommendation, four have…",https://www.etfdailynews.com/2025/09/18/onkure-therapeutics-inc-nasdaqokur-receives-32-33-consensus-target-price-from-brokerages/,https://www.americanbankingnews.com/wp-content/timthumb/timthumb.php?src=https://www.marketbeat.com/logos/onkure-therapeutics-logo-1200x675.png?v=20241030165807&w=240&h=240&zc=2,2025-09-18T06:48:52Z,"OnKure Therapeutics, Inc. (NASDAQ:OKUR – Get Free Report) has earned a consensus rating of “Buy” from the seven ratings firms that are covering the stock, MarketBeat.com reports. One investment analy… [+3035 chars]",business
"{'id': None, 'name': 'ETF Daily News'}",MarketBeat News,Journey Medical Corporation (NASDAQ:DERM) Receives $12.17 Consensus Target Price from Analysts,"Journey Medical Corporation (NASDAQ:DERM – Get Free Report) has received a consensus recommendation of “Moderate Buy” from the four research firms that are covering the company, Marketbeat.com reports. One investment analyst has rated the stock with a sell ra…",https://www.etfdailynews.com/2025/09/18/journey-medical-corporation-nasdaqderm-receives-12-17-consensus-target-price-from-analysts/,https://www.americanbankingnews.com/wp-content/timthumb/timthumb.php?src=https://www.marketbeat.com/logos/journey-medical-corporation-logo-1200x675.gif?v=20240202133303&w=240&h=240&zc=2,2025-09-18T06:48:52Z,"Journey Medical Corporation (NASDAQ:DERM – Get Free Report) has received a consensus recommendation of “Moderate Buy” from the four research firms that are covering the company, Marketbeat.com report… [+3778 chars]",business
"{'id': None, 'name': 'ETF Daily News'}",MarketBeat News,"Analysts Set Kiniksa Pharmaceuticals International, plc (NASDAQ:KNSA) PT at $41.17","Shares of Kiniksa Pharmaceuticals International, plc (NASDAQ:KNSA – Get Free Report) have been given an average recommendation of “Buy” by the six research firms that are presently covering the stock, MarketBeat.com reports. Six equities research analysts hav…",https://www.etfdailynews.com/2025/09/18/analysts-set-kiniksa-pharmaceuticals-international-plc-nasdaqknsa-pt-at-41-17/,https://www.americanbankingnews.com/wp-content/timthumb/timthumb.php?src=https://www.marketbeat.com/logos/kiniksa-pharmaceuticals-ltd-logo-1200x675.png?v=20240521114246&w=240&h=240&zc=2,2025-09-18T06:48:51Z,"Shares of Kiniksa Pharmaceuticals International, plc (NASDAQ:KNSA – Get Free Report) have been given an average recommendation of “Buy” by the six research firms that are presently covering the stock… [+6389 chars]",business
"{'id': None, 'name': 'ETF Daily News'}",MarketBeat News,Head to Head Survey: American Superconductor (NASDAQ:AMSC) & Allient (NASDAQ:ALNT),"American Superconductor (NASDAQ:AMSC – Get Free Report) and Allient (NASDAQ:ALNT – Get Free Report) are both computer and technology companies, but which is the superior business? We will contrast the two businesses based on the strength of their institutiona…",https://www.etfdailynews.com/2025/09/18/head-to-head-survey-american-superconductor-nasdaqamsc-allient-nasdaqalnt/,https://www.americanbankingnews.com/wp-content/timthumb/timthumb.php?src=https://www.marketbeat.com/logos/allient-inc-logo-1200x675.png?v=20230828132444&w=240&h=240&zc=2,2025-09-18T06:48:50Z,"American Superconductor (NASDAQ:AMSC – Get Free Report) and Allient (NASDAQ:ALNT – Get Free Report) are both computer and technology companies, but which is the superior business? We will contrast th… [+6264 chars]",business
"{'id': None, 'name': 'ETF Daily News'}",MarketBeat News,WK Kellogg Co. (NYSE:KLG) Given Average Rating of “Reduce” by Analysts,"Shares of WK Kellogg Co. (NYSE:KLG – Get Free Report) have been assigned a consensus recommendation of “Reduce” from the ten analysts that are presently covering the firm, MarketBeat reports. Two analysts have rated the stock with a sell recommendation and ei…",https://www.etfdailynews.com/2025/09/18/wk-kellogg-co-nyseklg-given-average-rating-of-reduce-by-analysts/,https://www.americanbankingnews.com/wp-content/timthumb/timthumb.php?src=https://www.marketbeat.com/logos/wk-kellogg-co-logo-1200x675.jpg?v=20231003064905&w=240&h=240&zc=2,2025-09-18T06:48:50Z,"Shares of WK Kellogg Co. (NYSE:KLG – Get Free Report) have been assigned a consensus recommendation of “Reduce” from the ten analysts that are presently covering the firm, MarketBeat reports. Two ana… [+4557 chars]",business
"{'id': None, 'name': 'ETF Daily News'}",MarketBeat News,Alta Equipment Group Inc. (NYSE:ALTG) Receives $11.25 Consensus Target Price from Brokerages,"Alta Equipment Group Inc. (NYSE:ALTG – Get Free Report) has earned a consensus recommendation of “Buy” from the five research firms that are presently covering the stock, Marketbeat.com reports. Two investment analysts have rated the stock with a hold recomme…",https://www.etfdailynews.com/2025/09/18/alta-equipment-group-inc-nysealtg-receives-11-25-consensus-target-price-from-brokerages/,https://www.americanbankingnews.com/wp-content/timthumb/timthumb.php?src=https://www.marketbeat.com/logos/alta-equipment-group-inc-logo-1200x675.png?v=20240529085103&w=240&h=240&zc=2,2025-09-18T06:48:50Z,"Alta Equipment Group Inc. (NYSE:ALTG – Get Free Report) has earned a consensus recommendation of “Buy” from the five research firms that are presently covering the stock, Marketbeat.com reports. Two … [+4230 chars]",business
"{'id': None, 'name': 'ETF Daily News'}",MarketBeat News,Critical Review: Franklin Financial Services (NASDAQ:FRAF) & Provident Bancorp (NASDAQ:PVBC),"Franklin Financial Services (NASDAQ:FRAF – Get Free Report) and Provident Bancorp (NASDAQ:PVBC – Get Free Report) are both small-cap finance companies, but which is the superior business? We will contrast the two businesses based on the strength of their inst…",https://www.etfdailynews.com/2025/09/18/critical-review-franklin-financial-services-nasdaqfraf-provident-bancorp-nasdaqpvbc/,https://www.americanbankingnews.com/wp-content/timthumb/timthumb.php?src=https://www.marketbeat.com/logos/provident-bancorp-inc-logo-1200x675.jpg?v=20240524114424&w=240&h=240&zc=2,2025-09-18T06:48:50Z,"Franklin Financial Services (NASDAQ:FRAF – Get Free Report) and Provident Bancorp (NASDAQ:PVBC – Get Free Report) are both small-cap finance companies, but which is the superior business? We will con… [+5286 chars]",business
"{'id': None, 'name': 'ETF Daily News'}",MarketBeat News,Head-To-Head Analysis: Smith Douglas Homes (NYSE:SDHC) versus Anywhere Real Estate (NYSE:HOUS),"Smith Douglas Homes (NYSE:SDHC – Get Free Report) and Anywhere Real Estate (NYSE:HOUS – Get Free Report) are both small-cap finance companies, but which is the superior stock? We will contrast the two businesses based on the strength of their analyst recommen…",https://www.etfdailynews.com/2025/09/18/head-to-head-analysis-smith-douglas-homes-nysesdhc-versus-anywhere-real-estate-nysehous/,https://www.americanbankingnews.com/wp-content/timthumb/timthumb.php?src=https://www.marketbeat.com/logos/anywhere-real-estate-inc-logo-1200x675.jpg?v=20240529090716&w=240&h=240&zc=2,2025-09-18T06:48:49Z,"Smith Douglas Homes (NYSE:SDHC – Get Free Report) and Anywhere Real Estate (NYSE:HOUS – Get Free Report) are both small-cap finance companies, but which is the superior stock? We will contrast the tw… [+5274 chars]",business
"{'id': None, 'name': 'ETF Daily News'}",MarketBeat News,Brokerages Set Westrock Coffee Company (NASDAQ:WEST) PT at $10.60,"Westrock Coffee Company (NASDAQ:WEST – Get Free Report) has received a consensus recommendation of “Buy” from the five brokerages that are currently covering the stock, Marketbeat.com reports. Five investment analysts have rated the stock with a buy rating. T…",https://www.etfdailynews.com/2025/09/18/brokerages-set-westrock-coffee-company-nasdaqwest-pt-at-10-60/,https://www.americanbankingnews.com/wp-content/timthumb/timthumb.php?src=https://www.marketbeat.com/logos/westrock-coffee-logo-1200x675.png?v=20240523131138&w=240&h=240&zc=2,2025-09-18T06:48:49Z,"Westrock Coffee Company (NASDAQ:WEST – Get Free Report) has received a consensus recommendation of “Buy” from the five brokerages that are currently covering the stock, Marketbeat.com reports. Five i… [+4154 chars]",business
"{'id': None, 'name': 'ETF Daily News'}",MarketBeat News,"Analysts Set BrightView Holdings, Inc. (NYSE:BV) Target Price at $17.98","BrightView Holdings, Inc. (NYSE:BV – Get Free Report) has received a consensus recommendation of “Moderate Buy” from the six research firms that are currently covering the firm, Marketbeat Ratings reports. One analyst has rated the stock with a sell rating, o…",https://www.etfdailynews.com/2025/09/18/analysts-set-brightview-holdings-inc-nysebv-target-price-at-17-98/,https://www.americanbankingnews.com/wp-content/timthumb/timthumb.php?src=https://www.marketbeat.com/logos/brightview-holdings-inc-logo-1200x675.png?v=20240503121325&w=240&h=240&zc=2,2025-09-18T06:48:49Z,"BrightView Holdings, Inc. (NYSE:BV – Get Free Report) has received a consensus recommendation of “Moderate Buy” from the six research firms that are currently covering the firm, Marketbeat Ratings re… [+4705 chars]",business
"{'id': None, 'name': 'ETF Daily News'}",MarketBeat News,Reviewing Wells Fargo & Company (NYSE:WFC) and The Goldman Sachs Group (NYSE:GS),"Wells Fargo & Company (NYSE:WFC – Get Free Report) and The Goldman Sachs Group (NYSE:GS – Get Free Report) are both large-cap finance companies, but which is the better investment? We will compare the two companies based on the strength of their analyst recom…",https://www.etfdailynews.com/2025/09/18/reviewing-wells-fargo-company-nysewfc-and-the-goldman-sachs-group-nysegs/,https://www.americanbankingnews.com/wp-content/timthumb/timthumb.php?src=https://www.marketbeat.com/logos/goldman-sachs-logo-1200x675.gif&w=240&h=240&zc=2,2025-09-18T06:48:49Z,"Wells Fargo &amp; Company (NYSE:WFC – Get Free Report) and The Goldman Sachs Group (NYSE:GS – Get Free Report) are both large-cap finance companies, but which is the better investment? We will compar… [+7464 chars]",business
"{'id': None, 'name': 'ETF Daily News'}",MarketBeat News,PrairieSky Royalty Ltd. (TSE:PSK) Given Average Rating of “Moderate Buy” by Analysts,"Shares of PrairieSky Royalty Ltd. (TSE:PSK – Get Free Report) have been assigned an average rating of “Moderate Buy” from the seven brokerages that are presently covering the firm, Marketbeat reports. Four equities research analysts have rated the stock with …",https://www.etfdailynews.com/2025/09/18/prairiesky-royalty-ltd-tsepsk-given-average-rating-of-moderate-buy-by-analysts/,https://www.americanbankingnews.com/wp-content/timthumb/timthumb.php?src=https://www.marketbeat.com/logos/prairiesky-royalty-ltd-logo-1200x675.jpg&w=240&h=240&zc=2,2025-09-18T06:48:49Z,"Shares of PrairieSky Royalty Ltd. (TSE:PSK – Get Free Report) have been assigned an average rating of “Moderate Buy” from the seven brokerages that are presently covering the firm, Marketbeat reports… [+2461 chars]",business
"{'id': None, 'name': 'ETF Daily News'}",MarketBeat News,VSE (NASDAQ:VSEC) Now Covered by Analysts at Stifel Nicolaus,Stock analysts at Stifel Nicolaus assumed coverage on shares of VSE (NASDAQ:VSEC – Get Free Report) in a research report issued to clients and investors on Tuesday. The firm set a “buy” rating and a $199.00 price target on the construction company’s stock. St…,https://www.etfdailynews.com/2025/09/18/vse-nasdaqvsec-now-covered-by-analysts-at-stifel-nicolaus/,https://www.americanbankingnews.com/wp-content/timthumb/timthumb.php?src=https://www.marketbeat.com/logos/vse-co-logo-1200x675.png?v=20240503125157&w=240&h=240&zc=2,2025-09-18T06:46:49Z,Stock analysts at Stifel Nicolaus assumed coverage on shares of VSE (NASDAQ:VSEC – Get Free Report) in a research report issued to clients and investors on Tuesday. The firm set a “buy” rating and a … [+3672 chars],business
"{'id': None, 'name': 'ETF Daily News'}",MarketBeat News,Super Micro Computer (NASDAQ:SMCI) Stock Rating Upgraded by Sanford C. Bernstein,"Super Micro Computer (NASDAQ:SMCI – Get Free Report) was upgraded by equities researchers at Sanford C. Bernstein to a “hold” rating in a note issued to investors on Tuesday,Zacks.com reports. Other equities analysts have also recently issued research reports…",https://www.etfdailynews.com/2025/09/18/super-micro-computer-nasdaqsmci-stock-rating-upgraded-by-sanford-c-bernstein/,https://www.americanbankingnews.com/wp-content/timthumb/timthumb.php?src=https://www.marketbeat.com/logos/super-micro-computer-inc-logo-1200x675.png?v=20240102162614&w=240&h=240&zc=2,2025-09-18T06:46:47Z,"Super Micro Computer (NASDAQ:SMCI – Get Free Report) was upgraded by equities researchers at Sanford C. Bernstein to a “hold” rating in a note issued to investors on Tuesday,Zacks.com reports.
Other… [+5388 chars]",business
"{'id': None, 'name': 'ETF Daily News'}",MarketBeat News,Zoom Communications (NASDAQ:ZM) Stock Rating Upgraded by Dbs Bank,"Zoom Communications (NASDAQ:ZM – Get Free Report) was upgraded by equities researchers at Dbs Bank to a “moderate buy” rating in a research note issued to investors on Tuesday,Zacks.com reports. A number of other research firms have also recently commented on…",https://www.etfdailynews.com/2025/09/18/zoom-communications-nasdaqzm-stock-rating-upgraded-by-dbs-bank/,https://www.americanbankingnews.com/wp-content/timthumb/timthumb.php?src=https://www.marketbeat.com/logos/zoom-video-communications-inc-logo-1200x675.jpg?v=20200918133821&w=240&h=240&zc=2,2025-09-18T06:46:47Z,"Zoom Communications (NASDAQ:ZM – Get Free Report) was upgraded by equities researchers at Dbs Bank to a “moderate buy” rating in a research note issued to investors on Tuesday,Zacks.com reports.
A n… [+4753 chars]",business
"{'id': None, 'name': 'ETF Daily News'}",MarketBeat News,Red Rock Resorts (NASDAQ:RRR) Upgraded at Zacks Research,"Zacks Research upgraded shares of Red Rock Resorts (NASDAQ:RRR – Free Report) from a hold rating to a strong-buy rating in a research note published on Monday morning,Zacks.com reports. Zacks Research also issued estimates for Red Rock Resorts’ Q2 2026 earnin…",https://www.etfdailynews.com/2025/09/18/red-rock-resorts-nasdaqrrr-upgraded-at-zacks-research/,https://www.americanbankingnews.com/wp-content/timthumb/timthumb.php?src=https://www.marketbeat.com/logos/red-rock-resorts-inc-logo.png?v=20240424113951&w=240&h=240&zc=2,2025-09-18T06:46:47Z,"Zacks Research upgraded shares of Red Rock Resorts (NASDAQ:RRR – Free Report) from a hold rating to a strong-buy rating in a research note published on Monday morning,Zacks.com reports. Zacks Researc… [+6450 chars]",business
"{'id': 'the-times-of-india', 'name': 'The Times of India'}",K R Balasubramanyam,"Infosys resumes hiring women on a career break, offers rewards to employees for successful referrals",Infosys has launched Restart With Infosys — a hiring program for women professionals to resume their careers after a break. Candidates need two years of experience and a six-month break. The program offers mentorship and skill development. Referrals get rewar…,https://economictimes.indiatimes.com/tech/information-tech/infosys-resumes-hiring-women-on-a-career-break-offers-rewards-to-employees-for-successful-referrals/articleshow/123966757.cms,"https://img.etimg.com/thumb/width-1200,height-900,imgsize-61262,resizemode-75,msid-123966757/tech/information-tech/infosys-resumes-hiring-women-on-a-career-break-offers-rewards-to-employees-for-successful-referrals.jpg",2025-09-18T06:45:36Z,"Software services major Infosys has rolled out the latest edition of its women-specific hiring program, called Restart With Infosys. The initiative targets women professionals on a break who are keen… [+3034 chars]",business
"{'id': None, 'name': 'BusinessLine'}",PTI,ED conducts searches at 13 premises of B C Jindal Group,The ED is investigating suspected FEMA violations by the group entities of the company such as Jindal India Thermal Power Ltd and Jindal India Powertech Ltd,https://www.thehindubusinessline.com/companies/ed-conducts-searches-at-13-premises-of-b-c-jindal-group/article70064575.ece,https://bl-i.thgim.com/public/incoming/3isss1/article70064583.ece/alternates/LANDSCAPE_1200/2025-05-02T084052Z_1544305033_RC2J9EAF3TWS_RTRMADP_3_BHUSHAN-STEEL-LIQUIDATION-JSW-STEEL.JPG,2025-09-18T06:43:49Z,"The Enforcement Directorate (ED) on Thursday conducted searches against the B C Jindal Group of companies on charges of violation of the foreign exchange law, official sources said.
They said at lea… [+680 chars]",business
"{'id': None, 'name': 'ETF Daily News'}",MarketBeat News,Barclays Reaffirms Neutral Rating for ASML (NASDAQ:ASML),"ASML (NASDAQ:ASML – Get Free Report)‘s stock had its “neutral” rating reaffirmed by equities research analysts at Barclays in a research note issued on Tuesday,MarketScreener reports. Several other research analysts also recently issued reports on ASML. Arete…",https://www.etfdailynews.com/2025/09/18/barclays-reaffirms-neutral-rating-for-asml-nasdaqasml/,https://www.americanbankingnews.com/wp-content/timthumb/timthumb.php?src=https://www.marketbeat.com/logos/asml-holding-nv-logo-1200x675.png?v=20191022182407&w=240&h=240&zc=2,2025-09-18T06:42:42Z,"ASML (NASDAQ:ASML – Get Free Report)‘s stock had its “neutral” rating reaffirmed by equities research analysts at Barclays in a research note issued on Tuesday,MarketScreener reports.
Several other … [+4156 chars]",business
"{'id': None, 'name': 'Yahoo Entertainment'}",Reuters,Factbox-Australia’s biggest takeover deals that fell apart,A consortium led by Abu Dhabi National Oil Company on Wednesday withdrew its $18.7 billion offer to buy Australian gas producer Santos after months of...,https://finance.yahoo.com/news/factbox-australia-biggest-takeover-deals-064204002.html,https://media.zenfs.com/en/reuters-finance.com/7063e2796ffc0ebfbc6959fa03373dd2,2025-09-18T06:42:04Z,"(Reuters) -A consortium led by Abu Dhabi National Oil Company on Wednesday withdrew its $18.7 billion offer to buy Australian gas producer Santos after months of wrangling over valuation and terms.
… [+3027 chars]",business
"{'id': 'the-times-of-india', 'name': 'The Times of India'}",Ritesh Presswala,GK Energy IPO GMP at 29%; bidding opens tomorrow. Check price band and key dates,"Pune's GK Energy, an EPC provider for renewable projects, will launch its IPO tomorrow. The IPO includes a fresh issue of shares and an offer for sale. The company focuses on solar-powered agricultural water pump systems. Proceeds from the IPO will fund worki…",https://economictimes.indiatimes.com/markets/stocks/news/gk-energy-ipo-gmp-at-29-bidding-opens-tomorrow-check-price-band-and-key-dates/articleshow/123966875.cms,"https://img.etimg.com/thumb/msid-123966849,width-1200,height-630,imgsize-5156,overlay-etmarkets/articleshow.jpg",2025-09-18T06:41:36Z,"Pune-based GK Energy, which specializes in engineering, procurement, and construction (EPC) for renewable energy projects, is launching its Initial Public Offering (IPO) tomorrow, September 19. The s… [+3714 chars]",business
"{'id': None, 'name': 'Biztoc.com'}",reuters.com,"Capricorn Energy posts first-half loss, maintains production outlook",,https://biztoc.com/x/40400990a2da0c4b,https://biztoc.com/cdn/950/og.png,2025-09-18T06:38:53Z,"{ window.open(this.href, '_blank'); }, 200); return false;""&gt;Why did the Federal Reserve cut interest rates? { window.open(this.href, '_blank'); }, 200); return false;""&gt;How will the Fed rate cut… [+732 chars]",business
"{'id': None, 'name': 'Biztoc.com'}",reuters.com,Candy maker Mars plans $1.2 billion investment to boost EU operations,,https://biztoc.com/x/b0167b31ffda48ad,https://biztoc.com/cdn/b0167b31ffda48ad_s.webp,2025-09-18T06:38:49Z,"{ window.open(this.href, '_blank'); }, 200); return false;""&gt;Why did the Federal Reserve cut interest rates? { window.open(this.href, '_blank'); }, 200); return false;""&gt;How will the Fed rate cut… [+722 chars]",business
"{'id': None, 'name': 'Biztoc.com'}",reuters.com,"Russia's top oil executive says Asian oil demand still growing, TASS reports",,https://biztoc.com/x/84ce00e563a29f2f,https://biztoc.com/cdn/84ce00e563a29f2f_s.webp,2025-09-18T06:38:38Z,"{ window.open(this.href, '_blank'); }, 200); return false;""&gt;Why did the Federal Reserve cut interest rates? { window.open(this.href, '_blank'); }, 200); return false;""&gt;How will the Fed rate cut… [+739 chars]",business
"{'id': None, 'name': 'Biztoc.com'}",reuters.com,"Barry Callebaut debt must come down, CEO says",,https://biztoc.com/x/bc23eb824dc4b9f3,https://biztoc.com/cdn/bc23eb824dc4b9f3_s.webp,2025-09-18T06:38:33Z,"{ window.open(this.href, '_blank'); }, 200); return false;""&gt;Why did the Federal Reserve cut interest rates? { window.open(this.href, '_blank'); }, 200); return false;""&gt;How will the Fed rate cut… [+702 chars]",business
"{'id': None, 'name': 'ETF Daily News'}",MarketBeat News,Office Properties Income Trust (NASDAQ:OPINL) Stock Price Down 12% – What’s Next?,"Office Properties Income Trust (NASDAQ:OPINL – Get Free Report)’s share price fell 12% during mid-day trading on Wednesday . The stock traded as low as $6.00 and last traded at $6.47. 99,673 shares traded hands during trading, an increase of 389% from the ave…",https://www.etfdailynews.com/2025/09/18/office-properties-income-trust-nasdaqopinl-stock-price-down-12-whats-next/,https://www.americanbankingnews.com/wp-content/timthumb/timthumb.php?src=https://www.marketbeat.com/logos/office-properties-income-trust-logo-1200x675.png?v=20221229103530&w=240&h=240&zc=2,2025-09-18T06:37:05Z,"Office Properties Income Trust (NASDAQ:OPINL – Get Free Report)’s share price fell 12% during mid-day trading on Wednesday . The stock traded as low as $6.00 and last traded at $6.47. 99,673 shares t… [+1533 chars]",business
"{'id': None, 'name': 'ETF Daily News'}",MarketBeat News,Ingredion Incorporated (NYSE:INGR) Short Interest Up 25.3% in August,"Ingredion Incorporated (NYSE:INGR – Get Free Report) was the recipient of a large increase in short interest in August. As of August 31st, there was short interest totaling 1,930,000 shares, an increase of 25.3% from the August 15th total of 1,540,000 shares.…",https://www.etfdailynews.com/2025/09/18/ingredion-incorporated-nyseingr-short-interest-up-25-3-in-august/,https://www.americanbankingnews.com/wp-content/timthumb/timthumb.php?src=https://www.marketbeat.com/logos/ingredion-logo-1200x675.jpg&w=240&h=240&zc=2,2025-09-18T06:36:58Z,"Ingredion Incorporated (NYSE:INGR – Get Free Report) was the recipient of a large increase in short interest in August. As of August 31st, there was short interest totaling 1,930,000 shares, an incre… [+5675 chars]",business
"{'id': None, 'name': 'ETF Daily News'}",MarketBeat News,"Short Interest in Fortune Brands Innovations, Inc. (NYSE:FBIN) Rises By 25.5%","Fortune Brands Innovations, Inc. (NYSE:FBIN – Get Free Report) saw a large increase in short interest in August. As of August 31st, there was short interest totaling 4,620,000 shares, an increase of 25.5% from the August 15th total of 3,680,000 shares. Based …",https://www.etfdailynews.com/2025/09/18/short-interest-in-fortune-brands-innovations-inc-nysefbin-rises-by-25-5/,https://www.americanbankingnews.com/wp-content/timthumb/timthumb.php?src=https://www.marketbeat.com/logos/fortune-brands-innovations-inc-logo-1200x675.jpg?v=20221216112424&w=240&h=240&zc=2,2025-09-18T06:36:58Z,"Fortune Brands Innovations, Inc. (NYSE:FBIN – Get Free Report) saw a large increase in short interest in August. As of August 31st, there was short interest totaling 4,620,000 shares, an increase of … [+6109 chars]",business
"{'id': None, 'name': 'ETF Daily News'}",MarketBeat News,Nuveen Dow 30 Dynamic Overwrite Fund (NYSEARCA:DIAX) Short Interest Down 22.1% in August,"Nuveen Dow 30 Dynamic Overwrite Fund (NYSEARCA:DIAX – Get Free Report) was the target of a significant decline in short interest during the month of August. As of August 31st, there was short interest totaling 16,900 shares, a decline of 22.1% from the August…",https://www.etfdailynews.com/2025/09/18/nuveen-dow-30-dynamic-overwrite-fund-nysearcadiax-short-interest-down-22-1-in-august/,https://www.americanbankingnews.com/wp-content/timthumb/timthumb.php?src=https://www.marketbeat.com/logos/generic-stocks10.jpg&w=240&h=240&zc=2,2025-09-18T06:36:58Z,"Nuveen Dow 30 Dynamic Overwrite Fund (NYSEARCA:DIAX – Get Free Report) was the target of a significant decline in short interest during the month of August. As of August 31st, there was short interes… [+3249 chars]",business
"{'id': None, 'name': 'ETF Daily News'}",MarketBeat News,"Global Medical REIT (NYSE:GMRE) Shares Scheduled to Reverse Split on Monday, September 22nd","Shares of Global Medical REIT Inc. (NYSE:GMRE – Free Report) are set to reverse split on Monday, September 22nd. The 1-5 reverse split was recently announced. The number of shares owned by shareholders will be adjusted after the market closes on Sunday, Septe…",https://www.etfdailynews.com/2025/09/18/global-medical-reit-nysegmre-shares-scheduled-to-reverse-split-on-monday-september-22nd-2/,https://www.americanbankingnews.com/wp-content/timthumb/timthumb.php?src=https://www.marketbeat.com/logos/global-medical-reit-inc-logo-1200x675.png&w=240&h=240&zc=2,2025-09-18T06:36:58Z,"Shares of Global Medical REIT Inc. (NYSE:GMRE – Free Report) are set to reverse split on Monday, September 22nd. The 1-5 reverse split was recently announced. The number of shares owned by shareholde… [+5162 chars]",business
"{'id': None, 'name': 'POLITICO.eu'}",Gordon Repinski,German culture minister calls for Google to be broken up,The intervention comes after EU regulators fined the tech giant nearly €3 billion for abusing its dominant position.,https://www.politico.eu/article/german-culture-minister-calls-for-google-to-be-broken-up/,"https://www.politico.eu/cdn-cgi/image/width=1200,height=630,fit=crop,quality=80,onerror=redirect/wp-content/uploads/2025/09/19/GettyImages-2234047307-scaled.jpg",2025-09-18T06:36:53Z,"For Weimer, it's not just about breaking up a dominant company that profits from its position of power. They are changing the media landscape and therefore the democratic foundation of the country, h… [+1405 chars]",business
"{'id': None, 'name': 'Help Net Security'}",Industry News,Absolute Security Rehydrate restores compromised endpoints,"Absolute Security released Rehydrate, empowering enterprises to recover from IT or cyber incidents remotely and at scale to minimize operational downtime. Enterprises with business operations that have been stopped by Windows PCs made inoperable by cyberattac…",https://www.helpnetsecurity.com/2025/09/18/absolute-security-rehydrate-compromised-endpoints/,https://img.helpnetsecurity.com/wp-content/uploads/2024/11/28150559/hns-large_logo.webp,2025-09-18T06:35:56Z,"Absolute Security released Rehydrate, empowering enterprises to recover from IT or cyber incidents remotely and at scale to minimize operational downtime.
Enterprises with business operations that h… [+3795 chars]",business
"{'id': None, 'name': 'Naftemporiki.gr'}",Γιάννα Βαρδαλαχάκη,CrediaBank: Change of business plan and completion of HSBC Malta acquisition at the end of 2026,"The acquisition of HSBC Malta prompts a strategic shift to CrediaBank’s business plan, with the transaction expected to be completed in the fourth quarter of 2026, according to CrediaBank CEO…
CrediaBank: Change of business plan and completion of HSBC Malta a…",https://www.naftemporiki.gr/english/2007453/crediabank-change-of-business-plan-and-completion-of-hsbc-malta-acquisition-at-the-end-of-2026/,https://www.naftemporiki.gr/wp-content/uploads/2025/08/credia.jpg,2025-09-18T06:35:53Z,"The acquisition of HSBC Malta prompts a strategic shift to CrediaBank’s business plan, with the transaction expected to be completed in the fourth quarter of 2026, according to CrediaBank CEO Eleni V… [+2106 chars]",business
"{'id': None, 'name': 'ETF Daily News'}",MarketBeat News,The Goldman Sachs Group Boosts Allegion (NYSE:ALLE) Price Target to $198.00,"Allegion (NYSE:ALLE – Get Free Report) had its price target raised by investment analysts at The Goldman Sachs Group from $176.00 to $198.00 in a research report issued on Tuesday,Benzinga reports. The firm currently has a “buy” rating on the scientific and t…",https://www.etfdailynews.com/2025/09/18/the-goldman-sachs-group-boosts-allegion-nysealle-price-target-to-198-00/,https://www.americanbankingnews.com/wp-content/timthumb/timthumb.php?src=https://www.marketbeat.com/logos/allegion-plc-logo-1200x675.png?v=20221109142310&w=240&h=240&zc=2,2025-09-18T06:34:42Z,"Allegion (NYSE:ALLE – Get Free Report) had its price target raised by investment analysts at The Goldman Sachs Group from $176.00 to $198.00 in a research report issued on Tuesday,Benzinga reports. T… [+5831 chars]",business
"{'id': None, 'name': 'ETF Daily News'}",MarketBeat News,UBS Group Lowers Extra Space Storage (NYSE:EXR) Price Target to $160.00,"Extra Space Storage (NYSE:EXR – Get Free Report) had its price target lowered by stock analysts at UBS Group from $169.00 to $160.00 in a note issued to investors on Tuesday, Marketbeat.com reports. The firm currently has a “buy” rating on the real estate inv…",https://www.etfdailynews.com/2025/09/18/ubs-group-lowers-extra-space-storage-nyseexr-price-target-to-160-00/,https://www.americanbankingnews.com/wp-content/timthumb/timthumb.php?src=https://www.marketbeat.com/logos/extra-space-storage-inc-logo-1200x675.jpg?v=20240202075049&w=240&h=240&zc=2,2025-09-18T06:32:49Z,"Extra Space Storage (NYSE:EXR – Get Free Report) had its price target lowered by stock analysts at UBS Group from $169.00 to $160.00 in a note issued to investors on Tuesday, Marketbeat.com reports. … [+5455 chars]",business
"{'id': 'rte', 'name': 'RTE'}",RTÉ News,C&C's half year trading in line with expectations,Drinks group C&C said today that trading in the six months to the end of August has been in line with its expectations.,https://www.rte.ie/news/business/2025/0918/1534088-c-c-trading-update/,https://www.rte.ie/images/001f854c-1600.jpg,2025-09-18T06:32:48Z,"Drinks group C&amp;C said today that trading in the six months to the end of August has been in line with its expectations.
In a trading update, C&amp;C said its net revenues are 4% below last year,… [+1850 chars]",business
"{'id': None, 'name': 'ETF Daily News'}",MarketBeat News,Charles Schwab (NYSE:SCHW) Price Target Cut to $113.00 by Analysts at Deutsche Bank Aktiengesellschaft,"Charles Schwab (NYSE:SCHW – Get Free Report) had its target price dropped by equities research analysts at Deutsche Bank Aktiengesellschaft from $114.00 to $113.00 in a note issued to investors on Tuesday,Benzinga reports. The brokerage presently has a “buy” …",https://www.etfdailynews.com/2025/09/18/charles-schwab-nyseschw-price-target-cut-to-113-00-by-analysts-at-deutsche-bank-aktiengesellschaft/,https://www.americanbankingnews.com/wp-content/timthumb/timthumb.php?src=https://www.marketbeat.com/logos/the-charles-schwab-co-logo-1200x675.png?v=20231214125414&w=240&h=240&zc=2,2025-09-18T06:32:48Z,Charles Schwab (NYSE:SCHW – Get Free Report) had its target price dropped by equities research analysts at Deutsche Bank Aktiengesellschaft from $114.00 to $113.00 in a note issued to investors on Tu… [+5871 chars],business
"{'id': None, 'name': 'ETF Daily News'}",MarketBeat News,"Darden Restaurants (NYSE:DRI) Stock Price Expected to Rise, Bank of America Analyst Says","Darden Restaurants (NYSE:DRI – Get Free Report) had its price objective upped by investment analysts at Bank of America from $253.00 to $254.00 in a report released on Tuesday,Benzinga reports. The firm currently has a “buy” rating on the restaurant operator’…",https://www.etfdailynews.com/2025/09/18/darden-restaurants-nysedri-stock-price-expected-to-rise-bank-of-america-analyst-says/,https://www.americanbankingnews.com/wp-content/timthumb/timthumb.php?src=https://www.marketbeat.com/logos/darden-restaurants-inc-logo-1200x675.png?v=20221104063829&w=240&h=240&zc=2,2025-09-18T06:32:47Z,"Darden Restaurants (NYSE:DRI – Get Free Report) had its price objective upped by investment analysts at Bank of America from $253.00 to $254.00 in a report released on Tuesday,Benzinga reports. The f… [+6418 chars]",business
"{'id': None, 'name': 'ETF Daily News'}",MarketBeat News,Dollar General (NYSE:DG) Price Target Raised to $109.00 at JPMorgan Chase & Co.,"Dollar General (NYSE:DG – Get Free Report) had its price target lifted by investment analysts at JPMorgan Chase & Co. from $95.00 to $109.00 in a research report issued on Tuesday,Benzinga reports. The firm currently has a “neutral” rating on the stock. JPMor…",https://www.etfdailynews.com/2025/09/18/dollar-general-nysedg-price-target-raised-to-109-00-at-jpmorgan-chase-co/,https://www.americanbankingnews.com/wp-content/timthumb/timthumb.php?src=https://www.marketbeat.com/logos/dollar-general-co-logo-1200x675.png?v=20210920082021&w=240&h=240&zc=2,2025-09-18T06:32:47Z,"Dollar General (NYSE:DG – Get Free Report) had its price target lifted by investment analysts at JPMorgan Chase &amp; Co. from $95.00 to $109.00 in a research report issued on Tuesday,Benzinga report… [+4586 chars]",business
"{'id': None, 'name': 'ETF Daily News'}",MarketBeat News,Exxon Mobil Corporation (NYSE:XOM) Receives $124.81 Average Price Target from Analysts,"Exxon Mobil Corporation (NYSE:XOM – Get Free Report) has earned a consensus rating of “Hold” from the twenty-one brokerages that are currently covering the firm, MarketBeat.com reports. One research analyst has rated the stock with a sell recommendation, elev…",https://www.etfdailynews.com/2025/09/18/exxon-mobil-corporation-nysexom-receives-124-81-average-price-target-from-analysts/,https://www.americanbankingnews.com/wp-content/timthumb/timthumb.php?src=https://www.marketbeat.com/logos/exxon-mobil-co-logo-1200x675.png?v=20221020141849&w=240&h=240&zc=2,2025-09-18T06:32:47Z,"Exxon Mobil Corporation (NYSE:XOM – Get Free Report) has earned a consensus rating of “Hold” from the twenty-one brokerages that are currently covering the firm, MarketBeat.com reports. One research … [+5539 chars]",business
"{'id': None, 'name': 'ETF Daily News'}",MarketBeat News,UBS Group Issues Pessimistic Forecast for CubeSmart (NYSE:CUBE) Stock Price,"CubeSmart (NYSE:CUBE – Get Free Report) had its price objective reduced by equities research analysts at UBS Group from $45.00 to $42.00 in a report issued on Tuesday, Marketbeat Ratings reports. The firm currently has a “neutral” rating on the real estate in…",https://www.etfdailynews.com/2025/09/18/ubs-group-issues-pessimistic-forecast-for-cubesmart-nysecube-stock-price/,https://www.americanbankingnews.com/wp-content/timthumb/timthumb.php?src=https://www.marketbeat.com/logos/cubesmart-logo-1200x675.jpg?v=20221109145748&w=240&h=240&zc=2,2025-09-18T06:32:47Z,"CubeSmart (NYSE:CUBE – Get Free Report) had its price objective reduced by equities research analysts at UBS Group from $45.00 to $42.00 in a report issued on Tuesday, Marketbeat Ratings reports. The… [+4650 chars]",business
"{'id': None, 'name': 'The-independent.com'}",The Associated Press,Jaden Smith has a new job and is moving to Paris,He described it as one of the biggest honors of his life,https://www.the-independent.com/life-style/fashion/paris-jaden-smith-christian-louboutin-b2828849.html,https://static.the-independent.com/2025/05/06/06/2025_MET_Museum_Costume_Institute_Benefit_Gala_47817.jpg?width=1200&height=800&crop=1200:800,2025-09-18T06:31:25Z,"Your support helps us to tell the story
From reproductive rights to climate change to Big Tech, The Independent is on the ground when the story is developing. Whether it's investigating the financia… [+2313 chars]",business
"{'id': None, 'name': 'ETF Daily News'}",MarketBeat News,Workiva Inc. (NYSE:WK) Given Consensus Rating of “Buy” by Analysts,"Shares of Workiva Inc. (NYSE:WK – Get Free Report) have received a consensus rating of “Buy” from the ten analysts that are presently covering the firm, Marketbeat.com reports. Ten analysts have rated the stock with a buy rating. The average 1-year price obje…",https://www.etfdailynews.com/2025/09/18/workiva-inc-nysewk-given-consensus-rating-of-buy-by-analysts/,https://www.americanbankingnews.com/wp-content/timthumb/timthumb.php?src=https://www.marketbeat.com/logos/workiva-inc-logo-1200x675.png&w=240&h=240&zc=2,2025-09-18T06:31:10Z,"Shares of Workiva Inc. (NYSE:WK – Get Free Report) have received a consensus rating of “Buy” from the ten analysts that are presently covering the firm, Marketbeat.com reports. Ten analysts have rate… [+4264 chars]",business
"{'id': None, 'name': 'ETF Daily News'}",MarketBeat News,United Bancorporation of Alabama (OTCMKTS:UBAB) and Community Capital Bancshares (OTCMKTS:ALBY) Head to Head Analysis,"Earnings and Valuation This table compares Community Capital Bancshares and United Bancorporation of Alabama”s gross revenue, earnings per share and valuation. Gross Revenue Price/Sales Ratio Net Income Earnings Per Share Price/Earnings Ratio Community Capita…",https://www.etfdailynews.com/2025/09/18/united-bancorporation-of-alabama-otcmktsubab-and-community-capital-bancshares-otcmktsalby-head-to-head-analysis/,https://www.americanbankingnews.com/wp-content/timthumb/timthumb.php?src=https://www.marketbeat.com/logos/united-bancorporation-of-alabama-inc-logo-1200x675.png?v=20211207112141&w=240&h=240&zc=2,2025-09-18T06:31:10Z,"Earnings and Valuation
This table compares Community Capital Bancshares and United Bancorporation of Alabama”s gross revenue, earnings per share and valuation.
<table><tr><td></td><td>Gross Revenue… [+4608 chars]",business
"{'id': None, 'name': 'ETF Daily News'}",MarketBeat News,Contrasting BG Medicine (OTCMKTS:BGMD) & Cencora (NYSE:COR),"Cencora (NYSE:COR – Get Free Report) and BG Medicine (OTCMKTS:BGMD – Get Free Report) are both medical companies, but which is the superior business? We will compare the two companies based on the strength of their profitability, dividends, risk, analyst reco…",https://www.etfdailynews.com/2025/09/18/contrasting-bg-medicine-otcmktsbgmd-cencora-nysecor/,https://www.americanbankingnews.com/wp-content/timthumb/timthumb.php?src=https://www.marketbeat.com/logos/bg-medicine-inc-logo-1200x675.png?v=20230213143052&w=240&h=240&zc=2,2025-09-18T06:31:09Z,"Cencora (NYSE:COR – Get Free Report) and BG Medicine (OTCMKTS:BGMD – Get Free Report) are both medical companies, but which is the superior business? We will compare the two companies based on the st… [+5878 chars]",business
"{'id': None, 'name': 'ETF Daily News'}",MarketBeat News,Ligand Pharmaceuticals (NASDAQ:LGND) and Provectus Biopharmaceuticals (OTCMKTS:PVCT) Critical Comparison,"Provectus Biopharmaceuticals (OTCMKTS:PVCT – Get Free Report) and Ligand Pharmaceuticals (NASDAQ:LGND – Get Free Report) are both medical companies, but which is the superior stock? We will compare the two businesses based on the strength of their institution…",https://www.etfdailynews.com/2025/09/18/ligand-pharmaceuticals-nasdaqlgnd-and-provectus-biopharmaceuticals-otcmktspvct-critical-comparison/,https://www.americanbankingnews.com/wp-content/timthumb/timthumb.php?src=https://www.marketbeat.com/logos/ligand-pharmaceuticals-incorporated-logo-1200x675.jpg?v=20240503131612&w=240&h=240&zc=2,2025-09-18T06:31:09Z,"Provectus Biopharmaceuticals (OTCMKTS:PVCT – Get Free Report) and Ligand Pharmaceuticals (NASDAQ:LGND – Get Free Report) are both medical companies, but which is the superior stock? We will compare t… [+6689 chars]",business
"{'id': None, 'name': 'ETF Daily News'}",MarketBeat News,Eldorado Gold Corporation (NYSE:EGO) Given Consensus Rating of “Moderate Buy” by Analysts,"Shares of Eldorado Gold Corporation (NYSE:EGO – Get Free Report) (TSE:ELD) have received a consensus recommendation of “Moderate Buy” from the seven analysts that are currently covering the stock, MarketBeat reports. Three investment analysts have rated the s…",https://www.etfdailynews.com/2025/09/18/eldorado-gold-corporation-nyseego-given-consensus-rating-of-moderate-buy-by-analysts/,https://www.americanbankingnews.com/wp-content/timthumb/timthumb.php?src=https://www.marketbeat.com/logos/eldorado-gold-co-logo-1200x675.png?v=20240426090515&w=240&h=240&zc=2,2025-09-18T06:31:07Z,"Shares of Eldorado Gold Corporation (NYSE:EGO – Get Free Report) (TSE:ELD) have received a consensus recommendation of “Moderate Buy” from the seven analysts that are currently covering the stock, Ma… [+4234 chars]",business
"{'id': None, 'name': 'ETF Daily News'}",MarketBeat News,Allete (NYSE:ALE) and Kenon (NYSE:KEN) Head-To-Head Analysis,"Allete (NYSE:ALE – Get Free Report) and Kenon (NYSE:KEN – Get Free Report) are both mid-cap utilities companies, but which is the superior business? We will contrast the two businesses based on the strength of their valuation, institutional ownership, analyst…",https://www.etfdailynews.com/2025/09/18/allete-nyseale-and-kenon-nyseken-head-to-head-analysis/,https://www.americanbankingnews.com/wp-content/timthumb/timthumb.php?src=https://www.marketbeat.com/logos/kenon-holdings-ltd-logo-1200x675.png?v=20240503135315&w=240&h=240&zc=2,2025-09-18T06:31:06Z,"Allete (NYSE:ALE – Get Free Report) and Kenon (NYSE:KEN – Get Free Report) are both mid-cap utilities companies, but which is the superior business? We will contrast the two businesses based on the s… [+5393 chars]",business
"{'id': None, 'name': 'ETF Daily News'}",MarketBeat News,Financial Review: Archrock (NYSE:AROC) versus Mammoth Energy Services (NASDAQ:TUSK),"Archrock (NYSE:AROC – Get Free Report) and Mammoth Energy Services (NASDAQ:TUSK – Get Free Report) are both energy companies, but which is the superior business? We will compare the two businesses based on the strength of their dividends, earnings, institutio…",https://www.etfdailynews.com/2025/09/18/financial-review-archrock-nysearoc-versus-mammoth-energy-services-nasdaqtusk/,https://www.americanbankingnews.com/wp-content/timthumb/timthumb.php?src=https://www.marketbeat.com/logos/mammoth-energy-services-inc-logo-1200x675.png?v=20221215063511&w=240&h=240&zc=2,2025-09-18T06:31:02Z,"Archrock (NYSE:AROC – Get Free Report) and Mammoth Energy Services (NASDAQ:TUSK – Get Free Report) are both energy companies, but which is the superior business? We will compare the two businesses ba… [+5860 chars]",business
"{'id': None, 'name': 'ETF Daily News'}",MarketBeat News,"Warner Bros. Discovery, Inc. (NASDAQ:WBD) Receives Average Recommendation of “Hold” from Analysts","Shares of Warner Bros. Discovery, Inc. (NASDAQ:WBD – Get Free Report) have been assigned a consensus rating of “Hold” from the twenty-two research firms that are currently covering the company, Marketbeat reports. Thirteen research analysts have rated the sto…",https://www.etfdailynews.com/2025/09/18/warner-bros-discovery-inc-nasdaqwbd-receives-average-recommendation-of-hold-from-analysts/,https://www.americanbankingnews.com/wp-content/timthumb/timthumb.php?src=https://www.marketbeat.com/logos/warner-bros-discovery-inc--logo-1200x675.png?v=20220412132025&w=240&h=240&zc=2,2025-09-18T06:31:00Z,"Shares of Warner Bros. Discovery, Inc. (NASDAQ:WBD – Get Free Report) have been assigned a consensus rating of “Hold” from the twenty-two research firms that are currently covering the company, Marke… [+5403 chars]",business
"{'id': None, 'name': 'ETF Daily News'}",MarketBeat News,"Dayforce, Inc. (NYSE:DAY) Receives Average Rating of “Hold” from Analysts","Dayforce, Inc. (NYSE:DAY – Get Free Report) has earned a consensus recommendation of “Hold” from the sixteen ratings firms that are covering the stock, Marketbeat.com reports. Twelve equities research analysts have rated the stock with a hold rating, three ha…",https://www.etfdailynews.com/2025/09/18/dayforce-inc-nyseday-receives-average-rating-of-hold-from-analysts/,https://www.americanbankingnews.com/wp-content/timthumb/timthumb.php?src=https://www.marketbeat.com/logos/dayforce-inc-logo-1200x675.jpg?v=20240206112455&w=240&h=240&zc=2,2025-09-18T06:30:53Z,"Dayforce, Inc. (NYSE:DAY – Get Free Report) has earned a consensus recommendation of “Hold” from the sixteen ratings firms that are covering the stock, Marketbeat.com reports. Twelve equities researc… [+5543 chars]",business
"{'id': None, 'name': 'ETF Daily News'}",MarketBeat News,MAG Silver Corporation (NYSEAMERICAN:MAG) Receives Consensus Rating of “Hold” from Analysts,"Shares of MAG Silver Corporation (NYSEAMERICAN:MAG – Get Free Report) have earned an average recommendation of “Hold” from the seven brokerages that are covering the stock, MarketBeat.com reports. One research analyst has rated the stock with a sell recommend…",https://www.etfdailynews.com/2025/09/18/mag-silver-corporation-nyseamericanmag-receives-consensus-rating-of-hold-from-analysts/,https://www.americanbankingnews.com/wp-content/timthumb/timthumb.php?src=https://www.marketbeat.com/logos/mag-silver-corp-logo-1200x675.jpg?v=20241015101851&w=240&h=240&zc=2,2025-09-18T06:30:47Z,"Shares of MAG Silver Corporation (NYSEAMERICAN:MAG – Get Free Report) have earned an average recommendation of “Hold” from the seven brokerages that are covering the stock, MarketBeat.com reports. On… [+3050 chars]",business
"{'id': None, 'name': 'Yahoo Entertainment'}",Reuters,"Barry Callebaut debt must come down, CEO says","ZURICH (Reuters) -The world's top chocolatier Barry Callebaut must reduce its debt and is working to achieve this, CEO Peter Feld was quoted as saying in an ...",https://finance.yahoo.com/news/barry-callebaut-debt-must-come-063002456.html,https://media.zenfs.com/en/reuters-finance.com/5dcb4bd6611d661332699d23da2717fd,2025-09-18T06:30:02Z,"ZURICH (Reuters) -The world's top chocolatier Barry Callebaut must reduce its debt and is working to achieve this, CEO Peter Feld was quoted as saying in an interview published on Thursday.
Barry Ca… [+1144 chars]",business
"{'id': 'newsweek', 'name': 'Newsweek'}","Martha McHardy, Shane Croucher",ABC Affiliate Owner Demands Jimmy Kimmel Make Charlie Kirk Donation,Trump's FCC had sharply criticized Kimmel's comments about MAGA and the killing.,https://www.newsweek.com/abc-sinclair-jimmy-kimmel-charlie-kirk-donation-2131673,https://d.newsweek.com/en/full/2724893/jimmy-kimmel.jpg,2025-09-18T06:29:53Z,"Media giant Sinclair called on Jimmy Kimmel to apologize directly to the Charlie Kirk family over the remarks he made about the conservative activist's killing, and to give both them and Turning Poin… [+1627 chars]",business
"{'id': None, 'name': 'Yahoo Entertainment'}",Simply Wall St,"If EPS Growth Is Important To You, dormakaba Holding (VTX:DOKA) Presents An Opportunity","Investors are often guided by the idea of discovering 'the next big thing', even if that means buying 'story stocks...",https://finance.yahoo.com/news/eps-growth-important-dormakaba-holding-062940828.html,https://media.zenfs.com/en/simply_wall_st__316/51f3305c1122cc0aece72cb5d1045e9b,2025-09-18T06:29:40Z,"Investors are often guided by the idea of discovering 'the next big thing', even if that means buying 'story stocks' without any revenue, let alone profit. Sometimes these stories can cloud the minds… [+4336 chars]",business
"{'id': 'the-times-of-india', 'name': 'The Times of India'}",Reuters,Tax the rich or fall: French PM Sebastien Lecornu faces budget ultimatum,"French Prime Minister Sebastien Lecornu faces a critical juncture as Socialists demand a 2% wealth tax on the nation's wealthiest in exchange for budget support. Economist Gabriel Zucman champions the tax, aiming to address wealth inequality, while critics fe…",https://economictimes.indiatimes.com/news/international/world-news/tax-the-rich-or-fall-french-pm-sebastien-lecornu-faces-budget-ultimatum/articleshow/123966534.cms,"https://img.etimg.com/thumb/msid-123966641,width-1200,height-630,imgsize-107862,overlay-economictimes/articleshow.jpg",2025-09-18T06:27:21Z,It's the million dollar question that may decide the fate of French Prime Minister Sebastien Lecornu: how to tax France's billionaires?The Socialists want a 2% wealth tax on France's 0.01% in the 202… [+4492 chars],business
"{'id': None, 'name': 'Biztoc.com'}",reuters.com,"SoftBank, OpenAI Japan AI joint venture is delayed, source says",,https://biztoc.com/x/468cfdd179aa1ea7,https://biztoc.com/cdn/468cfdd179aa1ea7_s.webp,2025-09-18T06:27:20Z,"{ window.open(this.href, '_blank'); }, 200); return false;""&gt;Why did the Federal Reserve cut interest rates? { window.open(this.href, '_blank'); }, 200); return false;""&gt;How will the Fed rate cut… [+733 chars]",business
"{'id': None, 'name': 'ETF Daily News'}",MarketBeat News,"Workday, Inc. (NASDAQ:WDAY) Short Interest Update","Workday, Inc. (NASDAQ:WDAY – Get Free Report) saw a significant increase in short interest in August. As of August 31st, there was short interest totaling 10,440,000 shares, an increase of 25.8% from the August 15th total of 8,300,000 shares. Currently, 4.8% …",https://www.etfdailynews.com/2025/09/18/workday-inc-nasdaqwday-short-interest-update/,https://www.americanbankingnews.com/wp-content/timthumb/timthumb.php?src=https://www.marketbeat.com/logos/workday-logo-1200x675.jpg&w=240&h=240&zc=2,2025-09-18T06:26:42Z,"Workday, Inc. (NASDAQ:WDAY – Get Free Report) saw a significant increase in short interest in August. As of August 31st, there was short interest totaling 10,440,000 shares, an increase of 25.8% from… [+5860 chars]",business
"{'id': None, 'name': 'Protothema.gr'}",Newsroom,"K.M., the power brokers, the KasseloNikolakis clan and the Piri Reis, drought in Athens (right before elections?), Blackrock and its interest in PPC and Hellenic Railways","The U.S. Interior Secretary, Elefsina, and the Great Port
The post K.M., the power brokers, the KasseloNikolakis clan and the Piri Reis, drought in Athens (right before elections?), Blackrock and its interest in PPC and Hellenic Railways appeared first on Pro…",https://en.protothema.gr/2025/09/18/k-m-the-power-brokers-the-kasselonikolakis-clan-and-the-piri-reis-drought-in-athens-right-before-elections-blackrock-and-its-interest-in-ppc-and-hellenic-railways/,https://en.protothema.gr/wp-content/uploads/2024/06/ProtothemaEn.png,2025-09-18T06:26:39Z,"Hello, Mitsotakis was very careful yesterday in his first interview after the Thessaloniki International Fair on Antenna (with Hatzinikolaou). He dropped the line, for good measure, that it is the pe… [+19114 chars]",business
"{'id': 'the-times-of-india', 'name': 'The Times of India'}",PTI,India vs Oman: Chance to give batters game time before Asia Cup Super 4s,"India, already qualified for the Super 4s, aims to utilize their final group game against Oman for batting practice, with key players like Shubman Gill and Tilak Varma seeking extended time at the crease. The strong Indian bowling lineup, featuring Kuldeep Ya…",https://economictimes.indiatimes.com/news/sports/india-vs-oman-chance-to-give-batters-game-time-before-super-4s/articleshow/123966500.cms,"https://img.etimg.com/thumb/msid-123966582,width-1200,height-630,imgsize-139574,overlay-economictimes/articleshow.jpg",2025-09-18T06:26:05Z,Dubai: The Suryakumar Yadav-led India will ideally prefer to bat first and make full use of the 20 overs when they take on an embattled Oman in their final Asia Cup group league game that will be pla… [+3775 chars],business
"{'id': 'abc-news-au', 'name': 'ABC News (AU)'}",Carly Williams,'New national entity' divides First Nations delegates at National Gathering,First Nations leaders have endorsed plans for a new national representative body to be established. Here’s what we know.,https://www.abc.net.au/news/2025-09-18/national-indigenous-gathering-post-voice-referendum/105787906,https://live-production.wcms.abc-cdn.net.au/9ece42a18a4f6901962fd3869546a3f8?impolicy=wcms_watermark_news&cropH=576&cropW=1024&xPos=0&yPos=0&width=862&height=485&imformat=generic,2025-09-18T06:25:35Z,"A gathering of more than 300 Aboriginal and Torres Strait Islander leaders has expressed in-principle support for the creation of a new national representative body led by Traditional Owners, followi… [+7317 chars]",business
"{'id': None, 'name': 'Thekenyatimes.com'}",Joy Kwama,Kenyan CEOs Face 7 Years In Jail And Job Loss Under New Law,"Kenyan corporate executives, including CEOs, board members, and financial sector managers, now face career-ending sanctions or jail term.",https://thekenyatimes.com/business/ceos-anti-terrorism-jail/,https://thekenyatimescdn-ese7d3e7ghdnbfa9.z01.azurefd.net/prodimages/uploads/2025/09/ceos-1.jpg,2025-09-18T06:24:35Z,"Kenyan corporate executives, including CEOs, board members, and financial sector managers, now face career-ending sanctions.
 They also risk up to seven years’ jail term under the anti-terrorism and… [+4099 chars]",business
"{'id': None, 'name': 'ETF Daily News'}",MarketBeat News,Roth Capital Issues Positive Estimate for CRC Earnings,"California Resources Corporation (NYSE:CRC – Free Report) – Roth Capital boosted their Q1 2026 earnings per share (EPS) estimates for California Resources in a report released on Monday, September 15th. Roth Capital analyst L. Mariani now anticipates that the…",https://www.etfdailynews.com/2025/09/18/roth-capital-issues-positive-estimate-for-crc-earnings/,https://www.americanbankingnews.com/wp-content/timthumb/timthumb.php?src=https://www.marketbeat.com/logos/california-resources-corp-logo-1200x675.jpg&w=240&h=240&zc=2,2025-09-18T06:22:56Z,"California Resources Corporation (NYSE:CRC – Free Report) – Roth Capital boosted their Q1 2026 earnings per share (EPS) estimates for California Resources in a report released on Monday, September 15… [+5311 chars]",business
"{'id': None, 'name': 'ETF Daily News'}",MarketBeat News,Valaris (NYSE:VAL) Lowered to Hold Rating by Capital One Financial,"Capital One Financial lowered shares of Valaris (NYSE:VAL – Free Report) from a strong-buy rating to a hold rating in a report released on Monday,Zacks.com reports. Capital One Financial also issued estimates for Valaris’ Q3 2025 earnings at $1.02 EPS, Q4 202…",https://www.etfdailynews.com/2025/09/18/valaris-nyseval-lowered-to-hold-rating-by-capital-one-financial/,https://www.americanbankingnews.com/wp-content/timthumb/timthumb.php?src=https://www.marketbeat.com/logos/valaris-ltd-logo.jpg?v=20220314122152&w=240&h=240&zc=2,2025-09-18T06:22:55Z,"Capital One Financial lowered shares of Valaris (NYSE:VAL – Free Report) from a strong-buy rating to a hold rating in a report released on Monday,Zacks.com reports. Capital One Financial also issued … [+4523 chars]",business
"{'id': None, 'name': 'ETF Daily News'}",MarketBeat News,UBS Group Forecasts Strong Price Appreciation for Chord Energy (NASDAQ:CHRD) Stock,"Chord Energy (NASDAQ:CHRD – Get Free Report) had its price objective boosted by research analysts at UBS Group from $122.00 to $130.00 in a research note issued on Tuesday, Marketbeat Ratings reports. The firm presently has a “buy” rating on the stock. UBS Gr…",https://www.etfdailynews.com/2025/09/18/ubs-group-forecasts-strong-price-appreciation-for-chord-energy-nasdaqchrd-stock/,https://www.americanbankingnews.com/wp-content/timthumb/timthumb.php?src=https://www.marketbeat.com/logos/chord-energy-logo-1200x675.jpg?v=20220726093802&w=240&h=240&zc=2,2025-09-18T06:22:55Z,"Chord Energy (NASDAQ:CHRD – Get Free Report) had its price objective boosted by research analysts at UBS Group from $122.00 to $130.00 in a research note issued on Tuesday, Marketbeat Ratings reports… [+5289 chars]",business
"{'id': None, 'name': 'ETF Daily News'}",MarketBeat News,"Colliers International Group (NASDAQ:CIGI) Stock Price Expected to Rise, Scotiabank Analyst Says","Colliers International Group (NASDAQ:CIGI – Get Free Report) (TSE:CIGI) had its target price increased by analysts at Scotiabank from $170.00 to $185.00 in a note issued to investors on Tuesday, MarketBeat reports. The firm currently has an “outperform” ratin…",https://www.etfdailynews.com/2025/09/18/colliers-international-group-nasdaqcigi-stock-price-expected-to-rise-scotiabank-analyst-says/,https://www.americanbankingnews.com/wp-content/timthumb/timthumb.php?src=https://www.marketbeat.com/logos/colliers-international-group-inc-logo-1200x675.png?v=20240503125627&w=240&h=240&zc=2,2025-09-18T06:22:55Z,"Colliers International Group (NASDAQ:CIGI – Get Free Report) (TSE:CIGI) had its target price increased by analysts at Scotiabank from $170.00 to $185.00 in a note issued to investors on Tuesday, Mark… [+5138 chars]",business
"{'id': None, 'name': 'ETF Daily News'}",MarketBeat News,Cognex (NASDAQ:CGNX) Price Target Raised to $40.00,"Cognex (NASDAQ:CGNX – Get Free Report) had its target price raised by analysts at The Goldman Sachs Group from $36.00 to $40.00 in a note issued to investors on Tuesday,Benzinga reports. The firm presently has a “sell” rating on the scientific and technical i…",https://www.etfdailynews.com/2025/09/18/cognex-nasdaqcgnx-price-target-raised-to-40-00/,https://www.americanbankingnews.com/wp-content/timthumb/timthumb.php?src=https://www.marketbeat.com/logos/cognex-co-logo-1200x675.jpg&w=240&h=240&zc=2,2025-09-18T06:22:54Z,"Cognex (NASDAQ:CGNX – Get Free Report) had its target price raised by analysts at The Goldman Sachs Group from $36.00 to $40.00 in a note issued to investors on Tuesday,Benzinga reports. The firm pre… [+5439 chars]",business
"{'id': None, 'name': 'ETF Daily News'}",MarketBeat News,Cantor Fitzgerald Reiterates “Overweight” Rating for CoreWeave (NASDAQ:CRWV),"CoreWeave (NASDAQ:CRWV – Get Free Report)‘s stock had its “overweight” rating reaffirmed by equities researchers at Cantor Fitzgerald in a research report issued on Tuesday,Benzinga reports. They currently have a $116.00 target price on the stock. Cantor Fitz…",https://www.etfdailynews.com/2025/09/18/cantor-fitzgerald-reiterates-overweight-rating-for-coreweave-nasdaqcrwv/,https://www.americanbankingnews.com/wp-content/timthumb/timthumb.php?src=https://www.marketbeat.com/logos/coreweave-inc-class-a-common-stock--logo-1200x675.png?v=20250328080441&w=240&h=240&zc=2,2025-09-18T06:22:53Z,"CoreWeave (NASDAQ:CRWV – Get Free Report)‘s stock had its “overweight” rating reaffirmed by equities researchers at Cantor Fitzgerald in a research report issued on Tuesday,Benzinga reports. They cur… [+4728 chars]",business
"{'id': 'financial-post', 'name': 'Financial Post'}",Bloomberg News,Swiss Exports to US Collapsed in First Month of 39% Tariff,"The highest US tariff among developed nations dealt a severe blow to Swiss exports, according to the first reading since the 39% levy took effect.",https://financialpost.com/pmn/business-pmn/swiss-exports-to-us-collapsed-in-first-month-of-39-tariff,https://smartcdn.gprod.postmedia.digital/financialpost/wp-content/uploads/2025/09/swiss-exports-to-the-us-slumped-in-august.jpg,2025-09-18T06:22:17Z,"(Bloomberg) The highest US tariff among developed nations dealt a severe blow to Swiss exports, according to the first reading since the 39% levy took effect.
THIS CONTENT IS RESERVED FOR SUBSCRIBER… [+4080 chars]",business
"{'id': 'the-times-of-india', 'name': 'The Times of India'}",PTI,Taneira likely to turn profitable in next 2-3 years; expects 30% growth in festive season: CEO,"Taneira, the ethnic wear chain by Titan, anticipates profitability within 2-3 years, projecting a 30% growth this festive season due to robust consumer demand. The company plans to expand its retail presence by adding 15-20 stores annually, primarily in metro…",https://economictimes.indiatimes.com/industry/cons-products/garments-/-textiles/taneira-likely-to-turn-profitable-in-next-2-3-years-expects-30-growth-in-festive-season-ceo/articleshow/123966395.cms,"https://img.etimg.com/thumb/msid-123966468,width-1200,height-630,imgsize-752882,overlay-economictimes/articleshow.jpg",2025-09-18T06:21:55Z,"Taneira, an ethnic wear chain from the Tata group firm Titan, expects to become profitable over the next 2-3 years and aims for 30 per cent growth this festive season due to strong consumer demand, i… [+2552 chars]",business
"{'id': None, 'name': 'ETF Daily News'}",MarketBeat News,Verona Pharma PLC American Depositary Share (NASDAQ:VRNA) Given Consensus Recommendation of “Hold” by Analysts,"Shares of Verona Pharma PLC American Depositary Share (NASDAQ:VRNA – Get Free Report) have been given a consensus rating of “Hold” by the fourteen analysts that are covering the company, MarketBeat.com reports. Twelve analysts have rated the stock with a hold…",https://www.etfdailynews.com/2025/09/18/verona-pharma-plc-american-depositary-share-nasdaqvrna-given-consensus-recommendation-of-hold-by-analysts/,https://www.americanbankingnews.com/wp-content/timthumb/timthumb.php?src=https://www.marketbeat.com/logos/verona-pharma-plc-logo-1200x675.png?v=20221206110702&w=240&h=240&zc=2,2025-09-18T06:21:00Z,"Shares of Verona Pharma PLC American Depositary Share (NASDAQ:VRNA – Get Free Report) have been given a consensus rating of “Hold” by the fourteen analysts that are covering the company, MarketBeat.c… [+5929 chars]",business
"{'id': None, 'name': 'ETF Daily News'}",MarketBeat News,3D Systems Corporation (NYSE:DDD) Receives Average Rating of “Hold” from Analysts,"3D Systems Corporation (NYSE:DDD – Get Free Report) has been assigned an average recommendation of “Hold” from the four ratings firms that are covering the company, Marketbeat reports. Three investment analysts have rated the stock with a hold rating and one …",https://www.etfdailynews.com/2025/09/18/3d-systems-corporation-nyseddd-receives-average-rating-of-hold-from-analysts/,https://www.americanbankingnews.com/wp-content/timthumb/timthumb.php?src=https://www.marketbeat.com/logos/3d-systems-logo-1200x675.jpg&w=240&h=240&zc=2,2025-09-18T06:20:59Z,"3D Systems Corporation (NYSE:DDD – Get Free Report) has been assigned an average recommendation of “Hold” from the four ratings firms that are covering the company, Marketbeat reports. Three investme… [+3233 chars]",business
"{'id': None, 'name': 'ETF Daily News'}",MarketBeat News,WithSecure Oyj (OTCMKTS:FSOYF) Stock Price Up 88.9% – Time to Buy?,"WithSecure Oyj (OTCMKTS:FSOYF – Get Free Report)’s stock price traded up 88.9% during trading on Wednesday . The company traded as high as C$1.62 and last traded at C$1.62. 150 shares were traded during mid-day trading, a decline of 81% from the average sessi…",https://www.etfdailynews.com/2025/09/18/withsecure-oyj-otcmktsfsoyf-stock-price-up-88-9-time-to-buy/,https://www.americanbankingnews.com/wp-content/timthumb/timthumb.php?src=https://www.marketbeat.com/logos/withsecure-oyj-logo-1200x675.png?v=20230314141642&w=240&h=240&zc=2,2025-09-18T06:20:53Z,WithSecure Oyj (OTCMKTS:FSOYF – Get Free Report)’s stock price traded up 88.9% during trading on Wednesday . The company traded as high as C$1.62 and last traded at C$1.62. 150 shares were traded dur… [+1286 chars],business
"{'id': None, 'name': 'ETF Daily News'}",MarketBeat News,AMMO (NASDAQ:POWWP) Stock Price Up 0.1% – Here’s Why,"AMMO, Inc. (NASDAQ:POWWP – Get Free Report) was up 0.1% on Wednesday . The stock traded as high as $24.00 and last traded at $24.00. Approximately 393 shares traded hands during trading, a decline of 91% from the average daily volume of 4,273 shares. The stoc…",https://www.etfdailynews.com/2025/09/18/ammo-nasdaqpowwp-stock-price-up-0-1-heres-why/,https://www.americanbankingnews.com/wp-content/timthumb/timthumb.php?src=https://www.marketbeat.com/logos/ammo-inc-logo-1200x675.png&w=240&h=240&zc=2,2025-09-18T06:20:50Z,"AMMO, Inc. (NASDAQ:POWWP – Get Free Report) was up 0.1% on Wednesday . The stock traded as high as $24.00 and last traded at $24.00. Approximately 393 shares traded hands during trading, a decline of… [+1376 chars]",business
"{'id': None, 'name': 'ETF Daily News'}",MarketBeat News,Head-To-Head Comparison: Inhibikase Therapeutics (NYSE:IKT) & AIM ImmunoTech (NYSE:AIM),"AIM ImmunoTech (NYSE:AIM – Get Free Report) and Inhibikase Therapeutics (NYSE:IKT – Get Free Report) are both small-cap medical companies, but which is the better business? We will contrast the two businesses based on the strength of their risk, valuation, pr…",https://www.etfdailynews.com/2025/09/18/head-to-head-comparison-inhibikase-therapeutics-nyseikt-aim-immunotech-nyseaim/,https://www.americanbankingnews.com/wp-content/timthumb/timthumb.php?src=https://www.marketbeat.com/logos/inhibikase-therapeutics-inc-logo-1200x675.png&w=240&h=240&zc=2,2025-09-18T06:19:03Z,"AIM ImmunoTech (NYSE:AIM – Get Free Report) and Inhibikase Therapeutics (NYSE:IKT – Get Free Report) are both small-cap medical companies, but which is the better business? We will contrast the two b… [+5567 chars]",business
"{'id': None, 'name': 'ETF Daily News'}",MarketBeat News,Analyzing N-able (NYSE:NABL) and Amprius Technologies (NYSE:AMPX),"Amprius Technologies (NYSE:AMPX – Get Free Report) and N-able (NYSE:NABL – Get Free Report) are both small-cap business services companies, but which is the better business? We will contrast the two companies based on the strength of their risk, analyst recom…",https://www.etfdailynews.com/2025/09/18/analyzing-n-able-nysenabl-and-amprius-technologies-nyseampx/,https://www.americanbankingnews.com/wp-content/timthumb/timthumb.php?src=https://www.marketbeat.com/logos/n-able-inc-logo-1200x675.png?v=20240515130432&w=240&h=240&zc=2,2025-09-18T06:19:02Z,"Amprius Technologies (NYSE:AMPX – Get Free Report) and N-able (NYSE:NABL – Get Free Report) are both small-cap business services companies, but which is the better business? We will contrast the two … [+5131 chars]",business
"{'id': None, 'name': 'ETF Daily News'}",MarketBeat News,MetLife (NYSE:MET) Raised to Strong-Buy at Wolfe Research,"MetLife (NYSE:MET – Get Free Report) was upgraded by stock analysts at Wolfe Research to a “strong-buy” rating in a research report issued on Tuesday,Zacks.com reports. Several other brokerages have also weighed in on MET. Wall Street Zen lowered MetLife from…",https://www.etfdailynews.com/2025/09/18/metlife-nysemet-raised-to-strong-buy-at-wolfe-research/,https://www.americanbankingnews.com/wp-content/timthumb/timthumb.php?src=https://www.marketbeat.com/logos/metlife-inc-logo-1200x675.png?v=20231227090133&w=240&h=240&zc=2,2025-09-18T06:19:02Z,"MetLife (NYSE:MET – Get Free Report) was upgraded by stock analysts at Wolfe Research to a “strong-buy” rating in a research report issued on Tuesday,Zacks.com reports.
Several other brokerages have… [+4218 chars]",business
"{'id': None, 'name': 'ETF Daily News'}",MarketBeat News,JPMorgan Chase & Co. (NYSE:JPM) Price Target Raised to $345.00,"JPMorgan Chase & Co. (NYSE:JPM) had its target price increased by equities research analysts at Wells Fargo & Company from $325.00 to $345.00 in a research note issued to investors on Tuesday, Marketbeat reports. The brokerage currently has an “overweight” ra…",https://www.etfdailynews.com/2025/09/18/jpmorgan-chase-co-nysejpm-price-target-raised-to-345-00/,https://www.americanbankingnews.com/wp-content/timthumb/timthumb.php?src=https://www.marketbeat.com/logos/jpmorgan-chase--co-logo-1200x675.png?v=20221020142040&w=240&h=240&zc=2,2025-09-18T06:19:01Z,JPMorgan Chase &amp; Co. (NYSE:JPM) had its target price increased by equities research analysts at Wells Fargo &amp; Company from $325.00 to $345.00 in a research note issued to investors on Tuesday… [+5688 chars],business
"{'id': None, 'name': 'Us Weekly'}",Erin Carlson,Bella Hadid Shares Pics From Hospital Bed: ‘Sorry I Always Go MIA’,"Bella Hadid is giving her fans a health update. The model, 28, took to Instagram on Wednesday, September 17, and shared a series of personal photos that showed her lying in a hospital bed and hooked up to IVs. “I’m sorry I always go MIA I love you guys,” Bell…",https://www.usmagazine.com/celebrity-news/news/bella-hadid-explains-being-mia-amid-lyme-disease-battle/#article,https://www.usmagazine.com/wp-content/uploads/2025/09/Bella-Hadid-Explains-Being-MIA-Amid-Lyme-Disease-Battle-By-Sharing-Photos-From-the-Hospital-2215592557.jpg?crop=225px%2C0px%2C1775px%2C932px&resize=1200%2C630&quality=55&strip=all,2025-09-18T06:48:47Z,"Bella Hadid is giving her fans a health update.
The model, 28, took to Instagram on Wednesday, September 17, and shared a series of personal photos that showed her lying in a hospital bed and hooked… [+3631 chars]",health
"{'id': None, 'name': 'Thechronicle.com.gh'}",ERNEST BEST ANANE,"Fifty 50 Club breaks ground for GH¢70,000 Children’s Weighing Centre at Kyekyewere","The Kyekyewere-Dadwen Community-based Health Planning and Services (CHPS) compound is set to benefit from a new Children’s Weighing Centre, following a ground-breaking ceremony by Obuasi-based Non-Profit Organisation, the Fifty 50 Club. The facility, estimate…",https://thechronicle.com.gh/fifty-50-club-breaks-ground-for-gh¢70000-childrens-weighing-centre-at-kyekyewere/,https://thechronicle.com.gh/wp-content/uploads/2025/09/Nana-Aboagye-Sampa-Kyerewere-Dadwen-Dikro-cutting-the-sod-for-the-Project.jpg,2025-09-18T06:48:29Z,"The Kyekyewere-Dadwen Community-based Health Planning and Services (CHPS) compound is set to benefit from a new Childrens Weighing Centre, following a ground-breaking ceremony by Obuasi-based Non-Pro… [+1166 chars]",health
"{'id': None, 'name': 'The Straits Times'}",Yap Wei Qiang,Persons aged 40 and above can now redeem discounts of up to $110 to offset MediShield Life premiums,Every 75 Healthpoints can be used to redeem a MediShield Life premium discount of $1. Read more at straitstimes.com. Read more at straitstimes.com.,https://www.straitstimes.com/singapore/health/people-aged-40-and-above-can-now-redeem-discounts-of-up-to-580-to-offset-medishield-life-premiums,https://cassette.sphdigital.com.sg/image/straitstimes/3394a009ac32ff19e34a6c37b51e7d2c32b57c6382a2dc930035555f1b29d2f7,2025-09-18T06:44:43Z,"SINGAPORE A healthy lifestyle is paying off in more ways than one. 
From Sept 18, those aged 40 and above can use their Healthpoints to redeem discounts of up to $580 to offset their MediShield Life… [+2448 chars]",health
"{'id': None, 'name': 'Biztoc.com'}",statnews.com,FDA warning letters show how it intends to ratchet up pressure over drug ads,"WASHINGTON – In an unprecedented move, federal regulators published about 100 warning letters sent to pharmaceutical companies and health care providers, ordering them to stop or alter ads or other promotions the government considered misleading.
The letters …",https://biztoc.com/x/3661d3663ee735c2,https://biztoc.com/cdn/3661d3663ee735c2_s.webp,2025-09-18T06:38:23Z,"WASHINGTON In an unprecedented move, federal regulators published about 100 warning letters sent to pharmaceutical companies and health care providers, ordering them to stop or alter ads or other pro… [+151 chars]",health
"{'id': 'the-times-of-india', 'name': 'The Times of India'}",ET Online,"Brain-eating amoeba disease spreading in Kerala, 19 already dead: Check symptoms, treatment, and how to stay safe","Kerala confronts a health crisis due to rising PAM cases. This brain infection is caused by Naegleria fowleri. The state reports 69 cases in 2025, with 19 deaths. PAM spreads beyond Kozhikode, Malappuram, and Kannur. Infection occurs when contaminated water e…",https://economictimes.indiatimes.com/news/new-updates/brain-eating-amoeba-spreading-in-kerala-19-already-dead-check-symptoms-treatment-and-how-to-stay-safe/articleshow/123966147.cms,"https://img.etimg.com/thumb/msid-123966736,width-1200,height-630,imgsize-50855,overlay-economictimes/articleshow.jpg",2025-09-18T06:35:49Z,"Investment Ideas
Grow your wealth with stock ideas &amp; sectoral trends.
Stock Reports Plus
Buy low &amp; sell high with access to Stock Score, Upside potential &amp; more. 
BigBull Portfolio
G… [+439 chars]",health
"{'id': None, 'name': 'GlobeNewswire'}",AB Akola Group,AB Akola Group to invest €4.8 million in the expansion of two dairy farms: milk production at Sidabravo and Žibartonių ŽŪB to grow by one-third,"AB Akola Group, one of the largest agricultural and food production groups in the Baltic States, is launching dairy farm modernization projects worth more than €4.8 million at its Sidabravo and Žibartonių agricultural companies (ŽUB). Advanced milking equipme…",https://www.globenewswire.com/news-release/2025/09/18/3152164/0/en/AB-Akola-Group-to-invest-4-8-million-in-the-expansion-of-two-dairy-farms-milk-production-at-Sidabravo-and-%C5%BDibartoni%C5%B3-%C5%BD%C5%AAB-to-grow-by-one-third.html,https://ml-eu.globenewswire.com/Resource/Download/9e5ba0a3-646e-4349-8ea1-0404ad02f88f,2025-09-18T06:35:00Z,"AB Akola Group, one of the largest agricultural and food production groups in the Baltic States, is launching dairy farm modernization projects worth more than 4.8 million at its Sidabravo and ibarto… [+3862 chars]",health
"{'id': None, 'name': 'ETF Daily News'}",MarketBeat News,KeyCorp Issues Positive Forecast for Encompass Health (NYSE:EHC) Stock Price,"Encompass Health (NYSE:EHC – Get Free Report) had its target price hoisted by stock analysts at KeyCorp from $135.00 to $140.00 in a research report issued to clients and investors on Tuesday, Marketbeat reports. The firm currently has an “overweight” rating …",https://www.etfdailynews.com/2025/09/18/keycorp-issues-positive-forecast-for-encompass-health-nyseehc-stock-price/,https://www.americanbankingnews.com/wp-content/timthumb/timthumb.php?src=https://www.marketbeat.com/logos/encompass-health-co-logo-1200x675.png?v=20240125102530&w=240&h=240&zc=2,2025-09-18T06:32:48Z,"Encompass Health (NYSE:EHC – Get Free Report) had its target price hoisted by stock analysts at KeyCorp from $135.00 to $140.00 in a research report issued to clients and investors on Tuesday, Market… [+5217 chars]",health
"{'id': None, 'name': 'Whitecoatinvestor.com'}",Megan Scott,Getting Your Work Benefits Right,"Answering reader questions about how to understand and select employee stock ownership plans, selecting disability insurance from work and the tax implications of that, and potentially investing in an SPDA. 
The post Getting Your Work Benefits Right appeared …",https://www.whitecoatinvestor.com/getting-your-work-benefits-right-437/,https://www.whitecoatinvestor.com/wp-content/uploads/2025/09/Getting-Your-Work-Benefits-Right-437.png,2025-09-18T06:30:29Z,"Today, we are answering a variety of questions, including how to understand and select employee stock ownership plans. We talk about things to think about when signing up for benefits at work, includ… [+12871 chars]",health
"{'id': None, 'name': 'Economictimes.com'}",ET Online,7 Bollywood celebs who achieved jaw-dropping transformations without heavy workouts,"Not every Bollywood star spends hours lifting weights or doing hardcore gym sessions. Many turned to yoga, pilates, dance, and mindful eating to achieve their transformations. These stories prove that fitness is about lifestyle changes, not just the gym. Fitn…",https://m.economictimes.com/news/india/7-bollywood-celebs-who-achieved-jaw-dropping-transformations-without-heavy-workouts/fitness-secrets-for-healthy-weight-loss/slideshow/123966633.cms,"https://img.etimg.com/thumb/msid-123966633,width-1070,height-580,overlay-economictimes/slideshow.jpg",2025-09-18T06:29:51Z,"Sep 18, 2025, 12:00:42 PM IST
Not every Bollywood star
 spends hours lifting weights or doing hardcore gym sessions. Many turned to yoga
, pilates
, dance, and mindful eating to achieve their tra… [+1910 chars]",health
"{'id': 'abc-news-au', 'name': 'ABC News (AU)'}",Philippe Perez and Sarah Krieg,Healthcare provider blindsided by huge change at cancer treatment centre,A major cancer care centre on the Victorian-New South Wales border will become a fully public hospital in a move that has caught a healthcare provider by surprise and sparked community concern.,https://www.abc.net.au/news/2025-09-18/albury-wodonga-cancer-centre-hospital-ramsay-health-public/105786700,https://live-production.wcms.abc-cdn.net.au/2b8b29a1ad699ef529276d214c621a69?impolicy=wcms_watermark_news&cropH=1350&cropW=2400&xPos=0&yPos=125&width=862&height=485&imformat=generic,2025-09-18T06:27:04Z,"A major cancer care centre on the Victorian-New South Wales border will become a fully public hospital in a move that has caught a healthcare provider by surprise and sparked community concern.
The … [+3341 chars]",health
"{'id': None, 'name': 'BBC News'}",Soutik Biswas - India correspondent,Battling a rare brain-eating disease in an Indian state,"In Kerala this year, more than 70 people have been diagnosed and 19 have died from the brain-eating amoeba.",https://www.bbc.com/news/articles/c79ven0xxyqo?xtor=AL-72-%5Bpartner%5D-%5Byahoo.north.america%5D-%5Bheadline%5D-%5Bnews%5D-%5Bbizdev%5D-%5Bisapi%5D,https://s.yimg.com/ny/api/res/1.2/r.y3Zz88o3KlsjjPbBIqPQ--/YXBwaWQ9aGlnaGxhbmRlcjt3PTEyMDA7aD02NzU7Y2Y9d2VicA--/https://media.zenfs.com/en/bbc_us_articles_995/53f040aa105e396799efc03e1e37c840,2025-09-18T06:19:12Z,"On the eve of Onam, the most joyous festival in India's Kerala state, 45-year-old Sobhana lay shivering in the back of an ambulance, drifting into unconsciousness as her family rushed her to a medica… [+6434 chars]",health
"{'id': None, 'name': 'The Star Online'}",YEE XIANG YUN,"Unemployed Muar man nabbed for injuring father, setting house on fire",MUAR: An unemployed man was arrested for injuring his 70-year-old father and subsequently setting fire to his house in Kampung Tengah. Read full story,https://www.thestar.com.my/news/nation/2025/09/18/unemployed-muar-man-nabbed-for-injuring-father-setting-house-on-fire,https://apicms.thestar.com.my/uploads/images/2025/09/18/3527037.jpeg,2025-09-18T06:17:00Z,"MUAR: An unemployed man was arrested for injuring his 70-year-old father and subsequently setting fire to his house in Kampung Tengah.
Muar OCPD Asst Comm Raiz Mukhliz Azman Aziz said the 32-year-ol… [+668 chars]",health
"{'id': 'abc-news', 'name': 'ABC News'}","NAA ADORKOR CUDJOE Associated Press, OPE ADETAYO Associated Press","In coastal Ghana, female oyster farmers try to save an old practice threatened by climate change","In Ghana, women are struggling to sustain oyster farming, a key livelihood in coastal mangroves",https://abcnews.go.com/Business/wireStory/coastal-ghana-female-oyster-farmers-save-practice-threatened-125691831,https://i.abcnewsfe.com/a/9c550a67-3a31-4d3b-b115-3d32853eeb03/wirestory_21eeb251dbd0006e3da743c52e4a4e3d_16x9.jpg?w=1600,2025-09-18T06:11:06Z,"TSOKOMEY, Ghana -- Beatrice Nutekpor weaves through the mangroves in Tsokomey community, just outside of Ghanas capital of Accra, every day to harvest oysters for sale. Its a family tradition shes be… [+4184 chars]",health
"{'id': None, 'name': 'Solomonstarnews.com'}",Moffat Mamu,"Apprentice students support Naha’s birthing, urban health centre","Apprentice students support Naha’s birthing, urban health centresolomonstarnews.com",https://www.solomonstarnews.com/apprentice-students-support-nahas-birthing-urban-health-centre/,https://www.solomonstarnews.com/wp-content/uploads/2025/09/Apprentices.png,2025-09-18T06:10:51Z,Twelve (12) apprentices from the Solomon Islands National Universitys Technical and Further Education (SINU TAFE) program are undertaking workplace training at the Australianfunded Naha Birthing and … [+2538 chars],health
"{'id': None, 'name': 'ETF Daily News'}",MarketBeat News,Personal Group (LON:PGH) Price Target Raised to GBX 416,"Personal Group (LON:PGH – Get Free Report) had its target price increased by Canaccord Genuity Group from GBX 368 to GBX 416 in a research note issued on Tuesday, MarketBeat Ratings reports. The brokerage currently has a “buy” rating on the stock. Canaccord G…",https://www.etfdailynews.com/2025/09/18/personal-group-lonpgh-price-target-raised-to-gbx-416/,https://www.americanbankingnews.com/wp-content/timthumb/timthumb.php?src=https://www.marketbeat.com/logos/personal-group-holdings-plc-logo-1200x675.png?v=20211202094510&w=240&h=240&zc=2,2025-09-18T06:10:44Z,"Personal Group (LON:PGH – Get Free Report) had its target price increased by Canaccord Genuity Group from GBX 368 to GBX 416 in a research note issued on Tuesday, MarketBeat Ratings reports. The brok… [+1564 chars]",health
"{'id': None, 'name': 'WIVB.com - News 4'}",Mary Clare Jalonick And Joey Cappelletti,Republican leaders reject Democratic health care demands for bill to avoid shutdown,"WASHINGTON (AP) — Republican leaders in the House and Senate said Wednesday that they will reject Democratic demands for an immediate extension of health care subsidies, challenging Democrats to vote against a stopgap spending bill that doesn’t include them b…",https://www.wivb.com/news/political-news/ap-politics/ap-republican-leaders-reject-democratic-health-care-demands-for-bill-to-avoid-shutdown/,https://www.wivb.com/wp-content/uploads/sites/97/2025/09/68cb4b2b749186.49188621.jpeg?w=1280,2025-09-18T06:09:14Z,"WASHINGTON (AP) Republican leaders in the House and Senate said Wednesday that they will reject Democratic demands for an immediate extension of health care subsidies, challenging Democrats to vote a… [+4693 chars]",health
"{'id': None, 'name': 'Hurriyet Daily News'}",hurriyetdailynews.com,Health Ministry rolls out fitness programs for white-collar workers,"Türkiye’s Health Ministry has revealed a new set of exercise routines designed specifically for white-collar employees, allowing them to stay active even while working at a desk.",https://www.hurriyetdailynews.com/health-ministry-rolls-out-fitness-programs-for-white-collar-workers-213710,https://image.hurimg.com/i/hurriyet/75/200x200/68cafebaab2b2a9999475997.jpg,2025-09-18T06:08:45Z,"ANKARA
Türkiyes Health Ministry has revealed a new set of exercise routines designed specifically for white-collar employees, allowing them to stay active even while working at a desk.
According to… [+699 chars]",health
"{'id': 'cbs-news', 'name': 'CBS News'}",Carlos E. Castañeda,"California, western states issue COVID vaccine guidelines that break with CDC","California, Hawaii, Oregon and Washington on Wednesday issued unified recommendations on COVID-19, influenza and RSV vaccines that differ from those issued by the U.S. Centers for Disease Control and Prevention.",https://www.cbsnews.com/sanfrancisco/news/california-hawaii-oregon-washington-vaccines-covid-west-coast-health-alliance-cdc/,https://assets2.cbsnewsstatic.com/hub/i/r/2025/09/18/9f505478-e893-49b6-a999-6db4d919ca7d/thumbnail/1200x630/4c4fb242cc74d13ac3e0e197268c3480/gettyimages-1362799690.jpg,2025-09-18T06:08:00Z,"California, Hawaii, Oregon and Washington on Wednesday issued unified recommendations on COVID-19, influenza and RSV vaccines that differ from those issued by the U.S. Centers for Disease Control and… [+3250 chars]",health
"{'id': 'the-times-of-india', 'name': 'The Times of India'}",Trending Desk,"Once a week, a month, or never: Doctors reveal how often you can drink alcohol without risking cancer, heart, or brain damage","Doctors and research confirm that no amount of alcohol is safe, dispelling myths about its benefits. Alcohol consumption, even in moderation, elevates cancer risk, particularly breast cancer, and damages vital organs like the liver, pancreas, and brain. Studi…",https://economictimes.indiatimes.com/news/new-updates/once-a-week-a-month-or-never-doctors-reveal-how-often-you-can-drink-alcohol-without-risking-cancer-heart-or-brain-damage/articleshow/123965625.cms,"https://img.etimg.com/thumb/msid-123965949,width-1200,height-630,imgsize-753928,overlay-economictimes/articleshow.jpg",2025-09-18T06:07:55Z,"When it comes to smoking, the verdict is clear, avoid it at all costs. Alcohol, however, has long existed in a grey area. While most of us know that excessive drinking is dangerous, many still wonder… [+3392 chars]",health
"{'id': 'abc-news-au', 'name': 'ABC News (AU)'}",Pablo Viñales and Alexander Lewis,Next NSW senator as 'Queenslander as a Pauline Hanson fish and chips shop',An attempt to stop a Queenslander being parachuted into a NSW senate seat vacated by a One Nation senator has failed.,https://www.abc.net.au/news/2025-09-18/one-nation-queenslander-sean-bell-nsw-senator/105790262,https://live-production.wcms.abc-cdn.net.au/2d6e1ae64140169eacfc9610a5056e00?impolicy=wcms_watermark_news&cropH=1332&cropW=2368&xPos=0&yPos=145&width=862&height=485&imformat=generic,2025-09-18T06:07:36Z,"An attempt to stop a Queenslander being parachuted into a NSW senate seat vacated by a One Nation senator has failed.
Pauline Hanson's former advisor, Sean Bell, was officially nominated to fill the… [+2661 chars]",health
"{'id': None, 'name': 'The-independent.com'}",Shahana Yasmin,Benedict Cumberbatch and Florence Pugh join star-studded lineup at sold-out Palestinian benefit concert,Concert raises £1.5m for humanitarian relief efforts in Gaza,https://www.the-independent.com/arts-entertainment/music/news/benedict-cumberbatch-florence-pugh-palestine-concert-wembley-b2828812.html,"https://static.the-independent.com/2025/09/18/5/00/MixCollage-18-Sep-2025-11-06-AM-4061.jpg?trim=59,0,61,0&width=1200&height=800&crop=1200:800",2025-09-18T06:03:11Z,"Your support helps us to tell the story
From reproductive rights to climate change to Big Tech, The Independent is on the ground when the story is developing. Whether it's investigating the financia… [+7954 chars]",health
"{'id': None, 'name': 'ETF Daily News'}",MarketBeat News,Wolfe Research Upgrades Allstate (NYSE:ALL) to “Strong-Buy”,"Allstate (NYSE:ALL – Get Free Report) was upgraded by Wolfe Research to a “strong-buy” rating in a note issued to investors on Tuesday,Zacks.com reports. Other analysts also recently issued reports about the stock. UBS Group boosted their price target on shar…",https://www.etfdailynews.com/2025/09/18/wolfe-research-upgrades-allstate-nyseall-to-strong-buy/,https://www.americanbankingnews.com/wp-content/timthumb/timthumb.php?src=https://www.marketbeat.com/logos/the-allstate-co-logo-1200x675.png?v=20221101142845&w=240&h=240&zc=2,2025-09-18T06:02:47Z,"Allstate (NYSE:ALL – Get Free Report) was upgraded by Wolfe Research to a “strong-buy” rating in a note issued to investors on Tuesday,Zacks.com reports.
Other analysts also recently issued reports … [+4187 chars]",health
"{'id': None, 'name': 'ETF Daily News'}",MarketBeat News,UBS Group Boosts Credicorp (NYSE:BAP) Price Target to $318.00,"Credicorp (NYSE:BAP – Get Free Report) had its target price hoisted by equities researchers at UBS Group from $257.00 to $318.00 in a report issued on Tuesday, Marketbeat.com reports. The firm presently has a “buy” rating on the bank’s stock. UBS Group’s pric…",https://www.etfdailynews.com/2025/09/18/ubs-group-boosts-credicorp-nysebap-price-target-to-318-00/,https://www.americanbankingnews.com/wp-content/timthumb/timthumb.php?src=https://www.marketbeat.com/logos/credicorp-ltd-logo-1200x675.jpg?v=20221107152504&w=240&h=240&zc=2,2025-09-18T06:02:46Z,"Credicorp (NYSE:BAP – Get Free Report) had its target price hoisted by equities researchers at UBS Group from $257.00 to $318.00 in a report issued on Tuesday, Marketbeat.com reports. The firm presen… [+3999 chars]",health
"{'id': None, 'name': 'KVAL'}",Gold Meadows And Kval.com Staff,Merkley pushes new bill to push out health care corporations,"As health care corporations buy up clinics across Oregon and the country, Sen. Jeff Merkley and several other lawmakers have introduced new legislation to block",https://kval.com/news/local/merkley-pushes-new-bill-to-push-out-health-care-corporations,https://kval.com/resources/media2/16x9/4431/986/688x380/90/296dda8d-ee6e-49e3-96ba-31e43c05da32-AdobeStock_205979877.jpeg,2025-09-18T06:01:53Z,"As health care corporations buy up clinics across Oregon and the country, Sen. Jeff Merkley and several other lawmakers have introduced new legislation to block future bids to corporatize medical car… [+1489 chars]",health
"{'id': None, 'name': 'ETF Daily News'}",MarketBeat News,"DexCom, Inc. (NASDAQ:DXCM) Receives $99.89 Consensus Price Target from Brokerages","Shares of DexCom, Inc. (NASDAQ:DXCM – Get Free Report) have been assigned an average rating of “Moderate Buy” from the twenty-two analysts that are presently covering the company, MarketBeat.com reports. Five equities research analysts have rated the stock wi…",https://www.etfdailynews.com/2025/09/18/dexcom-inc-nasdaqdxcm-receives-99-89-consensus-price-target-from-brokerages/,https://www.americanbankingnews.com/wp-content/timthumb/timthumb.php?src=https://www.marketbeat.com/logos/dexcom-inc-logo-1200x675.png?v=20221024145045&w=240&h=240&zc=2,2025-09-18T06:01:05Z,"Shares of DexCom, Inc. (NASDAQ:DXCM – Get Free Report) have been assigned an average rating of “Moderate Buy” from the twenty-two analysts that are presently covering the company, MarketBeat.com repo… [+5998 chars]",health
"{'id': None, 'name': 'ETF Daily News'}",MarketBeat News,Comparing Security National Financial (NASDAQ:SNFCA) and Aviva (OTCMKTS:AVVIY),"Aviva (OTCMKTS:AVVIY – Get Free Report) and Security National Financial (NASDAQ:SNFCA – Get Free Report) are both finance companies, but which is the better investment? We will compare the two companies based on the strength of their institutional ownership, …",https://www.etfdailynews.com/2025/09/18/comparing-security-national-financial-nasdaqsnfca-and-aviva-otcmktsavviy/,https://www.americanbankingnews.com/wp-content/timthumb/timthumb.php?src=https://www.marketbeat.com/logos/security-national-financial-co-logo-1200x675.png?v=20221221134055&w=240&h=240&zc=2,2025-09-18T06:01:04Z,"Aviva (OTCMKTS:AVVIY – Get Free Report) and Security National Financial (NASDAQ:SNFCA – Get Free Report) are both finance companies, but which is the better investment? We will compare the two compan… [+5592 chars]",health
"{'id': None, 'name': 'ETF Daily News'}",MarketBeat News,Brokerages Set Centene Corporation (NYSE:CNC) Price Target at $38.33,"Shares of Centene Corporation (NYSE:CNC – Get Free Report) have earned an average rating of “Hold” from the seventeen analysts that are covering the firm, MarketBeat reports. One research analyst has rated the stock with a sell recommendation, thirteen have a…",https://www.etfdailynews.com/2025/09/18/brokerages-set-centene-corporation-nysecnc-price-target-at-38-33/,https://www.americanbankingnews.com/wp-content/timthumb/timthumb.php?src=https://www.marketbeat.com/logos/centene-co-logo-1200x675.png?v=20221024103941&w=240&h=240&zc=2,2025-09-18T06:01:00Z,"Shares of Centene Corporation (NYSE:CNC – Get Free Report) have earned an average rating of “Hold” from the seventeen analysts that are covering the firm, MarketBeat reports. One research analyst has… [+5558 chars]",health
"{'id': None, 'name': 'International Business Times'}",Maggy Donaldson with Charlotte Causit in Washington,US Vaccine Panel To Hold High-stakes Policy Meeting,A US panel stacked with figures sympathetic to the anti-vaccine movement will on Thursday take on federal immunization recommendations in a highly politicized meeting that could upend longstanding medical advice.,https://www.ibtimes.com/us-vaccine-panel-hold-high-stakes-policy-meeting-3783779,https://d.ibtimes.com/en/full/4622321/us-health-secretary-robert-f-kennedy-jr-noted-vaccine-skeptic-has-sought-overhaul-americas.jpg,2025-09-18T06:00:24Z,A US panel stacked with figures sympathetic to the anti-vaccine movement will on Thursday take on federal immunization recommendations in a highly politicized meeting that could upend longstanding me… [+3865 chars],health
"{'id': None, 'name': 'Naturalnews.com'}",Finn Heartley,US political unrest and European financial actions reflect escalating tensions,"Trump Designates Antifa as Terrorists – Following Charlie Kirk’s assassination, Trump labels Antifa a terrorist group, vows to probe Soros-linked funding, and empowers law enforcement to use lethal force against violent agitators. Political Violence Escalates…",https://www.naturalnews.com/2025-09-18-us-political-unrest-and-european-financial-actions-reflect-escalating-tensions.html,https://www.naturalnews.com/wp-content/uploads/sites/91/2025/09/2025-09-18-BBN-KIMMEL-DOWN.jpg,2025-09-18T06:00:00Z,"<ul><li>Trump Designates Antifa as Terrorists Following Charlie Kirks assassination, Trump labels Antifa a terrorist group, vows to probe Soros-linked funding, and empowers law enforcement to use let… [+4288 chars]",health
"{'id': None, 'name': 'Naturalnews.com'}",Lance D Johnson,Fixing the gut microbiome can stop recurrent UTIs and depression in women,"Antibiotics are backfiring: Repeated use of antibiotics for UTIs destroys protective Lactobacillus strains, leaving women more vulnerable to recurrence and antibiotic-resistant superbugs. The gut-vagina-brain connection is real: A disrupted microbiome doesn’t…",https://www.naturalnews.com/2025-09-18-fixing-the-gut-microbiome-can-stop-recurrent-utis-and-depression-in-women.html,https://www.naturalnews.com/wp-content/uploads/sites/91/2025/09/Intestinal-microbiome-1.jpeg,2025-09-18T06:00:00Z,"<ul><li>Antibiotics are backfiring: Repeated use of antibiotics for UTIs destroys protective Lactobacillus strains, leaving women more vulnerable to recurrence and antibiotic-resistant superbugs.</li… [+6333 chars]",health
"{'id': None, 'name': 'Naturalnews.com'}",Kevin Hughes,Health Ranger Report: Navigating the financial storm and global trade collapse with Chris Sullivan,"Countries are moving away from the U.S. dollar, rejecting the petrodollar system to escape U.S. economic dominance and global inflation export. U.S. President Trump’s tariffs aim to dismantle globalist systems, but challenges like labor shortages and regulati…",https://www.naturalnews.com/2025-09-18-navigating-financial-storm-trade-collapse-chris-sullivan.html,https://www.naturalnews.com/wp-content/uploads/sites/91/2025/09/Finance-Graphs-Banking.jpg,2025-09-18T06:00:00Z,"<ul><li>Countries are moving away from the U.S. dollar, rejecting the petrodollar system to escape U.S. economic dominance and global inflation export.</li><li>U.S. President Trump's tariffs aim to d… [+6781 chars]",health
"{'id': None, 'name': 'Naturalnews.com'}",Zoey Sky,Israel plans to use remote-controlled bomb robots on civilians in Gaza,"The Israeli military is using a new type of weapon in Gaza. These explosive-laden, remote-controlled vehicles are not just bombs but are designed to be driven into urban areas and detonated remotely, causing massive destruction. The primary goal of these robo…",https://www.naturalnews.com/2025-09-18-israel-sending-explosive-laden-robots-in-gaza.html,https://www.naturalnews.com/wp-content/uploads/sites/91/2025/09/Gaza-Map.jpg,2025-09-18T06:00:00Z,"<ul><li>The Israeli military is using a new type of weapon in Gaza. These explosive-laden, remote-controlled vehicles are not just bombs but are designed to be driven into urban areas and detonated r… [+6533 chars]",health
"{'id': None, 'name': 'Naturalnews.com'}",Cassie B.,"Cocoa extract may slow aging process by reducing chronic inflammation, major study finds",Cocoa extract significantly reduced a key marker of chronic inflammation in older adults. A major two-year clinical trial studied nearly 600 participants. The benefits were most pronounced in individuals with the highest baseline inflammation. The supplement …,https://www.naturalnews.com/2025-09-18-cocoa-extract-aging-chronic-inflammation.html,https://www.naturalnews.com/wp-content/uploads/sites/91/2025/09/Cocoa-Bean-Cacao.jpg,2025-09-18T06:00:00Z,<ul><li>Cocoa extract significantly reduced a key marker of chronic inflammation in older adults.</li><li>A major two-year clinical trial studied nearly 600 participants.</li><li>The benefits were mo… [+4727 chars],health
"{'id': None, 'name': 'Naturalnews.com'}",Cassie B.,"Big Pharmaâs antidepressant fraud exposed: Landmark teen study hid harms, showed no real benefits","A bombshell reanalysis reveals the 2004 TADS study on Prozac for teens was built on fraud, hiding 21 suicide-related events while exaggerating benefits. Prozac showed no measurable benefit over placebo after 12 weeks, with two-thirds of serious adverse events…",https://www.naturalnews.com/2025-09-18-big-harma-antidepressant-fraud-teen-study.html,https://www.naturalnews.com/wp-content/uploads/sites/91/2025/09/Money-Cost-Pills-Drugstore-Isolated-Pay-Bill.jpg,2025-09-18T06:00:00Z,"<ul><li>A bombshell reanalysis reveals the 2004 TADS study on Prozac for teens was built on fraud, hiding 21 suicide-related events while exaggerating benefits.</li><li>Prozac showed no measurable be… [+5460 chars]",health
"{'id': None, 'name': 'Naturalnews.com'}",Evangelyn Rodriguez,Burning the wrong firewood: What every prepper needs to know,"Well-dried hardwoods like oak, maple and hickory burn efficiently, produce high heat and minimize creosote buildup. Avoid burning green or wet wood, which smokes excessively and causes chimney fires. Never burn driftwood (releases chlorine gas), pressure-trea…",https://www.naturalnews.com/2025-09-18-burning-wrong-firewood-preppers-need-to-know.html,https://www.naturalnews.com/wp-content/uploads/sites/91/2025/09/Survival-Prepping-Fire-Camp.jpg,2025-09-18T06:00:00Z,"<ul><li>Well-dried hardwoods like oak, maple and hickory burn efficiently, produce high heat and minimize creosote buildup. Avoid burning green or wet wood, which smokes excessively and causes chimne… [+5107 chars]",health
"{'id': None, 'name': 'Naturalnews.com'}",Ava Grace,"A single workout unleashes the body’s built-in cancer defense, new research reveals",A single session of either resistance training or high-intensity interval training (HIIT) can immediately trigger the release of cancer-suppressing molecules into the bloodstream of breast cancer survivors. The beneficial effect is driven by myokines — specia…,https://www.naturalnews.com/2025-09-18-workout-unleashes-bodys-built-in-cancer-defense.html,https://www.naturalnews.com/wp-content/uploads/sites/91/2025/09/People-Working-Out-Healthy-Fit-Excercise-Gym.jpg,2025-09-18T06:00:00Z,<ul><li>A single session of either resistance training or high-intensity interval training (HIIT) can immediately trigger the release of cancer-suppressing molecules into the bloodstream of breast ca… [+7357 chars],health
"{'id': 'rte', 'name': 'RTE'}",Fergal Bowers,"15,000 more beds needed by 2040 - Nursing Homes Ireland",Ireland's ageing population means there will be a sharp rise in demand for both home support hours and long-term residential care beds up to 2040.,https://www.rte.ie/news/ireland/2025/0918/1534045-nursing-homes-conference/,https://www.rte.ie/images/0021974c-1600.jpg,2025-09-18T06:00:00Z,"Ireland's ageing population means there will be a sharp rise in demand for both home support hours and long-term residential care beds up to 2040.
That is based on new projections to be presented at… [+1629 chars]",health
"{'id': None, 'name': 'Theecologist.org'}",brendan,Ban dolphin hunt call,"Ban dolphin hunt call 

 
 Channel

 News

 
brendan
18th September 2025


 
 Teaser Media",https://theecologist.org/2025/sep/18/ban-dolphin-hunt-call,https://theecologist.org/sites/default/files/styles/facebook/public/2025-09/unknown.png?h=f084dbf2&itok=PlxT4qpD,2025-09-18T06:00:00Z,"Campaigners have condemned the latest hunt in the Faroe Islands after 285 pilot whales, the largest species of oceanic dolphins, were killed in a single day at Fuglafjørður.
Volunteers from the cons… [+1592 chars]",health
"{'id': None, 'name': 'Naturalnews.com'}",Finn Heartley,"Russia, Europe, and the economic ripple effects of sanctions and energy supply shocks","Sanctions Backfire, Russia Thrives – Western sanctions failed to cripple Russia—instead, Moscow pivoted to Asia, deepened ties with BRICS, and achieved stronger GDP growth than many Western economies by diversifying trade and energy exports. Energy Sabotage H…",https://www.naturalnews.com/2025-09-18-economic-ripple-effects-of-sanctions-and-energy-supply-shocks.html,https://www.naturalnews.com/wp-content/uploads/sites/91/2025/09/2025-09-18-BBN-Interview-with-Glenn-Diesen.jpg,2025-09-18T06:00:00Z,"<ul><li>Sanctions Backfire, Russia Thrives - Western sanctions failed to cripple Russiainstead, Moscow pivoted to Asia, deepened ties with BRICS, and achieved stronger GDP growth than many Western ec… [+5788 chars]",health
"{'id': None, 'name': 'Naturalnews.com'}",Cassie B.,Eczemaâs hidden toll: Study reveals shocking 55% higher suicide risk in sufferers,"Eczema patients face a 55% higher risk of suicidal thoughts due to sleep disorders, social stigma, and ineffective conventional treatments. Big Pharma profits from toxic steroid creams and immunosuppressants that worsen mental health while ignoring safer, nat…",https://www.naturalnews.com/2025-09-18-eczema-higher-suicide-risk-sufferers.html,https://www.naturalnews.com/wp-content/uploads/sites/91/2025/09/Psoriasis-Eczema-Treatment-Adult-Dermatology-Flaky-Itchy.jpg,2025-09-18T06:00:00Z,"<ul><li>Eczema patients face a 55% higher risk of suicidal thoughts due to sleep disorders, social stigma, and ineffective conventional treatments.</li><li>Big Pharma profits from toxic steroid cream… [+4937 chars]",health
"{'id': None, 'name': 'Naturalnews.com'}",Cassie B.,Israeli minister calls Gaza a “real estate bonanza” as bombs fall and Palestinians flee,"Israel’s Finance Minister Smotrich calls Gaza a “real estate bonanza” and openly discusses dividing its land for profit amid ongoing airstrikes. Plans include luxury resorts and mass surveillance while forcibly displacing Palestinians, backed by U.S. and Isra…",https://www.naturalnews.com/2025-09-18-israeli-minister-gaza-real-estate-bonanza.html,https://www.naturalnews.com/wp-content/uploads/sites/91/2025/09/Gaza-Map.jpg,2025-09-18T06:00:00Z,"<ul><li>Israels Finance Minister Smotrich calls Gaza a ""real estate bonanza"" and openly discusses dividing its land for profit amid ongoing airstrikes.</li><li>Plans include luxury resorts and mass s… [+5498 chars]",health
"{'id': None, 'name': 'Naturalnews.com'}",Cassie B.,“Gaza is burning”: Israelâs new assault kills 90 as world condemns war crimes,"Israel launched a brutal new ground offensive in Gaza City, killing at least 90 Palestinians while a UN commission ruled Israel is committing genocide. Israeli forces targeted civilian neighborhoods, hospitals, and infrastructure, forcing thousands to flee as…",https://www.naturalnews.com/2025-09-18-gaza-burning-israel-assault-war-crimes.html,https://www.naturalnews.com/wp-content/uploads/sites/91/2025/09/Israeli-military-strike-on-buildings-in-Gaza-City.jpg,2025-09-18T06:00:00Z,"<ul><li>Israel launched a brutal new ground offensive in Gaza City, killing at least 90 Palestinians while a UN commission ruled Israel is committing genocide.</li><li>Israeli forces targeted civilia… [+4567 chars]",health
"{'id': None, 'name': 'Naturalnews.com'}",Cassie B.,"Mediterranean diet slashes gum disease risk by fighting inflammation, study reveals","A Mediterranean diet rich in plants and olive oil significantly improves gum health. This diet lowers the key inflammatory markers that are linked to systemic disease, including gum disease. Frequent red meat consumption is tied to worse gum disease and highe…",https://www.naturalnews.com/2025-09-18-mediterranean-diet-gum-disease-inflammation.html,https://www.naturalnews.com/wp-content/uploads/sites/91/2025/09/Woman-Close-Up-White-Teeth-Smile.jpg,2025-09-18T06:00:00Z,"<ul><li>A Mediterranean diet rich in plants and olive oil significantly improves gum health.</li><li>This diet lowers the key inflammatory markers that are linked to systemic disease, including gum d… [+4004 chars]",health
"{'id': None, 'name': 'Naturalnews.com'}",Ava Grace,Landmark study confirms acupuncture is a potent remedy for back pain,A new NIH-funded study in JAMA Network Open found that acupuncture provides superior and sustained relief from chronic low back pain for adults over 65 compared to standard medical care alone. The rigorous “BackInAction” trial followed 800 older adults for a …,https://www.naturalnews.com/2025-09-18-study-confirms-acupuncture-potent-remedy-back-pain.html,https://www.naturalnews.com/wp-content/uploads/sites/91/2025/09/Acupuncture.jpg,2025-09-18T06:00:00Z,<ul><li>A new NIH-funded study in JAMA Network Open found that acupuncture provides superior and sustained relief from chronic low back pain for adults over 65 compared to standard medical care alone… [+7607 chars],health
"{'id': None, 'name': 'Press Herald'}",Joe Lawlor,Mills administration to apply for new federal rural health funding,The $50 billion Rural Health Transformation Fund is designed to partially offset upcoming cuts to Medicaid that were passed as part of the One Big Beautiful Bill.,https://www.pressherald.com/2025/09/17/mills-administration-to-apply-for-new-federal-rural-health-funding/,https://www.pressherald.com/wp-content/uploads/sites/4/2025/05/38288486_20250527_InlandClosedSign_6517-1748447347.jpg,2025-09-18T05:58:15Z,"The Mills administration announced Wednesday that it will be applying for funding from the Rural Health Transformation Fund, a new $50 billion national fund included in the Republican budget bill and… [+1469 chars]",health
"{'id': 'associated-press', 'name': 'Associated Press'}",Cathy Bussewitz,How to reframe negative thoughts and impostor syndrome at work,"When we make mistakes at work, it can lead to a cycle of negative thinking. Damaging thoughts swirl in our minds. The feeling of being an impostor, or doubting one’s abilities despite a track record of success, is common. Even on days when everything’s going …",https://apnews.com/article/workplace-anxiety-impostor-syndrome-cognitive-behavioral-therapy-d8f0d6bae16ab781cff369519539eaed,https://dims.apnews.com/dims4/default/7824d9a/2147483647/strip/true/crop/1920x1080+0+100/resize/1440x810!/quality/90/?url=https%3A%2F%2Fassets.apnews.com%2F11%2F84%2F09beb755b606a661637266513fe0%2F730738ce384f43f1b04d12cf03867e71,2025-09-18T05:57:45Z,"NEW YORK (AP) When we make mistakes at work, it can lead to a cycle of negative thinking.
The damaging thoughts swirl: Im an impostor. Im not smart enough. Im failing at my job.
Feeling like an imp… [+6750 chars]",health
"{'id': None, 'name': 'Theepochtimes.com'}",Rex Widerstrom,Psychologist Who Questioned Puberty Blockers Terminated by Queensland Health,Psychologist Who Questioned Puberty Blockers Terminated by Queensland Healththeepochtimes.com,https://www.theepochtimes.com/world/psychologist-who-questioned-puberty-blockers-terminated-by-queensland-health-5916761,https://img.theepochtimes.com/assets/uploads/2025/09/18/id5916780-Jillian-Spencer-1024x720.png,2025-09-18T05:57:40Z,"A clinical psychologist who raised concerns about the use of puberty blockers to treat children with gender dysphoria has been sacked by Queensland Health, despite the state government ordering an in… [+288 chars]",health
"{'id': None, 'name': 'Digital Journal'}",AFP,US vaccine panel to hold high-stakes policy meeting,"A US panel stacked with figures sympathetic to the anti-vaccine movement will take on federal immunization recommendations.
The post US vaccine panel to hold high-stakes policy meeting appeared first on Digital Journal.",https://www.digitaljournal.com/world/us-vaccine-panel-to-hold-high-stakes-policy-meeting/article,https://www.digitaljournal.com/wp-content/uploads/2025/09/2b82c50615f5d8a4ef357884eb4dddbb86c11b96.jpg,2025-09-18T05:57:20Z,"US Health Secretary Robert F. Kennedy Jr., a noted vaccine skeptic, has sought to overhaul America's premier medical institutions since taking office - Copyright AFP/File Alex WROBLEWSKI
A US panel … [+4080 chars]",health
"{'id': None, 'name': 'Yahoo Entertainment'}",Maggy Donaldson with Charlotte Causit in Washington,US vaccine panel to hold high-stakes policy meeting,A US panel stacked with figures sympathetic to the anti-vaccine movement will on Thursday take on federal immunization recommendations in a highly...,https://www.yahoo.com/news/articles/us-vaccine-panel-hold-high-055700160.html,https://media.zenfs.com/en/afp.com/da22626b40654e615d7ab1740a143121,2025-09-18T05:57:00Z,A US panel stacked with figures sympathetic to the anti-vaccine movement will on Thursday take on federal immunization recommendations in a highly politicized meeting that could upend longstanding me… [+3906 chars],health
"{'id': None, 'name': 'ETF Daily News'}",MarketBeat News,Baidu (NASDAQ:BIDU) Raised to “Buy” at Arete,"Baidu (NASDAQ:BIDU – Get Free Report) was upgraded by equities research analysts at Arete from a “sell” rating to a “buy” rating in a report issued on Tuesday, Marketbeat.com reports. The brokerage presently has a $143.00 target price on the information servi…",https://www.etfdailynews.com/2025/09/18/baidu-nasdaqbidu-raised-to-buy-at-arete/,https://www.americanbankingnews.com/wp-content/timthumb/timthumb.php?src=https://www.marketbeat.com/logos/baidu-inc-logo-1200x675.jpg?v=20221102142621&w=240&h=240&zc=2,2025-09-18T05:56:56Z,"Baidu (NASDAQ:BIDU – Get Free Report) was upgraded by equities research analysts at Arete from a “sell” rating to a “buy” rating in a report issued on Tuesday, Marketbeat.com reports. The brokerage p… [+4122 chars]",health
"{'id': None, 'name': 'CounterPunch'}",Patrick Mazza,"In the Disunited States, Conflict and Uncertainty Rule – Time to Come Home","In the U.S. these are days of dread. The air is filled with uncertainty. What comes next? Who can tell? The states increasingly divide, signified by the gerrymandering wars. Texas redistricts to eliminate Democratic congressional seats. California responds wi…",https://www.counterpunch.org/2025/09/18/in-the-disunited-states-conflict-and-uncertainty-rule-time-to-come-home/,https://www.counterpunch.org/wp-content/uploads/2025/09/IMG_2191-scaled.jpeg,2025-09-18T05:53:46Z,"Photograph by Nathaniel St. Clair
In the U.S. these are days of dread. The air is filled with uncertainty. What comes next? Who can tell?
The states increasingly divide, signified by the gerrymande… [+14934 chars]",health
"{'id': None, 'name': 'Namibiansun.com'}",Namibian Sun,MoHSS still open to working with \'reasonable middlemen\',"Health minister Dr Esperance Luvindao says the ministry is still open to working with “reasonable” middlemen for its clinical and pharmaceutical procurement, but those...",https://www.namibiansun.com/health/mohss-still-open-to-working-with-reasonable-middlemen2025-09-18170756,https://cdn.nmh.com.na:2083/S3Server/mynamibia-eu/nmhwebimages/2025/9/18/20250918470789.jpg,2025-09-18T05:53:35Z,"Please note: To read the article, please enter your details below. You will not need to register again for future visits. Access Before 10:00am - If you are a paid up subscriber kindly confirm your l… [+155 chars]",health
"{'id': None, 'name': 'Just Jared'}",Just Jared,"Cillian Murphy Joins Tracey Ullman, Jay Lycurgo, & More at 'Steve' Q&A Preview in London",Cillian Murphy is hard at work promoting his new movie! The 49-year-old Oscar-winning actor along with co-stars Tracey Ullman and Jay Lycurgo attended a Q&A preview of their movie Steve presented by BFI on Wednesday (September 17) held at BFI Southbank in Lon…,https://www.justjared.com/2025/09/18/cillian-murphy-joins-tracey-ullman-jay-lycurgo-more-at-steve-qa-preview-in-london/,https://cdn01.justjared.com/wp-content/uploads/headlines/2025/09/steve-bfi-preview.jpg,2025-09-18T05:50:02Z,"Cillian Murphy is hard at work promoting his new movie!
The 49-year-old Oscar-winning actor along with co-stars Tracey Ullman and Jay Lycurgo attended a Q&amp;A preview of their movie Steve presente… [+973 chars]",health
"{'id': None, 'name': 'WCVB Boston'}",Mary Clare Jalonick And Joey Cappelletti Associated Press,GOP rejects health care subsidies as shutdown looms,Republican leaders in the House and Senate are rejecting Democratic demands for health care subsidies in a bill to avoid a government shutdown.,https://www.wcvb.com/article/gop-rejects-health-care-subsidies-shutdown-looms/66492018,"https://kubrick.htvapps.com/htv-prod-media.s3.amazonaws.com/images/ap268cb1e6a960ff.jpg?crop=1.00xw:0.847xh;0,0.115xh&resize=1200:*",2025-09-18T05:49:31Z,"WASHINGTON —Republican leaders in the House and Senate said Wednesday that they will reject Democratic demands for an immediate extension of health care subsidies, challenging Democrats to vote again… [+4448 chars]",health
"{'id': None, 'name': 'WMTW Portland'}",Mary Clare Jalonick And Joey Cappelletti Associated Press,GOP rejects health care subsidies as shutdown looms,Republican leaders in the House and Senate are rejecting Democratic demands for health care subsidies in a bill to avoid a government shutdown.,https://www.wmtw.com/article/gop-rejects-health-care-subsidies-shutdown-looms/66492018,"https://kubrick.htvapps.com/htv-prod-media.s3.amazonaws.com/images/ap268cb1e6a960ff.jpg?crop=1.00xw:0.847xh;0,0.115xh&resize=1200:*",2025-09-18T05:49:12Z,"WASHINGTON —Republican leaders in the House and Senate said Wednesday that they will reject Democratic demands for an immediate extension of health care subsidies, challenging Democrats to vote again… [+4448 chars]",health
"{'id': None, 'name': 'Hawaii News Now'}",Hnn Staff,Hawaii Dept. of Health announces vaccine recommendations for respiratory virus season,The DOH is strongly encouraging health insurers to continue to cover immunizations at no cost to patients.,https://www.hawaiinewsnow.com/2025/09/18/hawaii-dept-health-announces-vaccine-recommendations-respiratory-virus-season/,https://gray-khnl-prod.gtv-cdn.com/resizer/v2/Z3BAMRBXW5CAJA3QP2VUDOK7UI.PNG?auth=bcabb195f5449c29b5a5a7d0bb0ed78cd3fed7a4d541873421b9910f2b1b290f&width=1200&height=600&smart=true,2025-09-18T05:48:01Z,"HONOLULU (HawaiiNewsNow) - The Hawaii Department of Health announced its recommendations for seasonal viruses, including the flu and COVID-19, on Wednesday.
Earlier this month, Hawaii teamed up Cali… [+1254 chars]",health
"{'id': None, 'name': 'ETF Daily News'}",MarketBeat News,"Privia Health Group, Inc. (NASDAQ:PRVA) Receives $28.58 Consensus Price Target from Analysts","Privia Health Group, Inc. (NASDAQ:PRVA – Get Free Report) has been given a consensus recommendation of “Moderate Buy” by the fourteen ratings firms that are covering the stock, Marketbeat.com reports. Two research analysts have rated the stock with a hold rec…",https://www.etfdailynews.com/2025/09/18/privia-health-group-inc-nasdaqprva-receives-28-58-consensus-price-target-from-analysts/,https://www.americanbankingnews.com/wp-content/timthumb/timthumb.php?src=https://www.marketbeat.com/logos/privia-health-group-inc-logo-1200x675.png?v=20221122121800&w=240&h=240&zc=2,2025-09-18T05:44:51Z,"Privia Health Group, Inc. (NASDAQ:PRVA – Get Free Report) has been given a consensus recommendation of “Moderate Buy” by the fourteen ratings firms that are covering the stock, Marketbeat.com reports… [+4526 chars]",health
"{'id': None, 'name': 'WPXI Pittsburgh'}",Anne D'innocenzio,Amazon spends $1 billion to increase pay and lower health care costs for US workers,Amazon says it’s investing $1 billion to raise wages and lower the cost of health care plans for its U.S. fulfillment and transportation workers,https://www.wpxi.com/news/amazon-spends-1/BJPKB62J6NADVGG72JYNJYULG4/,https://cmg-cmg-tv-10080-prod.cdn.arcpublishing.com/resizer/v2/https%3A%2F%2Fcloudfront-us-east-1.images.arcpublishing.com%2Fcmg%2FX3426CAW7Z43BYBYJEY6YBKJUU.jpg?auth=dcf5e584507a158d59c029167d19c784649068c9d32ebec687426b19ece6f59b&width=1200&height=630&smart=true,2025-09-18T05:43:23Z,"NEW YORK — (AP) Amazon says it's investing more than a $1 billion to raise wages and lower the cost of health care plans for its U.S. fulfillment and transportation workers.
The Seattle-based compan… [+2129 chars]",health
"{'id': None, 'name': 'CounterPunch'}",Mike Garrity,Alliance for the Wild Rockies Stops the Chop in the Colville National Forest,"Once again the Alliance for the Wild Rockies caught the Forest Service breaking the law, took the agency to court, and won. This time a Washington federal court has thrown out the Forest Service’s decision for the Sxwutn-Kaniksu Connections “Trail” Project. T…",https://www.counterpunch.org/2025/09/18/alliance-for-the-wild-rockies-stops-the-chop-in-the-colville-national-forest/,https://www.counterpunch.org/wp-content/uploads/2021/06/cp-default-share.png,2025-09-18T05:42:37Z,"Once again the Alliance for the Wild Rockies caught the Forest Service breaking the law, took the agency to court, and won. This time a Washington federal court has thrown out the Forest Service’s de… [+3583 chars]",health
"{'id': None, 'name': 'Economictimes.com'}",Agencies,Want glowing skin after 40? Add this to your diet daily,"Nutritionist Khushi revealed in a recent social media post, how one tablespoon of flaxseeds a day can be a true game-changer for women’s health after 40. These tiny seeds are rich in omega-3 fatty acids, fiber, and plant-based protein, therefore supporting bo…",https://m.economictimes.com/news/india/want-glowing-skin-after-40-add-this-to-your-diet-daily/nutritionist-reveals-the-best-flaxseed-hacks-for-womens-health/slideshow/123965340.cms,"https://img.etimg.com/thumb/msid-123965340,width-1070,height-580,overlay-economictimes/slideshow.jpg",2025-09-18T05:40:17Z,"Sep 18, 2025, 11:11:28 AM IST
Nutritionist Khushi
 revealed in a recent social media post, how one tablespoon of flaxseeds a day can be a true game-changer for women’s health after 40. These tiny s… [+2884 chars]",health
"{'id': 'abc-news-au', 'name': 'ABC News (AU)'}",Sophie Holder,Disability provider's 'dire' finances lead to job losses fear,"The federal disability minister says his concerns about Australia's second-largest disability employment provider, Bedford, have grown.",https://www.abc.net.au/news/2025-09-18/disability-employment-provider-bedford-financial-concerns/105787712,https://live-production.wcms.abc-cdn.net.au/cd541bee691ba8bc72b5f0acdc89fea8?impolicy=wcms_watermark_news&cropH=2268&cropW=4032&xPos=0&yPos=426&width=862&height=485&imformat=generic,2025-09-18T05:37:48Z,"The federal disability minister says his concerns about the financial state of the country's second-largest employer of people with a disability have grown.
According to its website, Bedford provide… [+2433 chars]",health
"{'id': 'the-times-of-india', 'name': 'The Times of India'}",Riya Sharma,Hyundai Motor India shares hit record high on signing 3-year wage pact with employees union,"Hyundai Motor India’s shares hit a record, rising 2.3% to Rs 2,711.10 on the NSE, after signing a three-year wage settlement with the United Union of Hyundai Employees (UUHE). The agreement, covering April 2024 to March 2027, includes what the company calls a…",https://economictimes.indiatimes.com/markets/stocks/news/hyundai-motor-india-shares-hit-record-high-on-signing-3-year-wage-pact-with-employees-union/articleshow/123965196.cms,"https://img.etimg.com/thumb/msid-123965176,width-1200,height-630,imgsize-25570,overlay-etmarkets/articleshow.jpg",2025-09-18T05:35:47Z,"Hyundai Motor Indias shares surged to a record on Thursday, rising 2.3% to Rs 2,711.10 on the NSE and extending gains for a second straight session, after the carmaker concluded a three-year wage set… [+1615 chars]",health
"{'id': None, 'name': 'New Atlas'}",Bronwyn Thompson,Cocoa flavanols help fight heart 'inflammaging' in older adults,"A daily cocoa extract supplement rich in flavanols appears to reduce age-related inflammation, according to new results from the largest study of its kind to date. The findings add biological support to earlier evidence that cocoa flavanols may help protect t…",https://newatlas.com/health-wellbeing/cocoa-flavanols-heart-inflammaging/,https://assets.newatlas.com/dims4/default/02b0344/2147483647/strip/true/crop/5760x3024+0+408/resize/1200x630!/quality/90/?url=https%3A%2F%2Fnewatlas-brightspot.s3.amazonaws.com%2Fbd%2F51%2F662426ec4128838523b44860e807%2Fdepositphotos-150308236-xl.jpg&na.image_optimisation=0,2025-09-18T05:35:44Z,"A daily cocoa extract supplement rich in flavanols appears to reduce age-related inflammation, according to new results from the largest study of its kind to date. The findings add biological support… [+4513 chars]",health
"{'id': 'abc-news', 'name': 'ABC News'}","NAA ADORKOR CUDJOE Associated Press, OPE ADETAYO Associated Press","In coastal Ghana, female oyster farmers try to save an old practice threatened by climate change","In Ghana, women are struggling to sustain oyster farming, a key livelihood in coastal mangroves",https://abcnews.go.com/International/wireStory/coastal-ghana-female-oyster-farmers-save-practice-threatened-125691739,https://i.abcnewsfe.com/a/9c550a67-3a31-4d3b-b115-3d32853eeb03/wirestory_21eeb251dbd0006e3da743c52e4a4e3d_16x9.jpg?w=1600,2025-09-18T05:35:14Z,"TSOKOMEY, Ghana -- Beatrice Nutekpor weaves through the mangroves in Tsokomey community, just outside of Ghanas capital of Accra, daily to harvest oysters for sale. Its a family tradition shes been d… [+4180 chars]",health
"{'id': None, 'name': 'ETF Daily News'}",MarketBeat News,Kikkoman Co. (OTCMKTS:KIKOY) Short Interest Update,"Kikkoman Co. (OTCMKTS:KIKOY – Get Free Report) was the target of a significant growth in short interest in the month of August. As of August 31st, there was short interest totaling 900 shares, a growth of 50.0% from the August 15th total of 600 shares. Based …",https://www.etfdailynews.com/2025/09/18/kikkoman-co-otcmktskikoy-short-interest-update/,https://www.americanbankingnews.com/wp-content/timthumb/timthumb.php?src=https://www.marketbeat.com/logos/kikkoman-co-logo-1200x675.png&w=240&h=240&zc=2,2025-09-18T05:34:52Z,"Kikkoman Co. (OTCMKTS:KIKOY – Get Free Report) was the target of a significant growth in short interest in the month of August. As of August 31st, there was short interest totaling 900 shares, a grow… [+1259 chars]",health
"{'id': None, 'name': 'The-independent.com'}",Molly Powell,NHS staffer now forced to work extra shifts to cover cost of Mounjaro,Carly Stokes dropped six stone in a year using the weight loss jab,https://www.the-independent.com/life-style/health-and-families/mounjaro-nhs-ozempic-cost-carly-stokes-b2828819.html,"https://static.the-independent.com/2025/09/17/06/16134647-dad9f187-e1e5-489d-8f61-0d163ee7e948.png?trim=131,0,830,0&width=1200&height=800&crop=1200:800",2025-09-18T05:34:18Z,"Your support helps us to tell the story
From reproductive rights to climate change to Big Tech, The Independent is on the ground when the story is developing. Whether it's investigating the financia… [+8323 chars]",health
"{'id': None, 'name': 'Geeky Gadgets'}",Roland Hutchinson,Apple Watch 11 vs Ultra 3 vs SE 3: Which Is The Best Value?,"Apple’s 2025 smartwatch lineup introduces three distinct models: the Apple Watch SE 3, Series 11, and Ultra 3. Each model is designed to cater to specific user needs, ranging from affordability and practicality to advanced features for outdoor enthusiasts. Th…",https://www.geeky-gadgets.com/apple-watch-11-vs-ultra-3-vs-se-3s-se-3-buyer-guide-which-should-you-buy/,https://www.geeky-gadgets.com/wp-content/uploads/2025/09/apple-watch-se3-vs-series11-ultra3-comparison_optimized.jpg,2025-09-18T05:30:10Z,"Apple’s 2025 smartwatch lineup introduces three distinct models: the Apple Watch SE 3, Series 11, and Ultra 3. Each model is designed to cater to specific user needs, ranging from affordability and p… [+4956 chars]",health
"{'id': None, 'name': 'ArchDaily'}",Antonia Piñeiro,Zaha Hadid Architects Develop 3D-Printed Habitats to Support Marine Ecosystem Restoration,Zaha Hadid Architects' design for a digitally fabricated marine habitat in the North Lantau Marine Park conservation zone in Hong Kong was recently presented at the World Design Congress exhibition in London. The event took place at the Barbican Centre betwee…,https://www.archdaily.com/1034247/zaha-hadid-architects-develop-3d-printed-habitats-to-support-marine-ecosystem-restoration,https://images.adsttc.com/media/images/68cb/0e89/7200/0201/8712/fbc8/large_jpg/zha_1.jpg?1758138036,2025-09-18T05:30:00Z,"ZHA'a Nereid digitally fabricated habitat at Londons World Design Congress, 2025 . Image © Luke Hayes
Zaha Hadid Architects' design for a digitally fabricated marine habitat in the North Lantau Mari… [+4510 chars]",health
"{'id': None, 'name': 'Forbes'}","Bill Frist, Contributor, 
 Bill Frist, Contributor
 https://www.forbes.com/sites/billfrist/",Breath By Breath: How Hotter Days And Pollution Are Affecting You Now,"Each of us takes about 20,000 breaths every single day—20,000 chances for the air around us to either sustain life or to quietly harm it.",https://www.forbes.com/sites/billfrist/2025/09/18/breath-by-breath-how-hotter-days-and-pollution-are-affecting-you-now/,https://imageio.forbes.com/specials-images/imageserve/68cb2ef1ffc6ffdd3a099bff/0x0.jpg?format=jpg&height=900&width=1600&fit=bounds,2025-09-18T05:30:00Z,"For years I did lung surgery most every day of the week. When I opened a patients chest to operate on a lung, Id look between the spread ribs, and the truth of our environment would be right there be… [+7601 chars]",health
"{'id': None, 'name': 'GlobeNewswire'}",ONWARD Medical NV,Concurrent Publications in Nature and Nature Medicine Highlight Advances in Blood Pressure Regulation after Spinal Cord Injury Using ONWARD ARC-IM Therapy,"EINDHOVEN, The Netherlands, Sept. 18, 2025 (GLOBE NEWSWIRE) -- ONWARD Medical N.V. (Euronext: ONWD – US ADR: ONWRY), the leading neurotechnology company pioneering therapies to restore movement, function, and independence in people with spinal cord injuries (…",https://www.globenewswire.com/news-release/2025/09/18/3152152/0/en/Concurrent-Publications-in-Nature-and-Nature-Medicine-Highlight-Advances-in-Blood-Pressure-Regulation-after-Spinal-Cord-Injury-Using-ONWARD-ARC-IM-Therapy.html,https://ml.globenewswire.com/Resource/Download/a60261ec-0c66-4acb-8726-e567073990a2,2025-09-18T05:30:00Z,"<ul><li>Detailed results from clinical feasibility studies show immediate improvement in blood pressure stability and durable reduction of hypotensive symptoms, resulting in improved quality of life<… [+10276 chars]",health
"{'id': None, 'name': 'RNZ'}",Rnz News,Health Minister Simeon Brown blames doctors' union for failed pay talks,A 48-hour strike by 5500 senior hospital doctors will go ahead next week after their union spurned Health NZ's latest pay offer.,https://www.rnz.co.nz/news/political/573466/health-minister-simeon-brown-blames-doctors-union-for-failed-pay-talks,https://media.rnztools.nz/rnz/image/upload/s--ihOd4ctZ--/t_tohu-badge-facebook/v1741302876/4KAX3FP_Image_9_jpg?_a=BACCd2AD,2025-09-18T05:29:41Z,"Health Minister Simeon Brown. Photo: Calvin Samuel / RNZ
<ul><li> A 48-hour strike by senior doctors is to go ahead.</li><li> Health NZ has asked the Employment Relations Authority to override barga… [+4158 chars]",health
"{'id': None, 'name': 'Independent.ie'}",Karl Henry,‘I started running during COVID and lost four stone’ - Alan O’Reilly AKA Carlow Weather on his fitness journey,Do people exercise more in winter or summer? How does weather affect mood? And why do we have such variable weather in Ireland?,https://www.independent.ie/podcasts/real-health-podcast/i-started-running-during-covid-and-lost-four-stone-alan-oreilly-aka-carlow-weather-on-his-fitness-journey/a46954727.html,https://focus.independent.ie/thumbor/22frXgMRECKgSaoQRaV7G6YqWXQ=/150x0:1770x1080/629x0/prod-mh-ireland/1e6418c2-d8e6-446e-9b4a-d207430ae4bb/459cbad9-e3a5-4ac4-8413-3f1dd88585f1/1e6418c2-d8e6-446e-9b4a-d207430ae4bb.jpg,2025-09-18T05:27:10Z,"Do people exercise more in winter or summer? How does weather affect mood? And why do we have such variable weather in Ireland?Alan OReilly, Carlow Weather weatherman, joins me on this weeks episode … [+1028 chars]",health
"{'id': None, 'name': 'Independent.ie'}",Karl Henry,"Real Health podcast: Why weather affects us more than we think with Alan O’Reilly, Carlow Weather",Do people exercise more in winter or summer? How does weather affect mood? And why do we have such variable weather in Ireland?,https://www.independent.ie/podcasts/real-health-podcast/real-health-podcast-why-weather-affects-us-more-than-we-think-with-alan-oreilly-carlow-weather/a46954727.html,https://focus.independent.ie/thumbor/zdzEXRmJsAm0LeSuHBsJEMH5Hqw=/150x0:1770x1080/629x0/prod-mh-ireland/1e6418c2-d8e6-446e-9b4a-d207430ae4bb/3c2f9268-cf9d-4069-8bbf-ac8e8719dc03/1e6418c2-d8e6-446e-9b4a-d207430ae4bb.jpg,2025-09-18T05:27:09Z,"Do people exercise more in winter or summer? How does weather affect mood? And why do we have such variable weather in Ireland?Alan OReilly, Carlow Weather weatherman, joins me on this weeks episode … [+921 chars]",health
"{'id': None, 'name': 'The-independent.com'}",Helen Coffey,Touch grass: How Gen Z stopped going outside and why it matters,"As a new study reveals that most British young people stay indoors for days at a time, it starts to make sense of why we’re witnessing the mass decline of mental health – and the continuing rise of the age of rage, writes Helen Coffey",https://www.the-independent.com/life-style/gen-z-outside-natures-indoors-b2828370.html,"https://static.the-independent.com/2025/09/17/14/13/iStock-2159187877.jpg?trim=0,300,0,300&width=1200&height=800&crop=1200:800",2025-09-18T05:24:50Z,"Your support helps us to tell the story
From reproductive rights to climate change to Big Tech, The Independent is on the ground when the story is developing. Whether it's investigating the financia… [+6989 chars]",health
"{'id': None, 'name': 'KOCO Oklahoma City'}",Mary Clare Jalonick And Joey Cappelletti Associated Press,GOP rejects health care subsidies as shutdown looms,Republican leaders in the House and Senate are rejecting Democratic demands for health care subsidies in a bill to avoid a government shutdown.,https://www.koco.com/article/gop-rejects-health-care-subsidies-shutdown-looms/66492018,"https://kubrick.htvapps.com/htv-prod-media.s3.amazonaws.com/images/ap268cb1e6a960ff.jpg?crop=1.00xw:0.847xh;0,0.115xh&resize=1200:*",2025-09-18T05:23:24Z,"WASHINGTON —Republican leaders in the House and Senate said Wednesday that they will reject Democratic demands for an immediate extension of health care subsidies, challenging Democrats to vote again… [+4448 chars]",health
"{'id': None, 'name': 'The Conversation Africa'}","Rachel Neale, Professor and Senior Group Leader, QIMR Berghofer Medical Research Institute, Briony Duarte Romero, Researcher, Population Health Program, QIMR Berghofer Medical Research Institute, Vu Tran, PhD Candidate, QIMR Berghofer Medical Research Institute",If I use SPF50+ sunscreen every day do I need to take vitamin D?,"New research suggests yes, you may need to take a vitamin D supplement.",https://theconversation.com/if-i-use-spf50-sunscreen-every-day-do-i-need-to-take-vitamin-d-265479,https://images.theconversation.com/files/691280/original/file-20250917-56-889yzo.jpg?ixlib=rb-4.1.0&rect=0%2C354%2C2121%2C1060&q=45&auto=format&w=1356&h=668&fit=crop,2025-09-18T05:21:53Z,"Cavan Images/Kathleen Carney/Getty
What does wearing SPF50+ sunscreen every day do to your vitamin D levels? Our study, recently published in the British Journal of Dermatology, provides some answer… [+5356 chars]",health
"{'id': None, 'name': 'ETF Daily News'}",MarketBeat News,Zacks Research Has Negative Outlook of PBH Q3 Earnings,"Prestige Consumer Healthcare Inc. (NYSE:PBH – Free Report) – Equities researchers at Zacks Research lowered their Q3 2026 earnings estimates for shares of Prestige Consumer Healthcare in a report issued on Tuesday, September 16th. Zacks Research analyst Team …",https://www.etfdailynews.com/2025/09/18/zacks-research-has-negative-outlook-of-pbh-q3-earnings/,https://www.americanbankingnews.com/wp-content/timthumb/timthumb.php?src=https://www.marketbeat.com/logos/prestige-consumer-healthcare-inc-logo-1200x675.jpg?v=20221121160940&w=240&h=240&zc=2,2025-09-18T05:20:43Z,Prestige Consumer Healthcare Inc. (NYSE:PBH – Free Report) – Equities researchers at Zacks Research lowered their Q3 2026 earnings estimates for shares of Prestige Consumer Healthcare in a report iss… [+4351 chars],health
"{'id': None, 'name': 'Nep123.com'}",Editor, Arun Valley Hydro’s HUGE Dividend Announcement! ⚡️,Arun Valley Hydropower Announces Dividend! Stock Market News and Investor Alert Arun Valley Hydropower Development Company Limited has just announced a dividend for its shareholders!...,https://nep123.com/%f0%9f%92%b0-arun-valley-hydros-huge-dividend-announcement-%e2%9a%a1%ef%b8%8f%f0%9f%93%88%f0%9f%92%b0/,https://nep123.com/wp-content/uploads/2025/07/city_road_ghanta.jpg,2025-09-18T05:20:10Z,Arun Valley Hydropower Development Company Limited has just announced a dividend for its shareholders! This is exciting news for investors looking for investment opportunities in the Nepali stock mar… [+1503 chars],health
"{'id': None, 'name': 'ETF Daily News'}",MarketBeat News,Credicorp (NYSE:BAP) Hits New 1-Year High on Analyst Upgrade,Credicorp Ltd. (NYSE:BAP – Get Free Report) hit a new 52-week high during trading on Tuesday after UBS Group raised their price target on the stock from $257.00 to $318.00. UBS Group currently has a buy rating on the stock. Credicorp traded as high as $270.62…,https://www.etfdailynews.com/2025/09/18/credicorp-nysebap-hits-new-1-year-high-on-analyst-upgrade/,https://www.americanbankingnews.com/wp-content/timthumb/timthumb.php?src=https://www.marketbeat.com/logos/credicorp-ltd-logo-1200x675.jpg?v=20221107152504&w=240&h=240&zc=2,2025-09-18T05:14:57Z,Credicorp Ltd. (NYSE:BAP – Get Free Report) hit a new 52-week high during trading on Tuesday after UBS Group raised their price target on the stock from $257.00 to $318.00. UBS Group currently has a … [+4502 chars],health
"{'id': None, 'name': 'The-independent.com'}",Jacob Stolworthy,Arnold Schwarzenegger shares honest view on why Charlie Kirk was killed,"‘He’s spot on with the problem,’ one fan said after ‘Terminator’ star spoke candidly on subject",https://www.the-independent.com/arts-entertainment/films/news/charlie-kirk-shooting-arnold-schwarzenegger-democracy-b2828864.html,https://static.the-independent.com/2025/09/17/09/Arnie-Charlie-Kirk.jpg?width=1200&height=800&crop=1200:800,2025-09-18T06:48:24Z,"Your support helps us to tell the story
From reproductive rights to climate change to Big Tech, The Independent is on the ground when the story is developing. Whether it's investigating the financia… [+3684 chars]",politics
"{'id': None, 'name': 'Nofilmschool.com'}",Vishal Wagh,14 Times Meryl Streep Stole the Screen,"Meryl Streep isn’t one of your actors who shows up, memorizes lines, and walks away.She is known for reinventing herself every single time she’s on screen. From a tormented Holocaust survivor in Sophie’s Choice (1982) to a razor-sharp fashion mogul in The Dev…",https://nofilmschool.com/best-meryl-streep-roles,https://nofilmschool.com/media-library/image.jpg?id=61610816&width=1200&height=600&coordinates=0%2C40%2C0%2C40,2025-09-18T06:41:07Z,"Meryl Streep isnt one of your actors who shows up, memorizes lines, and walks away.
She is known for reinventing herself every single time shes on screen. From a tormented Holocaust survivor in Soph… [+15218 chars]",politics
"{'id': None, 'name': 'Biztoc.com'}",cnn.com,China allows American banker placed under exit ban to leave country following discussions with US,,https://biztoc.com/x/13e532dcfdb68776,https://biztoc.com/cdn/950/og.png,2025-09-18T06:27:24Z,"{ window.open(this.href, '_blank'); }, 200); return false;""&gt;Why did the Federal Reserve cut interest rates? { window.open(this.href, '_blank'); }, 200); return false;""&gt;How will the Fed rate cut… [+679 chars]",politics
"{'id': 'abc-news', 'name': 'ABC News'}","FU TING Associated Press, KEN MORITSUGU Associated Press",China says it wants to protect coral reefs in South China Sea. Experts are doubtful,China’s declaration of a nature reserve in the South China Sea is the latest twist in its yearslong push to establish control over the strategically important waters,https://abcnews.go.com/International/wireStory/china-protect-coral-reefs-south-china-sea-experts-125691001,https://i.abcnewsfe.com/a/c62a0520-cdb5-41a8-995e-9d2c4e45482f/wirestory_3b9e648e72573794a71ab35d32030611_16x9.jpg?w=1600,2025-09-18T06:17:59Z,"Chinas declaration of a nature reserve in the South China Sea is the latest twist in its yearslong push to establish control over the strategically important waters and sea lane.
The National Forest… [+4101 chars]",politics
"{'id': 'the-times-of-india', 'name': 'The Times of India'}",Divyadeep Singh,"Jimmy Kimmel’s clip on ‘repulsive’ liberal voices from Sarah Silverman podcast shared by Charlie Kirk month before his assassination, goes viral; watch video here",ABC has suspended Jimmy Kimmel Live. This decision follows accusations that Kimmel misrepresented the politics of Charlie Kirk's alleged assassin. A video clip of Kimmel discussing liberal voices went viral after Kirk's death. Disney CEO Bob Iger and Dana Wal…,https://economictimes.indiatimes.com/news/international/us/jimmys-kimmels-clip-on-repulsive-liberal-voices-from-sarah-silverman-podcast-shared-by-charlie-kirk-month-before-his-assassination-goes-viral-watch-video-here/articleshow/123965990.cms,"https://img.etimg.com/thumb/msid-123966017,width-1200,height-630,imgsize-1090433,overlay-economictimes/articleshow.jpg",2025-09-18T06:12:28Z,"Hours after ABC suspended Jimmy Kimmels late-night show, Jimmy Kimmel Live!, a recent video of him shared by Charlie Kirk, exactly a month before his assassination, went viral. In the video, which wa… [+1517 chars]",politics
"{'id': None, 'name': 'Freerepublic.com'}",Breitbart,Obama Defends His Mass Migration ‘Experiment’ After Charlie Kirk Shooting,"Former President Barack Obama is trying to manage and redirect the huge civic conflicts that he fueled with his “experiment” in nation-changing mass migration. “[I] insist that in that process of debate, we respect other people’s right to say things that we p…",https://freerepublic.com/focus/f-news/4341232/posts,,2025-09-18T06:11:46Z,"Skip to comments.
Obama Defends His Mass Migration Experiment After Charlie Kirk ShootingBreitbart ^
 | 17 Sep 2025
 | Neil Munro
Posted on 09/17/2025 11:11:46 PM PDT by Olog-hai
Former Presiden… [+7357 chars]",politics
"{'id': 'the-times-of-india', 'name': 'The Times of India'}",Maitreyee Thakkar,"Charlie Kirk backed Russian invasion of Ukraine, annexation of Crimea; called Zelenskyy a CIA puppet, gets a makeshift memorial in Moscow","A controversial memorial honoring Charlie Kirk and Iryna Zarutska appeared in Moscow, sparking outrage and political exploitation. Kirk, known for his pro-Russian stance on Ukraine, was assassinated, while Zarutska, a Ukrainian refugee, was murdered. The Krem…",https://economictimes.indiatimes.com/news/international/us/charlie-kirk-backed-russian-invasion-of-ukraine-annexation-of-crimea-called-zelenskyy-a-cia-puppet-gets-a-makeshift-memorial-in-moscow/articleshow/123965319.cms,"https://img.etimg.com/thumb/msid-123965633,width-1200,height-630,imgsize-292816,overlay-economictimes/articleshow.jpg",2025-09-18T06:02:35Z,"A makeshift memorial featuring portraits, flowers, and candles for American conservative activist Charlie Kirk and Ukrainian refugee Iryna Zarutska appeared outside the US Embassy in Moscow on Septem… [+2928 chars]",politics
"{'id': None, 'name': 'The Daily Caller'}",Morgan Murphy,MORGAN MURPHY: Charlie Kirk And The Pivotal Turning Point In Our Culture,"Even before Charlie Kirk was pronounced dead, legacy media and liberal commentators were already speculating how to pin his assassination on MAGA supporters.",https://dailycaller.com/2025/09/18/opinion-charlie-kirk-and-the-pivotal-turning-point-in-our-culture-morgan-murphy/,"https://images.dailycaller.com/image/width=1280,height=549,fit=cover,format=webp,f=auto/https://cdn01.dailycaller.com/wp-content/uploads/2025/09/GettyImages-2235240155-scaled-e1758054536672.jpg",2025-09-18T06:01:49Z,"Even before Charlie Kirk was pronounced dead by President Trump last Thursday at 4:40 EST, legacy media and liberal commentators were already speculating how to pin the civil rights leader’s assassin… [+4356 chars]",politics
"{'id': None, 'name': 'TheJournal.ie'}",Johnny Fallon,Johnny Fallon: How Eurovision makes its decision on Israel will have long and lasting impact,"Eurovision and its organisers are facing a serious challenge, writes commentator Johnny Fallon.",https://www.thejournal.ie/readme/opinion-eurovision-decision-israel-impacts-rules-6819243-Sep2025/,https://img2.thejournal.ie/article/6819243/river/?height=400&version=6819256,2025-09-18T06:00:46Z,"THE EUROVISION SONG Contest is facing one of its biggest challenges in 70 years. More importantly, the European Broadcasting Union (EBU) is now facing a serious threat to its role and remit.
The EBU… [+5473 chars]",politics
"{'id': 'abc-news-au', 'name': 'ABC News (AU)'}",Brett Worthington,Coalition erupts over climate and Albo returns empty-handed,"This week in politics, the prime minister returned home from the Pacific empty-handed and the climate debate continued to unsettle the Coalition.",https://www.abc.net.au/news/2025-09-18/anthony-albanese-png-coalition-climate/105767026,https://live-production.wcms.abc-cdn.net.au/46d5192753fc7cf8b1dd669cc651149c?impolicy=wcms_watermark_news&cropH=450&cropW=800&xPos=0&yPos=1&width=862&height=485&imformat=generic,2025-09-18T06:00:29Z,"Welcome back to your weekly federal politics update, where Brett Worthington gets you up to speed on the happenings from Parliament House.
The first rule of politics is: When your opponent is tearin… [+7629 chars]",politics
"{'id': None, 'name': 'Naturalnews.com'}",Kevin Hughes,FBI investigates Armed Queers SLC for possible foreknowledge of Charlie Kirk assassination,Authorities investigate Tyler Robinson’s ties to Marxist paramilitary group Armed Queers SLC and other pro-trans online communities for possible prior knowledge or involvement in the assassination plot. Armed Queers SLC trains queer individuals to oppose capi…,https://www.naturalnews.com/2025-09-18-armed-queers-slc-under-investigation-kirk-murder.html,https://www.naturalnews.com/wp-content/uploads/sites/91/2025/09/Transgender-School-Shooter_568984472.jpg,2025-09-18T06:00:00Z,<ul><li>Authorities investigate Tyler Robinsons ties to Marxist paramilitary group Armed Queers SLC and other pro-trans online communities for possible prior knowledge or involvement in the assassina… [+6533 chars],politics
"{'id': None, 'name': 'Naturalnews.com'}",Willow Tohi,An epidemic of HATE: Confronting the calculated strategy behind social decay,"In the 1960s and 1970s, radical groups like the Baader-Meinhof gang and the Weather Underground sowed chaos and division through violence and hatred. Academia became a safe haven for these radicals, who recast their struggle in academic terms like “social jus…",https://www.naturalnews.com/2025-09-18-confronting-the-calculated-strategy-behind-social-decay.html,https://www.naturalnews.com/wp-content/uploads/sites/91/2025/09/ad_225475261.jpg,2025-09-18T06:00:00Z,"<ul><li>In the 1960s and 1970s, radical groups like the Baader-Meinhof gang and the Weather Underground sowed chaos and division through violence and hatred.</li><li>Academia became a safe haven for … [+4214 chars]",politics
"{'id': None, 'name': 'EURACTIV'}",Sofia Mandilara,Farage casts shadow over UK-EU ties,"In today’s edition: French authorities brace for nationwide protests with 800,000 expected on the streets, two Italian lawmakers tied to Qatargate rejoin the S&D after suspension, and environment ministers meet on the 2035 climate target as Denmark pushes a U…",https://www.euractiv.com/news/rapporteur-farage-casts-shadow-over-uk-eu-ties/,https://www.euractiv.com/content/uploads/sites/2/2025/09/Rapporteur-LOGO-1200-x-800-px-1-1.png,2025-09-18T05:53:55Z,"Welcome to Rapporteur, the newsletter formerly known as The Capitals. Im Eddy Wax, joined by Nicoletta Ionta in Brussels. Each day well bring you up to speed on the stories shaping EU and European po… [+12432 chars]",politics
"{'id': 'al-jazeera-english', 'name': 'Al Jazeera English'}",Elizabeth Melimopoulos,What did Jimmy Kimmel say about Charlie Kirk before ABC pulled his show?,Kimmel accused President Trump's MAGA movement of trying to politically capitalise on the murder of Charlie Kirk.,https://www.aljazeera.com/news/2025/9/18/what-did-jimmy-kimmel-say-about-charlie-kirk-before-abc-pulled-his-show,https://www.aljazeera.com/wp-content/uploads/2025/09/AP25258780767336-1758163494.jpg?resize=1920%2C1440,2025-09-18T05:48:55Z,"Disney-owned ABC has pulled Jimmy Kimmel Live off the air indefinitely after the host caused controversy with remarks about Charlie Kirks alleged killer.
Jimmy Kimmel Live will be preempted indefini… [+8194 chars]",politics
"{'id': 'the-irish-times', 'name': 'The Irish Times'}",Sian Cain,Jimmy Kimmel’s TV show suspended indefinitely after Charlie Kirk comments,Trump’s chair of US broadcast regulator threatened ABC network’s licence if action was not taken against host,https://www.irishtimes.com/world/us/2025/09/18/jimmy-kimmels-tv-show-suspended-indefinitely-after-charlie-kirk-comments/,https://www.irishtimes.com/resizer/v2/YEIERSNXXRCWFMBWKAQNEYGKAI.jpg?smart=true&auth=85efe7274e90f0b4565dcaf039ab570b6831394ad0f59e8667c92dc8d357e92b&width=1200&height=630,2025-09-18T05:35:47Z,"Jimmy Kimmel Live! will be suspended indefinitely after comments he made about the killing of Charlie Kirk, ABC has announced, hours after the Trump-appointed chair of the US broadcast regulator thre… [+4060 chars]",politics
"{'id': None, 'name': 'Freethoughtblogs.com'}",William Brinkman,‘Ghost who cannot be named’ spotted in Bolingbrook (Fiction),"Several Bolingbrook residents claimed they encountered the unnamable ghost terrorizing the United States by attacking anyone critical of it. The residents, who asked that their last names not be published, described a ghost with flames in its eye sockets and …",https://freethoughtblogs.com/babbler/2025/09/18/ghost-who-cannot-be-named-spotted-in-bolingbrook-fiction/,https://freethoughtblogs.com/babbler/wp-content/themes/ftb2-theme/images/logo.gif,2025-09-18T05:35:32Z,"Several Bolingbrook residents claimed they encountered the unnamable ghost terrorizing the United States by attacking anyone critical of it.
The residents, who asked that their last names not be pub… [+2113 chars]",politics
"{'id': None, 'name': 'New Zealand Herald'}",Jamie Ensor,Green MP Benjamin Doyle gives final speech after sudden resignation,Doyle says they have been on a 'journey of healing'.,https://www.nzherald.co.nz/nz/politics/green-mp-benjamin-doyle-gives-final-speech-after-sudden-resignation/ES7UIOXSPFAN5CFCUKTHWQDHVM/,https://www.nzherald.co.nz/resizer/v2/DV62XNMMEJH6PPEZFOTWKZBOSA.jpg?auth=7200d82be9454ece04c13d274fe3857c2e426d917e6c5196a63ca7f91a78f9ca&width=1200&height=675&quality=70&focal=1029%2C517&smart=false,2025-09-18T05:30:00Z,"Outgoing Green MP Benjamin Doyle will deliver their valedictory speech in Parliament this evening, following their decision to resign amid a social media firestorm over old Instagram posts and result… [+2759 chars]",politics
"{'id': None, 'name': 'New Zealand Herald'}",Thomas Coughlan,Nicola Willis’ toughest day as GDP shrinks 0.9% in June quarter – Thomas Coughlan,OPINION: The Finance Minister was on the mat but the Opposition failed to strike.,https://www.nzherald.co.nz/nz/politics/nicola-willis-toughest-day-thomas-coughlan/LYWR5DQKABEZFAX5CAFN7FEEPM/,https://www.nzherald.co.nz/resizer/v2/PK6LII2KIVG5JCABINWTDMN6YY.jpg?auth=1fd4cba888b6bf05c1bc89b99661d04785129523b76d5b4727a824023b15a45a&width=1200&height=675&quality=70&smart=true,2025-09-18T05:23:43Z,"Willis, an avid reader, will be familiar with William Faulkners quote, the past is never dead. Its not even past.
And on Thursday, when the GDP print came in showing an enormous 0.9% contraction in … [+8288 chars]",politics
"{'id': None, 'name': 'Freerepublic.com'}",The Hill,House Republicans pass 2 more bills to overhaul DC crime policies,"House Republicans passed two more bills on Wednesday to overhaul the criminal justice system of Washington, D.C., a day after adopting two pieces of legislation that will restructure how juvenile cases are handled in the nation’s capital. The House greenlight…",https://freerepublic.com/focus/f-news/4341227/posts,,2025-09-18T05:12:34Z,"Skip to comments.
House Republicans pass 2 more bills to overhaul DC crime policiesThe Hill ^
 | 09/17/25
 | Filip Timotija
Posted on 09/17/2025 10:12:34 PM PDT by fluorescence
House Republicans… [+1795 chars]",politics
"{'id': 'the-irish-times', 'name': 'The Irish Times'}",Pádraic Fogarty,Colonialism still a puppet master of today’s extinction crisis,Decolonising entrenched patterns of power and thinking needed as part of response to environmental nightmare,https://www.irishtimes.com/environment/2025/09/18/colonialism-still-a-puppet-master-of-todays-extinction-crisis/,https://www.irishtimes.com/resizer/v2/MIRKLPGBWED3MMBE6UULYIRHO4.jpg?smart=true&auth=a8fd2a93590a5eb70af9e0233e5e76895d7c28cad23ec4dc9e8da778ca6f3654&width=1200&height=630,2025-09-18T05:09:00Z,"In the early 1900s, a young Winston Churchill travelled through Britains possessions in East Africa, including modern-day Uganda, Kenya, Sudan and South Sudan, later recounting his adventures in a bo… [+8519 chars]",politics
"{'id': None, 'name': 'BBC News'}",,A four-minute sit-down with Liberal Democrats leader Sir Ed Davey,"Sir Ed Davey, leader of the Lib Dems, speaks to BBC London ahead of this autumn's party conference.",https://www.bbc.com/news/articles/cvgn67mr0gno,https://ichef.bbci.co.uk/news/1024/branded_news/bdca/live/6b439470-93da-11f0-abfc-670aca6e6d7c.jpg,2025-09-18T05:01:03Z,"Ahead of this autumn's party conferences, BBC London's political editor Karl Mercer is sitting down with leaders, or deputy leaders, for four minutes each to discuss some of the key issues facing the… [+4196 chars]",politics
"{'id': 'the-irish-times', 'name': 'The Irish Times'}",Peter McGuire,The dos and don’ts of starting a new job: 15 expert tips for graduates,What you should know when beginning full-time work,https://www.irishtimes.com/ireland/education/2025/09/18/the-dos-and-donts-of-starting-a-new-job-15-expert-tips-for-graduates/,https://www.irishtimes.com/resizer/v2/JDYELRDAVZBLJONXDOPDT5266E.jpg?smart=true&auth=b15a55a2e4eb23626f58707a200d6b58811bbc73489a8c8c33f290fb3ea68b68&width=1200&height=630,2025-09-18T05:01:00Z,"Life is fairly clear in full-time education. You go to classes, you do your work, you get your marks.
The workplace, however, is very different. You have to figure out how the company works, whos wh… [+10082 chars]",politics
"{'id': None, 'name': 'Starcommunity.com.au'}",Jin Hui,Business as usual but crime frustration grows,"Days after the burglary incident at an IGA in Narre Warren North, its staff and nearby businesses are pushing ahead with business as usual. On the night of Saturday, 13 September, three male offenders entered the supermarket on Oakview Boulevard around 6:15pm…",https://berwicknews.starcommunity.com.au/news/2025-09-18/business-as-usual-but-crime-frustration-grows/,https://berwicknews.starcommunity.com.au/files/2025/09/narreiga_504598_01.jpg,2025-09-18T05:00:57Z,"Days after the burglary incident at an IGA in Narre Warren North, its staff and nearby businesses are pushing ahead with business as usual. 
On the night of Saturday, 13 September, three male offend… [+3495 chars]",politics
"{'id': None, 'name': 'The-independent.com'}",Chris Harvey,Jeffrey Archer: ‘Nigel Farage is the best mob orator I’ve heard in my lifetime – I could never vote for him’,"As he publishes his 30th novel, the former deputy chair of the Conservative Party is showing no signs of slowing down. In his riverside penthouse in London, he talks to Chris Harvey about the rise of Reform, Peter Mandelson’s sacking over his friendship with …",https://www.the-independent.com/arts-entertainment/books/features/jeffrey-archer-end-game-interview-farage-b2828092.html,"https://static.the-independent.com/2025/09/17/9/27/JA_25.jpeg?trim=0,0,0,0&width=1200&height=800&crop=1200:800",2025-09-18T05:00:00Z,"Your support helps us to tell the story
From reproductive rights to climate change to Big Tech, The Independent is on the ground when the story is developing. Whether it's investigating the financia… [+13709 chars]",politics
"{'id': 'the-irish-times', 'name': 'The Irish Times'}",Jack Power,Fancy working as an EU official? There’s a very competitive exam to pass first,A small industry has developed around coaching would-be-officials how to pass EU institution exams,https://www.irishtimes.com/world/europe/2025/09/18/fancy-working-as-an-eu-official-theres-a-very-competitive-exam-to-pass-first/,https://www.irishtimes.com/resizer/v2/NX5WDUCGCNEJVOOX6M7BUQDUV4.jpg?smart=true&auth=5c25015c8f722623d6e8ae9abadad062d59e0b76811b005aad867c464b12dc51&width=1200&height=630,2025-09-18T04:59:00Z,"What year was the Treaty of Rome signed? What is the gender balance of Ursula von der Leyens team of European Union (EU) commissioners? And what does the European flag look like? 
If you can rattle … [+5047 chars]",politics
"{'id': None, 'name': 'Slashdot.org'}",feedfeeder,'Safety before politics': West Coast alliance issues joint vaccine recommendations - SFGATE,'Safety before politics': West Coast alliance issues joint vaccine recommendationsSFGATE West Coast governors issue COVID-19 vaccine guidance after CDC concernsOregon Public Broadcasting - OPB California breaks from Trump and RFK Jr. over vaccinesPolitico Wes…,https://slashdot.org/firehose.pl?op=view&amp;id=179339156,,2025-09-18T04:52:10Z,The Fine Print: The following comments are owned by whoever posted them. We are not responsible for them in any way.,politics
"{'id': None, 'name': 'TheWrap'}",Ross A. Lincoln,Chris Hayes Says Jimmy Kimmel Suspension Is Part of Trump’s Plan to Suppress Dissent and ‘Consolidate Power’ | Video,"""This is just the latest chapter in Donald Trump's ongoing campaign to crack down on free speech,"" the MSNBC host says
The post Chris Hayes Says Jimmy Kimmel Suspension Is Part of Trump’s Plan to Suppress Dissent and ‘Consolidate Power’ | Video appeared first…",https://www.thewrap.com/chris-hayes-jimmy-kimmel-donald-trump-free-speech/,https://www.thewrap.com/wp-content/uploads/2025/09/Chris-Hayes-on-Trumps-crackdown-on-the-first-amendment-after-Jimmy-Kimmel-suspension.jpg,2025-09-18T04:48:44Z,Chris Hayes had a bleak assessment of the national situation after ABC suspended Jimmy Kimmel “indefinitely” in response to conservative outrage over comments he made about the man who murdered Charl… [+4923 chars],politics
"{'id': 'the-times-of-india', 'name': 'The Times of India'}",Divyadeep Singh,Here's what Jimmy Kimmel said about Charlie Kirk that got him fired from ABC show,"ABC has suspended ""Jimmy Kimmel Live!"" indefinitely following controversial comments made by Kimmel regarding the murder of conservative commentator Charlie Kirk. The decision came after accusations that Kimmel mischaracterized the suspect's politics and crit…",https://economictimes.indiatimes.com/news/international/us/heres-what-jimmy-kimmel-said-about-charlie-kirk-that-got-him-fired-from-abc-show/articleshow/123963679.cms,"https://img.etimg.com/thumb/msid-123963700,width-1200,height-630,imgsize-74508,overlay-economictimes/articleshow.jpg",2025-09-18T04:36:55Z,"Jimmy Kimmel, American television host and comedian, landed in trouble for his comments on the killing of conservative commentator Charlie Kirk during his late-night show, Jimmy Kimmel Live!. ABC ann… [+2389 chars]",politics
"{'id': None, 'name': 'BBC News'}",,Sex abuse charges against top Australian radio host downgraded,He faces 27 charges which allege that he indecently assaulted or groped nine men from 2001 to 2019.,https://www.bbc.com/news/articles/c5y8ldlvpzgo,https://ichef.bbci.co.uk/news/1024/branded_news/aaaa/live/c70f9f40-9436-11f0-bcfb-291ec8ba7700.jpg,2025-09-18T04:30:21Z,"Prosecutors have downgraded some of the most serious sex abuse charges against veteran broadcaster and former Wallabies coach Alan Jones after a court hearing on Thursday. 
Mr Jones now faces 27 cha… [+2481 chars]",politics
"{'id': None, 'name': 'Ahouseinthehills.com'}",Prof. Alan Weiss,What is a Celtic Female Warrior Called: History Guide,"Have you ever wondered what it meant to be a Celtic female warrior? I think it’s one of those topics that feels both surprising and fascinating. You’re often told about Celtic men leading battles, but the women in these societies had more influence than many …",https://ahouseinthehills.com/what-is-a-celtic-female-warrior-called-history-guide/,https://ahouseinthehills.com/wp-content/uploads/2025/09/What-is-a-Celtic-female-warrior-called-History-guide.png,2025-09-18T04:29:42Z,"Have you ever wondered what it meant to be a Celtic female warrior? I think its one of those topics that feels both surprising and fascinating.
Youre often told about Celtic men leading battles, but… [+5688 chars]",politics
"{'id': None, 'name': 'Israelnationalnews.com'}",Michael Weinberg.,The Divided States of America?,The reactions to Charlie Kir's murder are a warning. Who is reporting news based on facts and who just wants to confuse readers and muddy the waters? Opinion.,https://www.israelnationalnews.com/news/415128,https://2.a7.org/files/pictures/000/1092765.jpg,2025-09-18T04:26:22Z,We are living in a world turned upside down. Heroes are now the villains. Terrorists and murderers are the heroes. The world is a murky swamp where the truth is hidden and lies are propagated as the … [+2863 chars],politics
"{'id': None, 'name': 'Freerepublic.com'}",The Hill,Washington Post columnist says she was fired over Charlie Kirk posts,"Columnist Karen Attiah says she was fired by The Washington Post last week over a series of social media posts about gun control and race in the wake of the assassination of conservative activist Charlie Kirk.“As a columnist, I used my voice to defend freedom…",https://freerepublic.com/focus/f-news/4341214/posts,,2025-09-18T04:23:34Z,"Skip to comments.
Washington Post columnist says she was fired over Charlie Kirk postsThe Hill ^
 | 09/17/2025
 | Dominick Mastrangelo
Posted on 09/17/2025 9:23:34 PM PDT by SeekAndFind
Columnis… [+3419 chars]",politics
"{'id': None, 'name': 'BBC News'}",,Why America is at a dangerous crossroads following the Charlie Kirk shooting,"This moment has parallels with other periods of discord in US history, but it is more complicated than simply repeating them.",https://www.bbc.com/news/articles/c78n0e83ye0o,https://ichef.bbci.co.uk/news/1024/branded_news/18e9/live/4ff31d80-93b2-11f0-b391-6936825093bd.png,2025-09-18T04:18:51Z,"It has been a brutal week in America and I'm not the only one wondering whether the country can pull itself out of this spiral of hatred and violence.
After one of the most searing assassinations in… [+11231 chars]",politics
"{'id': None, 'name': 'Juancole.com'}",Dan Steinbock,Smotrich’s Apocalyptic “Decisive Plan” for Gaza,"Bezazel Smotrich is one of political leaders of Israel’s Messianic far-right. But he is also a shrewd administrator executing a biblical “decisive plan” of ethnic cleansing in Gaza, which he is incorporating into Israel. New York (Special to Informed Comment;…",https://www.juancole.com/2025/09/smotrichs-apocalyptic-decisive.html,https://media.juancole.com/images/2025/09/IMG_4193.jpg,2025-09-18T04:15:15Z,"Bezazel Smotrich is one of political leaders of Israel’s Messianic far-right. But he is also a shrewd administrator executing a biblical “decisive plan” of ethnic cleansing in Gaza, which he is incor… [+6787 chars]",politics
"{'id': None, 'name': 'Biztoc.com'}",bloomberg.com,Trump’s UK State Visit Shifts From Pomp to Politics and Investment,,https://biztoc.com/x/c58aeb408a88ce93,https://biztoc.com/cdn/c58aeb408a88ce93_s.webp,2025-09-18T04:13:36Z,"{ window.open(this.href, '_blank'); }, 200); return false;""&gt;Why did the Fed cut interest rates today? { window.open(this.href, '_blank'); }, 200); return false;""&gt;How is Tesla addressing door ha… [+744 chars]",politics
"{'id': None, 'name': 'EURACTIV'}",Sofia Mandilara,Slovak officials fuming at Czech minister for attending Bratislava protest,"A Czech minister’s appearance at an anti-government protest in Bratislava has sparked fury in Slovakia, deepening a diplomatic rift between the once closely aligned neighbours",https://www.euractiv.com/news/slovak-officials-fuming-at-czech-minister-for-attending-bratislava-protest/,https://www.euractiv.com/content/uploads/sites/2/2025/09/GettyImages-2198233838.jpg,2025-09-18T04:11:25Z,"BRATISLAVA Several Slovak ministers criticised Czech Interior Minister Vít Rakuan for attending Tuesdays anti-government protest in Bratislava, stressing he should not interfere in Slovakias internal… [+1510 chars]",politics
"{'id': None, 'name': 'Juancole.com'}",The Conversation,"The Middle East faces Climate Breakdown, but its Media ignores it","By Marianna Poberezhskaya, Nottingham Trent University; Imad El-Anis, Nottingham Trent University, and Marwa Mustafa, Nottingham Trent University (The Conversation) - The Middle East is experiencing a period of intense political and economic turbulence, with …",https://www.juancole.com/2025/09/climate-breakdown-ignores.html,https://media.juancole.com/images/2025/09/arjun-lama-0r58JBt0PMI-unsplash.jpg,2025-09-18T04:04:16Z,"By Marianna Poberezhskaya, Nottingham Trent University; Imad El-Anis, Nottingham Trent University, and Marwa Mustafa, Nottingham Trent University
(The Conversation) – The Middle East is experiencing… [+6437 chars]",politics
"{'id': None, 'name': 'Cointelegraph'}",Cointelegraph by Jesse Coghlan,Memecoiners erect a 12-foot golden Trump Bitcoin statue near US Capitol,A 12-foot-tall golden statue of Donald Trump holding a Bitcoin was placed outside the US Capitol by organisers who created a memecoin for the stunt.,https://cointelegraph.com/news/memecoiners-golden-trump-bitcoin-statue-us-capitol,"https://images.cointelegraph.com/cdn-cgi/image/format=auto,onerror=redirect,quality=90,width=1200/https://s3.cointelegraph.com/uploads/2025-09/019959fe-8c31-789f-ad44-b498473c4cef",2025-09-18T04:00:05Z,"Memecoiners plonked a giant golden statue of President Donald Trump holding a Bitcoin outside the US Capitol as part of a Pump.fun livestream stunt on Wednesday, as an ode to the crypto-supporting pr… [+3679 chars]",politics
"{'id': None, 'name': 'Slj.com'}",Betsy Bird,Never Seen THAT Before! A Talk with Millie von Platen About Her Zohran Mamdani Book,"It may be a one-of-a-kind picture book, at least in the history of American publishing. A picture book about a mayoral candidate put out by a major publisher? How did this happen?",https://afuse8production.slj.com/2025/09/18/never-seen-that-before-a-talk-with-millie-von-platen-about-her-zohran-mamdani-book/,https://afuse8production.slj.com/wp-content/uploads/2025/09/ZohranWalksNewYork.png,2025-09-18T04:00:00Z,"I couldn’t resist. You’ll have to forgive me but deep down, in my heart of hearts, I’m a children’s literature academic. So I’m endlessly fascinated by those books coming out today that will serve as… [+6135 chars]",politics
"{'id': None, 'name': 'Americanthinker.com'}",,The rank hypocrisy of Democrats crying over Jimmy Kimmel’s suspension,"Jimmy Kimmel used his platform on ABC to spread lies about Charlie Kirk’s alleged assassin. For that, Kimmel was suspended indefinitely. Hollywood’s leftists are up in arms, so it’s time to remind them of what the word “hypocr...",https://www.americanthinker.com/blog/2025/09/the_rank_hypocrisy_of_democrats_crying_over_jimmy_kimmel_s_suspension.html,https://images.americanthinker.com/rp/rp25venrvrfthai6w7af_800.jpg,2025-09-18T04:00:00Z,"Jimmy Kimmel used his platform on ABC to spread lies about Charlie Kirk’s alleged assassin. For that, Kimmel was suspended indefinitely. Hollywood’s leftists are up in arms, so it’s time to remind th… [+5649 chars]",politics
"{'id': None, 'name': 'Americanthinker.com'}",,Leftists ‘counter-protesters’ throw tantrum as parents demand school reform,"Some parents no longer arrive at school board meetings or community rallies with the expectation of civil debate.  Instead, they come braced for harassment, knowing that some groups will lie in wait to disrupt, intimidate, and silence speec...",https://www.americanthinker.com/blog/2025/09/leftists_counter_protesters_throw_tantrum_as_parents_demand_school_reform.html,https://images.americanthinker.com/imported/2023-03/244638_800.jpg,2025-09-18T04:00:00Z,"Some parents no longer arrive at school board meetings or community rallies with the expectation of civil debate.  Instead, they come braced for harassment, knowing that some groups will lie in wait … [+7341 chars]",politics
"{'id': None, 'name': 'Americanthinker.com'}",,Diabolus Ex Machina: The Online World and Young Male Violence,"Former FBI agent James Fitzgerald was recently on Laura Ingraham’s show discussing the Charlie Kirk assassination after the shooter was taken into custody. In response to the question we all have—namely, how does a 22 year old straight-A ...",https://www.americanthinker.com/articles/2025/09/diabolus_ex_machina_the_online_world_and_young_male_violence.html,https://images.americanthinker.com/ps/psbslf71qgpuloxnu9vr_800.jpg,2025-09-18T04:00:00Z,Former FBI agent James Fitzgerald was recently on Laura Ingraham’s show discussing the Charlie Kirk assassination after the shooter was taken into custody. In response to the question we all have—nam… [+7317 chars],politics
"{'id': None, 'name': 'Americanthinker.com'}",,Bye Bye Jimmy,"In 1965, the Four Seasons released “Bye Bye Baby.” Today, there is a new top hit called “Bye Bye Jimmy,” referring to the recently suspended Jimmy Kimmel.

 



Image generated by ChatGPT

A few years earlier, in ...",https://www.americanthinker.com/articles/2025/09/bye_bye_jimmy.html,https://images.americanthinker.com/fb/fbcwjoeqdzeuopuwapbs_800.jpg,2025-09-18T04:00:00Z,"In 1965, the Four Seasons released “Bye Bye Baby.” Today, there is a new top hit called “Bye Bye Jimmy,” referring to the recently suspended Jimmy Kimmel.
Image generated by ChatGPT
A few years ear… [+6344 chars]",politics
"{'id': None, 'name': 'Israelnationalnews.com'}",Israel National News,'Hollywood run by Jews': Canadian broadcaster ousts journalist over antisemitic comments,"Journalist Élisa P. Serret fired from Radio-Canada after making ""unacceptable"" antisemitic comments on-air. Canadian Culture Minister condemns the remarks.",https://www.israelnationalnews.com/news/415127,https://2.a7.org/files/pictures/000/1199293.jpg,2025-09-18T03:57:09Z,"A Canadian journalist has been terminated from her position at the public broadcaster Radio-Canada, the French-language service of the Canadian Broadcasting Corporation, after making what were descri… [+1797 chars]",politics
"{'id': 'abc-news-au', 'name': 'ABC News (AU)'}",ABC News,Breaking: SA Deputy Premier and Treasurer to quit politics ahead of state election,"South Australia's Deputy Premier Susan Close and Treasurer Stephen Mullighan will quit politics and not contest next year's state election, Premier Peter Malinauskas has announced.",https://www.abc.net.au/news/2025-09-18/susan-close-stephen-mullighan-resign-from-sa-cabinet/105789202,https://live-production.wcms.abc-cdn.net.au/1668dafc1722b13ed53008d7f411cde7?impolicy=wcms_watermark_news&cropH=2813&cropW=5000&xPos=0&yPos=29&width=862&height=485&imformat=generic,2025-09-18T03:49:55Z,"South Australia's Deputy Premier Susan Close and Treasurer Stephen Mullighan will quit politics and not contest next year's state election.
An emotional Premier Peter Malinauskas made the announceme… [+246 chars]",politics
"{'id': 'cbs-news', 'name': 'CBS News'}",Joe  Walsh,Judge orders Columbia activist Mahmoud Khalil to be deported to Algeria or Syria,A federal immigration judge has ordered Mahmoud Khalil — a former Columbia University graduate student linked to pro-Palestinian protests — to be deported.,https://www.cbsnews.com/news/judge-orders-columbia-mahmoud-khalil-deported-algeria-syria/,https://assets1.cbsnewsstatic.com/hub/i/r/2025/07/10/2852131e-b25b-4092-98f9-38352d4e9c8b/thumbnail/1200x630/54a161be6d13692fc491dad1ac362e35/ap25184802419478.jpg,2025-09-18T03:49:47Z,"A federal immigration judge has ordered Mahmoud Khalil — a former Columbia University graduate student linked to pro-Palestinian protests — to be deported to either Algeria or Syria.
The ruling was … [+4288 chars]",politics
"{'id': 'fox-news', 'name': 'Fox News'}",,FCC Chair Brendan Carr defends ABC affiliates pulling Jimmy Kimmel show after monologue mocking Charlie Kirk,"FCC Chair Brendan Carr told Hannity that ABC affiliates were right to drop Jimmy Kimmel on Wednesday, saying broadcasters must serve the public interest and not politics.",https://www.foxnews.com/media/fcc-chair-brendan-carr-defends-abc-affiliates-pulling-jimmy-kimmel-show-after-monologue-mocking-charlie-kirk,https://static.foxnews.com/foxnews.com/content/uploads/2025/09/fcc-chair-carr-defends-jimmy-kimmel-show-cancellation.jpg,2025-09-18T03:43:41Z,FCC Chairman Brendan Carr joined Sean Hannity on Fox News Wednesday night to explain why Jimmy Kimmels late-night TV show was abruptly suspended following backlash over his controversial comments abo… [+2989 chars],politics
"{'id': None, 'name': 'Balloon-juice.com'}",Anne Laurie,On Robert Redford: The Good Die Young,"Y’all notice how we’re not having the whole “don’t speak ill of the dead,” conversation about Robert Redford…? It’s because he was an actual good man that left a positive mark on the world. [image or embed] — Matty! (@mattythemouse.bsky.social) September 16, …",https://balloon-juice.com/2025/09/17/on-robert-redford-the-good-die-young/,https://balloon-juice.com/wp-content/uploads/2015/07/tunchiswatching.jpg,2025-09-18T03:31:26Z,"Yall notice how were not having the whole dont speak ill of the dead, conversation about Robert Redford?Its because he was an actual good man that left a positive mark on the world.
[image or embed]… [+6756 chars]",politics
"{'id': 'breitbart-news', 'name': 'Breitbart News'}","Olivia Rondeau, Olivia Rondeau",Trump Jr: Getting Fired for Celebrating Charlie Kirk's Death Is 'Consequence Culture',"Donald Trump Jr. argued that people who have been fired for celebrating the assassination of Charlie Kirk are not losing their jobs to ""cancel culture,"" but to ""consequence culture.""
The post Trump Jr: Getting Fired for Celebrating Charlie Kirk’s Death Is ‘Co…",https://www.breitbart.com/politics/2025/09/17/trump-jr-getting-fired-celebrating-charlie-kirks-death-consequence-culture/,https://media.breitbart.com/media/2025/09/9-17-25-Turning-Point-USA-Charlie-Kirk-ap-640x335.jpg,2025-09-18T03:24:32Z,"Donald Trump Jr. argued that people who have been fired for celebrating the assassination of Charlie Kirk are not losing their jobs to “cancel culture,” but to “consequence culture.”
Film producer a… [+1860 chars]",politics
"{'id': None, 'name': 'Gossiplankanews.com'}",noreply@blogger.com (Unknown),"Rajapaksas Out, But Still Cashing In: Namal’s Currency of Connections","The Rajapaksas may be out of power, stripped of presidential palaces and public love, but don’t be fooled—Colombo’s corridors still hum with their currency. And it’s not votes or clean reputations. It’s something subtler: access, networks, and the uncanny abi…",https://english.gossiplankanews.com/2025/09/rajapaksas-out-but-still-cashing-in.html,https://blogger.googleusercontent.com/img/a/AVvXsEgVYKgBbigLYrKnECivHmqo5TCVgBKlL-LnlBVuN40fkIaUbbRNS-uuSJdCuD4FLaxttxU9_ZbLngJStmdXNHI395jXFjnCAvDgGfNoz27K8hA7YUZgYJ1h-pgsCmsjQQd7f0K_kO2r_dIucBynPEloZfydCj6WX0sWnGdZNSS81E9uh6mn9eiqsFgjWVJB=w1600,2025-09-18T03:15:00Z,"The Rajapaksas may be out of power, stripped of presidential palaces and public love, but don’t be fooled—Colombo’s corridors still hum with their currency. And it’s not votes or clean reputations. I… [+1752 chars]",politics
"{'id': None, 'name': 'Dumblittleman.com'}",Rachel Thompson,Jimmy Kimmel Show Canceled After Comments On Charlie Kirk,"Yes, you read that right. The Jimmy Kimmel Show Canceled announcement has rocked late night TV like never before. ABC pulled the plug on Jimmy Kimmel Live after his controversial remarks about Charlie Kirk. ABC pulled ‘Jimmy Kimmel Live!‘ off the air indefini…",https://www.dumblittleman.com/jimmy-kimmel-show-canceled/,https://www.dumblittleman.com/wp-content/uploads/2025/09/232.jpg,2025-09-18T03:06:08Z,"Yes, you read that right. The Jimmy Kimmel Show Canceled announcement has rocked late night TV like never before. ABC pulled the plug on Jimmy Kimmel Live after his controversial remarks about Charli… [+7683 chars]",politics
"{'id': None, 'name': 'TheWrap'}",Ross A. Lincoln,"WGA, SAG-AFTRA and Musicians Union Condemn Jimmy Kimmel Suspension: ‘Direct Attack on Free Speech’","SAG-AFTRA calls the suspension ""the type of suppression and retaliation that endangers everyone’s freedoms""
The post WGA, SAG-AFTRA and Musicians Union Condemn Jimmy Kimmel Suspension: ‘Direct Attack on Free Speech’ appeared first on TheWrap.",https://www.thewrap.com/wga-and-afm-condemn-jimmy-kimmel-suspension-charlie-kirk/,https://www.thewrap.com/wp-content/uploads/2025/05/Jimmy-Kimmel-on-Trumps-pardons.jpg,2025-09-18T03:05:29Z,"In separate statements, the unions representing Hollywood actors, writers and the musicians who perform on “Jimmy Kimmel Live” hotly condemned ABC’s decision to suspend the show in response to conser… [+4049 chars]",politics
"{'id': None, 'name': 'Variety'}",Danvariety,Jimmy Kimmel Sidelined: What’s the Future of Late-Night TV After ABC’s Decision?,"On Wednesday morning, hours before Jimmy Kimmel would go on to be pulled from ABC indefinitely after incurring the ire of the FCC, the New York Times’ arts desk tweeted their “Best of Late Night” morning roundup. The joke they highlighted? Jimmy Fallon’s quip…",https://variety.com/2025/tv/columns/abc-jimmy-kimmel-late-night-tv-future-1236522762/,https://variety.com/wp-content/uploads/2025/09/GettyImages-2201429614.jpg?crop=0px%2C98px%2C7200px%2C4050px&resize=1000%2C563,2025-09-18T03:00:00Z,"On Wednesday morning, hours before Jimmy Kimmel would go on to be pulled from ABC indefinitely after incurring the ire of the FCC, the New York Times’ arts desk tweeted their “Best of Late Night” mor… [+6122 chars]",politics
"{'id': None, 'name': 'Freerepublic.com'}",Breitbart,Hawley: 'The Democratic Party Today Is a Theater Troupe Funded by George Soros',"During Tuesday’s broadcast of Fox News Channel’s “Jesse Watters Primetime,” Sen. Josh Hawley (R-MO) discussed the connections of left-wing billionaire financier George Soros to the violent behavior exhibited by left-wing protesters. The Missouri Republican U.…",https://freerepublic.com/focus/f-news/4341201/posts,,2025-09-18T02:56:08Z,"Skip to comments.
Hawley: 'The Democratic Party Today Is a Theater Troupe Funded by George Soros'Breitbart ^
 | 17 Sep 2025
 | Jeff Poor
Posted on 09/17/2025 7:56:08 PM PDT by MinorityRepublican… [+2436 chars]",politics
"{'id': None, 'name': 'Mediaite'}",Michael Luciano,Karl Rove Rips Fellow Conservatives for Claiming an Unspecified ‘They’ Killed Charlie Kirk: ‘An Insult’,"Fox News contributor Karl Rove took to the editorial page of The Wall Street Journal on Wednesday to blast those who alleged that a nebulous ""they"" killed Charlie Kirk.
The post Karl Rove Rips Fellow Conservatives for Claiming an Unspecified ‘They’ Killed Cha…",https://www.mediaite.com/media/news/karl-rove-rips-fellow-conservatives-for-claiming-an-unspecified-they-killed-charlie-kirk-an-insult/,https://www.mediaite.com/wp-content/uploads/2025/09/AP25253709863134.jpg,2025-09-18T02:45:32Z,"AP Photo/Alex Brandon, File
Fox News contributor Karl Rove took to the editorial page of The Wall Street Journal on Wednesday to blast those who alleged that a nebulous “they” killed Charlie Kirk.
… [+2099 chars]",politics
"{'id': None, 'name': 'Biztoc.com'}",asia.nikkei.com,"China vows to expand military ties, decries 'rule of jungle' at key forum",,https://biztoc.com/x/9cd04ffb600aed25,https://biztoc.com/cdn/950/og.png,2025-09-18T02:44:13Z,"{ window.open(this.href, '_blank'); }, 200); return false;""&gt;Why did ABC pull Jimmy Kimmel's show? { window.open(this.href, '_blank'); }, 200); return false;""&gt;How will Fed rate cut impact market… [+712 chars]",politics
"{'id': None, 'name': 'Freerepublic.com'}",israelnationalnews.com,"Violent protest: Dozens of haredim riot, free detained draft dodger, two soldiers injured (Israel)","Dozens of haredim protest outside Prison 10, block a van carrying detained draft dodgers, and manage to free one of them despite a heavy presence. Two soldiers lightly injured Dozens of haredim rioted Wednesday evening during a protest outside Prison 10, wher…",https://freerepublic.com/focus/f-news/4341200/posts,,2025-09-18T02:43:38Z,"Skip to comments.
Violent protest: Dozens of haredim riot, free detained draft dodger, two soldiers injured (Israel)israelnationalnews.com ^
 | 9/18/2025
 | Itzlik Brandwein
Posted on 09/17/2025 … [+3631 chars]",politics
"{'id': None, 'name': 'TheWrap'}",Corbin Bolies,"FCC Chair Takes Victory Lap Over Jimmy Kimmel Suspension, Says Late Night Went From ‘Court Jesters’ to ‘Court Clerics’ | Video","Federal Communications Commission chairman Brendan Carr gloated over ABC’s Wednesday decision to indefinitely suspend “Jimmy Kimmel Live!” over comments about Charlie Kirk’s alleged killer, claiming to Fox News’ Sean Hannity that the decision represented how …",https://www.thewrap.com/fcc-chair-takes-victory-lap-over-jimmy-kimmel-suspension/,https://www.thewrap.com/wp-content/uploads/2025/09/Screenshot-2025-09-17-at-10.10.57 PM.png,2025-09-18T02:28:37Z,"Federal Communications Commission chairman Brendan Carr gloated over ABCs Wednesday decision to indefinitely suspend Jimmy Kimmel Live! over comments about Charlie Kirks alleged killer, claiming to F… [+2508 chars]",politics
"{'id': 'abc-news-au', 'name': 'ABC News (AU)'}",Richard Ewart,How PNG is preparing to turn a national obsession into a sporting 'birthright',Observers say Papua New Guinea's decades-long history of rugby league success and passion is on its side as it prepares for the next sporting leap into the NRL.,https://www.abc.net.au/news/2025-09-18/png-rugby-league-history-new-nrl-club/105782492,https://live-production.wcms.abc-cdn.net.au/00d9ac5bbfe63f5605d06dffcd2ad652?impolicy=wcms_watermark_news&cropH=540&cropW=960&xPos=0&yPos=0&width=862&height=485&imformat=generic,2025-09-18T02:23:30Z,"A crowd of 12,000 watched as a symbol of Papua New Guinea's emerging nationhood ran onto the rugby league field for the first time in Port Moresby.
Clad in yellow jerseys crossed with red Vs, player… [+7208 chars]",politics
"{'id': None, 'name': 'POLITICO.eu'}",Bartosz Brzeziński,Forget the EU’s caricature of Ukraine’s giant farms,Ukrainian farmers are often vilified as oligarchic agri-barons who pose a threat to the EU. The real picture is far more complex.,https://www.politico.eu/article/ukraine-farm-giants-kyiv-volodymyr-zelenskyy/,"https://www.politico.eu/cdn-cgi/image/width=1200,height=630,fit=crop,quality=80,onerror=redirect/wp-content/uploads/2025/09/12/GettyImages-1211441106-scaled.jpg",2025-09-18T02:20:36Z,"At an elite yacht club on the southern edge of Kyiv, prosecco sprayed from a fountain as a live band played pop classics. European diplomats mingled with Ukrainian ministry officials and the owners o… [+1577 chars]",politics
"{'id': None, 'name': 'Freerepublic.com'}",NY Post,Founder of Armed Queers group investigated in Charlie Kirk shooting is radical trans leftist who advocated violence,"The founder of Armed Queers SLC, a pro-gun LGBTQ group being investigated by the FBI for possible ties to accused Charlie Kirk sniper Tyler Robinson, has been identified as a radical transgender political organizer with ties to communist politics. Armed Queer…",https://freerepublic.com/focus/f-news/4341197/posts,,2025-09-18T02:15:57Z,"Skip to comments.
Founder of Armed Queers group investigated in Charlie Kirk shooting is radical trans leftist who advocated violence NY Post ^Posted on 09/17/2025 7:15:57 PM PDT by TigerClaws
The … [+2623 chars]",politics
"{'id': None, 'name': 'Bleeding Cool News'}",Gavin Sheehan,Vampire: The Masquerade – Bloodlines 2 Adds Two Clans To Base Game,"After causing a storm of negativity from fans of Vampire: the Masquerade – Bloodlines 2, over DLC content, the game will be getting two more clans added to the base game. Originally, Paradox Interactive, White Wolf, and developer The Chinese Room all revealed…",https://bleedingcool.com/games/vampire-the-masquerade-bloodlines-2-adds-two-clans-to-base-game/,https://bleedingcool.com/wp-content/uploads/2025/09/Vampire-The-Masquerade-–-Bloodlines-2-Final-Art.jpg,2025-09-18T02:13:04Z,"Posted in: Games, Paradox Interactive, Vampire: The Masquerade - Bloodlines 2, Video Games | Tagged: the chinese room, Vampire the Masquerade, White Wolf
After getting negative feedback about their … [+2531 chars]",politics
"{'id': None, 'name': 'Deadline'}",Glenn Garner,Hulk Hogan’s Ex Linda Thinks Emmys Snubbed Him From ‘In Memoriam’ Over Politics: “Just A Guess”,"As another ‘In Memoriam’ leaves the inevitable few unmentioned, the late Hulk Hogan‘s ex-wife Linda recently called out the Emmy Awards. Following the wrestling legend’s death at age 71 in July, when he suffered a heart attack, Linda ventured to guess that th…",http://deadline.com/2025/09/hulk-hogan-linda-emmys-snubbed-in-memoriam-politics-1236547647/,https://deadline.com/wp-content/uploads/2025/09/Hulk-Linda-Hogan.jpg?w=1024,2025-09-18T02:11:51Z,"As another ‘In Memoriam‘ leaves the inevitable few unmentioned, the late Hulk Hogan‘s ex-wife Linda recently called out the Emmy Awards.
Following the wrestling legend’s death at age 71 in July, whe… [+972 chars]",politics
"{'id': None, 'name': 'Freerepublic.com'}",Daily Mail,"EXPLAINED: Suspected Charlie Kirk killer Tyler Robinson's links to 'disturbing' online communities… including pornographic material with 'part animal, part human' sex","In a Daily Mail podcast, senior US news reporter Josh Boswell describes his investigation into Tyler Robinson's 'bizarre' internet activity, including his sexual interest in the 'furry' community. Boswell was the first investigative reporter to identify Robin…",https://freerepublic.com/focus/f-news/4341196/posts,,2025-09-18T02:10:14Z,"Skip to comments.
EXPLAINED: Suspected Charlie Kirk killer Tyler Robinson's links to 'disturbing' online communities including pornographic material with 'part animal, part human' sexDaily Mail ^Pos… [+1430 chars]",politics
"{'id': None, 'name': 'Politicalwire.com'}",Taegan Goddard,Pentagon Lawyers Raise Concerns Over Strikes on Drug Boats,"“Some military lawyers and other Defense Department officials are raising concerns about the legal implications of President Trump’s expanding military campaign against Latin American-based drug cartels,” the Wall Street Journal reports. “The concerns are aro…",https://politicalwire.com/2025/09/17/pentagon-lawyers-raise-concerns-over-strikes-on-drug-boats/,https://politicalwire.com/wp-content/uploads/2018/02/PW-podcast-logo.jpg,2025-09-18T02:09:25Z,"“There are a lot of blogs and news sites claiming to understand politics, but only a few actually do. Political Wire is one of them.”
 Chuck Todd, host of “Meet the Press”
“Concise. Relevant. To th… [+594 chars]",politics
"{'id': None, 'name': 'Sinhalanet.net'}",admin,South Asian Spring: Why Expats Should Not Get Digital Vote in Sri Lanka,"The Government of Sri Lanka’s recent announcement on granting voting rights to expats is a gamble with sovereignty. Handing the ballot to millions who neither live under Sri Lanka’s laws, nor share its daily burdens, nor pay its taxes, opens …",https://www.sinhalanet.net/south-asian-spring-why-expats-should-not-get-digital-vote-in-sri-lanka,https://www.sinhalanet.net/wp-content/uploads/2015/07/logo.jpg,2025-09-18T02:07:23Z,"The Government of Sri Lankas recent announcement on granting voting rights to expats is a gamble with sovereignty. Handing the ballot to millions who neither live under Sri Lankas laws, nor share its… [+9106 chars]",politics
"{'id': None, 'name': 'TheWrap'}","Casey Loving, Ross A. Lincoln","Sinclair Says Jimmy Kimmel Suspension ‘Is Not Enough,’ Demands Apology, Turning Point Donations","The Company plans to air a Charlie Kirk remembrance special in Kimmel's timeslot on Friday
The post Sinclair Says Jimmy Kimmel Suspension ‘Is Not Enough,’ Demands Apology, Turning Point Donations appeared first on TheWrap.",https://www.thewrap.com/abc-partner-sinclair-jimmy-kimmel-suspension-is-not-enough/,https://www.thewrap.com/wp-content/uploads/2024/02/Jimmy-Kimmel-4.jpg,2025-09-18T02:06:41Z,As conservative officials and activists took a victory lap over ABC’s decision to suspend “Jimmy Kimmel Live” “indefinitely” following threats from FCC Chairman Brendan Carr over comments Kimmel made… [+2486 chars],politics
"{'id': 'fox-news', 'name': 'Fox News'}",,Immigration judge orders deportation of Mahmoud Khalil to Syria or Algeria,"Immigration judge rules Mahmoud Khalil committed fraud by hiding political affiliations from green card application, citing national security concerns in deportation order.",https://www.foxnews.com/politics/immigration-judge-orders-mahmoud-khalil-deported-syria-algeria,https://static.foxnews.com/foxnews.com/content/uploads/2025/06/mahmoud-khalil-return-nyc-ice-ub-003.jpg,2025-09-18T02:05:35Z,"A federal immigration judge has ordered Mahmoud Khalil deported to either Algeria or Syria after ruling he hid information on his U.S. green card application.
Judge Jamee Comans issued the Sept. 12 … [+2084 chars]",politics
"{'id': None, 'name': 'Khabarhub.com'}",Khabarhub,28th Ganeshman Singh Memorial Day being observed today,"KATHMANDU: The 28th Ganeshman Singh Memorial Day is being observed today, honoring the legacy of the supreme commander of Nepal’s 1990 People’s Movement and his pivotal role in restoring democracy. Widely regarded as a symbol of sacrifice and courage in Nepal…",https://english.khabarhub.com/2025/18/496947/,https://english.khabarhub.com/wp-content/uploads/2020/11/ganeshman-sing.jpg,2025-09-18T02:04:32Z,"KATHMANDU: The 28th Ganeshman Singh Memorial Day is being observed today, honoring the legacy of the supreme commander of Nepals 1990 Peoples Movement and his pivotal role in restoring democracy.
Wi… [+1128 chars]",politics
"{'id': None, 'name': 'POLITICO.eu'}",Karl Mathiesen,Von der Leyen didn’t take notes when she interviewed potential commissioners,"Discussions with candidates ""took place orally and no documents were drawn up,” the Commission admits.",https://www.politico.eu/article/ursula-von-der-leyen-europe-teresa-ribera-spain/,"https://www.politico.eu/cdn-cgi/image/width=1200,height=630,fit=crop,quality=80,onerror=redirect/wp-content/uploads/2025/09/17/GettyImages-2235206965-scaled.jpg",2025-09-18T02:00:00Z,"The Commission delayed its response for many months. Almost one year later, and after two complaints via the office of the European Ombudsman, Commission Secretary-General Ilze Juhansone admitted tha… [+1273 chars]",politics
"{'id': None, 'name': 'Raw Story'}",Matt Laslo,GOP scoffs as it hurls Dem threat back at Schumer,"Republicans seemed unbothered on Wednesday that Democrats have threatened to force a government shutdown, believing the GOP holds all the cards heading into the fall.Democrats have said they oppose the current Republican stopgap funding plan, arguing that it …",https://www.rawstory.com/raw-investigates/government-shutdown-2674005005/,https://www.rawstory.com/media-library/sen-thom-tillis-r-nc-photo-credit-gage-skidmore.jpg?id=61615290&width=1200&height=600&coordinates=0%2C33%2C0%2C34,2025-09-18T01:59:36Z,"Republicans seemed unbothered on Wednesday that Democrats have threatened to force a government shutdown, believing the GOP holds all the cards heading into the fall.
Democrats have said they oppose… [+2649 chars]",politics
"{'id': 'fox-news', 'name': 'Fox News'}",,Cornell MBA council warns ‘non-marginalized’ students to avoid minority recruiting events: report,"Cornell MBA student council told 'non-marginalized' classmates to avoid diversity recruiting events, warning attendance could harm their future job prospects.",https://www.foxnews.com/us/cornell-mba-council-warns-non-marginalized-students-avoid-minority-recruiting-events-report,https://static.foxnews.com/foxnews.com/content/uploads/2025/09/cornell-mba-non-marginalized-students-unwelcome.jpg,2025-09-18T01:49:48Z,"Business students at Cornell University who are not members of ""marginalized or underrepresented groups"" have been told to skip diversity-focused recruiting events, with a warning that attending coul… [+3778 chars]",politics
"{'id': None, 'name': 'Miami Herald'}","Julie K. Brown, Emily Goodin, Claire Healy",GOP lawmaker makes blockbuster claim: FBI has at least 20 names of suspected Epstein clients,"“We know these people exist in the FBI files, the files that you control.”",https://www.miamiherald.com/news/politics-government/article312146310.html,https://media.zenfs.com/en/miami_herald_mcclatchy_975/c483a37e1496e056cf94ba651cd53cc2,2025-09-18T01:49:41Z,A Republican lawmaker revealed for the first time Wednesday that there is a quasi-list of suspected clients of sex trafficker Jeffrey Epstein that can be compiled from a series of witness statements … [+10022 chars],politics
"{'id': None, 'name': 'Yahoo Entertainment'}",Laurie Chen,China's defence minister urges greater unity to avoid 'law of the jungle',"BEIJING (Reuters) -China's defence minister on Thursday urged greater efforts for global unity, warning against an increasingly divided world ""defined by the...",https://www.yahoo.com/news/articles/chinas-defence-minister-urges-greater-014010496.html,https://media.zenfs.com/en/reuters.com/397c6dde44106cc3d0048d5c61bfe15c,2025-09-18T01:40:10Z,"By Laurie Chen
BEIJING (Reuters) -China's defence minister on Thursday urged greater efforts for global unity, warning against an increasingly divided world ""defined by the rule of the jungle"".
Spe… [+1342 chars]",politics
"{'id': 'nbc-news', 'name': 'NBC News'}","Vaughn Hillyard, Jonathan Allen, Kelly O'Donnell",White House plans to take action targeting left-wing groups as early as this month,The response to Charlie Kirk's assassination is expected to include investigations into the tax-exempt status of certain liberal organizations. Prosecutors have not indicated the alleged shooter was part of a group.,https://www.nbcnews.com/politics/white-house/white-house-plans-take-action-targeting-left-wing-groups-early-month-rcna231998,"https://media-cldnry.s-nbcnews.com/image/upload/t_nbcnews-fp-1200-630,f_auto,q_auto:best/rockcms/2025-09/250917-trump-ch-1618-17884e.jpg",2025-09-18T01:37:56Z,"The administration is putting together plans to take action against left-wing groups that President Donald Trump and his allies accuse of fomenting political violence, according to three people famil… [+6359 chars]",politics
"{'id': None, 'name': 'Slashdot.org'}",BeauHD,DeepSeek Writes Less-Secure Code For Groups China Disfavors,"Research shows China's top AI firm DeepSeek gives weaker or insecure code when programmers identify as linked to Falun Gong or other groups disfavored by Beijing. It offers higher-quality results to everyone else. ""The findings ... underscore how politics sha…",https://slashdot.org/story/25/09/17/2123211/deepseek-writes-less-secure-code-for-groups-china-disfavors,https://a.fsdn.com/sd/topics/ai_64.png,2025-09-18T01:25:00Z,Research shows China's top AI firm DeepSeek gives weaker or insecure code when programmers identify as linked to Falun Gong or other groups disfavored by Beijing. It offers higher-quality results to … [+2437 chars],politics
"{'id': None, 'name': 'BusinessLine'}","Team BL, KS Badri Narayanan",Stock Market Live Updates 18 Sept 2025: Stock to buy today: Cyient,"Sensex, Nifty, Share Prices LIVE: The stock of Cyient has been appreciating for over a week now. The chart shows the formation of a base at ₹1,160 against which the scrip rebounded. On Tuesday, it rallied past a resistance at ₹1,240, which is the neckline of …",https://www.thehindubusinessline.com/markets/share-market-nifty-sensex-live-updates-18th-september-2025/article70060819.ece,https://bl-i.thgim.com/public/incoming/yy6hy3/article70060834.ece/alternates/LANDSCAPE_1200/IMG_PO10_Busi_growth_2_1_8HEO8NBH.jpg,2025-09-18T01:23:36Z,"<li></li>
September 18, 2025 07:06WATCH: Todays Stock Recommendation: September 18, 2025
<li></li>
September 18, 2025 07:05Stock market live today: Securities in F&amp;O Ban For Trade Date 18th Se… [+5778 chars]",politics
"{'id': None, 'name': 'BusinessLine'}","Team BL, KS Badri Narayanan","Stock Market Highlights 18 Sept 2025: Sensex, Nifty close higher for third day running after Fed’s 25-bps rate cut","Sensex, Nifty, Share Prices : Stock markets closed higher for the third consecutive day on Thursday, with the benchmark Sensex gaining 320 points to end above the 83,000 level after the US Federal Reserve cut its key interest rate by 25 basis points, and sign…",https://www.thehindubusinessline.com/markets/share-market-nifty-sensex-highlights-18th-september-2025/article70060819.ece,https://bl-i.thgim.com/public/incoming/yy6hy3/article70060834.ece/alternates/LANDSCAPE_1200/IMG_PO10_Busi_growth_2_1_8HEO8NBH.jpg,2025-09-18T01:23:36Z,"<li></li>
September 18, 2025 16:24Stock markets live updates today: Stock markets end higher after US Fed rate cut; settle higher for third day running
Stock markets closed higher for the third con… [+63548 chars]",politics
"{'id': None, 'name': 'Freerepublic.com'}",The Center Square,WA GOP chair agrees with Trump that Antifa protesters are ‘paid agitators’,"A day after President Donald Trump endorsed the prospect of designating Antifa as a domestic terrorist organization, Washington State Republican Party Chair Jim Walsh says he is convinced, like the president, that many Antifa protesters are “paid agitators.” …",https://freerepublic.com/focus/f-news/4341185/posts,,2025-09-18T01:22:24Z,"Skip to comments.
WA GOP chair agrees with Trump that Antifa protesters are paid agitatorsThe Center Square ^
 | Sep 16, 2025 
 | Carleen Johnson
Posted on 09/17/2025 6:22:24 PM PDT by nickcarraw… [+5472 chars]",politics
"{'id': 'the-times-of-india', 'name': 'The Times of India'}",Reuters,"Trump-appointed Fed members break ranks, leave Stephen Miran isolated on big cut vote","Stephen Miran, a recent Trump appointee to the Federal Reserve, dissented from the majority by advocating for a larger rate cut. His call for more aggressive easing was not supported by other policymakers, including fellow Trump appointees. Fed Chair Jerome P…",https://economictimes.indiatimes.com/news/international/business/trump-appointed-fed-members-break-ranks-leave-stephen-miran-isolated-on-big-cut-vote/articleshow/123960069.cms,"https://img.etimg.com/thumb/msid-123960119,width-1200,height-630,imgsize-36334,overlay-economictimes/articleshow.jpg",2025-09-18T01:11:11Z,"If President Donald Trump hoped that putting a close ally at the Federal Reserve would grab headlines, White House economic adviser Stephen Miran's dissent and way-below consensus interest rate proje… [+4519 chars]",politics
"{'id': 'fox-news', 'name': 'Fox News'}",,New Hampshire daycare worker who secretly gave kids melatonin spared jail,New Hampshire daycare case exposes legal loophole as worker who drugged children with melatonin avoids prison time despite endangering welfare charges.,https://www.foxnews.com/us/new-hampshire-daycare-worker-secretly-gave-kids-melatonin-spared-jail,https://static.foxnews.com/foxnews.com/content/uploads/2025/09/sally-dreckmann-mugshot.jpg,2025-09-18T01:10:21Z,"A New Hampshire daycare worker who drugged kids by lacing their food with melatonin won't serve any jail time, per a court sentencing decision Monday.
According to the Hillsborough North Superior Co… [+2700 chars]",politics
"{'id': 'cbs-news', 'name': 'CBS News'}",Joe  Walsh,"Trump announces he's designating antifa as a ""major terrorist organization""",President Trump late Wednesday called for investigations into alleged funders of antifa.,https://www.cbsnews.com/news/trump-antifa-major-terrorist-organization/,https://assets1.cbsnewsstatic.com/hub/i/r/2025/09/15/04d2347e-3da3-4716-8b4d-daee356c4552/thumbnail/1200x630/0d7bcb6e51028f06bd911461e874ff56/gettyimages-2235633457.jpg,2025-09-18T01:06:10Z,"President Trump announced Wednesday that he will designate antifa as a terrorist organization, and is recommending investigations into people who allegedly fund it.
It's unclear when the designation… [+874 chars]",politics
"{'id': None, 'name': 'TODAY'}",Ariana Brockington,Howie Mandel Reveals His Grandson Has Been Battling Leukemia,Howie Mandel and is opening up for the first time about his grandson being diagnosed with leukemia.,https://www.today.com/health/howie-mandel-grandson-leukemia-rcna232046,"https://media-cldnry.s-nbcnews.com/image/upload/t_social_share_1200x630_center,f_auto,q_auto:best/rockcms/2025-09/howie-mandel-lc-250917-4e43a6.jpg",2025-09-18T01:05:28Z,"Howie Mandel is opening up for the first time about his grandson being diagnosed with leukemia. 
The comedian and television personality discussed his grandsons health struggles over the last few ye… [+5597 chars]",politics
"{'id': None, 'name': 'Gardenrant.com'}",Marianne Willburn,Red Team/Blue Team? What If You’re Purple? Or Simply Green?,"This has been a tough week for a county that increasingly thinks in terms of Red or Blue.  It's been a tough week for rising above political divisions and reaching out to the friends, family, and co-workers we love. It's the week I decided to request a downlo…",https://gardenrant.com/2025/09/red-team-blue-team-what-if-youre-purple-or-simply-green.html,https://gardenrant.com/wp-content/uploads/2020/09/persicariabanner-1024x246.jpg,2025-09-18T01:01:03Z,"This has been a tough week for a county that increasingly thinks in terms of Red or Blue.  
It’s been a tough week for rising above political divisions and reaching out to the friends, family, and co… [+10036 chars]",politics
"{'id': None, 'name': 'Allthatsinteresting.com'}",Austin Harvey,Pol Pot’s Death: Inside The Sudden Demise Of The Genocidal Cambodian Dictator,"Pol Pot died on April 15, 1998 at the age of 73 — seemingly from heart failure, though rumors of suicide or even murder began to spread in the aftermath. 
The post Pol Pot’s Death: Inside The Sudden Demise Of The Genocidal Cambodian Dictator appeared first on…",https://allthatsinteresting.com/pol-pot-death,https://allthatsinteresting.com/wordpress/wp-content/uploads/2025/09/featured-pol-pot-death.jpg,2025-09-18T01:00:00Z,"Pol Pot died on April 15, 1998 at the age of 73 seemingly from heart failure, though rumors of suicide or even murder began to spread in the aftermath. 
Pictorial Press Ltd/Alamy Stock PhotoPol Pot,… [+10353 chars]",politics
"{'id': None, 'name': 'Freerepublic.com'}",ABC News,"5 officers shot, 3 fatally, while serving warrant in Pennsylvania: Officials","Five law enforcement officers were shot, three fatally, in York County, Pennsylvania, on Wednesday, state police said.The officers were serving a warrant in North Codorus Township at the time, law enforcement officials briefed on the investigation confirmed t…",https://freerepublic.com/focus/f-news/4341180/posts,,2025-09-18T00:51:46Z,"Skip to comments.
5 officers shot, 3 fatally, while serving warrant in Pennsylvania: OfficialsABC News ^
 | September 17, 2018
 | Meredith Deliso
Posted on 09/17/2025 5:51:46 PM PDT by Governor D… [+2174 chars]",politics
"{'id': None, 'name': 'Buddytv.com'}",Buddy TV,‘Tulsa King’ Season 3: Sylvester Stallone’s Crime Drama Prepares for More Action,"Fans of Tulsa King starring Sylvester Stallone are getting ready for another round of mob drama and small-town politics. While Fox News highlighted the cultural buzz around the series, Paramount has confirmed a third installment. However, they have already re…",https://www.buddytv.com/tulsa-king-season-3-sylvester-stallones-crime-drama-prepares-for-more-action/,https://www.buddytv.com/wp-content/uploads/2025/09/tulsa-king-season-3-release-date.jpg,2025-09-18T00:50:40Z,"Fans of Tulsa King starring Sylvester Stallone are getting ready for another round of mob drama and small-town politics. While Fox News highlighted the cultural buzz around the series, Paramount has … [+3185 chars]",politics
"{'id': 'cnn', 'name': 'CNN'}","Donald Judd, Kevin Liptak, Alayna Treene",Trump says he’s designating far-left anti-fascism group Antifa as a terrorist organization | CNN Politics,"President Donald Trump said he is designating far-left anti-fascism group Antifa as a terrorist organization, announcing the move on his Truth Social platform in the early hours of Thursday morning UK time.",https://www.cnn.com/2025/09/17/politics/antifa-terrorist-designation-trump,"https://media.cnn.com/api/v1/images/stellar/prod/gettyimages-2235375200.jpg?c=16x9&q=w_800,c_fill",2025-09-18T00:49:44Z,"President Donald Trump said he is designating far-left anti-fascism group Antifa as a terrorist organization, announcing the move on his Truth Social platform in the early hours of Thursday morning U… [+1826 chars]",politics
"{'id': None, 'name': 'The-independent.com'}",Brittany Miller,McDonald’s leads National Cheeseburger Day celebrations with 50 cent deal — full roundup,National Cheeseburger Day is September 18,https://www.the-independent.com/life-style/mcdonalds-50-cent-burger-cheeseburger-day-b2828863.html,https://static.the-independent.com/2025/01/29/00/1252ae0f4369680e0bc650b45231baebY29udGVudHNlYXJjaGFwaSwxNzM4MTUzOTQy-2.78200753.jpg?width=1200&height=800&crop=1200:800,2025-09-18T06:47:52Z,"Your support helps us to tell the story
From reproductive rights to climate change to Big Tech, The Independent is on the ground when the story is developing. Whether it's investigating the financia… [+3060 chars]",climate
"{'id': None, 'name': 'Thechronicle.com.gh'}",admin,Sustainability Must Guide Infrastructure Development -Tetteh-Agbotui,"Deputy Minister for Works, Housing and Water Resources, Mrs Gizella Tetteh-Agbotui, has called on stakeholders to rally behind a new paradigm of sustainable and inclusive infrastructure development to drive national and regional growth. She made this call as …",https://thechronicle.com.gh/sustainability-must-guide-infrastructure-development-tetteh-agbotui/,https://thechronicle.com.gh/wp-content/uploads/2025/09/Mrs-Gizella-Tetteh-Agbotui-Deputy-Minister-for-Works-Housing-and-Water-Resources.jpg,2025-09-18T06:46:49Z,"Deputy Minister for Works, Housing and Water Resources, Mrs Gizella Tetteh-Agbotui, has called on stakeholders to rally behind a new paradigm of sustainable and inclusive infrastructure development t… [+4707 chars]",climate
"{'id': None, 'name': 'OilPrice.com'}",Irina Slav,EU to Miss UN Climate Target Deadline,"The European Union, widely seen as a frontrunner in the energy transition, will miss the deadline set by the United Nations for setting hard, binding emission-reduction targets in line with Paris Agreement stipulations. The reason for this is internal disagre…",https://oilprice.com/Latest-Energy-News/World-News/EU-to-Miss-UN-Climate-Target-Deadline.html,https://d32r1sh890xpii.cloudfront.net/news/718x300/2025-09-18_yekqjcirut.jpg,2025-09-18T06:40:00Z,"The total number of active…
The widespread integration of AI…
By Irina Slav - Sep 18, 2025, 1:40 AM CDTThe European Union, widely seen as a frontrunner in the energy transition, will miss the deadl… [+2202 chars]",climate
"{'id': None, 'name': 'The Local Germany'}",Paul Krantz,Today in Germany: A roundup of the latest news on Thursday,"More than one thousand people were killed by heat in Germany this summer, the government calls for journalistic freedom for correspondents in the US, Oktoberfest announces new security measures and more news on Thursday, September 18th.",https://www.thelocal.de/20250918/today-in-germany-a-roundup-of-the-latest-news-on-thursday-88,https://assets.thelocal.com/cdn-cgi/rs:fit:1200/quality:75/plain/https://apiwp.thelocal.com/wp-content/uploads/2025/09/watermarks-logo-547191896.jpg@webp,2025-09-18T06:35:50Z,"More than one thousand people were killed by heat in Germany this summer, the government calls for journalistic freedom for correspondents in the US, Oktoberfest announces new security measures and m… [+6828 chars]",climate
"{'id': None, 'name': 'The-independent.com'}",Lara Owen,How often should you clean your jewellery? Here’s how to do it,From cleaning to storing – here’s how to make sure your jewellery lasts the long run.,https://www.the-independent.com/life-style/fashion/britons-ceo-gold-irish-john-lewis-b2828857.html,https://static.the-independent.com/2025/09/18/07/15115151-20f1c516-1c0d-468e-b3a5-c75e955f03a4.jpg?width=1200&height=800&crop=1200:800,2025-09-18T06:30:43Z,"Your support helps us to tell the story
From reproductive rights to climate change to Big Tech, The Independent is on the ground when the story is developing. Whether it's investigating the financia… [+4588 chars]",climate
"{'id': None, 'name': 'Biztoc.com'}",abcnews.go.com,"In coastal Ghana, female oyster farmers try to save an old practice threatened by climate change","In coastal Ghana, female oyster farmers try to save an old practice threatened by climate change
In Ghana, women are struggling to sustain oyster farming, a key livelihood in coastal mangroves
TSOKOMEY, Ghana -- Beatrice Nutekpor weaves through the mangroves …",https://biztoc.com/x/56d3d02f45bc0b81,https://biztoc.com/cdn/56d3d02f45bc0b81_s.webp,2025-09-18T06:27:12Z,"In coastal Ghana, female oyster farmers try to save an old practice threatened by climate changeIn Ghana, women are struggling to sustain oyster farming, a key livelihood in coastal mangrovesTSOKOMEY… [+145 chars]",climate
"{'id': None, 'name': 'The-independent.com'}",Shahana Yasmin,Son of Bollywood superstar makes his debut with Netflix series all about nepo babies,Aryan is entering the Hindi film industry as writer and director of Netflix series meant to be a ‘playful roast and toast to Bollywood’,https://www.the-independent.com/arts-entertainment/tv/news/netflix-bads-of-bollywood-cast-shah-rukh-khan-aryan-nepotism-b2828841.html,https://static.the-independent.com/2025/09/18/6/03/SEI262807256.jpg?width=1200&height=800&crop=1200:800,2025-09-18T06:20:55Z,"Your support helps us to tell the story
From reproductive rights to climate change to Big Tech, The Independent is on the ground when the story is developing. Whether it's investigating the financia… [+4513 chars]",climate
"{'id': 'the-times-of-india', 'name': 'The Times of India'}",PTI,"As US funding dries up, global food research body CIMMYT calls on India to step up support","With US funding declining, CIMMYT urges India and Mexico to lead in securing global food supplies. Director General Bram Govaerts emphasizes CIMMYT's role in India's Green Revolution, warning that critical crop disease surveillance could collapse without incr…",https://economictimes.indiatimes.com/news/economy/agriculture/as-us-funding-dries-up-global-food-research-body-cimmyt-calls-on-india-to-step-up-support/articleshow/123966144.cms,"https://img.etimg.com/thumb/msid-123966409,width-1200,height-630,imgsize-12888,overlay-economictimes/articleshow.jpg",2025-09-18T06:14:53Z,"As US government funding for the International Maize and Wheat Improvement Center (CIMMYT) dries up, the Mexico-based global research organisation is urgently calling on nations like India and Mexico… [+4155 chars]",climate
"{'id': 'al-jazeera-english', 'name': 'Al Jazeera English'}",Al Jazeera,Photos: Afghan returnees struggle amid economic and climate crises,The fragile economy is struggling to absorb the influx as millions return home after being ejected by Iran and Pakistan.,https://www.aljazeera.com/gallery/2025/9/18/afghan-returnees-face-harsh-struggles-amid-economic-and-climate-crises,https://www.aljazeera.com/wp-content/uploads/2025/09/Photo-9b-1758103534.jpg?resize=1920%2C1440,2025-09-18T06:13:09Z,"Herat, Afghanistan At the Islam Qala border, the relentless wind carries stinging dust that clings to skin as temperatures soar to 40 degrees Celsius (104 degrees Fahrenheit), transforming the ground… [+2482 chars]",climate
"{'id': 'abc-news', 'name': 'ABC News'}","KANIS LEUNG Associated Press, CHAN LONG HEI Associated Press, ANIRUDDHA GHOSAL Associated Press, KATIE TAM Associated Press",Nest boxes help endangered cockatoos find homes in urban Hong Kong,"Yellow-crested cockatoos have found a sanctuary in Hong Kong's urban parks, but they face housing troubles similar to their human neighbors",https://abcnews.go.com/International/wireStory/nest-boxes-endangered-cockatoos-find-homes-urban-hong-125688070,https://i.abcnewsfe.com/a/f292aa3e-16dd-41fa-9ec0-31c5397c652b/wirestory_43745df95133543cfa247e7d71a58690_16x9.jpg?w=1600,2025-09-18T06:08:22Z,"HONG KONG -- Critically endangered yellow-crested cockatoos found an unexpected sanctuary among Hong Kong s towering skyscrapers, but like their human neighbors they now face trouble finding a place … [+5481 chars]",climate
"{'id': 'the-times-of-india', 'name': 'The Times of India'}",Akash Podishetti,A Rs 5 lakh crore data centre play sparks a multibagger chase on D-Street. Where should investors look?,"India's data center capacity is projected to quintuple by 2030, driven by surging internet traffic, AI adoption, and data localization. This expansion requires substantial investment, potentially reaching $30 billion in facility capex. While investor enthusia…",https://economictimes.indiatimes.com/markets/stocks/news/a-rs-5-lakh-crore-data-centre-play-sparks-a-multibagger-chase-on-d-street-where-should-investors-look/articleshow/123965948.cms,"https://img.etimg.com/thumb/msid-123965920,width-1200,height-630,imgsize-144884,overlay-etmarkets/articleshow.jpg",2025-09-18T06:07:21Z,Data Centre is the new buzzword for investors on Dalal Street as they try to catch the next multibaggers in the fast emerging growth story. Analysts project capacity for data centres will quintuple t… [+4146 chars],climate
"{'id': None, 'name': 'Naturalnews.com'}",Willow Tohi,A scientific and historical rebuttal to corporate heatwave liability claims,"A recent study claiming to link specific heatwaves directly to emissions from major oil companies is challenged by long-term historical climate data. U.S. government data, including from the EPA, shows heatwave frequency and intensity peaked in the 1930s and …",https://www.naturalnews.com/2025-09-18-scientific-historical-rebuttal-corporate-heatwave-liability-claims.html,https://www.naturalnews.com/wp-content/uploads/sites/91/2025/09/Heatwave-fire-thermostat-drought.jpg,2025-09-18T06:00:00Z,"<ul><li>A recent study claiming to link specific heatwaves directly to emissions from major oil companies is challenged by long-term historical climate data.</li><li>U.S. government data, including f… [+6601 chars]",climate
"{'id': None, 'name': 'BusinessLine'}",Srikrishnan PC,"Erratic water cycle drives global floods, droughts and glacier loss, says WMO","Hydrological cycle worsening, affecting water availability and human livelihoods globally, says State of Global Water Resources report",https://www.thehindubusinessline.com/economy/agri-business/erratic-water-cycle-drives-global-floods-droughts-and-glacier-loss-says-wmo/article70059781.ece,https://bl-i.thgim.com/public/incoming/ipc9l4/article70061061.ece/alternates/LANDSCAPE_1200/IMG_iStock-1298961655_2_1_44B0K38A.jpg,2025-09-18T06:00:00Z,"The water cycle has become more erratic and intense, swinging between floods and droughts, according to a report from the World Meteorological Organization (WMO). It highlights the cascading effects … [+5115 chars]",climate
"{'id': None, 'name': 'Naturalnews.com'}",Kevin Hughes,Patrick Michaels exposes the global warming scam in “Climate Coup”,"Global warming alarmism has permeated various sectors, including education, national defense, international development and academic publishing. This pervasive narrative of climate catastrophe has led to fear-based education, financial exploitation under the …",https://www.naturalnews.com/2025-09-18-patrick-michaels-exposes-global-warming-climate-coup.html,https://www.naturalnews.com/wp-content/uploads/sites/91/2025/09/Climate-Change-Infographic-1.jpg,2025-09-18T06:00:00Z,"<ul><li>Global warming alarmism has permeated various sectors, including education, national defense, international development and academic publishing. This pervasive narrative of climate catastroph… [+8074 chars]",climate
"{'id': 'financial-post', 'name': 'Financial Post'}",The Associated Press,"In coastal Ghana, female oyster farmers try to save an old practice threatened by climate change","TSOKOMEY, Ghana (AP) — Beatrice Nutekpor weaves through the mangroves in Tsokomey community, just outside of Ghana’s capital of Accra, every day to harvest oysters for sale. It’s a family tradition she’s been doing since she was 15. Now 45, she is struggling …",https://financialpost.com/pmn/in-coastal-ghana-female-oyster-farmers-try-to-save-an-old-practice-threatened-by-climate-change,,2025-09-18T05:55:25Z,"TSOKOMEY, Ghana (AP) Beatrice Nutekpor weaves through the mangroves in Tsokomey community, just outside of Ghanas capital of Accra, every day to harvest oysters for sale. Its a family tradition shes … [+5017 chars]",climate
"{'id': None, 'name': 'The-independent.com'}",Clarisse Loughrey,One Battle After Another review – Leonardo DiCaprio clowns his way through a ferocious American masterpiece,"Paul Thomas Anderson has directed a swaggering, funny and timely action epic, where momentum never lets up and supporting actors Sean Penn and Teyana Taylor steal the show",https://www.the-independent.com/arts-entertainment/films/reviews/one-battle-after-another-review-leonardo-dicaprio-b2828827.html,https://static.the-independent.com/2025/09/16/8/18/rev-1-OBAA-DUS-250113-0050-7_High_Res_JPEG.jpeg?width=1200&height=800&crop=1200:800,2025-09-18T05:51:01Z,"Your support helps us to tell the story
From reproductive rights to climate change to Big Tech, The Independent is on the ground when the story is developing. Whether it's investigating the financia… [+5705 chars]",climate
"{'id': None, 'name': 'The-independent.com'}",Caitlin Hornik,Melania Trump trolled online for ‘ugly’ State Dinner gown hours after bizarre hat choice: ‘Going to the beach?’,The First Lady’s fashion choices have been scrutinized during her U.K. trip,https://www.the-independent.com/life-style/melania-trump-hat-banquet-dress-uk-state-visit-b2828822.html,https://static.the-independent.com/2025/09/17/20/41/SEI266560167.jpeg?width=1200&height=800&crop=1200:800,2025-09-18T05:36:27Z,"Your support helps us to tell the story
From reproductive rights to climate change to Big Tech, The Independent is on the ground when the story is developing. Whether it's investigating the financia… [+3809 chars]",climate
"{'id': None, 'name': 'The-independent.com'}",Inga Parkel,Summer I Turned Pretty movie announced within hours of climactic series finale,Jenny Han will return to write and direct forthcoming movie,https://www.the-independent.com/arts-entertainment/tv/news/summer-i-turned-pretty-movie-finale-jenny-han-b2828823.html,"https://static.the-independent.com/2025/09/17/19/53/Lola-Tung-in-The-Summer-I-Turned-Pretty.jpeg?trim=0,0,0,0&width=1200&height=800&crop=1200:800",2025-09-18T05:36:12Z,"Your support helps us to tell the story
From reproductive rights to climate change to Big Tech, The Independent is on the ground when the story is developing. Whether it's investigating the financia… [+3623 chars]",climate
"{'id': None, 'name': 'Antaranews.com'}","Tri Meilani Ameliya, Cindy Frishanti Octavia",Lawmaker calls for stronger flood alert system after Bali floods,"The Indonesian government must strengthen its flood early warning system by integrating data from relevant agencies, including the Meteorology, Climatology, ...",https://en.antaranews.com/news/380649/lawmaker-calls-for-stronger-flood-alert-system-after-bali-floods,https://cdn.antaranews.com/cache/1200x800/2025/09/14/penanganan-pascabencana-banjir-di-bali-2622913.jpg,2025-09-18T05:31:55Z,"Jakarta (ANTARA) - The Indonesian government must strengthen its flood early warning system by integrating data from relevant agencies, including the Meteorology, Climatology, and Geophysical Agency … [+2069 chars]",climate
"{'id': None, 'name': 'BBC News'}",,I fear for Great Britain and worry things could turn ugly - Poots,The DUP assembly member was speaking after chairing a meeting aimed at addressing abuse directed towards politicians.,https://www.bbc.com/news/articles/c701rrpgxk7o,https://ichef.bbci.co.uk/news/1024/branded_news/6107/live/08d789b0-93f1-11f0-8750-ed240c52ff67.jpg,2025-09-18T05:31:26Z,"Darran MarshallBBC News NI
The DUP assembly member chaired a meeting aimed at addressing abuse directed towards politicians
The speaker of the Northern Ireland Assembly has said he is worried that … [+3291 chars]",climate
"{'id': 'financial-post', 'name': 'Financial Post'}",Bloomberg News,Building Monuments to the End of Oil,"“I'm making art about the end of oil in a country that would not be able to survive without it,” says Kuwaiti artist Monira Al Qadiri on the Zero podcast",https://financialpost.com/pmn/business-pmn/building-monuments-to-the-end-of-oil,,2025-09-18T05:31:21Z,"Akshat Rathi  10:02  
And people have used it so effectively, and I think we are getting tools in the modern world that are making it easier and easier to be effective at creating your own reality. … [+5460 chars]",climate
"{'id': None, 'name': 'The-independent.com'}",Dipa Kamdar,The pill that people are taking for everything from red carpet awards to first dates,Hollywood A-listers like Robert Downey Jr and Khloe Kardashian swear by them,https://www.the-independent.com/life-style/health-and-families/beta-blockers-anxiety-propranolol-side-effects-b2828818.html,https://static.the-independent.com/2025/08/27/13/43/iStock-1071896528.jpeg?width=1200&height=800&crop=1200:800,2025-09-18T05:26:56Z,"Your support helps us to tell the story
From reproductive rights to climate change to Big Tech, The Independent is on the ground when the story is developing. Whether it's investigating the financia… [+5787 chars]",climate
"{'id': None, 'name': 'ETF Daily News'}",MarketBeat News,Barclays Lowers Lennox International (NYSE:LII) Price Target to $730.00,"Lennox International (NYSE:LII – Get Free Report) had its price target decreased by equities research analysts at Barclays from $753.00 to $730.00 in a research note issued on Tuesday,Benzinga reports. The firm currently has an “overweight” rating on the cons…",https://www.etfdailynews.com/2025/09/18/barclays-lowers-lennox-international-nyselii-price-target-to-730-00/,https://www.americanbankingnews.com/wp-content/timthumb/timthumb.php?src=https://www.marketbeat.com/logos/lennox-international-inc-logo-1200x675.jpg?v=20221109151809&w=240&h=240&zc=2,2025-09-18T05:24:44Z,"Lennox International (NYSE:LII – Get Free Report) had its price target decreased by equities research analysts at Barclays from $753.00 to $730.00 in a research note issued on Tuesday,Benzinga report… [+7006 chars]",climate
"{'id': None, 'name': 'The Conversation Africa'}","Denny Gunawan, Research Associate, ARC Training Centre for the Global Hydrogen Economy, Particles and Catalysis Research Laboratory, UNSW Sydney, Ari Pasek, Professor, Institut Teknologi Bandung, James Christian, Business Manager at NSW Decarbonisation Innovation Hub, UNSW Sydney, Wibawa Hendra Saputera, Lecturer in Department of Chemical Engineering, Institut Teknologi Bandung",Global tensions demand a faster energy transition — why does Indonesia still rely on fossil fuel imports?,"As global tensions rise, Indonesia’s dependence on imported oil and gas leaves it one crisis away from an energy shock.",https://theconversation.com/global-tensions-demand-a-faster-energy-transition-why-does-indonesia-still-rely-on-fossil-fuel-imports-263460,https://images.theconversation.com/files/686256/original/file-20250819-56-cgbipo.jpg?ixlib=rb-4.1.0&rect=0%2C793%2C9504%2C4752&q=45&auto=format&w=1356&h=668&fit=crop,2025-09-18T05:22:14Z,"The year 2025 begins with persistent global geopolitical tensions. The war between Ukraine and Russia drags on, conflict in the Middle East is heating up, and the United States-China trade war contin… [+6972 chars]",climate
"{'id': None, 'name': 'BBC News'}",,Australia announces higher emissions cuts by 2035,The country is one of the world's biggest carbon emitters per capita.,https://www.bbc.com/news/articles/cvgn6mvvxm3o,https://ichef.bbci.co.uk/news/1024/branded_news/8c2d/live/618ce1d0-9451-11f0-b391-6936825093bd.jpg,2025-09-18T05:22:01Z,"Australia, one of the world's biggest polluters per capita, will aim to cut its carbon emissions by at least 62% compared to 2005 levels over the next decade.
The nation - which has faced global cri… [+3255 chars]",climate
"{'id': None, 'name': 'BusinessLine'}",BL Mangaluru Bureau,"Climate change fuels growing volatility in olive oil market, says RaboResearch","Olive oil production has experienced significant volatility, leading to dramatic fluctuations in prices and 2024-25 season witnessing a significant production rebound",https://www.thehindubusinessline.com/economy/agri-business/climate-change-fuels-growing-volatility-in-olive-oil-market-says-raboresearch/article70064262.ece,https://bl-i.thgim.com/public/incoming/10qya5/article70064362.ece/alternates/LANDSCAPE_1200/2025-09-16T071655Z_842674426_RC29OGABOZCO_RTRMADP_3_AGRICULTURE-CYPRUS-OLIVE-OIL.JPG,2025-09-18T05:21:00Z,"A report by RaboResearch has said that the olive oil industry is facing the challenge of ensuring market stability amid growing climatic pressures.
Olive oil production has experienced significant v… [+3355 chars]",climate
"{'id': None, 'name': 'Science Daily'}",,Why Alaska’s salmon streams are suddenly bleeding orange,"Warming Arctic permafrost is unlocking toxic metals, turning Alaska’s once-clear rivers into orange, acid-laced streams. The shift, eerily similar to mine pollution but entirely natural, threatens fish, ecosystems, and communities that depend on them—with no …",https://www.sciencedaily.com/releases/2025/09/250918011602.htm,https://www.sciencedaily.com/images/1920/alaska-brooks-range.webp,2025-09-18T05:16:02Z,"In Alaska's Brooks Range, rivers once clear enough to drink now run orange and hazy with toxic metals. As warming thaws formerly frozen ground, it sets off a chemical chain reaction that is poisoning… [+3843 chars]",climate
"{'id': None, 'name': 'ETF Daily News'}",MarketBeat News,iShares Climate Conscious & Transition MSCI USA ETF (NASDAQ:USCL) Sees Large Volume Increase Following Dividend Announcement,"iShares Climate Conscious & Transition MSCI USA ETF (NASDAQ:USCL – Get Free Report) saw unusually-strong trading volume on Tuesday following a dividend announcement from the company. Approximately 93,019 shares traded hands during mid-day trading, an increase…",https://www.etfdailynews.com/2025/09/18/ishares-climate-conscious-transition-msci-usa-etf-nasdaquscl-sees-large-volume-increase-following-dividend-announcement/,https://www.americanbankingnews.com/wp-content/timthumb/timthumb.php?src=https://www.marketbeat.com/logos/ishares-climate-conscious--transition-msci-usa-etf-logo-1200x675.png?v=20230614074914&w=240&h=240&zc=2,2025-09-18T05:14:56Z,iShares Climate Conscious &amp; Transition MSCI USA ETF (NASDAQ:USCL – Get Free Report) saw unusually-strong trading volume on Tuesday following a dividend announcement from the company. Approximatel… [+2492 chars],climate
"{'id': 'bloomberg', 'name': 'Bloomberg'}",Bloomberg,Mysterious diabetes variant with 25 million cases gets a name,"Type 5 diabetes, affecting 25 million in poorer countries, is finally recognized after years of neglect and under-research.",https://www.bloomberg.com/news/articles/2025-09-18/mysterious-diabetes-variant-with-25-million-cases-gets-a-name,https://bl-i.thgim.com/public/incoming/hwv5b/article70064318.ece/alternates/LANDSCAPE_1200/IMG_BL2508_Quantum_Ancho_2_1_PSEQ246I.jpg,2025-09-18T05:13:25Z,"- Almost two decades after David Phillips noticed a disturbing trend of young, lean people who were under-nourished as children showing up at clinics in northern Ethiopia with diabetes, the unusual f… [+2447 chars]",climate
"{'id': None, 'name': 'Insurance Journal'}",Admin,"Climate Change Led to At Least 16,500 Heat Deaths in Europe This Summer","Climate change fueled scorching summer temperatures that killed an estimated 16,500 people in European cities this summer, pushing overall heat deaths to more than three times what might otherwise have occurred, according to a new study. The analysis presents…",https://www.insurancejournal.com/news/international/2025/09/18/839443.htm,https://www.insurancejournal.com/app/uploads/2025/09/sign-shows-high-temperature-in-valencia-spain-bloomberg-scaled.jpg,2025-09-18T05:10:42Z,"Climate change fueled scorching summer temperatures that killed an estimated 16,500 people in European cities this summer, pushing overall heat deaths to more than three times what might otherwise ha… [+3928 chars]",climate
"{'id': None, 'name': 'Digital Journal'}",AFP,EU seeks ‘face-saving’ deal on UN climate target,"EU countries will seek Thursday to settle on an emissions-cutting plan to bring to a key UN conference in Brazil, as divisions on the bloc’s green agenda threaten its global leadership on climate. Environment ministers for the 27-nation bloc are gathering in …",https://www.digitaljournal.com/world/eu-seeks-face-saving-deal-on-un-climate-target/article,https://www.digitaljournal.com/wp-content/uploads/2025/09/9f1906ae54132bb3dfb81a16fcd5cf65797ae896.jpg,2025-09-18T05:07:20Z,"The EU is wrangling over its climate targets with the clock ticking down on a key UN deadline - Copyright AFP NICOLAS TUCAT
EU countries will seek Thursday to settle on an emissions-cutting plan to … [+4278 chars]",climate
"{'id': None, 'name': 'International Business Times'}","Adrien DE CALAN, Umberto BACCHI",EU Seeks 'Face-saving' Deal On UN Climate Target,"EU countries will seek Thursday to settle on an emissions-cutting plan to bring to a key UN conference in Brazil, as divisions on the bloc's green agenda threaten its global leadership on climate.",https://www.ibtimes.com/eu-seeks-face-saving-deal-un-climate-target-3783777,https://d.ibtimes.com/en/full/4622319/eu-wrangling-over-its-climate-targets-clock-ticking-down-key-un-deadline.jpg,2025-09-18T05:06:13Z,"EU countries will seek Thursday to settle on an emissions-cutting plan to bring to a key UN conference in Brazil, as divisions on the bloc's green agenda threaten its global leadership on climate.
E… [+4101 chars]",climate
"{'id': 'the-irish-times', 'name': 'The Irish Times'}",Lorcan Sirr,"Lorcan Sirr: Dublin is becoming a place of extremes, home to only the very richest and the poorest","More than 3,300 new houses were built in Dublin city last year. Just 155 were bought by households",https://www.irishtimes.com/opinion/2025/09/18/lorcan-sirr-dublin-is-becoming-a-place-of-extremes-home-to-only-the-very-richest-and-the-poorest/,https://www.irishtimes.com/resizer/v2/DOJG7IFDNFCAZBKCTESPKCTWCI.jpg?smart=true&auth=b6f4eb51e4d4d0b834255909eb702813af0dc570469a59d3f8a3fcba699b2a0b&width=1200&height=630,2025-09-18T05:05:00Z,"The familiar response of politicians to the problem of rapidly rising house prices is to blame a shortage of supply. 
In response, all policy levers, including reducing standards, are being pulled t… [+5894 chars]",climate
"{'id': None, 'name': 'Insurance Journal'}",Admin,New York Executives Blast State Over Regulatory ‘Black Hole’,"At a recent roundtable with New York executives, Heather Briccetti Mulligan remembers the frustration of a businessman who compared trying to file a permit for a $200 million construction project with ordering a pizza. The pizza could be tracked by …",https://www.insurancejournal.com/news/east/2025/09/18/839552.htm,https://www.insurancejournal.com/app/uploads/2025/09/ny-economy-bloomberg-scaled.jpg,2025-09-18T05:00:35Z,"At a recent roundtable with New York executives, Heather Briccetti Mulligan remembers the frustration of a businessman who compared trying to file a permit for a $200 million construction project wit… [+5771 chars]",climate
"{'id': None, 'name': 'The-independent.com'}",Chris Stokel-Walker,"Cables no thicker than a hose, why our perilous internet could be brought down in a snip","You may believe the web relies on the cloud, but the reality is that almost all of the world’s internet traffic is routed through perilous subsea cables. Already going wrong hundreds of times a year, catastrophic outages are getting more likely every day. Chr…",https://www.the-independent.com/life-style/health-and-families/features/internet-access-tech-outages-asia-b2828438.html,"https://static.the-independent.com/2025/09/12/9/55/iStock-2196888150.jpeg?trim=0,114,0,0&width=1200&height=800&crop=1200:800",2025-09-18T05:00:00Z,"Your support helps us to tell the story
From reproductive rights to climate change to Big Tech, The Independent is on the ground when the story is developing. Whether it's investigating the financia… [+6444 chars]",climate
"{'id': 'the-irish-times', 'name': 'The Irish Times'}",Sorcha Pollak,"Deportations are a ‘critical element’ of an asylum system, says senior UN refugee official","Attempting to revise the 1951 Refugee Convention in current political climate would be a dangerous move for human rights, says commissioner",https://www.irishtimes.com/ireland/social-affairs/2025/09/18/deportations-are-a-critical-element-of-an-asylum-system-says-senior-un-refugee-official/,https://www.irishtimes.com/resizer/v2/735JHP62VBDP7NGHCYBOV2SYQI.jpg?smart=true&auth=9d1a6f2e97063b680732ea3bf913cf250791912ca0e6704110bb6d9468cadbd1&width=1200&height=630,2025-09-18T05:00:00Z,The deportation of migrants whose asylum claims have been rejected after going through a comprehensive and effective process should be actively encouraged to maintain the integrity of a countrys asyl… [+3972 chars],climate
"{'id': None, 'name': 'GlobeNewswire'}",Euroapi France,Science Based Targets initiative (SBTi) validates EUROAPI’s near-term climate targets,"September 18, 2025 - EUROAPI’s near-term science-based emission reduction targets have been approved by the Science Based Targets initiative (SBTi1), confirming the company’s alignment with the Paris Agreement trajectory of limiting global warming to 1.5°C ab…",https://www.globenewswire.com/news-release/2025/09/18/3152142/0/en/Science-Based-Targets-initiative-SBTi-validates-EUROAPI-s-near-term-climate-targets.html,https://ml-eu.globenewswire.com/Resource/Download/1c07e3b5-25ed-4fc5-82c7-cbd87277794c,2025-09-18T05:00:00Z,"<ul><li>42% reduction in Scope 1 and 2 Greenhouse Gas emissions by 2030 (vs. 2022)</li><li>25% reduction in Scope 3 GHG emissions by 2030 (vs. 2022)</li></ul>September 18, 2025 - EUROAPIs near-term s… [+3879 chars]",climate
