source,author,title,description,url,urlToImage,publishedAt,content,topic
"{'id': None, 'name': 'GlobeNewswire'}",Wowza,Wowza and SVTA Launch Joint Streaming Media Fundamentals Certification Program at IBC 2025,"Wowza & SVTA launch the first Streaming Media Fundamentals Certification at IBC 2025, raising skills and standards for the streaming workforce.......",https://www.globenewswire.com/news-release/2025/09/11/3148343/0/en/Wowza-and-SVTA-Launch-Joint-Streaming-Media-Fundamentals-Certification-Program-at-IBC-2025.html,https://ml.globenewswire.com/Resource/Download/4f1e2a59-7b9d-4bd6-8b68-8e7f5ed3e8ba,2025-09-11T06:55:00Z,"DENVER and FREMONT, Calif., Sept. 11, 2025 (GLOBE NEWSWIRE) -- At IBC 2025, Wowza
, a leader in video streaming technology, and the Streaming Video Technology Alliance (SVTA)
, the global technical… [+4328 chars]",technology
"{'id': 'the-times-of-india', 'name': 'The Times of India'}",Reuters,India to offer large carbon capture incentives as coal remains major part of energy mix,"India is set to launch a national carbon capture initiative, offering substantial government incentives to promote CCUS technologies. This move aims to balance rising energy demand with climate goals while continuing reliance on coal. The initiative could pro…",https://economictimes.indiatimes.com/industry/energy/power/india-to-offer-large-carbon-capture-incentives-as-coal-remains-major-part-of-energy-mix/articleshow/123824505.cms,"https://img.etimg.com/thumb/msid-123824573,width-1200,height-630,imgsize-76800,overlay-economictimes/articleshow.jpg",2025-09-11T06:54:04Z,"India is preparing to launch a national carbon capture initiative with substantial government incentives, as it seeks to balance rising energy demand with its climate goals while relying on coal, a s… [+1687 chars]",technology
"{'id': 'the-times-of-india', 'name': 'The Times of India'}",PTI,Country going through era of cultural renaissance: Culture Minister Gajendra Singh Shekhawat,"Union Culture Minister Gajendra Singh Shekhawat announced India is experiencing a cultural renaissance and introduced the Gyan Bharatam Mission to safeguard the nation's manuscript heritage. The mission plans to establish a network of clusters, regional cente…",https://economictimes.indiatimes.com/news/india/country-going-through-era-of-cultural-renaissance-culture-minister-gajendra-singh-shekhawat/articleshow/123824489.cms,"https://img.etimg.com/thumb/msid-123824526,width-1200,height-630,imgsize-6192,overlay-economictimes/articleshow.jpg",2025-09-11T06:53:46Z,"India is going through an ""era of cultural renaissance"", Union Culture Minister Gajendra Singh Shekhawat said on Thursday and asserted that the Gyan Bharatam Mission has been envisioned to preserve t… [+1188 chars]",technology
"{'id': None, 'name': 'CNA'}",,Asian equities see first monthly foreign outflow in four months in August,"Asian equities saw sharp outflows in August as worries over U.S. President Donald Trump's tariffs weighed on the outlook for the region's exporters, while a weaker dollar added to margin pressures and competitiveness concerns.Foreigners sold a net $8.8 billio…",https://www.channelnewsasia.com/business/asian-equities-see-first-monthly-foreign-outflow-in-four-months-in-august-5343946,"https://dam.mediacorp.sg/image/upload/s--uB9uFDob--/c_fill,g_auto,h_676,w_1200/fl_relative,g_south_east,l_mediacorp:cna:watermark:2024-04:reuters_1,w_0.1/f_auto,q_auto/v1/one-cms/core/2025-09-11T065307Z_1_LYNXNPEL8A07H_RTROPTP_3_GLOBAL-MARKETS.JPG?itok=m6N3yj8L",2025-09-11T06:53:07Z,"Asian equities saw sharp outflows in August as worries over U.S. President Donald Trump's tariffs weighed on the outlook for the region's exporters, while a weaker dollar added to margin pressures an… [+1920 chars]",technology
"{'id': None, 'name': 'ETF Daily News'}",MarketBeat News,Best Telecom Stocks To Follow Now – September 9th,"Broadcom, AT&T, and Arista Networks are the three Telecom stocks to watch today, according to MarketBeat’s stock screener tool. Telecom stocks are equity shares in publicly traded companies that provide telecommunications services—such as telephone, broadband…",https://www.etfdailynews.com/2025/09/11/best-telecom-stocks-to-follow-now-september-9th/,https://www.americanbankingnews.com/wp-content/timthumb/timthumb.php?src=https://www.marketbeat.com/logos/broadcom-inc-logo-1200x675.png?v=20231122110526&w=240&h=240&zc=2,2025-09-11T06:52:47Z,"Broadcom, AT&amp;T, and Arista Networks are the three Telecom stocks to watch today, according to MarketBeat’s stock screener tool. Telecom stocks are equity shares in publicly traded companies that … [+1826 chars]",technology
"{'id': 'the-times-of-india', 'name': 'The Times of India'}",PTI,"Govt, auto industry need to work together to achieve self-reliance in entire value chain: PM Modi","Prime Minister Narendra Modi emphasized the need for government and the automobile industry collaboration to achieve self-reliance across the manufacturing value chain, aligning with the vision of 'Viksit Bharat'. He highlighted India's progress towards globa…",https://economictimes.indiatimes.com/industry/auto/auto-news/govt-auto-industry-need-to-work-together-to-achieve-self-reliance-in-entire-value-chain-pm-modi/articleshow/123824443.cms,"https://img.etimg.com/thumb/msid-123824475,width-1200,height-630,imgsize-12110,overlay-economictimes/articleshow.jpg",2025-09-11T06:51:43Z,"Prime Minister Narendra Modi on Thursday stressed on the need of the government and the automobile industry to work together to achieve ""true self-reliance"" across the entire manufacturing value chai… [+2298 chars]",technology
"{'id': None, 'name': 'Biztoc.com'}",benzinga.com,"Wearable Devices Surges 18% After Hours Following 978% Intraday Spike As Patent Win, Mudra Sales And Military Projects Spark Frenzy","Wearable Devices Ltd. (NASDAQ:WLDS) shares surged during Wednesday's regular trading, with after-hours trading at $6.12, up 18.15%.
Check out the current price of WLDS stock here. 
Patent Technology Drives Market Confidence
The Israeli company secured a U.S. …",https://biztoc.com/x/1d3aa4cda3331aae,https://biztoc.com/cdn/1d3aa4cda3331aae_s.webp,2025-09-11T06:51:37Z,"Wearable Devices Ltd. (NASDAQ:WLDS) shares surged during Wednesday's regular trading, with after-hours trading at $6.12, up 18.15%.Check out the current price of WLDS stock here. Patent Technology Dr… [+142 chars]",technology
"{'id': None, 'name': 'C21media.net'}",jordanpinto871443,"WBD’s Discovery Global could look to buy free-to-air European channels, says Zaslav","Warner Bros Discovery (WBD) boss David Zaslav says the forthcoming spin-off company, Discovery Global, will likely look at acquiring new channels when it officially launches next year. Speaking at the ...",https://www.c21media.net/news/wbds-discovery-global-could-look-to-buy-free-to-air-european-channels-says-zaslav/,https://cdn.c21media.net/wp-content/uploads/2024/07/david-zaslav2.jpg,2025-09-11T06:51:27Z,"Warner Bros Discovery (WBD) boss David Zaslav says the forthcoming spin-off company, Discovery Global, will likely look at acquiring new channels when it officially launches next year.
David Zaslav… [+2882 chars]",technology
"{'id': None, 'name': 'Sqlkover.com'}",Koen Verbeeck,Free Online Sessions – Building the €100 DWH and Indexing for Dummies,"I’m giving two online sessions soon on virtual events that are free to attend. The first one is at Retro Data (20th of September), a new virtual conference focusing...
The post Free Online Sessions – Building the €100 DWH and Indexing for Dummies appeared fir…",https://sqlkover.com/free-online-sessions-building-the-e100-dwh-and-indexing-for-dummies/?utm_source=rss&amp;utm_medium=rss&amp;utm_campaign=free-online-sessions-building-the-e100-dwh-and-indexing-for-dummies,https://sqlkover.com/wp-content/uploads/2025/09/image-14.png,2025-09-11T06:50:31Z,"Im giving two online sessions soon on virtual events that are free to attend. The first one is at Retro Data (20th of September), a new virtual conference focusing on established technology, instead … [+622 chars]",technology
"{'id': 'techradar', 'name': 'TechRadar'}",Matt Cooper,Why weakening GDPR now would be a bad move for data privacy,Why tying GDPR compliance to company size overlooks modern data risks in an AI-driven world.,https://www.techradar.com/pro/why-weakening-gdpr-now-would-be-a-bad-move-for-data-privacy,https://cdn.mos.cms.futurecdn.net/AEKyJbeULZwrwZA9XcM8vb.jpg,2025-09-11T06:49:06Z,"Earlier this year, the European Commission proposed a GDPR simplification package as part of the broader Omnibus IV initiative, designed to ease the compliance burden for so-called small mid-cap comp… [+5337 chars]",technology
"{'id': None, 'name': 'GlobeNewswire'}",UTIME LTD,UTime Limited Announcing the official website change to http://wtoworld.com./,"Tel: (86) 755 86512266 7th Floor, Building 5A Shenzhen Software Industry Base, Nanshan District Shenzhen, People’s Republic of China 518061  SHENZHEN,......",https://www.globenewswire.com/news-release/2025/09/11/3148342/0/en/UTime-Limited-Announcing-the-official-website-change-to-http-wtoworld-com.html,https://ml.globenewswire.com/Resource/Download/24ccddbe-6348-4371-8565-cd77c6907d4a,2025-09-11T06:49:00Z,"Tel: (86) 755 865122667th Floor, Building 5AShenzhen Software Industry Base, Nanshan DistrictShenzhen, Peoples Republic of China 518061
SHENZHEN, China, Sept. 11, 2025 (GLOBE NEWSWIRE) -- UTime Limi… [+1942 chars]",technology
"{'id': 'the-times-of-india', 'name': 'The Times of India'}",ET Online,PM Modi meets with visiting Mauritius counterpart Navinchandra Ramgoolam in Varanasi; stage set for key talks,"Prime Minister Narendra Modi met with Mauritius Prime Minister Navinchandra Ramgoolam in Varanasi for bilateral talks, focusing on strengthening cooperation in development, capacity building, and various sectors like health, education, and renewable energy. T…",https://economictimes.indiatimes.com/news/india/pm-modi-meets-with-visiting-mauritius-counterpart-navinchandra-ramgoolam-in-varanasi-stage-set-for-key-talks/articleshow/123824353.cms,"https://img.etimg.com/thumb/msid-123824436,width-1200,height-630,imgsize-68574,overlay-economictimes/articleshow.jpg",2025-09-11T06:48:26Z,"Prime Minister Narendra Modi on Thursday hosted Mauritius Prime Minister Navinchandra Ramgoolam in Varanasi, marking the first formal bilateral meeting between Indias leader and a foreign head of gov… [+2656 chars]",technology
"{'id': None, 'name': 'CNA'}",,India's IT sector nervous as US proposes outsourcing tax,"BENGALURU :India's massive IT sector faces a lengthy period of uncertainty with customers delaying or re-negotiating contracts while the U.S. debates a proposed 25 per cent tax on American firms using foreign outsourcing services, analysts and lawyers said.Th…",https://www.channelnewsasia.com/business/indias-it-sector-nervous-us-proposes-outsourcing-tax-5343941,"https://dam.mediacorp.sg/image/upload/s--UoBaJciW--/c_fill,g_auto,h_676,w_1200/fl_relative,g_south_east,l_mediacorp:cna:watermark:2024-04:reuters_1,w_0.1/f_auto,q_auto/v1/one-cms/core/2025-09-11T064803Z_1_LYNXNPEL8A075_RTROPTP_3_USA-TAX-OUTSOURCING-INDIA.JPG?itok=l9hWDNuZ",2025-09-11T06:48:04Z,BENGALURU :India's massive IT sector faces a lengthy period of uncertainty with customers delaying or re-negotiating contracts while the U.S. debates a proposed 25 per cent tax on American firms usin… [+4040 chars],technology
"{'id': None, 'name': 'Yahoo Entertainment'}",Haripriya Suresh and Urvi Dugar,India's IT sector nervous as US proposes outsourcing tax,BENGALURU (Reuters) -India's massive IT sector faces a lengthy period of uncertainty with customers delaying or re-negotiating contracts while the U.S...,https://finance.yahoo.com/news/indias-sector-nervous-us-proposes-064803045.html,https://media.zenfs.com/en/reuters-finance.com/942d045bd02a793105babda5ac60094a,2025-09-11T06:48:03Z,"By Haripriya Suresh and Urvi Dugar
BENGALURU (Reuters) -India's massive IT sector faces a lengthy period of uncertainty with customers delaying or re-negotiating contracts while the U.S. debates a p… [+4177 chars]",technology
"{'id': None, 'name': 'Yahoo Entertainment'}",Haripriya Suresh and Urvi Dugar,India's IT sector nervous as US proposes outsourcing tax,BENGALURU (Reuters) -India's massive IT sector faces a lengthy period of uncertainty with customers delaying or re-negotiating contracts while the U.S...,https://finance.yahoo.com/news/indias-sector-nervous-us-proposes-064803630.html,https://media.zenfs.com/en/reuters.com/942d045bd02a793105babda5ac60094a,2025-09-11T06:48:03Z,"By Haripriya Suresh and Urvi Dugar
BENGALURU (Reuters) -India's massive IT sector faces a lengthy period of uncertainty with customers delaying or re-negotiating contracts while the U.S. debates a p… [+4177 chars]",technology
"{'id': None, 'name': 'Livemint'}","Mansi Verma, Sneha Shah",Gautam Thakar steps down as CEO of Prosus’ global edtech practice,"Gautam Thakar, who took up the role in August 2023, was instrumental in guiding edtech investments of Prosus in India through a downturn marked by significant corrections in valuations and pivots in business models.",https://www.livemint.com/companies/people/gautam-thakar-naspers-prosus-edtech-sector-investments-byjus-unacademy-11757562617424.html,https://www.livemint.com/lm-img/img/2025/09/11/1600x900/GT_1692640787129_1757571902926.jpg,2025-09-11T06:48:01Z,"MUMBAI
 : 
Gautam Thakar has stepped down as the chief executive of Prosus global edtech practice, which oversees more than $4 billion in investments, after two years in the role, according to thre… [+2118 chars]",technology
"{'id': None, 'name': 'ETF Daily News'}",MarketBeat News,Katapult Target of Unusually High Options Trading (NASDAQ:KPLT),"Katapult Holdings, Inc. (NASDAQ:KPLT – Get Free Report) saw some unusual options trading on Wednesday. Stock investors bought 21,767 put options on the stock. This is an increase of 1,055% compared to the average volume of 1,884 put options. Katapult Stock Do…",https://www.etfdailynews.com/2025/09/11/katapult-target-of-unusually-high-options-trading-nasdaqkplt/,https://www.americanbankingnews.com/wp-content/timthumb/timthumb.php?src=https://www.marketbeat.com/logos/katapult-holdings-inc-logo-1200x675.png?v=20221223094341&w=240&h=240&zc=2,2025-09-11T06:46:45Z,"Katapult Holdings, Inc. (NASDAQ:KPLT – Get Free Report) saw some unusual options trading on Wednesday. Stock investors bought 21,767 put options on the stock. This is an increase of 1,055% compared t… [+2622 chars]",technology
"{'id': None, 'name': 'Digitimes'}",Willis Ke,"Taiwan to showcase next-gen defense at TADTE 2025, highlighting UAVs and naval innovations","Taiwan is set to showcase its cutting-edge defense technology next week at the 2025 Taipei Aerospace & Defense Technology Exhibition (TADTE 2025). Following this week's SEMICON semiconductor show (September 10–12), the biennial event (September 18–20) will hi…",https://www.digitimes.com/news/a20250911PD222/taiwan-2025-innovations-technology-aidc.html,https://img.digitimes.com/newsshow/20250911pd222_files/1_b.jpg,2025-09-11T06:46:12Z,"Save my User ID and Password
Some subscribers prefer to save their log-in information so they do not have to enter their User ID and Password each time they visit the site. To activate this function… [+307 chars]",technology
"{'id': None, 'name': 'ETF Daily News'}",MarketBeat News,Short Interest in Otsuka Co. (OTCMKTS:OSUKF) Declines By 22.3%,"Otsuka Co. (OTCMKTS:OSUKF – Get Free Report) was the recipient of a large decline in short interest during the month of August. As of August 15th, there was short interest totaling 157,800 shares, a decline of 22.3% from the July 31st total of 203,200 shares.…",https://www.etfdailynews.com/2025/09/11/short-interest-in-otsuka-co-otcmktsosukf-declines-by-22-3/,https://www.americanbankingnews.com/wp-content/timthumb/timthumb.php?src=https://www.marketbeat.com/logos/generic-stocks6.jpg&w=240&h=240&zc=2,2025-09-11T06:45:06Z,"Otsuka Co. (OTCMKTS:OSUKF – Get Free Report) was the recipient of a large decline in short interest during the month of August. As of August 15th, there was short interest totaling 157,800 shares, a … [+1406 chars]",technology
"{'id': None, 'name': 'ETF Daily News'}",MarketBeat News,PubMatic (NASDAQ:PUBM) Earns Buy Rating from Rosenblatt Securities,"PubMatic (NASDAQ:PUBM – Get Free Report)‘s stock had its “buy” rating reaffirmed by equities researchers at Rosenblatt Securities in a research note issued to investors on Tuesday,Benzinga reports. They presently have a $17.00 price objective on the stock. Ro…",https://www.etfdailynews.com/2025/09/11/pubmatic-nasdaqpubm-earns-buy-rating-from-rosenblatt-securities/,https://www.americanbankingnews.com/wp-content/timthumb/timthumb.php?src=https://www.marketbeat.com/logos/pubmatic-inc-logo-1200x675.png?v=20210319140441&w=240&h=240&zc=2,2025-09-11T06:45:00Z,"PubMatic (NASDAQ:PUBM – Get Free Report)‘s stock had its “buy” rating reaffirmed by equities researchers at Rosenblatt Securities in a research note issued to investors on Tuesday,Benzinga reports. T… [+5038 chars]",technology
"{'id': None, 'name': 'ETF Daily News'}",MarketBeat News,Barclays Increases Lumentum (NASDAQ:LITE) Price Target to $165.00,"Lumentum (NASDAQ:LITE – Get Free Report) had its price target hoisted by analysts at Barclays from $135.00 to $165.00 in a note issued to investors on Tuesday, MarketBeat reports. The brokerage presently has an “overweight” rating on the technology company’s …",https://www.etfdailynews.com/2025/09/11/barclays-increases-lumentum-nasdaqlite-price-target-to-165-00/,https://www.americanbankingnews.com/wp-content/timthumb/timthumb.php?src=https://www.marketbeat.com/logos/lumentum-holdings-inc-logo-1200x675.png?v=20240426105743&w=240&h=240&zc=2,2025-09-11T06:44:58Z,"Lumentum (NASDAQ:LITE – Get Free Report) had its price target hoisted by analysts at Barclays from $135.00 to $165.00 in a note issued to investors on Tuesday, MarketBeat reports. The brokerage prese… [+5873 chars]",technology
"{'id': None, 'name': 'ETF Daily News'}",MarketBeat News,American Public Education (NASDAQ:APEI) Now Covered by DA Davidson,"Equities researchers at DA Davidson started coverage on shares of American Public Education (NASDAQ:APEI – Get Free Report) in a research note issued to investors on Tuesday, Marketbeat.com reports. The firm set a “buy” rating and a $40.00 price target on the…",https://www.etfdailynews.com/2025/09/11/american-public-education-nasdaqapei-now-covered-by-da-davidson/,https://www.americanbankingnews.com/wp-content/timthumb/timthumb.php?src=https://www.marketbeat.com/logos/american-public-education-inc-logo-1200x675.png?v=20221215091220&w=240&h=240&zc=2,2025-09-11T06:44:57Z,"Equities researchers at DA Davidson started coverage on shares of American Public Education (NASDAQ:APEI – Get Free Report) in a research note issued to investors on Tuesday, Marketbeat.com reports. … [+4895 chars]",technology
"{'id': None, 'name': 'ETF Daily News'}",MarketBeat News,Anixa Biosciences (NASDAQ:ANIX) Earns “Buy” Rating from D. Boral Capital,"Anixa Biosciences (NASDAQ:ANIX – Get Free Report)‘s stock had its “buy” rating restated by stock analysts at D. Boral Capital in a research report issued on Tuesday,Benzinga reports. They currently have a $10.00 price target on the stock. D. Boral Capital’s p…",https://www.etfdailynews.com/2025/09/11/anixa-biosciences-nasdaqanix-earns-buy-rating-from-d-boral-capital/,https://www.americanbankingnews.com/wp-content/timthumb/timthumb.php?src=https://www.marketbeat.com/logos/anixa-biosciences-inc-logo-1200x675.jpg?v=20240611113021&w=240&h=240&zc=2,2025-09-11T06:44:55Z,"Anixa Biosciences (NASDAQ:ANIX – Get Free Report)‘s stock had its “buy” rating restated by stock analysts at D. Boral Capital in a research report issued on Tuesday,Benzinga reports. They currently h… [+3446 chars]",technology
"{'id': None, 'name': 'ETF Daily News'}",MarketBeat News,"Nebius Group (NASDAQ:NBIS) Stock Price Expected to Rise, BWS Financial Analyst Says","Nebius Group (NASDAQ:NBIS – Get Free Report) had its target price lifted by equities research analysts at BWS Financial from $90.00 to $130.00 in a research note issued to investors on Tuesday,Benzinga reports. The firm presently has a “buy” rating on the sto…",https://www.etfdailynews.com/2025/09/11/nebius-group-nasdaqnbis-stock-price-expected-to-rise-bws-financial-analyst-says/,https://www.americanbankingnews.com/wp-content/timthumb/timthumb.php?src=https://www.marketbeat.com/logos/nebius-group-nv-logo-1200x675.png?v=20250520081305&w=240&h=240&zc=2,2025-09-11T06:44:55Z,"Nebius Group (NASDAQ:NBIS – Get Free Report) had its target price lifted by equities research analysts at BWS Financial from $90.00 to $130.00 in a research note issued to investors on Tuesday,Benzin… [+3994 chars]",technology
"{'id': None, 'name': 'ETF Daily News'}",MarketBeat News,Benchmark Forecasts Strong Price Appreciation for Semtech (NASDAQ:SMTC) Stock,"Semtech (NASDAQ:SMTC – Get Free Report) had its target price increased by investment analysts at Benchmark from $68.00 to $76.00 in a research report issued to clients and investors on Tuesday,Benzinga reports. The brokerage presently has a “buy” rating on th…",https://www.etfdailynews.com/2025/09/11/benchmark-forecasts-strong-price-appreciation-for-semtech-nasdaqsmtc-stock/,https://www.americanbankingnews.com/wp-content/timthumb/timthumb.php?src=https://www.marketbeat.com/logos/semtech-logo-1200x675.gif&w=240&h=240&zc=2,2025-09-11T06:44:55Z,"Semtech (NASDAQ:SMTC – Get Free Report) had its target price increased by investment analysts at Benchmark from $68.00 to $76.00 in a research report issued to clients and investors on Tuesday,Benzin… [+5120 chars]",technology
"{'id': None, 'name': 'ETF Daily News'}",MarketBeat News,BWS Financial Downgrades Iridium Communications (NASDAQ:IRDM) to Sell,"Iridium Communications (NASDAQ:IRDM – Get Free Report) was downgraded by equities research analysts at BWS Financial from a “neutral” rating to a “sell” rating in a research report issued on Tuesday, Marketbeat reports. They presently have a $16.00 price targ…",https://www.etfdailynews.com/2025/09/11/bws-financial-downgrades-iridium-communications-nasdaqirdm-to-sell/,https://www.americanbankingnews.com/wp-content/timthumb/timthumb.php?src=https://www.marketbeat.com/logos/iridium-communications-inc-logo-1200x675.png?v=20221114145307&w=240&h=240&zc=2,2025-09-11T06:44:55Z,"Iridium Communications (NASDAQ:IRDM – Get Free Report) was downgraded by equities research analysts at BWS Financial from a “neutral” rating to a “sell” rating in a research report issued on Tuesday,… [+4714 chars]",technology
"{'id': None, 'name': 'ETF Daily News'}",MarketBeat News,Lake Street Capital Raises Interlink Electronics (NASDAQ:LINK) Price Target to $13.00,"Interlink Electronics (NASDAQ:LINK – Get Free Report) had its price objective lifted by equities research analysts at Lake Street Capital from $10.00 to $13.00 in a research note issued on Tuesday, MarketBeat Ratings reports. The brokerage currently has a “bu…",https://www.etfdailynews.com/2025/09/11/lake-street-capital-raises-interlink-electronics-nasdaqlink-price-target-to-13-00/,https://www.americanbankingnews.com/wp-content/timthumb/timthumb.php?src=https://www.marketbeat.com/logos/interlink-electronics-inc-logo-1200x675.png&w=240&h=240&zc=2,2025-09-11T06:44:51Z,"Interlink Electronics (NASDAQ:LINK – Get Free Report) had its price objective lifted by equities research analysts at Lake Street Capital from $10.00 to $13.00 in a research note issued on Tuesday, M… [+1280 chars]",technology
"{'id': None, 'name': 'Digitimes'}",Charlene Chen,PTI aims to be first FOPLP supplier in AI server supply chain,"Fan-out panel-level packaging (FOPLP) is poised to become the next-generation advanced packaging technology, driving industry competition and research investment. Leading outsourced semiconductor assembly and test services (OSATs) such as ASE Holdings and Pow…",https://www.digitimes.com/news/a20250911PD214/foplp-packaging-pti-ai-server-supply-chain.html,https://img.digitimes.com/newsshow/20250911pd214_files/2_b.jpg,2025-09-11T06:43:32Z,"Save my User ID and Password
Some subscribers prefer to save their log-in information so they do not have to enter their User ID and Password each time they visit the site. To activate this function… [+307 chars]",technology
"{'id': None, 'name': 'ETF Daily News'}",MarketBeat News,Evolent Health (NYSE:EVH) Given “Buy” Rating at Canaccord Genuity Group,"Evolent Health (NYSE:EVH – Get Free Report)‘s stock had its “buy” rating reissued by research analysts at Canaccord Genuity Group in a research report issued on Tuesday,Benzinga reports. They currently have a $16.00 target price on the technology company’s st…",https://www.etfdailynews.com/2025/09/11/evolent-health-nyseevh-given-buy-rating-at-canaccord-genuity-group/,https://www.americanbankingnews.com/wp-content/timthumb/timthumb.php?src=https://www.marketbeat.com/logos/evolent-health-inc-logo-1200x675.png&w=240&h=240&zc=2,2025-09-11T06:42:56Z,"Evolent Health (NYSE:EVH – Get Free Report)‘s stock had its “buy” rating reissued by research analysts at Canaccord Genuity Group in a research report issued on Tuesday,Benzinga reports. They current… [+4625 chars]",technology
"{'id': None, 'name': 'ETF Daily News'}",MarketBeat News,Morgan Stanley Lowers EPAM Systems (NYSE:EPAM) Price Target to $175.00,"EPAM Systems (NYSE:EPAM – Get Free Report) had its price target cut by equities research analysts at Morgan Stanley from $210.00 to $175.00 in a report issued on Tuesday, MarketBeat.com reports. The firm presently has an “equal weight” rating on the informati…",https://www.etfdailynews.com/2025/09/11/morgan-stanley-lowers-epam-systems-nyseepam-price-target-to-175-00/,https://www.americanbankingnews.com/wp-content/timthumb/timthumb.php?src=https://www.marketbeat.com/logos/epam-systems-inc-logo-1200x675.png?v=20240507151547&w=240&h=240&zc=2,2025-09-11T06:42:56Z,"EPAM Systems (NYSE:EPAM – Get Free Report) had its price target cut by equities research analysts at Morgan Stanley from $210.00 to $175.00 in a report issued on Tuesday, MarketBeat.com reports. The … [+4384 chars]",technology
"{'id': None, 'name': 'ETF Daily News'}",MarketBeat News,Evolent Health’s (EVH) Buy Rating Reaffirmed at BTIG Research,"Evolent Health (NYSE:EVH – Get Free Report)‘s stock had its “buy” rating reissued by stock analysts at BTIG Research in a research note issued to investors on Tuesday,Benzinga reports. They presently have a $20.00 target price on the technology company’s stoc…",https://www.etfdailynews.com/2025/09/11/evolent-healths-evh-buy-rating-reaffirmed-at-btig-research/,https://www.americanbankingnews.com/wp-content/timthumb/timthumb.php?src=https://www.marketbeat.com/logos/evolent-health-inc-logo-1200x675.png&w=240&h=240&zc=2,2025-09-11T06:42:55Z,"Evolent Health (NYSE:EVH – Get Free Report)‘s stock had its “buy” rating reissued by stock analysts at BTIG Research in a research note issued to investors on Tuesday,Benzinga reports. They presently… [+4474 chars]",technology
"{'id': None, 'name': 'ETF Daily News'}",MarketBeat News,IQVIA (NYSE:IQV) Stock Rating Upgraded by Jefferies Financial Group,"IQVIA (NYSE:IQV – Get Free Report) was upgraded by analysts at Jefferies Financial Group from a “hold” rating to a “buy” rating in a report released on Tuesday, Marketbeat.com reports. The brokerage currently has a $225.00 target price on the medical research…",https://www.etfdailynews.com/2025/09/11/iqvia-nyseiqv-stock-rating-upgraded-by-jefferies-financial-group/,https://www.americanbankingnews.com/wp-content/timthumb/timthumb.php?src=https://www.marketbeat.com/logos/iqvia-holdings-inc-logo-1200x675.png?v=20221026153142&w=240&h=240&zc=2,2025-09-11T06:42:54Z,"IQVIA (NYSE:IQV – Get Free Report) was upgraded by analysts at Jefferies Financial Group from a “hold” rating to a “buy” rating in a report released on Tuesday, Marketbeat.com reports. The brokerage … [+5514 chars]",technology
"{'id': None, 'name': 'ETF Daily News'}",MarketBeat News,Royal Bank Of Canada Begins Coverage on Gartner (NYSE:IT),"Research analysts at Royal Bank Of Canada assumed coverage on shares of Gartner (NYSE:IT – Get Free Report) in a report released on Tuesday, Marketbeat.com reports. The firm set a “sector perform” rating and a $263.00 price target on the information technolog…",https://www.etfdailynews.com/2025/09/11/royal-bank-of-canada-begins-coverage-on-gartner-nyseit/,https://www.americanbankingnews.com/wp-content/timthumb/timthumb.php?src=https://www.marketbeat.com/logos/gartner-inc-logo-1200x675.png&w=240&h=240&zc=2,2025-09-11T06:42:53Z,"Research analysts at Royal Bank Of Canada assumed coverage on shares of Gartner (NYSE:IT – Get Free Report) in a report released on Tuesday, Marketbeat.com reports. The firm set a “sector perform” ra… [+5344 chars]",technology
"{'id': None, 'name': 'ETF Daily News'}",MarketBeat News,Critical Analysis: ATN International (NASDAQ:ATNI) versus United States Cellular (NYSE:USM),"United States Cellular (NYSE:USM – Get Free Report) and ATN International (NASDAQ:ATNI – Get Free Report) are both computer and technology companies, but which is the better stock? We will compare the two companies based on the strength of their earnings, ris…",https://www.etfdailynews.com/2025/09/11/critical-analysis-atn-international-nasdaqatni-versus-united-states-cellular-nyseusm/,https://www.americanbankingnews.com/wp-content/timthumb/timthumb.php?src=https://www.marketbeat.com/logos/atn-international-inc-logo-1200x675.png?v=20240521115409&w=240&h=240&zc=2,2025-09-11T06:40:50Z,"United States Cellular (NYSE:USM – Get Free Report) and ATN International (NASDAQ:ATNI – Get Free Report) are both computer and technology companies, but which is the better stock? We will compare th… [+5628 chars]",technology
"{'id': None, 'name': 'Variety'}",Naman Ramachandran,"Asia-Pacific Content Spend Hits $16 Billion as Streaming Overtakes Pay-TV for First Time, Research Finds","Streaming platforms will overtake traditional pay-TV as the largest source of content investment in Asia-Pacific in 2025, marking a historic first for the region’s video industry, according to Media Partners Asia’s newly released Asia Video Content Dynamics 2…",https://variety.com/2025/tv/news/asia-pacific-streaming-spend-paytv-1236514961/,https://variety.com/wp-content/uploads/2025/03/Cricket-Champions-Trophy.jpg?w=1000&h=563&crop=1,2025-09-11T06:40:37Z,"Streaming platforms will overtake traditional pay-TV as the largest source of content investment in Asia-Pacific in 2025, marking a historic first for the region’s video industry, according to Media … [+4184 chars]",technology
"{'id': None, 'name': 'Imagable.ai'}",azqsxw11011,Show HN: AI Image Editor with Natural Language Commands,"Most photo editing requires learning complex software. I wanted something that works conversationally - just describe what you want: ""remove the background"", ""make the sky more dramatic"", ""change the car to red"".How it works:
 - Upload images
 - Type editing …",https://imagable.ai,https://imagable.ai/images/og-image.webp,2025-09-11T06:39:50Z,"AI-Powered Natural Language Editing
Edit your photos using simple text descriptions. Our AI photo editor understands natural language commands - no complex tools or design skills required.
Professi… [+907 chars]",technology
"{'id': None, 'name': 'ETF Daily News'}",MarketBeat News,"Altitude Group (LON:ALT) Insider Alexander Brennan Buys 60,606 Shares","Altitude Group plc (LON:ALT – Get Free Report) insider Alexander Brennan purchased 60,606 shares of Altitude Group stock in a transaction that occurred on Wednesday, September 10th. The stock was purchased at an average price of £2,475 per share, with a total…",https://www.etfdailynews.com/2025/09/11/altitude-group-lonalt-insider-alexander-brennan-buys-60606-shares/,https://www.americanbankingnews.com/wp-content/timthumb/timthumb.php?src=https://www.marketbeat.com/logos/altitude-group-plc-logo-1200x675.jpg?v=20230113080250&w=240&h=240&zc=2,2025-09-11T06:38:55Z,"Altitude Group plc (LON:ALT – Get Free Report) insider Alexander Brennan purchased 60,606 shares of Altitude Group stock in a transaction that occurred on Wednesday, September 10th. The stock was pur… [+1498 chars]",technology
"{'id': None, 'name': 'ETF Daily News'}",MarketBeat News,Cornish Metals (LON:CUSN) Stock Price Up 1.1% – What’s Next?,"Cornish Metals Inc. (LON:CUSN – Get Free Report)’s stock price was up 1.1% during mid-day trading on Wednesday . The stock traded as high as GBX 7.40 ($0.10) and last traded at GBX 7.38 ($0.10). Approximately 206,594 shares changed hands during trading, a dec…",https://www.etfdailynews.com/2025/09/11/cornish-metals-loncusn-stock-price-up-1-1-whats-next/,https://www.americanbankingnews.com/wp-content/timthumb/timthumb.php?src=https://www.marketbeat.com/logos/cornish-metals-inc-logo-1200x675.png?v=20230430102758&w=240&h=240&zc=2,2025-09-11T06:38:54Z,Cornish Metals Inc. (LON:CUSN – Get Free Report)’s stock price was up 1.1% during mid-day trading on Wednesday . The stock traded as high as GBX 7.40 ($0.10) and last traded at GBX 7.38 ($0.10). Appr… [+2640 chars],technology
"{'id': None, 'name': 'ETF Daily News'}",MarketBeat News,Rise Smart Group Holdings Ltd. (RSHL) Announces September 15th IPO,"Rise Smart Group Holdings Ltd. (RSHL) plans to raise $7.20 million in an initial public offering (IPO) on the week of September 15th, IPO Scoop reports. The company plans to issue 1,800,000 shares at a price of $4.00 per share. In the last year, Rise Smart Gr…",https://www.etfdailynews.com/2025/09/11/rise-smart-group-holdings-ltd-rshl-announces-september-15th-ipo/,https://www.americanbankingnews.com/wp-content/timthumb/timthumb.php?src=https://www.marketbeat.com/logos/ipo4.jpg&w=240&h=240&zc=2,2025-09-11T06:38:54Z,"Rise Smart Group Holdings Ltd. (RSHL) plans to raise $7.20 million in an initial public offering (IPO) on the week of September 15th, IPO Scoop reports. The company plans to issue 1,800,000 shares at… [+5666 chars]",technology
"{'id': None, 'name': 'ETF Daily News'}",MarketBeat News,Texxon Holding (NPT) to Raise $9 million in IPO,"Texxon Holding (NPT) expects to raise $9 million in an IPO on the week of September 15th, IPO Scoop reports. The company will be issuing 2,000,000 shares at $4.00-$5.00 per share. In the last 12 months, Texxon Holding generated $672.66 million in revenue and …",https://www.etfdailynews.com/2025/09/11/texxon-holding-npt-to-raise-9-million-in-ipo-2/,https://www.americanbankingnews.com/wp-content/timthumb/timthumb.php?src=https://www.marketbeat.com/logos/ipo4.jpg&w=240&h=240&zc=2,2025-09-11T06:38:52Z,"Texxon Holding (NPT) expects to raise $9 million in an IPO on the week of September 15th, IPO Scoop reports. The company will be issuing 2,000,000 shares at $4.00-$5.00 per share.
In the last 12 mon… [+2592 chars]",technology
"{'id': None, 'name': 'Madshrimps.be'}",Stefan,"Edifier Launches T5s Powered Subwoofer with Deep Bass, Precision DSP, and Slim Design","Edifier, a global leader in premium audio technology, proudly announces the launch of the T5s Powered Subwoofer, a compact yet powerful addition designed to deliver deep, immersive bass and seamless integration for any audio setup. Equipped with an 8″ front-f…",https://www.madshrimps.be/news/edifier-launches-t5s-powered-subwoofer-with-deep-bass-precision-dsp-and-slim-design/,,2025-09-11T06:35:57Z,"Edifier, a global leader in premium audio technology, proudly announces the launch of the T5s Powered Subwoofer, a compact yet powerful addition designed to deliver deep, immersive bass and seamless … [+355 chars]",technology
"{'id': 'the-times-of-india', 'name': 'The Times of India'}",Nandini Sanyal,US inflation eases; Fed may be forced to cut rates by 50 bps: Manish Singh,"US inflation eased as September PPI came in below expectations, strengthening the case for a 50-bps rate cut by the Federal Reserve. Market expert Manish Singh says disinflationary trends, normalised supply chains, and slower US GDP growth may prompt the Fed …",https://economictimes.indiatimes.com/markets/stocks/news/us-inflation-eases-fed-may-be-forced-to-cut-rates-by-50-bps-manish-singh/articleshow/123824038.cms,"https://img.etimg.com/thumb/msid-123824032,width-1200,height-630,imgsize-15956,overlay-etmarkets/articleshow.jpg",2025-09-11T06:35:49Z,"The latest US Producer Price Index (PPI) data came in lower than expected, easing inflation worries. Market expert Manish Singh believes this strengthens the case for a rate cut by the US Federal Res… [+1500 chars]",technology
"{'id': None, 'name': 'CNET'}",,"Contemporary Amperex Technology Co., Limited (CATL)CATL、IAA 2025のEllen MacArthur Foundation循環型社会フォーラムに世界の業界リーダーと共に参加",ミュンヘン、2025年9月11日 /PRNewswire/ -- CATLはIAA 2025でEllen MacArthur Foundation（EMF）を支援し、BASF、BMW、Mercedes-Benz、European Battery Alliance、Global Battery Alliance、Benchmark Mineral Intelligence、Xynteoの幹部と100人以上のセクター横断的な代表者を集めたハイレベル・フォーラムを開催し...,https://japan.cnet.com/release/31114064/,https://japan.cnet.com/media/c/2012/images/logo/logo_ogp_1200.png,2025-09-11T06:35:00Z,"2025911 /PRNewswire/ -- CATLIAA 2025Ellen MacArthur FoundationEMFBASFBMWMercedes-BenzEuropean Battery AllianceGlobal Battery AllianceBenchmark Mineral IntelligenceXynteo100
CATLGlobal Energy Circula… [+392 chars]",technology
"{'id': None, 'name': 'Madshrimps.be'}",Stefan,"NVIDIA GeForce NOW RTX 5080 SuperPOD Rollout Begins, Three More Games","GeForce NOW Blackwell RTX 5080-class SuperPODs are now rolling out, unlocking a new level of ultra high-performance, cinematic cloud gaming. GeForce NOW Ultimate members will see GeForce RTX 5080 performance arriving to a server near them, enabling even riche…",https://www.madshrimps.be/news/nvidia-geforce-now-rtx-5080-superpod-rollout-begins-three-more-games/,,2025-09-11T06:32:00Z,"GeForce NOW Blackwell RTX 5080-class SuperPODs are now rolling out, unlocking a new level of ultra high-performance, cinematic cloud gaming. GeForce NOW Ultimate members will see GeForce RTX 5080 per… [+487 chars]",technology
"{'id': None, 'name': 'Help Net Security'}",Industry News,Hush Security emerges from stealth to replace legacy vaults with secretless access,"Hush Security has raised $11 million in seed funding led by Battery Ventures and YL Ventures. As agentic AI expands, Hush replaces legacy vaults and secrets across the enterprise with just-in-time, policy-driven access controls enforced at runtime. This appro…",https://www.helpnetsecurity.com/2025/09/11/hush-security-machine-identity-controls/,https://img.helpnetsecurity.com/wp-content/uploads/2024/11/28150559/hns-large_logo.webp,2025-09-11T06:31:24Z,"Hush Security has raised $11 million in seed funding led by Battery Ventures and YL Ventures. As agentic AI expands, Hush replaces legacy vaults and secrets across the enterprise with just-in-time, p… [+4128 chars]",technology
"{'id': None, 'name': 'Sectionhiker.com'}",Philip Werner,LifeStraw Peak Series Solo Water Filter Review,"The LifeStraw Peak Series Solo is a compact, ultralight water filter designed for hikers, trail runners, bikepackers, and anyone who wants a tiny water filter in their kit. The Solo takes the proven LifeStraw membrane technology and wraps it in a pocket-frien…",https://sectionhiker.com/lifestraw-peak-series-solo-water-filter-review/,https://sectionhiker.com/wp-content/uploads/thumbskeep/2025/09/Lifestraw-Peak-Solo-Water-Filter.jpg,2025-09-11T06:30:41Z,"The LifeStraw Peak Series Solo is a compact, ultralight water filter designed for hikers, trail runners, bikepackers, and anyone who wants a tiny water filter in their kit. The Solo takes the proven … [+4919 chars]",technology
"{'id': None, 'name': 'Geeky Gadgets'}",Roland Hutchinson,iPhone 17 Pro Max vs. 16 Pro Max: A Deep Dive into the Upgrades That Matter,"The iPhone 17 Pro Max builds upon the foundation laid by the iPhone 16 Pro Max, introducing a range of upgrades that enhance performance, display quality, camera capabilities, and battery life. While the iPhone 16 Pro Max remains a strong contender in the pre…",https://www.geeky-gadgets.com/iiphone-17-pro-max-vs-16-pro-max/,https://www.geeky-gadgets.com/wp-content/uploads/2025/09/iphone-17-pro-max-vs-iphone-16-pro-max-comparison_optimized.jpg,2025-09-11T06:30:05Z,"The iPhone 17 Pro Max builds upon the foundation laid by the iPhone 16 Pro Max, introducing a range of upgrades that enhance performance, display quality, camera capabilities, and battery life. While… [+5616 chars]",technology
"{'id': None, 'name': 'CNBC'}",,CNBC Daily Open: Oracle's jaw-dropping growth projection defies predictions,"Covering Oracle didn't seem to grant analysts the gift of foresight — they themselves were ""blown away"" and ""in shock"" by the numbers.",https://www.cnbc.com/2025/09/11/cnbc-daily-open-oracles-jaw-dropping-growth-projection-defies-predictions.html,https://image.cnbcfm.com/api/v1/image/107386550-1710280035105-gettyimages-1052770676-775246177JS002_Larry_Elliso.jpeg?v=1757568511&w=1920&h=1080,2025-09-11T06:30:01Z,"Oracle co-founder and Chairman Larry Ellison delivers a keynote address during the Oracle OpenWorld on October 22, 2018 in San Francisco, California. 
Following its stunning growth projection, share… [+1887 chars]",technology
"{'id': None, 'name': 'GlobeNewswire'}",OSB GROUP PLC,Directorate change,"OSB GROUP PLC  LEI: 213800ZBKL9BHSL2K459  11 September 2025  Appointment of New Senior Independent Director  OSB GROUP PLC (OSBG) announces that,...",https://www.globenewswire.com/news-release/2025/09/11/3148337/0/en/Directorate-change.html,https://ml-eu.globenewswire.com/Resource/Download/0aaaee3e-26ac-4abf-b60a-e49fa58770b5,2025-09-11T06:30:00Z,"OSB GROUP PLC
LEI: 213800ZBKL9BHSL2K459
11 September 2025
Appointment of New Senior Independent Director
OSB GROUP PLC (OSBG) announces that, further to the announcement made on 13 March 2025, Ga… [+3611 chars]",technology
"{'id': None, 'name': 'BusinessLine'}",BL Mumbai Bureau,"ACME Solar secures ₹3,892 crore funding from SBI for Rajasthan project",The project represents SBI’s largest financing commitment to ACME Solar and marks the bank’s first investment in the company’s FDRE projects,https://www.thehindubusinessline.com/markets/stock-markets/acme-solar-secures-3892-crore-funding-from-sbi-for-rajasthan-project/article70036647.ece,https://bl-i.thgim.com/public/incoming/4omxnv/article70036686.ece/alternates/LANDSCAPE_1200/PO16_Solar_panels.jpg,2025-09-11T06:26:59Z,"ACME Venus Urja Private Limited, a wholly owned subsidiary of ACME Solar Holdings Limited, has secured long-term project funding of 3,892 crore from State Bank of India (SBI) for developing a 400 MW … [+1397 chars]",technology
"{'id': None, 'name': 'ETF Daily News'}",MarketBeat News,Citigroup Issues Positive Forecast for Spotify Technology (NYSE:SPOT) Stock Price,"Spotify Technology (NYSE:SPOT – Get Free Report) had its price target hoisted by analysts at Citigroup from $715.00 to $750.00 in a note issued to investors on Tuesday,Benzinga reports. The brokerage presently has a “neutral” rating on the stock. Citigroup’s …",https://www.etfdailynews.com/2025/09/11/citigroup-issues-positive-forecast-for-spotify-technology-nysespot-stock-price/,https://www.americanbankingnews.com/wp-content/timthumb/timthumb.php?src=https://www.marketbeat.com/logos/spotify-technology-sa-logo-1200x675.png?v=20221104145543&w=240&h=240&zc=2,2025-09-11T06:26:49Z,"Spotify Technology (NYSE:SPOT – Get Free Report) had its price target hoisted by analysts at Citigroup from $715.00 to $750.00 in a note issued to investors on Tuesday,Benzinga reports. The brokerage… [+4715 chars]",technology
"{'id': None, 'name': 'Digitimes'}",Levi Li,Shenzhen Dual-expo: Sunny Optical flags fatal flaws in smart glasses but sees AR growth ahead,"Sunny Optical Technology (Group) Company, a major supplier in the global optics supply chain, featured prominently at this year's China International Optoelectronic Exposition (CIOE), the industry's flagship trade show. With smart glasses and Apple's upcoming…",https://www.digitimes.com/news/a20250911PD221/sunny-optical-smart-glasses-growth-ar-optics.html,https://img.digitimes.com/newsshow/20250911pd221_files/1_b.jpg,2025-09-11T06:26:40Z,"Save my User ID and Password
Some subscribers prefer to save their log-in information so they do not have to enter their User ID and Password each time they visit the site. To activate this function… [+307 chars]",technology
"{'id': None, 'name': 'ETF Daily News'}",MarketBeat News,"Uber Technologies, Inc. (NYSE:UBER) Receives $103.06 Average Target Price from Analysts","Shares of Uber Technologies, Inc. (NYSE:UBER – Get Free Report) have been given an average rating of “Moderate Buy” by the forty research firms that are covering the company, MarketBeat.com reports. Ten investment analysts have rated the stock with a hold rec…",https://www.etfdailynews.com/2025/09/11/uber-technologies-inc-nyseuber-receives-103-06-average-target-price-from-analysts/,https://www.americanbankingnews.com/wp-content/timthumb/timthumb.php?src=https://www.marketbeat.com/logos/uber-technologies-inc-logo-1200x675.png?v=20191127154752&w=240&h=240&zc=2,2025-09-11T06:25:03Z,"Shares of Uber Technologies, Inc. (NYSE:UBER – Get Free Report) have been given an average rating of “Moderate Buy” by the forty research firms that are covering the company, MarketBeat.com reports. … [+5710 chars]",technology
"{'id': None, 'name': 'ETF Daily News'}",MarketBeat News,"Micron Technology, Inc. (NASDAQ:MU) Receives $147.54 Consensus Price Target from Brokerages","Shares of Micron Technology, Inc. (NASDAQ:MU – Get Free Report) have been assigned an average rating of “Moderate Buy” from the twenty-nine ratings firms that are currently covering the firm, MarketBeat Ratings reports. One analyst has rated the stock with a …",https://www.etfdailynews.com/2025/09/11/micron-technology-inc-nasdaqmu-receives-147-54-consensus-price-target-from-brokerages/,https://www.americanbankingnews.com/wp-content/timthumb/timthumb.php?src=https://www.marketbeat.com/logos/micron-technology-inc-logo-1200x675.png?v=20250619142455&w=240&h=240&zc=2,2025-09-11T06:25:01Z,"Shares of Micron Technology, Inc. (NASDAQ:MU – Get Free Report) have been assigned an average rating of “Moderate Buy” from the twenty-nine ratings firms that are currently covering the firm, MarketB… [+6460 chars]",technology
"{'id': None, 'name': 'ETF Daily News'}",MarketBeat News,Comparing Massimo Group (NASDAQ:MAMO) and Sportradar Group (NASDAQ:SRAD),"Massimo Group (NASDAQ:MAMO – Get Free Report) and Sportradar Group (NASDAQ:SRAD – Get Free Report) are both consumer discretionary companies, but which is the superior investment? We will compare the two businesses based on the strength of their institutional…",https://www.etfdailynews.com/2025/09/11/comparing-massimo-group-nasdaqmamo-and-sportradar-group-nasdaqsrad/,https://www.americanbankingnews.com/wp-content/timthumb/timthumb.php?src=https://www.marketbeat.com/logos/sportradar-group-ag-logo-1200x675.png?v=20211011092110&w=240&h=240&zc=2,2025-09-11T06:25:01Z,"Massimo Group (NASDAQ:MAMO – Get Free Report) and Sportradar Group (NASDAQ:SRAD – Get Free Report) are both consumer discretionary companies, but which is the superior investment? We will compare the… [+4374 chars]",technology
"{'id': None, 'name': 'ETF Daily News'}",MarketBeat News,Head to Head Survey: DarioHealth (NASDAQ:DRIO) and Tactile Systems Technology (NASDAQ:TCMD),"Tactile Systems Technology (NASDAQ:TCMD – Get Free Report) and DarioHealth (NASDAQ:DRIO – Get Free Report) are both small-cap medical companies, but which is the better business? We will compare the two businesses based on the strength of their earnings, prof…",https://www.etfdailynews.com/2025/09/11/head-to-head-survey-dariohealth-nasdaqdrio-and-tactile-systems-technology-nasdaqtcmd/,https://www.americanbankingnews.com/wp-content/timthumb/timthumb.php?src=https://www.marketbeat.com/logos/dariohealth-corp-logo-1200x675.PNG?v=20201016122451&w=240&h=240&zc=2,2025-09-11T06:24:59Z,"Tactile Systems Technology (NASDAQ:TCMD – Get Free Report) and DarioHealth (NASDAQ:DRIO – Get Free Report) are both small-cap medical companies, but which is the better business? We will compare the … [+5592 chars]",technology
"{'id': None, 'name': 'ETF Daily News'}",MarketBeat News,Reviewing Dassault Systemes (OTCMKTS:DASTY) and Wetouch Technology (NASDAQ:WETH),"Dassault Systemes (OTCMKTS:DASTY – Get Free Report) and Wetouch Technology (NASDAQ:WETH – Get Free Report) are both computer and technology companies, but which is the better stock? We will compare the two businesses based on the strength of their risk, valua…",https://www.etfdailynews.com/2025/09/11/reviewing-dassault-systemes-otcmktsdasty-and-wetouch-technology-nasdaqweth/,https://www.americanbankingnews.com/wp-content/timthumb/timthumb.php?src=https://www.marketbeat.com/logos/wetouch-technology-inc-logo-1200x675.png?v=20240412135400&w=240&h=240&zc=2,2025-09-11T06:24:57Z,"Dassault Systemes (OTCMKTS:DASTY – Get Free Report) and Wetouch Technology (NASDAQ:WETH – Get Free Report) are both computer and technology companies, but which is the better stock? We will compare t… [+5446 chars]",technology
"{'id': None, 'name': 'ETF Daily News'}",MarketBeat News,"Roper Technologies, Inc. (NYSE:ROP) Receives $636.36 Consensus PT from Analysts","Roper Technologies, Inc. (NYSE:ROP – Get Free Report) has been assigned an average rating of “Moderate Buy” from the twelve analysts that are currently covering the stock, Marketbeat.com reports. One research analyst has rated the stock with a sell recommenda…",https://www.etfdailynews.com/2025/09/11/roper-technologies-inc-nyserop-receives-636-36-consensus-pt-from-analysts/,https://www.americanbankingnews.com/wp-content/timthumb/timthumb.php?src=https://www.marketbeat.com/logos/roper-technologies-inc-logo-1200x675.jpg?v=20231214130029&w=240&h=240&zc=2,2025-09-11T06:24:56Z,"Roper Technologies, Inc. (NYSE:ROP – Get Free Report) has been assigned an average rating of “Moderate Buy” from the twelve analysts that are currently covering the stock, Marketbeat.com reports. One… [+5907 chars]",technology
"{'id': None, 'name': 'ETF Daily News'}",MarketBeat News,"Brokerages Set PayPal Holdings, Inc. (NASDAQ:PYPL) Target Price at $85.00","PayPal Holdings, Inc. (NASDAQ:PYPL – Get Free Report) has been given an average rating of “Hold” by the thirty-three analysts that are currently covering the stock, Marketbeat reports. Two investment analysts have rated the stock with a sell recommendation, f…",https://www.etfdailynews.com/2025/09/11/brokerages-set-paypal-holdings-inc-nasdaqpypl-target-price-at-85-00/,https://www.americanbankingnews.com/wp-content/timthumb/timthumb.php?src=https://www.marketbeat.com/logos/paypal-holdings-inc-logo-1200x675.png?v=20231214083652&w=240&h=240&zc=2,2025-09-11T06:24:56Z,"PayPal Holdings, Inc. (NASDAQ:PYPL – Get Free Report) has been given an average rating of “Hold” by the thirty-three analysts that are currently covering the stock, Marketbeat reports. Two investment… [+5479 chars]",technology
"{'id': None, 'name': 'Skepticalscience.com'}",,Skeptical Science New Research for Week #37 2025,"Open access notables

Wild, scenic, and toxic: Recent degradation of an iconic Arctic watershed with permafrost thaw, Sullivan et al., Proceedings of the National Academy of Science

The streams of Alaska’s Brooks Range lie within a vast (~14M ha) tract of pr…",https://skepticalscience.com/new_research_2025_37.html,https://skepticalscience.com/public/assets/images/og/button_sks_200.jpg,2025-09-11T06:23:19Z,"Posted on 11 September 2025 by Doug Bostrom, Marc Kodack
Open access notables
Wild, scenic, and toxic: Recent degradation of an iconic Arctic watershed with permafrost thaw, Sullivan et al., Procee… [+36184 chars]",technology
"{'id': None, 'name': 'GlobeNewswire'}","Private Bancorp of America, Inc.","Private Bancorp of America, Inc. Announces Stock Repurchase Program","Private Bancorp of America, Inc. Announces Stock Repurchase Program......",https://www.globenewswire.com/news-release/2025/09/11/3148334/0/en/Private-Bancorp-of-America-Inc-Announces-Stock-Repurchase-Program.html,https://ml.globenewswire.com/Resource/Download/2b9fae74-3608-4166-ac54-2011ff3fc481,2025-09-11T06:23:00Z,"LA JOLLA, Calif., Sept. 11, 2025 (GLOBE NEWSWIRE) -- Private Bancorp of America, Inc. (OTCQX:PBAM) today announced that the Board of Directors has adopted a stock repurchase program, and authorized e… [+4745 chars]",technology
"{'id': None, 'name': 'BusinessLine'}",BL Mumbai Bureau,TCS launches Chiplet Engineering Services to boost semiconductor innovation,The new services help chipmakers design faster and more efficient processors using chiplets—small integrated circuits that serve as building blocks for larger chips,https://www.thehindubusinessline.com/markets/stock-markets/tcs-launches-chiplet-engineering-services-to-boost-semiconductor-innovation/article70036646.ece,https://bl-i.thgim.com/public/incoming/fa5hpz/article70036671.ece/alternates/LANDSCAPE_1200/2024-04-12T111025Z_196335638_RC2NF5AB3Y6B_RTRMADP_3_TCS-RESULTS.JPG,2025-09-11T06:21:04Z,"Tata Consultancy Services (TCS) announced Wednesday the launch of its Chiplet-based System Engineering Services, targeting semiconductor companies seeking to accelerate next-generation chip design. T… [+1575 chars]",technology
"{'id': None, 'name': 'ETF Daily News'}",MarketBeat News,Traders Purchase Large Volume of DeFi Development Call Options (NASDAQ:DFDV),"DeFi Development Corp. (NASDAQ:DFDV – Get Free Report) saw unusually large options trading activity on Tuesday. Traders bought 7,976 call options on the company. This is an increase of approximately 50% compared to the average volume of 5,316 call options. An…",https://www.etfdailynews.com/2025/09/11/traders-purchase-large-volume-of-defi-development-call-options-nasdaqdfdv/,https://www.americanbankingnews.com/wp-content/timthumb/timthumb.php?src=https://www.marketbeat.com/logos/janover-inc-logo-1200x675.png?v=20250608080708&w=240&h=240&zc=2,2025-09-11T06:18:52Z,"DeFi Development Corp. (NASDAQ:DFDV – Get Free Report) saw unusually large options trading activity on Tuesday. Traders bought 7,976 call options on the company. This is an increase of approximately … [+2487 chars]",technology
"{'id': None, 'name': 'Everything-everywhere.com'}",Gary Arndt,The Life of Leonardo da Vinci,"Podcast Transcript On April 15, 1452, a child was born in the village of Vinci, which was then part of the Republic of Florence. It was the illegitimate son of a peasant woman and a local notary Given his illegitimate status, no one expected much of the young…",https://everything-everywhere.com/the-life-of-leonardo-da-vinci/,https://photos.smugmug.com/Other/n-hRFP2/Podcast-Images/i-cmC5Wxc/0/LM8855hsVqHQVz76qcMxJg3jj6xQK22TtWwTkn74z/L/1893epart-L.jpg,2025-09-11T06:18:31Z,"Subscribe Apple | Spotify | Amazon |iHeart Radio | Castbox | Podcast Republic | RSS | Patreon | Discord | Facebook
On April 15, 1452, a child was born in the village of Vinci, which was then part of… [+12795 chars]",technology
"{'id': None, 'name': 'ETF Daily News'}",MarketBeat News,Dan IVES Wedbush AI Revolution ETF (NYSEARCA:IVES) Trading Up 2.3% – Should You Buy?,"Dan IVES Wedbush AI Revolution ETF (NYSEARCA:IVES – Get Free Report) traded up 2.3% during mid-day trading on Wednesday . The company traded as high as $30.69 and last traded at $30.34. 1,433,900 shares were traded during trading, an increase of 82% from the …",https://www.etfdailynews.com/2025/09/11/dan-ives-wedbush-ai-revolution-etf-nysearcaives-trading-up-2-3-should-you-buy/,https://www.americanbankingnews.com/wp-content/timthumb/timthumb.php?src=https://www.marketbeat.com/logos/dan-ives-wedbush-ai-revolution-etf-logo-1200x675.jpg?v=20250616124021&w=240&h=240&zc=2,2025-09-11T06:17:01Z,"Dan IVES Wedbush AI Revolution ETF (NYSEARCA:IVES – Get Free Report) traded up 2.3% during mid-day trading on Wednesday . The company traded as high as $30.69 and last traded at $30.34. 1,433,900 sha… [+2011 chars]",technology
"{'id': None, 'name': 'ETF Daily News'}",MarketBeat News,Crown ElectroKinetics (NASDAQ:CRKN) Shares Down 4% – Time to Sell?,"Crown ElectroKinetics Corp. (NASDAQ:CRKN – Get Free Report) shares fell 4% during trading on Wednesday . The stock traded as low as $0.55 and last traded at $0.62. 10,762 shares changed hands during trading, a decline of 92% from the average session volume of…",https://www.etfdailynews.com/2025/09/11/crown-electrokinetics-nasdaqcrkn-shares-down-4-time-to-sell/,https://www.americanbankingnews.com/wp-content/timthumb/timthumb.php?src=https://www.marketbeat.com/logos/crown-electrokinetics-corp-logo-1200x675.png?v=20230125072216&w=240&h=240&zc=2,2025-09-11T06:17:00Z,"Crown ElectroKinetics Corp. (NASDAQ:CRKN – Get Free Report) shares fell 4% during trading on Wednesday . The stock traded as low as $0.55 and last traded at $0.62. 10,762 shares changed hands during … [+1761 chars]",technology
"{'id': None, 'name': 'ETF Daily News'}",MarketBeat News,WisdomTree Cybersecurity Fund (NASDAQ:WCBR) Stock Price Down 1.9% – Here’s What Happened,"WisdomTree Cybersecurity Fund (NASDAQ:WCBR – Get Free Report)’s share price was down 1.9% on Wednesday . The stock traded as low as $30.72 and last traded at $30.87. Approximately 13,930 shares changed hands during mid-day trading, a decline of 44% from the a…",https://www.etfdailynews.com/2025/09/11/wisdomtree-cybersecurity-fund-nasdaqwcbr-stock-price-down-1-9-heres-what-happened/,https://www.americanbankingnews.com/wp-content/timthumb/timthumb.php?src=https://www.marketbeat.com/logos/wisdomtree-cybersecurity-fund-logo-1200x675.jpg?v=20250212124039&w=240&h=240&zc=2,2025-09-11T06:17:00Z,"WisdomTree Cybersecurity Fund (NASDAQ:WCBR – Get Free Report)’s share price was down 1.9% on Wednesday . The stock traded as low as $30.72 and last traded at $30.87. Approximately 13,930 shares chang… [+2648 chars]",technology
"{'id': None, 'name': 'ETF Daily News'}",MarketBeat News,17 Education & Technology Group (NYSE:YQ) Stock Price Down 3.4% – Time to Sell?,"17 Education & Technology Group Inc. (NYSE:YQ – Get Free Report) traded down 3.4% during trading on Wednesday . The stock traded as low as $2.57 and last traded at $2.59. 24,141 shares were traded during trading, a decline of 31% from the average session volu…",https://www.etfdailynews.com/2025/09/11/17-education-technology-group-nyseyq-stock-price-down-3-4-time-to-sell/,https://www.americanbankingnews.com/wp-content/timthumb/timthumb.php?src=https://www.marketbeat.com/logos/17-education--technology-group-inc-logo-1200x675.jpg?v=20210528063123&w=240&h=240&zc=2,2025-09-11T06:16:58Z,"17 Education &amp; Technology Group Inc. (NYSE:YQ – Get Free Report) traded down 3.4% during trading on Wednesday . The stock traded as low as $2.57 and last traded at $2.59. 24,141 shares were trade… [+1893 chars]",technology
"{'id': None, 'name': 'ETF Daily News'}",MarketBeat News,Creatd (NASDAQ:CRTD) Stock Price Down 20.6% – Here’s Why,"Creatd Inc. (NASDAQ:CRTD – Get Free Report) traded down 20.6% during mid-day trading on Wednesday . The company traded as low as $0.27 and last traded at $0.27. 9,322 shares changed hands during trading, an increase of 13% from the average session volume of 8…",https://www.etfdailynews.com/2025/09/11/creatd-nasdaqcrtd-stock-price-down-20-6-heres-why/,https://www.americanbankingnews.com/wp-content/timthumb/timthumb.php?src=https://www.marketbeat.com/logos/creatd-inc-logo-1200x675.png&w=240&h=240&zc=2,2025-09-11T06:16:57Z,"Creatd Inc. (NASDAQ:CRTD – Get Free Report) traded down 20.6% during mid-day trading on Wednesday . The company traded as low as $0.27 and last traded at $0.27. 9,322 shares changed hands during trad… [+858 chars]",technology
"{'id': None, 'name': 'ETF Daily News'}",MarketBeat News,Promising Metaverse Stocks To Add to Your Watchlist – September 9th,"NVIDIA, Accenture, Globant, Cheer, and Robot Consulting are the five Metaverse stocks to watch today, according to MarketBeat’s stock screener tool. Metaverse stocks are shares of publicly traded companies that develop or support immersive digital environment…",https://www.etfdailynews.com/2025/09/11/promising-metaverse-stocks-to-add-to-your-watchlist-september-9th/,https://www.americanbankingnews.com/wp-content/timthumb/timthumb.php?src=https://www.marketbeat.com/logos/nvidia-co-logo-1200x675.jpg?v=20221020142916&w=240&h=240&zc=2,2025-09-11T06:14:44Z,"NVIDIA, Accenture, Globant, Cheer, and Robot Consulting are the five Metaverse stocks to watch today, according to MarketBeat’s stock screener tool. Metaverse stocks are shares of publicly traded com… [+3540 chars]",technology
"{'id': 'the-times-of-india', 'name': 'The Times of India'}",Trending Desk,Metallic black UFO with plasma: US military veterans reveal 'chilling' encounters during live hearing,"US politicians are now seriously addressing UFO sightings, hearing testimonies from military veterans about unexplained aerial phenomena. Witnesses, including Air Force veteran Dylan Borland, described encounters with bizarre crafts defying conventional expla…",https://timesofindia.indiatimes.com/etimes/trending/metallic-black-ufo-with-plasma-us-military-veterans-reveal-chilling-encounters-during-live-hearing/articleshow/123823394.cms,"https://static.toiimg.com/thumb/msid-123823394,width-1070,height-580,imgsize-99852,resizemode-75,overlay-toi_sw,pt-32,y_pad-40/photo.jpg",2025-09-11T06:12:54Z,10 things to know before getting Neon Tetra fish for your home aquarium,technology
"{'id': None, 'name': 'ETF Daily News'}",MarketBeat News,SoundThinking (NASDAQ:SSTI) and Allegion (NYSE:ALLE) Head to Head Analysis,"SoundThinking (NASDAQ:SSTI – Get Free Report) and Allegion (NYSE:ALLE – Get Free Report) are both industrials companies, but which is the better investment? We will compare the two businesses based on the strength of their earnings, risk, profitability, divid…",https://www.etfdailynews.com/2025/09/11/soundthinking-nasdaqssti-and-allegion-nysealle-head-to-head-analysis/,https://www.americanbankingnews.com/wp-content/timthumb/timthumb.php?src=https://www.marketbeat.com/logos/allegion-plc-logo-1200x675.png?v=20221109142310&w=240&h=240&zc=2,2025-09-11T06:11:05Z,"SoundThinking (NASDAQ:SSTI – Get Free Report) and Allegion (NYSE:ALLE – Get Free Report) are both industrials companies, but which is the better investment? We will compare the two businesses based o… [+5517 chars]",technology
"{'id': None, 'name': 'ETF Daily News'}",MarketBeat News,Comparing International General Insurance (NASDAQ:IGIC) & Fidelity National Financial (NYSE:FNF),"International General Insurance (NASDAQ:IGIC – Get Free Report) and Fidelity National Financial (NYSE:FNF – Get Free Report) are both finance companies, but which is the better business? We will compare the two businesses based on the strength of their earnin…",https://www.etfdailynews.com/2025/09/11/comparing-international-general-insurance-nasdaqigic-fidelity-national-financial-nysefnf/,https://www.americanbankingnews.com/wp-content/timthumb/timthumb.php?src=https://www.marketbeat.com/logos/fidelity-national-financial-inc-logo-1200x675.png?v=20240424084652&w=240&h=240&zc=2,2025-09-11T06:11:01Z,"International General Insurance (NASDAQ:IGIC – Get Free Report) and Fidelity National Financial (NYSE:FNF – Get Free Report) are both finance companies, but which is the better business? We will comp… [+6127 chars]",technology
"{'id': None, 'name': 'ETF Daily News'}",MarketBeat News,Head-To-Head Contrast: CapsoVision (NASDAQ:CV) vs. Longevity Health (NASDAQ:XAGE),"CapsoVision (NASDAQ:CV – Get Free Report) and Longevity Health (NASDAQ:XAGE – Get Free Report) are both small-cap manufacturing companies, but which is the superior investment? We will compare the two businesses based on the strength of their institutional ow…",https://www.etfdailynews.com/2025/09/11/head-to-head-contrast-capsovision-nasdaqcv-vs-longevity-health-nasdaqxage/,https://www.americanbankingnews.com/wp-content/timthumb/timthumb.php?src=https://www.marketbeat.com/logos/longevity-health-holdings-inc-logo-1200x675.png?v=20250716074828&w=240&h=240&zc=2,2025-09-11T06:10:57Z,"CapsoVision (NASDAQ:CV – Get Free Report) and Longevity Health (NASDAQ:XAGE – Get Free Report) are both small-cap manufacturing companies, but which is the superior investment? We will compare the tw… [+10340 chars]",technology
"{'id': None, 'name': 'ETF Daily News'}",MarketBeat News,"Brokerages Set Varonis Systems, Inc. (NASDAQ:VRNS) Price Target at $61.65","Shares of Varonis Systems, Inc. (NASDAQ:VRNS – Get Free Report) have earned a consensus rating of “Moderate Buy” from the seventeen analysts that are covering the stock, Marketbeat.com reports. Three equities research analysts have rated the stock with a hold…",https://www.etfdailynews.com/2025/09/11/brokerages-set-varonis-systems-inc-nasdaqvrns-price-target-at-61-65/,https://www.americanbankingnews.com/wp-content/timthumb/timthumb.php?src=https://www.marketbeat.com/logos/varonis-systems-inc-logo-1200x675.png?v=20250521141152&w=240&h=240&zc=2,2025-09-11T06:10:56Z,"Shares of Varonis Systems, Inc. (NASDAQ:VRNS – Get Free Report) have earned a consensus rating of “Moderate Buy” from the seventeen analysts that are covering the stock, Marketbeat.com reports. Three… [+5992 chars]",technology
"{'id': None, 'name': 'ETF Daily News'}",MarketBeat News,IQVIA Holdings Inc. (NYSE:IQV) Receives $229.86 Average Target Price from Analysts,"IQVIA Holdings Inc. (NYSE:IQV – Get Free Report) has received a consensus rating of “Moderate Buy” from the twenty-four research firms that are currently covering the company, MarketBeat Ratings reports. Six equities research analysts have rated the stock wit…",https://www.etfdailynews.com/2025/09/11/iqvia-holdings-inc-nyseiqv-receives-229-86-average-target-price-from-analysts/,https://www.americanbankingnews.com/wp-content/timthumb/timthumb.php?src=https://www.marketbeat.com/logos/iqvia-holdings-inc-logo-1200x675.png?v=20221026153142&w=240&h=240&zc=2,2025-09-11T06:10:56Z,"IQVIA Holdings Inc. (NYSE:IQV – Get Free Report) has received a consensus rating of “Moderate Buy” from the twenty-four research firms that are currently covering the company, MarketBeat Ratings repo… [+5426 chars]",technology
"{'id': None, 'name': 'ETF Daily News'}",MarketBeat News,"Zillow Group, Inc. (NASDAQ:ZG) Receives $85.62 Consensus Price Target from Analysts","Shares of Zillow Group, Inc. (NASDAQ:ZG – Get Free Report) have earned an average recommendation of “Hold” from the twenty-five ratings firms that are currently covering the stock, MarketBeat reports. One equities research analyst has rated the stock with a s…",https://www.etfdailynews.com/2025/09/11/zillow-group-inc-nasdaqzg-receives-85-62-consensus-price-target-from-analysts/,https://www.americanbankingnews.com/wp-content/timthumb/timthumb.php?src=https://www.marketbeat.com/logos/zillow-group-inc--class-a-logo-1200x675.jpg&w=240&h=240&zc=2,2025-09-11T06:10:51Z,"Shares of Zillow Group, Inc. (NASDAQ:ZG – Get Free Report) have earned an average recommendation of “Hold” from the twenty-five ratings firms that are currently covering the stock, MarketBeat reports… [+5777 chars]",technology
"{'id': None, 'name': 'Biztoc.com'}",youtube.com,Poland Asks Allies to Boost Its Air Defenses Following Russia Drone Incursion,Poland has asked allies for additional air defense systems and counter-drone technology to better protect its land from Russian ...,https://biztoc.com/x/d618f6ef2f6118d8,https://biztoc.com/cdn/d618f6ef2f6118d8_s.webp,2025-09-11T06:09:04Z,"Poland has asked allies for additional air defense systems and counter-drone technology to better protect its land from Russian ...
This story appeared on youtube.com, 2025-09-11 05:57:19.",technology
"{'id': None, 'name': 'ETF Daily News'}",MarketBeat News,FactSet Research Systems (NYSE:FDS) Hits New 12-Month Low After Analyst Downgrade,Shares of FactSet Research Systems Inc. (NYSE:FDS – Get Free Report) reached a new 52-week low during mid-day trading on Wednesday after Evercore ISI lowered their price target on the stock from $448.00 to $394.00. Evercore ISI currently has an in-line rating…,https://www.etfdailynews.com/2025/09/11/factset-research-systems-nysefds-hits-new-12-month-low-after-analyst-downgrade/,https://www.americanbankingnews.com/wp-content/timthumb/timthumb.php?src=https://www.marketbeat.com/logos/factset-logo-1200x675.jpg&w=240&h=240&zc=2,2025-09-11T06:06:54Z,Shares of FactSet Research Systems Inc. (NYSE:FDS – Get Free Report) reached a new 52-week low during mid-day trading on Wednesday after Evercore ISI lowered their price target on the stock from $448… [+6423 chars],technology
"{'id': None, 'name': 'Sky.com'}",,John Lewis blames budget tax hikes for deeper loss,"The partnership says that despite the impact of the packaging tax and raised employer NI contributions, it is on track to grow annual profits thanks to a focus on investment",https://news.sky.com/story/john-lewis-blames-budget-tax-hikes-for-deeper-loss-13428540,https://e3.365dm.com/23/09/1600x900/skynews-waitrose-store_6283976.jpg?20230914065101,2025-09-11T06:06:00Z,"The John Lewis Partnership (JLP) has blamed budget tax hikes for a deeper half-year loss.
The UK's largest employee-owned business, which owns John Lewis department stores and Waitrose supermarkets,… [+2780 chars]",technology
"{'id': None, 'name': 'Cointelegraph'}",Cointelegraph by Brayden Lindrea,Sending Bitcoin to Mars is now theoretically possible: Researchers,Bitcoin could be sent to and from Mars within three minutes by leveraging an optical link from NASA or Starlink and a new interplanetary timestamping system.,https://cointelegraph.com/news/sending-bitcoin-earth-mars-possible-researchers,"https://images.cointelegraph.com/cdn-cgi/image/format=auto,onerror=redirect,quality=90,width=1200/https://s3.cointelegraph.com/uploads/2025-09/0199367c-cffd-770f-aac7-3997f6074710",2025-09-11T06:05:58Z,"There is apparently a way to get Bitcoin from Earth to Mars in as little as three minutes using already-available technology. We just need someone, or something, to receive it. 
Late last month, tec… [+5092 chars]",technology
"{'id': None, 'name': 'ETF Daily News'}",MarketBeat News,Wells Fargo & Company Increases Visteon (NASDAQ:VC) Price Target to $145.00,"Visteon (NASDAQ:VC – Get Free Report) had its price objective upped by equities research analysts at Wells Fargo & Company from $129.00 to $145.00 in a research note issued on Tuesday, MarketBeat Ratings reports. The firm currently has an “overweight” rating …",https://www.etfdailynews.com/2025/09/11/wells-fargo-company-increases-visteon-nasdaqvc-price-target-to-145-00/,https://www.americanbankingnews.com/wp-content/timthumb/timthumb.php?src=https://www.marketbeat.com/logos/visteon-co-logo-1200x675.png?v=20240502162825&w=240&h=240&zc=2,2025-09-11T06:04:49Z,"Visteon (NASDAQ:VC – Get Free Report) had its price objective upped by equities research analysts at Wells Fargo &amp; Company from $129.00 to $145.00 in a research note issued on Tuesday, MarketBeat… [+5981 chars]",technology
"{'id': None, 'name': 'ETF Daily News'}",MarketBeat News,"Visteon (NASDAQ:VC) Stock Price Expected to Rise, Guggenheim Analyst Says","Visteon (NASDAQ:VC – Get Free Report) had its price target lifted by analysts at Guggenheim from $134.00 to $143.00 in a research note issued on Tuesday, Marketbeat.com reports. The brokerage currently has a “buy” rating on the stock. Guggenheim’s price objec…",https://www.etfdailynews.com/2025/09/11/visteon-nasdaqvc-stock-price-expected-to-rise-guggenheim-analyst-says/,https://www.americanbankingnews.com/wp-content/timthumb/timthumb.php?src=https://www.marketbeat.com/logos/visteon-co-logo-1200x675.png?v=20240502162825&w=240&h=240&zc=2,2025-09-11T06:04:48Z,"Visteon (NASDAQ:VC – Get Free Report) had its price target lifted by analysts at Guggenheim from $134.00 to $143.00 in a research note issued on Tuesday, Marketbeat.com reports. The brokerage current… [+6086 chars]",technology
"{'id': None, 'name': 'GlobeNewswire'}","Fluence Energy, LLC",DTEK and Fluence energise the largest energy storage portfolio in Ukraine with a total capacity of 200 MW,"AMSTERDAM, Sept. 11, 2025 (GLOBE NEWSWIRE) -- Fluence Energy B.V., a subsidiary of Fluence Energy, Inc. (NASDAQ: FLNC) (“Fluence”), a global market leader delivering intelligent energy storage systems, services, and asset optimization software, has energised …",https://www.globenewswire.com/news-release/2025/09/11/3148332/0/en/DTEK-and-Fluence-energise-the-largest-energy-storage-portfolio-in-Ukraine-with-a-total-capacity-of-200-MW.html,https://ml.globenewswire.com/Resource/Download/97a6e0de-a2d0-4d11-8ecb-6d1e2ad762bc,2025-09-11T06:04:00Z,"<ul><li>Project construction and commissioning, split between six sites across Ukraine, was completed in under six months to ensure it is ready to operate during the upcoming winter season</li><li>Th… [+7935 chars]",technology
"{'id': None, 'name': 'Digitimes'}",Rodney Chan,SEMICON Taiwan 2025: Taiwan's 10-year chip program seeks to link semiconductor supply chains among democratic countries,"In 2024, the Taiwanese government announced the launch of a 10-year NT$300 billion (approx. US$9.89 billion) Taiwan Chip-based Industrial Innovation Program (Taiwan CbI), marking an unprecedented scale compared to earlier initiatives. National Science and Tec…",https://www.digitimes.com/news/a20250911PD223/semicon-2025-taiwan-government-policy-launch.html,https://img.digitimes.com/newsshow/20250911pd223_files/1_b.jpg,2025-09-11T06:02:21Z,"Save my User ID and Password
Some subscribers prefer to save their log-in information so they do not have to enter their User ID and Password each time they visit the site. To activate this function… [+307 chars]",technology
"{'id': None, 'name': 'The Star Online'}",The Star Online,"New franchise programme to empower Indian community, says Ramanan","PETALING JAYA: The government will launch a new franchise-related initiative aimed at supporting the development of the Indian community, said Deputy Entrepreneur Development and Cooperatives Minister Datuk Seri R. Ramanan. Read full story",https://www.thestar.com.my/news/nation/2025/09/11/new-franchise-programme-to-empower-indian-community-says-ramanan,https://apicms.thestar.com.my/uploads/images/2025/09/11/3515724.jpeg,2025-09-11T06:02:00Z,"PETALING JAYA: The government will launch a new franchise-related initiative aimed at supporting the development of the Indian community, said Deputy Entrepreneur Development and Cooperatives Ministe… [+2804 chars]",technology
"{'id': None, 'name': 'GlobeNewswire'}",Scancell Holdings Plc,Scancell reports Business Update and Financial Results for the Year Ended 30 April 2025,"NOTTINGHAM, United Kingdom, Sept. 11, 2025 (GLOBE NEWSWIRE) -- Scancell Holdings plc (AIM: SCLP), the developer of ImmunoBody® and Moditope® active immunotherapies to treat cancer, today announces a business update and provides its final audited financial res…",https://www.globenewswire.com/news-release/2025/09/11/3148321/0/en/Scancell-reports-Business-Update-and-Financial-Results-for-the-Year-Ended-30-April-2025.html,https://ml.globenewswire.com/Resource/Download/d61b8c7e-f5a9-4e57-b4bd-259085602116,2025-09-11T06:00:00Z,"NOTTINGHAM, United Kingdom, Sept. 11, 2025 (GLOBE NEWSWIRE) -- Scancell Holdings plc (AIM: SCLP), the developer of ImmunoBody® and Moditope® active immunotherapies to treat cancer, today announces a … [+65180 chars]",technology
"{'id': None, 'name': 'Naturalnews.com'}",Willow Tohi,UFO deflects U.S. missile in declassified video: Congress demands answers as whistleblowers allege cover-up,"Declassified footage shows a U.S. Hellfire missile failing to destroy a glowing orb off Yemen in October 2024, raising questions about superior unknown technology. Three military whistleblowers testified under oath that the U.S. government suppresses UAP repo…",https://www.naturalnews.com/2025-09-11-ufo-deflects-us-missile-in-declassified-video.html,https://www.naturalnews.com/wp-content/uploads/sites/91/2025/09/ufo-navy.jpg,2025-09-11T06:00:00Z,"<ul><li>Declassified footage shows a U.S. Hellfire missile failing to destroy a glowing orb off Yemen in October 2024, raising questions about superior unknown technology.</li><li>Three military whis… [+7330 chars]",technology
"{'id': None, 'name': 'Naturalnews.com'}",Willow Tohi,Vaccine debate erupts: FDA chief questions hepatitis B shot for newborns,"FDA Commissioner Dr. Marty Makary questions the evidence supporting the CDC’s longstanding policy of administering the hepatitis B vaccine to newborns, calling it “not solid.” The CDC’s vaccine advisory panel will debate whether to alter or eliminate the univ…",https://www.naturalnews.com/2025-09-11-vaccine-debate-erupts-fda-chief-questions-hepatitis-b-shot-for-newborns.html,https://www.naturalnews.com/wp-content/uploads/sites/91/2025/09/Baby-Vaccine-Doctor-Shot.jpg,2025-09-11T06:00:00Z,"<ul><li>FDA Commissioner Dr. Marty Makary questions the evidence supporting the CDCs longstanding policy of administering the hepatitis B vaccine to newborns, calling it ""not solid.""</li><li>The CDCs… [+6867 chars]",technology
"{'id': None, 'name': 'Naturalnews.com'}",Finn Heartley,Dollar under pressure amid gold and crypto growth,"Petrodollar Collapse: The U.S. dollar’s dominance is crumbling as BRICS nations abandon it—Russia trades oil in yuan, China mandates gold reserves, and Bitcoin surges as distrust in fiat currencies grows. Gold & Silver Shortages: COMEX silver deliveries faile…",https://www.naturalnews.com/2025-09-11-dollar-under-pressure-amid-gold-and-crypto-growth.html,https://www.naturalnews.com/wp-content/uploads/sites/91/2025/09/2025-09-11-BBN-Interview-with-Christopher-Sullivan.jpg,2025-09-11T06:00:00Z,"<ul><li>Petrodollar Collapse: The U.S. dollars dominance is crumbling as BRICS nations abandon itRussia trades oil in yuan, China mandates gold reserves, and Bitcoin surges as distrust in fiat curren… [+4668 chars]",technology
"{'id': None, 'name': 'Naturalnews.com'}",Jacob Thomas,“Holistic Weight and Stress Management” on BrightU: How to reprogram your mind and body for peak performance,"In Module 3 of “Holistic Weight and Stress Management,” Sean David Cohen explains that removing synthetic chemicals from food and the environment is fundamental to improving brain health, dopamine function and cellular regeneration, moving beyond simple calor…",https://www.naturalnews.com/2025-09-11-how-to-reprogram-mind-body-for-peak-performance.html,https://www.naturalnews.com/wp-content/uploads/sites/91/2025/09/Yoga-Woman-India-Beach-Wellness-Pray-Spiritual.jpg,2025-09-11T06:00:00Z,"<ul><li>In Module 3 of ""Holistic Weight and Stress Management,"" Sean David Cohen explains that removing synthetic chemicals from food and the environment is fundamental to improving brain health, dop… [+5143 chars]",technology
"{'id': None, 'name': 'Adweek'}",Trishla Ostwal,Klarna CMO Says AI Is Driving Marketing Strategy as It Makes Trading Debut,"The Swedish buy now, pay later firm made a strong trading debut with shares climbing nearly 15%",https://www.adweek.com/commerce/klarna-cmo-ai-marketing-revenue-ipo/,https://static-www.adweek.com/wp-content/uploads/2025/09/Klarna-IPO-phonemock.png?w=600&h=315&crop=1,2025-09-11T06:00:00Z,"Klarna is betting big on AI to scale its business and shape its brand as it debuts on the public market.
Chief Marketing Officer David Sandstrom told ADWEEK that AI is now embedded across workflows,… [+3593 chars]",technology
"{'id': None, 'name': 'Naturalnews.com'}",S.D. Wells,DIRTY ENERGY from cellphone radiation still âoff the radarâ of the chronic sick care industrial complex of America,"The Sick Care Industrial Complex of America does not address prevention of disease very often, unless of course the majority of the populace is demanding it, and even then, it’s a very slow process to get anything accomplished. That goes for dirty energy that…",https://www.naturalnews.com/2025-09-11-dirty-energy-from-cellphone-radiation-still-off-the-radar.html,https://www.naturalnews.com/wp-content/uploads/sites/91/2025/09/Teen-Bedroom-Phone-Social-Media.jpg,2025-09-11T06:00:00Z,"The Sick Care Industrial Complex of America does not address prevention of disease very often, unless of course the majority of the populace is demanding it, and even then, its a very slow process to… [+5034 chars]",technology
"{'id': None, 'name': 'GlobeNewswire'}",Bango PLC,DISH TV and Sling TV select the Digital Vending Machine® from Bango to power high-value subscription bundles,"CAMBRIDGE, United Kingdom, Sept. 11, 2025 (GLOBE NEWSWIRE) -- Bango (AIM:BGO), the global leader in subscription bundling, today announces a new partnership with DISH TV, a significant player in the US telco landscape, and its streaming TV brand, Sling TV. DI…",https://www.globenewswire.com/news-release/2025/09/11/3148322/0/en/DISH-TV-and-Sling-TV-select-the-Digital-Vending-Machine-from-Bango-to-power-high-value-subscription-bundles.html,https://ml.globenewswire.com/Resource/Download/c4b6af1c-c16f-4ab6-81f1-2cec4970ea26,2025-09-11T06:00:00Z,"CAMBRIDGE, United Kingdom, Sept. 11, 2025 (GLOBE NEWSWIRE) -- Bango (AIM:BGO), the global leader in subscription bundling, today announces a new partnership with DISH TV, a significant player in the … [+2545 chars]",technology
"{'id': None, 'name': 'GlobeNewswire'}",Cabka N.V.,Cabka and Renewi launch the Eco CP3 Pallet: Proving the power of collaboration for plastics circularity,"Amsterdam, 11 September 2025 – Cabka N.V., a leader in transforming hard-to-recycle plastic waste into reusable transport packaging, and Renewi, a leading waste-to-product company, are proud to announce their strategic collaboration to launch the Eco CP3 pall…",https://www.globenewswire.com/news-release/2025/09/11/3148330/0/en/Cabka-and-Renewi-launch-the-Eco-CP3-Pallet-Proving-the-power-of-collaboration-for-plastics-circularity.html,https://ml-eu.globenewswire.com/Resource/Download/152716ec-0dd8-4be9-8f4b-b4efd30891b0,2025-09-11T06:00:00Z,"Amsterdam, 11 September 2025 Cabka N.V., a leader in transforming hard-to-recycle plastic waste into reusable transport packaging, and Renewi, a leading waste-to-product company, are proud to announc… [+5989 chars]",technology
"{'id': 'medical-news-today', 'name': 'Medical News Today'}",Robby Berman,Hypertension risk: Why women may require different approach to men,An integrated digital health system involving a mobile device app and a blood pressure monitor proved effective in lowering participants' blood pressure — particularly women's — in a new study.,https://www.medicalnewstoday.com/articles/why-men-and-women-may-need-different-approaches-to-heart-health-as-they-age,https://media.post.rvohealth.io/wp-content/uploads/sites/3/2025/09/AI-Mental-Health-Breast-Cancer-1200-628-facebook.jpg,2025-09-11T06:00:00Z,<ul><li>An integrated digital health system involving a mobile device app and a blood pressure monitor proved effective in lowering participants blood pressure in a new study.</li><li>The digital int… [+6366 chars],technology
"{'id': None, 'name': 'Naturalnews.com'}",Ramon Tomey,"ICE raids Georgia battery plant, exposing massive VISA FRAUD involving South Koreans","More than 400 workers, mostly South Korean nationals, were detained for allegedly violating U.S. visa laws during a raid in Georgia. Korean conglomerates use B-1 visas, meant for business visits, to employ workers for paid labor, sidestepping U.S. labor laws.…",https://www.naturalnews.com/2025-09-11-ice-raid-battery-plant-exposes-visa-fraud.html,https://www.naturalnews.com/wp-content/uploads/sites/91/2025/09/Police-Officer-ICE-Deport-Border.jpg,2025-09-11T06:00:00Z,"<ul><li>More than 400 workers, mostly South Korean nationals, were detained for allegedly violating U.S. visa laws during a raid in Georgia.</li><li>Korean conglomerates use B-1 visas, meant for busi… [+5282 chars]",technology
"{'id': None, 'name': 'Naturalnews.com'}",Lance D Johnson,How a Mediterranean diet in pregnancy rewrites the future for mothers and babies,"The idea that food shapes our health is nothing new — but what if the right diet during pregnancy could rewrite the blueprint of a child’s immune system, gut health, and even their ability to fight infections? Emerging research suggests that a Mediterranean-s…",https://www.naturalnews.com/2025-09-11-mediterranean-diet-pregnancy-rewrites-future-mothers-babies.html,https://www.naturalnews.com/wp-content/uploads/sites/91/2025/09/Endometriosis-Abdomen-Pregnancy-Disease-Symptom-Menstruation-Care.jpg,2025-09-11T06:00:00Z,"The idea that food shapes our health is nothing new but what if the right diet during pregnancy could rewrite the blueprint of a childs immune system, gut health, and even their ability to fight infe… [+4829 chars]",technology
"{'id': None, 'name': 'YEN.COM.GH'}",Portia Arthur,Kumawood Star Lil Win Sues TV Station for GH¢1 Million For Unauthorised Broadcast of His Movie,"Ghanaian actor and musician Kwadwo Nkansah, popularly called Lil Win, has filed a lawsuit against Abrempong TV for the unauthorised broadcast of his movie.",https://yen.com.gh/entertainment/celebrities/290829-kumawood-star-lil-win-sues-tv-station-ghc1-million-unauthorised-broadcast-movie/,https://cdn.yen.com.gh/images/1200x675/a0e032493b71b7a3.jpeg?v=1,2025-09-11T06:52:19Z,<ul><li>Award-winning Ghanaian actor Lil Win has sued a popular TV station in Ghana for unauthorised broadcast of his movie</li><li>The famous actor and entertainer announced on his official social m… [+3511 chars],sports
"{'id': 'cbc-news', 'name': 'CBC News'}",,"World Cup ticket draw off to frustrating start, but plenty of time left in pre-sale",It was clear would-be ticket-buyers were going to need a big dose of luck to be successful in FIFA's 2026 World Cup lottery. Day 1 of the Visa pre-sale showed plenty of patience was needed as well.,https://www.cbc.ca/sports/soccer/world-cup-fifa-tickets-pre-sale-1.7630878,https://i.cbc.ca/1.7624353.1756926632!/fileImage/httpImage/image.jpg_gen/derivatives/16x9_1180/2195751614.jpg?im=Resize%3D620,2025-09-11T06:49:23Z,"It was clear would-be ticket-buyers were going to need a big dose of luck to be successful in FIFA's 2026 World Cup lottery. Day 1 of the Visa pre-sale showed plenty of patience was needed as well.
… [+3056 chars]",sports
"{'id': None, 'name': 'ETF Daily News'}",MarketBeat News,Citigroup Upgrades DICK’S Sporting Goods (NYSE:DKS) to Buy,"DICK’S Sporting Goods (NYSE:DKS – Get Free Report) was upgraded by investment analysts at Citigroup from a “neutral” rating to a “buy” rating in a research report issued on Tuesday, MarketBeat.com reports. The brokerage currently has a $280.00 target price on…",https://www.etfdailynews.com/2025/09/11/citigroup-upgrades-dicks-sporting-goods-nysedks-to-buy/,https://www.americanbankingnews.com/wp-content/timthumb/timthumb.php?src=https://www.marketbeat.com/logos/dicks-sporting-goods-inc-logo-1200x675.png?v=20221109153449&w=240&h=240&zc=2,2025-09-11T06:42:57Z,"DICK’S Sporting Goods (NYSE:DKS – Get Free Report) was upgraded by investment analysts at Citigroup from a “neutral” rating to a “buy” rating in a research report issued on Tuesday, MarketBeat.com re… [+5720 chars]",sports
"{'id': None, 'name': 'ETF Daily News'}",MarketBeat News,Foot Locker’s (FL) Market Perform Rating Reaffirmed at Telsey Advisory Group,"Foot Locker (NYSE:FL – Get Free Report)‘s stock had its “market perform” rating reiterated by investment analysts at Telsey Advisory Group in a note issued to investors on Tuesday,Benzinga reports. They currently have a $24.00 price target on the athletic foo…",https://www.etfdailynews.com/2025/09/11/foot-lockers-fl-market-perform-rating-reaffirmed-at-telsey-advisory-group/,https://www.americanbankingnews.com/wp-content/timthumb/timthumb.php?src=https://www.marketbeat.com/logos/foot-locker-inc-logo-1200x675.jpg?v=20221118141619&w=240&h=240&zc=2,2025-09-11T06:42:56Z,"Foot Locker (NYSE:FL – Get Free Report)‘s stock had its “market perform” rating reiterated by investment analysts at Telsey Advisory Group in a note issued to investors on Tuesday,Benzinga reports. T… [+5720 chars]",sports
"{'id': None, 'name': 'ETF Daily News'}",MarketBeat News,PDD Holdings Inc. Sponsored ADR (NASDAQ:PDD) Given Consensus Rating of “Moderate Buy” by Brokerages,"Shares of PDD Holdings Inc. Sponsored ADR (NASDAQ:PDD – Get Free Report) have been assigned an average recommendation of “Moderate Buy” from the fourteen brokerages that are covering the stock, Marketbeat.com reports. Eight equities research analysts have rat…",https://www.etfdailynews.com/2025/09/11/pdd-holdings-inc-sponsored-adr-nasdaqpdd-given-consensus-rating-of-moderate-buy-by-brokerages/,https://www.americanbankingnews.com/wp-content/timthumb/timthumb.php?src=https://www.marketbeat.com/logos/pdd-holdings-inc-logo-1200x675.jpg?v=20231214124144&w=240&h=240&zc=2,2025-09-11T06:40:57Z,"Shares of PDD Holdings Inc. Sponsored ADR (NASDAQ:PDD – Get Free Report) have been assigned an average recommendation of “Moderate Buy” from the fourteen brokerages that are covering the stock, Marke… [+3692 chars]",sports
"{'id': None, 'name': 'BBC News'}",BBC Sport,Postecoglou's style 'will be successful but take time',"A former head of sports science at Celtic says Ange Postecoglou will ""waste no time"" imposing his style at new club Nottingham Forest. Anton McElhone worked under Postecoglou at the Scottish Premiership club between 2021 and 2023 - winning five trophies acros…",https://www.bbc.com/sport/football/articles/c0m41ngdy2vo,https://ichef.bbci.co.uk/ace/branded_sport/1200/cpsprodpb/b796/live/e0d629e0-8e13-11f0-8bee-8501c5d73579.jpg,2025-09-11T06:40:27Z,"A former head of sports science at Celtic says Ange Postecoglou will ""waste no time"" imposing his style at new club Nottingham Forest.
Anton McElhone worked under Postecoglou at the Scottish Premier… [+1501 chars]",sports
"{'id': None, 'name': 'ETF Daily News'}",MarketBeat News,Konami Group (OTCMKTS:KONMY) Shares Down 0.1% – What’s Next?,"Konami Group Co. (OTCMKTS:KONMY – Get Free Report)’s share price was down 0.1% on Wednesday . The stock traded as low as C$74.86 and last traded at C$76.21. Approximately 1,224 shares changed hands during trading, a decline of 41% from the average daily volum…",https://www.etfdailynews.com/2025/09/11/konami-group-otcmktskonmy-shares-down-0-1-whats-next/,https://www.americanbankingnews.com/wp-content/timthumb/timthumb.php?src=https://www.marketbeat.com/logos/konami-group-co-logo-1200x675.png&w=240&h=240&zc=2,2025-09-11T06:38:52Z,"Konami Group Co. (OTCMKTS:KONMY – Get Free Report)’s share price was down 0.1% on Wednesday . The stock traded as low as C$74.86 and last traded at C$76.21. Approximately 1,224 shares changed hands d… [+941 chars]",sports
"{'id': None, 'name': 'ClutchPoints'}",Brayden Haena,President Donald Trump to take part in 9/11 commemoration in Yankees-Tigers finale,"Yankee Stadium is preparing for a unique blend of baseball and remembrance on Thursday, September 11th, when President Trump honors victims.",https://clutchpoints.com/mlb/new-york-yankees/yankees-news-president-donald-trump-take-part-9-11-commemoration-tigers-finale,https://wp.clutchpoints.com/wp-content/uploads/2025/09/President-Donald-Trump-cover.jpg,2025-09-11T06:30:26Z,"Yankee Stadium is preparing for a unique blend of baseball and remembrance on Thursday, Sept. 11, when the New York Yankees host the Detroit Tigers. The game, already significant as the 24th annivers… [+2845 chars]",sports
"{'id': None, 'name': 'Sky Sports'}",Peter Smith,A dream dilemma? How Slot fits Isak and all his attacking options in,"A clinical debut finish at Anfield. A run in behind Ibrahima Konate before a prod past Alisson. A thunderbolt into the top corner at St James' Park. And that almost inevitable, excellently executed winner at Wembley.",https://www.skysports.com/football/news/11669/13426989/alexander-isak-liverpool-striker-gives-arne-slot-challenge-to-maximise-attacking-options,https://e0.365dm.com/25/09/1600x900/skysports-premier-league-liverpool_7016148.jpg?20250910142629,2025-09-11T06:29:00Z,"A clinical debut finish at Anfield. A run in behind Ibrahima Konate before a prod past Alisson. A thunderbolt into the top corner at St James' Park. And that almost inevitable, excellently executed w… [+6024 chars]",sports
"{'id': 'the-times-of-india', 'name': 'The Times of India'}",Mukesh Thapliyal,Josh Naylor likely to be signed by Mariners in over $60 million free agency deal,"Josh Naylor, acquired by the Mariners at the trade deadline, is poised to become a free agent and explore his market value. Despite initial reports suggesting an over $60 million deal with Seattle, Naylor's strong performance and the relatively weak free-agen…",https://economictimes.indiatimes.com/news/international/us/josh-naylor-likely-to-be-signed-by-mariners-in-over-60-million-free-agency-deal/articleshow/123823889.cms,"https://img.etimg.com/thumb/msid-123823921,width-1200,height-630,imgsize-49632,overlay-economictimes/articleshow.jpg",2025-09-11T06:28:35Z,"Star first baseman Josh Naylor, who hits free agency at the end of the season, is likely to stay in Seattle with the Mariners set to sign him in an over $60 million free agency deal, according to med… [+1626 chars]",sports
"{'id': None, 'name': 'ETF Daily News'}",MarketBeat News,Toro (NYSE:TTC) Price Target Raised to $90.00,"Toro (NYSE:TTC – Get Free Report) had its target price lifted by analysts at Northland Securities from $80.00 to $90.00 in a report issued on Tuesday, Marketbeat reports. The brokerage currently has a “market perform” rating on the stock. Northland Securities…",https://www.etfdailynews.com/2025/09/11/toro-nysettc-price-target-raised-to-90-00/,https://www.americanbankingnews.com/wp-content/timthumb/timthumb.php?src=https://www.marketbeat.com/logos/toro-logo-1200x675.jpg&w=240&h=240&zc=2,2025-09-11T06:26:51Z,"Toro (NYSE:TTC – Get Free Report) had its target price lifted by analysts at Northland Securities from $80.00 to $90.00 in a report issued on Tuesday, Marketbeat reports. The brokerage currently has … [+5730 chars]",sports
"{'id': None, 'name': 'Cowcotland.com'}",,Bon Plan : toujours plus de vieux jeux avec Capcom et Humble Bundle,"Pas moins de 65 articles sur un seul palier, voilà la nouvelle offre Humble Bundle qui va piocher dans des vieilleries plus ou moins vieilles de Capcom !

Explore 30+ iconic titles from years past and the latest retro-inspired releases with the all-new Capcom…",https://www.cowcotland.com/news/97697/bon-plan-toujours-plus-de-vieux-jeux-avec-capcom-et-humble-bundle.html,https://www.cowcotland.com/images/news/2025/09/humblebundle-f-8.jpg,2025-09-11T06:21:23Z,"Pas moins de 65 articles sur un seul palier, voilà la nouvelle offre Humble Bundle qui va piocher dans des vieilleries plus ou moins vieilles de Capcom !
Explore 30+ iconic titles from years past an… [+2705 chars]",sports
"{'id': 'breitbart-news', 'name': 'Breitbart News'}","Dylan Gwinn, Dylan Gwinn",Sage Steele Calls on Sports League to Honor Charlie Kirk like They Did When 'Career Criminal George Floyd Died',"Former ESPN anchor Sage Steele has issued a direct call for all major American sports leagues to ""release statements & send condolences"" to the family of murdered conservative activist Charlie Kirk, ""kinda like you did when career criminal George Floyd died.""…",https://www.breitbart.com/sports/2025/09/10/sage-steele-calls-on-sports-league-to-honor-charlie-kirk-like-they-did-when-career-criminal-george-floyd-died/,https://media.breitbart.com/media/2025/09/Meg-Oliphant_Getty-Images-2-640x335.jpg,2025-09-11T06:20:23Z,Former ESPN anchor Sage Steele has issued a direct call for all major American sports leagues to “release statements &amp; send condolences” to the family of murdered conservative activist Charlie Ki… [+1689 chars],sports
"{'id': None, 'name': 'ETF Daily News'}",MarketBeat News,TKO Group (NYSE:TKO) Stock Rating Lowered by Seaport Res Ptn,"Seaport Res Ptn cut shares of TKO Group (NYSE:TKO – Free Report) from a strong-buy rating to a hold rating in a report issued on Monday,Zacks.com reports. Other research analysts have also issued research reports about the stock. Northcoast Research lowered s…",https://www.etfdailynews.com/2025/09/11/tko-group-nysetko-stock-rating-lowered-by-seaport-res-ptn/,https://www.americanbankingnews.com/wp-content/timthumb/timthumb.php?src=https://www.marketbeat.com/logos/tko-group-holdings-inc-logo.png?v=20250207064150&w=240&h=240&zc=2,2025-09-11T06:13:10Z,"Seaport Res Ptn cut shares of TKO Group (NYSE:TKO – Free Report) from a strong-buy rating to a hold rating in a report issued on Monday,Zacks.com reports.
Other research analysts have also issued re… [+5475 chars]",sports
"{'id': None, 'name': 'ETF Daily News'}",MarketBeat News,Rep. Laura Friedman Sells The Walt Disney Company (NYSE:DIS) Stock,"Representative Laura Friedman (D-California) recently sold shares of The Walt Disney Company (NYSE:DIS). In a filing disclosed on September 09th, the Representative disclosed that they had sold between $1,001 and $15,000 in Walt Disney stock on August 26th. T…",https://www.etfdailynews.com/2025/09/11/rep-laura-friedman-sells-the-walt-disney-company-nysedis-stock/,https://www.americanbankingnews.com/wp-content/timthumb/timthumb.php?src=https://www.marketbeat.com/logos/the-walt-disney-company-logo-1200x675.png?v=20201229105326&w=240&h=240&zc=2,2025-09-11T06:08:46Z,"Representative Laura Friedman (D-California) recently sold shares of The Walt Disney Company (NYSE:DIS). In a filing disclosed on September 09th, the Representative disclosed that they had sold betwe… [+5688 chars]",sports
"{'id': None, 'name': 'Dramabeans.com'}",tccolb,Junho takes charge of his Typhoon Family,"The first posters and teaser for tvN’s Typhoon Family have come whirling in, introducing us to Junho (King the Land) in all his Gen X glory as he steps into the shoes of CEO to save his father’s struggling company. The year in our period story is 1997, when S…",https://dramabeans.com/2025/09/junho-takes-charge-of-his-typhoon-family/,https://dramabeans.com/wp-content/uploads/2025/09/tvn_typfam_tt-3.jpg,2025-09-11T06:00:36Z,"Junho takes charge of his Typhoon Family
The first posters and teaser for tvN’s Typhoon Family have come whirling in, introducing us to Junho (King the Land) in all his Gen X glory as he steps into … [+1444 chars]",sports
"{'id': None, 'name': 'Adweek'}",Brittaney Kiefer,"In a World of AI Slop, The Next Brand Fight Is About Staying Real","A shark wears blue Nikes. The pope sports a white puffer coat. Jesus rides a giant shrimp. These bizarre, viral images have come to define the current era of AI […]",https://www.adweek.com/creativity/in-a-world-of-ai-slop-the-next-brand-fight-is-about-staying-real/,https://static-www.adweek.com/wp-content/uploads/2025/09/BMWAIslopPigeon.png?w=600&h=315&crop=1,2025-09-11T06:00:00Z,"A shark wears blue Nikes. The pope sports a white puffer coat. Jesus rides a giant shrimp. These bizarre, viral images have come to define the current era of AI slop.The pejorative term has emerged t… [+448 chars]",sports
"{'id': None, 'name': 'Yahoo Entertainment'}",EDDIE PELLS,Usain Bolt 'not worried' about records being broken by today's cast of sprinters,"In the 16 years since Usain Bolt posted his world records in the 100 and 200 meters, nobody has really come close to toppling them. Since then, only one other runner, Yohan Blake, has cracked 9.7 in the 100, and only Blake has run faster than 19.3 in the 200.…",https://sports.yahoo.com/article/usain-bolt-not-worried-records-055921910.html,https://s.yimg.com/ny/api/res/1.2/8LuMTl_cb2hICKCbFv0.Rg--/YXBwaWQ9aGlnaGxhbmRlcjt3PTEyMDA7aD04MDA7Y2Y9d2VicA--/https://media.zenfs.com/en/ap.org/cd7ab1eb9842badb5b566957cf0de55d,2025-09-11T05:59:21Z,"TOKYO (AP) In the 16 years since Usain Bolt posted his world records in the 100 and 200 meters, nobody has really come close to toppling them.
One of track's all-time greats and maybe still its most… [+2263 chars]",sports
"{'id': None, 'name': 'Outside'}",ahood,"How to Watch the GP Québec and GP Montréal, Maps and Profiles","Maps and profiles plus listings of how to watch this weekend's GP Québec and GP Montréal in North America's only WorldTour races.
Read the full article at How to Watch the GP Québec and GP Montréal, Maps and Profiles on Velo.",https://velo.outsideonline.com/road/road-racing/how-to-watch-the-gp-quebec-and-gp-montreal/#article,https://velo.outsideonline.com/wp-content/uploads/2025/09/GettyImages-2172212071.jpg,2025-09-11T05:57:06Z,"Maps and profiles plus listings of how to watch this weekend's GP Québec and GP Montréal in North America's only WorldTour races.
Bookmark Icon
Save
Pogaar was last year's big winner in Montréal. … [+1405 chars]",sports
"{'id': None, 'name': 'CounterPunch'}",John Whitbeck,Three Scenarios for the Future of Palestine,"In the run-up to a special session of the UN General Assembly at which at least seven Western states have announced their intention to extend diplomatic recognition to the State of Palestine, numerous respected and knowledgeable commentators are declaring tha…",https://www.counterpunch.org/2025/09/11/three-scenarios-for-the-future-of-palestine-2/,https://www.counterpunch.org/wp-content/uploads/2025/09/onur-burak-akin-nmvO0TkXZNg-unsplash-945x630.jpg,2025-09-11T05:57:04Z,"Image by Onur Burak Akn.
In the run-up to a special session of the UN General Assembly at which at least seven Western states have announced their intention to extend diplomatic recognition to the S… [+4268 chars]",sports
"{'id': 'abc-news-au', 'name': 'ABC News (AU)'}",ABC News,Edmed handed playmaking reins as Wallabies make changes to starting XV,The Wallabies have made four changes to their starting team for the second Test match against Argentina in the Rugby Championship.,https://www.abc.net.au/news/2025-09-11/wallabies-vs-argentina-how-to-watch-what-time-is-kick-off/105761962,https://live-production.wcms.abc-cdn.net.au/eede7a57250b0be7119d8c3dad4c7e2b?impolicy=wcms_watermark_news&cropH=2813&cropW=5000&xPos=0&yPos=260&width=862&height=485&imformat=generic,2025-09-11T05:56:33Z,"Tane Edmed has been given the keys to the Wallabies' attack with coach Joe Schmidt handing the playmaker Australia's number 10 jersey for the first time.
Two-cap international Edmed will call the sh… [+4804 chars]",sports
"{'id': 'the-times-of-india', 'name': 'The Times of India'}",ET Online,"SC refuses urgent listing of plea against India-Pakistan Asia Cup match, asks a key question","The Supreme Court on Thursday declined urgent listing of a plea seeking cancellation of the India-Pakistan Asia Cup match scheduled for September 14 in Dubai. A bench of Justices J K Maheshwari and Vijay Bishnoi said, “It’s a match, let it be.” The plea, file…",https://economictimes.indiatimes.com/news/sports/sc-refuses-urgent-listing-of-plea-against-india-pakistan-cricket-match-asks-a-key-question/articleshow/123823303.cms,"https://img.etimg.com/thumb/msid-123823338,width-1200,height-630,imgsize-157296,overlay-economictimes/articleshow.jpg",2025-09-11T05:56:10Z,The Supreme Court on Thursday refused urgent listing of a plea seeking cancellation of the cricket match between India and Pakistan in the upcoming Asia Cup.The matter was mentioned before a bench of… [+1640 chars],sports
"{'id': None, 'name': 'ETF Daily News'}",MarketBeat News,Top Casino Stocks To Watch Now – September 9th,"Sharplink Gaming, Flutter Entertainment, and DraftKings are the three Casino stocks to watch today, according to MarketBeat’s stock screener tool. Casino stocks are equity shares of publicly traded companies that own, develop or manage casino gaming propertie…",https://www.etfdailynews.com/2025/09/11/top-casino-stocks-to-watch-now-september-9th/,https://www.americanbankingnews.com/wp-content/timthumb/timthumb.php?src=https://www.marketbeat.com/logos/sharplink-gaming-ltd-logo-1200x675.png?v=20230124141409&w=240&h=240&zc=2,2025-09-11T05:44:49Z,"Sharplink Gaming, Flutter Entertainment, and DraftKings are the three Casino stocks to watch today, according to MarketBeat’s stock screener tool. Casino stocks are equity shares of publicly traded c… [+1921 chars]",sports
"{'id': None, 'name': 'Notebookcheck.net'}",Rahim Amir Noorali,Hideo Kojima says a singular conversation in early job interview changed his entire career path,A meeting with an HR manager early in Hideo Kojima's career sparked a conversation that may have been crucial to a series of events that allowed for the legendary Metal Gear Solid franchise to be born.,https://www.notebookcheck.net/Hideo-Kojima-says-a-singular-conversation-in-early-job-interview-changed-his-entire-career-path.1111127.0.html,https://www.notebookcheck.net/fileadmin/Notebooks/News/_nc5/Ludens-Mascot-for-Kojima-Productions-Image-Source-Kojima-Productions.png,2025-09-11T05:39:00Z,"Hideo Kojima recently opened up about the deceptive nature of job interviews in a personal essay, labeling them as a place where lies meet lies. During his early job-hunting escapades, an HR manager … [+2712 chars]",sports
"{'id': None, 'name': 'ETF Daily News'}",MarketBeat News,Super Group (SGHC) (NYSE:SGHC) Sees Large Volume Increase Following Dividend Announcement,"Shares of Super Group (SGHC) Limited (NYSE:SGHC – Get Free Report) saw strong trading volume on Wednesday following a dividend announcement from the company. 5,629,681 shares were traded during mid-day trading, an increase of 332% from the previous session’s …",https://www.etfdailynews.com/2025/09/11/super-group-sghc-nysesghc-sees-large-volume-increase-following-dividend-announcement/,https://www.americanbankingnews.com/wp-content/timthumb/timthumb.php?src=https://www.marketbeat.com/logos/super-group-(sghc)-limited-logo-1200x675.png?v=20220228095611&w=240&h=240&zc=2,2025-09-11T05:34:45Z,"Shares of Super Group (SGHC) Limited (NYSE:SGHC – Get Free Report) saw strong trading volume on Wednesday following a dividend announcement from the company. 5,629,681 shares were traded during mid-d… [+4171 chars]",sports
"{'id': None, 'name': 'ETF Daily News'}",MarketBeat News,Head to Head Comparison: DraftKings (NASDAQ:DKNG) vs. Las Vegas Sands (NYSE:LVS),"Las Vegas Sands (NYSE:LVS – Get Free Report) and DraftKings (NASDAQ:DKNG – Get Free Report) are both large-cap consumer discretionary companies, but which is the superior business? We will compare the two businesses based on the strength of their earnings, an…",https://www.etfdailynews.com/2025/09/11/head-to-head-comparison-draftkings-nasdaqdkng-vs-las-vegas-sands-nyselvs/,https://www.americanbankingnews.com/wp-content/timthumb/timthumb.php?src=https://www.marketbeat.com/logos/draftkings-inc-logo-1200x675.png?v=20231227085909&w=240&h=240&zc=2,2025-09-11T05:30:53Z,"Las Vegas Sands (NYSE:LVS – Get Free Report) and DraftKings (NASDAQ:DKNG – Get Free Report) are both large-cap consumer discretionary companies, but which is the superior business? We will compare th… [+4552 chars]",sports
"{'id': None, 'name': 'ETF Daily News'}",MarketBeat News,"Rush Street Interactive, Inc. (NYSE:RSI) Receives $17.89 Consensus Target Price from Brokerages","Rush Street Interactive, Inc. (NYSE:RSI – Get Free Report) has received a consensus rating of “Moderate Buy” from the eleven research firms that are presently covering the stock, MarketBeat.com reports. Two research analysts have rated the stock with a hold r…",https://www.etfdailynews.com/2025/09/11/rush-street-interactive-inc-nysersi-receives-17-89-consensus-target-price-from-brokerages/,https://www.americanbankingnews.com/wp-content/timthumb/timthumb.php?src=https://www.marketbeat.com/logos/rush-street-interactive-inc-logo-1200x675.jpg?v=20210327085621&w=240&h=240&zc=2,2025-09-11T05:30:53Z,"Rush Street Interactive, Inc. (NYSE:RSI – Get Free Report) has received a consensus rating of “Moderate Buy” from the eleven research firms that are presently covering the stock, MarketBeat.com repor… [+5516 chars]",sports
"{'id': None, 'name': 'Latest News in Nigeria & Breaking Naija News 24/7 | LEGIT.NG'}",Eniola Lasaki,"BBN: Dede, Joanna, Rooboy Make Unexpected Appearance, Housemates Lose Composure as They Welcome Them","After picking the red phone, Dede, Joanna, and Rooboy made an unexpected return to the BBNaija season 10 house, igniting excitement among housemates.",https://www.legit.ng/entertainment/tv-shows/1673549-dede-joanna-rooboy-unexpected-appearnace-housemates-loose-composure-them/,https://cdn.legit.ng/images/1200x675/a75f2a4b4278481e.jpeg?v=1,2025-09-11T05:28:23Z,"<ul><li>The rest of the housemates were not expecting to see the return of Dede, Joana, and Rooboy after their exit on Monday, September 8</li><li>The three housemates had left the house after Rooboy… [+3441 chars]",sports
"{'id': None, 'name': 'STLtoday.com'}",By Derrick Goold St. Louis Post-Dispatch,Missed opportunities finally catch up with Cardinals as Mariners walk off with win in 13th,"Leo Rivas, who entered the game as a pinch-runner, hit the first pitch of the 13th inning for a two-run homer that sent host Seattle to a 4-2 victory Wednesday.",https://www.stltoday.com/sports/professional/mlb/cardinals/article_09d81f06-040c-47f2-8b90-1cf86e557493.html,https://bloximages.newyork1.vip.townnews.com/stltoday.com/content/tncms/assets/v3/editorial/0/9d/09d81f06-040c-47f2-8b90-1cf86e557493/68c25e99d53cb.preview.jpg?crop=1763%2C926%2C0%2C124&resize=1200%2C630&order=crop%2Cresize,2025-09-11T05:28:00Z,"The Cardinals' Ivan Herrera hits a solo home run off Mariners starting pitcher Logan Gilbert during the first inning on Wednesday, Sept. 10, 2025, in Seattle. 
John Froschauer, Associated Press
SEA… [+13849 chars]",sports
"{'id': None, 'name': 'BBC News'}",,Glasgow 2026 lowers minimum age for volunteers to 16,Applications will be invited from next week for thousands of volunteers to take part in the next Commonwealth Games.,https://www.bbc.com/news/articles/c2dn3466dd2o,https://ichef.bbci.co.uk/news/1024/branded_news/82b4/live/d77e80a0-8e5d-11f0-af6b-f75bb410f9ba.jpg,2025-09-11T05:19:08Z,"Glasgow 2026 Games mascot Finnie helped kick off the search for volunteers
Organisers of the 2026 Commonwealth Games in Glasgow have cut the minimum age for volunteers from 18 to 16.
Applications f… [+2432 chars]",sports
"{'id': None, 'name': 'BBC News'}",,"Great North Run error medals listed for £5,000","Organisers are urging people to be wary of scams as some opt to sell the ""error"" medals for £5,000.",https://www.bbc.com/news/articles/cderkx117rno,https://ichef.bbci.co.uk/news/1024/branded_news/9801/live/e3bce170-8d97-11f0-bcbf-f3fb3e8bb0a7.jpg,2025-09-11T05:17:27Z,"Gemma SherlockBBC News, North East and Cumbria
The official 2025 Great North Run medals incorrectly used an outline of Sunderland and the River Wear
Finisher medals for one of the world's best know… [+2577 chars]",sports
"{'id': None, 'name': 'Yahoo Entertainment'}",Steve Henson,Adam Silver says NBA needs clear evidence Clippers made secret deal before lowering boom on Ballmer,NBA commissioner Adam Silver said clear evidence must be found that the Clippers violated salary cap rules for owner Steve Ballmer to be punished.,https://sports.yahoo.com/article/adam-silver-says-nba-needs-051725869.html,https://media.zenfs.com/en/la_times_articles_853/c3f1dc6cca7e58e9cace52f0c06eee56,2025-09-11T05:17:25Z,NBA commissioner Adam Silver on Wednesday pulled back the reins as allegations swirled about the Clippers circumventing the salary cap by orchestrating an endorsement deal for star forward Kawhi Leon… [+6449 chars],sports
"{'id': None, 'name': 'BBC News'}",Joe Rindl,Weekly sports quiz: Who made their England debut in Serbia?,How much attention have you paid to what's happened in the world of sport over the past seven days?,https://www.bbc.com/sport/articles/ckg27v0gwero,https://ichef.bbci.co.uk/ace/branded_sport/1200/cpsprodpb/17e4/live/c0abc240-8e38-11f0-9cf6-cbf3e73ce2b9.jpg,2025-09-11T05:16:48Z,"So much has happened over the past seven days, including international debuts, cycling retirements and discussions over golf T-shirts with suspicious silhouettes.
About 9% of quizzers got full marks… [+58 chars]",sports
"{'id': None, 'name': 'BBC News'}",,School uniform rules treat pupils 'like criminals',Parents also claim there are only six toilets accessible for girls in the school.,https://www.bbc.com/news/articles/cm2z3emklp4o,https://ichef.bbci.co.uk/news/1024/branded_news/6386/live/1ea010a0-8e5b-11f0-8eba-0dbf19bcb4bd.jpg,2025-09-11T05:15:27Z,"Danny FullbrookBBC News, Bedfordshire
The school said uniform ""sets a positive tone for learning""
Parents feared their children were being ""treated like criminals"" after new rules were enforced at … [+3680 chars]",sports
"{'id': None, 'name': 'Syllad.com'}",Syllad | The Rising Meghalaya,Kitbok kitrwiang ka KSU iaki khynnah ialehkai ka North Liberty HSS ban mihkhmat sha ka International Subroto Mukherjee Cup,Ka Khasi Students’ Union (KSU) West Jaiñtia Hills District Unit haka 9 tarik Nailur kala ai iaka jingkitbok kitrwiang iaki nongialehkai ka North Liberty HSS ka ban leit ban iashimbynta ban mihkhmat iaka Jylla haka Under-17 sha ka Subroto Mukherjee Cup- Intern…,https://www.syllad.com/kitbok-kitrwiang-ka-ksu-iaki-khynnah-ialehkai-ka-north-liberty-hss-ban-mihkhmat-sha-ka-international-subroto-mukherjee-cup/,https://www.syllad.com/wp-content/uploads/2025/09/North-Liberty.jpg,2025-09-11T05:12:42Z,"Syllad | The Rising MeghalayaSeptember 11, 2025
Ka Khasi Students Union (KSU) West Jaiñtia Hills District Unit haka 9 tarik Nailur kala ai iaka jingkitbok kitrwiang iaki nongialehkai ka North Libert… [+1138 chars]",sports
"{'id': None, 'name': 'BBC News'}",,Bird flu fears spark demand for stricter shoot rules,The RSPB says there has to be stricter rules on releasing millions of gamebirds into the wild.,https://www.bbc.com/news/articles/ckg2x9wpdjro,https://ichef.bbci.co.uk/news/1024/branded_news/5d11/live/24a4d030-8ed3-11f0-ab93-37cf315271db.jpg,2025-09-11T05:07:58Z,"Steffan MessengerEnvironment correspondent, BBC Wales
The British Association of Shooting and Conservation says shooting is worth £75m annually to the Welsh economy, supporting 2,400 jobs
Stricter … [+5057 chars]",sports
"{'id': None, 'name': 'BBC News'}",,The Muslim women who defied tradition and changed lives with exercise,Women from the Asian community describe how they are overcoming barriers to exercise.,https://www.bbc.com/news/articles/ce397wpy338o,https://ichef.bbci.co.uk/news/1024/branded_news/30d6/live/960b28f0-8cad-11f0-b391-6936825093bd.jpg,2025-09-11T05:05:35Z,"Natasha TurneyBBC Investigations, East Midlands
Selina says she quit going to a local sports team due to the racism she experienced
""I got picked last because I wore the hijab, they wouldn't call m… [+7288 chars]",sports
"{'id': None, 'name': 'Yahoo Entertainment'}",REENO HASHIMOTO and KOJI UEDA,Japanese women struggle to find a place in the Japanese sumo world,"Sumo is more than a sport in Japan. While professional sumo — the sumo that the world is used to seeing — remains closed to women, a small but growing group of more than 600 female wrestlers is making strides at the amateur level in Japan. “I want sumo to bec…",https://sports.yahoo.com/article/japanese-women-struggle-place-japanese-050227034.html,https://s.yimg.com/ny/api/res/1.2/86MXhUX4hm5lK1WFbE1FyQ--/YXBwaWQ9aGlnaGxhbmRlcjt3PTEyMDA7aD04MDA7Y2Y9d2VicA--/https://media.zenfs.com/en/ap.org/fe6427b29d35a7f5fbfdc6e5fc81cd33,2025-09-11T05:02:27Z,"TOKYO (AP) Sumo is more than a sport in Japan. Its a sacred tradition, a 1,500-year-old spectacle steeped in Shinto ritual and ceremony. But at its heart lies a long-standing taboo: women are still b… [+4193 chars]",sports
"{'id': None, 'name': 'Forbes'}","Forbes Press Releases, Forbes Staff, 
 Forbes Press Releases, Forbes Staff
 https://www.forbes.com/sites/forbes-spotlights/",Forbes Under 30 Summit Asia 2025 Opens In Bangkok,"Themed ‘Jumpstarting The Future,’ this year’s summit will gather some 350 young entrepreneurs and trailblazers from 30 Under 30 Asia list from the past 10 editions.",https://www.forbes.com/sites/forbespr/2025/09/11/forbes-under-30-summit-asia-2025-opens-in-bangkok/,https://imageio.forbes.com/specials-images/imageserve/62fe40baadccff017f1dbcbd/0x0.jpg?format=jpg&height=900&width=1600&fit=bounds,2025-09-11T05:00:57Z,"#Under30Summit
BANGKOK (September 11, 2025) Forbes today announced the opening of this years Forbes Under 30 Summit Asia, which is being held in Bangkok. Themed Jumpstarting The Future, this years s… [+4888 chars]",sports
"{'id': None, 'name': 'Fratellowatches.com'}",Thomas Van Straaten,Introducing: The Gerald Charles Masterlink Gem-Set — A Colorful Take On The Brand’s Emblematic Model,"Gerald Charles introduces a colorful twist on its emblematic design with the Masterlink Gem-Set. For the very first time, the maison embraces gemsetting, bringing bright colors to the asymmetric case and integrated bracelet that define the model. The new Gera…",https://www.fratellowatches.com/introducing-the-gerald-charles-masterlink-gem-set-a-colorful-take-on-the-brands-emblematic-model/,https://www.fratellowatches.com/cdn-cgi/image/anim=false/wp-content/uploads/2025/09/ML1.0-SSPS-WG31-18GS-SBCL_Wrist3_1-1_V2.jpg,2025-09-11T05:00:35Z,"Gerald Charles introduces a colorful twist on its emblematic design with the Masterlink Gem-Set. For the very first time, the maison embraces gemsetting, bringing bright colors to the asymmetric case… [+4020 chars]",sports
"{'id': 'the-irish-times', 'name': 'The Irish Times'}",Dave Hannigan,Dave Hannigan: Fans feuding and taking from children - basic etiquette in American sport is a thing of the past,Class and dignity are increasingly rare qualities among fans watching sport in the US,https://www.irishtimes.com/sport/2025/09/11/dave-hannigan-basic-fan-etiquette-in-american-sport-is-over/,https://www.irishtimes.com/resizer/v2/OGKAIJJYWJDGZCRWSS3MJ3GSLA.jpg?smart=true&auth=95a55d3b30d64fa7539d0b91c968fec95fc3f10eba30964ea7235edad3aeeb9b&width=1200&height=630,2025-09-11T05:00:00Z,"Twenty-nine years have passed since Charlie Sheen purchased 2,615 tickets for the then California Angels versus the Detroit Tigers at Anaheim Stadium. 
Commandeering a swathe of seats in left field … [+5115 chars]",sports
"{'id': None, 'name': 'GoNintendo'}",rawmeatcowboy,Arcade Archives: Video Hustler launches on Switch today,Got any sharks around here?,https://gonintendo.com/contents/52701-arcade-archives-video-hustler-launches-on-switch-today,https://gonintendo.com/attachments/image/70230/file/medium-c0ba69dd219785229c9ee373a7ec3a03.jpg,2025-09-11T04:56:00Z,"HAMSTER Corporation is happy to announce that VIDEO HUSTLER, will be released for Nintendo Switch today, available digitally for Arcade Archives series by HAMSTER. VIDEO HUSTLER is a sports game rele… [+728 chars]",sports
"{'id': 'breitbart-news', 'name': 'Breitbart News'}","Bradley Jaye, Bradley Jaye",JD Vance Promises to Carry On Legacy of 'True Friend' Charlie Kirk,"Vice President JD Vance called Charlie Kirk a ""true friend"" who contributed directly to much of the success of President Donald Trump's administration in a heartfelt statement after the conservative star's assassination.
The post JD Vance Promises to Carry On…",https://www.breitbart.com/politics/2025/09/10/jd-vance-promises-to-carry-on-legacy-of-true-friend-charlie-kirk/,https://media.breitbart.com/media/2025/09/Vance-and-Charlie-Kirk-640x335.jpeg,2025-09-11T04:50:03Z,Vice President JD Vance called Charlie Kirk a “true friend” who contributed directly to much of the success of President Donald Trump’s administration in a heartfelt statement after the conservative … [+7162 chars],sports
"{'id': 'abc-news-au', 'name': 'ABC News (AU)'}",ABC News,Bulldogs axe Mahoney in bench swap for finals clash against Storm,Canterbury coach Cameron Ciraldo has confirmed the bold selection call to axe Reed Mahoney from the qualifying final squad to face Melbourne and recall Toby Sexton.,https://www.abc.net.au/news/2025-09-11/canterbury-bulldogs-axe-reed-mahoney-for-toby-sexton/105762352,https://live-production.wcms.abc-cdn.net.au/d26e5d95f1a0036379ce3a883895ab9b?impolicy=wcms_watermark_news&cropH=2813&cropW=5000&xPos=0&yPos=137&width=862&height=485&imformat=generic,2025-09-11T04:33:21Z,"Cameron Ciraldo has confirmed the bold selection call to axe Reed Mahoney from Canterbury's qualifying final squad to face Melbourne and recall Toby Sexton, who has not played NRL for two months.
As… [+2810 chars]",sports
"{'id': None, 'name': 'Photographylife.com'}",Libor Vaicenbacher,The State of Nikon Z Firmware Features Today,"Back in the DSLR era, firmware updates were mostly about debugging or fixing compatibility issues. Nobody really talked about them, because, frankly, there wasn’t much to talk about. But with the rise of mirrorless cameras, that changed dramatically. For Niko…",https://photographylife.com/nikon-z-firmware-features-today,https://photographylife.com/wp-content/uploads/2024/06/Velvet-purple-Coronet_Ecuador_Nikon-Z9_500mm.jpg,2025-09-11T04:31:25Z,"Back in the DSLR era, firmware updates were mostly about debugging or fixing compatibility issues. Nobody really talked about them, because, frankly, there wasn’t much to talk about. But with the ris… [+19716 chars]",sports
"{'id': None, 'name': 'Independent.ie'}",Brian Keogh,Keegan Bradley and ‘hurt’ Scottie Scheffler get ready for ‘best European team ever’,Keegan Bradley insists superstar Scottie Scheffler will be ready for the battle against what he reckons could be the best European team and the best Ryder Cup captain “ever” to step on US soil.,https://www.independent.ie/sport/golf/keegan-bradley-and-hurt-scottie-scheffler-get-ready-for-best-european-team-ever/a457802042.html,https://focus.independent.ie/thumbor/WQhWCpu3kupYHKVCG-62XoPtxb8=/629x460/smart/prod-mh-ireland/b647bf4d-8d64-4335-8601-d236cd177f79/aac16910-a4cd-4331-9ceb-6307d397d25b/IS%20KEEGANBRADLEY%2011.jpg,2025-09-11T04:30:00Z,Keegan Bradley insists superstar Scottie Scheffler will be ready for the battle against what he reckons could be the best European team and the best Ryder Cup captain ever to step on US soil.The US s… [+3016 chars],sports
"{'id': None, 'name': 'Tvgry.pl'}",,Football Manager 26 - zwiastun interfejsu PC,Wideo z Football Manager 26 od Sports Interactive | Opublikowano 2025-09-11 06:28 w kategorii Trailery z gier | Czas trwania 3:47.,https://tvgry.pl/wideo.asp?ID=-59661,https://www.gry-online.pl/galeria/filmy/960x540/-1881709281.jpg,2025-09-11T04:28:00Z,"9 wywietle 11 wrzenia 2025
Wideo z Football Manager 26 od Sports Interactive | Opublikowano 2025-09-11 06:28 w kategorii Trailery z gier | Czas trwania 3:47.",sports
"{'id': None, 'name': 'Qburst.com'}",Qbnewsadmin,Atin Kulkarni to Drive Marketing and CX Solutions at QBurst - QBurst News,"QBurst has appointed Atin Kulkarni as Senior Advisor and Lead to spearhead strategic initiatives across Digital Marketing and Retail/Customer Experience Solutions, and also drive Marketing & External Communications initiatives. Atin brings more than 20 years …",https://news.qburst.com/atin-kulkarni-to-drive-marketing-and-cx-solutions-at-qburst/,https://news.qburst.com/wp-content/uploads/2025/09/Atin.png,2025-09-11T04:27:48Z,"QBurst has appointed Atin Kulkarni as Senior Advisor and Lead to spearhead strategic initiatives across Digital Marketing and Retail/Customer Experience Solutions, and also drive Marketing &amp; Exte… [+4274 chars]",sports
"{'id': 'breitbart-news', 'name': 'Breitbart News'}","Jasmyn Jordan, Jasmyn Jordan",Kennedy Center Holds Moment of Silence for Charlie Kirk After Assassination,"The John F. Kennedy Center for the Performing Arts honored Turning Point USA founder Charlie Kirk on Wednesday evening with a moment of silence, following his assassination earlier in the day at Utah Valley University.
The post Kennedy Center Holds Moment of …",https://www.breitbart.com/politics/2025/09/10/kennedy-center-holds-moment-of-silence-for-charlie-kirk-after-assassination/,https://media.breitbart.com/media/2025/09/54234940558a62d51898e-640x335.jpg,2025-09-11T04:25:55Z,"The John F. Kennedy Center for the Performing Arts honored Turning Point USA founder Charlie Kirk on Wednesday evening with a moment of silence, following his assassination earlier in the day at Utah… [+3026 chars]",sports
"{'id': None, 'name': 'ClutchPoints'}",Troy Finnegan,Colorado football gets injury updates before Houston clash,Colorado football got a couple of key injury updates before opening Big 12 play against Houston on Friday night.,https://clutchpoints.com/ncaa-football/colorado-football-news-buffaloes-injury-updates-houston-clash,https://wp.clutchpoints.com/wp-content/uploads/2025/09/Dallan-Hayden.jpg,2025-09-11T04:24:42Z,"Colorado football opens Big 12 play this week against Houston in prime time on Friday night, and the Buffs are still looking to steady themselves after dropping the season opener to Georgia Tech at h… [+1978 chars]",sports
"{'id': 'abc-news-au', 'name': 'ABC News (AU)'}",ABC News,Crows livewire returns from injury for knockout semi against Hawks,"The Crows have received a major boost ahead of their knockout semifinal against the Hawks, with livewire forward Josh Rachele recalled after a knee injury.",https://www.abc.net.au/news/2025-09-11/adelaide-crows-josh-rachele-returns-afl-semifinal-hawthorn-hawks/105762146,https://live-production.wcms.abc-cdn.net.au/4e174a7583de55db771eb758ddefa5be?impolicy=wcms_watermark_news&cropH=2738&cropW=4868&xPos=0&yPos=253&width=862&height=485&imformat=generic,2025-09-11T04:19:52Z,"Mercurial forward Josh Rachele will return to the Adelaide Crows line-up for Friday night's do-or-die AFL semifinal against Hawthorn at Adelaide Oval.
Rachele has been sidelined for more than two mo… [+1503 chars]",sports
"{'id': None, 'name': 'Sporting News'}",Bryce Lazenby,Aaron Rodgers soars up QB power rankings after strong Week 1 performance,"Aaron Rodgers looked more like his vintage self in Week 1, and Steelers fans should be excited.",https://www.sportingnews.com/us/nfl/pittsburgh-steelers/news/aaron-rodgers-soars-qb-power-rankings-after-strong-week-1-performance/9281850dba7fe07668d53d0c,https://library.sportingnews.com/styles/crop_style_16_9_desktop_webp/s3/2025-09/USATSI_27027614_0.jpg.webp?itok=4dmJIB6H,2025-09-11T04:09:32Z,"The Pittsburgh Steelers and Aaron Rodgers picked up a nice Week 1 win over the New York Jets. 
It wasn't easy by any means, as the game was a back-and-forth affair that ended up being decided by Chr… [+2068 chars]",sports
"{'id': None, 'name': 'New Zealand Herald'}",Christopher Reive,Women’s Rugby World Cup: Black Ferns fullback Renee Holmes reflects on bumpy road to England,Holmes is again playing a key role after being dropped from the Black Ferns in early 2025.,https://www.nzherald.co.nz/sport/rugby/black-ferns/womens-rugby-world-cup-black-ferns-fullback-renee-holmes-reflects-on-bumpy-road-to-england/ZK6MIGNIGVGJDHHGVGCR5Y6BZM/,https://www.nzherald.co.nz/resizer/v2/5FZ6VDSPMRGN3L7X2XMR47SQIY.jpg?auth=891ca1e10805d97339c0e6c1f1ff512047a33734228ae3513e5547cedfe9bbf3&width=1200&height=675&quality=70&focal=1011%2C540&smart=false,2025-09-11T04:09:06Z,"I didnt actually play much in Super Rugby, and they were going with the standout fullback of Super Rugby and also taking a utility back, which I totally agreed with.
Instead, Holmes returned to club… [+4711 chars]",sports
"{'id': None, 'name': 'ClutchPoints'}",Tristin McKinstry,Yankees bullpen reaches new historic low in Tigers blowout,The New York Yankees bullpen stumbled to new lows on Wednesday in another blowout loss to the Detroit Tigers.,https://clutchpoints.com/mlb/new-york-yankees/yankees-bullpen-new-historic-low-tigers-blowout,https://wp.clutchpoints.com/wp-content/uploads/2025/09/Yankees-bullpen-reaches-new-historic-low-in-Tigers-blowout.jpg,2025-09-11T04:07:41Z,"The New York Yankees looked to bounce back after a blowout loss to the Detroit Tigers on Tuesday. New York sent Carlos Rodon to the mound, and he gave them six strong innings. However, it was in the … [+1654 chars]",sports
"{'id': None, 'name': 'Anime News Network'}",,Ōhashi Hirai's The Days of Diamond Manga Resumes Serialization,Manga to resume with chapter 87 on September 18 // The official X (formerly Twitter) account for Shueisha's Young Jump platform announced on Wednesday that...,https://www.animenewsnetwork.com/news/2025-09-11/ohashi-hirai-the-days-of-diamond-manga-resumes-serialization/.228648,https://www.animenewsnetwork.com/thumbnails/crop600x315gII/cms/news.8/228648/g0d_e9zaaaevvvr.jpeg,2025-09-11T04:07:23Z,The official X (formerly Twitter) account for Shueisha's Young Jump platform announced on Wednesday that hashi Hirai's The Days of Diamond (Diamond no Kzai) manga will resume serialization with chapt… [+1163 chars],sports
"{'id': 'marca', 'name': 'Marca'}",marca.com,Shocking and heartbreaking: Pat McCaffee speaks out after Charlie Kirk's death with a strong message,"There is no doubt that September 10, 2025, will be remembered as one of the most painful days, following the assassination of political activist Charlie Kirk, who lost his life dur",https://www.marca.com/en/latest-news/2025/09/11/68c2477aca4741631b8b4581.html,https://e01-phantom-marca.uecdn.es/62b6b61d19fcb303ae1ccfabacf066f5/resize/1200/f/webp/assets/multimedia/imagenes/2025/09/11/17575633832236.png,2025-09-11T04:05:07Z,"There is no doubt that September 10, 2025, will be remembered as one of the most painful days, following the assassination of political activist Charlie Kirk, who lost his life during an event of his… [+1314 chars]",sports
"{'id': None, 'name': 'Digiday'}",Sara Guaglione,"Media Briefing: Rising competition is making The Trade Desk bend a little, say OpenPath publishers","The Trade Desk is using OpenPath to strengthen publisher ties, offer better incentives, and compete with other DSPs for premium inventory.",http://digiday.com/media/media-briefing-rising-competition-is-making-the-trade-desk-bend-a-little-say-openpath-publishers/,https://digiday.com/wp-content/uploads/sites/3/2024/12/handshake-data-digiday.jpg,2025-09-11T04:01:00Z,This Media Briefing covers the latest in media trends for Digiday+ members and is distributed over email every Thursday at 10 a.m. ET. More from the series →This week’s Media Briefing looks at how Th… [+14696 chars],sports
"{'id': None, 'name': 'Sportico.com'}",Brendan Coffey,"CVC Forms $14 Billion Global Sport Group Focusing on Leagues, Teams","Private equity giant CVC Capital Partners has formed Global Sport Group (GSG), a new division to hold its $13.6 billion of sports properties and pursue expanded opportunities in the sports world. The European fund giant, with about €200 billion ($234 billion)…",https://www.sportico.com/business/finance/2025/cvc-global-sport-group-1234870343/,https://www.sportico.com/wp-content/uploads/2025/09/CVC_story.png?w=1024,2025-09-11T04:01:00Z,"Private equity giant CVC Capital Partners has formed Global Sport Group (GSG), a new division to hold its $13.6 billion of sports properties and pursue expanded opportunities in the sports world.
Th… [+3908 chars]",sports
"{'id': None, 'name': 'New Zealand Herald'}",Liam Napier,Leroy Carter’s All Blacks selection: How the speedster got the nod ahead of Rieko Ioane,The All Blacks will seek to harness the fastest man in NZ rugby in the Boks rematch.,https://www.nzherald.co.nz/sport/rugby/all-blacks/leroy-carters-all-blacks-selection-how-the-speedster-got-the-nod-ahead-of-rieko-ioane/U4EN6NSSGRA6PC7YU6DBACTLII/,https://www.nzherald.co.nz/resizer/v2/Z4V55JIXDVDHXN42K3V3P3XC4E.jpg?auth=3730c2ca45ef63bde2a654206a13f8acb5b9bb9f9b323570e782ce9400007896&width=1200&height=675&quality=70&smart=true,2025-09-11T04:00:46Z,"A bereavement in the Ioane family may have played a part in the selection process but Robertson didnt cite that in his reasoning for changing his left wing.
Weve given another player an opportunity.… [+4996 chars]",sports
"{'id': None, 'name': 'Help Net Security'}",Anamarija Pogorelec,Why organizations need a new approach to risk management,"To succeed in the risk environment, risk, audit, and compliance leaders need to focus on what Gartner calls “reflexive risk ownership.” This is a future state where business leaders don’t just identify and manage risks after they occur, but instinctively reco…",https://www.helpnetsecurity.com/2025/09/11/gartner-organizational-risk-management-strategy/,https://img.helpnetsecurity.com/wp-content/uploads/2024/01/11093921/riskmanagement-1400-2.jpg,2025-09-11T04:00:30Z,"To succeed in the risk environment, risk, audit, and compliance leaders need to focus on what Gartner calls reflexive risk ownership. This is a future state where business leaders dont just identify … [+4017 chars]",sports
"{'id': None, 'name': 'Yahoo Entertainment'}",Associated Press,Asian Sports Headlines at 5:06 a.m. GMT,"When push comes to shove, expect Lyles and Bednarek back on the track for a rematch at worlds",https://sports.yahoo.com/article/asian-sports-headlines-5-06-040000270.html,https://s.yimg.com/cv/apiv2/social/images/yahoo_default_logo-1200x1200.png,2025-09-11T04:00:00Z,"When push comes to shove, expect Lyles and Bednarek back on the track for a rematch at worlds",sports
"{'id': 'the-irish-times', 'name': 'The Irish Times'}",Olive Keogh,From data overload to clear insights: Colata’s play for sports tech success,"New platform aims to transform how clubs manage performance, tactics and fans",https://www.irishtimes.com/business/innovation/2025/09/11/from-data-overload-to-clear-insights-colatas-play-for-sports-tech-success/,https://www.irishtimes.com/resizer/v2/KGII7QCAYVCRLKNWTTWMVILWHQ.jpg?smart=true&auth=49b6e9ebfa92b55ad7de581f9385ef451d0fec888a26274db6fad7facb753a06&width=1200&height=630,2025-09-11T04:00:00Z,"One of the things the digital world excels at is producing data. That said, most of whats generated just sits there until someone or something makes sense of it. The something these days is AI, and i… [+5395 chars]",sports
"{'id': None, 'name': 'Americanthinker.com'}",,Charlie Kirk’s Death And America Regaining Its Footing On The Righteous Path,"One never knows for sure beforehand, but I think Charlie Kirk’s assassination may be something of a tipping point in American politics and culture, or, at a minimum, an inflection point. Why? Because Charlie wasn’t a radical, he wasn&rsqu...",https://www.americanthinker.com/articles/2025/09/charlie_kirk_s_death_and_america_regaining_its_footing_on_the_righteous_path.html,https://images.americanthinker.com/0v/0v8jnqzu51noncmifnge_800.jpg,2025-09-11T04:00:00Z,"One never knows for sure beforehand, but I think Charlie Kirk’s assassination may be something of a tipping point in American politics and culture, or, at a minimum, an inflection point. Why? Because… [+6529 chars]",sports
"{'id': None, 'name': 'Americanthinker.com'}",,Charlie Kirk: Was the fatal neck shot the work of a skilled sniper?,"Since I first heard of Charlie Kirk’s assassination, I’ve been pondering whether a lifelong shooter’s perspective on the murderous sniper who took Charlie Kirk’s life would be welcome, as well as speculating how he did it.

...",https://www.americanthinker.com/blog/2025/09/charlie_kirk_was_the_fatal_neck_shot_the_work_of_a_skilled_sniper.html,https://images.americanthinker.com/nv/nvs1x75rerccnerdc8xw_800.jpg,2025-09-11T04:00:00Z,"Since I first heard of Charlie Kirk’s assassination, I’ve been pondering whether a lifelong shooter’s perspective on the murderous sniper who took Charlie Kirk’s life would be welcome, as well as spe… [+6990 chars]",sports
"{'id': 'abc-news-au', 'name': 'ABC News (AU)'}",Luke Cooper,Sheargold's 'sexist' Matildas remarks breached decency rules,"An Australian media regulator investigation finds radio presenter Marty Sheargold's comments on Triple M ""demeaning"" and ""demonstrated a level of contempt and disdain for women's sport"".",https://www.abc.net.au/news/2025-09-11/triple-m-marty-sheargold-matildas-comments-rules-breach/105761752,https://live-production.wcms.abc-cdn.net.au/440861cae157116a5f6c8faafb197960?impolicy=wcms_watermark_news&cropH=308&cropW=547&xPos=0&yPos=52&width=862&height=485&imformat=generic,2025-09-11T03:42:17Z,"Radio station Triple M breached decency rules by broadcasting offensive comments made by former presenter Marty Sheargold about the Matildas and women's sport, according to an investigation report fr… [+5463 chars]",sports
"{'id': None, 'name': 'Fisiologiadelejercicio.com'}",José López Chicharro,Efectos del ejercicio de fuerza HIIT en la supresión de células cancerígenas en supervivientes de cáncer de mama,"Bettariga F, Taaffe DR, Crespo-Garcia C, Clay TD, De Santi M, Baldelli G, Adhikari S, Gray ES, Galvão DA, Newton RU. Effects of Resistance vs High Intensity Interval Training on Myokines and Cancer…",https://www.fisiologiadelejercicio.com/efectos-del-ejercicio-de-fuerza-hiit-en-la-supresion-de-celulas-cancerigenas-en-supervivientes-de-cancer-de-mama/,https://www.fisiologiadelejercicio.com/wp-content/uploads/2025/09/fuerza-y-cancer-de-mama-scaled.jpg,2025-09-11T03:33:16Z,"Bettariga F, Taaffe DR, Crespo-Garcia C, Clay TD, De Santi M, Baldelli G, Adhikari S, Gray ES, Galvão DA, Newton RU. Effects of Resistance vs High Intensity Interval Training on Myokines and Cancer C… [+8324 chars]",sports
"{'id': None, 'name': 'Notebookcheck.net'}",Sambit Saha,Lenovo Legion 5 Gen 10 with 165 Hz OLED and RTX 5070 Laptop gets huge $530 discount,"Deal | The Lenovo Legion 5 Gen 10 is a commendable gaming notebook featuring the powerful AMD Ryzen AI 7 350 APU and RTX 5070 Laptop GPU. The laptop also sports an objectively beautiful 165 Hz OLED display with 99.9% coverage of the DCI-P3 color gamut, making…",https://www.notebookcheck.net/Lenovo-Legion-5-Gen-10-with-165-Hz-OLED-and-RTX-5070-Laptop-gets-huge-530-discount.1111857.0.html,https://www.notebookcheck.net/fileadmin/Notebooks/News/_nc5/lenovo_legion_5_gen_10_gaming_laptop_deal.jpg,2025-09-11T03:29:00Z,Gamers on the hunt for a lucrative deal on a capable gaming laptop will be pleased to note that the Lenovo Legion 5 Gen 10 gaming laptop with the RTX 5070 Laptop GPU is currently enjoying a substanti… [+2024 chars],sports
"{'id': 'abc-news-au', 'name': 'ABC News (AU)'}",Jon Healy,Jess Fox 'heartbroken' as she is forced to miss home world championships,"For the first time since 2010, Australian Olympic gold medallist Jess Fox will miss the Canoe Slalom World Championships, being held later this month on her home course.",https://www.abc.net.au/news/2025-09-11/jess-fox-out-of-2025-canoe-slalom-world-championships-in-sydney/105762030,https://live-production.wcms.abc-cdn.net.au/fd96aab1e2169409eb26a13ab719449a?impolicy=wcms_watermark_news&cropH=2121&cropW=3771&xPos=0&yPos=87&width=862&height=485&imformat=generic,2025-09-11T03:25:05Z,"Australian canoe and kayak great Jess Fox will miss this year's Canoe Slalom World Championships being held in her own backyard as she continues her recovery from surgery.
The 31-year-old announced … [+3796 chars]",sports
"{'id': None, 'name': 'The Conversation Africa'}","Mehdi Seyedmahmoudian, Professor of Electrical Engineering, School of Engineering, Swinburne University of Technology",Cheap power to the people could shift the dial for renewables in the regions,Communities hosting renewables projects often don’t receive meaningful benefits. Giving them cheap electricity could make the transition fairer – and faster.,https://theconversation.com/cheap-power-to-the-people-could-shift-the-dial-for-renewables-in-the-regions-264584,https://images.theconversation.com/files/690156/original/file-20250910-56-8ryxv4.jpg?ixlib=rb-4.1.0&rect=0%2C583%2C4891%2C2445&q=45&auto=format&w=1356&h=668&fit=crop,2025-09-11T03:17:11Z,"Australias energy story is at a turning point. Demand for electricity is rising rapidly as homes, industries, and transport systems electrify. The nation is also under pressure to cut emissions from … [+4972 chars]",sports
"{'id': None, 'name': 'Biztoc.com'}",wsj.com,Inside the Effort to Make EVs Roar Like Real Sports Cars,"To preserve their speedsters’ acoustic charms, companies mimic gas engines and enlist musicians to manufacture futuristic hums",https://biztoc.com/x/10a723dff86164c4,https://biztoc.com/cdn/950/og.png,2025-09-11T03:07:10Z,"To preserve their speedsters acoustic charms, companies mimic gas engines and enlist musicians to manufacture futuristic hums
This story appeared on wsj.com, 2025-09-11 03:00:00.",sports
"{'id': None, 'name': 'Albuquerque Journal'}",Geoff Grammer / Journal Staff Writer,"Perfect pair: UNM one of only two schools in country with unbeaten women's soccer, volleyball teams","Sep. 10—There are 347 Division I women's soccer teams this season, according to the NCAA. Only twenty five of those teams have not yet suffered a loss. There are 344 Division I women's volleyball teams this season, of which 33 remain unbeaten. As of Wednesday…",https://www.abqjournal.com/sports/article_c847142a-1780-4879-a7f2-206728e54e07.html,https://bloximages.chicago2.vip.townnews.com/abqjournal.com/content/tncms/assets/v3/editorial/c/84/c847142a-1780-4879-a7f2-206728e54e07/68c200a9d0f1e.preview.png?crop=1433%2C752%2C3%2C27&resize=1200%2C630&order=crop%2Cresize,2025-09-11T03:02:00Z,"Exclusive Business Outlook Newsletter, delivered every Monday. Designed for paid subscribers, it provides narrative coverage of local trends, industry news, and key economic updates, going beyond the… [+31 chars]",sports
"{'id': None, 'name': 'newsBTC'}",Ronaldo Marquez,SEC Chair Declares ‘Crypto’s Time Has Come’ In Latest Statement – Get The Full Scoop,"Paul Atkins, the newly appointed chair of the US Securities and Exchange Commission (SEC), has boldly declared that “crypto’s time has come,” marking a pivotal moment in the regulator’s approach to digital assets. Atkins Declares End To ‘Weaponization’ Of Reg…",http://www.newsbtc.com/news/sec-chair-declares-cryptos-time-has-come-in-latest-statement-get-the-full-scoop/,https://www.newsbtc.com/wp-content/uploads/2024/06/Screenshot_236.jpg?fit=1306%2C747,2025-09-11T03:00:32Z,"Ronaldo is an experienced crypto enthusiast dedicated to the nascent and ever-evolving industry. With over five years of extensive research and unwavering dedication, he has cultivated a profound int… [+3322 chars]",sports
"{'id': None, 'name': 'The Daily Caller'}",Andrew Powell,Sports World Honors Charlie Kirk After Assassination,"Charlie Kirk, a conservative icon who founded the youth activist organization Turning Point USA, died Wednesday after being shot at a speaking event.",https://dailycaller.com/2025/09/10/sports-charlie-kirk-assassination-yankees-lamar-jackson/,"https://images.dailycaller.com/image/width=1280,height=549,fit=cover,format=webp,f=auto/https://cdn01.dailycaller.com/wp-content/uploads/2025/09/GettyImages-2216875659-1-scaled-e1757559355363.jpg",2025-09-11T02:58:12Z,"Charlie Kirk, a conservative icon who founded the youth activist organization Turning Point USA, died Wednesday after being shot at a speaking event that was taking place at Utah Valley University, a… [+3118 chars]",sports
"{'id': None, 'name': 'Starcommunity.com.au'}",Jin Hui,What’s On,"U3A Casey – Pyrographic Art Calling all seniors to try this unique craft. Also known as Woodburning Art, Pokerwork or Wood Burning, this artistic craft can be done on wood, leather, cork, canvas …on most things that are non-toxic. If you’d like to give Pyrogr…",https://berwicknews.starcommunity.com.au/news/2025-09-11/whats-on-76/,https://berwicknews.starcommunity.com.au/files/2025/09/fireart_502853_01.jpg,2025-09-11T02:56:04Z,"U3A Casey Pyrographic Art
Calling all seniors to try this unique craft. Also known as Woodburning Art, Pokerwork or Wood Burning, this artistic craft can be done on wood, leather, cork, canvas on mo… [+13271 chars]",sports
"{'id': 'marca', 'name': 'Marca'}",marca.com,Joe Buck returns to the Super Bowl booth for ESPN's first broadcast,"Joe Buck, renowned sportscaster for ESPN, is set to return to the Super Bowl broadcast booth for the first time since 2020. 

In a recent appearance on Barstool Sports&apos; Pardon",https://www.marca.com/en/nfl/2025/09/11/68c239a246163f98398b45d5.html,https://e01-phantom-marca.uecdn.es/45586c7da7ce3ebf057aef3f1cdbefd1/resize/1200/f/webp/assets/multimedia/imagenes/2025/09/11/17575585790810.jpg,2025-09-11T02:53:52Z,"Joe Buck, renowned sportscaster for ESPN, is set to return to the Super Bowl broadcast booth for the first time since 2020. 
In a recent appearance on Barstool Sports' Pardon My Take, Buck expressed… [+2411 chars]",sports
"{'id': None, 'name': 'KicksOnFire.com'}",Kicksonfire,Air Jordan 1 Low Element Black / Challenge Red,"The Air Jordan 1 Low Element ""Black / Challenge Red"" brings a bold and modern refresh to the iconic Air Jordan lineage, blending classic design with contemporary flair. This sneaker showcases a striking color palette, anchored by a sleek black base that provi…",https://www.kicksonfire.com/air-jordan-1-low-element-black-challenge-red,https://2app.kicksonfire.com/kofapp/upload/events_master_images/ipad_air-jordan-1-low-element-black-challenge-red.png,2025-09-11T02:52:11Z,"The Air Jordan 1 Low Element ""Black / Challenge Red"" brings a bold and modern refresh to the iconic Air Jordan lineage, blending classic design with contemporary flair. This sneaker showcases a strik… [+953 chars]",sports
"{'id': None, 'name': 'KicksOnFire.com'}",Kicksonfire,New Balance T500 Lace Gs Black / Nb White,"The New Balance T500 Lace GS in Black and NB White is a sleek and versatile addition to the brand’s acclaimed sneaker lineup, designed specifically for youngsters. This model showcases a classic low-top silhouette crafted from high-quality leather and synthet…",https://www.kicksonfire.com/new-balance-t500-lace-gs-black-nb-white,https://2app.kicksonfire.com/kofapp/upload/events_master_images/ipad_new-balance-t500-lace-gs-black-nb-white.png,2025-09-11T02:51:45Z,"The New Balance T500 Lace GS in Black and NB White is a sleek and versatile addition to the brands acclaimed sneaker lineup, designed specifically for youngsters. This model showcases a classic low-t… [+1062 chars]",sports
"{'id': None, 'name': 'On3.com'}",Nick Schultz,Ohio State president Ted Carter addresses conversations about future Big Ten revenue sharing,"As the Big Ten enters the third year of its media rights deal, viewership around college football continues to soar. Ohio State is at the forefront after becoming the second most-watched team in the country during the 2024 regular season and with this year’s …",https://www.on3.com/nil/news/ohio-state-president-ted-carter-addresses-conversations-future-big-ten-revenue-sharing-media-rights/,https://on3static.com/uploads/dev/assets/cms/2025/09/10212102/ted-carter.jpg,2025-09-11T02:50:09Z,"As the Big Ten enters the third year of its media rights deal, viewership around college football continues to soar. Ohio State is at the forefront after becoming the second most-watched team in the … [+2627 chars]",sports
"{'id': None, 'name': 'Yahoo Entertainment'}",,Fight for the Fedora 2025 begins,The Fight for the Fedora begins again at Action Sports Jax. See how your predictions line up with our team's NFL picks.,https://consent.yahoo.com/v2/collectConsent?sessionId=1_cc-session_87a426c7-a119-4903-a2d6-6ea989108548,,2025-09-11T02:50:08Z,"If you click 'Accept all', we and our partners, including 238 who are part of the IAB Transparency &amp; Consent Framework, will also store and/or access information on a device (in other words, use … [+714 chars]",sports
"{'id': None, 'name': 'KicksOnFire.com'}",Kicksonfire,Puma Palermo Lth White / Blue,"The Puma Palermo Lth White / Blue is a stylish revival of an iconic silhouette that first made its mark in the vibrant football terraces of the 1980s. This model effortlessly blends Puma’s heritage with modern sensibilities, featuring a clean white leather up…",https://www.kicksonfire.com/puma-palermo-lth-white-blue,https://2app.kicksonfire.com/kofapp/upload/events_master_images/ipad_puma-palermo-lth-white-blue.png,2025-09-11T02:42:01Z,The Puma Palermo Lth White / Blue is a stylish revival of an iconic silhouette that first made its mark in the vibrant football terraces of the 1980s. This model effortlessly blends Pumas heritage wi… [+1063 chars],sports
"{'id': None, 'name': 'Prtimes.jp'}",,2025年秋冬のマムート“クラシック ロゴ・カプセル コレクション”がジャケットやパンツ、バックパックなど全9型を9月11日より全国で販売スタート,"[マムート・スポーツグループジャパン株式会社]
[画像1: https://prcdn.freetls.fastly.net/release_image/70895/159/70895-159-6dd0cb523ae2e4e3602729192e8ee777-3900x2600.jpg?width=536&quality=85%2C75&format=jpeg&auto=webp&fit=bounds&...",https://prtimes.jp/main/html/rd/p/000000159.000070895.html,https://prcdn.freetls.fastly.net/release_image/70895/159/70895-159-6dd0cb523ae2e4e3602729192e8ee777-3900x2600.jpg?format=jpeg&auto=webp&fit=bounds&width=2400&height=1260,2025-09-11T02:40:02Z,"1862 160
 2025Rise with the Mountain 
 2025 202591119952019×2025819
  2.0   -Ayako Pro 2.0 HS Hooded Jacket AF Men Classic -2Gore-Tex2-way2025 
 2.0   - Ayako Pro 2.0 HS Hooded Jacket AF Men Clas… [+736 chars]",sports
"{'id': None, 'name': 'Sporting News'}",Adam Schultz,Should Buccaneers' 'spicy' Baker Mayfield be considered a top 10 QB?,Tampa Bay Buccaneers quarterback Baker Mayfield is on the precipice of being a top quarterback in football.,https://www.sportingnews.com/us/nfl/tampa-bay-buccaneers/news/buccaneers-spicy-baker-mayfield-considered-top-10-qb/21b71a70d7b967e748222c66,https://library.sportingnews.com/styles/crop_style_16_9_desktop_webp/s3/2024-12/sporting-news-2022-sn-live-b2f931c9-41e9-4cde-8ddc-d3d037942362.jpeg.webp?itok=Xg8WknBi,2025-09-11T02:37:58Z,"Tampa Bay Buccaneers quarterback Baker Mayfield is coming off a career-best season last year and began his 2025 season with a gritty 23-20 win over the Atlanta Falcons.
Mayfield, who was on the scra… [+1681 chars]",sports
"{'id': None, 'name': 'Bleeding Cool News'}",El Presidente,Rumor: WrestleMania 43 Going to Saudi Arabia in 2027?!,"¡Saludos, comrades! It is I, your El Presidente, reporting to you live from my secret submarine base in the Persian Gulf, where I am currently engaged in a high-stakes game of Risk with Mohammad bin Salman and the ghost of Muammar Gaddafi! But I must pause ou…",https://bleedingcool.com/tv/rumor-wrestlemania-43-going-to-saudi-arabia-in-2027/,https://bleedingcool.com/wp-content/uploads/2025/06/WWE-WrestleMania-Vegas-Logo.jpg,2025-09-11T02:37:05Z,"Posted in: Sports, TV, WWE | Tagged: wrestling, wwe wrestlemania
Comrades! A leaked press release and a reliable dirt sheet claim WrestleMania 43 heads to Saudi Arabia in 2027! Plus Royal Rumble 202… [+7485 chars]",sports
"{'id': None, 'name': 'Thegatewaypundit.com'}",Mike LaChance,"New York Yankees Honor Charlie Kirk With Moment of Silence at Game, Project His Image on Jumbotron (VIDEO)","The assassination of conservative activist Charlie Kirk is beyond stunning.
The post New York Yankees Honor Charlie Kirk With Moment of Silence at Game, Project His Image on Jumbotron (VIDEO) appeared first on The Gateway Pundit.",https://www.thegatewaypundit.com/2025/09/new-york-yankees-honor-charlie-kirk-moment-silence/,https://www.thegatewaypundit.com/wp-content/uploads/2025/09/new-york-yankees-charlie-kirk.jpg,2025-09-11T02:30:56Z,"Screencap of YouTube video.
The assassination of conservative activist Charlie Kirk is beyond stunning. You can see from the public reaction that people know how huge this is. It feels like an infle… [+1786 chars]",sports
"{'id': None, 'name': 'New York Post'}",Madeline Kenney,"Unrivaled adding two more teams, 12 new roster spots in quicker-than-expected expansion","Two days after Unrivaled revealed an eye-popping valuation of $340 million, the 3-on-3 women’s basketball league said Wednesday that it’s expanding.",https://nypost.com/2025/09/10/sports/unrivaled-adding-two-more-teams-12-new-roster-spots-in-expansion-move/,https://nypost.com/wp-content/uploads/sites/2/2025/09/newspress-collage-io4mw170x-1757557419169.jpg?quality=75&strip=all&1757543102&w=1024,2025-09-11T02:25:29Z,"CHICAGO Two days after Unrivaled revealed an eye-popping valuation of $340 million, the 3-on-3 womens basketball league announced Wednesday that its expanding.
Unrivaled is adding two new clubs Bree… [+2250 chars]",sports
"{'id': 'breitbart-news', 'name': 'Breitbart News'}","Dylan Gwinn, Dylan Gwinn","Sports World Reacts to the Shooting Death of Charlie Kirk: 'Lord, Have Mercy'","Charlie Kirk, a conservative activist, husband, and father of two, was murdered at a speaking event at Utah Valley University on Wednesday by an assassin who, as of this writing, remains at large.
The post Sports World Reacts to the Shooting Death of Charlie …",https://www.breitbart.com/sports/2025/09/10/sports-world-reacts-to-the-shooting-death-of-charlie-kirk-lord-have-mercy/,https://media.breitbart.com/media/2025/09/Eva-Marie-Uzcategui_Bloomberg-via-Getty-Images-640x335.jpg,2025-09-11T02:24:07Z,"Charlie Kirk, a conservative activist, husband, and father of two, was murdered at a speaking event at Utah Valley University on Wednesday by an assassin who, as of this writing, remains at large.
A… [+4075 chars]",sports
"{'id': 'espn', 'name': 'ESPN'}",Joey Lynch,"Australian Championship: Clubs, season start, all you need to know","The Australian Championship begins on Friday, Oct. 10. But which clubs are participating? And where will you be able to watch it? Joey Lynch answers some national second-tier FAQs.",https://www.espn.com/soccer/story/_/id/46220299/australian-championship-clubs-season-start-all-need-know,https://a1.espncdn.com/combiner/i?img=%2Fphoto%2F2025%2F0911%2Fr1543794_1295x729_16%2D9.png,2025-09-11T02:21:56Z,"As the regular seasons of National Premier League (NPL) competitions reach their conclusion, the launch of Australia's first-ever national second-tier competition is a month away. But with many quest… [+13057 chars]",sports
"{'id': None, 'name': 'Dailyinterlake.com'}",KEEPING SCORE PODCAST,Poster Player of the Week: Tim Zundel of Flathead High,"Sep. 10—This week's poster player of the week presented by Corwin Motors goes to wide receiver, Tim Zundel of the Flathead Braves football team. Quarterback Eli Coopman found Zundel for a screen that scored Flatheads first touchdown of the season and narrowed…",https://dailyinterlake.com/news/2025/sep/10/poster-player-of-the-week-tim-zundel-of-flathead-high/,https://hagadone.media.clients.ellingtoncms.com/img/photos/2025/09/09/PP_Dig_Zundel_9.9_r1200x630.jpg?b7d505e466ff31ef2a911eceee85296b69915698,2025-09-11T02:21:00Z,"This weeks poster player of the week presented by Corwin Motors goes to wide receiver, Tim Zundel of the Flathead Braves football team. 
Quarterback Eli Coopman found Zundel for a screen that scored… [+977 chars]",sports
"{'id': None, 'name': 'Qcnews.com'}",Shaquira Speaks,Charlotte criminal defense attorney explains why serial offender Decarlos Brown was not in jail,Decarlos Brown has a long history of being in trouble with the law; his criminal record shows three misdemeanors between 2007 and 2009.,https://www.qcnews.com/charlotte/charlotte-criminal-defense-attorney-explains-why-serial-offender-decarlos-brown-was-not-in-jail/,https://media.zenfs.com/en/wjzy_articles_340/1397bde10d12c4d3c59bb6d9eec3c5ca,2025-09-11T02:17:18Z,"CHARLOTTE, N.C. (QUEEN CITY NEWS) Decarlos Brown has a long history of being in trouble with the law; his criminal record shows three misdemeanors between 2007 and 2009.
He was convicted of felony b… [+2899 chars]",sports
"{'id': 'fox-news', 'name': 'Fox News'}",,Vigils held across US after assassination of Charlie Kirk: 'We must heal',Vigils were held across the country following the killing of conservative activist and Turning Point USA co-founder Charlie Kirk at an event in Utah on Wednesday.,https://www.foxnews.com/politics/vigils-held-across-us-after-assassination-charlie-kirk-we-must-heal,https://static.foxnews.com/foxnews.com/content/uploads/2025/09/charlie-kirk-utah-shooting-vigils-us-fox-news-001.png,2025-09-11T02:16:42Z,"Vigils were held across the country following the killing of conservative activist Charlie Kirk at an event in Utah on Wednesday.
Kirk, the 31-year-old co-founder of Turning Point USA, was shot and … [+3688 chars]",sports
"{'id': None, 'name': 'Sporting News'}",Adam Schultz,Is Bills' Josh Allen the best quarterback in football?,"In the latest quarterback power rankings, is Buffalo Bills stud Josh Allen No. 1?",https://www.sportingnews.com/us/nfl/buffalo-bills/news/bills-josh-allen-best-quarterback-football-ranking/fa1a994692ead74120ec3118,https://library.sportingnews.com/styles/crop_style_16_9_desktop_webp/s3/2025-09/USATSI_27031952.jpg.webp?itok=oCbXmJ7B,2025-09-11T02:15:44Z,"Last season, Buffalo Bills quarterback Josh Allen was named the MVP after a stellar year, and after one week of the 2025 season, for most, he's on track to win it again.
After a superb come-from-beh… [+1594 chars]",sports
"{'id': None, 'name': 'The-independent.com'}",Shahana Yasmin,Daniel Day-Lewis says he ‘never intended to retire’ from acting: ‘Such grandiose gibberish’,Three-time Oscar winner announced he would no longer work in Hollywood after 2017 film ‘Phantom Thread’,https://www.the-independent.com/arts-entertainment/films/news/daniel-day-lewis-ronan-acting-retire-anemone-b2824379.html,"https://static.the-independent.com/2025/09/11/5/39/GettyImages-1927549619.jpeg?trim=142,1627,2728,1271&width=1200&height=800&crop=1200:800",2025-09-11T06:53:59Z,"Your support helps us to tell the story
From reproductive rights to climate change to Big Tech, The Independent is on the ground when the story is developing. Whether it's investigating the financia… [+4792 chars]",business
"{'id': None, 'name': 'The Indian Express'}",Express News Service,"RBI buys 4.2-acre land parcel from MMRCL for Rs 3,472 crore in Mumbai’s Nariman Point","For MMRCL, the revenue from the land sale to RBI is expected to be directed towards funding the Metro Line 3 works and repaying loans, including those from JICA.",https://indianexpress.com/article/cities/mumbai/rbi-land-parcel-mmrcl-nariman-point-10243320/,https://images.indianexpress.com/2025/09/rbi-green-bonds_20250602095124_20250714015513_20250813011640_20250819032715_20250901030006_20250911064548.jpg,2025-09-11T06:53:25Z,"The Reserve Bank of India (RBI) has purchased a 4.2-acre land parcel at Nariman Point from the Mumbai Metro Rail Corporation Ltd (MMRCL) for Rs 3,472 crore to establish its new office complex. The sa… [+2207 chars]",business
"{'id': None, 'name': 'ETF Daily News'}",MarketBeat News,Alphabet (NASDAQ:GOOGL) Cut to “Moderate Buy” at Phillip Securities,"Phillip Securities downgraded shares of Alphabet (NASDAQ:GOOGL – Free Report) from a strong-buy rating to a moderate buy rating in a report published on Monday,Zacks.com reports. A number of other equities research analysts have also recently weighed in on GO…",https://www.etfdailynews.com/2025/09/11/alphabet-nasdaqgoogl-cut-to-moderate-buy-at-phillip-securities/,https://www.americanbankingnews.com/wp-content/timthumb/timthumb.php?src=https://www.marketbeat.com/logos/google-inc-logo.png&w=240&h=240&zc=2,2025-09-11T06:52:47Z,"Phillip Securities downgraded shares of Alphabet (NASDAQ:GOOGL – Free Report) from a strong-buy rating to a moderate buy rating in a report published on Monday,Zacks.com reports.
A number of other e… [+5898 chars]",business
"{'id': None, 'name': 'Ndtvprofit.com'}",Ann Jacob,Raymonds' Gautam Singhania Counts Wedding Invites To Measure India's Economic Growth-Here's Why,"As the Raymond Group celebrates 100 years, Chairman and Managing Director Gautam Singhania looks back on the journey that started at a mill in Thane with a lot of pride. He expressed pride in Raymond's journey has diversified into three distinct companies, li…",https://www.ndtvprofit.com/markets/raymonds-gautam-singhania-counts-wedding-invites-to-measure-indias-economic-growthheres-why,https://media.assettype.com/bloombergquint%2F2024-12-03%2Fxnjnauux%2FGautamSinghania.jpg?rect=0%2C0%2C4032%2C2117&w=1200&auto=format%2Ccompress&ogImage=true,2025-09-11T06:51:56Z,"At this juncture, the way ahead for the company takes the spotlight. Singhania said, ""I am so proud that Raymond is not only owned by shareholders but is a national asset."" He is confident about the … [+582 chars]",business
"{'id': None, 'name': 'Biztoc.com'}",reuters.com,"Bali floods kill 14, search continues for two missing",,https://biztoc.com/x/e2d6c219d915c27a,https://biztoc.com/cdn/e2d6c219d915c27a_s.webp,2025-09-11T06:51:41Z,"{ window.open(this.href, '_blank'); }, 200); return false;""&gt;Why did Oracle stock surge over 35% today? { window.open(this.href, '_blank'); }, 200); return false;""&gt;How will Novo Nordisk job cuts… [+770 chars]",business
"{'id': 'rte', 'name': 'RTE'}",RTÉ News,UK PM under pressure to sack Mandelson over Epstein links,UK Prime Minister Keir Starmer is facing growing pressure to sack Peter Mandelson as Britain's ambassador to the US over his friendship with paedophile financier Jeffrey Epstein.,https://www.rte.ie/news/2025/0911/1532897-mandelson-epstein-links/,https://www.rte.ie/images/00232741-1600.jpg,2025-09-11T06:51:39Z,"UK Prime Minister Keir Starmer is facing growing pressure to sack Peter Mandelson as Britain's ambassador to the US over his friendship with paedophile financier Jeffrey Epstein.
On Wednesday, the P… [+2985 chars]",business
"{'id': None, 'name': 'Biztoc.com'}",reuters.com,Iberdrola raises stake in Brazilian business Neoenergia to 84% for $2.2 billion,,https://biztoc.com/x/cd27167635550497,https://biztoc.com/cdn/cd27167635550497_s.webp,2025-09-11T06:51:16Z,"{ window.open(this.href, '_blank'); }, 200); return false;""&gt;Why did Oracle stock surge over 35% today? { window.open(this.href, '_blank'); }, 200); return false;""&gt;How will Novo Nordisk job cuts… [+783 chars]",business
"{'id': None, 'name': 'Biztoc.com'}",reuters.com,UK's Energean cuts output forecast for second time on key gas field suspension,,https://biztoc.com/x/e44707b68f97fd9f,https://biztoc.com/cdn/950/og.png,2025-09-11T06:51:13Z,"{ window.open(this.href, '_blank'); }, 200); return false;""&gt;Why did Oracle stock surge over 35% today? { window.open(this.href, '_blank'); }, 200); return false;""&gt;How will Novo Nordisk job cuts… [+787 chars]",business
"{'id': 'business-insider', 'name': 'Business Insider'}",Lee Chong Ming,Microsoft AI CEO warns against giving AI rights: 'That's so dangerous and so misguided',Microsoft AI CEO Mustafa Suleyman says AI may feel real but it doesn't deserve rights. He warned that treating chatbots as conscious is misguided.,https://www.businessinsider.com/microsoft-ai-ceo-rights-dangerous-misguided-mustafa-suleyman-2025-9,https://i.insider.com/68c25f3157d362d375e7f1fd?width=1200&format=jpeg,2025-09-11T06:47:02Z,"Microsoft AI CEO Mustafa Suleyman says AI may feel real, but that doesn't mean it deserves rights.Stephen Brashear/Getty Images
<ul><li>Microsoft's AI CEO says that while AI may feel real, granting … [+3081 chars]",business
"{'id': None, 'name': 'ETF Daily News'}",MarketBeat News,Raymond James Financial Forecasts Strong Price Appreciation for Delek US (NYSE:DK) Stock,"Delek US (NYSE:DK – Get Free Report) had its target price hoisted by analysts at Raymond James Financial from $26.00 to $33.00 in a research report issued to clients and investors on Tuesday, MarketBeat reports. The brokerage currently has an “outperform” rat…",https://www.etfdailynews.com/2025/09/11/raymond-james-financial-forecasts-strong-price-appreciation-for-delek-us-nysedk-stock/,https://www.americanbankingnews.com/wp-content/timthumb/timthumb.php?src=https://www.marketbeat.com/logos/delek-us-hldg-inc-logo-1200x675.jpg&w=240&h=240&zc=2,2025-09-11T06:46:45Z,"Delek US (NYSE:DK – Get Free Report) had its target price hoisted by analysts at Raymond James Financial from $26.00 to $33.00 in a research report issued to clients and investors on Tuesday, MarketB… [+5388 chars]",business
"{'id': None, 'name': 'ETF Daily News'}",MarketBeat News,Raymond James Financial Boosts Par Pacific (NYSE:PARR) Price Target to $38.00,"Par Pacific (NYSE:PARR – Get Free Report) had its target price increased by equities research analysts at Raymond James Financial from $36.00 to $38.00 in a research report issued on Tuesday, MarketBeat Ratings reports. The firm presently has an “outperform” …",https://www.etfdailynews.com/2025/09/11/raymond-james-financial-boosts-par-pacific-nyseparr-price-target-to-38-00/,https://www.americanbankingnews.com/wp-content/timthumb/timthumb.php?src=https://www.marketbeat.com/logos/par-pacific-holdings-inc-logo-1200x675.png?v=20240426090934&w=240&h=240&zc=2,2025-09-11T06:46:45Z,"Par Pacific (NYSE:PARR – Get Free Report) had its target price increased by equities research analysts at Raymond James Financial from $36.00 to $38.00 in a research report issued on Tuesday, MarketB… [+5640 chars]",business
"{'id': None, 'name': 'Livemint'}",list.metadata.agency,Auto retail sector key interface between consumers and industry: Piyush Goyal,"Union Minister of Commerce and Industry Piyush Goyal on Wednesday said that the automobile retail sector serves as the critical interface between consumers and the industry, playing a vital role in ethical marketing, transparent financing and insurance, and s…",https://www.livemint.com/companies/news/auto-retail-sector-key-interface-between-consumers-and-industry-piyush-goyal-11757573142923.html,https://www.livemint.com/lm-img/img/2024/12/06/1600x900/company_2_1733465085102_1733465089141.png,2025-09-11T06:45:42Z,New Delhi [India] September 11 (ANI): Union Minister of Commerce and Industry Piyush Goyal on Wednesday said that the automobile retail sector serves as the critical interface between consumers and t… [+3043 chars],business
"{'id': None, 'name': 'ETF Daily News'}",MarketBeat News,Chipotle Mexican Grill (NYSE:CMG) Given New $60.00 Price Target at Stifel Nicolaus,"Chipotle Mexican Grill (NYSE:CMG – Get Free Report) had its price target decreased by analysts at Stifel Nicolaus from $65.00 to $60.00 in a research report issued on Tuesday,Benzinga reports. The firm currently has a “buy” rating on the restaurant operator’s…",https://www.etfdailynews.com/2025/09/11/chipotle-mexican-grill-nysecmg-given-new-60-00-price-target-at-stifel-nicolaus/,https://www.americanbankingnews.com/wp-content/timthumb/timthumb.php?src=https://www.marketbeat.com/logos/chipotle-mexican-grill-inc-logo-1200x675.png&w=240&h=240&zc=2,2025-09-11T06:45:04Z,"Chipotle Mexican Grill (NYSE:CMG – Get Free Report) had its price target decreased by analysts at Stifel Nicolaus from $65.00 to $60.00 in a research report issued on Tuesday,Benzinga reports. The fi… [+5040 chars]",business
"{'id': None, 'name': 'ETF Daily News'}",MarketBeat News,National Energy Services Reunited (NASDAQ:NESR) Coverage Initiated by Analysts at Maxim Group,"Analysts at Maxim Group began coverage on shares of National Energy Services Reunited (NASDAQ:NESR – Get Free Report) in a report issued on Tuesday, Marketbeat Ratings reports. The firm set a “buy” rating and a $16.00 price target on the stock. Maxim Group’s …",https://www.etfdailynews.com/2025/09/11/national-energy-services-reunited-nasdaqnesr-coverage-initiated-by-analysts-at-maxim-group/,https://www.americanbankingnews.com/wp-content/timthumb/timthumb.php?src=https://www.marketbeat.com/logos/national-energy-services-reunited-corp-logo-1200x675.png?v=20210618060347&w=240&h=240&zc=2,2025-09-11T06:45:04Z,"Analysts at Maxim Group began coverage on shares of National Energy Services Reunited (NASDAQ:NESR – Get Free Report) in a report issued on Tuesday, Marketbeat Ratings reports. The firm set a “buy” r… [+4199 chars]",business
"{'id': None, 'name': 'ETF Daily News'}",MarketBeat News,"Short Interest in NGK Insulators, Ltd. (OTCMKTS:NGKIF) Drops By 20.8%","NGK Insulators, Ltd. (OTCMKTS:NGKIF – Get Free Report) saw a significant drop in short interest in the month of August. As of August 15th, there was short interest totaling 21,000 shares, a drop of 20.8% from the July 31st total of 26,500 shares. Based on an …",https://www.etfdailynews.com/2025/09/11/short-interest-in-ngk-insulators-ltd-otcmktsngkif-drops-by-20-8/,https://www.americanbankingnews.com/wp-content/timthumb/timthumb.php?src=https://www.marketbeat.com/logos/ngk-insulators-ltd-logo-1200x675.png&w=240&h=240&zc=2,2025-09-11T06:45:03Z,"NGK Insulators, Ltd. (OTCMKTS:NGKIF – Get Free Report) saw a significant drop in short interest in the month of August. As of August 15th, there was short interest totaling 21,000 shares, a drop of 2… [+1583 chars]",business
"{'id': None, 'name': 'ETF Daily News'}",MarketBeat News,Magyar Telekom Tavkozlesi Nyrt (OTCMKTS:MYTAY) Short Interest Update,"Magyar Telekom Tavkozlesi Nyrt (OTCMKTS:MYTAY – Get Free Report) was the target of a large decrease in short interest in the month of August. As of August 15th, there was short interest totaling 2,200 shares, a decrease of 21.4% from the July 31st total of 2,…",https://www.etfdailynews.com/2025/09/11/magyar-telekom-tavkozlesi-nyrt-otcmktsmytay-short-interest-update/,https://www.americanbankingnews.com/wp-content/timthumb/timthumb.php?src=https://www.marketbeat.com/logos/magyar-telekom-távközlési-nyilvánosan-müködö-részvénytársaság-logo-1200x675.png?v=20241015120959&w=240&h=240&zc=2,2025-09-11T06:45:03Z,"Magyar Telekom Tavkozlesi Nyrt (OTCMKTS:MYTAY – Get Free Report) was the target of a large decrease in short interest in the month of August. As of August 15th, there was short interest totaling 2,20… [+1946 chars]",business
"{'id': None, 'name': 'ETF Daily News'}",MarketBeat News,lululemon athletica (NASDAQ:LULU) Lowered to Sector Weight Rating by KeyCorp,"lululemon athletica (NASDAQ:LULU – Get Free Report) was downgraded by stock analysts at KeyCorp from an “overweight” rating to a “sector weight” rating in a note issued to investors on Tuesday, Marketbeat reports. KeyCorp also issued estimates for lululemon a…",https://www.etfdailynews.com/2025/09/11/lululemon-athletica-nasdaqlulu-lowered-to-sector-weight-rating-by-keycorp/,https://www.americanbankingnews.com/wp-content/timthumb/timthumb.php?src=https://www.marketbeat.com/logos/lululemon-logo-1200x675.jpg&w=240&h=240&zc=2,2025-09-11T06:45:00Z,"lululemon athletica (NASDAQ:LULU – Get Free Report) was downgraded by stock analysts at KeyCorp from an “overweight” rating to a “sector weight” rating in a note issued to investors on Tuesday, Marke… [+5086 chars]",business
"{'id': None, 'name': 'ETF Daily News'}",MarketBeat News,Regency Centers (NASDAQ:REG) Coverage Initiated by Analysts at LADENBURG THALM/SH SH,"Analysts at LADENBURG THALM/SH SH started coverage on shares of Regency Centers (NASDAQ:REG – Get Free Report) in a research report issued to clients and investors on Tuesday, MarketBeat.com reports. The brokerage set a “neutral” rating and a $76.00 price tar…",https://www.etfdailynews.com/2025/09/11/regency-centers-nasdaqreg-coverage-initiated-by-analysts-at-ladenburg-thalm-sh-sh/,https://www.americanbankingnews.com/wp-content/timthumb/timthumb.php?src=https://www.marketbeat.com/logos/regency-centers-co-logo-1200x675.png?v=20240108101102&w=240&h=240&zc=2,2025-09-11T06:45:00Z,"Analysts at LADENBURG THALM/SH SH started coverage on shares of Regency Centers (NASDAQ:REG – Get Free Report) in a research report issued to clients and investors on Tuesday, MarketBeat.com reports.… [+4938 chars]",business
"{'id': None, 'name': 'ETF Daily News'}",MarketBeat News,Monopar Therapeutics (NASDAQ:MNPR) Now Covered by BTIG Research,"Analysts at BTIG Research started coverage on shares of Monopar Therapeutics (NASDAQ:MNPR – Get Free Report) in a research report issued on Tuesday, Marketbeat Ratings reports. The brokerage set a “buy” rating and a $87.00 price target on the stock. BTIG Rese…",https://www.etfdailynews.com/2025/09/11/monopar-therapeutics-nasdaqmnpr-now-covered-by-btig-research/,https://www.americanbankingnews.com/wp-content/timthumb/timthumb.php?src=https://www.marketbeat.com/logos/monopar-therapeutics-inc-logo-1200x675.png&w=240&h=240&zc=2,2025-09-11T06:44:58Z,"Analysts at BTIG Research started coverage on shares of Monopar Therapeutics (NASDAQ:MNPR – Get Free Report) in a research report issued on Tuesday, Marketbeat Ratings reports. The brokerage set a “b… [+5135 chars]",business
"{'id': None, 'name': 'ETF Daily News'}",MarketBeat News,I-Mab (NASDAQ:IMAB) Coverage Initiated by Analysts at BTIG Research,"Analysts at BTIG Research started coverage on shares of I-Mab (NASDAQ:IMAB – Get Free Report) in a note issued to investors on Tuesday, MarketBeat Ratings reports. The firm set a “buy” rating and a $7.00 price target on the stock. BTIG Research’s target price…",https://www.etfdailynews.com/2025/09/11/i-mab-nasdaqimab-coverage-initiated-by-analysts-at-btig-research/,https://www.americanbankingnews.com/wp-content/timthumb/timthumb.php?src=https://www.marketbeat.com/logos/i-mab-logo-1200x675.jpg?v=20210326125856&w=240&h=240&zc=2,2025-09-11T06:44:56Z,"Analysts at BTIG Research started coverage on shares of I-Mab (NASDAQ:IMAB – Get Free Report) in a note issued to investors on Tuesday, MarketBeat Ratings reports. The firm set a “buy” rating and a $… [+3637 chars]",business
"{'id': None, 'name': 'ETF Daily News'}",MarketBeat News,Icon (NASDAQ:ICLR) Cut to “Hold” at Jefferies Financial Group,"Icon (NASDAQ:ICLR – Get Free Report) was downgraded by equities researchers at Jefferies Financial Group from a “buy” rating to a “hold” rating in a note issued to investors on Tuesday, MarketBeat.com reports. They currently have a $175.00 price objective on …",https://www.etfdailynews.com/2025/09/11/icon-nasdaqiclr-cut-to-hold-at-jefferies-financial-group/,https://www.americanbankingnews.com/wp-content/timthumb/timthumb.php?src=https://www.marketbeat.com/logos/icon-plc-logo-1200x675.jpg&w=240&h=240&zc=2,2025-09-11T06:44:56Z,"Icon (NASDAQ:ICLR – Get Free Report) was downgraded by equities researchers at Jefferies Financial Group from a “buy” rating to a “hold” rating in a note issued to investors on Tuesday, MarketBeat.co… [+4600 chars]",business
"{'id': None, 'name': 'ETF Daily News'}",MarketBeat News,Guggenheim Initiates Coverage on PepGen (NASDAQ:PEPG),"Analysts at Guggenheim started coverage on shares of PepGen (NASDAQ:PEPG – Get Free Report) in a note issued to investors on Tuesday, Marketbeat reports. The firm set a “buy” rating and a $6.00 price target on the stock. Guggenheim’s target price points to a …",https://www.etfdailynews.com/2025/09/11/guggenheim-initiates-coverage-on-pepgen-nasdaqpepg/,https://www.americanbankingnews.com/wp-content/timthumb/timthumb.php?src=https://www.marketbeat.com/logos/pepgen-inc-logo-1200x675.jpg?v=20220603101156&w=240&h=240&zc=2,2025-09-11T06:44:55Z,"Analysts at Guggenheim started coverage on shares of PepGen (NASDAQ:PEPG – Get Free Report) in a note issued to investors on Tuesday, Marketbeat reports. The firm set a “buy” rating and a $6.00 price… [+2706 chars]",business
"{'id': None, 'name': 'ETF Daily News'}",MarketBeat News,HC Wainwright Reaffirms “Neutral” Rating for Alkermes (NASDAQ:ALKS),"Alkermes (NASDAQ:ALKS – Get Free Report)‘s stock had its “neutral” rating restated by stock analysts at HC Wainwright in a report issued on Tuesday, Marketbeat Ratings reports. They presently have a $46.00 target price on the stock. HC Wainwright’s target pri…",https://www.etfdailynews.com/2025/09/11/hc-wainwright-reaffirms-neutral-rating-for-alkermes-nasdaqalks/,https://www.americanbankingnews.com/wp-content/timthumb/timthumb.php?src=https://www.marketbeat.com/logos/alkermes-inc-logo-1200x675.jpg&w=240&h=240&zc=2,2025-09-11T06:44:51Z,"Alkermes (NASDAQ:ALKS – Get Free Report)‘s stock had its “neutral” rating restated by stock analysts at HC Wainwright in a report issued on Tuesday, Marketbeat Ratings reports. They presently have a … [+4347 chars]",business
"{'id': 'the-times-of-india', 'name': 'The Times of India'}",ANI,Union Minister Ashwini Vaishnaw announces daily time-tabled parcel services between Kashmir Valley and Delhi,"Good news for Kashmir's apple farmers. Railways Minister Ashwini Vaishnaw announced a daily parcel service connecting Badgam in Kashmir to Adarsh Nagar in Delhi. This service starts on September 13. The aim is to help traders transport goods like apples, saff…",https://economictimes.indiatimes.com/industry/transportation/railways/union-minister-ashwini-vaishnaw-announces-daily-time-tabled-parcel-services-between-kashmir-valley-and-delhi/articleshow/123824285.cms,"https://img.etimg.com/thumb/msid-123824297,width-1200,height-630,imgsize-40024,overlay-economictimes/articleshow.jpg",2025-09-11T06:44:16Z,"Union Minister of Railways Ashwini Vaishnaw announced that the government of India is set to introduce a daily time-tabled parcel, which will connect Kashmir and Delhi on Thursday. In a post on X, As… [+2600 chars]",business
"{'id': None, 'name': 'Livemint'}",Devina Sengupta,"CEO have gone from generals to orchestrators, says the head of a leading executive search firm","Constantine Alexandrakis, CEO of Russell Reynolds Associates, said in the old days, the CEO was seen as the pinnacle of the pyramid. Now, to be effective, the CEO needs to work from the centre of the pyramid outwards.",https://www.livemint.com/companies/news/constantine-alexandrakis-russell-reynolds-associates-executive-search-india-ceo-role-evolution-succession-planning-11757567516609.html,https://www.livemint.com/lm-img/img/2025/09/11/1600x900/Constantine_1757570633281_1757570666726.jpg,2025-09-11T06:44:06Z,"Chief executives, who used to be seen as generals leading their armies into battle about 20 or 30 years ago, are now more like orchestrators as the businesses they run have become increasingly comple… [+3667 chars]",business
"{'id': None, 'name': 'ETF Daily News'}",MarketBeat News,Lear (NYSE:LEA) Price Target Raised to $111.00 at Wells Fargo & Company,"Lear (NYSE:LEA – Get Free Report) had its target price increased by analysts at Wells Fargo & Company from $102.00 to $111.00 in a report issued on Tuesday,Benzinga reports. The brokerage currently has an “equal weight” rating on the auto parts company’s stoc…",https://www.etfdailynews.com/2025/09/11/lear-nyselea-price-target-raised-to-111-00-at-wells-fargo-company/,https://www.americanbankingnews.com/wp-content/timthumb/timthumb.php?src=https://www.marketbeat.com/logos/lear-corporation-logo-1200x675.png&w=240&h=240&zc=2,2025-09-11T06:42:57Z,"Lear (NYSE:LEA – Get Free Report) had its target price increased by analysts at Wells Fargo &amp; Company from $102.00 to $111.00 in a report issued on Tuesday,Benzinga reports. The brokerage current… [+5537 chars]",business
"{'id': None, 'name': 'ETF Daily News'}",MarketBeat News,Kite Realty Group Trust (NYSE:KRG) Coverage Initiated by Analysts at LADENBURG THALM/SH SH,"Equities researchers at LADENBURG THALM/SH SH assumed coverage on shares of Kite Realty Group Trust (NYSE:KRG – Get Free Report) in a note issued to investors on Tuesday, Marketbeat.com reports. The brokerage set a “buy” rating and a $30.00 price target on th…",https://www.etfdailynews.com/2025/09/11/kite-realty-group-trust-nysekrg-coverage-initiated-by-analysts-at-ladenburg-thalm-sh-sh/,https://www.americanbankingnews.com/wp-content/timthumb/timthumb.php?src=https://www.marketbeat.com/logos/kite-realty-group-trust-logo-1200x675.png&w=240&h=240&zc=2,2025-09-11T06:42:56Z,"Equities researchers at LADENBURG THALM/SH SH assumed coverage on shares of Kite Realty Group Trust (NYSE:KRG – Get Free Report) in a note issued to investors on Tuesday, Marketbeat.com reports. The … [+5083 chars]",business
"{'id': None, 'name': 'ETF Daily News'}",MarketBeat News,LADENBURG THALM/SH SH Begins Coverage on Kimco Realty (NYSE:KIM),"Stock analysts at LADENBURG THALM/SH SH assumed coverage on shares of Kimco Realty (NYSE:KIM – Get Free Report) in a research report issued on Tuesday, Marketbeat reports. The brokerage set a “buy” rating and a $27.00 price target on the real estate investmen…",https://www.etfdailynews.com/2025/09/11/ladenburg-thalm-sh-sh-begins-coverage-on-kimco-realty-nysekim/,https://www.americanbankingnews.com/wp-content/timthumb/timthumb.php?src=https://www.marketbeat.com/logos/kimco-realty-corp-logo-1200x675.png?v=20240206085438&w=240&h=240&zc=2,2025-09-11T06:42:54Z,"Stock analysts at LADENBURG THALM/SH SH assumed coverage on shares of Kimco Realty (NYSE:KIM – Get Free Report) in a research report issued on Tuesday, Marketbeat reports. The brokerage set a “buy” r… [+4891 chars]",business
"{'id': None, 'name': 'Yahoo Entertainment'}",Joe Cash,"China cannot be ignored, Britain's trade minister says, as row over embassies clouds ties","Britain's new business minister Peter Kyle, visiting Beijing for the first trade talks since 2018, said China's economic might made it ""unignorable"" but that...",https://finance.yahoo.com/news/china-cannot-ignored-britains-trade-064220013.html,https://media.zenfs.com/en/reuters.com/1555c82f0e5507f713e7ca447248e60d,2025-09-11T06:42:20Z,"By Joe Cash
BEIJING (Reuters) - Britain's new business minister Peter Kyle, visiting Beijing for the first trade talks since 2018, said China's economic might made it ""unignorable"" but that better c… [+3491 chars]",business
"{'id': None, 'name': 'ETF Daily News'}",MarketBeat News,Columbia Sportswear Company (NASDAQ:COLM) Given Average Rating of “Hold” by Brokerages,"Columbia Sportswear Company (NASDAQ:COLM – Get Free Report) has earned an average rating of “Hold” from the seven ratings firms that are presently covering the company, MarketBeat Ratings reports. One analyst has rated the stock with a sell recommendation, fi…",https://www.etfdailynews.com/2025/09/11/columbia-sportswear-company-nasdaqcolm-given-average-rating-of-hold-by-brokerages/,https://www.americanbankingnews.com/wp-content/timthumb/timthumb.php?src=https://www.marketbeat.com/logos/columbia-sportswear-logo-1200x675.jpg?v=20221115171105&w=240&h=240&zc=2,2025-09-11T06:40:58Z,"Columbia Sportswear Company (NASDAQ:COLM – Get Free Report) has earned an average rating of “Hold” from the seven ratings firms that are presently covering the company, MarketBeat Ratings reports. On… [+4760 chars]",business
"{'id': None, 'name': 'ETF Daily News'}",MarketBeat News,"Veris Residential, Inc. (NYSE:VRE) Receives Average Recommendation of “Hold” from Brokerages","Veris Residential, Inc. (NYSE:VRE – Get Free Report) has earned a consensus recommendation of “Hold” from the five ratings firms that are currently covering the stock, MarketBeat.com reports. Three research analysts have rated the stock with a hold recommenda…",https://www.etfdailynews.com/2025/09/11/veris-residential-inc-nysevre-receives-average-recommendation-of-hold-from-brokerages/,https://www.americanbankingnews.com/wp-content/timthumb/timthumb.php?src=https://www.marketbeat.com/logos/veris-residential-inc-logo-1200x675.png?v=20211228110053&w=240&h=240&zc=2,2025-09-11T06:40:58Z,"Veris Residential, Inc. (NYSE:VRE – Get Free Report) has earned a consensus recommendation of “Hold” from the five ratings firms that are currently covering the stock, MarketBeat.com reports. Three r… [+3998 chars]",business
"{'id': None, 'name': 'ETF Daily News'}",MarketBeat News,"Xeris Biopharma Holdings, Inc. (NASDAQ:XERS) Receives Consensus Recommendation of “Moderate Buy” from Brokerages","Shares of Xeris Biopharma Holdings, Inc. (NASDAQ:XERS – Get Free Report) have been given an average recommendation of “Moderate Buy” by the six analysts that are currently covering the company, MarketBeat.com reports. One research analyst has rated the stock …",https://www.etfdailynews.com/2025/09/11/xeris-biopharma-holdings-inc-nasdaqxers-receives-consensus-recommendation-of-moderate-buy-from-brokerages/,https://www.americanbankingnews.com/wp-content/timthumb/timthumb.php?src=https://www.marketbeat.com/logos/xeris-biopharma-holdings-inc-logo-1200x675.png?v=20240522102506&w=240&h=240&zc=2,2025-09-11T06:40:58Z,"Shares of Xeris Biopharma Holdings, Inc. (NASDAQ:XERS – Get Free Report) have been given an average recommendation of “Moderate Buy” by the six analysts that are currently covering the company, Marke… [+5036 chars]",business
"{'id': None, 'name': 'ETF Daily News'}",MarketBeat News,First Quantum Minerals Ltd. (OTCMKTS:FQVLF) Given Average Rating of “Moderate Buy” by Brokerages,"Shares of First Quantum Minerals Ltd. (OTCMKTS:FQVLF – Get Free Report) have been assigned a consensus rating of “Moderate Buy” from the ten brokerages that are presently covering the company, MarketBeat Ratings reports. Five investment analysts have rated th…",https://www.etfdailynews.com/2025/09/11/first-quantum-minerals-ltd-otcmktsfqvlf-given-average-rating-of-moderate-buy-by-brokerages/,https://www.americanbankingnews.com/wp-content/timthumb/timthumb.php?src=https://www.marketbeat.com/logos/first-quantum-minera-logo-1200x675.png&w=240&h=240&zc=2,2025-09-11T06:40:53Z,"Shares of First Quantum Minerals Ltd. (OTCMKTS:FQVLF – Get Free Report) have been assigned a consensus rating of “Moderate Buy” from the ten brokerages that are presently covering the company, Market… [+2726 chars]",business
"{'id': None, 'name': 'ETF Daily News'}",MarketBeat News,Head to Head Survey: Lamb Weston (NYSE:LW) & Australian Oilseeds (NASDAQ:COOT),"Australian Oilseeds (NASDAQ:COOT – Get Free Report) and Lamb Weston (NYSE:LW – Get Free Report) are both consumer staples companies, but which is the better investment? We will contrast the two companies based on the strength of their risk, earnings, analyst …",https://www.etfdailynews.com/2025/09/11/head-to-head-survey-lamb-weston-nyselw-australian-oilseeds-nasdaqcoot/,https://www.americanbankingnews.com/wp-content/timthumb/timthumb.php?src=https://www.marketbeat.com/logos/lamb-weston-holdings-inc-logo-1200x675.png&w=240&h=240&zc=2,2025-09-11T06:40:52Z,"Australian Oilseeds (NASDAQ:COOT – Get Free Report) and Lamb Weston (NYSE:LW – Get Free Report) are both consumer staples companies, but which is the better investment? We will contrast the two compa… [+4552 chars]",business
"{'id': None, 'name': 'ETF Daily News'}",MarketBeat News,Critical Analysis: Walmart (NYSE:WMT) vs. Jeronimo Martins SGPS (OTCMKTS:JRONY),"Jeronimo Martins SGPS (OTCMKTS:JRONY – Get Free Report) and Walmart (NYSE:WMT – Get Free Report) are both large-cap retail/wholesale companies, but which is the superior stock? We will compare the two companies based on the strength of their dividends, risk, …",https://www.etfdailynews.com/2025/09/11/critical-analysis-walmart-nysewmt-vs-jeronimo-martins-sgps-otcmktsjrony/,https://www.americanbankingnews.com/wp-content/timthumb/timthumb.php?src=https://www.marketbeat.com/logos/wmt_logo_2-1200x675.JPG&w=240&h=240&zc=2,2025-09-11T06:40:52Z,"Jeronimo Martins SGPS (OTCMKTS:JRONY – Get Free Report) and Walmart (NYSE:WMT – Get Free Report) are both large-cap retail/wholesale companies, but which is the superior stock? We will compare the tw… [+7479 chars]",business
"{'id': None, 'name': 'ETF Daily News'}",MarketBeat News,Head to Head Analysis: Wells Fargo & Company (NYSE:WFC) and TOP Financial Group (NASDAQ:TOP),"TOP Financial Group (NASDAQ:TOP – Get Free Report) and Wells Fargo & Company (NYSE:WFC – Get Free Report) are both finance companies, but which is the superior stock? We will compare the two companies based on the strength of their risk, valuation, analyst re…",https://www.etfdailynews.com/2025/09/11/head-to-head-analysis-wells-fargo-company-nysewfc-and-top-financial-group-nasdaqtop/,https://www.americanbankingnews.com/wp-content/timthumb/timthumb.php?src=https://www.marketbeat.com/logos/wells-fargo-logo-1200x675.jpg&w=240&h=240&zc=2,2025-09-11T06:40:51Z,"TOP Financial Group (NASDAQ:TOP – Get Free Report) and Wells Fargo &amp; Company (NYSE:WFC – Get Free Report) are both finance companies, but which is the superior stock? We will compare the two comp… [+5530 chars]",business
"{'id': None, 'name': 'ETF Daily News'}",MarketBeat News,Head to Head Contrast: Dream Finders Homes (NYSE:DFH) versus Green Brick Partners (NASDAQ:GRBK),"Green Brick Partners (NASDAQ:GRBK – Get Free Report) and Dream Finders Homes (NYSE:DFH – Get Free Report) are both mid-cap finance companies, but which is the better business? We will contrast the two companies based on the strength of their dividends, valuat…",https://www.etfdailynews.com/2025/09/11/head-to-head-contrast-dream-finders-homes-nysedfh-versus-green-brick-partners-nasdaqgrbk/,https://www.americanbankingnews.com/wp-content/timthumb/timthumb.php?src=https://www.marketbeat.com/logos/dream-finders-homes-inc-logo-1200x675.jpg?v=20250820112646&w=240&h=240&zc=2,2025-09-11T06:40:51Z,"Green Brick Partners (NASDAQ:GRBK – Get Free Report) and Dream Finders Homes (NYSE:DFH – Get Free Report) are both mid-cap finance companies, but which is the better business? We will contrast the tw… [+5141 chars]",business
"{'id': None, 'name': 'Biztoc.com'}",reuters.com,Spain's parliament kills shorter work week bill in blow to government,,https://biztoc.com/x/47f478cdf1df0a72,https://biztoc.com/cdn/47f478cdf1df0a72_s.webp,2025-09-11T06:40:16Z,"{ window.open(this.href, '_blank'); }, 200); return false;""&gt;Why did Oracle stock surge over 35% today? { window.open(this.href, '_blank'); }, 200); return false;""&gt;How will Novo Nordisk job cuts… [+786 chars]",business
"{'id': 'al-jazeera-english', 'name': 'Al Jazeera English'}",Al Jazeera,"Three dead, dozens injured in Mexico City gas tanker explosion",An investigation has been launched to determine the cause of the explosion that wounded at least 70 people.,https://www.aljazeera.com/news/2025/9/11/three-dead-dozens-injured-in-mexico-city-gas-tanker-explosion,https://www.aljazeera.com/wp-content/uploads/2025/09/AFP__20250910__744G74Z__v1__HighRes__MexicoAccidentExplosion-1757570454.jpg?resize=1920%2C1440,2025-09-11T06:40:10Z,"Three people have been killed and at least 70 others wounded when a gas tanker truck exploded under a highway overpass in Mexico City, causing widespread damage, according to municipal officials.
Th… [+2644 chars]",business
"{'id': None, 'name': 'Mediagazer.com'}",,"Netflix's 10-year worldwide exclusive licensing deals for original shows like House of Cards are starting to expire, allowing studios to reclaim and resell them (Lesley Goldberg/The Ankler)","Lesley Goldberg / The Ankler:
Netflix's 10-year worldwide exclusive licensing deals for original shows like House of Cards are starting to expire, allowing studios to reclaim and resell them  —  ‘House of Cards,’ ‘Orange Is the New Black’ and 130+ shows are s…",https://mediagazer.com/250911/p3,"https://substackcdn.com/image/fetch/$s_!CbPJ!,w_1200,h_600,c_fill,f_jpg,q_auto:good,fl_progressive:steep,g_auto/https%3A%2F%2Fsubstack-post-media.s3.amazonaws.com%2Fpublic%2Fimages%2Fe82d42c4-9c72-4091-a465-8dcd16d76455_2000x1333.jpeg",2025-09-11T06:40:03Z,"Mediagazer presents the day's must-read media news on a single page.
The media business is in tumult: from the production side to
the distribution side, new technologies are upending the industry.… [+416 chars]",business
"{'id': None, 'name': 'Biztoc.com'}",reuters.com,Pakistan's top refiner Cnergyico to boost fuel oil exports as domestic sales plummet,,https://biztoc.com/x/9cdd6785651bd4f3,https://biztoc.com/cdn/950/og.png,2025-09-11T06:39:59Z,"{ window.open(this.href, '_blank'); }, 200); return false;""&gt;Why did Oracle stock surge over 35% today? { window.open(this.href, '_blank'); }, 200); return false;""&gt;How will Novo Nordisk job cuts… [+794 chars]",business
"{'id': 'the-times-of-india', 'name': 'The Times of India'}",Anupam Nagar,"Time to accumulate, not exit, tariff-hit stocks: Sunil Subramaniam","Amidst U.S.-India trade uncertainties, Sundaram Mutual Fund's Sunil Subramaniam views Trump's tariff tactics as business maneuvers, not solely India-centric. He suggests India is a pawn in broader geopolitical plays, particularly concerning Russia and the EU.…",https://economictimes.indiatimes.com/markets/stocks/news/time-to-accumulate-not-exit-tariff-hit-stocks-sunil-subramaniam/articleshow/123824117.cms,"https://img.etimg.com/thumb/msid-123824103,width-1200,height-630,imgsize-1119697,overlay-etmarkets/articleshow.jpg",2025-09-11T06:39:34Z,The Indian stock market remained on edge this week as investors weighed the impact of U.S. President Donald Trumps shifting stance on trade talks with India. After an early surge following Trumps pos… [+3177 chars],business
"{'id': None, 'name': 'ETF Daily News'}",MarketBeat News,Triumph Financial (NASDAQ:TFINP) Trading Down 1.7% – What’s Next?,"Shares of Triumph Financial, Inc. (NASDAQ:TFINP – Get Free Report) traded down 1.7% during trading on Wednesday . The company traded as low as $22.25 and last traded at $21.95. 771 shares traded hands during trading, a decline of 76% from the average session …",https://www.etfdailynews.com/2025/09/11/triumph-financial-nasdaqtfinp-trading-down-1-7-whats-next/,https://www.americanbankingnews.com/wp-content/timthumb/timthumb.php?src=https://www.marketbeat.com/logos/triumph-financial-inc-logo-1200x675.png&w=240&h=240&zc=2,2025-09-11T06:38:59Z,"Shares of Triumph Financial, Inc. (NASDAQ:TFINP – Get Free Report) traded down 1.7% during trading on Wednesday . The company traded as low as $22.25 and last traded at $21.95. 771 shares traded hand… [+1650 chars]",business
"{'id': None, 'name': 'ETF Daily News'}",MarketBeat News,ESGEN Acquisition (NASDAQ:ESAC) Trading Down 2.5% – Should You Sell?,"ESGEN Acquisition Co. (NASDAQ:ESAC – Get Free Report)’s share price traded down 2.5% during trading on Wednesday . The stock traded as low as $1.25 and last traded at $1.31. 153,040 shares changed hands during mid-day trading, an increase of 178% from the ave…",https://www.etfdailynews.com/2025/09/11/esgen-acquisition-nasdaqesac-trading-down-2-5-should-you-sell/,https://www.americanbankingnews.com/wp-content/timthumb/timthumb.php?src=https://www.marketbeat.com/logos/esgen-acquisition-co-logo-1200x675.png?v=20230414090323&w=240&h=240&zc=2,2025-09-11T06:38:57Z,"ESGEN Acquisition Co. (NASDAQ:ESAC – Get Free Report)’s share price traded down 2.5% during trading on Wednesday . The stock traded as low as $1.25 and last traded at $1.31. 153,040 shares changed ha… [+947 chars]",business
"{'id': None, 'name': 'ETF Daily News'}",MarketBeat News,Zentek (NASDAQ:ZTEK) Stock Price Down 0.1% – Here’s What Happened,"Shares of Zentek Ltd. (NASDAQ:ZTEK – Get Free Report) traded down 0.1% on Wednesday . The company traded as low as $0.86 and last traded at $0.88. 56,106 shares were traded during trading, a decline of 93% from the average session volume of 824,056 shares. Th…",https://www.etfdailynews.com/2025/09/11/zentek-nasdaqztek-stock-price-down-0-1-heres-what-happened/,https://www.americanbankingnews.com/wp-content/timthumb/timthumb.php?src=https://www.marketbeat.com/logos/zentek-ltd-logo-1200x675.png?v=20220603102837&w=240&h=240&zc=2,2025-09-11T06:38:56Z,"Shares of Zentek Ltd. (NASDAQ:ZTEK – Get Free Report) traded down 0.1% on Wednesday . The company traded as low as $0.86 and last traded at $0.88. 56,106 shares were traded during trading, a decline … [+1458 chars]",business
"{'id': None, 'name': 'ETF Daily News'}",MarketBeat News,Agencia Comercial Spirits Prices IPO at $4.00-$6.00 Per Share (AGCC),"Agencia Comercial Spirits (AGCC) is planning to raise $9 million in an IPO on the week of September 15th, IPO Scoop reports. The company will issue 1,800,000 shares at a price of $4.00-$6.00 per share. In the last year, Agencia Comercial Spirits generated $2.…",https://www.etfdailynews.com/2025/09/11/agencia-comercial-spirits-prices-ipo-at-4-00-6-00-per-share-agcc/,https://www.americanbankingnews.com/wp-content/timthumb/timthumb.php?src=https://www.marketbeat.com/logos/ipo3.jpg&w=240&h=240&zc=2,2025-09-11T06:38:54Z,"Agencia Comercial Spirits (AGCC) is planning to raise $9 million in an IPO on the week of September 15th, IPO Scoop reports. The company will issue 1,800,000 shares at a price of $4.00-$6.00 per shar… [+5063 chars]",business
"{'id': None, 'name': 'Seclists.org'}",,Re: MD5 is slow,"Posted by Saku Ytti via NANOG on Sep 10Talking about IA is almost nonsense, it doesn't have any implied
performance losses or gains. RISC/CISC is utterly uninteresting in the
modern world.

For more than 20 years CPUs have not executed the code compilers
deli…",https://seclists.org/nanog/2025/Sep/117,https://seclists.org/images/nanog-img.png,2025-09-11T06:38:48Z,"nanog
mailing list archives
From: Saku Ytti via NANOG &lt;nanog () lists nanog org&gt;Date: Thu, 11 Sep 2025 09:38:00 +0300
Talking about IA is almost nonsense, it doesn't have any implied
perfor… [+5160 chars]",business
"{'id': None, 'name': 'ETF Daily News'}",MarketBeat News,Tourmaline Bio (NASDAQ:TRML) Earns “Hold” Rating from Jefferies Financial Group,"Tourmaline Bio (NASDAQ:TRML – Get Free Report)‘s stock had its “hold” rating reiterated by stock analysts at Jefferies Financial Group in a research report issued to clients and investors on Tuesday,Benzinga reports. They currently have a $47.50 price objecti…",https://www.etfdailynews.com/2025/09/11/tourmaline-bio-nasdaqtrml-earns-hold-rating-from-jefferies-financial-group/,https://www.americanbankingnews.com/wp-content/timthumb/timthumb.php?src=https://www.marketbeat.com/logos/tourmaline-bio-inc-logo-1200x675.jpg?v=20241212125633&w=240&h=240&zc=2,2025-09-11T06:36:44Z,"Tourmaline Bio (NASDAQ:TRML – Get Free Report)‘s stock had its “hold” rating reiterated by stock analysts at Jefferies Financial Group in a research report issued to clients and investors on Tuesday,… [+4082 chars]",business
"{'id': None, 'name': 'Doctors-healthcare-plans.com'}",yangyiming,Show HN: Doctors Healthcare Plans,"Discover affordable doctors healthcare plans starting from $75/month. Access dedicated primary care physicians, unlimited visits, telehealth services, and comprehensive healthcare coverage without traditional insurance limitations

Comments URL: https://news.…",https://doctors-healthcare-plans.com/,,2025-09-11T06:33:55Z,"What are doctors healthcare plans and how do they differ from traditional insurance?
Doctors healthcare plans are innovative healthcare solutions that provide direct access to primary care services … [+4037 chars]",business
"{'id': None, 'name': 'ETF Daily News'}",MarketBeat News,IREN Limited (NASDAQ:IREN) Receives $30.44 Consensus Target Price from Brokerages,"IREN Limited (NASDAQ:IREN – Get Free Report) has been given a consensus recommendation of “Moderate Buy” by the eleven brokerages that are presently covering the stock, Marketbeat Ratings reports. Three equities research analysts have rated the stock with a h…",https://www.etfdailynews.com/2025/09/11/iren-limited-nasdaqiren-receives-30-44-consensus-target-price-from-brokerages/,https://www.americanbankingnews.com/wp-content/timthumb/timthumb.php?src=https://www.marketbeat.com/logos/iren-limited-logo-1200x675.png?v=20250721171954&w=240&h=240&zc=2,2025-09-11T06:33:22Z,"IREN Limited (NASDAQ:IREN – Get Free Report) has been given a consensus recommendation of “Moderate Buy” by the eleven brokerages that are presently covering the stock, Marketbeat Ratings reports. Th… [+3673 chars]",business
"{'id': None, 'name': 'CNBC'}",,Trump's pressure on Europe to slap 100% tariffs on India and China raises eyebrows,Europe is unlikely to acquiesce to the White House's request to slap high tariffs on its Asian counterparts.,https://www.cnbc.com/2025/09/11/trump-asking-eu-to-slap-100percent-tariffs-on-india-and-china-raises-eyebrows.html,https://image.cnbcfm.com/api/v1/image/108177533-1753680021808-gettyimages-2226577405-ah709919.jpeg?v=1753680071&w=1920&h=1080,2025-09-11T06:33:08Z,"TURNBERRY, SCOTLAND - JULY 27: President of the European Commission Ursula von der Leyen meets with U.S. President Donald Trump at Trump Turnberry golf club on July 27, 2025 in Turnberry, Scotland. U… [+6024 chars]",business
"{'id': None, 'name': 'ComputerWeekly.com'}",Antony Adshead,Storage is key to AI projects that succeed,"Artificial intelligence is a key project for enterprise IT currently, but the difference between success and failure rests on having the right infrastructure, especially in data storage",https://www.computerweekly.com/feature/Storage-is-key-to-AI-projects-that-succeed,https://www.computerweekly.com/visuals/German/article/tools-toolbox-fotolia.jpg,2025-09-11T06:33:00Z,"The hyperscaler cloud providers plan to spend $1tn on hardware optimised for artificial intelligence (AI) by 2028, according to market researcher DellOro.Meanwhile, enterprises are spending big on AI… [+6997 chars]",business
"{'id': 'the-times-of-india', 'name': 'The Times of India'}",Spotlight Wire,BKJ Airports partners with TLD & ASARA for next-gen GSE; adds electric coaches and ramp car to fleet,"India Business News: BKJ Airports, one of India’s fastest-growing ground handling companies, has taken a significant step toward sustainable aviation with a landmark order.",https://timesofindia.indiatimes.com/business/india-business/bkj-airports-partners-with-tld-asara-for-next-gen-gse-adds-electric-coaches-and-ramp-car-to-fleet/articleshow/123823974.cms,"https://static.toiimg.com/thumb/msid-123823959,width-1070,height-580,imgsize-1505125,resizemode-75,overlay-toi_sw,pt-32,y_pad-40/photo.jpg",2025-09-11T06:31:47Z,10 things to know before getting Neon Tetra fish for your home aquarium,business
"{'id': None, 'name': 'Verdict'}",GlobalData Technology,Vocus Group enters Australia’s enterprise mobile market,"At launch, Vocus will offer three traditional types of mobile connectivity services.",https://www.verdict.co.uk/vocus-launches-vocus-mobile/,https://s.yimg.com/ny/api/res/1.2/t_1ut4pAzAdjckxg3TtjYA--/YXBwaWQ9aGlnaGxhbmRlcjt3PTEyMDA7aD02NzU-/https://media.zenfs.com/en/verdict_626/11cff0300b330ef33c11d62f555eba89,2025-09-11T06:30:10Z,"Australian telecoms infrastructure provider Vocus has finally launched its own business-focused MVNO brand, Vocus Mobile.
Leveraging Optuss 4G and 5G networks the company aims to position itself as … [+3932 chars]",business
"{'id': None, 'name': 'Cointelegraph'}",Cointelegraph by Stephen Katte,"Russia could consider crypto bank to combat fraud, help miners","Evgeny Masharov, a member of the Russian Civic Chamber, is pushing for Russia to launch a crypto bank, claiming it can combat crime and help miners.",https://cointelegraph.com/news/russia-could-consider-crypto-bank-combat-fraud-help-miners,"https://images.cointelegraph.com/cdn-cgi/image/format=auto,onerror=redirect,quality=90,width=1200/https://s3.cointelegraph.com/uploads/2025-09/0199371e-67e0-7930-b319-f27541408e77",2025-09-11T06:29:04Z,"Russia needs its own crypto-enabled bank that could help combat illicit transactions and support miners by providing infrastructure for them to cash out their earnings, a member of the countrys gover… [+2914 chars]",business
"{'id': None, 'name': 'Biztoc.com'}",reuters.com,Britain's John Lewis on track for full year profit growth,,https://biztoc.com/x/618b0c7582a2d8cd,https://biztoc.com/cdn/618b0c7582a2d8cd_s.webp,2025-09-11T06:28:33Z,"{ window.open(this.href, '_blank'); }, 200); return false;""&gt;Why did Oracle stock surge over 35% today? { window.open(this.href, '_blank'); }, 200); return false;""&gt;How will Novo Nordisk job cuts… [+775 chars]",business
"{'id': None, 'name': 'Biztoc.com'}",reuters.com,UK's Energean cuts annual production forecast for second time this year,,https://biztoc.com/x/03f550d4a0b9f98b,https://biztoc.com/cdn/950/og.png,2025-09-11T06:28:32Z,"{ window.open(this.href, '_blank'); }, 200); return false;""&gt;Why did Oracle stock surge over 35% today? { window.open(this.href, '_blank'); }, 200); return false;""&gt;How will Novo Nordisk job cuts… [+783 chars]",business
"{'id': None, 'name': 'Biztoc.com'}",theguardian.com,Pre-budget howls from big business beasts go deeper than the usual tax grumbles,"Top executives say ministers don’t ‘get’ business, they aren’t listening, and key decisions are fluffed or take too long
It might be tempting, if you are sitting in Downing Street, to dismiss the current pre-budget howls from big business beasts as standard s…",https://biztoc.com/x/6fdfcf9247d45df8,https://biztoc.com/cdn/6fdfcf9247d45df8_s.webp,2025-09-11T06:28:32Z,"Top executives say ministers dont get business, they arent listening, and key decisions are fluffed or take too longIt might be tempting, if you are sitting in Downing Street, to dismiss the current … [+131 chars]",business
"{'id': None, 'name': 'ETF Daily News'}",MarketBeat News,Barclays Increases V.F. (NYSE:VFC) Price Target to $19.00,"V.F. (NYSE:VFC – Get Free Report) had its price target lifted by investment analysts at Barclays from $16.00 to $19.00 in a research report issued on Tuesday, Marketbeat reports. The firm currently has an “overweight” rating on the textile maker’s stock. Barc…",https://www.etfdailynews.com/2025/09/11/barclays-increases-v-f-nysevfc-price-target-to-19-00/,https://www.americanbankingnews.com/wp-content/timthumb/timthumb.php?src=https://www.marketbeat.com/logos/vf-co-logo-1200x675.png?v=20221108171009&w=240&h=240&zc=2,2025-09-11T06:26:51Z,"V.F. (NYSE:VFC – Get Free Report) had its price target lifted by investment analysts at Barclays from $16.00 to $19.00 in a research report issued on Tuesday, Marketbeat reports. The firm currently h… [+4224 chars]",business
"{'id': None, 'name': 'ETF Daily News'}",MarketBeat News,Oceaneering International (NYSE:OII) Price Target Raised to $25.00,"Oceaneering International (NYSE:OII – Get Free Report) had its price target boosted by equities research analysts at Citigroup from $20.00 to $25.00 in a research report issued to clients and investors on Tuesday,Benzinga reports. The firm currently has a “ne…",https://www.etfdailynews.com/2025/09/11/oceaneering-international-nyseoii-price-target-raised-to-25-00/,https://www.americanbankingnews.com/wp-content/timthumb/timthumb.php?src=https://www.marketbeat.com/logos/oceaneering-international-logo-1200x675.jpg&w=240&h=240&zc=2,2025-09-11T06:26:50Z,Oceaneering International (NYSE:OII – Get Free Report) had its price target boosted by equities research analysts at Citigroup from $20.00 to $25.00 in a research report issued to clients and investo… [+4733 chars],business
"{'id': None, 'name': 'ETF Daily News'}",MarketBeat News,Pinnacle West Capital (NYSE:PNW) Rating Lowered to Neutral at Mizuho,"Pinnacle West Capital (NYSE:PNW – Get Free Report) was downgraded by equities research analysts at Mizuho from an “outperform” rating to a “neutral” rating in a note issued to investors on Tuesday, Marketbeat.com reports. They currently have a $90.00 price ta…",https://www.etfdailynews.com/2025/09/11/pinnacle-west-capital-nysepnw-rating-lowered-to-neutral-at-mizuho/,https://www.americanbankingnews.com/wp-content/timthumb/timthumb.php?src=https://www.marketbeat.com/logos/pinnacle-west-capital-co-logo-1200x675.png?v=20221109155301&w=240&h=240&zc=2,2025-09-11T06:26:50Z,"Pinnacle West Capital (NYSE:PNW – Get Free Report) was downgraded by equities research analysts at Mizuho from an “outperform” rating to a “neutral” rating in a note issued to investors on Tuesday, M… [+5753 chars]",business
"{'id': None, 'name': 'ETF Daily News'}",MarketBeat News,SentinelOne (NYSE:S) Receives Market Outperform Rating from JMP Securities,"SentinelOne (NYSE:S – Get Free Report)‘s stock had its “market outperform” rating reissued by analysts at JMP Securities in a note issued to investors on Tuesday,Benzinga reports. They currently have a $29.00 price target on the stock. JMP Securities’ price t…",https://www.etfdailynews.com/2025/09/11/sentinelone-nyses-receives-market-outperform-rating-from-jmp-securities/,https://www.americanbankingnews.com/wp-content/timthumb/timthumb.php?src=https://www.marketbeat.com/logos/sentinelone-inc-logo-1200x675.png?v=20211126080003&w=240&h=240&zc=2,2025-09-11T06:26:50Z,"SentinelOne (NYSE:S – Get Free Report)‘s stock had its “market outperform” rating reissued by analysts at JMP Securities in a note issued to investors on Tuesday,Benzinga reports. They currently have… [+4745 chars]",business
"{'id': None, 'name': 'ETF Daily News'}",MarketBeat News,Phreesia (NYSE:PHR) Upgraded by DA Davidson to “Strong-Buy” Rating,"DA Davidson upgraded shares of Phreesia (NYSE:PHR – Free Report) to a strong-buy rating in a report published on Monday morning,Zacks.com reports. A number of other brokerages also recently issued reports on PHR. Citigroup reiterated a “buy” rating on shares …",https://www.etfdailynews.com/2025/09/11/phreesia-nysephr-upgraded-by-da-davidson-to-strong-buy-rating/,https://www.americanbankingnews.com/wp-content/timthumb/timthumb.php?src=https://www.marketbeat.com/logos/phreesia-inc-logo.jpg?v=20240503120315&w=240&h=240&zc=2,2025-09-11T06:26:50Z,"DA Davidson upgraded shares of Phreesia (NYSE:PHR – Free Report) to a strong-buy rating in a report published on Monday morning,Zacks.com reports.
A number of other brokerages also recently issued r… [+5700 chars]",business
"{'id': None, 'name': 'ETF Daily News'}",MarketBeat News,Site Centers (NYSE:SITC) Now Covered by LADENBURG THALM/SH SH,"Analysts at LADENBURG THALM/SH SH assumed coverage on shares of Site Centers (NYSE:SITC – Get Free Report) in a research report issued on Tuesday, Marketbeat.com reports. The brokerage set a “neutral” rating and a $10.00 price target on the stock. LADENBURG T…",https://www.etfdailynews.com/2025/09/11/site-centers-nysesitc-now-covered-by-ladenburg-thalm-sh-sh/,https://www.americanbankingnews.com/wp-content/timthumb/timthumb.php?src=https://www.marketbeat.com/logos/site-centers-corp-logo-1200x675.jpg?v=20221122080646&w=240&h=240&zc=2,2025-09-11T06:26:49Z,"Analysts at LADENBURG THALM/SH SH assumed coverage on shares of Site Centers (NYSE:SITC – Get Free Report) in a research report issued on Tuesday, Marketbeat.com reports. The brokerage set a “neutral… [+4093 chars]",business
"{'id': None, 'name': 'ETF Daily News'}",MarketBeat News,Citigroup Lowers ProPetro (NYSE:PUMP) Price Target to $5.00,"ProPetro (NYSE:PUMP – Get Free Report) had its price target cut by stock analysts at Citigroup from $6.50 to $5.00 in a report released on Tuesday,Benzinga reports. The firm currently has a “neutral” rating on the stock. Citigroup’s price target would indicat…",https://www.etfdailynews.com/2025/09/11/citigroup-lowers-propetro-nysepump-price-target-to-5-00/,https://www.americanbankingnews.com/wp-content/timthumb/timthumb.php?src=https://www.marketbeat.com/logos/propetro-holding-corp-logo-1200x675.png?v=20221130171802&w=240&h=240&zc=2,2025-09-11T06:26:49Z,"ProPetro (NYSE:PUMP – Get Free Report) had its price target cut by stock analysts at Citigroup from $6.50 to $5.00 in a report released on Tuesday,Benzinga reports. The firm currently has a “neutral”… [+3655 chars]",business
"{'id': None, 'name': 'ETF Daily News'}",MarketBeat News,Wells Fargo & Company Upgrades Thomson Reuters (NYSE:TRI) to “Overweight”,"Thomson Reuters (NYSE:TRI – Get Free Report) (TSE:TRI) was upgraded by Wells Fargo & Company from an “equal weight” rating to an “overweight” rating in a note issued to investors on Tuesday, MarketBeat Ratings reports. The brokerage currently has a $212.00 ta…",https://www.etfdailynews.com/2025/09/11/wells-fargo-company-upgrades-thomson-reuters-nysetri-to-overweight/,https://www.americanbankingnews.com/wp-content/timthumb/timthumb.php?src=https://www.marketbeat.com/logos/thomson-reuters-co-logo-1200x675.jpg&w=240&h=240&zc=2,2025-09-11T06:26:49Z,"Thomson Reuters (NYSE:TRI – Get Free Report) (TSE:TRI) was upgraded by Wells Fargo &amp; Company from an “equal weight” rating to an “overweight” rating in a note issued to investors on Tuesday, Mark… [+4459 chars]",business
"{'id': None, 'name': 'GlobeNewswire'}",BioPorto  A/S,US News & World Report Webinar “New Frontiers in Kidney Care” features NGAL biomarker,"September 11, 2025News Release  US News & World Report Webinar “New Frontiers in Kidney Care” features NGAL biomarker  COPENHAGEN, DENMARK and...",https://www.globenewswire.com/news-release/2025/09/11/3148335/0/en/US-News-World-Report-Webinar-New-Frontiers-in-Kidney-Care-features-NGAL-biomarker.html,https://ml-eu.globenewswire.com/Resource/Download/b9686d8c-3706-4a6c-b22a-ae722c122c21,2025-09-11T06:26:00Z,"September 11, 2025News Release
US News &amp; World Report Webinar New Frontiers in Kidney Care features NGAL biomarker
COPENHAGEN, DENMARK and BOSTON, MA, USA, September 11 BioPorto A/S (BioPorto o… [+5010 chars]",business
"{'id': None, 'name': 'GlobeNewswire'}",Sridha Store,Sridha Store Gears Up for Major Business Site and Product Upgrade to Elevate Customer Experience,The homegrown lifestyle brand upgrades its site and collection to meet growing demand and elevate user experience. The homegrown lifestyle brand upgrades its site and collection to meet growing demand and elevate user experience.,https://www.globenewswire.com/news-release/2025/09/11/3148336/0/en/Sridha-Store-Gears-Up-for-Major-Business-Site-and-Product-Upgrade-to-Elevate-Customer-Experience.html,,2025-09-11T06:26:00Z,"New Delhi, Sept. 11, 2025 (GLOBE NEWSWIRE) -- 
Sridha Store, the homegrown destination for handpicked home décor and artisanal lifestyle products, is set to unveil a comprehensive upgrade of its bus… [+3056 chars]",business
"{'id': None, 'name': 'Yahoo Entertainment'}",Reuters,Spain's parliament kills shorter work week bill in blow to government,"MADRID (Reuters) -Spain's lower house has shelved a bill that would have shortened the work week by 2-1/2 hours, dealing yet another blow to the fragile...",https://uk.news.yahoo.com/spains-parliament-kills-shorter-week-062514814.html,https://media.zenfs.com/en/reuters.com/679eff9468a22186b9a6e23deb2428bb,2025-09-11T06:25:14Z,"MADRID (Reuters) -Spain's lower house has shelved a bill that would have shortened the work week by 2-1/2 hours, dealing yet another blow to the fragile Socialist-led minority government which is str… [+2087 chars]",business
"{'id': None, 'name': 'ETF Daily News'}",MarketBeat News,"Brokerages Set Harley-Davidson, Inc. (NYSE:HOG) Price Target at $30.86","Harley-Davidson, Inc. (NYSE:HOG – Get Free Report) has been assigned an average rating of “Hold” from the eight research firms that are currently covering the company, Marketbeat Ratings reports. Six investment analysts have rated the stock with a hold recomm…",https://www.etfdailynews.com/2025/09/11/brokerages-set-harley-davidson-inc-nysehog-price-target-at-30-86/,https://www.americanbankingnews.com/wp-content/timthumb/timthumb.php?src=https://www.marketbeat.com/logos/harley-davidson-inc-logo-1200x675.gif&w=240&h=240&zc=2,2025-09-11T06:25:05Z,"Harley-Davidson, Inc. (NYSE:HOG – Get Free Report) has been assigned an average rating of “Hold” from the eight research firms that are currently covering the company, Marketbeat Ratings reports. Six… [+5336 chars]",business
"{'id': None, 'name': 'ETF Daily News'}",MarketBeat News,"PepsiCo, Inc. (NASDAQ:PEP) Receives $158.60 Average PT from Analysts","Shares of PepsiCo, Inc. (NASDAQ:PEP – Get Free Report) have been given an average rating of “Hold” by the nineteen ratings firms that are currently covering the stock, Marketbeat.com reports. One equities research analyst has rated the stock with a sell recom…",https://www.etfdailynews.com/2025/09/11/pepsico-inc-nasdaqpep-receives-158-60-average-pt-from-analysts/,https://www.americanbankingnews.com/wp-content/timthumb/timthumb.php?src=https://www.marketbeat.com/logos/pepsico-inc-logo-1200x675.jpg?v=20210728083446&w=240&h=240&zc=2,2025-09-11T06:25:04Z,"Shares of PepsiCo, Inc. (NASDAQ:PEP – Get Free Report) have been given an average rating of “Hold” by the nineteen ratings firms that are currently covering the stock, Marketbeat.com reports. One equ… [+4486 chars]",business
"{'id': None, 'name': 'ETF Daily News'}",MarketBeat News,Analysts Set Vertex Pharmaceuticals Incorporated (NASDAQ:VRTX) PT at $497.10,"Vertex Pharmaceuticals Incorporated (NASDAQ:VRTX – Get Free Report) has received an average rating of “Moderate Buy” from the twenty-seven ratings firms that are presently covering the stock, MarketBeat.com reports. Thirteen analysts have rated the stock with…",https://www.etfdailynews.com/2025/09/11/analysts-set-vertex-pharmaceuticals-incorporated-nasdaqvrtx-pt-at-497-10/,https://www.americanbankingnews.com/wp-content/timthumb/timthumb.php?src=https://www.marketbeat.com/logos/vertex-pharmaceuticals-incorporated-logo-1200x675.png?v=20231228113929&w=240&h=240&zc=2,2025-09-11T06:25:03Z,"Vertex Pharmaceuticals Incorporated (NASDAQ:VRTX – Get Free Report) has received an average rating of “Moderate Buy” from the twenty-seven ratings firms that are presently covering the stock, MarketB… [+4930 chars]",business
"{'id': None, 'name': 'ETF Daily News'}",MarketBeat News,UnitedHealth Group Incorporated (NYSE:UNH) Receives $354.86 Consensus Target Price from Analysts,"Shares of UnitedHealth Group Incorporated (NYSE:UNH – Get Free Report) have been given a consensus rating of “Moderate Buy” by the twenty-five research firms that are currently covering the stock, MarketBeat Ratings reports. Three analysts have rated the stoc…",https://www.etfdailynews.com/2025/09/11/unitedhealth-group-incorporated-nyseunh-receives-354-86-consensus-target-price-from-analysts/,https://www.americanbankingnews.com/wp-content/timthumb/timthumb.php?src=https://www.marketbeat.com/logos/unitedhealth-group-incorporated-logo-1200x675.png?v=20221020135718&w=240&h=240&zc=2,2025-09-11T06:25:02Z,"Shares of UnitedHealth Group Incorporated (NYSE:UNH – Get Free Report) have been given a consensus rating of “Moderate Buy” by the twenty-five research firms that are currently covering the stock, Ma… [+5279 chars]",business
"{'id': None, 'name': 'ETF Daily News'}",MarketBeat News,Brokerages Set Public Service Enterprise Group Incorporated (NYSE:PEG) Price Target at $90.95,"Shares of Public Service Enterprise Group Incorporated (NYSE:PEG – Get Free Report) have received an average recommendation of “Moderate Buy” from the eleven brokerages that are presently covering the firm, Marketbeat reports. Five investment analysts have ra…",https://www.etfdailynews.com/2025/09/11/brokerages-set-public-service-enterprise-group-incorporated-nysepeg-price-target-at-90-95/,https://www.americanbankingnews.com/wp-content/timthumb/timthumb.php?src=https://www.marketbeat.com/logos/public-service-enterprise-group-inc-logo-1200x675.jpg&w=240&h=240&zc=2,2025-09-11T06:25:01Z,Shares of Public Service Enterprise Group Incorporated (NYSE:PEG – Get Free Report) have received an average recommendation of “Moderate Buy” from the eleven brokerages that are presently covering th… [+6335 chars],business
"{'id': 'rte', 'name': 'RTE'}",Mícheál Lehane,Sinn Féin calls on Jim Gavin to withdraw Gaza comments,Sinn Féin and Fianna Fáil have become embroiled in a war of words over comments about Gaza made by presidential candidate Jim Gavin,https://www.rte.ie/news/presidential-election/2025/0911/1532899-jim-gavin-gaza/,https://www.rte.ie/images/0023243d-1600.jpg,2025-09-11T06:52:32Z,"Sinn Féin and Fianna Fáil have become embroiled in a war of words over comments about Gaza made by presidential candidate Jim Gavin.
In an interview recently, the Fianna Fáil candidate said: ""It's u… [+1579 chars]",health
"{'id': None, 'name': 'TheJournal.ie'}",AFP,WHO says its workers will remain in Gaza City despite Israel's call to flee,The head of the UN agency said he was “appalled” by the latest evacuation order.,https://www.thejournal.ie/gaza-who-6813511-Sep2025/,https://img2.thejournal.ie/article/6813511/river/?height=400&version=6813517,2025-09-11T06:50:49Z,"THE UNS HEALTH agency has said its workers will remain in Gaza City despite calls from Israels military for people to flee an assault it is mounting there.
To civilians in Gaza: WHO and partners rem… [+2161 chars]",health
"{'id': None, 'name': 'Globalsecurity.org'}",John Pike,Death toll from Israeli airstrikes in Yemen rises to 35: Houthi statement,"The death toll from Israeli airstrikes on Houthi-held areas in northern Yemen rose to 35, with 131 wounded, the Houthi-run health ministry said late on Wednesday.",https://www.globalsecurity.org/military/library/news/2025/09/mil-250911-pdo02.htm,,2025-09-11T06:49:56Z,"People's Daily Online
(Xinhua) 11:16, September 11, 2025
SANAA, Sept. 10 (Xinhua) -- The death toll from Israeli airstrikes on Houthi-held areas in northern Yemen rose to 35, with 131 wounded, the … [+1443 chars]",health
"{'id': None, 'name': 'Khabarhub.com'}",Khabarhub,Life gradually returning to normal in Kathmandu Valley,"KATHMANDU: Life in Kathmandu Valley, and across the country, is gradually returning to normal. With the Nepali Army (NA) taking the lead in maintaining security in coordination with other security agencies, stability is being restored in affected areas. Repre…",https://english.khabarhub.com/2025/11/495843/,https://english.khabarhub.com/wp-content/uploads/2025/09/NEPAL-Army-in-parliament-e1757436431996.jpg,2025-09-11T06:47:42Z,"KATHMANDU: Life in Kathmandu Valley, and across the country, is gradually returning to normal.
With the Nepali Army (NA) taking the lead in maintaining security in coordination with other security a… [+2093 chars]",health
"{'id': None, 'name': 'Ecr.co.za'}",Kubobonke Luthuli,"SA faces double burden of childhood malnutrition, obesity",Around 188 million children and adolescents aged 15 and 19 are now living with obesity worldwide.,https://www.ecr.co.za/news/news/sa-faces-double-burden-childhood-malnutrition-obesity/,https://turntable.kagiso.io/images/istockphoto-1370316039-612x612.width-400.jpg,2025-09-11T06:45:12Z,"In a new report, UNICEF says for the first time in history, childhood obesity has overtaken being underweight to become the most common form of malnutrition among young children and teenagers.
Forme… [+1003 chars]",health
"{'id': None, 'name': 'ETF Daily News'}",MarketBeat News,Head-To-Head Analysis: CVS Health (NYSE:CVS) and BG Medicine (OTCMKTS:BGMD),"BG Medicine (OTCMKTS:BGMD – Get Free Report) and CVS Health (NYSE:CVS – Get Free Report) are both medical companies, but which is the superior stock? We will compare the two companies based on the strength of their earnings, risk, institutional ownership, pro…",https://www.etfdailynews.com/2025/09/11/head-to-head-analysis-cvs-health-nysecvs-and-bg-medicine-otcmktsbgmd/,https://www.americanbankingnews.com/wp-content/timthumb/timthumb.php?src=https://www.marketbeat.com/logos/cvs-health-co-logo-1200x675.png?v=20221020160339&w=240&h=240&zc=2,2025-09-11T06:40:50Z,"BG Medicine (OTCMKTS:BGMD – Get Free Report) and CVS Health (NYSE:CVS – Get Free Report) are both medical companies, but which is the superior stock? We will compare the two companies based on the st… [+5705 chars]",health
"{'id': None, 'name': 'Tribuneonlineng.com'}",Biola Azeez,"Kwara trains 193 health workers, security personnel on school-related gender-based violence","Kwara State government has reiterated its commitment to combating School-Related Gender-Based Violence (SRGBV), ensuring justice for victims and punishment for perpetrators. The project coordinator of Kwara State Adolescent Girls Initiative for Learning and E…",https://tribuneonlineng.com/kwara-trains-193-health-workers-security-personnel-on-school-related-gender-based-violence/,https://tribuneonlineng.com/wp-content/uploads/2025/04/Kwara-map.webp,2025-09-11T06:40:41Z,"Kwara State government has reiterated its commitment to combating School-Related Gender-Based Violence (SRGBV), ensuring justice for victims and punishment for perpetrators.
The project coordinator … [+5128 chars]",health
"{'id': None, 'name': 'Economictimes.com'}",iStock,"""That I’ve done this before’ feeling isn’t magic"" — why déjà vu happens and why it could be alarming","Ever walk into a new place and feel like you’ve been there before? That’s déjà vu, a strange but brief lapse in memory, where present seems past, leaving your mind questioning reality. “This Feels So Familiar—But It’s Brand New”",https://m.economictimes.com/news/india/that-ive-done-this-before-feeling-isnt-magic-why-dj-vu-happens-and-why-it-could-be-alarming/this-feels-so-familiarbut-its-brand-new/slideshow/123824126.cms,"https://img.etimg.com/thumb/msid-123824126,width-1070,height-580,overlay-economictimes/slideshow.jpg",2025-09-11T06:39:32Z,"Sep 11, 2025, 12:09:59 PM IST
Ever walk into a new place and feel like you’ve been there before? That’s déjà vu, a strange but brief lapse in memory, where present seems past, leaving your mind ques… [+1156 chars]",health
"{'id': None, 'name': 'Madshrimps.be'}",Stefan,Pixel Watch 4 vs. Galaxy Watch 8: Which Is the Better Android Wearable for You?,"The Pixel Watch 4 is shaping up to be a complete smartwatch and an excellent health monitor, but due to its pricing, it competes directly with the Samsung Galaxy Watch 8, another equally good wearable. So, which one should you choose? Let's find out. https://…",https://www.madshrimps.be/news/pixel-watch-4-vs-galaxy-watch-8-which-is-the-better-android-wearable-for-you/,,2025-09-11T06:36:04Z,"The Pixel Watch 4 is shaping up to be a complete smartwatch and an excellent health monitor, but due to its pricing, it competes directly with the Samsung Galaxy Watch 8, another equally good wearabl… [+61 chars]",health
"{'id': 'the-times-of-india', 'name': 'The Times of India'}",TIMESOFINDIA.COM,From heart health to digestion: 5 science-backed benefits of coriander (dhaniya),"Coriander, or dhaniya, is perhaps the most widely used herb in Indian kitchens. Known for its fresh aroma and rich taste, coriander is loved by all for its amazing flavour. But amidst all the culinary charms, dhaniya is great for our health and has been used …",https://timesofindia.indiatimes.com/life-style/health-fitness/from-heart-health-to-digestion-5-science-backed-benefits-of-coriander-dhaniya/photostory/123824030.cms,https://static.toiimg.com/photo/123824042.cms,2025-09-11T06:35:26Z,"Coriander, or dhaniya, is perhaps the most widely used herb in Indian kitchens. Known for its fresh aroma and rich taste, coriander is loved by all for its amazing flavour. But amidst all the culinar… [+234 chars]",health
"{'id': 'the-times-of-india', 'name': 'The Times of India'}",ET Online,"Nepal's likely interim PM-in-line strikes a warm note towards India, says she has a very good impression of Narendra Modi","Following Prime Minister KP Sharma Oli's resignation amidst unprecedented youth-led violence, former Chief Justice Sushila Karki is being considered as interim PM. Karki, who expressed admiration for India and PM Modi, said she would accept the protesters' ap…",https://economictimes.indiatimes.com/news/india/nepals-likely-interim-pm-in-line-strikes-a-warm-note-towards-india-says-she-has-a-very-good-impression-of-narendra-modi/articleshow/123824008.cms,"https://img.etimg.com/thumb/msid-123824011,width-1200,height-630,imgsize-96312,overlay-economictimes/articleshow.jpg",2025-09-11T06:34:54Z,"Nepal's former Chief Justice Sushila Karki, who could be named the troubled nation's interim PM, has said that she has a very good impression of Narendra Modi.Karki hailed India's support for Nepal a… [+2274 chars]",health
"{'id': None, 'name': 'New Atlas'}",Bronwyn Thompson,"Chronic pain worsened by harsh self-criticism, study finds","A new study has found that people living with chronic pain tend to be more perfectionistic, less self-compassionate and – depending on the measure – less confident in their ability to cope. These psychological traits may intensify suffering, but they also poi…",https://newatlas.com/chronic-pain/perfectionists-chronic-pain/,https://assets.newatlas.com/dims4/default/af67926/2147483647/strip/true/crop/6733x3535+0+754/resize/1200x630!/quality/90/?url=https%3A%2F%2Fnewatlas-brightspot.s3.amazonaws.com%2Ffd%2F62%2F17b9998c47c99a223572a506bba5%2Fdepositphotos-731272008-xl.jpg&na.image_optimisation=0,2025-09-11T06:33:00Z,"A new study has found that people living with chronic pain tend to be more perfectionistic, less self-compassionate and depending on the measure less confident in their ability to cope. These psychol… [+6313 chars]",health
"{'id': None, 'name': 'Edzardernst.com'}",Edzard,The “Henry Ford Health System Analysis”: how RFKJr and his minions made themselves even more ridiculous,"Aaron Siri, the personal lawyer/adviser of Robert F. Kennedy Jr., recently presented to the US Senate the unpublished (and thus not peer-reviewed) ""Henry Ford Health System Analysis"". With a sample size of 18,468, the study is the largest vaccinated versus un…",https://edzardernst.com/2025/09/the-henry-ford-health-system-analysis-how-rfkjr-and-his-minions-made-themselves-even-more-ridiculous/,https://edzardernst.com/wp-content/uploads/2012/10/card-073-Edzard-Ernst.png,2025-09-11T06:32:36Z,"Aaron Siri, the personal lawyer/adviser of Robert F. Kennedy Jr., recently presented to the US Senate the unpublished (and thus not peer-reviewed) “Henry Ford Health System Analysis“. With a sample s… [+4369 chars]",health
"{'id': None, 'name': 'The-independent.com'}",Julia Musto,The salad ingredient that aids weight-loss and heart health,Watercress named healthiest vegetable on the market by the CDC in 2024,https://www.the-independent.com/life-style/health-and-families/salad-ideas-recipe-weight-loss-heart-health-watercress-b2824413.html,https://static.the-independent.com/2025/09/02/21/21/GettyImages-1245996196.jpeg?width=1200&height=800&crop=1200:800,2025-09-11T06:30:31Z,"Your support helps us to tell the story
From reproductive rights to climate change to Big Tech, The Independent is on the ground when the story is developing. Whether it's investigating the financia… [+4199 chars]",health
"{'id': None, 'name': 'Whitecoatinvestor.com'}",Megan Scott,Retirement and Decumulation,"Answering reader questions about decumulation in retirement, how to start withdrawing from your investments, and when and if you should increase your bond allocation as you are nearing or entering retirement. 
The post Retirement and Decumulation appeared fir…",https://www.whitecoatinvestor.com/retirement-and-decumulation-436/,https://www.whitecoatinvestor.com/wp-content/uploads/2018/03/WCI-Podcast-Logo-2023-238x238-1.jpg,2025-09-11T06:30:05Z,"Kevins question is an important one: how do you actually take money out of your investments in retirement, and can it be done without hiring a financial advisor? The answer is yes, it can be done on … [+10011 chars]",health
"{'id': None, 'name': 'Independent.ie'}",Irish Independent,‘Yesterday’s the best time to start weights’ – Physio advice for over 40s,Can weight training reverse bone loss after menopause? Why is resistance training just as important as cardio for over 40s? And what are the go-to exercises to stay strong for life?,https://www.independent.ie/podcasts/real-health-podcast/yesterdays-the-best-time-to-start-weights-physio-advice-for-over-40s/a1945006897.html,https://focus.independent.ie/thumbor/GUya5QTaToxM0cvHXqydQwuaENM=/150x0:1770x1080/629x0/prod-mh-ireland/a5733001-15fb-4d44-a681-94e7ce5df863/5ebba6b9-2fa8-4e82-bbaa-56a0cc1b1c9c/a5733001-15fb-4d44-a681-94e7ce5df863.jpg,2025-09-11T06:28:34Z,"Can weight training reverse bone loss after menopause? Why is resistance training just as important as cardio for over 40s? And what are the go-to exercises to stay strong for life?Mike Murphy, head … [+1114 chars]",health
"{'id': None, 'name': 'Independent.ie'}",Irish Independent,The importance of weightlifting for over 40s,Can weight training reverse bone loss after menopause? Why is resistance training just as important as cardio for over 40s? And what are the go-to exercises to stay strong for life?,https://www.independent.ie/podcasts/real-health-podcast/the-importance-of-weightlifting-for-over-40s/a1945006897.html,https://focus.independent.ie/thumbor/tjdYAlzcK5XUs-W7fMcgqq41NLo=/150x0:1770x1080/629x0/prod-mh-ireland/a5733001-15fb-4d44-a681-94e7ce5df863/61056b5b-6fb1-4238-ab9f-34cb6ef85899/a5733001-15fb-4d44-a681-94e7ce5df863.jpg,2025-09-11T06:28:34Z,"Can weight training reverse bone loss after menopause? Why is resistance training just as important as cardio for over 40s? And what are the go-to exercises to stay strong for life?Mike Murphy, head … [+1114 chars]",health
"{'id': None, 'name': 'The-independent.com'}",Julia Musto,The common spice that clears your nostrils and can help fight off cancer,"Horseradish was used by the ancient Egyptians and Greeks more than 3,000 years ago",https://www.the-independent.com/life-style/health-and-families/blocked-nose-dry-sinuses-cure-horseradish-spice-cancer-b2824409.html,https://static.the-independent.com/2025/09/08/19/35/iStock-2182046163.jpeg?width=1200&height=800&crop=1200:800,2025-09-11T06:27:56Z,"Your support helps us to tell the story
From reproductive rights to climate change to Big Tech, The Independent is on the ground when the story is developing. Whether it's investigating the financia… [+4135 chars]",health
"{'id': 'the-times-of-india', 'name': 'The Times of India'}",AP,Qatar official says Netanyahu 'killed any hope' of hostage release with its strike in Doha on Hamas,"Qatar's prime minister has strongly criticized Israel's attack targeting Hamas leaders, asserting that it jeopardizes hostage release efforts. Sheikh Mohammed bin Abdulrahman Al Thani believes Netanyahu's actions have undermined any hope for the hostages' fre…",https://economictimes.indiatimes.com/news/defence/qatar-official-says-netanyahu-killed-any-hope-of-hostage-release-with-its-strike-in-doha-on-hamas/articleshow/123823899.cms,"https://img.etimg.com/thumb/msid-123823907,width-1200,height-630,imgsize-93852,overlay-etdefence/articleshow.jpg",2025-09-11T06:27:07Z,"Qatar's prime minister intensified his criticism of Israel over its attack targeting Hamas leaders in his country, saying Israeli Prime Minister Benjamin Netanyahu ""killed any hope"" of releasing host… [+2845 chars]",health
"{'id': None, 'name': 'ETF Daily News'}",MarketBeat News,Zoetis’ (ZTS) Buy Rating Reiterated at Argus,"Zoetis (NYSE:ZTS – Get Free Report)‘s stock had its “buy” rating restated by investment analysts at Argus in a note issued to investors on Tuesday,Benzinga reports. They currently have a $190.00 price target on the stock. Argus’ price target suggests a potent…",https://www.etfdailynews.com/2025/09/11/zoetis-zts-buy-rating-reiterated-at-argus/,https://www.americanbankingnews.com/wp-content/timthumb/timthumb.php?src=https://www.marketbeat.com/logos/zoetis-inc-logo-1200x675.png?v=20221021133935&w=240&h=240&zc=2,2025-09-11T06:26:51Z,"Zoetis (NYSE:ZTS – Get Free Report)‘s stock had its “buy” rating restated by investment analysts at Argus in a note issued to investors on Tuesday,Benzinga reports. They currently have a $190.00 pric… [+4111 chars]",health
"{'id': 'abc-news-au', 'name': 'ABC News (AU)'}",Danuta Kozaki,Sydney Water under fire in report for premature PFAS assurances,"A report has found Sydney Water did not perform an ""appropriate level of due diligence"" before it claimed in June 2024 there were no known PFAS hotspots within its drinking water catchments.",https://www.abc.net.au/news/2025-09-11/damning-report-into-handling-of-pfas-contamination-sydney-water/105763308,https://live-production.wcms.abc-cdn.net.au/1bcb9764f6c71d92436f6eb0efa7f49f?impolicy=wcms_watermark_news&cropH=2306&cropW=4100&xPos=0&yPos=214&width=862&height=485&imformat=generic,2025-09-11T06:21:56Z,"A New South Wales parliamentary inquiry has found Sydney Water was too quick to say there was no PFAS contamination in the city's drinking water catchment.
The report by an upper house parliamentary… [+3496 chars]",health
"{'id': None, 'name': 'Iasbaba.com'}",IASbaba,UPSC Quiz – 2025 : IASbaba’s Daily Current Affairs Quiz 11th September 2025,"For Previous Daily Quiz (ARCHIVES) – CLICK HERE The Current Affairs questions are based on sources like ‘The Hindu’, ‘Indian Express’ and ‘PIB’, which are very important sources for UPSC Prelims Exam. The questions are focused on both the concepts and facts. …",https://iasbaba.com/2025/09/upsc-quiz-2025-iasbabas-daily-current-affairs-quiz-11th-september-2025/,https://iasbaba.com/wp-content/uploads/2025/06/Daily-Current-Affairs-Quiz-2025.jpeg,2025-09-11T06:21:12Z,"For Previous Daily Quiz (ARCHIVES) – CLICK HERE
The Current Affairs questions are based on sources like The Hindu, Indian Express and PIB, which are very important sources for UPSC Prelims Exam. The… [+11144 chars]",health
"{'id': None, 'name': 'Japan Today'}",,U.S. marks 24th anniversary of 9/11 terror attacks,"Americans are marking 24 years since the Sept. 11, 2001, attacks with solemn ceremonies, volunteer work and other tributes honoring the victims. Many loved ones of the nearly 3,000 people killed will join dignitaries and politicians at commemorations Thursday…",https://japantoday.com/category/world/us-marks-24th-anniversary-of-9-11-terror-attacks,,2025-09-11T06:20:35Z,"Americans are marking 24 years since the Sept. 11, 2001, attacks with solemn ceremonies, volunteer work and other tributes honoring the victims.
Many loved ones of the nearly 3,000 people killed wil… [+4686 chars]",health
"{'id': None, 'name': 'ETF Daily News'}",MarketBeat News,"Casey’s General Stores (NASDAQ:CASY) Stock Price Expected to Rise, Jefferies Financial Group Analyst Says","Casey’s General Stores (NASDAQ:CASY – Get Free Report) had its price objective increased by Jefferies Financial Group from $575.00 to $600.00 in a research note issued on Tuesday,Benzinga reports. The brokerage currently has a “buy” rating on the stock. Jeffe…",https://www.etfdailynews.com/2025/09/11/caseys-general-stores-nasdaqcasy-stock-price-expected-to-rise-jefferies-financial-group-analyst-says/,https://www.americanbankingnews.com/wp-content/timthumb/timthumb.php?src=https://www.marketbeat.com/logos/caseys-general-stores-inc-logo-1200x675.jpg?v=20240216124522&w=240&h=240&zc=2,2025-09-11T06:13:11Z,"Casey’s General Stores (NASDAQ:CASY – Get Free Report) had its price objective increased by Jefferies Financial Group from $575.00 to $600.00 in a research note issued on Tuesday,Benzinga reports. Th… [+5538 chars]",health
"{'id': None, 'name': 'ScienceAlert'}","Adam Taylor, The Conversation","Your Pooping Habits Could Harm Your Health in 7 Ways, Research Shows","It might seem like a harmless habit to linger on the loo with your phone while ""taking care of business"", but research shows that prolonged toilet time can increase the risk of several health problems.",https://www.sciencealert.com/your-pooping-habits-could-harm-your-health-in-7-ways-research-shows,https://www.sciencealert.com/images/2025/09/SittingOnToiletHoldingToiletPaperRoll.jpg,2025-09-11T06:11:36Z,"It might seem like a harmless habit to linger on the loo with your phone while ""taking care of business"", but research shows that prolonged toilet time can increase the risk of several health problem… [+5820 chars]",health
"{'id': None, 'name': 'ETF Daily News'}",MarketBeat News,National Vision (NASDAQ:EYE) versus Reborn Coffee (NASDAQ:REBN) Head-To-Head Review,"National Vision (NASDAQ:EYE – Get Free Report) and Reborn Coffee (NASDAQ:REBN – Get Free Report) are both small-cap consumer staples companies, but which is the better stock? We will contrast the two companies based on the strength of their institutional owne…",https://www.etfdailynews.com/2025/09/11/national-vision-nasdaqeye-versus-reborn-coffee-nasdaqrebn-head-to-head-review/,https://www.americanbankingnews.com/wp-content/timthumb/timthumb.php?src=https://www.marketbeat.com/logos/reborn-coffee-inc-logo-1200x675.png?v=20220919143153&w=240&h=240&zc=2,2025-09-11T06:11:05Z,"National Vision (NASDAQ:EYE – Get Free Report) and Reborn Coffee (NASDAQ:REBN – Get Free Report) are both small-cap consumer staples companies, but which is the better stock? We will contrast the two… [+4248 chars]",health
"{'id': None, 'name': 'ETF Daily News'}",MarketBeat News,Reviewing Ferroglobe (NASDAQ:GSM) and NexGen Energy (NYSE:NXE),"Ferroglobe (NASDAQ:GSM – Get Free Report) and NexGen Energy (NYSE:NXE – Get Free Report) are both basic materials companies, but which is the superior business? We will compare the two companies based on the strength of their analyst recommendations, profitab…",https://www.etfdailynews.com/2025/09/11/reviewing-ferroglobe-nasdaqgsm-and-nexgen-energy-nysenxe/,https://www.americanbankingnews.com/wp-content/timthumb/timthumb.php?src=https://www.marketbeat.com/logos/nexgen-energy-ltd-logo-1200x675.png?v=20240426110617&w=240&h=240&zc=2,2025-09-11T06:11:03Z,"Ferroglobe (NASDAQ:GSM – Get Free Report) and NexGen Energy (NYSE:NXE – Get Free Report) are both basic materials companies, but which is the superior business? We will compare the two companies base… [+5228 chars]",health
"{'id': None, 'name': 'ETF Daily News'}",MarketBeat News,Brokerages Set Welltower Inc. (NYSE:WELL) Price Target at $175.00,"Shares of Welltower Inc. (NYSE:WELL – Get Free Report) have received an average recommendation of “Moderate Buy” from the ten ratings firms that are presently covering the stock, MarketBeat.com reports. One equities research analyst has rated the stock with a…",https://www.etfdailynews.com/2025/09/11/brokerages-set-welltower-inc-nysewell-price-target-at-175-00/,https://www.americanbankingnews.com/wp-content/timthumb/timthumb.php?src=https://www.marketbeat.com/logos/welltower-inc-logo-1200x675.png?v=20250307145305&w=240&h=240&zc=2,2025-09-11T06:10:52Z,"Shares of Welltower Inc. (NYSE:WELL – Get Free Report) have received an average recommendation of “Moderate Buy” from the ten ratings firms that are presently covering the stock, MarketBeat.com repor… [+5561 chars]",health
"{'id': None, 'name': 'Yahoo Entertainment'}",SAMY MAGDY and JOSEPH KRAUSS,Strike on Qatar shows limits of Israel's elusive quest to vanquish Hamas,Israel's attack on Hamas' top leaders as they weighed a new ceasefire proposal in Qatar was the latest in a series of shocking and unprecedented measures it ...,https://www.yahoo.com/news/articles/strike-qatar-shows-limits-israels-061025792.html,https://s.yimg.com/ny/api/res/1.2/xh.0OC2P7loLLhnscFNn5g--/YXBwaWQ9aGlnaGxhbmRlcjt3PTEyMDA7aD04MDA7Y2Y9d2VicA--/https://media.zenfs.com/en/ap.org/247194e2212e8c002bf8e80930376aa9,2025-09-11T06:10:25Z,Israel's attack on Hamas' top leaders as they weighed a new ceasefire proposal in Qatar was the latest in a series of shocking and unprecedented measures it has taken to vanquish the militant group a… [+6592 chars],health
"{'id': None, 'name': 'Thefutoncritic.com'}",,"Apple TV+ Announces Season Two for Award-Winning Series ""Berlin ER""","The gritty, German Television Award Best Drama winner is created by former emergency room physician turned screenwriter Samuel Jefferson, and stars Haley Louise Jones and Slavko Popadic.",http://www.thefutoncritic.com/news/2025/09/11/apple-tvplus-announces-season-two-for-award-winning-series-berlin-er-326411/20250911apple01/,,2025-09-11T06:09:00Z,"Apple TV+ announces season two for award-winning series ""Berlin ER,"" starring Haley Louise Jones and Slavko Popadi
Season two of the German Television Award Best Drama Series winner hails from Viole… [+4369 chars]",health
"{'id': None, 'name': 'Iasbaba.com'}",IASbaba,DAILY CURRENT AFFAIRS IAS | UPSC Prelims and Mains Exam – 11th September – 2025,"rchives (PRELIMS  Focus) (MAINS Focus)
The post DAILY CURRENT AFFAIRS IAS | UPSC Prelims and Mains Exam – 11th September – 2025 appeared first on IASbaba.",https://iasbaba.com/2025/09/daily-current-affairs-ias-upsc-prelims-and-mains-exam-11th-september-2025/,,2025-09-11T06:07:19Z,"Introduction (Context)
The primary sector in India provides employment to 44 per cent of the labour force while contributing less than 20 per cent to the countrys GDP. Agricultures share in employme… [+6268 chars]",health
"{'id': 'bbc-news', 'name': 'BBC News'}",Julian O'neill,Troubles victims' mental health 'destroyed' by pension payments delay,"The scheme has received 11,800 applications and paid out on 1,700, at a total of £107m.",https://www.bbc.co.uk/news/articles/c24r75v27lno,https://ichef.bbci.co.uk/ace/branded_news/1200/cpsprodpb/419c/live/debf1140-8e35-11f0-8bfd-43c7ca883cc7.jpg,2025-09-11T06:02:40Z,"Mr Bunting lost a leg when an IRA bomb planted under his taxi exploded in Belfast in 1991.
He was among those who fought a long-running campaign for the Troubles Permanent Disablement Scheme to be i… [+1082 chars]",health
"{'id': 'the-times-of-india', 'name': 'The Times of India'}",ET Online,"Work for 12 hours, get three days off, and night shifts for women: What's in the new Gujarat Factories Act","The Gujarat Assembly approved the Factories (Gujarat Amendment) Bill, 2025. It increases the daily work limit for factory employees to 12 hours. The weekly cap remains at 48 hours. Industries Minister Balvantsinh Rajput said this will boost investment and cre…",https://economictimes.indiatimes.com/news/india/work-for-12-hours-get-three-days-off-and-night-shifts-for-women-whats-in-the-new-gujarat-factories-act/articleshow/123823413.cms,"https://img.etimg.com/thumb/msid-123823654,width-1200,height-630,imgsize-348666,overlay-economictimes/articleshow.jpg",2025-09-11T06:02:28Z,"The Gujarat Assembly on Wednesday passed the Factories (Gujarat Amendment) Bill, 2025, a significant change to the Factories Act, 1948, that could reshape the states industrial workforce. The bill, s… [+3247 chars]",health
"{'id': None, 'name': 'Geeky Gadgets'}",Roland Hutchinson,iOS 26 RC: Everything Apple Perfected for the Final Version,"Apple has officially unveiled the iOS 26 Release Candidate (RC), signaling the final stage before its public launch on September 15, 2025. This update introduces a variety of new features and refinements, spanning health monitoring, fitness tracking, customiz…",https://www.geeky-gadgets.com/ios-26-rc-4/,https://www.geeky-gadgets.com/wp-content/uploads/2025/09/ios-26-health-monitoring-sleep-score_optimized.jpg,2025-09-11T06:00:47Z,"Apple has officially unveiled the iOS 26 Release Candidate (RC), signaling the final stage before its public launch on September 15, 2025. This update introduces a variety of new features and refinem… [+5660 chars]",health
"{'id': None, 'name': 'Naturalnews.com'}",Patrick Lewis,Israel issues mass evacuation order for Gaza in preparation for major ground offensive,"On September 9, 2025, the Israeli military ordered a total evacuation of nearly one million civilians in Gaza in preparation for a major ground offensive against Hamas’ last stronghold. Israeli Prime Minister Benjamin Netanyahu emphasized the urgency, heighte…",https://www.naturalnews.com/2025-09-11-israel-issues-mass-evacuation-order-for-gaza.html,https://www.naturalnews.com/wp-content/uploads/sites/91/2025/09/Tents-Palestine-Refuge-Gaza-Strip.jpg,2025-09-11T06:00:00Z,"<ul><li>On September 9, 2025, the Israeli military ordered a total evacuation of nearly one million civilians in Gaza in preparation for a major ground offensive against Hamas' last stronghold. Israe… [+5200 chars]",health
"{'id': None, 'name': 'Naturalnews.com'}",Ramon Tomey,Reexamining the global warming narrative: Insights from “The Satanic Gases” by Patrick J. Michaels and Robert C. Balling Jr.,"Patrick J. Michaels and Robert C. Balling Jr. argue in “The Satanic Gases” that mainstream panic over global warming is politically motivated rather than scientifically sound, criticizing figures like Al Gore for exploiting extreme weather events for politica…",https://www.naturalnews.com/2025-09-11-the-satanic-gases-patrick-michaels-robert-balling.html,https://www.naturalnews.com/wp-content/uploads/sites/91/2025/09/Co2-Greenhouse-Gas-Global-Warming.jpg,2025-09-11T06:00:00Z,"<ul><li>Patrick J. Michaels and Robert C. Balling Jr. argue in ""The Satanic Gases"" that mainstream panic over global warming is politically motivated rather than scientifically sound, criticizing fig… [+4584 chars]",health
"{'id': None, 'name': 'Naturalnews.com'}",S.D. Wells,TOXIC ARTIFICIAL SWEETENERS 101: Theyâre everywhere so avoid them like the plague,Got anxiety? It’s probably the genetically mutated artificial sweetener in your “diet” food and beverage junk science stuff. Did you know aspartame is made from the waste of E. coli and contains venom peptides from wasps? That’s why it attacks the central ner…,https://www.naturalnews.com/2025-09-11-toxic-artificial-sweeteners-101-theyre-everywhere.html,https://www.naturalnews.com/wp-content/uploads/sites/91/2025/09/soda-girl.jpg,2025-09-11T06:00:00Z,Got anxiety? Its probably the genetically mutated artificial sweetener in your diet food and beverage junk science stuff. Did you know aspartame is made from the waste of E. coli and contains venom p… [+5039 chars],health
"{'id': None, 'name': 'Naturalnews.com'}",Zoey Sky,Israel’s strike on Qatar shatters illusion of U.S. security guarantees,"A recent Israeli airstrike in Doha, Qatar, that targeted Hamas leaders has severely damaged the credibility of the United States’ security guarantee to its Gulf allies. The fundamental promise that hosting U.S. bases would protect them from foreign attack has…",https://www.naturalnews.com/2025-09-11-israel-strike-qatar-shatters-us-security-guarantees.html,https://www.naturalnews.com/wp-content/uploads/sites/91/2025/09/Israel-Map.jpg,2025-09-11T06:00:00Z,"<ul><li>A recent Israeli airstrike in Doha, Qatar, that targeted Hamas leaders has severely damaged the credibility of the United States' security guarantee to its Gulf allies. The fundamental promis… [+7410 chars]",health
"{'id': None, 'name': 'Naturalnews.com'}",Kevin Hughes,Health Ranger Report: Sean Cohen on dopamine levels and elevating the mind and body naturally,"Dopamine is a crucial neurotransmitter for motivation, reward, pleasure, movement and mood. It requires nutrients (B6, C, B3, copper, iron) and is disrupted by synthetic drugs and toxic lifestyles. Chemical toxins (pesticides, fluoride), poor diet, chronic st…",https://www.naturalnews.com/2025-09-11-sean-cohen-dopamine-levels-elevating-mind-body.html,https://www.naturalnews.com/wp-content/uploads/sites/91/2025/09/dopamine-stock-photo-1.jpg,2025-09-11T06:00:00Z,"<ul><li>Dopamine is a crucial neurotransmitter for motivation, reward, pleasure, movement and mood. It requires nutrients (B6, C, B3, copper, iron) and is disrupted by synthetic drugs and toxic lifes… [+7238 chars]",health
"{'id': None, 'name': 'Naturalnews.com'}",Ava Grace,Panama’s vanishing ocean lifeline signals a broader climate crisis,"A critical ocean upwelling event in the Gulf of Panama has failed for the first time in at least 40 years. This seasonal process, which brings cold, nutrient-rich water to the surface, did not occur in early 2025. The immediate cause was a dramatic and unusua…",https://www.naturalnews.com/2025-09-11-panama-vanishing-ocean-lifeline-signals-climate-crisis.html,https://www.naturalnews.com/wp-content/uploads/sites/91/2025/09/climate-change-and-dying-Earth-1.jpeg,2025-09-11T06:00:00Z,"<ul><li>A critical ocean upwelling event in the Gulf of Panama has failed for the first time in at least 40 years. This seasonal process, which brings cold, nutrient-rich water to the surface, did no… [+6381 chars]",health
"{'id': None, 'name': 'Naturalnews.com'}",HRS Editors,Quinoa: The tiny grain that powers busy lives,"Quinoa is a nutritional powerhouse. It is a complete protein, which is rare for a plant-based food. It’s also packed with fiber, antioxidants and vital minerals. Quinoa can support healthy energy production by acting as a prebiotic. It is also naturally glute…",https://www.naturalnews.com/2025-09-11-quinoa-grain-busy-lives-breakfast-to-dinner.html,https://www.naturalnews.com/wp-content/uploads/sites/91/2025/09/Quinoa-Shrimp-Parsley-2.jpg,2025-09-11T06:00:00Z,"<ul><li>Quinoa is a nutritional powerhouse. It is a complete protein, which is rare for a plant-based food. It's also packed with fiber, antioxidants and vital minerals.</li><li>Quinoa can support he… [+8981 chars]",health
"{'id': None, 'name': 'Naturalnews.com'}",Willow Tohi,New MAHA plan aims to tackle childhood health crisis with over 120 initiatives,"Federal plan pledges over 120 initiatives to combat childhood chronic diseases, emphasizing diet, chemicals, vaccine safety and pesticide regulation. NIH launches a program to investigate vaccine-linked injuries, aligning with Kennedy’s focus on transparency …",https://www.naturalnews.com/2025-09-11-new-maha-plan-to-tackle-childhood-health-crisis.html,https://www.naturalnews.com/wp-content/uploads/sites/91/2025/09/RFK-jr-ace2-covid-ethnicity.png,2025-09-11T06:00:00Z,"<ul><li>Federal plan pledges over 120 initiatives to combat childhood chronic diseases, emphasizing diet, chemicals, vaccine safety and pesticide regulation.</li><li>NIH launches a program to investi… [+5779 chars]",health
"{'id': None, 'name': 'Naturalnews.com'}",Lance D Johnson,"Blood, grief, and broken promises: How the rush for RSV vaccines left mothers and babies in the crossfire","The room was quiet except for the steady beep of monitors and the muffled sobs of a mother cradling her stillborn child. Outside the hospital walls, public health officials were celebrating a new triumph — another vaccine rolled out, another promise of protec…",https://www.naturalnews.com/2025-09-11-rush-rsv-vaccines-mothers-babies-in-crossfire.html,https://www.naturalnews.com/wp-content/uploads/sites/91/2025/09/Pregnant-Stomach-Vaccine-Syringe.jpg,2025-09-11T06:00:00Z,"The room was quiet except for the steady beep of monitors and the muffled sobs of a mother cradling her stillborn child. Outside the hospital walls, public health officials were celebrating a new tri… [+7540 chars]",health
"{'id': None, 'name': 'Naturalnews.com'}",Lance D Johnson,Elderberries improve metabolism and regulate blood sugar in latest research,"What if the key to balancing blood sugar, torching stubborn fat, and even fortifying your body against winter’s worst viruses wasn’t locked in a pharmaceutical lab—but growing wild in hedgerows, waiting to be plucked? Elderberry, the unassuming fruit long dis…",https://www.naturalnews.com/2025-09-11-elderberries-improve-metabolism-and-regulate-blood-sugar-in-latest-research.html,https://www.naturalnews.com/wp-content/uploads/sites/91/2025/09/Bio-Blue-Diet-Eco-Elder-Berry-Elderberry.jpg,2025-09-11T06:00:00Z,"What if the key to balancing blood sugar, torching stubborn fat, and even fortifying your body against winters worst viruses wasnt locked in a pharmaceutical labbut growing wild in hedgerows, waiting… [+8489 chars]",health
"{'id': None, 'name': 'Naturalnews.com'}",Kevin Hughes,MAHA Commission unveils comprehensive plan to combat childhood chronic diseases,"The MAHA Commission, led by RFK Jr., released a 20-page plan with 120+ initiatives targeting childhood chronic illnesses through nutrition, chemical exposure reduction, physical activity and medical reform. It showcases a five-pronged approach – restoring sci…",https://www.naturalnews.com/2025-09-11-maha-commission-plan-combat-childhood-chronic-diseases.html,https://www.naturalnews.com/wp-content/uploads/sites/91/2025/09/Donald-Trump-Robert-F-Kennedy-Jr-Cheryl-Hines-White-House-Maga-Maha.jpg,2025-09-11T06:00:00Z,"<ul><li>The MAHA Commission, led by RFK Jr., released a 20-page plan with 120+ initiatives targeting childhood chronic illnesses through nutrition, chemical exposure reduction, physical activity and … [+8502 chars]",health
"{'id': None, 'name': 'Naturalnews.com'}",Ava Grace,The silent guardian: How a mighty Lignan in flaxseed fights disease,"Secoisolariciresinol (SECO) is an inactive plant lignan consumed in foods. Its health benefits are unlocked when gut microbes metabolize it into the biologically active mammalian lignans, enterodiol and enterolactone. It functions as a phytoestrogen to suppor…",https://www.naturalnews.com/2025-09-11-how-mighty-lignan-in-flaxseed-fights-disease.html,https://www.naturalnews.com/wp-content/uploads/sites/91/2025/09/Flaxseed.jpg,2025-09-11T06:00:00Z,"<ul><li>Secoisolariciresinol (SECO) is an inactive plant lignan consumed in foods. Its health benefits are unlocked when gut microbes metabolize it into the biologically active mammalian lignans, ent… [+8234 chars]",health
"{'id': None, 'name': 'Naturalnews.com'}",Finn Heartley,"Charlie Kirk assassination sparks fears of civil war as conservatives blame deep state, Mossad","Assassination Details: Conservative commentator Charlie Kirk was fatally shot during a Utah university event—a precision hit from 200 yards that bypassed his body armor, severing his carotid artery. Eyewitnesses suspect intelligence agency involvement (CIA/Mo…",https://www.naturalnews.com/2025-09-11-charlie-kirk-assassination-sparks-fears-of-civil-war.html,https://www.naturalnews.com/wp-content/uploads/sites/91/2025/09/2025-09-11-BBN-Assassination-of-Charlie-Kirk.jpg,2025-09-11T06:00:00Z,"<ul><li>Assassination Details: Conservative commentator Charlie Kirk was fatally shot during a Utah university eventa precision hit from 200 yards that bypassed his body armor, severing his carotid a… [+4632 chars]",health
"{'id': None, 'name': 'Naturalnews.com'}",Ava Grace,"Silent and deadly: Soaring kidney deaths linked to unchecked blood pressure, critical health system failings","Mortality rates have surged dramatically. Deaths from hypertensive kidney disease have increased by nearly 50 percent over the past 25 years, representing a significant and preventable public health crisis. The disease is a direct result of uncontrolled high …",https://www.naturalnews.com/2025-09-11-kidney-deaths-linked-to-unchecked-blood-pressure.html,https://www.naturalnews.com/wp-content/uploads/sites/91/2025/09/Kidneys-pain-1.jpeg,2025-09-11T06:00:00Z,"<ul><li>Mortality rates have surged dramatically. Deaths from hypertensive kidney disease have increased by nearly 50 percent over the past 25 years, representing a significant and preventable public… [+6167 chars]",health
"{'id': None, 'name': 'Naturalnews.com'}",S.D. Wells,Long-acting birth control INJECTION on the chopping block for link to BRAIN TUMORS,"Welcome to the chronic sick care nation, where the quack MD prescribe junk science “medicine” that causes worse problems than the issue being addressed. While Americans are told to eat whatever they want by the medical quacks, then given a pill or injection f…",https://www.naturalnews.com/2025-09-11-birth-control-injection-linked-to-brain-tumors.html,https://www.naturalnews.com/wp-content/uploads/sites/91/2025/09/Woman-Pregnant-Ultrasound-Picture-Stomach.jpg,2025-09-11T06:00:00Z,"Welcome to the chronic sick care nation, where the quack MD prescribe junk science medicine that causes worse problems than the issue being addressed. While Americans are told to eat whatever they wa… [+4649 chars]",health
"{'id': None, 'name': 'Naturalnews.com'}",Ramon Tomey,Spain moves to BAN outdoor smoking nationwide,"Spain plans to prohibit smoking and vaping in all outdoor public spaces – beaches, terraces, stadiums and bus stops – expanding far beyond its 2011 indoor restrictions. The government cites 50,000+ annual smoking-related deaths and toxic outdoor smoke polluti…",https://www.naturalnews.com/2025-09-11-spain-moves-to-ban-outdoor-smoking-nationwide.html,https://www.naturalnews.com/wp-content/uploads/sites/91/2025/09/Smoking-Cigarette-Tobacco.jpg,2025-09-11T06:00:00Z,"<ul><li>Spain plans to prohibit smoking and vaping in all outdoor public spaces beaches, terraces, stadiums and bus stops expanding far beyond its 2011 indoor restrictions.</li><li>The government cit… [+4847 chars]",health
"{'id': None, 'name': 'Economictimes.com'}",Others,"""No dinner after 7 and life changes for better""— famous gastroenterologist Dr. Pal stopped eating after 7 pm","Finishing dinner before 7 PM, as recommended by Dr. Pal, aligns eating with the body’s circadian rhythm. He says it improves digestion and energy balance naturally. This practice is gaining attention among Indian doctors as a non-restrictive lifestyle habit f…",https://m.economictimes.com/news/india/no-dinner-after-7-and-life-changes-for-better-famous-gastroenterologist-dr-pal-stopped-eating-after-7-pm/a-simple-habit-that-changes-everything/slideshow/123823371.cms,"https://img.etimg.com/thumb/msid-123823371,width-1070,height-580,overlay-economictimes/slideshow.jpg",2025-09-11T05:58:23Z,"Sep 11, 2025, 11:29:44 AM IST
Finishing dinner before 7 PM, as recommended by Dr. Pal, aligns eating with the body’s circadian rhythm. He says it improves digestion and energy balance naturally. Thi… [+2356 chars]",health
"{'id': None, 'name': 'Taxresearch.org.uk'}",Richard Murphy,Obesity and our national health and economic crises,"As UNICEF (the United Nations International Children's Emergency Fund) reported yesterday that:
Obesity surpassed underweight as the more prevalent form of malnutrition this year, affecting 1 in 10 – or 188 million – school-aged children and adolescents, and…",https://www.taxresearch.org.uk/Blog/2025/09/11/obesity-and-our-national-health-and-economic-crises/,https://www.taxresearch.org.uk/Blog/facebook-thumbnail.png,2025-09-11T05:57:43Z,"As UNICEF (the United Nations International Children's Emergency Fund) reported yesterday that:
Obesity surpassed underweight as the more prevalent form of malnutrition this year, affecting 1 in 10 … [+4542 chars]",health
"{'id': 'the-times-of-india', 'name': 'The Times of India'}",ET Online,From multitasking to not drinking enough water: Dr Pal shares 10 everyday habits that is harming your brain,"Dr. Pal highlights overlooked daily habits detrimental to brain health, including poor sleep, prolonged sitting, multitasking, and unhealthy diets. Chronic stress, social isolation, and loud music also contribute to cognitive decline. Neurologist Dr. Kumar su…",https://economictimes.indiatimes.com/magazines/panache/from-multitasking-to-not-drinking-enough-water-dr-pal-shares-10-everyday-habits-that-is-harming-your-brain/articleshow/123821599.cms,"https://img.etimg.com/thumb/msid-123823290,width-1200,height-630,imgsize-48358,overlay-etpanache/articleshow.jpg",2025-09-11T05:56:02Z,"Dr. Pal highlights overlooked daily habits detrimental to brain health, including poor sleep, prolonged sitting, multitasking, and unhealthy diets. Chronic stress, social isolation, and loud music al… [+217 chars]",health
"{'id': None, 'name': 'ETF Daily News'}",MarketBeat News,Wolters Kluwer (OTCMKTS:WTKWY) Upgraded at Sanford C. Bernstein,"Sanford C. Bernstein upgraded shares of Wolters Kluwer (OTCMKTS:WTKWY – Free Report) from a hold rating to an outperform rating in a research note issued to investors on Monday morning, Marketbeat Ratings reports. Wolters Kluwer Price Performance WTKWY opened…",https://www.etfdailynews.com/2025/09/11/wolters-kluwer-otcmktswtkwy-upgraded-at-sanford-c-bernstein/,https://www.americanbankingnews.com/wp-content/timthumb/timthumb.php?src=https://www.marketbeat.com/logos/wolters-kluwer-logo.png&w=240&h=240&zc=2,2025-09-11T05:54:53Z,"Sanford C. Bernstein upgraded shares of Wolters Kluwer (OTCMKTS:WTKWY – Free Report) from a hold rating to an outperform rating in a research note issued to investors on Monday morning, Marketbeat Ra… [+1374 chars]",health
"{'id': 'the-times-of-india', 'name': 'The Times of India'}",Trending Desk,Apple Watch Series 11: What improves and what remains same as Watch Series 10?,"The Apple Watch Series 11 succeeds the Series 10 with notable upgrades, including extended battery life up to 24 hours and 5G connectivity. Enhanced health features like hypertension alerts and improved sleep tracking are introduced. While maintaining similar…",https://economictimes.indiatimes.com/news/new-updates/apple-watch-series-11-what-improves-and-what-remains-same-as-watch-series-10/articleshow/123823029.cms,"https://img.etimg.com/thumb/msid-123823279,width-1200,height-630,imgsize-21882,overlay-economictimes/articleshow.jpg",2025-09-11T05:54:48Z,"Apple unveiled the Apple Watch Series 11, which will succeed the Watch Series 10, which was launched in 2024. The new watch brings many upgrades, while some features have also remain the same. 
Appl… [+1943 chars]",health
"{'id': 'the-times-of-india', 'name': 'The Times of India'}",Reuters,"With little aid, Afghanistan's quakes spell 'inter-generational' crisis","Devastating earthquakes in eastern Afghanistan have destroyed homes and livestock, leaving thousands homeless and exacerbating an already dire economic situation. With over 2,200 fatalities and hundreds of thousands affected, survivors face dwindling aid and …",https://economictimes.indiatimes.com/news/international/world-news/update-1-with-little-aid-afghanistans-quakes-spell-inter-generational-crisis/articleshow/123823280.cms,"https://img.etimg.com/thumb/msid-123823318,width-1200,height-630,imgsize-307710,overlay-economictimes/articleshow.jpg",2025-09-11T05:54:34Z,"Earthquakes that flattened villages in eastern Afghanistan this month destroyed homes and livestock, the only assets owned by most families, leaving survivors with almost nothing to rebuild as aid ru… [+3586 chars]",health
"{'id': 'the-times-of-india', 'name': 'The Times of India'}",PTI,Glacier retreat in Arunachal's Mago Chu basin poses flood risk: Scientist,"A study reveals alarming glacier retreat in Arunachal Pradesh's Mago Chu basin, a critical Brahmaputra headwater. Glaciers have shrunk by 28.5% since 1988, with some losing nearly 50% of their ice. This rapid melting, coupled with declining rainfall and expan…",https://economictimes.indiatimes.com/news/india/glacier-retreat-in-arunachals-mago-chu-basin-poses-flood-risk-scientist/articleshow/123823255.cms,"https://img.etimg.com/thumb/msid-123823462,width-1200,height-630,imgsize-391392,overlay-economictimes/articleshow.jpg",2025-09-11T05:53:10Z,"A new study has found evidence of rapid glacier retreat, expanding high-altitude lakes and enhancing flood risk in the Mago Chu sub-basin of western Arunachal Pradesh, one of the most ecologically si… [+4368 chars]",health
"{'id': 'abc-news', 'name': 'ABC News'}","MICHAEL R. SISAK Associated Press, LARRY NEUMEISTER Associated Press",Wife of ex-Sen. Bob Menendez set to be sentenced for role in bribery scheme,The wife of former U.S. Sen. Bob Menendez is set to be sentenced for her role in a bribery scheme that sent the once-influential Democrat to prison,https://abcnews.go.com/US/wireStory/wife-sen-bob-menendez-set-sentenced-role-bribery-125468168,https://i.abcnewsfe.com/a/0a5d0b91-57b9-4cb8-abf6-2b513f7d35bb/wirestory_04f87a7e5eea1d9afb8da1b00067f77a_16x9.jpg?w=1600,2025-09-11T05:53:08Z,"NEW YORK -- The wife of former U.S. Sen. Bob Menendez is set to be sentenced Thursday after she was convicted of selling her husband's influence for bribes of cash and gold bars.
Nadine Menendez, 58… [+1644 chars]",health
"{'id': 'rte', 'name': 'RTE'}",RTÉ Sport,World road events moved amid sweltering Tokyo heat,Concerns over athlete welfare under sweltering conditions in Tokyo have forced World Athletics Championships organisers to start road events earlier than initially planned.,https://www.rte.ie/sport/athletics/2025/0911/1532889-world-road-events-moved-amid-sweltering-tokyo-heat/,https://www.rte.ie/images/0023273b-1600.jpg,2025-09-11T05:51:11Z,"Concerns over athlete welfare under sweltering conditions in Tokyo have forced World Athletics Championships organisers to start road events earlier than initially planned.
The temperature in the Ja… [+987 chars]",health
"{'id': 'abc-news', 'name': 'ABC News'}",JOSEPH FALZETTA Associated Press,"As fighting escalates, kidnappings of aid workers surge in South Sudan","The number of aid workers kidnapped in South Sudan has more than doubled this year, according to two senior humanitarian officials working for international groups",https://abcnews.go.com/International/wireStory/fighting-escalates-kidnappings-aid-workers-surge-south-sudan-125468348,https://i.abcnewsfe.com/a/acd1159d-e81f-47b8-b21b-ddf9df41d86f/wirestory_1ca1ee05281c828dc9993b7e6bd9f03f_16x9.jpg?w=1600,2025-09-11T05:47:59Z,"NAIROBI, Kenya -- The number of aid workers kidnapped in South Sudan has more than doubled this year, according to two senior humanitarian officials working for international groups.
Aid agencies ar… [+5752 chars]",health
"{'id': None, 'name': 'ETF Daily News'}",MarketBeat News,Head-To-Head Contrast: Yuanbao (NASDAQ:YB) versus Prudential Financial (NYSE:PRU),"Yuanbao (NASDAQ:YB – Get Free Report) and Prudential Financial (NYSE:PRU – Get Free Report) are both finance companies, but which is the superior stock? We will contrast the two companies based on the strength of their profitability, analyst recommendations, …",https://www.etfdailynews.com/2025/09/11/head-to-head-contrast-yuanbao-nasdaqyb-versus-prudential-financial-nysepru/,https://www.americanbankingnews.com/wp-content/timthumb/timthumb.php?src=https://www.marketbeat.com/logos/prudential-financial-inc-logo-1200x675.jpg&w=240&h=240&zc=2,2025-09-11T05:47:04Z,"Yuanbao (NASDAQ:YB – Get Free Report) and Prudential Financial (NYSE:PRU – Get Free Report) are both finance companies, but which is the superior stock? We will contrast the two companies based on th… [+7057 chars]",health
"{'id': None, 'name': 'ETF Daily News'}",MarketBeat News,Aflac Incorporated (NYSE:AFL) Receives $109.15 Consensus Target Price from Brokerages,"Aflac Incorporated (NYSE:AFL – Get Free Report) has been assigned an average rating of “Hold” from the thirteen ratings firms that are covering the firm, MarketBeat Ratings reports. Two investment analysts have rated the stock with a sell recommendation, eigh…",https://www.etfdailynews.com/2025/09/11/aflac-incorporated-nyseafl-receives-109-15-consensus-target-price-from-brokerages/,https://www.americanbankingnews.com/wp-content/timthumb/timthumb.php?src=https://www.marketbeat.com/logos/aflac-logo-1200x675.jpg&w=240&h=240&zc=2,2025-09-11T05:46:55Z,"Aflac Incorporated (NYSE:AFL – Get Free Report) has been assigned an average rating of “Hold” from the thirteen ratings firms that are covering the firm, MarketBeat Ratings reports. Two investment an… [+5813 chars]",health
"{'id': None, 'name': 'ScienceAlert'}",AFP,Clinical Trial To Transform Alzheimer's Diagnosis Launched in UK,"UK researchers on Wednesday announced the trial of a blood test for Alzheimer's, which it is hoped will transform the diagnosis of the disease.",https://www.sciencealert.com/clinical-trial-to-transform-alzheimers-diagnosis-launched-in-uk,https://www.sciencealert.com/images/2021-11/processed/AlzheimersDiseaseAmyloidPlaque_1024.jpg,2025-09-11T05:46:10Z,"UK researchers on Wednesday announced the trial of a blood test for Alzheimer's, which it is hoped will transform the diagnosis of the disease.
Researchers at University College London (UCL) will as… [+1979 chars]",health
"{'id': 'abc-news-au', 'name': 'ABC News (AU)'}","Christopher Testa, Adam Stephen, and Meghan Dansie",Bali travellers urged to get vaccinated amid new measles outbreak,Health officials in Cairns have published a list of potential measles exposure sites after a locally acquired case of the illness.,https://www.abc.net.au/news/2025-09-11/measles-outbreak-declared-in-cairns/105762482,https://live-production.wcms.abc-cdn.net.au/0ac30a1e7177133e778962e1fde35700?impolicy=wcms_watermark_news&cropH=2813&cropW=5000&xPos=0&yPos=295&width=862&height=485&imformat=generic,2025-09-11T05:45:15Z,"Health officials are urging travellers to south-east Asia to be vaccinated against measles as an outbreak is declared in Far North Queensland.
Further cases of measles are expected in Cairns.
The c… [+4404 chars]",health
"{'id': None, 'name': 'ETF Daily News'}",MarketBeat News,Top Solar Stocks To Watch Now – September 9th,"Tesla, Berkshire Hathaway, and GE Vernova are the three Solar stocks to watch today, according to MarketBeat’s stock screener tool. Solar stocks are shares of publicly traded companies engaged in the development, manufacturing, installation, or operation of s…",https://www.etfdailynews.com/2025/09/11/top-solar-stocks-to-watch-now-september-9th/,https://www.americanbankingnews.com/wp-content/timthumb/timthumb.php?src=https://www.marketbeat.com/logos/tesla-inc-logo-1200x675.png?v=20221020135629&w=240&h=240&zc=2,2025-09-11T05:44:53Z,"Tesla, Berkshire Hathaway, and GE Vernova are the three Solar stocks to watch today, according to MarketBeat’s stock screener tool. Solar stocks are shares of publicly traded companies engaged in the… [+2096 chars]",health
"{'id': None, 'name': 'ETF Daily News'}",MarketBeat News,Outdoor Stocks To Watch Today – September 9th,"Walmart, Lowe’s Companies, Affirm, Kroger, and Five Below are the five Outdoor stocks to watch today, according to MarketBeat’s stock screener tool. Outdoor stocks are shares of publicly traded companies that design, manufacture or retail equipment, apparel a…",https://www.etfdailynews.com/2025/09/11/outdoor-stocks-to-watch-today-september-9th/,https://www.americanbankingnews.com/wp-content/timthumb/timthumb.php?src=https://www.marketbeat.com/logos/wmt_logo_2-1200x675.JPG&w=240&h=240&zc=2,2025-09-11T05:44:52Z,"Walmart, Lowe’s Companies, Affirm, Kroger, and Five Below are the five Outdoor stocks to watch today, according to MarketBeat’s stock screener tool. Outdoor stocks are shares of publicly traded compa… [+3333 chars]",health
"{'id': None, 'name': 'ETF Daily News'}",MarketBeat News,Top Electric Vehicle Stocks To Research – September 9th,"Tesla, Baidu, Samsara, QuantumScape, Rivian Automotive, NIO, and Shell are the seven Electric Vehicle stocks to watch today, according to MarketBeat’s stock screener tool. Electric vehicle (EV) stocks are shares of publicly traded companies whose primary busi…",https://www.etfdailynews.com/2025/09/11/top-electric-vehicle-stocks-to-research-september-9th/,https://www.americanbankingnews.com/wp-content/timthumb/timthumb.php?src=https://www.marketbeat.com/logos/tesla-inc-logo-1200x675.png?v=20221020135629&w=240&h=240&zc=2,2025-09-11T05:44:52Z,"Tesla, Baidu, Samsara, QuantumScape, Rivian Automotive, NIO, and Shell are the seven Electric Vehicle stocks to watch today, according to MarketBeat’s stock screener tool. Electric vehicle (EV) stock… [+4006 chars]",health
"{'id': None, 'name': 'ETF Daily News'}",MarketBeat News,Promising Retail Stocks To Follow Now – September 9th,"Tesla, UnitedHealth Group, Apple, Alibaba Group, Microsoft, Amazon.com, and Micron Technology are the seven Retail stocks to watch today, according to MarketBeat’s stock screener tool. Retail stocks are shares of publicly traded companies whose primary busine…",https://www.etfdailynews.com/2025/09/11/promising-retail-stocks-to-follow-now-september-9th/,https://www.americanbankingnews.com/wp-content/timthumb/timthumb.php?src=https://www.marketbeat.com/logos/tesla-inc-logo-1200x675.png?v=20221020135629&w=240&h=240&zc=2,2025-09-11T05:44:50Z,"Tesla, UnitedHealth Group, Apple, Alibaba Group, Microsoft, Amazon.com, and Micron Technology are the seven Retail stocks to watch today, according to MarketBeat’s stock screener tool. Retail stocks … [+4653 chars]",health
"{'id': None, 'name': 'NPR'}",The Associated Press,U.S. marks 24th anniversary of 9/11 terror attacks,"Many loved ones of the nearly 3,000 people killed will join dignitaries and politicians at commemorations Thursday in New York, at the Pentagon and in Shanksville, Pennsylvania.",https://www.npr.org/2025/09/11/nx-s1-5537731/anniversary-911-terror-attacks,https://npr.brightspotcdn.com/dims3/default/strip/false/crop/4032x2268+0+210/resize/1400/quality/100/format/jpeg/?url=http%3A%2F%2Fnpr-brightspot.s3.amazonaws.com%2Fe1%2Fbd%2Fa528d4974cc9a49e9de0727d7a59%2Fap25253701476796.jpg,2025-09-11T05:40:44Z,"NEW YORK Americans are marking 24 years since the Sept. 11, 2001, attacks with solemn ceremonies, volunteer work and other tributes honoring the victims.
Many loved ones of the nearly 3,000 people k… [+4502 chars]",health
"{'id': None, 'name': 'BBC News'}",Harry Poole,Road race start times moved because of Tokyo heat,The marathon and race walk events at the World Athletics Championships in Tokyo will start 30 minutes earlier than scheduled because of heat concerns.,https://www.bbc.com/sport/athletics/articles/cly0ek7p92po,https://ichef.bbci.co.uk/ace/branded_sport/1200/cpsprodpb/f584/live/dc70ea00-8ece-11f0-9efc-a905b6b9acad.jpg,2025-09-11T05:40:03Z,"World Athletics chief executive Jon Ridgeon said the organisation's health and science team had assured him the schedule change would make a ""significant difference to the athletes"".
Ridgeon added i… [+778 chars]",health
"{'id': 'the-times-of-india', 'name': 'The Times of India'}",Reuters,Ticket to the Arctic: Inside Russia's system of convict labour,Russia revives forced labour amid Ukraine war labour crisis. Convicts fill workforce gaps in harsh regions like Norilsk. Activist Yekaterina Fatyanova faces punishment in Norilsk for war censorship violation. The forced labour sentences increased fivefold bet…,https://economictimes.indiatimes.com/news/international/world-news/ticket-to-the-arctic-inside-russias-system-of-convict-labour/articleshow/123822988.cms,"https://img.etimg.com/thumb/msid-123823017,width-1200,height-630,imgsize-43898,overlay-economictimes/articleshow.jpg",2025-09-11T05:39:04Z,"It was a mild spring evening in the Russian city of Krasnoyarsk, but Yekaterina Fatyanova was scrambling to pack winter clothes.With just a few hours' notice, the Siberian activist and part-time news… [+10316 chars]",health
"{'id': None, 'name': 'Tazatimesnews.live'}",Tazatimes,Digestion : Tomatoes Have 5 Amazing Health Benefits,"Digestion : Tomatoes are commonly used in kitchens around the world, valued for their bright flavour and adaptability. But did you realise they're also full of health benefits?",https://tazatimesnews.live/digestion-tomatoes-have-5-benefits/,https://tazatimesnews.live/wp-content/uploads/2025/01/WhatsApp-Image-2025-01-19-at-1.25.22-PM-e1737273423240.jpeg,2025-09-11T05:35:04Z,"Digestion : Tomatoes are commonly used in kitchens around the world, valued for their bright flavour and adaptability. But did you realise they’re also full of health benefits?
<ol><li>High in Nutri… [+1830 chars]",health
"{'id': None, 'name': 'ETF Daily News'}",MarketBeat News,BrightSpring Health Services (NASDAQ:BTSG) Trading 7.4% Higher After Analyst Upgrade,"BrightSpring Health Services, Inc. (NASDAQ:BTSG – Get Free Report) rose 7.4% during mid-day trading on Wednesday after Bank of America raised their price target on the stock from $27.50 to $31.00. Bank of America currently has a buy rating on the stock. Brigh…",https://www.etfdailynews.com/2025/09/11/brightspring-health-services-nasdaqbtsg-trading-7-4-higher-after-analyst-upgrade/,https://www.americanbankingnews.com/wp-content/timthumb/timthumb.php?src=https://www.marketbeat.com/logos/brightspring-health-services-inc-logo-1200x675.png?v=20240206091927&w=240&h=240&zc=2,2025-09-11T05:34:44Z,"BrightSpring Health Services, Inc. (NASDAQ:BTSG – Get Free Report) rose 7.4% during mid-day trading on Wednesday after Bank of America raised their price target on the stock from $27.50 to $31.00. Ba… [+5519 chars]",health
"{'id': None, 'name': 'ETF Daily News'}",MarketBeat News,Chewy (NYSE:CHWY) Shares Gap Down Following Weak Earnings,"Shares of Chewy (NYSE:CHWY – Get Free Report) gapped down prior to trading on Wednesday following a weaker than expected earnings announcement. The stock had previously closed at $42.10, but opened at $37.11. Chewy shares last traded at $35.31, with a volume …",https://www.etfdailynews.com/2025/09/11/chewy-nysechwy-shares-gap-down-following-weak-earnings/,https://www.americanbankingnews.com/wp-content/timthumb/timthumb.php?src=https://www.marketbeat.com/logos/chewy-inc-logo-1200x675.png?v=20240306131142&w=240&h=240&zc=2,2025-09-11T05:33:48Z,"Shares of Chewy (NYSE:CHWY – Get Free Report) gapped down prior to trading on Wednesday following a weaker than expected earnings announcement. The stock had previously closed at $42.10, but opened a… [+5103 chars]",health
"{'id': None, 'name': 'CNBC'}",,CNBC's Inside India newsletter: What’s keeping the Indian middle class from driving an electric car?,"EV giants are making moves in India, driving old market players to learn new tricks, and the Indian middle class is left wondering: could my next SUV be electric?",https://www.cnbc.com/2025/09/11/cnbcs-inside-india-newsletter-whats-keeping-the-middle-class-from-driving-an-ev.html,https://image.cnbcfm.com/api/v1/image/108197285-1757562885936-gettyimages-2224572384-aditya-notitle250715_npOm3.jpeg?v=1757562929&w=1920&h=1080,2025-09-11T06:55:15Z,"Hello, I am Priyanka Salve, CNBC's senior correspondent for India, writing from Singapore. This week, I look at how global and local electric car makers are betting on the world's third-largest car m… [+9551 chars]",politics
"{'id': 'the-irish-times', 'name': 'The Irish Times'}",Keith Duggan,Charlie Kirk killing is the sickening latest episode in American political carnage,What the assassination of the Conservative activist signifies about where America is headed is frightening,https://www.irishtimes.com/world/us/2025/09/11/charlie-kirk-killing-is-the-sickening-latest-episode-in-american-political-carnage/,https://www.irishtimes.com/resizer/v2/2WHFBKDI32JVIOV2O6MPVETLKM.jpg?smart=true&auth=2c31c1e679514d3f026ecc5bd50548c1374388c08f1b6a13ef2b4e9c6506f766&width=1200&height=630,2025-09-11T06:53:05Z,"Our nation is broken, the governor of Utah, Spencer Cox, said on Tuesday evening as he addressed the sickening latest episode in American political carnage: the assassination of the conservative yout… [+8611 chars]",politics
"{'id': None, 'name': 'Digital Journal'}",AFP,‘Threat to democracy’: World reacts to killing of Trump ally Kirk,"World leaders warned on Wednesday of the harms of politically-motivated violence after the apparent assassination of right-wing activist and Trump ally Charlie Kirk. Kirk, a powerful voice in conservative politics at just 31 years old, was shot while speaking…",https://www.digitaljournal.com/world/threat-to-democracy-world-reacts-to-killing-of-trump-ally-kirk/article,https://www.digitaljournal.com/wp-content/uploads/2025/09/009351a95198f4bb9f14f6a79ff2b3e3f67ceed3-1.jpg,2025-09-11T06:47:21Z,"Prominent US influencer Charlie Kirk, an ally of Donald Trump, was gunned down in an apparent assassination in Utah, triggering condemnations from world leaders - Copyright AFP Melissa MAJCHRZAK
Wor… [+1822 chars]",politics
"{'id': None, 'name': 'New York Post'}",Miranda Devine,Charlie Kirk’s assassination latest case that US is suffering an epidemic of leftist violence,We are suffering through an epidemic of leftist violence.,https://nypost.com/2025/09/11/opinion/charlie-kirks-assassination-latest-example-us-is-suffering-an-epidemic-of-leftist-violence-miranda-devine/,https://nypost.com/wp-content/uploads/sites/2/2025/09/Devine.jpg?quality=75&strip=all&w=1024,2025-09-11T06:38:59Z,"We are suffering through an epidemic of leftist violence.
The ruthless assassination of conservative youth leader Charlie Kirk, 31, at a crowded campus event in Utah on Wednesday is the latest manif… [+7223 chars]",politics
"{'id': None, 'name': 'Creative Review'}",Adam Woodward,A new book opens the door to Hayao Miyazaki’s imagination,"The Worlds of Hayao Miyazaki excavates the cultural, historical and artistic foundations of the Studio Ghibli visionary’s animated oeuvre",https://www.creativereview.co.uk/the-worlds-of-hayao-miyazaki-book-studio-ghibli-nicolas-rapold/,"https://creativereview-new.imgix.net/uploads/2025/09/Kikis_Delivery_Service.jpg?auto=compress,format&crop=faces,entropy,edges&fit=crop&q=60&w=1950&h=1070",2025-09-11T06:13:46Z,"It’s hard to think of a filmmaker alive today as universally admired as Hayao Miyazaki. For more than four decades, the legendary Japanese animator has been enchanting audiences all over the world wi… [+2165 chars]",politics
"{'id': 'abc-news-au', 'name': 'ABC News (AU)'}",Courtney Gould,A Nampijinpa Price-sized chink in Ley's armour and an Albanese fashion faux pas,The Jacinta Nampijinpa Price saga is a chink in Sussan Ley's armour and at the very least has handed Labor a helluva lot of material for their 2028 election campaign.,https://www.abc.net.au/news/2025-09-11/jacinta-nampijinpa-price-sussan-ley-armour-election/105745506,https://live-production.wcms.abc-cdn.net.au/e1018115e1241c34dc7771edec79b115?impolicy=wcms_watermark_news&cropH=3271&cropW=5816&xPos=0&yPos=304&width=862&height=485&imformat=generic,2025-09-11T06:11:45Z,"Welcome back to your weekly federal politics update, where Courtney Gould gets you up to speed on the happenings from Parliament House.
Much like the seminal early-aughts Britney Spears film, Sussan… [+5440 chars]",politics
"{'id': None, 'name': 'Biztoc.com'}",euronews.com,"Germany's automotive industry in crisis: Politics are to blame, says trade economist","At the opening of the International Motor Show (IAA) in Munich, a trade expert spoke to Euronews about the challenges facing Germany's automotive sector and says political decisions are to blame.",https://biztoc.com/x/ecd563fd93d502d2,https://biztoc.com/cdn/ecd563fd93d502d2_s.webp,2025-09-11T06:06:03Z,"At the opening of the International Motor Show (IAA) in Munich, a trade expert spoke to Euronews about the challenges facing Germany's automotive sector and says political decisions are to blame.
Th… [+54 chars]",politics
"{'id': None, 'name': 'The Intercept'}",Natasha Lennard,Nothing Will Stop Trump From Weaponizing Charlie Kirk’s Killing to Attack the Left,"Charlie Kirk’s killer has not been identified. That didn’t stop Trump or his acolytes from blaming the “radical left.”
The post Nothing Will Stop Trump From Weaponizing Charlie Kirk’s Killing to Attack the Left appeared first on The Intercept.",https://theintercept.com/2025/09/11/charlie-kirk-killing-trump-left-political-violence/,,2025-09-11T06:03:00Z,"Law enforcement tapes off an area after Turning Point USA founder Charlie Kirk was shot at Utah Valley University on Sept. 10, 2025, in Orem, Utah.  Photo: Tess Crowley/The Deseret News via AP
This … [+6965 chars]",politics
"{'id': 'fox-news', 'name': 'Fox News'}",,Pam Bondi says death penalty a possibility for Iryna Zarutska killer,"Following President Donald Trump’s call for swift action, U.S. Attorney General Pam Bondi shared that the Justice Department may seek the death penalty for Iryna Zarutska’s killer.",https://www.foxnews.com/politics/pam-bondi-says-death-penalty-possibility-iryna-zarutska-killer,https://static.foxnews.com/foxnews.com/content/uploads/2025/09/bondi-zarutska.png,2025-09-11T06:00:41Z,"Following President Donald Trumps call for swift action, U.S. Attorney General Pam Bondi shared that the Justice Department may seek the death penalty for Iryna Zarutskas killer.
Speaking with repor… [+2894 chars]",politics
"{'id': None, 'name': 'TheWrap'}",Ross A. Lincoln,Stephen Colbert Says ‘I Pray With All My Heart’ That Charlie Kirk’s Killing Isn’t ‘a Sign of Things to Come’ | Video,"""I hope it is obvious to everyone in America that political violence does not solve any of our political differences,"" the CBS host says
The post Stephen Colbert Says ‘I Pray With All My Heart’ That Charlie Kirk’s Killing Isn’t ‘a Sign of Things to Come’ | Vi…",https://www.thewrap.com/stephen-colbert-condolences-charlie-kirk-monologue/,https://www.thewrap.com/wp-content/uploads/2025/09/Stephen-Colbert-on-Charlie-Kirks-death.jpg,2025-09-11T05:43:08Z,"In a cold open recorded separately from the bulk of Wednesday night’s episode of “The Late Show,” Stephen Colbert commented on the murder of right wing activist Charlie Kirk earlier in the afternoon.… [+2168 chars]",politics
"{'id': None, 'name': 'Hurriyet Daily News'}",hurriyetdailynews.com,Right-wing Trump ally Charlie Kirk shot dead at US university,"Right-wing youth activist and influencer Charlie Kirk, a major ally of President Donald Trump, was shot dead Wednesday in a ""political assassination"" that sparked fears of more political violence in an increasingly febrile United States.",https://www.hurriyetdailynews.com/right-wing-trump-ally-charlie-kirk-shot-dead-at-us-university-213462,https://image.hurimg.com/i/hurriyet/75/200x200/68c25c70fe682bd03a46ced9.jpg,2025-09-11T05:21:54Z,"UTAH
Right-wing youth activist and influencer Charlie Kirk, a major ally of President Donald Trump, was shot dead Wednesday in a ""political assassination"" that sparked fears of more political violen… [+4242 chars]",politics
"{'id': None, 'name': 'Economictimes.com'}",Reuters,​ECB may hold interest rates steady amid political and trade risks​​,"The European Central Bank is expected to leave interest rates unchanged on Thursday as inflation remains close to its target. The ECB halved its key rate to 2% in the year to June but has been on hold since, citing a “good place” for the eurozone economy. How…",https://m.economictimes.com/markets/stocks/news/ecb-may-hold-interest-rates-steady-amid-political-and-trade-risks/ecbs-current-stance/slideshow/123822724.cms,"https://img.etimg.com/thumb/msid-123822724,width-1070,height-580,overlay-etmarkets/slideshow.jpg",2025-09-11T05:15:26Z,"The ECB’s decision to hold rates signals a period of stability, but markets remain alert to potential risks. Investors are watching inflation trends, trade developments, and political events across t… [+329 chars]",politics
"{'id': 'fox-news', 'name': 'Fox News'}",,"JD Vance pens heartfelt tribute to Charlie Kirk after assassination: ‘You ran a good race, my friend’","Vice President JD Vance paif tribute to Charlie Kirk, calling him a loyal friend of faith and courage after the Turning Point USA founder’s tragic death.",https://www.foxnews.com/politics/jd-vance-pens-heartfelt-tribute-charlie-kirk-assassination-you-ran-good-race-my-friend,https://static.foxnews.com/foxnews.com/content/uploads/2025/09/cdeea02c-charlie-kirk-jd-vance.jpg,2025-09-11T05:05:43Z,"Vice President JD Vance shared a deeply personal remembrance of conservative activist Charlie Kirk, who was fatally shot Wednesday while speaking at Utah Valley University. In a lengthy post on X, Va… [+3631 chars]",politics
"{'id': 'abc-news', 'name': 'ABC News'}","GENE JOHNSON Associated Press, HANNAH SCHOENBAUM Associated Press","A college campus, a fiery speaker — and then a single gunshot","A crowd gathered around a white canopy on a grassy college courtyard just weeks into the fall semester, eager to hear what the speaker beneath it had to say",https://abcnews.go.com/Politics/wireStory/college-campus-fiery-speaker-single-gunshot-125467332,https://s.abcnews.com/images/US/abc_news_default_2000x2000_update_16x9_992.jpg,2025-09-11T05:01:45Z,"OREM, Utah -- Just weeks into the fall semester, a crowd gathered around a white canopy on a grassy college courtyard. They were eager to hear what the speaker beneath it had to say. It was a typical… [+6725 chars]",politics
"{'id': 'financial-post', 'name': 'Financial Post'}",Bloomberg News,Novo and Orsted Made Denmark Rich. Are The Boom Times Now Over?,"At their heights, Denmark’s corporate champions seemed untouchable. Novo Nordisk A/S, long known mostly as an insulin maker, was Europe’s most valuable company last year, after riding a surge of demand for Ozempic and Wegovy. That followed the success of Orst…",https://financialpost.com/pmn/business-pmn/novo-and-orsted-made-denmark-rich-are-the-boom-times-now-over,https://smartcdn.gprod.postmedia.digital/financialpost/wp-content/uploads/2025/09/776017897.jpg,2025-09-11T05:01:20Z,"Those very strong upward revisions of future revenues are really significant, Svarer said. It means that when politicians want to spend more money, they can do it without having to raise taxes, witho… [+3688 chars]",politics
"{'id': 'the-irish-times', 'name': 'The Irish Times'}",Newton Emerson,Newton Emerson: Sinn Féin has created an orange-green split on Lough Neagh,"The visible decline of the lough this summer shocked people living around it, including in several heartland Sinn Féin constituencies",https://www.irishtimes.com/opinion/2025/09/11/newton-emerson-sinn-fein-has-created-an-orange-green-split-on-lough-neagh/,https://www.irishtimes.com/resizer/v2/DUNONFPAHVBBPJ636QOJWRFGFI.jpg?smart=true&auth=e2037f4368a87c8a81908d1d8ad59c2a066847253ac4163811d183a8fdbbfb78&width=1200&height=630,2025-09-11T05:00:01Z,"On Tuesday in Stormont, Sinn Féin once again faced the question of what to put first: Lough Neagh or the farming lobby. This time, for the first time, it chose Lough Neagh.
The question was asked by… [+4916 chars]",politics
"{'id': 'the-irish-times', 'name': 'The Irish Times'}",Jack Power,New French prime minister takes gig that may be short-term contract,"Sébastien Lecornu is a politician typical of the Macron project, that might work against him",https://www.irishtimes.com/world/europe/2025/09/11/new-french-prime-minister-takes-gig-that-may-be-short-term-contract/,https://www.irishtimes.com/resizer/v2/VGTTMFSCWN4KZ722VJQJ6H5F4M.jpg?smart=true&auth=c8f60436ac17d7f9f5e67ef1b76b8d1773eda6077ade16b66f8f3414cedca0a3&width=1200&height=630,2025-09-11T05:00:01Z,"Whether it was likening the job to climbing a Himalayan mountain or captaining a ship taking on water from a growing leak, François Bayrou did not play down the task facing the prime minister of Fran… [+4430 chars]",politics
"{'id': 'the-irish-times', 'name': 'The Irish Times'}",Tom O'Connor in Chicago,"‘It’s not a deployment, it’s an invasion’: Chicago reacts as Trump mulls sending in National Guard",Crime rate a key driver for why US president wants to deploy reserve force,https://www.irishtimes.com/world/us/2025/09/11/its-not-a-deployment-its-an-invasion-chicago-reacts-as-trump-mulls-sending-in-national-guard/,https://www.irishtimes.com/resizer/v2/N3TTHDHVH2AXQDOC3MZCO65YBE.jpg?smart=true&auth=e03babb907424413256c05cf6d36b33e41e29460d427c4416e9ff10913d4cf65&width=1200&height=630,2025-09-11T05:00:01Z,"Bury your excuse reads the basketball-themed canvas print hanging from the door of Matthew Mitchells office in Englewood on Chicagos southside. Inside, the late-afternoon sun cuts through the blinds … [+5114 chars]",politics
"{'id': 'the-irish-times', 'name': 'The Irish Times'}",Finn McRedmond,We should not dismiss blatantly political works from artists like Banksy,One of Banksy’s standard-issue street murals appears on the walls of the Royal Courts of Justice in London,https://www.irishtimes.com/opinion/2025/09/11/we-should-not-dismiss-blatantly-political-works-from-artists-like-banksy/,https://www.irishtimes.com/resizer/v2/5SRZ6VMF2NDI5LPZNV2TXNWHYY.jpg?smart=true&auth=fa6057b7e1deb7832c621df24656ecb85e91259e9f18e867198af116f0e6638b&width=1200&height=630,2025-09-11T05:00:01Z,"John Keats, the ingénue English Romantic poet, coined the idea of negative capability. He was trying to describe a characteristic of great artists: those who were comfortable of sitting in uncertaint… [+4821 chars]",politics
"{'id': None, 'name': 'AZFamily'}",Alexis Cortez,"Arizona leaders, lawmakers react to Charlie Kirk’s shooting death",Arizona leaders and lawmakers are offering prayers after conservative activist Charlie Kirk was shot and killed at an event in Utah.,https://www.azfamily.com/2025/09/10/arizona-leaders-lawmakers-react-charlie-kirks-shooting-death/,https://gray-kpho-prod.gtv-cdn.com/resizer/v2/DK4JL4PIURHLLB6WWZIBSDHAIY.jpg?auth=ec587aa680d54ce39309fee156114b5880ecfb8bf77e88d0304f1864e294b086&width=1200&height=600&smart=true,2025-09-11T04:59:02Z,"OREM, UT (AZFamily) Arizona lawmakers and city leaders are offering condolences and prayers after Charlie Kirk, the CEO and co-founder of Phoenix-based conservative youth organization Turning Point U… [+10882 chars]",politics
"{'id': 'breitbart-news', 'name': 'Breitbart News'}","Dylan Gwinn, Dylan Gwinn","Clay Travis: Charlie Kirk 'Loved' the Oregon Ducks, 'Built His Events Around Their Game Times'","Charlie Kirk, a husband, father, and founder of Turning Point USA, was murdered at a speaking event at Utah Valley University on Wednesday by an assassin's bullet.
The post Clay Travis: Charlie Kirk ‘Loved’ the Oregon Ducks, ‘Built His Events Around Their Gam…",https://www.breitbart.com/sports/2025/09/10/clay-travis-charlie-kirk-loved-the-oregon-ducks-built-his-events-around-their-game-times/,https://media.breitbart.com/media/2025/09/Trent-Nelson_The-Salt-Lake-Tribune_Getty-Images-640x335.jpg,2025-09-11T04:56:22Z,"Charlie Kirk, a husband, father, and founder of Turning Point USA, was murdered at a speaking event at Utah Valley University on Wednesday by an assassin’s bullet.
He was 31 years old.
Tributes, pr… [+1031 chars]",politics
"{'id': 'abc-news', 'name': 'ABC News'}","LISA MASCARO Associated Press, ALI SWENSON Associated Press",Assassination of Charlie Kirk adds to America's roll call of public violence,"In the tragic roll call of violence in American public life, Charlie Kirk’s name joins the long list",https://abcnews.go.com/Politics/wireStory/assassination-charlie-kirk-adds-americas-roll-call-public-125467894,https://i.abcnewsfe.com/a/fbc2be3f-b47c-4052-bd62-e30fee554359/wirestory_5ce36193ede90a59a883662df16c6d6c_16x9.jpg?w=1600,2025-09-11T04:54:26Z,"WASHINGTON -- In the tragic roll call of violence in American public life, Charlie Kirks name joins what has fast become a long list.
The influential 31-year old commentator, who cast his young prof… [+5223 chars]",politics
"{'id': 'breitbart-news', 'name': 'Breitbart News'}","Olivia Rondeau, Olivia Rondeau",Miami Doctor 'Really Glad That Charlie Kirk Got Himself F*cking Shot',"A Florida anesthesiologist announced that she is ""really glad that Charlie Kirk just got himself f*cking shot"" and declared that ""no one should give a f*ck that he's dead"" before wiping her social media account.
The post Miami Doctor ‘Really Glad That Charlie…",https://www.breitbart.com/politics/2025/09/10/miami-doctor-really-glad-that-charlie-kirk-got-himself-fcking-shot/,https://media.breitbart.com/media/2025/09/541109615646c5853aa33-640x335.jpg,2025-09-11T04:50:32Z,"A Florida anesthesiologist announced that she is “really glad that Charlie Kirk just got himself f*cking shot” and declared that “no one should give a f*ck that he’s dead,” before wiping her social m… [+1592 chars]",politics
"{'id': None, 'name': 'Yahoo Entertainment'}",Leika Kihara,"In AI-simulated Fed meeting, political pressure polarises board",TOKYO (Reuters) -A simulated Federal Reserve meeting that used artificial intelligence agents modeled on real-life policymakers showed political pressure...,https://finance.yahoo.com/news/ai-simulated-fed-meeting-political-043725911.html,https://media.zenfs.com/en/reuters-finance.com/4e31fbdbed342f9e1d1704876df5eeb6,2025-09-11T04:37:25Z,"By Leika Kihara
TOKYO (Reuters) -A simulated Federal Reserve meeting that used artificial intelligence agents modeled on real-life policymakers showed political pressure polarised members of the boa… [+2244 chars]",politics
"{'id': 'the-times-of-india', 'name': 'The Times of India'}",AP,"A college campus, a fiery speaker - and then a single gunshot","Charlie Kirk, a conservative figure, was shot at Utah Valley University. The incident occurred during a campus event. Kirk was addressing questions when the shooting happened. Panic ensued as the crowd dispersed. The shooter remains at large. The event sparke…",https://economictimes.indiatimes.com/news/international/global-trends/a-college-campus-a-fiery-speaker-and-then-a-single-gunshot/articleshow/123821955.cms,"https://img.etimg.com/thumb/msid-123822030,width-1200,height-630,imgsize-243034,overlay-economictimes/articleshow.jpg",2025-09-11T04:36:59Z,"Just weeks into the fall semester, a crowd gathered around a white canopy on a grassy college courtyard. They were eager to hear what the speaker beneath it had to say. It was a typical university sc… [+6894 chars]",politics
"{'id': None, 'name': 'International Business Times'}",Sam Reeves,France Political Crisis Looms Over ECB Meeting,"France's political crisis will likely take centre stage at a European Central Bank meeting Thursday, with turmoil in the eurozone's second-biggest economy causing a fresh headache for policymakers.",https://www.ibtimes.com/france-political-crisis-looms-over-ecb-meeting-3783075,https://d.ibtimes.com/en/full/4620852/all-change-frances-outgoing-prime-minister-francois-bayrou-next-frances-newly-appointed-prime.jpg,2025-09-11T04:36:20Z,"France's political crisis will likely take centre stage at a European Central Bank meeting Thursday, with turmoil in the eurozone's second-biggest economy causing a fresh headache for policymakers.
… [+3567 chars]",politics
"{'id': 'the-times-of-india', 'name': 'The Times of India'}",Reuters,"In AI-simulated Fed meeting, political pressure polarises board","In the study released on August 31, academics at George Washington University simulated a Federal Open Market Committee meeting using AI agents modeled by each member based on their historical policy stances, biographies and speeches.",https://economictimes.indiatimes.com/tech/artificial-intelligence/in-ai-simulated-fed-meeting-political-pressure-polarises-board/articleshow/123821942.cms,"https://img.etimg.com/thumb/width-1200,height-900,imgsize-1201952,resizemode-75,msid-123821942/tech/artificial-intelligence/in-ai-simulated-fed-meeting-political-pressure-polarises-board.jpg",2025-09-11T04:36:05Z,A simulated Federal Reserve meeting that used artificial intelligence agents modeled on real-life policymakers showed political pressure polarised members of the board in their rate-setting deliberat… [+2154 chars],politics
"{'id': None, 'name': 'New Zealand Herald'}",John Weekes,Hawaiian Airlines gets its first female CEO ahead of return to New Zealand,The airline will compete with Air New Zealand on the Honolulu route.,https://www.nzherald.co.nz/business/companies/airlines/hawaiian-airlines-gets-its-first-female-ceo-ahead-of-return-to-new-zealand/F6O5APFMMNAAFJ2L3AD3SPWURY/,https://www.nzherald.co.nz/resizer/v2/3JFNLNL7NFDETNPWVUJJJDVFQA.png?auth=63a3fc3126a3dd724fbc3ac22fe93b609a741181849b3910b3f2071fc1222214&width=1200&height=675&quality=70&smart=true,2025-09-11T04:33:08Z,"The two cities are the biggest in Polynesia and direct flights take about eight or eight-and-a-half hours.
Following our combination with Alaska Airlines, we have also welcomed significant inbound g… [+1930 chars]",politics
"{'id': None, 'name': 'Digital Journal'}",AFP,France political crisis looms over ECB meeting,"France’s political crisis will likely take centre stage at a European Central Bank meeting Thursday, with turmoil in the eurozone’s second-biggest economy causing a fresh headache for policymakers. The ECB is expected to hold its key interest rate steady at t…",https://www.digitaljournal.com/world/france-political-crisis-looms-over-ecb-meeting/article,https://www.digitaljournal.com/wp-content/uploads/2025/09/df3d4824b5b62257b3171a2b95ff354a3a194a1a-1.jpg,2025-09-11T04:32:32Z,"Inflation in the eurozone is hovering around the ECB's two-percent target - Copyright AFP Kirill KUDRYAVTSEV
France’s political crisis will likely take centre stage at a European Central Bank meetin… [+3716 chars]",politics
"{'id': None, 'name': 'Independent.ie'}",Micheál Martin,Micheál Martin: Now is the time to act on child poverty – and it will be targeted next month in Budget 2026,"As many people will know, my passion for education was one of the main reasons why I became involved in politics.",https://www.independent.ie/irish-news/micheal-martin-now-is-the-time-to-act-on-child-poverty-and-it-will-be-targeted-next-month-in-budget-2026/a1262399583.html,https://focus.independent.ie/thumbor/ppGc5U1a73QmXuxD4hoLEjRnw30=/36x0:4080x2696/629x0/prod-mh-ireland/f1b258b1-3a44-4dad-ac49-b19bf0859bab/58f0a45b-4e32-4d7c-8cbe-d2a536ddc09b/f1b258b1-3a44-4dad-ac49-b19bf0859bab.jpg,2025-09-11T04:30:00Z,"Our poorer young people have the odds stacked against them, but that will change with Governments targeted 2030 response
As many people will know, my passion for education was one of the main reason… [+332 chars]",politics
"{'id': None, 'name': 'Freerepublic.com'}",CNN,How Charlie Kirk Changed Conservative Media — and American Politics,"Charlie Kirk, who was shot and killed on Wednesday, pioneered a new model for conservative political advocacy, merging multi-platform media commentary with in-person gatherings and get-out-the-vote drives. Kirk, 31, was a hugely successful political field org…",https://freerepublic.com/focus/f-news/4339687/posts,,2025-09-11T04:25:09Z,"Skip to comments.
How Charlie Kirk Changed Conservative Media and American PoliticsCNN ^
 | 9/10
 | Brian Stelter , and Liam Reilly
Posted on 09/10/2025 9:25:09 PM PDT by nickcarraway
Charlie Ki… [+2038 chars]",politics
"{'id': None, 'name': 'Dennyburk.com'}",Denny Burk,The Assassination of Charlie Kirk (1993-2025),"Late this afternoon, one of my students stopped me in a parking lot at Boyce College and asked if I had heard the news. I had been teaching for hours at that point and told him I hadn’t heard anything. So he informed me that Charlie Kirk had been shot and was…",https://www.dennyburk.com/the-assassination-of-charlie-kirk-1993-2025/,https://i0.wp.com/www.dennyburk.com/wp-content/uploads/2025/09/Kirk-Family-filter.jpg?fit=697%2C423&ssl=1,2025-09-11T04:23:38Z,"Late this afternoon, one of my students stopped me in a parking lot at Boyce College and asked if I had heard the news. I had been teaching for hours at that point and told him I hadnt heard anything… [+5675 chars]",politics
"{'id': None, 'name': 'The Daily Caller'}",Leena Nasir,Chris Pratt Leads Star Reactions To Assassination Of Charlie Kirk,Celebrities took to their platforms to share grief and powerful messages after Charlie Kirk’s tragic death.,https://dailycaller.com/2025/09/11/celebrities-react-assassination-charlie-kirk-death-chris-pratt-arnold-schwarzenneger-political-violence/,"https://images.dailycaller.com/image/width=1280,height=549,fit=cover,format=webp,f=auto/https://cdn01.dailycaller.com/wp-content/uploads/2025/09/GettyImages-2234116804-1-scaled-e1757564345167.jpg",2025-09-11T04:21:36Z,"Celebrities took to their platforms to share grief and powerful messages after Charlie Kirk’s tragic death.
The assassination of Charlie Kirk gripped the nation, sending shockwaves through communiti… [+3388 chars]",politics
"{'id': 'the-times-of-india', 'name': 'The Times of India'}",Bikash Singh,"Report finds conspiracy to undermine India’s sovereignty, claims Himanta Biswa Sarma","Assam's Chief Minister Himanta Biswa Sarma announced that a Special Investigation Team (SIT) has uncovered a significant conspiracy potentially undermining India's sovereignty, allegedly involving Pakistani national Ali Tauqeer Sheikh. The investigation also …",https://economictimes.indiatimes.com/news/politics-and-nation/report-finds-conspiracy-to-undermine-indias-sovereignty-claims-himanta-biswa-sarma/articleshow/123821531.cms,"https://img.etimg.com/thumb/msid-123821549,width-1200,height-630,imgsize-89774,overlay-economictimes/articleshow.jpg",2025-09-11T04:13:53Z,"Guwahati: Assam chief minister Himanta Biswa Sarma claimed on Wednesday that the Special Investigation Team (SIT) of the Assam Police, probing the alleged Pakistani links of Assam Congress president … [+2297 chars]",politics
"{'id': None, 'name': 'Juancole.com'}",Kristian Coates Ulrichsen,Israeli Strike in Doha crosses a new Line from which Relations with Gulf may not Recover,"By Kristian Coates Ulrichsen, Rice University (The Conversation) - The Israeli airstrike targeting senior Hamas political leaders in Qatar on Sept. 9, 2025, represents the crossing of a number of lines. Resulting in the deaths of six people but seemingly fail…",https://www.juancole.com/2025/09/israeli-crosses-relations.html,https://media.juancole.com/images/2025/09/IMG_9640.jpg,2025-09-11T04:06:38Z,"By Kristian Coates Ulrichsen, Rice University
(The Conversation) – The Israeli airstrike targeting senior Hamas political leaders in Qatar on Sept. 9, 2025, represents the crossing of a number of li… [+7842 chars]",politics
"{'id': 'abc-news', 'name': 'ABC News'}",STEPHEN GROVES Associated Press,Senate Republicans defeat Democrats' effort to force the release of Epstein files,Senate Republicans have barely defeated an effort by Democrats to insert language into Congress’ annual defense authorization bill that would have forced the public release of case files on the sex trafficking investigation into the late Jeffrey Epstein,https://abcnews.go.com/Politics/wireStory/senate-republicans-defeat-democrats-effort-force-release-epstein-125461494,https://i.abcnewsfe.com/a/d3ddc6ae-35c8-4959-861e-cf387ca0d554/wirestory_1793c4c1c2f74f89b0cab9ecfd0cfcc8_16x9.jpg?w=1600,2025-09-11T04:06:28Z,"WASHINGTON -- In a close vote, Senate Republicans defeated an effort Wednesday by Democrats to insert language into Congress annual defense authorization bill that would have forced the public releas… [+3836 chars]",politics
"{'id': 'the-american-conservative', 'name': 'The American Conservative'}",John Byrnes,9/11 and the Real ‘Realism’,"It has been a long journey from the ruins of the World Trade Center.
The post 9/11 and the Real ‘Realism’ appeared first on The American Conservative.",https://www.theamericanconservative.com/9-11-and-the-real-realism/,https://www.theamericanconservative.com/wp-content/uploads/2025/09/GettyImages-2170711108-scaled-e1757555902550.jpg,2025-09-11T04:05:00Z,"My foreign policy journey did not begin in the smoldering ruins of the World Trade Center on September 11, 2001, but it accelerated and intensified there.  
I was a Political Science/International R… [+5584 chars]",politics
"{'id': 'newsweek', 'name': 'Newsweek'}",Jack Royston,King Charles' Monarchy Hits 'Lowest' Popularity Since 'Records Began',King Charles III is overseeing a monarchy that is much less popular than in 1983—and opposed by most young people.,https://www.newsweek.com/king-charles-monarchy-popularity-poll-2127603,https://d.newsweek.com/en/full/2719654/king-charles-scotland.jpg,2025-09-11T04:01:01Z,"King Charles III's monarchy is in its deepest popularity slump ever recorded by a major research charity in 42 years of polling—eclipsing the downturn of the Princess Diana era.
In 1983, 86 percent … [+3917 chars]",politics
"{'id': None, 'name': 'Lewrockwell.com'}",No Author,How Tyranny Becomes Entrenched: 9/11 and the Police State’s Endless Power Grabs,“The greatest tyrannies are always perpetuated in the name of the noblest causes.”—Thomas Paine They said it was for safety. They said it was for order. They said it was for the good of the nation. They always say it’s for something good… until it isn’t. Near…,https://www.lewrockwell.com/2025/09/no_author/how-tyranny-becomes-entrenched-9-11-and-the-police-states-endless-power-grabs/,https://lrc-cdn.s3.amazonaws.com/assets/2021/02/LRC-share.jpg,2025-09-11T04:01:00Z,"The greatest tyrannies are always perpetuated in the name of the noblest causes.Thomas Paine
They said it was for safety.They said it was for order.They said it was for the good of the nation.
They… [+11652 chars]",politics
"{'id': None, 'name': 'EURACTIV'}",Laurent Geslin,Macron’s man to save Macron,The new PM 'knows how to do politics' according to one conservative senator,https://www.euractiv.com/section/politics/news/macrons-man-to-save-macron/,https://www.euractiv.com/content/uploads/sites/2/2025/09/13333430.jpg,2025-09-11T04:00:12Z,"PARIS France's fifth prime minister in two years is a long-time confidante of President Emmanuel Macron, now tasked with taming an unruly parliament, passing a budget, and perhaps keeping his boss in… [+3871 chars]",politics
"{'id': None, 'name': 'Americanthinker.com'}",,Charlie Kirk: Another martyr for democracy,"I am sick to death of hearing about how another young American has been cut down in the prime of his life, all because my countrymen cannot get along, politically.

And I am also sick to death of seeing these senseless deaths politicized in order t...",https://www.americanthinker.com/blog/2025/09/charlie_kirk_another_martyr_for_democracy.html,https://images.americanthinker.com/ov/ovqrgm1ih5osdowjomw7_800.jpg,2025-09-11T04:00:00Z,"I am sick to death of hearing about how another young American has been cut down in the prime of his life, all because my countrymen cannot get along, politically.
And I am also sick to death of see… [+3440 chars]",politics
"{'id': None, 'name': 'MMA Mania'}",Andrew Richardson,Somber Sean Strickland reacts to Charlie Kirk assassination: ‘We’re so desensitized’,"Sean Strickland often has hot takes regarding the latest news in politics, but he was surprisingly subdued after the death of rightwing commentator Charlie Kirk.",https://www.mmamania.com/latest-news/388522/somber-sean-strickland-reacts-to-charlie-kirk-assassination-were-so-desensitized,https://platform.mmamania.com/wp-content/uploads/sites/110/2025/09/gettyimages-2198477108.jpg?quality=90&strip=all&crop=0%2C10.748133092786%2C100%2C76.520338300443&w=1200,2025-09-11T03:59:00Z,"Welcome to Midnight Mania!
Lets start the night off by taking a look back over the three biggest stories of Wednesday, Sept. 10, 2025.
Sean Strickland, likely a future political commentator, offers… [+1045 chars]",politics
"{'id': None, 'name': 'Freerepublic.com'}",CBS,Conservative commentator Ben Shapiro's California event postponed after Charlie Kirk fatal shooting,"A book signing for conservative commentator Ben Shapiro was postponed on Wednesday by the Ronald Reagan Presidential Library in Simi Valley, California, after fellow right-wing activist Charlie Kirk was fatally shot at an event at Utah Valley University aroun…",https://freerepublic.com/focus/f-news/4339684/posts,,2025-09-11T03:55:36Z,"Skip to comments.
Conservative commentator Ben Shapiro's California event postponed after Charlie Kirk fatal shootingCBS ^
 | September 10, 2025
 | Austin Turner
Posted on 09/10/2025 8:55:36 PM P… [+6793 chars]",politics
"{'id': 'al-jazeera-english', 'name': 'Al Jazeera English'}",Al Jazeera,Israel’s President Herzog said ‘argued out of respect’ with British PM,Downing Street later stressed that ‘the UK and Israel are longstanding allies’ despite their differences.,https://www.aljazeera.com/news/2025/9/11/israels-president-herzog-said-argued-out-of-respect-with-british-pm,https://www.aljazeera.com/wp-content/uploads/2025/09/afp_68c1f8b7548c-1757542583_8e8201-1757561270.jpg?resize=1200%2C630&quality=80,2025-09-11T03:55:14Z,"British Prime Minister Keir Starmer has criticised Israels man-made famine in Gaza following a controversial meeting with Israeli President Isaac Herzog in London.
They must stop the man-made famine… [+2570 chars]",politics
"{'id': None, 'name': 'Dumblittleman.com'}",Nathan Brookes,Charlie Kirk Dead? Here’s What Actually Went Down,"Alright, let me just stop you right there. If you’ve recently typed “Charlie Kirk dead” into your search bar, you’re definitely not alone, and no, your internet isn’t glitching. People are losing their collective minds over this, and for good reason. Because …",https://www.dumblittleman.com/charlie-kirk-dead/,https://www.dumblittleman.com/wp-content/uploads/2025/09/5-8.jpg,2025-09-11T03:45:37Z,"Alright, let me just stop you right there. If youve recently typed Charlie Kirk dead into your search bar, youre definitely not alone, and no, your internet isnt glitching. People are losing their co… [+20414 chars]",politics
"{'id': None, 'name': 'The Atlantic'}","Ashley Parker, Isaac Stanley-Becker",Charlie Kirk Was Trump’s Envoy to a New Generation,The conservative activist was one of the most influential unelected people in America.,https://www.theatlantic.com/politics/archive/2025/09/charlie-kirk-shooting/684173/,https://cdn.theatlantic.com/thumbor/P1s-grHi33bo_P-A2a-yGlBNvaM=/0x106:4992x2706/1200x625/media/img/mt/2025/09/2025_09_KirkMAGAYouth/original.jpg,2025-09-11T03:45:00Z,"It’s hard to overstate just how much the conservative activist Charlie Kirk felt like family to many in Donald Trump’s inner circle, and to the president himself.Kirk was close friends with Vice Pres… [+12368 chars]",politics
"{'id': 'the-times-of-india', 'name': 'The Times of India'}",Bloomberg,"Charlie Kirk, shot dead, was Trump's firebrand ally who energised youth to pave way for POTUS' rise","Charlie Kirk, a prominent conservative figure and founder of Turning Point USA, was fatally shot in Utah, prompting widespread shock and political reactions. Known for his staunch support of Donald Trump and his influence among young conservatives, Kirk's dea…",https://economictimes.indiatimes.com/news/international/global-trends/charlie-kirk-shot-dead-was-trumps-firebrand-ally-who-energised-youth-to-pave-way-for-potus-rise/articleshow/123820921.cms,"https://img.etimg.com/thumb/msid-123821027,width-1200,height-630,imgsize-50810,overlay-economictimes/articleshow.jpg",2025-09-11T03:38:03Z,"In the weeks after his election victory last year, Donald Trump held court with future cabinet nominees at Mar-a-Lago, flew to Paris for the reopening of Notre Dame, met the Prince of Wales and visit… [+8095 chars]",politics
"{'id': None, 'name': 'Biztoc.com'}",ft.com,Charlie Kirk’s killing and the ‘despicable violence’ of US politics,Leaders from both parties condemn incident — but shootings are now a feature of polarised America,https://biztoc.com/x/db1de40dbc067d3f,https://biztoc.com/cdn/db1de40dbc067d3f_s.webp,2025-09-11T03:18:25Z,"Leaders from both parties condemn incident but shootings are now a feature of polarised America
This story appeared on ft.com, 2025-09-11 00:26:23.",politics
"{'id': None, 'name': 'fox6now.com'}",Fox6 News Digital Team,Charlie Kirk shot dead; Wisconsin reacts to political violence,"Charlie Kirk, a conservative activist familiar to Wisconsin audiences through Turning Point USA chapters, was shot and killed on Wednesday, Sept. 10.",https://www.fox6now.com/news/charlie-kirk-shot-utah-college-wisconsin-reaction,https://images.foxtv.com/static.fox6now.com/www.fox6now.com/content/uploads/2025/09/1280/720/9p-local-charlie-kirk-shot-pkg_00.00.07.20.jpg?ve=1&tl=1,2025-09-11T03:15:32Z,"MILWAUKEE - Charlie Kirk, a conservative activist familiar to Wisconsin audiences through Turning Point USA chapters, was shot and killed on Wednesday, Sept. 10.
What we know:
It happened while spe… [+3689 chars]",politics
"{'id': None, 'name': 'BBC News'}",Anthony Zurcher - North America correspondent,Campus killing lays bare America's bloody and broken politics,Charlie Kirk's killing is another episode of gun violence in America and the latest in a line of recent political violence.,https://www.bbc.com/news/articles/cm2z9z4m22ro?xtor=AL-72-%5Bpartner%5D-%5Byahoo.north.america%5D-%5Bheadline%5D-%5Bnews%5D-%5Bbizdev%5D-%5Bisapi%5D,https://media.zenfs.com/en/bbc_us_articles_995/b24a6db2a5a0b43bab5fb5c03bd12665,2025-09-11T03:11:30Z,"Moments before the crack of a gunshot changed everything, thousands of students had gathered under clear blue skies at an idyllic Utah college to hear from a man considered a rock star in conservativ… [+4749 chars]",politics
"{'id': None, 'name': 'BBC News'}",,Campus killing lays bare America's bloody and broken politics,Charlie Kirk's killing is another episode of gun violence in America and the latest in a line of recent political violence.,https://www.bbc.com/news/articles/cm2z9z4m22ro,https://ichef.bbci.co.uk/news/1024/branded_news/9a11/live/57791530-8ea0-11f0-b391-6936825093bd.png,2025-09-11T03:11:26Z,"Anthony ZurcherNorth America correspondent
Students flee as Charlie Kirk is shot while speaking to a crowd of hundreds
Moments before the crack of a gunshot changed everything, thousands of student… [+5077 chars]",politics
"{'id': 'bbc-news', 'name': 'BBC News'}",Anthony Zurcher,Charlie Kirk killing lays bare America's bloody and broken politics,Charlie Kirk's killing is another episode of gun violence in America and the latest in a line of recent political violence.,https://www.bbc.co.uk/news/articles/cm2z9z4m22ro,https://ichef.bbci.co.uk/ace/branded_news/1200/cpsprodpb/4360/live/cbb74a40-8ee4-11f0-84c8-99de564f0440.jpg,2025-09-11T03:11:26Z,"He was an advocate of gun rights and conservative values, an outspoken critic of transgender rights, and a staunch, unapologetic Donald Trump supporter. His Turning Point US organisation played a key… [+1339 chars]",politics
"{'id': 'the-times-of-india', 'name': 'The Times of India'}",Don Tomslee,How Charlie Kirk rose to power: Turning Point USA founder and Trump loyalist shot dead at 31,"Charlie Kirk, 31, influential conservative political organizer and Turning Point USA founder, was fatally shot Wednesday, September 10, at Utah Valley University. Trump loyalist built multimillion-dollar organization appealing to young conservatives nationwide",https://economictimes.indiatimes.com/news/international/us/how-charlie-kirk-rose-to-power-turning-point-usa-founder-and-trump-loyalist-shot-dead-at-31/articleshow/123820764.cms,"https://img.etimg.com/thumb/msid-123820739,width-1200,height-630,imgsize-95328,overlay-economictimes/articleshow.jpg",2025-09-11T03:10:41Z,"Charlie Kirk, who was fatally shot Wednesday, September 10, while speaking at Utah Valley University, had become one of the most influential young leaders in right-wing American politics over the pas… [+4774 chars]",politics
"{'id': 'the-times-of-india', 'name': 'The Times of India'}",ET Online,Can we stop 'angry finger-pointing': Jimmy Kimmel reacts to Charlie Kirk death,Conservative activist Charlie Kirk was assassinated during a college event in Utah. Jimmy Kimmel appealed for unity. He urged Americans to set aside political divisions. Donald Trump mourned Kirk's death. He praised Kirk's connection with young Americans. Law…,https://economictimes.indiatimes.com/news/international/global-trends/can-we-stop-angry-finger-pointing-jimmy-kimmel-reacts-to-charlie-kirk-death/articleshow/123820751.cms,"https://img.etimg.com/thumb/msid-123820844,width-1200,height-630,imgsize-11680,overlay-economictimes/articleshow.jpg",2025-09-11T03:10:04Z,"Late-night television host Jimmy Kimmel has broken his silence after the shocking assassination of conservative activist Charlie Kirk, who was gunned down at just 31 years old during a live college e… [+2796 chars]",politics
"{'id': None, 'name': 'Doorblog.jp'}",admirecat,アメリカの最大手保守系論客、屋外公演中に撃たれる,"2: それでも動く名無し 2025/09/11(木) 04:41:07.17 ID:SAD5Zx6sM
Trump ally Charlie Kirk shot at event in Utah, source says https://edition.cnn.com/2025/09/10/politics/charlie-kirk-shooting-utah-valley-university
8: それでも動く名無し 2025/09/11(木) 04:43...",https://shikaku2ch.doorblog.jp/archives/59407152.html,https://livedoor.blogimg.jp/admirecat/imgs/d/8/d8bfb800-s.png,2025-09-11T03:09:14Z,"2: 2025/09/11() 04:41:07.17 ID:SAD5Zx6sM
8: 2025/09/11() 04:43:27.40 ID:SAD5Zx6sM
20: 2025/09/11() 04:51:23.81 ID:5tVCR1UA0
562: 2025/09/11() 09:53:58.77 ID:ScSZMFjL0
13: 2025/09/11() 04:46:05.76… [+1341 chars]",politics
"{'id': None, 'name': 'Freerepublic.com'}",Newsweek,Liberal Website Paid Witches to Hex Charlie Kirk Days Before Assassination,"progressive U.S.-based website paid online witches to curse conservative activist Charlie Kirk days before he was fatally shot during a student question-and-answer session at Utah Valley University in Orem, Utah. Why It Matters Political figures from both sid…",https://freerepublic.com/focus/f-news/4339681/posts,,2025-09-11T03:07:38Z,"Skip to comments.
Liberal Website Paid Witches to Hex Charlie Kirk Days Before AssassinationNewsweek ^
 | Sep 10, 2025
Posted on 09/10/2025 8:07:38 PM PDT by nickcarraway
progressive U.S.-based w… [+3438 chars]",politics
"{'id': None, 'name': 'Biztoc.com'}",latimes.com,New UCLA study highlights large disparities in L.A.'s Latinx labor force,"A new study from the UCLA Latino Policy and Politics Institute shows how the Hispanic workforce in L.A. County has struggled in reaching pay equity, among other inequities.",https://biztoc.com/x/ae355b15e2d4de8f,https://biztoc.com/cdn/950/og.png,2025-09-11T03:07:17Z,"A new study from the UCLA Latino Policy and Politics Institute shows how the Hispanic workforce in L.A. County has struggled in reaching pay equity, among other inequities.
This story appeared on la… [+30 chars]",politics
"{'id': None, 'name': 'Slate Magazine'}",Luke Winkie,Charlie Kirk Was a Singularly Revered Figure in Trump World. It’s Clear What His Death Will Bring.,Kirk sweetalked octogenarian donors and 19-year-old groypers alike. He was killed in his element.,https://slate.com/news-and-politics/2025/09/charlie-kirk-dead-shooter-utah-suspect-news.html,https://compote.slate.com/images/614a4dec-6020-4907-a5ee-fc6bcccf426e.jpeg?crop=3244%2C2162%2Cx0%2Cy2&width=1560,2025-09-11T03:06:22Z,"Sign up for the Slatest to get the most insightful analysis, criticism, and advice out there, delivered to your inbox daily.
Charlie Kirk, who was killed on Wednesday during a political event on a U… [+6542 chars]",politics
"{'id': None, 'name': 'Freerepublic.com'}",Variety,Jimmy Kimmel on Charlie Kirk’s Shooting Death: Can We Stop ‘Angry Finger Pointing’ and ‘Agree It’s Horrible and Monstrous to Shoot Another Human?’,"Jimmy Kimmel has taken to social media to weigh in on the assassination of Charlie Kirk, the conservative activist and Donald Trump ally who died at 31 years old after being shot at a college event in Utah. Kimmel, one of Hollywood’s most vocal opponents of T…",https://freerepublic.com/focus/f-news/4339680/posts,,2025-09-11T03:02:48Z,"Skip to comments.
Jimmy Kimmel on Charlie Kirks Shooting Death: Can We Stop Angry Finger Pointing and Agree Its Horrible and Monstrous to Shoot Another Human?Variety ^
 | 9/10
 | Zack Sharf 
Post… [+5727 chars]",politics
"{'id': None, 'name': 'The Daily Caller'}",Hailey Gomez,Matthew Dowd Fired From MSNBC: REPORT,"Matthew Dowd was reportedly fired from MSNBC following his ""unacceptable"" comments about Kirk's assassination, according to Variety.",https://dailycaller.com/2025/09/10/matthew-dowd-fired-from-msnbc-report/,"https://images.dailycaller.com/image/width=1280,height=549,fit=cover,format=webp,f=auto/https://cdn01.dailycaller.com/wp-content/uploads/2025/09/GettyImages-82647447-scaled-e1757558458185.jpg",2025-09-11T03:01:10Z,"Political analyst Matthew Dowd was reportedly fired from MSNBC on Wednesday following his “unacceptable” comments about Turning Point USA founder Charlie Kirk’s assassination, according to Variety.
… [+2967 chars]",politics
"{'id': None, 'name': 'Pypi.org'}",evaldas@dialexity.com,dialectical-framework 0.5.0,"A dialectical framework for augmented intelligence. AI reasoning powered with dialectics supports humans in: system optimization (psychology, engineering, business, politics, etc.); dispute resolution (mediation, conflicts, negotiations, etc.); decision-makin…",https://pypi.org/project/dialectical-framework/0.5.0/,,2025-09-11T03:00:59Z,"A required part of this site couldnt load. This may be due to a browser
 extension, network issues, or browser settings. Please check your
 connection, disable any ad blockers, or try using a diffe… [+12 chars]",politics
"{'id': None, 'name': 'Gallup.com'}",Lydia Saad,Perceived Importance of College Hits New Low,"The percentage of Americans who consider a college education ""very important"" has slipped below the majority level.",https://news.gallup.com/poll/695003/perceived-importance-college-hits-new-low.aspx,https://imagekit.gallup.com/fusion/tr:n-emd_soc_meta_og/POLL/83826b98-f049-4028-9282-63354afcca81.jpg,2025-09-11T03:00:00Z,"WASHINGTON, D.C. — Americans have been placing less importance on the value of a college education over the past 15 years, to the point that about a third (35%) now rate it as “very important.” Forty… [+4428 chars]",politics
"{'id': None, 'name': 'The Japan Times'}",Zia Qureshi,What happens next to globalization?,"For starters, the rise of China and other economies is bringing an end to the postwar world order dominated by the United States.",https://www.japantimes.co.jp/commentary/2025/09/11/world/where-is-globalization-going/,https://www.japantimes.co.jp/japantimes/uploads/images/2025/09/11/486640.jpg?v=3.1,2025-09-11T03:00:00Z,"WASHINGTON Despite the hand-wringing about U.S. President Donald Trumps tariff war, which many claim sounds the death knell for the worlds trading system, and worries about heightened geopolitical te… [+835 chars]",politics
"{'id': 'fox-news', 'name': 'Fox News'}",,'Dark moment for America': Trump declares Charlie Kirk's voice 'bigger and grander' after assassination,"President Trump mourns Charlie Kirk after the conservative activist was fatally shot during a Turning Point USA event at Utah Valley University, calling it a dark moment for America.",https://www.foxnews.com/us/dark-moment-america-trump-declares-charlie-kirks-voice-bigger-grander-after-assassination,https://static.foxnews.com/foxnews.com/content/uploads/2025/09/charlie-kirk-shot-dead_035.jpg,2025-09-11T02:52:59Z,"President Donald Trump addressed the nation in the wake of Charlie Kirk's death, the conservative activist who was tragically shot Wednesday during an appearance at Utah Valley University.
The presi… [+3260 chars]",politics
"{'id': 'breitbart-news', 'name': 'Breitbart News'}","Ian Hanchett, Ian Hanchett",Dem Rep. Goldman: Trump Should Speak Out on Rhetoric from Some on Right,"On Wednesday’s “AC360,” Rep. Daniel Goldman (D-NY) said that he “would really urge the President of the United States to speak out against” rhetoric from some on the right in the wake of the assassination of Charlie Kirk. Goldman said,
The post Dem Rep. Goldm…",https://www.breitbart.com/clips/2025/09/10/dem-rep-goldman-trump-should-speak-out-on-rhetoric-from-some-on-right/,https://media.breitbart.com/media/2025/05/Goldman-430-Thumbnail-640x335.jpg,2025-09-11T02:51:49Z,"On Wednesday’s “AC360,” Rep. Daniel Goldman (D-NY) said that he “would really urge the President of the United States to speak out against” rhetoric from some on the right in the wake of the assassin… [+2920 chars]",politics
"{'id': None, 'name': 'Pypi.org'}",evaldas@dialexity.com,dialectical-framework 0.4.6,"A dialectical framework for augmented intelligence. AI reasoning powered with dialectics supports humans in: system optimization (psychology, engineering, business, politics, etc.); dispute resolution (mediation, conflicts, negotiations, etc.); decision-makin…",https://pypi.org/project/dialectical-framework/0.4.6/,,2025-09-11T02:50:09Z,"A required part of this site couldnt load. This may be due to a browser
 extension, network issues, or browser settings. Please check your
 connection, disable any ad blockers, or try using a diffe… [+12 chars]",politics
"{'id': None, 'name': 'Yahoo Entertainment'}",Carlos De Loera,New UCLA study highlights large disparities in L.A.'s Latinx labor force,"A new study from the UCLA Latino Policy and Politics Institute shows how the Hispanic workforce in L.A. County has struggled in reaching pay equity, among...",https://www.yahoo.com/news/articles/ucla-study-highlights-large-disparities-024722968.html,https://media.zenfs.com/en/la_times_articles_853/9fcfdc121e82b2cf47fb2d6f42176418,2025-09-11T02:47:22Z,"A study from the UCLA Latino Policy and Politics Institute released Wednesday analyzed the Latinx workforce across the state of California, with a focus on L.A. County, the Bay Area, the central San … [+4875 chars]",politics
"{'id': None, 'name': 'HuffPost'}",Ben Blanchet,Rosie O'Donnell Says She Missed Major Family Moment Due To Trump Threats,"The comedian opened up about how the president's feud with her has fueled ""a lot of problems"" in her life.",https://www.huffpost.com/entry/rosie-odonnell-donald-trump-feud-missed-daughters-graduation_n_68c214b9e4b02e75fd4085f4,https://img.huffingtonpost.com/asset/68957964180000b8e98c4fe4.jpeg?cache=mqHH09d14r&ops=1200_630,2025-09-11T02:40:29Z,Rosie ODonnell has explained why returning to the United States is going to be a challenge for her as she revealed that she didnt attend her daughters college graduation due to her longtime feud with… [+3491 chars],politics
"{'id': None, 'name': 'Mediaite'}",Sarah Rumpf,Florida Reporter Suspended After Texting MAGA Congressman to Ask If He Still Supports Campus Carry After Kirk Shooting,"A reporter with a popular Florida political website was suspended after angering a Republican congressman with a question he texted in the wake of Charlie Kirk being shot.
The post Florida Reporter Suspended After Texting MAGA Congressman to Ask If He Still S…",https://www.mediaite.com/online/florida-reporter-suspended-after-texting-maga-congressman-to-ask-if-he-still-supports-campus-carry-after-kirk-shooting/,https://www.mediaite.com/wp-content/uploads/2025/06/AP25113105794349-scaled.jpg,2025-09-11T02:39:06Z,"Meredith Seaver/College Station Eagle via AP
A reporter with a popular Florida political website was suspended after angering a Republican congressman with a question he texted in the wake of Charli… [+4311 chars]",politics
"{'id': None, 'name': 'Freerepublic.com'}",Yahoo News!,Charlie Kirk Applauds Lamar Jackson's 'Courage and Conviction' After Backlash for Sharing Christian Message,"Turning Point USA founder Charlie Kirk is applauding Baltimore Ravens quarterback Lamar Jackson, saying the two-time NFL MVP showed ""courage and conviction"" after facing criticism for sharing Kirk’s faith-based post on X that read, ""It’s all about Jesus."" ""I …",https://freerepublic.com/focus/f-news/4339677/posts,,2025-09-11T02:38:49Z,"Skip to comments.
Charlie Kirk Applauds Lamar Jackson's 'Courage and Conviction' After Backlash for Sharing Christian MessageYahoo News! ^
 | Wed, August 20, 2025
 | Taylor Penley
Posted on 09/10… [+1866 chars]",politics
"{'id': 'breitbart-news', 'name': 'Breitbart News'}","Olivia Rondeau, Olivia Rondeau",Pennsylvania Teacher Shares Post Calling Charlie Kirk a 'White Nationalist' Who Deserves No Empathy,"A Pennsylvania public school ""emotional support teacher"" shared a post calling slain conservative activist Charlie Kirk a bigoted ""white nationalist mouthpiece"" who normalized ""Trumpism"" and does not deserve ""empathy"" shortly after he was assassinated on a Ut…",https://www.breitbart.com/politics/2025/09/10/pennsylvania-teacher-shares-post-calling-charlie-kirk-a-white-nationalist-who-deserves-no-empathy/,https://media.breitbart.com/media/2025/09/AP25253691178788-640x335.jpg,2025-09-11T02:37:10Z,A Pennsylvania public school “emotional support teacher” shared a post calling slain conservative activist Charlie Kirk a bigoted “white nationalist mouthpiece” who normalized “Trumpism” and does not… [+2769 chars],politics
"{'id': None, 'name': 'Bordermail.com.au'}",Sophie Else,Pharmacist Jeff Nelson retires after 30 years in Lavington,"Jeff Nelson bids farewell to Lavington pharmacy after 30 years, impacting many lives and being part of Terry White's success.",https://www.bordermail.com.au/story/9063174/pharmacist-jeff-nelson-retires-after-30-years-in-lavington/,https://www.bordermail.com.au/images/transform/v1/crop/frm/168477368/d315e7f3-1fcb-4270-88e3-b7e765a0ad4b.jpg/r0_419_5915_3524_w1200_h630_fmax.jpg,2025-09-11T02:35:34Z,"Being a pharmacist is more than counting tablets or checking labels. 
Subscribe today for the news that matters
Loginor signup to continue reading
All articles from our website &amp; app
The digi… [+3671 chars]",politics
"{'id': 'the-times-of-india', 'name': 'The Times of India'}",Don Tomslee,Trump releases video statement on Charlie Kirk assassination,"President Donald Trump releases video message calling Charlie Kirk assassination ""dark moment for America."" Conservative activist and Turning Point USA co-founder killed Wednesday, September 10, during Utah college appearance",https://economictimes.indiatimes.com/news/international/us/trump-releases-video-statement-on-charlie-kirk-assassination/articleshow/123820179.cms,"https://img.etimg.com/thumb/msid-123820160,width-1200,height-630,imgsize-1074651,overlay-economictimes/articleshow.jpg",2025-09-11T02:33:14Z,"President Donald Trump issued a video statement following the assassination of Charlie Kirk, conservative political activist and co-founder of Turning Point USA. Trump characterized the shooting as a… [+1645 chars]",politics
"{'id': 'breitbart-news', 'name': 'Breitbart News'}","Paul Bois, Paul Bois","Chris Pratt, Arnold Schwarzenegger, Jason Aldean, More Condemn Charlie Kirk Assassination: 'God Help Us'","Several actors and celebrities across the political spectrum condemned the assassination of conservative commentator Charlie Kirk on Wednesday with no equivocations.
The post Chris Pratt, Arnold Schwarzenegger, Jason Aldean, More Condemn Charlie Kirk Assassin…",https://www.breitbart.com/entertainment/2025/09/10/arnold-schwarzenegger-chris-pratt-mark-hamill-more-condemn-charlie-kirk-assassination/,https://media.breitbart.com/media/2025/09/prattarnoldaldeankirk-640x335.jpg,2025-09-11T02:32:17Z,"Several actors and celebrities across the political spectrum condemned the assassination of conservative commentator Charlie Kirk on Wednesday with no equivocations.
Arnold Schwarzenegger (The Termi… [+2504 chars]",politics
"{'id': 'abc-news-au', 'name': 'ABC News (AU)'}",Carrington Clarke,"Kirk's death should jolt America, but horror has rarely led to change","The killing of Trump ally Charlie Kirk should be a moment that jolts America — but despite the bipartisan outrage, it's hard to believe this act of hatred will spark any meaningful national reckoning.",https://www.abc.net.au/news/2025-09-11/charlie-kirks-death-unlikely-to-spark-us-reckoning-with-violence/105761558,https://live-production.wcms.abc-cdn.net.au/b7a04c6585b4eb7e4f087f760b4ceae4?impolicy=wcms_watermark_news&cropH=1447&cropW=2573&xPos=0&yPos=108&width=862&height=485&imformat=generic,2025-09-11T02:28:47Z,"This should be a moment that jolts America.
A 31-year-old father of two has been killed on a college campus in what authorities are calling a political assassination.
For Charlie Kirk's family and … [+2957 chars]",politics
"{'id': None, 'name': 'Freerepublic.com'}",Yahoo News!,MSNBC Guest Skewered Online After Victim-Blaming Charlie Kirk Following Utah Shooting: ‘Disgusting Thing to Say’,"Political strategist Matthew Dowd faced a grilling on social media after he speculated on MSNBC about the shooting of conservative activist Charlie Kirk during an event at an Utah college on Wednesday. SNIP “But following up with what was just said, he’s been…",https://freerepublic.com/focus/f-news/4339674/posts,,2025-09-11T02:27:32Z,"Skip to comments.
MSNBC Guest Skewered Online After Victim-Blaming Charlie Kirk Following Utah Shooting: Disgusting Thing to SayYahoo News! ^
 | Wed, September 10, 2025
 | Rachel Cohen
Posted on … [+2892 chars]",politics
"{'id': None, 'name': 'Politicalwire.com'}",Taegan Goddard,Graphic Video of Charlie Kirk Killing Was Everywhere,"Associated Press: “Traditional news organizations were cautious in their midafternoon coverage of Charlie Kirk’s assassination Wednesday not to depict the moment he was shot, instead showing video of him tossing a hat to his audience",https://politicalwire.com/2025/09/10/graphic-video-of-charlie-kirk-killing-was-everywhere/,https://politicalwire.com/wp-content/uploads/2018/02/PW-podcast-logo.jpg,2025-09-11T02:27:14Z,"“There are a lot of blogs and news sites claiming to understand politics, but only a few actually do. Political Wire is one of them.”
 Chuck Todd, host of “Meet the Press”
“Concise. Relevant. To th… [+594 chars]",politics
"{'id': None, 'name': 'POLITICO.eu'}","Carlo Boffa, Johanna Treeck",ECB’s Lagarde set to face grilling on French troubles,For Christine Lagarde the occasion will serve as an uncomfortable reminder of her biggest communications gaffe as central bank chief.,https://www.politico.eu/article/ecb-lagarde-to-face-grilling-rench-troubles/,"https://www.politico.eu/cdn-cgi/image/width=1200,height=630,fit=crop,quality=80,onerror=redirect/wp-content/uploads/2025/09/10/lagarde-scaled.jpg",2025-09-11T02:25:00Z,"Lagarde will need to manage expectations carefully, HSBC economist Fabio Balboni warned, since ruling cuts out completely could drive up borrowing costs across the eurozone, including in France.
Man… [+1740 chars]",politics
"{'id': None, 'name': '7NEWS.com.au'}",Digital Staff,‘Prove me wrong’: How Charlie Kirk became a key cog in Trump and MAGA’s youth machine,"The influencer and activist, who was shot and killed early Thursday, pioneered a new model for conservative campaigning.",https://7news.com.au/news/prove-me-wrong-how-charlie-kirk-became-a-key-cog-in-trump-and-magas-youth-machine-c-19982758,https://images.7news.com.au/publication/C-19982758/b4cb3ac45e0b49e6adeb1cc896ba52adc4395efc-16x9-x0y225w3000h1688.jpg?imwidth=1200,2025-09-11T02:22:57Z,"No one understood or had the heart of the youth in the United States of America better than Charlie.
So said US President Donald Trump in a Truth Social post on Thursday morning, Australian time, co… [+5313 chars]",politics
"{'id': None, 'name': 'Freerepublic.com'}",Newsweek,House Floor Erupts as Lauren Boebert Calls for Prayer for Charlie Kirk,"The floor of the House of Representatives erupted into shouting on Wednesday as Republican Representative Lauren Boebert asked for a prayer in honor of Turning Point USA co-founder and CEO Charlie Kirk. Kirk was fatally shot at Utah Valley University in Orem,…",https://freerepublic.com/focus/f-news/4339672/posts,,2025-09-11T02:21:28Z,"Skip to comments.
House Floor Erupts as Lauren Boebert Calls for Prayer for Charlie KirkNewsweek ^
 | Sep 10, 2025
 | Anna Commander
Posted on 09/10/2025 7:21:28 PM PDT by nickcarraway
The floor… [+2366 chars]",politics
"{'id': None, 'name': 'Freerepublic.com'}",Townhall,They Murdered Charlie Kirk and They Must Pay,"This may be the hardest column I’ve ever written, one where I’m so angry that it’s hard for me to put my words into a sequence that’s both coherent and not profane. They murdered Charlie Kirk today. They shot him dead because he dared to exercise his right as…",https://freerepublic.com/focus/f-news/4339671/posts,,2025-09-11T02:21:03Z,"Skip to comments.
They Murdered Charlie Kirk and They Must PayTownhall ^
 | Sep 10, 2025
 | Kurt Schlichter
Posted on 09/10/2025 7:21:03 PM PDT by mairdie
This may be the hardest column Ive ever… [+1945 chars]",politics
"{'id': 'associated-press', 'name': 'Associated Press'}",By The Associated Press,The Latest: Conservative activist Charlie Kirk is shot and killed while speaking at a Utah college,Authorities say conservative activist Charlie Kirk was killed by a single shot in a targeted attack during an outdoor event Wednesday at Utah Valley University. Kirk co-founded the conservative youth organization Turning Point USA and was a close ally of…,https://apnews.com/article/charlie-kirk-shot-latest-5e36353d08fdcc5e8edce6e5ec92bc61,https://bloximages.newyork1.vip.townnews.com/roanoke.com/content/tncms/assets/v3/editorial/0/4c/04cfa3f8-5b61-518b-9b23-00d990bf7213/68c2343d3f8c1.image.jpg?crop=1920%2C1008%2C0%2C35&resize=1200%2C630&order=crop%2Cresize,2025-09-11T02:20:21Z,"Conservative activist Charlie Kirk was killed by a single shot in a targeted attack during an outdoor event Wednesday at Utah Valley University, authorities said.
Kirk co-founded the conservative yo… [+29193 chars]",politics
"{'id': None, 'name': 'Pypi.org'}",evaldas@dialexity.com,dialectical-framework added to PyPI,"A dialectical framework for augmented intelligence. AI reasoning powered with dialectics supports humans in: system optimization (psychology, engineering, business, politics, etc.); dispute resolution (mediation, conflicts, negotiations, etc.); decision-makin…",https://pypi.org/project/dialectical-framework/,,2025-09-11T02:18:19Z,"A required part of this site couldnt load. This may be due to a browser
 extension, network issues, or browser settings. Please check your
 connection, disable any ad blockers, or try using a diffe… [+12 chars]",politics
"{'id': None, 'name': 'Pypi.org'}",evaldas@dialexity.com,dialectical-framework 0.4.4,"A dialectical framework for augmented intelligence. AI reasoning powered with dialectics supports humans in: system optimization (psychology, engineering, business, politics, etc.); dispute resolution (mediation, conflicts, negotiations, etc.); decision-makin…",https://pypi.org/project/dialectical-framework/0.4.4/,,2025-09-11T02:18:19Z,"A required part of this site couldnt load. This may be due to a browser
 extension, network issues, or browser settings. Please check your
 connection, disable any ad blockers, or try using a diffe… [+12 chars]",politics
"{'id': 'usa-today', 'name': 'USA Today'}","Bart Jansen, Terry Collins and Lauren Villagran, USA TODAY","How Charlie Kirk became a key ally, advisor, and activist for Donald Trump","Charlie Kirk wasn't a Trump aide and didn't have a college degree, but his political movement brought young voters to GOP to fuel Trump's rise.",https://www.usatoday.com/story/news/politics/2025/09/10/charlie-kirk-donald-trump-politics/86083580007/,https://s.yimg.com/ny/api/res/1.2/Hce4URJ4C0dApe1WhWvj4Q--/YXBwaWQ9aGlnaGxhbmRlcjt3PTEyMDA7aD04ODg7Y2Y9d2VicA--/https://media.zenfs.com/en/usa_today_news_641/9a2737bbe424546b76d2dcb4399617c1,2025-09-11T02:18:12Z,"WASHINGTON GOP President Donald Trump called him ""Great"" and ""Legendary."" Democratic California Gov. Gavin Newsom recognized his success drawing young people to the Republican Party. The president's … [+7727 chars]",politics
"{'id': 'breitbart-news', 'name': 'Breitbart News'}","Joel B. Pollak, Joel B. Pollak",Pollak: Charlie Kirk's Assassination Irrevocably Alters American Politics,"Charlie Kirk's assassination will change American politics forever by prompting a long-overdue crackdown on the radical left.
The post Pollak: Charlie Kirk’s Assassination Irrevocably Alters American Politics appeared first on Breitbart.",https://www.breitbart.com/politics/2025/09/10/pollak-charlie-kirks-assassination-irrevocably-alters-american-politics/,https://media.breitbart.com/media/2025/09/Charlie-Kirk-power-to-the-people-Associated-Press-640x335.jpg,2025-09-11T02:13:03Z,"Charlie Kirk’s assassination will change American politics forever by prompting a long-overdue crackdown on the radical left.
Had this horrific event taken place under a Democratic administration, w… [+3867 chars]",politics
"{'id': None, 'name': 'International Business Times'}",Melissa MAJCHRZAK with Huw GRIFFITH in Los Angeles,Trump Blasts 'Radical Left' After Killing Of Influencer Charlie Kirk,"Donald Trump lashed out at the ""radical left"" on Wednesday after the apparent assassination of his right-wing ally Charlie Kirk, vowing a crackdown after a killing that has sparked fears of worsening political violence in the United States.",https://www.ibtimes.com/trump-blasts-radical-left-after-killing-influencer-charlie-kirk-3783056,https://d.ibtimes.com/en/full/4620760/influential-us-right-wing-youth-organizer-charlie-kirk-has-been-shot-wounded-according-multiple.jpg,2025-09-11T02:12:13Z,"Donald Trump lashed out at the ""radical left"" on Wednesday after the apparent assassination of his right-wing ally Charlie Kirk, vowing a crackdown after a killing that has sparked fears of worsening… [+4525 chars]",politics
"{'id': None, 'name': 'Ibtimes.com.au'}",Melissa MAJCHRZAK with Huw GRIFFITH in Los Angeles,Trump Blasts 'Radical Left' After Killing Of Influencer Charlie Kirk,"Donald Trump lashed out at the ""radical left"" on Wednesday after the apparent assassination of his right-wing ally Charlie Kirk, vowing a crackdown after a killing that has sparked fears of worsening political violence in the United States.",https://www.ibtimes.com.au/trump-blasts-radical-left-after-killing-influencer-charlie-kirk-1860469,https://d.ibtimes.com.au/en/full/1888543/influential-us-right-wing-youth-organizer-charlie-kirk-has-been-shot-wounded-according-multiple.jpg,2025-09-11T02:12:12Z,"Donald Trump lashed out at the ""radical left"" on Wednesday after the apparent assassination of his right-wing ally Charlie Kirk, vowing a crackdown after a killing that has sparked fears of worsening… [+4525 chars]",politics
"{'id': None, 'name': 'Matadornetwork.com'}",Tim Wenger,New River Gorge Offers a Glimpse Into West Virginia’s Past – and Its Future,West Virginia is a place any outdoor-obsessed traveler should visit. It’s also somewhere a conservationist or finger-pointing environmentalist should seek to understand.,https://matadornetwork.com/read/new-river-gorge-past-future/,https://cdn1.matadornetwork.com/blogs/1/2025/09/new-river-gorge-lead-2105939648-1-1200x900.jpg,2025-09-11T02:02:15Z,"For years, I’ve wanted to explore the mountains and rivers of West Virginia for the grand adventure and seductive views of Appalachia’s iconic rolling hills. I also hoped that traveling here could sh… [+13481 chars]",politics
"{'id': None, 'name': 'Pypi.org'}",kimsongwon10@korea.ac.kr,phenofect 0.1.8,"Package for Forecasting and Exploration of Plant Phenology under Climate Change, which has Parameter Examination, Visualization, Clustering and so on... with Phenological & Meteorological Data.",https://pypi.org/project/phenofect/0.1.8/,,2025-09-11T06:32:40Z,"A required part of this site couldnt load. This may be due to a browser
 extension, network issues, or browser settings. Please check your
 connection, disable any ad blockers, or try using a diffe… [+12 chars]",climate
"{'id': None, 'name': 'Naturalnews.com'}",Cassie B.,Cubaâs fifth blackout in a year exposes fragile grid; could America be next?,"Cuba’s fifth blackout in a year reveals how fragile grids become when reliant on aging infrastructure and unstable fuel sources. U.S. states like California and New York are repeating the same mistakes, shutting down nuclear and gas plants while pushing unrel…",https://www.naturalnews.com/2025-09-11-cuba-blackout-fragile-grid-america.html,https://www.naturalnews.com/wp-content/uploads/sites/91/2025/09/Power-Outage-Blackout-Electricity-Breaker-Box.jpg,2025-09-11T06:00:00Z,<ul><li>Cubas fifth blackout in a year reveals how fragile grids become when reliant on aging infrastructure and unstable fuel sources.</li><li>U.S. states like California and New York are repeating … [+4935 chars],climate
"{'id': None, 'name': 'CounterPunch'}",Atul Chandra,"Why the SCO Reset Matters for India, China, and the Global South","At the Shanghai Cooperation Organisation (SCO) summit in Tianjin on 1 September 2025, Indian Prime Minister Narendra Modi and Chinese President Xi Jinping met and publicly framed the relationship as “partners, not rivals.” Their readouts stressed dialogue on …",https://www.counterpunch.org/2025/09/11/why-the-sco-reset-matters-for-india-china-and-the-global-south/,https://www.counterpunch.org/wp-content/uploads/2025/09/2025_SCO_Summit_Family_photo.jpg,2025-09-11T05:52:30Z,"Two moves gave the reset substance, not just optics. First, India and China re-activated the Special Representatives (SR) dialogue on the boundary question in New Delhi on 19 August 2025, and second,… [+8922 chars]",climate
"{'id': None, 'name': 'SB Nation'}",David Pasztor,"Estêvão surprised, pleased by rapid adaptation, early opportunities with Chelsea",Making an impact,https://weaintgotnohistory.sbnation.com/chelsea-fc/161954/estevao-surprised-pleased-by-rapid-adaptation-early-opportunities-with-chelsea,https://platform.weaintgotnohistory.sbnation.com/wp-content/uploads/sites/178/2025/09/gettyimages-2229150062.jpg?quality=90&strip=all&crop=0%2C9.762984820107%2C100%2C80.474030359786&w=1200,2025-09-11T05:51:53Z,"Its happening very quickly, and Im already getting a lot of opportunities there. More than I even expected at Chelsea. But I think its the result of the hard work and dedication Ive maintained in tra… [+816 chars]",climate
"{'id': None, 'name': 'Hurriyet Daily News'}",hurriyetdailynews.com,"Drought, heat waves lower river levels in Edirne",Severe drought and high temperatures in recent months have sharply reduced water levels in the Meriç and Tunca rivers in the northwestern province of Edirne.,https://www.hurriyetdailynews.com/drought-heat-waves-lower-river-levels-in-edirne-213467,https://image.hurimg.com/i/hurriyet/75/200x200/68c262e9fe682bd03a46cf04.jpg,2025-09-11T05:49:31Z,"EDRNE
Severe drought and high temperatures in recent months have sharply reduced water levels in the Meriç and Tunca rivers in the northwestern province of Edirne.
Insufficient rainfall, increased … [+2507 chars]",climate
"{'id': None, 'name': 'The-independent.com'}",Kathryn Vann,Matt Damon says Beatles documentary convinced him to keep working with Ben Affleck,"‘We’re crazy if we don’t take advantage of the fact that we are both still here and able to do this,’ says the actor",https://www.the-independent.com/arts-entertainment/films/news/matt-damon-ben-affleck-movies-beatles-documentary-b2824388.html,https://static.the-independent.com/2024/08/01/08/newFile-1.jpg?width=1200&height=800&crop=1200:800,2025-09-11T05:34:52Z,"Your support helps us to tell the story
From reproductive rights to climate change to Big Tech, The Independent is on the ground when the story is developing. Whether it's investigating the financia… [+2778 chars]",climate
"{'id': None, 'name': 'ArchDaily'}",Antonia Piñeiro,The European Cultural Center Announces 21 Shortlisted Projects for the 2025 ECC Awards,"The European Cultural Center Italy has organized the ECC Awards since 2010 to recognize artists, architects, designers, and academics in their respective fields. The Awards highlight projects featured in the Time Space Existence exhibition, which runs in para…",https://www.archdaily.com/1034038/the-european-cultural-center-announces-21-shortlisted-projects-for-the-2025-ecc-awards,https://images.adsttc.com/media/images/68c2/22f1/d84f/6b08/7ae5/2ea8/large_jpg/the-ecc-awards-2025-announce-21-shortlisted-projects_25.jpg?1757553408,2025-09-11T05:30:00Z,"The Virginia Tech Honors College and Cloud 9 + Enric Ruiz Geli at Time Space Existence 2025. Installation view at Marinaressa Gardens. Image © Celestia Studio
The European Cultural Center Italy has … [+19960 chars]",climate
"{'id': None, 'name': 'Yahoo Entertainment'}","Ariba Shahid, Mohammad Yunus Yawar and Sayed Hassib","With little aid, Afghanistan's quakes spell 'inter-generational' crisis","Earthquakes that flattened villages in eastern Afghanistan this month destroyed homes and livestock, the only assets owned by most families, leaving...",https://uk.news.yahoo.com/little-aid-afghanistans-quakes-spell-052852324.html,https://media.zenfs.com/en/reuters.com/e14f1cae41a939db8d1ade6b45889bc9,2025-09-11T05:28:52Z,"By Ariba Shahid, Mohammad Yunus Yawar and Sayed Hassib
KARACHI/BAMBA KOT, Afghanistan (Reuters) - Earthquakes that flattened villages in eastern Afghanistan this month destroyed homes and livestock,… [+3778 chars]",climate
"{'id': None, 'name': 'OilPrice.com'}",Irina Slav,IEA Prepares to Walk Back Predictions of Peak Oil and Gas Demand,"The International Energy Agency, which has repeatedly predicted that global oil demand growth will peak before 2030, has drafted a report admitting that both oil and gas demand are set to continue growing for decades. Bloomberg’s Javier Blas reported the news…",https://oilprice.com/Latest-Energy-News/World-News/IEA-Prepares-to-Walk-Back-Predictions-of-Peak-Oil-and-Gas-Demand.html,https://d32r1sh890xpii.cloudfront.net/news/718x300/2025-09-11_aavbb8ktzl.jpg,2025-09-11T05:28:00Z,"Rystad Energy's analysis highlights increasing…
Western sanctions against Russia, including…
By Irina Slav - Sep 11, 2025, 12:28 AM CDTThe International Energy Agency, which has repeatedly predicte… [+2138 chars]",climate
"{'id': None, 'name': 'The-independent.com'}",Greg Evans,Glen Powell credits Chris Pratt’s Marvel role for changing Hollywood,‘Top Gun: Maverick’ star says Pratt made things more ‘silly and buoyant’,https://www.the-independent.com/arts-entertainment/films/news/glen-powell-chris-pratt-marvel-guardians-of-galaxy-b2824386.html,https://static.the-independent.com/2025/09/10/10/25/gpcp.png?width=1200&height=800&crop=1200:800,2025-09-11T05:15:18Z,"Your support helps us to tell the story
From reproductive rights to climate change to Big Tech, The Independent is on the ground when the story is developing. Whether it's investigating the financia… [+2939 chars]",climate
"{'id': None, 'name': 'The-independent.com'}",Ellie Muir,Thomas Skinner speaks out after quitting Strictly Come Dancing press event,Former ‘Apprentice’ contestant claimed he was caught off guard after he saw messages on journalist’s phone,https://www.the-independent.com/arts-entertainment/tv/news/thomas-skinner-strictly-come-dancing-bbc-press-event-apprentice-b2824384.html,https://static.the-independent.com/2025/08/14/9/35/Strictly-Come-Dancing-2025-x6wbjewm.jpeg?width=1200&height=800&crop=1200:800,2025-09-11T05:12:36Z,"Your support helps us to tell the story
From reproductive rights to climate change to Big Tech, The Independent is on the ground when the story is developing. Whether it's investigating the financia… [+3933 chars]",climate
"{'id': None, 'name': 'The Star Online'}",Mark Trevelyan,Ticket to the Arctic: Inside Russia's system of convict labour,"LONDON (Reuters) -It was a mild spring evening in the Russian city of Krasnoyarsk, but Yekaterina Fatyanova was scrambling to pack winter clothes. Read full story",https://www.thestar.com.my/news/world/2025/09/11/ticket-to-the-arctic-inside-russia039s-system-of-convict-labour,https://apicms.thestar.com.my/uploads/images/2025/09/11/3515579.jpg,2025-09-11T05:12:00Z,"LONDON (Reuters) -It was a mild spring evening in the Russian city of Krasnoyarsk, but Yekaterina Fatyanova was scrambling to pack winter clothes.
With just a few hours' notice, the Siberian activis… [+10384 chars]",climate
"{'id': None, 'name': 'The Star Online'}",Farik Zolkepli,Defence Ministry outlines new strategy to address modern threats,"KUALA LUMPUR: The Defence Ministry has outlined a new strategic defence direction to strengthen the nation's resilience, says Datuk Seri Mohamed Khaled Nordin. Read full story",https://www.thestar.com.my/news/nation/2025/09/11/defence-ministry-outlines-new-strategy-to-address-modern-threats,https://apicms.thestar.com.my/uploads/images/2025/09/11/3515578.jpg,2025-09-11T05:11:00Z,"KUALA LUMPUR: The Defence Ministry has outlined a new strategic defence direction to strengthen the nations resilience, says Datuk Seri Mohamed Khaled Nordin.
He said that this will cover modern sec… [+3560 chars]",climate
"{'id': None, 'name': 'Insurance Journal'}",Admin,"Disaster Survivors Wait Longer to Get Federal Aid, Says AP","Survivors of major natural disasters in the U.S. are having to wait longer to get aid from the federal government, according to a new Associated Press analysis of decades of data. On average, it took less than two weeks for …",https://www.insurancejournal.com/news/national/2025/09/11/838755.htm,https://www.insurancejournal.com/app/uploads/2025/03/AP25075792357354.jpg,2025-09-11T05:02:08Z,"Survivors of major natural disasters in the U.S. are having to wait longer to get aid from the federal government, according to a new Associated Press analysis of decades of data.
On average, it too… [+6381 chars]",climate
"{'id': None, 'name': 'Dezeen'}",Alyn Griffiths,Nature invades Paris's July Column in Corals of Liberty installation by Aude Franjou,"French artist Aude Franjou has created an installation for Paris Design Week featuring handwoven coral-like forms that spiral upwards through a staircase within one of the city's most famous landmarks. Franjou was commissioned by Florence Guillier Bernard, fo…",https://www.dezeen.com/2025/09/11/aude-franjous-corals-of-liberty-paris-design-week/,https://static.dezeen.com/uploads/2025/09/les-coraux-de-la-liberte-aude-franjou-sq_dezeen_2364_col_1.jpg,2025-09-11T05:00:27Z,French artist Aude Franjou has created an installation for Paris Design Week featuring handwoven coral-like forms that spiral upwards through a staircase within one of the city's most famous landmark… [+3956 chars],climate
"{'id': None, 'name': 'The-independent.com'}",Katie Rosseinsky,Meet the Americans who love Downton Abbey: ‘People wanted photos with my lifesize Hugh Bonneville cut-out’,"Julian Fellowes’ very British period piece has won over legions of American devotees since it premiered in the States in 2011. As the show bows out with a third and final film, Katie Rosseinsky talks to fans from across the Atlantic about its escapist appeal",https://www.the-independent.com/arts-entertainment/films/features/downton-abbey-american-fans-bonneville-b2823951.html,"https://static.the-independent.com/2025/09/10/7/37/EMARGOED_TO_30TH_SEPTEMBER_DOWNTON_EP3_14-JPG-nx8s4rvj.jpeg?trim=2,0,4,0&width=1200&height=800&crop=1200:800",2025-09-11T05:00:00Z,"Your support helps us to tell the story
From reproductive rights to climate change to Big Tech, The Independent is on the ground when the story is developing. Whether it's investigating the financia… [+9558 chars]",climate
"{'id': None, 'name': 'The-independent.com'}",Lauren Taylor,Quick steak with coffee and chilli butter – and the slicing trick you need to know,"Learn why cutting against the grain makes all the difference, then try this speedy steak recipe with a bold marinade of coffee, chilli and lime butter",https://www.the-independent.com/life-style/food-and-drink/recipes/quick-steak-coffee-chilli-butter-slicing-tip-b2814923.html,https://static.the-independent.com/2025/08/27/11/25140139-be62e007-16b6-4f6c-b940-df372d8b0f34.jpg?width=1200&height=800&crop=1200:800,2025-09-11T05:00:00Z,"Your support helps us to tell the story
From reproductive rights to climate change to Big Tech, The Independent is on the ground when the story is developing. Whether it's investigating the financia… [+2750 chars]",climate
"{'id': None, 'name': 'The-independent.com'}",Lauren Taylor,Stir-fried papaya with crispy basil: A Brazilian-style side full of flavour,"Turn ripe papaya into a sweet, spiced mash that tastes just like pumpkin, stir-fried with curry powder, chilli and herbs for a fast and flavour-packed side",https://www.the-independent.com/life-style/food-and-drink/recipes/stir-fried-papaya-crispy-basil-brazilian-side-b2814922.html,https://static.the-independent.com/2025/08/27/11/25143030-ae73f6aa-5a04-4a41-a9a8-70ebd3b33af3.jpg?width=1200&height=800&crop=1200:800,2025-09-11T05:00:00Z,"Your support helps us to tell the story
From reproductive rights to climate change to Big Tech, The Independent is on the ground when the story is developing. Whether it's investigating the financia… [+3080 chars]",climate
"{'id': 'rte', 'name': 'RTE'}",Fergal O'Brien,Construction of large biomethane plant to begin in Mayo,Construction is to begin on Ireland's largest agri-based biomethane plant in Co Mayo.,https://www.rte.ie/news/regional/2025/0911/1532878-biomethane-plant-mayo/,https://www.rte.ie/images/00232725-1600.jpg,2025-09-11T05:00:00Z,"Construction is to begin on Ireland's largest agri-based biomethane plant in Co Mayo.
The facility, which will be located near Ballinrobe, is the first commercial scale plant of its kind in the coun… [+2994 chars]",climate
"{'id': None, 'name': 'International Business Times'}",AFP News,Heat Risks Force World Marathons And Race Walks To Start Earlier,"The marathons and 35km race walks at the World Athletics Championships in Tokyo will start half an hour earlier because of health risks posed by unseasonably hot weather, organisers said Thursday.",https://www.ibtimes.com/heat-risks-force-world-marathons-race-walks-start-earlier-3783077,https://d.ibtimes.com/en/full/4620866/people-walk-under-water-misting-system-cool-down-heat-grips-tokyo.jpg,2025-09-11T04:51:14Z,"The marathons and 35km race walks at the World Athletics Championships in Tokyo will start half an hour earlier because of health risks posed by unseasonably hot weather, organisers said Thursday.
T… [+2323 chars]",climate
"{'id': 'financial-post', 'name': 'Financial Post'}",Bloomberg News,"UN’s Largest Complex Begins Upgrades, Rivaling New York Hub",The United Nations is growing the capacity of its secretariat headquarters in Kenya — its only facility in Africa and already the biggest worldwide — cementing Nairobi’s position as the international diplomacy capital in the global south.,https://financialpost.com/pmn/business-pmn/uns-largest-complex-begins-upgrades-rivaling-new-york-hub,,2025-09-11T04:45:48Z,(Bloomberg) The United Nations is growing the capacity of its secretariat headquarters in Kenya its only facility in Africa and already the biggest worldwide cementing Nairobis position as the intern… [+4801 chars],climate
"{'id': None, 'name': 'The BMJ'}","Wright, O., Olopade, C. O., Aifah, A. A., Fagbemi, T., Hade, E. M., Mishra, S., Onakomaiya, D. O., Kanneh, N., Chen, W., Colvin, C. L., Ogunyemi, R., Sogbossi, E., Erinosho, E., Ojengbede, O., Taiwo, O., Johnson, M. A., Vedanthan, R., Wall, S., lwelunmor, J., Idris, O., Ogedegbe, G.","Community mobilisation for adoption of clean cookstoves and clean fuel to reduce household air pollution and blood pressure in Lagos, Nigeria: protocol for a cluster-randomised trial","Introduction In Africa, 75% of households are exposed to household air pollution (HAP), a key contributor to cardiovascular disease (CVD). In Nigeria, 90 million households rely on solid fuels for cooking, and 40% of adults have hypertension. Though clean fue…",https://bmjopen.bmj.com/content/15/9/e098483,https://bmjopen.bmj.com/pages/wp-content/uploads/sites/7/2019/07/bmjopen-default-cover.png,2025-09-11T04:34:00Z,"Introduction
Approximately 2.3billion people globally rely on solid fuels like wood, coal, and biomass for cooking and heating, contributing to increased household air pollution (HAP).1 The use of i… [+6766 chars]",climate
"{'id': None, 'name': 'The BMJ'}","Oldenburg, J., Keil, M., Maass, L., Lange, O., Rogowski, W.",Study Protocol for a Delphi Process to Develop a Climate Impact Extension to the Consolidated Health Economic Evaluation Reporting Standard (CHEERS) 2022--the CHEERS ClimatE Checklist,"Introduction

The healthcare sector has significant environmental impacts, particularly through greenhouse gas emissions. Reducing its climate footprint is therefore essential for achieving political goals such as net-zero and climate-friendly healthcare. Wh…",https://bmjopen.bmj.com/content/15/9/e094617,https://bmjopen.bmj.com/pages/wp-content/uploads/sites/7/2019/07/bmjopen-default-cover.png,2025-09-11T04:34:00Z,"Introduction
Health economic evaluation (HEE) is a systematic approach used to compare the costs and consequences of different healthcare interventions. These evaluations are essential for addressin… [+7519 chars]",climate
"{'id': None, 'name': 'Digital Journal'}",AFP,Against the tide: Filipinos battle rising sea on sinking island,"On the Philippine island of Pugad, street food vendor Maria Tamayo wakes before her grandchildren to begin the backbreaking work of removing seawater from her home scoop by scoop with a plastic dustpan. The routine has been the same ever since the rising tide…",https://www.digitaljournal.com/world/against-the-tide-filipinos-battle-rising-sea-on-sinking-island/article,https://www.digitaljournal.com/wp-content/uploads/2025/09/47c75a1d4ef674342eb46d884764cdb3e630fb7e.jpg,2025-09-11T04:32:20Z,"Manila Bay is swallowing the Philippines' Pugad Island, where land subsidence is being exacerbated by rising sea levels - Copyright AFP Ted ALJIBE
On the Philippine island of Pugad, street food vend… [+4435 chars]",climate
"{'id': None, 'name': 'International Business Times'}",Pam CASTRO,Against The Tide: Filipinos Battle Rising Sea On Sinking Island,"On the Philippine island of Pugad, street food vendor Maria Tamayo wakes before her grandchildren to begin the backbreaking work of removing seawater from her home scoop by scoop with a plastic dustpan.",https://www.ibtimes.com/against-tide-filipinos-battle-rising-sea-sinking-island-3783073,https://d.ibtimes.com/en/full/4620835/manila-bay-swallowing-philippines-pugad-island-where-land-subsidence-being-exacerbated-rising.jpg,2025-09-11T04:30:24Z,"On the Philippine island of Pugad, street food vendor Maria Tamayo wakes before her grandchildren to begin the backbreaking work of removing seawater from her home scoop by scoop with a plastic dustp… [+4257 chars]",climate
"{'id': None, 'name': 'Ibtimes.com.au'}",Pam CASTRO,Against The Tide: Filipinos Battle Rising Sea On Sinking Island,"On the Philippine island of Pugad, street food vendor Maria Tamayo wakes before her grandchildren to begin the backbreaking work of removing seawater from her home scoop by scoop with a plastic dustpan.",https://www.ibtimes.com.au/against-tide-filipinos-battle-rising-sea-sinking-island-1860472,https://d.ibtimes.com.au/en/full/1888552/manila-bay-swallowing-philippines-pugad-island-where-land-subsidence-being-exacerbated-rising.jpg,2025-09-11T04:30:19Z,"On the Philippine island of Pugad, street food vendor Maria Tamayo wakes before her grandchildren to begin the backbreaking work of removing seawater from her home scoop by scoop with a plastic dustp… [+4257 chars]",climate
"{'id': 'the-times-of-india', 'name': 'The Times of India'}",ET Online,ACME Group partners with Japan's IHI Corporation to develop India's largest green ammonia project in Odisha,"ACME Group and IHI Corporation have formed a joint venture to develop India's largest green ammonia project in Odisha, targeting production of 0.4 million tonnes annually. With IHI acquiring a 30% stake, the project aims to supply Japanese industries, support…",https://economictimes.indiatimes.com/industry/renewables/acme-group-announces-jv-with-japans-ihi-corporation-to-develop-indias-largest-green-ammonia-project-in-odisha/articleshow/123821578.cms,"https://img.etimg.com/thumb/msid-123821794,width-1200,height-630,imgsize-16786,overlay-economictimes/articleshow.jpg",2025-09-11T04:25:38Z,"Cleantech business group, ACME, on Thursday announced a joint venture with Japan's heavy industry group, IHI Corporation to develop India's largest green ammonia project in Gopalpur, Odisha. The two … [+3572 chars]",climate
"{'id': None, 'name': 'Pypi.org'}",zhaos@hawaii.edu,XRO 1.0.1,The eXtended nonlinear Recharge Oscillator (XRO) model for ENSO and pantropical climate variability.,https://pypi.org/project/xro/1.0.1/,,2025-09-11T04:18:48Z,"A required part of this site couldnt load. This may be due to a browser
 extension, network issues, or browser settings. Please check your
 connection, disable any ad blockers, or try using a diffe… [+12 chars]",climate
"{'id': None, 'name': 'New York Post'}",Caitlin McCormack,Australia approves vaccine to protect koalas against chlamydia,Rampant chlamydia is responsible for more than half of all koala deaths in the wild.,https://nypost.com/2025/09/11/world-news/australia-approves-vaccine-to-protect-koalas-against-chlamydia/,https://nypost.com/wp-content/uploads/sites/2/2025/09/vaccine-comp.jpg?quality=75&strip=all&w=1024,2025-09-11T04:04:40Z,"Australia approved and funded a vaccine to protect koalas against chlamydia as part of its repopulation efforts for the endangered species.
Koalas used to populate Australia in the millions, but man… [+3211 chars]",climate
"{'id': None, 'name': 'Biztoc.com'}",euractiv.com,Europe’s 2040 climate target: what is it and what’s at stake,"The EU's proposal to cut its carbon footprint to a tenth of 1990 levels is facing resistance, torn between concerns over Europe's industrial future and its global credibility as a climate leader.
For decades, climate action came easily. In the 30 years to 202…",https://biztoc.com/x/7f33a8054ee12052,https://biztoc.com/cdn/7f33a8054ee12052_s.webp,2025-09-11T04:02:56Z,"The EU's proposal to cut its carbon footprint to a tenth of 1990 levels is facing resistance, torn between concerns over Europe's industrial future and its global credibility as a climate leader.For … [+146 chars]",climate
"{'id': None, 'name': 'EURACTIV'}",Bárbara Machado,From arson to carelessness: how humans set Europe on fire,"A staggering 96% of EU wildfires are human-caused, many set on purpose",https://www.euractiv.com/section/eet/news/mishaps-negligence-and-arson-how-humans-set-fire-to-europe/,https://www.euractiv.com/content/uploads/sites/2/2025/09/GettyImages-2229817021-1.jpg,2025-09-11T04:00:58Z,"Almost all of the fires that ravage Europe every year are caused by humans, often deliberately. Yet the issue is consistently overlooked by policymakers and treated lightly by courts.
This year, Eur… [+4355 chars]",climate
"{'id': None, 'name': 'Dezeen'}",Dezeen staff,"Rieder facade makes ""architectural statement"" for Hamburg port tower","Promotion: a three-dimensional facade solution by facade specialist Rieder ensures a durable, weather-resistant exterior for a building in Hamburg, Germany. Designed by Munich-based architecture studio Auer Weber, the BGW and VBG Prevention Centre is a 19-sto…",https://www.dezeen.com/2025/09/11/rieder-red-bricked-facade/,https://static.dezeen.com/uploads/2025/08/Hamburg-Reider_dezeen_2364_col_15.jpg,2025-09-11T04:00:35Z,"Promotion: a three-dimensional facade solution by facade specialist Rieder ensures a durable, weather-resistant exterior for a building in Hamburg, Germany.Designed by Munich-based architecture studi… [+2504 chars]",climate
"{'id': None, 'name': 'EURACTIV'}","Nikolaus J. Kurmayer, Robert Hodgson",Europe’s 2040 climate target: what is it and what’s at stake,European lawmakers are haggling over a new climate action target - the implications are global,https://www.euractiv.com/section/eet/news/europes-2040-climate-target-what-is-it-and-whats-at-stake/,https://www.euractiv.com/content/uploads/sites/2/2025/09/GettyImages-1230068681.jpg,2025-09-11T04:00:03Z,"NewsNews Based on facts, either observed and verified directly by the reporter, or reported and verified from knowledgeable sources.",climate
"{'id': None, 'name': 'ArchDaily'}",Olivia Poston,Becoming a City Scientist: How to Draw Urban Spaces with Data,"City Science, a rapidly expanding profession, is the scientific study and engineering of urban systems. It uses advanced technologies, big data, and complex systems physics to tackle challenges such as decarbonization, mobility, and livability. At its core, c…",https://www.archdaily.com/1033890/becoming-a-city-scientist-how-to-draw-urban-spaces-with-data,https://images.adsttc.com/media/images/68bd/f965/8791/b741/e39b/8baa/large_jpg/becoming-a-city-scientist-how-to-draw-cities-with-data_3.jpg?1757280622,2025-09-11T04:00:00Z,"Mexico City. Image © Alex González / Dronalexmx
City Science, a rapidly expanding profession, is the scientific study and engineering of urban systems. It uses advanced technologies, big data, and c… [+15185 chars]",climate
"{'id': None, 'name': 'Americanthinker.com'}",,Legal Immunity for Pesticide Manufacturers?,"A controversial provision in a FY2026 House appropriations bill has sparked a growing outcry from consumer groups, claiming that it will grant product liability immunity to pesticide manufacturers.  Bayer has launched massive publicity camp...",https://www.americanthinker.com/articles/2025/09/legal_immunity_for_pesticide_manufacturers.html,https://images.americanthinker.com/zi/ziall2cbt9mkqvq7nkx1_800.jpg,2025-09-11T04:00:00Z,"A controversial provision in a FY2026 House appropriations bill has sparked a growing outcry from consumer groups, claiming that it will grant product liability immunity to pesticide manufacturers.  … [+6768 chars]",climate
"{'id': None, 'name': 'Americanthinker.com'}",,American setback: Charlie Kirk assassinated,"Charlie Kirk was shot and killed while speaking on a Utah campus Wednesday.

Has the hecklers’ veto become a murderers’ veto? Is that how the left is going to prevent speech it doesn’t like from being heard going forward?

Scali...",https://www.americanthinker.com/blog/2025/09/american_setback_charlie_kirk_assassinated.html,https://images.americanthinker.com/cn/cnz3unvrhmi2xscmkb8p_800.jpg,2025-09-11T04:00:00Z,"Charlie Kirk was shot and killed while speaking on a Utah campus Wednesday.
Has the hecklers’ veto become a murderers’ veto? Is that how the left is going to prevent speech it doesn’t like from bein… [+3056 chars]",climate
"{'id': None, 'name': 'Americanthinker.com'}",,Greenhouses pay the costs of demonizing ‘greenhouse gas’,"The self-inflicted pain of “decarbonization” is not accidental but by design -- a way of forcing a decrease in energy use to satisfy a perverted, anti-human ideology that preaches an apocalyptic vision with no basis in science or common sense.",https://www.americanthinker.com/blog/2025/09/greenhouses_pay_the_costs_of_demonizing_greenhouse_gas.html,https://images.americanthinker.com/ik/ikjaztbdl4tzwjmh1qek_800.jpg,2025-09-11T04:00:00Z,The era of hypothetical warnings about the cost of green policies is over. We have now entered the brutal phase of reporting with empirical data the economic devastation that the foolish “decarboniza… [+4211 chars],climate
"{'id': None, 'name': 'Americanthinker.com'}",,Democrats and the assassination of Charlie Kirk,"Over the past decade, major media outlets, often aligned with progressive ideologies, have characterized Republicans and conservatives as extreme threats, using terms like",https://www.americanthinker.com/blog/2025/09/democrats_and_the_assassination_of_charlie_kirk.html,https://images.americanthinker.com/eg/egs2geqv4rjjymjrhz4a_800.png,2025-09-11T04:00:00Z,"Over the past decade, major media outlets, often aligned with progressive ideologies, have characterized Republicans and conservatives as extreme threats, using terms like ""Hitler"" or ""Nazis."" This r… [+2660 chars]",climate
"{'id': None, 'name': 'CleanTechnica'}",Michael Barnard,Small Modular Reactors and the Big Questions of Cost & Waste,"The publication of Kim and Macfarlane’s 2026 study on small modular reactors is a moment worth pausing over. Nuclear energy sits at the margins of most serious decarbonization pathways today, but SMRs have been marketed as the technology that could change tha…",https://cleantechnica.com/2025/09/10/small-modular-reactors-and-the-big-questions-of-cost-waste/,https://cleantechnica.com/wp-content/uploads/2025/09/ChatGPT-Image-Sep-10-2025-09_26_21-PM-800x533.png,2025-09-11T03:55:56Z,"Support CleanTechnica's work through a Substack subscription or on Stripe.
The publication of Kim and Macfarlanes 2026 study on small modular reactors is a moment worth pausing over. Nuclear energy … [+7928 chars]",climate
"{'id': None, 'name': 'Ndtvprofit.com'}",Ann Jacob,"France Protests Updates: ""Block Everything"" Movement Disrupts Cities, Hundreds Arrested","France Protests Updates: France is seeing widespread and violent protests under the banner of the ""Block Everything"" movement, fueled by rage over President Emmanuel Macron's fiscal policies and austerity measures. The protests, which saw demonstrators block …",https://www.ndtvprofit.com/world/france-protests-live-updates-block-everything-movement-disrupts-paris-marseille-hundreds-arrested,https://media.assettype.com/bloombergquint%2F2025-09-10%2Fz6f9whrm%2FAP09102025000141A.jpg?rect=0%2C133%2C3881%2C2038&w=1200&auto=format%2Ccompress&ogImage=true,2025-09-11T03:47:47Z,"France is seeing widespread and violent protests under the banner of the ""Block Everything"" movement, fueled by rage over President Emmanuel Macron's fiscal policies and austerity measures. The prote… [+1362 chars]",climate
