source,author,title,description,url,urlToImage,publishedAt,content,topic
"{'id': None, 'name': 'CNBC'}",,What we know about the cyberattack that hit major European airports,Brussels Airport said it expected heavy disruption and flight cancellations into Sunday as a result of the cyberattack.,https://www.cnbc.com/2025/09/21/what-we-know-about-the-cyberattack-that-hit-major-european-airports.html,https://image.cnbcfm.com/api/v1/image/108201662-1758444813910-gettyimages-2235873725-AFP_768K7DH.jpeg?v=1758444859&w=1920&h=1080,2025-09-21T09:13:03Z,"Travellers wait in Terminal 4 at Heathrow Airport on Sept. 20, 2025 after major European airports including Brussels, Berlin and London's Heathrow were hit by ""cyber-related disruption.""
Disruption … [+4309 chars]",technology
"{'id': None, 'name': 'Slashdot.org'}",feedfeeder,VPNs Are in High Demand for These Main Reasons,A new study reveals how virtual private networks are expanding outside of the niche technology just for businesses.,https://slashdot.org/firehose.pl?op=view&amp;id=179425358,,2025-09-21T09:12:28Z,The Fine Print: The following comments are owned by whoever posted them. We are not responsible for them in any way.,technology
"{'id': None, 'name': 'ETF Daily News'}",MarketBeat News,"Pallas Capital Advisors LLC Makes New $567,000 Investment in BorgWarner Inc. $BWA","Pallas Capital Advisors LLC purchased a new position in BorgWarner Inc. (NYSE:BWA – Free Report) in the second quarter, Holdings Channel.com reports. The firm purchased 16,922 shares of the auto parts company’s stock, valued at approximately $567,000. Other i…",https://www.etfdailynews.com/2025/09/21/pallas-capital-advisors-llc-makes-new-567000-investment-in-borgwarner-inc-bwa/,https://www.americanbankingnews.com/wp-content/timthumb/timthumb.php?src=https://www.marketbeat.com/logos/Borg_Warner_logo-1200x675.jpg&w=240&h=240&zc=2,2025-09-21T09:10:51Z,"Pallas Capital Advisors LLC purchased a new position in BorgWarner Inc. (NYSE:BWA – Free Report) in the second quarter, Holdings Channel.com reports. The firm purchased 16,922 shares of the auto part… [+6494 chars]",technology
"{'id': None, 'name': 'ETF Daily News'}",MarketBeat News,Insurance Stocks Worth Watching – September 19th,"Tesla, UnitedHealth Group, Opendoor Technologies, SoFi Technologies, and Berkshire Hathaway are the five Insurance stocks to watch today, according to MarketBeat’s stock screener tool. Insurance stocks are shares of publicly traded companies that underwrite a…",https://www.etfdailynews.com/2025/09/21/insurance-stocks-worth-watching-september-19th/,https://www.americanbankingnews.com/wp-content/timthumb/timthumb.php?src=https://www.marketbeat.com/logos/tesla-inc-logo-1200x675.png?v=20221020135629&w=240&h=240&zc=2,2025-09-21T09:10:48Z,"Tesla, UnitedHealth Group, Opendoor Technologies, SoFi Technologies, and Berkshire Hathaway are the five Insurance stocks to watch today, according to MarketBeat’s stock screener tool. Insurance stoc… [+3789 chars]",technology
"{'id': None, 'name': 'ETF Daily News'}",MarketBeat News,"Pallas Capital Advisors LLC Has $413,000 Holdings in Dolby Laboratories $DLB","Pallas Capital Advisors LLC lessened its holdings in shares of Dolby Laboratories (NYSE:DLB – Free Report) by 3.2% during the second quarter, according to the company in its most recent Form 13F filing with the SEC. The firm owned 5,564 shares of the electron…",https://www.etfdailynews.com/2025/09/21/pallas-capital-advisors-llc-has-413000-holdings-in-dolby-laboratories-dlb/,https://www.americanbankingnews.com/wp-content/timthumb/timthumb.php?src=https://www.marketbeat.com/logos/dolby-laboratories-inc-logo-1200x675.png?v=20221110153849&w=240&h=240&zc=2,2025-09-21T09:10:48Z,"Pallas Capital Advisors LLC lessened its holdings in shares of Dolby Laboratories (NYSE:DLB – Free Report) by 3.2% during the second quarter, according to the company in its most recent Form 13F fili… [+6181 chars]",technology
"{'id': None, 'name': 'ETF Daily News'}",MarketBeat News,Focus Financial Network Inc. Buys 65 Shares of Spotify Technology $SPOT,"Focus Financial Network Inc. lifted its holdings in Spotify Technology (NYSE:SPOT – Free Report) by 11.3% during the 2nd quarter, HoldingsChannel reports. The fund owned 642 shares of the company’s stock after acquiring an additional 65 shares during the quar…",https://www.etfdailynews.com/2025/09/21/focus-financial-network-inc-buys-65-shares-of-spotify-technology-spot/,https://www.americanbankingnews.com/wp-content/timthumb/timthumb.php?src=https://www.marketbeat.com/logos/spotify-technology-sa-logo-1200x675.png?v=20221104145543&w=240&h=240&zc=2,2025-09-21T09:10:48Z,"Focus Financial Network Inc. lifted its holdings in Spotify Technology (NYSE:SPOT – Free Report) by 11.3% during the 2nd quarter, HoldingsChannel reports. The fund owned 642 shares of the company’s s… [+4583 chars]",technology
"{'id': None, 'name': 'ETF Daily News'}",MarketBeat News,"Woodward, Inc. $WWD Shares Sold by Pallas Capital Advisors LLC","Pallas Capital Advisors LLC reduced its stake in Woodward, Inc. (NASDAQ:WWD – Free Report) by 13.3% in the second quarter, according to the company in its most recent 13F filing with the Securities and Exchange Commission. The firm owned 2,224 shares of the t…",https://www.etfdailynews.com/2025/09/21/woodward-inc-wwd-shares-sold-by-pallas-capital-advisors-llc/,https://www.americanbankingnews.com/wp-content/timthumb/timthumb.php?src=https://www.marketbeat.com/logos/woodward-governor-logo-1200x675.jpg&w=240&h=240&zc=2,2025-09-21T09:10:48Z,"Pallas Capital Advisors LLC reduced its stake in Woodward, Inc. (NASDAQ:WWD – Free Report) by 13.3% in the second quarter, according to the company in its most recent 13F filing with the Securities a… [+6384 chars]",technology
"{'id': None, 'name': 'Ozbargain.com.au'}",No ONE,"TCL 75"" C6K Premium QD-Mini LED TV $1,188 + Delivery ($0 to Selected Areas/ NSW C&C) @ Appliance Central (Excl. TAS)","Key features Display: 75"" 4K Full Array Quantum Dot Mini LED Technology Picture smoothness: 200 Clear Motion Rate with VRR144Hz Smart stuff: Google TV operating system with Chromecast",https://www.ozbargain.com.au/node/925152,https://files.ozbargain.com.au/n/52/925152l.jpg?h=e8f58ba0,2025-09-21T09:09:49Z,"All trademarks are owned by their respective owners.OzBargain is an independent community website which has no association with nor endorsement by the respective trademark owners.
Copyright © 2006-2… [+32 chars]",technology
"{'id': None, 'name': '7NEWS.com.au'}",Hayley Taylor,Teen gamer reveals sickening scenes on Roblox as eSafety Commission announces new commitments to combat grooming,Teen gamer reveals sickening scenes on Roblox as eSafety Commission announces new commitments to combat grooming7news.com.au,https://7news.com.au/news/teen-gamer-reveals-sickening-scenes-inside-roblox-servers-as-esafety-commission-announces-new-commitments-to-combat-grooming-c-20021789,https://images.7news.com.au/publication/C-20021789/0d205f723d6d72398cbd8973b7c99bf626ac2702-16x9-x0y0w1280h720.jpg?imwidth=1200,2025-09-21T09:09:04Z,"Trigger warning: This article contains descriptions of child abuse
Gaming platform Roblox is used by millions of kids each day and insists child safety is central to its mission.
But young gamers s… [+10615 chars]",technology
"{'id': None, 'name': 'AutoExpress'}",Dawn Grant,Alfa Romeo Junior Elettrica Veloce: long-term test,"First report: sporty-looking EV makes a good first impression, although range could be an issue",https://www.autoexpress.co.uk/alfa-romeo/junior/367833/alfa-romeo-junior-elettrica-veloce-long-term-test,"https://media.autoexpress.co.uk/image/private/s--X-WVjvBW--/f_auto,t_content-image-full-desktop@1/v1758276000/autoexpress/2025/09/Long-term test- Alfa Romeo Junior Elettrica Veloce - front with dog and Dawn_pjrwhs.jpg",2025-09-21T09:08:46Z,"I like the cars exterior looks, and despite hoping for the Alfa red, the Arese Grey with Black Roof (£700 option) is classy.  The Junior Veloce looks different outside, with a lower ride height compa… [+3057 chars]",technology
"{'id': None, 'name': 'Biztoc.com'}",thestreet.com,Amazon is selling a 2-in-1 laptop and tablet for $63 that's a 'productivity powerhouse',"TheStreet aims to feature only the best products and services. If you buy something via one of our links, we may earn a commission.
Why we love this deal
It's no secret that technology has become an essential part of life. Whether it's a smartwatch on your wr…",https://biztoc.com/x/6eeb79eb0caa8c7c,https://biztoc.com/cdn/6eeb79eb0caa8c7c_s.webp,2025-09-21T09:08:00Z,"TheStreet aims to feature only the best products and services. If you buy something via one of our links, we may earn a commission.Why we love this dealIt's no secret that technology has become an es… [+144 chars]",technology
"{'id': 'cnn', 'name': 'CNN'}",Chris Isidore,Car prices are in check. But get ready for sticker shock on repair bills | CNN Business,"Despite billions in tariff costs for imported autos and parts, new car prices have stayed relatively flat. But the news isn’t as good for car owners taking their vehicles to the repair shop.",https://www.cnn.com/2025/09/21/business/car-repair-prices-soaring,"https://media.cnn.com/api/v1/images/stellar/prod/ap24263709335825.jpg?c=16x9&q=w_800,c_fill",2025-09-21T09:05:30Z,"Despite billions in tariff costs for imported autos and parts, new car prices have stayed relatively flat. But the news isnt as good for car owners taking their vehicles to the repair shop.
The pric… [+4776 chars]",technology
"{'id': None, 'name': 'ETF Daily News'}",MarketBeat News,Mn Services Vermogensbeheer B.V. Increases Position in TELUS Corporation $TU,"Mn Services Vermogensbeheer B.V. lifted its holdings in shares of TELUS Corporation (NYSE:TU – Free Report) (TSE:T) by 5.7% during the second quarter, according to the company in its most recent Form 13F filing with the SEC. The fund owned 181,200 shares of t…",https://www.etfdailynews.com/2025/09/21/mn-services-vermogensbeheer-b-v-increases-position-in-telus-corporation-tu/,https://www.americanbankingnews.com/wp-content/timthumb/timthumb.php?src=https://www.marketbeat.com/logos/telus-co-logo-1200x675.jpg&w=240&h=240&zc=2,2025-09-21T09:04:47Z,"Mn Services Vermogensbeheer B.V. lifted its holdings in shares of TELUS Corporation (NYSE:TU – Free Report) (TSE:T) by 5.7% during the second quarter, according to the company in its most recent Form… [+5342 chars]",technology
"{'id': None, 'name': 'Torrentfreak.com'}",Andy Maxwell,"I Came, I Typed, I Downloaded – How a Pirate Librarian Became an FBI Target","Online piracy is in the midst of an identity crisis. Sites born with one name tend to discard them quite quickly, before adopting a series of others, hoping to stay one step ahead of the law. Site operators, meanwhile, no longer court the gaze of the media, c…",https://torrentfreak.com/i-came-i-typed-i-downloaded-how-a-pirate-librarian-became-an-fbi-target-250921/,https://torrentfreak.com/images/bookfi-b-ok-z-lib.png,2025-09-21T09:00:54Z,"In April 2011, a modest Russianlanguage news portal, ‘balcon.ru’, ran an interview with two young entrepreneurs. The men were quietly working to solve a problem, identified by both as a barrier to bo… [+8557 chars]",technology
"{'id': None, 'name': 'Android Authority'}",Mitja Rutnik,These two apps are all I need to keep my productivity high,"To skyrocket my productivity, I use Notion and Todoist on a daily basis. Here's a system I've set up for each one.",https://www.androidauthority.com/notion-todoist-productivity-apps-3598429/,https://www.androidauthority.com/wp-content/uploads/2024/11/todoist-google-alternative.jpg,2025-09-21T09:00:11Z,"Im all about productivity, trying to get as much done in the least amount of time. As an Editor here at Android Authority and someone who is involved in all sorts of projects outside of work, I have … [+7626 chars]",technology
"{'id': None, 'name': 'Creative Bloq'}",Ian Dean,"Autodesk is pitching a creative future with less noise, more Flow","Diana Colella, EVP and Head of Media & Entertainment, sets out her vision.",https://www.creativebloq.com/3d/autodesk-is-pitching-a-creative-future-with-less-noise-more-flow,https://cdn.mos.cms.futurecdn.net/CU95VZzNvXV65kjNM8F7jY.jpg,2025-09-21T09:00:00Z,"At Autodesk University 2025, one theme dominated the Media &amp; Entertainment chat: AI. But while the industry buzz is deafening, Diana Colella, EVP and Head of Media &amp; Entertainment at Autodesk… [+6998 chars]",technology
"{'id': None, 'name': 'Ndtvprofit.com'}",PTI,NTPC Looks To Acquire Uranium Assets Overseas To Ensure Fuel For Future Nuclear Projects,"Home-grown power giant NTPC, which is diversifying into clean energy generation, looks to acquire uranium assets overseas to ensure fuel availability for its future nuclear projects, according to a company official. Established as a thermal-based power genera…",https://www.ndtvprofit.com/business/ntpc-looks-to-acquire-uranium-assets-overseas-to-ensure-fuel-for-future-nuclear-projects,https://media.assettype.com/bloombergquint%2F2024-08-30%2F0oeqvmde%2FNTPC-Kawas.jpeg?w=1200&auto=format%2Ccompress&ogImage=true,2025-09-21T08:59:18Z,"In January this year, NTPC formed its subsidiary NTPC Parmanu Urja Nigam Ltd (NPUNL) to explore individual nuclear projects.
Besides, NTPC is collaborating with various nuclear technology providers … [+912 chars]",technology
"{'id': None, 'name': 'ETF Daily News'}",MarketBeat News,"Precigen (NASDAQ:PGEN) Director Randal Kirk Sells 3,596,892 Shares","Precigen, Inc. (NASDAQ:PGEN – Get Free Report) Director Randal Kirk sold 3,596,892 shares of the business’s stock in a transaction dated Friday, September 19th. The stock was sold at an average price of $3.68, for a total value of $13,236,562.56. Following th…",https://www.etfdailynews.com/2025/09/21/precigen-nasdaqpgen-director-randal-kirk-sells-3596892-shares/,https://www.americanbankingnews.com/wp-content/timthumb/timthumb.php?src=https://www.marketbeat.com/logos/precigen-inc-logo-1200x675.jpg?v=20240523112351&w=240&h=240&zc=2,2025-09-21T08:55:03Z,"Precigen, Inc. (NASDAQ:PGEN – Get Free Report) Director Randal Kirk sold 3,596,892 shares of the business’s stock in a transaction dated Friday, September 19th. The stock was sold at an average price… [+4152 chars]",technology
"{'id': None, 'name': 'ETF Daily News'}",MarketBeat News,"Insider Selling: Precigen (NASDAQ:PGEN) Director Sells 1,403,360 Shares of Stock","Precigen, Inc. (NASDAQ:PGEN – Get Free Report) Director Randal Kirk sold 1,403,360 shares of Precigen stock in a transaction dated Thursday, September 18th. The stock was sold at an average price of $3.86, for a total value of $5,416,969.60. Following the sal…",https://www.etfdailynews.com/2025/09/21/insider-selling-precigen-nasdaqpgen-director-sells-1403360-shares-of-stock/,https://www.americanbankingnews.com/wp-content/timthumb/timthumb.php?src=https://www.marketbeat.com/logos/precigen-inc-logo-1200x675.jpg?v=20240523112351&w=240&h=240&zc=2,2025-09-21T08:55:02Z,"Precigen, Inc. (NASDAQ:PGEN – Get Free Report) Director Randal Kirk sold 1,403,360 shares of Precigen stock in a transaction dated Thursday, September 18th. The stock was sold at an average price of … [+4379 chars]",technology
"{'id': None, 'name': 'ETF Daily News'}",MarketBeat News,"Michael Baur Sells 102,031 Shares of ScanSource (NASDAQ:SCSC) Stock","ScanSource, Inc. (NASDAQ:SCSC – Get Free Report) CEO Michael Baur sold 102,031 shares of the firm’s stock in a transaction on Wednesday, September 17th. The stock was sold at an average price of $44.96, for a total transaction of $4,587,313.76. Following the …",https://www.etfdailynews.com/2025/09/21/michael-baur-sells-102031-shares-of-scansource-nasdaqscsc-stock/,https://www.americanbankingnews.com/wp-content/timthumb/timthumb.php?src=https://www.marketbeat.com/logos/scansource-inc-logo-1200x675.jpg&w=240&h=240&zc=2,2025-09-21T08:55:01Z,"ScanSource, Inc. (NASDAQ:SCSC – Get Free Report) CEO Michael Baur sold 102,031 shares of the firm’s stock in a transaction on Wednesday, September 17th. The stock was sold at an average price of $44.… [+4525 chars]",technology
"{'id': None, 'name': 'ETF Daily News'}",MarketBeat News,"NorthCrest Asset Manangement LLC Lowers Position in Celestica, Inc. $CLS","NorthCrest Asset Manangement LLC cut its holdings in Celestica, Inc. (NYSE:CLS – Free Report) (TSE:CLS) by 79.5% in the second quarter, according to the company in its most recent disclosure with the Securities and Exchange Commission (SEC). The firm owned 3,…",https://www.etfdailynews.com/2025/09/21/northcrest-asset-manangement-llc-lowers-position-in-celestica-inc-cls/,https://www.americanbankingnews.com/wp-content/timthumb/timthumb.php?src=https://www.marketbeat.com/logos/celestica-inc-logo-1200x675.png?v=20220503104731&w=240&h=240&zc=2,2025-09-21T08:52:55Z,"NorthCrest Asset Manangement LLC cut its holdings in Celestica, Inc. (NYSE:CLS – Free Report) (TSE:CLS) by 79.5% in the second quarter, according to the company in its most recent disclosure with the… [+4753 chars]",technology
"{'id': None, 'name': 'ETF Daily News'}",MarketBeat News,Intellicheck Mobilisa (NASDAQ:IDN) versus VIQ Solutions (OTCMKTS:VQSLF) Critical Comparison,"Institutional & Insider Ownership 42.8% of Intellicheck Mobilisa shares are held by institutional investors. 6.9% of Intellicheck Mobilisa shares are held by insiders. Strong institutional ownership is an indication that hedge funds, endowments and large mone…",https://www.etfdailynews.com/2025/09/21/intellicheck-mobilisa-nasdaqidn-versus-viq-solutions-otcmktsvqslf-critical-comparison/,https://www.americanbankingnews.com/wp-content/timthumb/timthumb.php?src=https://www.marketbeat.com/logos/viq-solutions-inc-logo-1200x675.png?v=20221227152842&w=240&h=240&zc=2,2025-09-21T08:52:54Z,"Institutional &amp; Insider Ownership
42.8% of Intellicheck Mobilisa shares are held by institutional investors. 6.9% of Intellicheck Mobilisa shares are held by insiders. Strong institutional owner… [+5114 chars]",technology
"{'id': None, 'name': 'ETF Daily News'}",MarketBeat News,Swedbank AB Has $20.62 Million Holdings in SBA Communications Corporation $SBAC,"Swedbank AB boosted its stake in SBA Communications Corporation (NASDAQ:SBAC – Free Report) by 11.0% in the second quarter, Holdings Channel reports. The firm owned 87,814 shares of the technology company’s stock after purchasing an additional 8,716 shares du…",https://www.etfdailynews.com/2025/09/21/swedbank-ab-has-20-62-million-holdings-in-sba-communications-corporation-sbac/,https://www.americanbankingnews.com/wp-content/timthumb/timthumb.php?src=https://www.marketbeat.com/logos/sba-communications-corp-logo-1200x675.gif&w=240&h=240&zc=2,2025-09-21T08:43:06Z,"Swedbank AB boosted its stake in SBA Communications Corporation (NASDAQ:SBAC – Free Report) by 11.0% in the second quarter, Holdings Channel reports. The firm owned 87,814 shares of the technology co… [+5298 chars]",technology
"{'id': None, 'name': 'ETF Daily News'}",MarketBeat News,"Swedbank AB Buys 62,102 Shares of LyondellBasell Industries N.V. $LYB","Swedbank AB grew its stake in shares of LyondellBasell Industries N.V. (NYSE:LYB – Free Report) by 37.3% during the second quarter, Holdings Channel.com reports. The institutional investor owned 228,502 shares of the specialty chemicals company’s stock after …",https://www.etfdailynews.com/2025/09/21/swedbank-ab-buys-62102-shares-of-lyondellbasell-industries-n-v-lyb/,https://www.americanbankingnews.com/wp-content/timthumb/timthumb.php?src=https://www.marketbeat.com/logos/lyondellbasell-industries-logo-1200x675.png?v=20221102151533&w=240&h=240&zc=2,2025-09-21T08:43:03Z,"Swedbank AB grew its stake in shares of LyondellBasell Industries N.V. (NYSE:LYB – Free Report) by 37.3% during the second quarter, Holdings Channel.com reports. The institutional investor owned 228,… [+6243 chars]",technology
"{'id': None, 'name': 'ETF Daily News'}",MarketBeat News,Masimo (NASDAQ:MASI) Downgraded by Wall Street Zen to Hold,Wall Street Zen cut shares of Masimo (NASDAQ:MASI – Free Report) from a buy rating to a hold rating in a research report sent to investors on Saturday. Several other brokerages have also recently weighed in on MASI. BTIG Research reiterated a “buy” rating and…,https://www.etfdailynews.com/2025/09/21/masimo-nasdaqmasi-downgraded-by-wall-street-zen-to-hold/,https://www.americanbankingnews.com/wp-content/timthumb/timthumb.php?src=https://www.marketbeat.com/logos/masimo-corp-logo.jpg&w=240&h=240&zc=2,2025-09-21T08:43:01Z,"Wall Street Zen cut shares of Masimo (NASDAQ:MASI – Free Report) from a buy rating to a hold rating in a research report sent to investors on Saturday.
Several other brokerages have also recently we… [+4739 chars]",technology
"{'id': None, 'name': 'ETF Daily News'}",MarketBeat News,"Swedbank AB Buys 8,305 Shares of Waters Corporation $WAT","Swedbank AB raised its stake in shares of Waters Corporation (NYSE:WAT – Free Report) by 25.8% in the 2nd quarter, according to the company in its most recent disclosure with the Securities and Exchange Commission (SEC). The fund owned 40,526 shares of the me…",https://www.etfdailynews.com/2025/09/21/swedbank-ab-buys-8305-shares-of-waters-corporation-wat/,https://www.americanbankingnews.com/wp-content/timthumb/timthumb.php?src=https://www.marketbeat.com/logos/waters-co-logo-1200x675.png?v=20240109092105&w=240&h=240&zc=2,2025-09-21T08:42:57Z,"Swedbank AB raised its stake in shares of Waters Corporation (NYSE:WAT – Free Report) by 25.8% in the 2nd quarter, according to the company in its most recent disclosure with the Securities and Excha… [+4900 chars]",technology
"{'id': None, 'name': 'ETF Daily News'}",MarketBeat News,NetEase (NASDAQ:NTES) Downgraded to Buy Rating by Wall Street Zen,Wall Street Zen cut shares of NetEase (NASDAQ:NTES – Free Report) from a strong-buy rating to a buy rating in a research note released on Saturday morning. A number of other research firms also recently issued reports on NTES. The Goldman Sachs Group set a $1…,https://www.etfdailynews.com/2025/09/21/netease-nasdaqntes-downgraded-to-buy-rating-by-wall-street-zen/,https://www.americanbankingnews.com/wp-content/timthumb/timthumb.php?src=https://www.marketbeat.com/logos/netease-inc-logo.png?v=20240103181107&w=240&h=240&zc=2,2025-09-21T08:42:57Z,"Wall Street Zen cut shares of NetEase (NASDAQ:NTES – Free Report) from a strong-buy rating to a buy rating in a research note released on Saturday morning.
A number of other research firms also rece… [+4034 chars]",technology
"{'id': None, 'name': 'Pypi.org'}",,kotonebot 0.3.0,"Kotonebot is game/app automation library based on computer vision technology, works for Windows and Android.",https://pypi.org/project/kotonebot/0.3.0/,,2025-09-21T08:42:22Z,"A required part of this site couldnt load. This may be due to a browser
 extension, network issues, or browser settings. Please check your
 connection, disable any ad blockers, or try using a diffe… [+12 chars]",technology
"{'id': None, 'name': 'ETF Daily News'}",MarketBeat News,"Baader Bank Aktiengesellschaft Cuts Stock Holdings in AMETEK, Inc. $AME","Baader Bank Aktiengesellschaft decreased its stake in shares of AMETEK, Inc. (NYSE:AME – Free Report) by 7.4% during the 2nd quarter, according to the company in its most recent disclosure with the Securities & Exchange Commission. The fund owned 1,135 shares…",https://www.etfdailynews.com/2025/09/21/baader-bank-aktiengesellschaft-cuts-stock-holdings-in-ametek-inc-ame/,https://www.americanbankingnews.com/wp-content/timthumb/timthumb.php?src=https://www.marketbeat.com/logos/ametek-inc-logo-1200x675.png&w=240&h=240&zc=2,2025-09-21T08:40:59Z,"Baader Bank Aktiengesellschaft decreased its stake in shares of AMETEK, Inc. (NYSE:AME – Free Report) by 7.4% during the 2nd quarter, according to the company in its most recent disclosure with the S… [+6049 chars]",technology
"{'id': None, 'name': 'ETF Daily News'}",MarketBeat News,"Signal Advisors Wealth LLC Has $279,000 Stock Holdings in First Trust Low Duration Opportunities ETF $LMBS","Signal Advisors Wealth LLC grew its position in First Trust Low Duration Opportunities ETF (NASDAQ:LMBS – Free Report) by 23.4% during the 2nd quarter, Holdings Channel reports. The firm owned 5,657 shares of the company’s stock after purchasing an additional…",https://www.etfdailynews.com/2025/09/21/signal-advisors-wealth-llc-has-279000-stock-holdings-in-first-trust-low-duration-opportunities-etf-lmbs/,https://www.americanbankingnews.com/wp-content/timthumb/timthumb.php?src=https://www.marketbeat.com/logos/first-trust-low-duration-opportunities-etf-logo-1200x675.jpg?v=20210709131324&w=240&h=240&zc=2,2025-09-21T08:40:56Z,"Signal Advisors Wealth LLC grew its position in First Trust Low Duration Opportunities ETF (NASDAQ:LMBS – Free Report) by 23.4% during the 2nd quarter, Holdings Channel reports. The firm owned 5,657 … [+3436 chars]",technology
"{'id': None, 'name': 'ETF Daily News'}",MarketBeat News,IQVIA Holdings Inc. $IQV Shares Sold by Sumitomo Mitsui DS Asset Management Company Ltd,"Sumitomo Mitsui DS Asset Management Company Ltd decreased its position in shares of IQVIA Holdings Inc. (NYSE:IQV – Free Report) by 52.1% in the 2nd quarter, according to the company in its most recent Form 13F filing with the SEC. The firm owned 21,803 share…",https://www.etfdailynews.com/2025/09/21/iqvia-holdings-inc-iqv-shares-sold-by-sumitomo-mitsui-ds-asset-management-company-ltd/,https://www.americanbankingnews.com/wp-content/timthumb/timthumb.php?src=https://www.marketbeat.com/logos/iqvia-holdings-inc-logo-1200x675.png?v=20221026153142&w=240&h=240&zc=2,2025-09-21T08:40:56Z,"Sumitomo Mitsui DS Asset Management Company Ltd decreased its position in shares of IQVIA Holdings Inc. (NYSE:IQV – Free Report) by 52.1% in the 2nd quarter, according to the company in its most rece… [+5619 chars]",technology
"{'id': None, 'name': 'ETF Daily News'}",MarketBeat News,"DuPont de Nemours, Inc. $DD Shares Bought by Sumitomo Mitsui DS Asset Management Company Ltd","Sumitomo Mitsui DS Asset Management Company Ltd grew its holdings in shares of DuPont de Nemours, Inc. (NYSE:DD – Free Report) by 0.6% during the second quarter, according to its most recent Form 13F filing with the SEC. The firm owned 54,503 shares of the ba…",https://www.etfdailynews.com/2025/09/21/dupont-de-nemours-inc-dd-shares-bought-by-sumitomo-mitsui-ds-asset-management-company-ltd/,https://www.americanbankingnews.com/wp-content/timthumb/timthumb.php?src=https://www.marketbeat.com/logos/dupont-logo-1200x675.gif&w=240&h=240&zc=2,2025-09-21T08:40:55Z,"Sumitomo Mitsui DS Asset Management Company Ltd grew its holdings in shares of DuPont de Nemours, Inc. (NYSE:DD – Free Report) by 0.6% during the second quarter, according to its most recent Form 13F… [+5986 chars]",technology
"{'id': None, 'name': 'ETF Daily News'}",MarketBeat News,"Sumitomo Mitsui DS Asset Management Company Ltd Purchases 204 Shares of Jabil, Inc. $JBL","Sumitomo Mitsui DS Asset Management Company Ltd raised its holdings in Jabil, Inc. (NYSE:JBL – Free Report) by 1.6% in the second quarter, according to its most recent 13F filing with the Securities & Exchange Commission. The firm owned 12,869 shares of the t…",https://www.etfdailynews.com/2025/09/21/sumitomo-mitsui-ds-asset-management-company-ltd-purchases-204-shares-of-jabil-inc-jbl/,https://www.americanbankingnews.com/wp-content/timthumb/timthumb.php?src=https://www.marketbeat.com/logos/jabil-logo-1200x675.jpg&w=240&h=240&zc=2,2025-09-21T08:40:54Z,"Sumitomo Mitsui DS Asset Management Company Ltd raised its holdings in Jabil, Inc. (NYSE:JBL – Free Report) by 1.6% in the second quarter, according to its most recent 13F filing with the Securities … [+5692 chars]",technology
"{'id': None, 'name': 'ETF Daily News'}",MarketBeat News,"MassMutual Private Wealth & Trust FSB Trims Stock Holdings in Zimmer Biomet Holdings, Inc. $ZBH","MassMutual Private Wealth & Trust FSB lowered its stake in shares of Zimmer Biomet Holdings, Inc. (NYSE:ZBH – Free Report) by 96.7% in the second quarter, HoldingsChannel.com reports. The institutional investor owned 880 shares of the medical equipment provid…",https://www.etfdailynews.com/2025/09/21/massmutual-private-wealth-trust-fsb-trims-stock-holdings-in-zimmer-biomet-holdings-inc-zbh/,https://www.americanbankingnews.com/wp-content/timthumb/timthumb.php?src=https://www.marketbeat.com/logos/zimmer-biomet-holdings-inc-logo-1200x675.jpg&w=240&h=240&zc=2,2025-09-21T08:38:50Z,"MassMutual Private Wealth &amp; Trust FSB lowered its stake in shares of Zimmer Biomet Holdings, Inc. (NYSE:ZBH – Free Report) by 96.7% in the second quarter, HoldingsChannel.com reports. The institu… [+6108 chars]",technology
"{'id': None, 'name': 'ETF Daily News'}",MarketBeat News,Signal Advisors Wealth LLC Takes Position in Hewlett Packard Enterprise Company $HPE,"Signal Advisors Wealth LLC acquired a new stake in shares of Hewlett Packard Enterprise Company (NYSE:HPE – Free Report) during the second quarter, HoldingsChannel.com reports. The institutional investor acquired 14,709 shares of the technology company’s stoc…",https://www.etfdailynews.com/2025/09/21/signal-advisors-wealth-llc-takes-position-in-hewlett-packard-enterprise-company-hpe/,https://www.americanbankingnews.com/wp-content/timthumb/timthumb.php?src=https://www.marketbeat.com/logos/hewlett-packard-enterprise-co-logo-1200x675.jpg&w=240&h=240&zc=2,2025-09-21T08:38:49Z,"Signal Advisors Wealth LLC acquired a new stake in shares of Hewlett Packard Enterprise Company (NYSE:HPE – Free Report) during the second quarter, HoldingsChannel.com reports. The institutional inve… [+5491 chars]",technology
"{'id': 'the-times-of-india', 'name': 'The Times of India'}",PTI,Government plans to introduce skill based learning in Class 11 & 12 curriculum: Dharmendra Pradhan,The government plans to introduce skill-based learning in Classes 11 and 12. This is in line with the National Education Policy 2020. Union Minister Dharmendra Pradhan announced this at IIT Madras. The ministry is also working to introduce skill-based learnin…,https://economictimes.indiatimes.com/news/india/government-plans-to-introduce-skill-based-learning-in-class-11-12-curriculum-dharmendra-pradhan/articleshow/124025808.cms,"https://img.etimg.com/thumb/msid-124025815,width-1200,height-630,imgsize-41880,overlay-economictimes/articleshow.jpg",2025-09-21T08:37:19Z,"The Government is considering to add skill based learning be incorporated in the curriculum of Class 11 and 12 as per the recommendations of the National Education Policy 2020, Union Minister Dharmen… [+1132 chars]",technology
"{'id': None, 'name': 'ETF Daily News'}",MarketBeat News,"NorthCrest Asset Manangement LLC Sells 1,882 Shares of Science Applications International Co. $SAIC","NorthCrest Asset Manangement LLC lowered its position in shares of Science Applications International Co. (NYSE:SAIC – Free Report) by 26.1% in the second quarter, according to the company in its most recent disclosure with the Securities & Exchange Commissio…",https://www.etfdailynews.com/2025/09/21/northcrest-asset-manangement-llc-sells-1882-shares-of-science-applications-international-co-saic/,https://www.americanbankingnews.com/wp-content/timthumb/timthumb.php?src=https://www.marketbeat.com/logos/science-applications-intl-logo-1200x675.jpg&w=240&h=240&zc=2,2025-09-21T08:37:01Z,"NorthCrest Asset Manangement LLC lowered its position in shares of Science Applications International Co. (NYSE:SAIC – Free Report) by 26.1% in the second quarter, according to the company in its mos… [+6476 chars]",technology
"{'id': None, 'name': 'ETF Daily News'}",MarketBeat News,Wealth Enhancement Advisory Services LLC Grows Stock Position in Northrop Grumman Corporation $NOC,"Wealth Enhancement Advisory Services LLC increased its position in shares of Northrop Grumman Corporation (NYSE:NOC – Free Report) by 4.3% during the 2nd quarter, according to the company in its most recent 13F filing with the SEC. The firm owned 36,695 share…",https://www.etfdailynews.com/2025/09/21/wealth-enhancement-advisory-services-llc-grows-stock-position-in-northrop-grumman-corporation-noc/,https://www.americanbankingnews.com/wp-content/timthumb/timthumb.php?src=https://www.marketbeat.com/logos/northrop-grumman-co-logo-1200x675.png?v=20221021083322&w=240&h=240&zc=2,2025-09-21T08:36:52Z,"Wealth Enhancement Advisory Services LLC increased its position in shares of Northrop Grumman Corporation (NYSE:NOC – Free Report) by 4.3% during the 2nd quarter, according to the company in its most… [+5549 chars]",technology
"{'id': None, 'name': 'Livemint'}",Siddharth Pai,The $100K H-1B visa fee: How this White House order will reshape US tech hiring and drive major industry shifts,"While tech companies relying on foreign techies in the US will have to reset their labour cost calculus and Indian IT service majors will be hit, let’s accept that this US talent visa programme had got warped out of shape and reform was inevitable.",https://www.livemint.com/opinion/online-views/h1b-visa-fees-us-immigration-policy-tech-industry-hiring-reform-work-indian-donald-trump-it-companies-america-startups-11758374967366.html,https://www.livemint.com/lm-img/img/2025/09/21/1600x900/logo/TRUMP-H1-B-28_1758438248769_1758438258522.jpg,2025-09-21T08:35:03Z,"In a sweeping policy shift, the White House has announced a new directive that imposes a $100,000 fee on every new H-1B visa petition filed for foreign workers outside the US.
Effective 21 September… [+6389 chars]",technology
"{'id': None, 'name': 'ETF Daily News'}",MarketBeat News,"Wedmont Private Capital Invests $331,000 in FactSet Research Systems Inc. $FDS","Wedmont Private Capital purchased a new position in shares of FactSet Research Systems Inc. (NYSE:FDS – Free Report) during the 2nd quarter, Holdings Channel.com reports. The institutional investor purchased 739 shares of the business services provider’s stoc…",https://www.etfdailynews.com/2025/09/21/wedmont-private-capital-invests-331000-in-factset-research-systems-inc-fds/,https://www.americanbankingnews.com/wp-content/timthumb/timthumb.php?src=https://www.marketbeat.com/logos/factset-logo-1200x675.jpg&w=240&h=240&zc=2,2025-09-21T08:33:04Z,"Wedmont Private Capital purchased a new position in shares of FactSet Research Systems Inc. (NYSE:FDS – Free Report) during the 2nd quarter, Holdings Channel.com reports. The institutional investor p… [+6843 chars]",technology
"{'id': None, 'name': 'ETF Daily News'}",MarketBeat News,Mn Services Vermogensbeheer B.V. Increases Position in FactSet Research Systems Inc. $FDS,"Mn Services Vermogensbeheer B.V. lifted its holdings in shares of FactSet Research Systems Inc. (NYSE:FDS – Free Report) by 1.4% during the second quarter, according to the company in its most recent Form 13F filing with the SEC. The fund owned 14,000 shares …",https://www.etfdailynews.com/2025/09/21/mn-services-vermogensbeheer-b-v-increases-position-in-factset-research-systems-inc-fds/,https://www.americanbankingnews.com/wp-content/timthumb/timthumb.php?src=https://www.marketbeat.com/logos/factset-logo-1200x675.jpg&w=240&h=240&zc=2,2025-09-21T08:32:56Z,"Mn Services Vermogensbeheer B.V. lifted its holdings in shares of FactSet Research Systems Inc. (NYSE:FDS – Free Report) by 1.4% during the second quarter, according to the company in its most recent… [+6398 chars]",technology
"{'id': None, 'name': 'TheStreet'}",Charley Blaine,5 things to know about Friday's market,And not just that the bulls are very very excited.,https://www.thestreet.com/investing/stocks/5-things-to-know-about-fridays-market,https://media.zenfs.com/en/thestreet_881/559918130c24911fb030023f076b99a7,2025-09-21T08:31:38Z,"The stock set all kinds of records on Friday.
The Standard &amp; Poor's 500 Index, Dow Jones Industrial Average, Nasdaq Composite Index and Nasdaq-100 all closed at record highs. The Russell 2000 fe… [+5411 chars]",technology
"{'id': None, 'name': 'CNET'}",Alex Valdes,VPNs Are in High Demand for These Main Reasons,A new study reveals how virtual private networks are expanding outside of the niche technology just for businesses.,https://www.cnet.com/tech/services-and-software/vpns-are-in-high-demand-for-these-main-reasons/,https://www.cnet.com/a/img/resize/71381a315ef6d48e17417d7fca8ee3f54f7f6817/hub/2025/09/16/b425be1e-2ca2-4a0f-bcbd-3976860a2143/gettyimages-2178302740.jpg?auto=webp&fit=crop&height=675&width=1200,2025-09-21T08:30:00Z,"We all have concerns about online privacy and security, and that's not changing anytime soon.
According to a new report from Maximum Market Research, the global market for virtual private networks w… [+1700 chars]",technology
"{'id': None, 'name': 'Libsyn.com'}",John Lee Dumas,Franchising: One of the Best Innovations Since the LLC with Robert Huntington: An EOFire Classic from 2022,"From the archive: This episode was originally recorded and published in 2022. Our interviews on Entrepreneurs On Fire are meant to be evergreen, and we do our best to confirm that all offers and URL's in these archive episodes are still relevant. Robert Hunti…",https://sites.libsyn.com/37432/franchising-one-of-the-best-innovations-since-the-llc-with-robert-huntington-an-eofire-classic-from-2022,http://assets.libsyn.com/show/37432?height=250&width=250&overlay=true,2025-09-21T08:30:00Z,"From the archive: This episode was originally recorded and published in 2022. Our interviews on Entrepreneurs On Fire are meant to be evergreen, and we do our best to confirm that all offers and URL'… [+2405 chars]",technology
"{'id': None, 'name': 'ETF Daily News'}",MarketBeat News,Wall Street Zen Downgrades McKesson (NYSE:MCK) to Hold,Wall Street Zen lowered shares of McKesson (NYSE:MCK – Free Report) from a buy rating to a hold rating in a research note published on Saturday. Several other equities research analysts also recently issued reports on the stock. Wells Fargo & Company boosted …,https://www.etfdailynews.com/2025/09/21/wall-street-zen-downgrades-mckesson-nysemck-to-hold/,https://www.americanbankingnews.com/wp-content/timthumb/timthumb.php?src=https://www.marketbeat.com/logos/mckesson-corporation-logo.png&w=240&h=240&zc=2,2025-09-21T08:28:51Z,"Wall Street Zen lowered shares of McKesson (NYSE:MCK – Free Report) from a buy rating to a hold rating in a research note published on Saturday.
Several other equities research analysts also recentl… [+5496 chars]",technology
"{'id': None, 'name': 'Israel.com'}",Pesach Benson And Sveta Listratov,Kinneret Lake Replenished with Desalinated Water in,"Israel replenishes Kinneret Lake with desalinated water in groundbreaking project, ensuring water security and sustainability.",https://israel.com/business/kinneret-lake-replenished-with-desalinated-water-in-world-first-project/,https://cdn.israelmedia.uk/wp-content/uploads/2025/09/featured-178.webp,2025-09-21T08:25:12Z,"Jerusalem, 21 September, 2025 (TPS-IL) — For the first time anywhere in the world, desalinated seawater is being pumped into a freshwater lake, as Israel begins transferring Mediterranean water into … [+4122 chars]",technology
"{'id': None, 'name': 'ETF Daily News'}",MarketBeat News,Top Financial Stocks Worth Watching – September 18th,"Coinbase Global, Robinhood Markets, Synopsys, UnitedHealth Group, Circle Internet Group, ProShares UltraPro Short QQQ, and Uber Technologies are the seven Financial stocks to watch today, according to MarketBeat’s stock screener tool. Financial stocks are sha…",https://www.etfdailynews.com/2025/09/21/top-financial-stocks-worth-watching-september-18th/,https://www.americanbankingnews.com/wp-content/timthumb/timthumb.php?src=https://www.marketbeat.com/logos/coinbase-global-inc-logo-1200x675.jpg?v=20210413172727&w=240&h=240&zc=2,2025-09-21T08:24:55Z,"Coinbase Global, Robinhood Markets, Synopsys, UnitedHealth Group, Circle Internet Group, ProShares UltraPro Short QQQ, and Uber Technologies are the seven Financial stocks to watch today, according t… [+4683 chars]",technology
"{'id': None, 'name': 'ETF Daily News'}",MarketBeat News,Promising Automotive Stocks Worth Watching – September 18th,"Tesla, NVIDIA, Taiwan Semiconductor Manufacturing, Micron Technology, and Synopsys are the five Automotive stocks to watch today, according to MarketBeat’s stock screener tool. Automotive stocks are shares of publicly traded companies involved in the design, …",https://www.etfdailynews.com/2025/09/21/promising-automotive-stocks-worth-watching-september-18th/,https://www.americanbankingnews.com/wp-content/timthumb/timthumb.php?src=https://www.marketbeat.com/logos/tesla-inc-logo-1200x675.png?v=20221020135629&w=240&h=240&zc=2,2025-09-21T08:24:54Z,"Tesla, NVIDIA, Taiwan Semiconductor Manufacturing, Micron Technology, and Synopsys are the five Automotive stocks to watch today, according to MarketBeat’s stock screener tool. Automotive stocks are … [+3688 chars]",technology
"{'id': None, 'name': 'ETF Daily News'}",MarketBeat News,Top Agriculture Stocks To Watch Today – September 19th,"Bloom Energy, Deere & Company, and Chubb are the three Agriculture stocks to watch today, according to MarketBeat’s stock screener tool. Agriculture stocks are shares of publicly traded companies involved in the production, processing and distribution of food…",https://www.etfdailynews.com/2025/09/21/top-agriculture-stocks-to-watch-today-september-19th/,https://www.americanbankingnews.com/wp-content/timthumb/timthumb.php?src=https://www.marketbeat.com/logos/bloom-energy-co-logo-1200x675.png?v=20240503125417&w=240&h=240&zc=2,2025-09-21T08:24:48Z,"Bloom Energy, Deere &amp; Company, and Chubb are the three Agriculture stocks to watch today, according to MarketBeat’s stock screener tool. Agriculture stocks are shares of publicly traded companies… [+1952 chars]",technology
"{'id': None, 'name': 'ETF Daily News'}",MarketBeat News,Wedmont Private Capital Lowers Position in Fidelity MSCI Information Technology Index ETF $FTEC,"Wedmont Private Capital lessened its stake in Fidelity MSCI Information Technology Index ETF (NYSEARCA:FTEC – Free Report) by 24.4% during the 2nd quarter, according to the company in its most recent filing with the Securities and Exchange Commission. The ins…",https://www.etfdailynews.com/2025/09/21/wedmont-private-capital-lowers-position-in-fidelity-msci-information-technology-index-etf-ftec/,https://www.americanbankingnews.com/wp-content/timthumb/timthumb.php?src=https://www.marketbeat.com/logos/fidelity-msci-information-technology-index-etf-logo-1200x675.png?v=20210726230524&w=240&h=240&zc=2,2025-09-21T08:23:08Z,"Wedmont Private Capital lessened its stake in Fidelity MSCI Information Technology Index ETF (NYSEARCA:FTEC – Free Report) by 24.4% during the 2nd quarter, according to the company in its most recent… [+3073 chars]",technology
"{'id': None, 'name': 'ETF Daily News'}",MarketBeat News,Wedmont Private Capital Trims Stock Position in Cognizant Technology Solutions Corporation $CTSH,"Wedmont Private Capital cut its stake in shares of Cognizant Technology Solutions Corporation (NASDAQ:CTSH – Free Report) by 10.3% during the second quarter, HoldingsChannel.com reports. The fund owned 5,231 shares of the information technology service provid…",https://www.etfdailynews.com/2025/09/21/wedmont-private-capital-trims-stock-position-in-cognizant-technology-solutions-corporation-ctsh/,https://www.americanbankingnews.com/wp-content/timthumb/timthumb.php?src=https://www.marketbeat.com/logos/cognizant-technology-solutions-co-logo-1200x675.jpg?v=20221027141821&w=240&h=240&zc=2,2025-09-21T08:23:07Z,"Wedmont Private Capital cut its stake in shares of Cognizant Technology Solutions Corporation (NASDAQ:CTSH – Free Report) by 10.3% during the second quarter, HoldingsChannel.com reports. The fund own… [+5783 chars]",technology
"{'id': None, 'name': 'ETF Daily News'}",MarketBeat News,"Wedmont Private Capital Boosts Stake in Nasdaq, Inc. $NDAQ","Wedmont Private Capital grew its holdings in shares of Nasdaq, Inc. (NASDAQ:NDAQ – Free Report) by 7.4% in the 2nd quarter, HoldingsChannel.com reports. The firm owned 4,417 shares of the financial services provider’s stock after purchasing an additional 305 …",https://www.etfdailynews.com/2025/09/21/wedmont-private-capital-boosts-stake-in-nasdaq-inc-ndaq/,https://www.americanbankingnews.com/wp-content/timthumb/timthumb.php?src=https://www.marketbeat.com/logos/nasdaq-inc-logo-1200x675.png?v=20240104073040&w=240&h=240&zc=2,2025-09-21T08:23:07Z,"Wedmont Private Capital grew its holdings in shares of Nasdaq, Inc. (NASDAQ:NDAQ – Free Report) by 7.4% in the 2nd quarter, HoldingsChannel.com reports. The firm owned 4,417 shares of the financial s… [+6473 chars]",technology
"{'id': None, 'name': 'ETF Daily News'}",MarketBeat News,"Wedmont Private Capital Raises Stock Position in SoFi Technologies, Inc. $SOFI","Wedmont Private Capital increased its stake in SoFi Technologies, Inc. (NASDAQ:SOFI – Free Report) by 4.3% in the 2nd quarter, according to the company in its most recent filing with the SEC. The institutional investor owned 21,493 shares of the company’s sto…",https://www.etfdailynews.com/2025/09/21/wedmont-private-capital-raises-stock-position-in-sofi-technologies-inc-sofi/,https://www.americanbankingnews.com/wp-content/timthumb/timthumb.php?src=https://www.marketbeat.com/logos/sofi-technologies-inc-logo-1200x675.jpg?v=20210625095840&w=240&h=240&zc=2,2025-09-21T08:23:02Z,"Wedmont Private Capital increased its stake in SoFi Technologies, Inc. (NASDAQ:SOFI – Free Report) by 4.3% in the 2nd quarter, according to the company in its most recent filing with the SEC. The ins… [+6052 chars]",technology
"{'id': None, 'name': 'ETF Daily News'}",MarketBeat News,"Arvind Nithrakashyap Sells 40,170 Shares of Rubrik (NYSE:RBRK) Stock","Rubrik, Inc. (NYSE:RBRK – Get Free Report) CTO Arvind Nithrakashyap sold 40,170 shares of the stock in a transaction that occurred on Tuesday, September 16th. The stock was sold at an average price of $74.21, for a total transaction of $2,981,015.70. Followin…",https://www.etfdailynews.com/2025/09/21/arvind-nithrakashyap-sells-40170-shares-of-rubrik-nyserbrk-stock/,https://www.americanbankingnews.com/wp-content/timthumb/timthumb.php?src=https://www.marketbeat.com/logos/rubrik-inc-logo-1200x675.png?v=20250520075833&w=240&h=240&zc=2,2025-09-21T08:22:49Z,"Rubrik, Inc. (NYSE:RBRK – Get Free Report) CTO Arvind Nithrakashyap sold 40,170 shares of the stock in a transaction that occurred on Tuesday, September 16th. The stock was sold at an average price o… [+4717 chars]",technology
"{'id': None, 'name': 'ETF Daily News'}",MarketBeat News,"Senseonics Holdings, Inc. (NYSE:SENS) Receives Average Recommendation of “Buy” from Analysts","Shares of Senseonics Holdings, Inc. (NYSE:SENS – Get Free Report) have received an average recommendation of “Buy” from the five ratings firms that are currently covering the stock, Marketbeat reports. Three investment analysts have rated the stock with a buy…",https://www.etfdailynews.com/2025/09/21/senseonics-holdings-inc-nysesens-receives-average-recommendation-of-buy-from-analysts/,https://www.americanbankingnews.com/wp-content/timthumb/timthumb.php?src=https://www.marketbeat.com/logos/senseonics-holdings-inc-logo-1200x675.png?v=20231115071914&w=240&h=240&zc=2,2025-09-21T08:20:48Z,"Shares of Senseonics Holdings, Inc. (NYSE:SENS – Get Free Report) have received an average recommendation of “Buy” from the five ratings firms that are currently covering the stock, Marketbeat report… [+3150 chars]",technology
"{'id': None, 'name': 'ETF Daily News'}",MarketBeat News,Contrasting Acushnet (NYSE:GOLF) and Newton Golf (NASDAQ:NWTG),"Acushnet (NYSE:GOLF – Get Free Report) and Newton Golf (NASDAQ:NWTG – Get Free Report) are both consumer discretionary companies, but which is the better business? We will contrast the two companies based on the strength of their earnings, institutional owner…",https://www.etfdailynews.com/2025/09/21/contrasting-acushnet-nysegolf-and-newton-golf-nasdaqnwtg/,https://www.americanbankingnews.com/wp-content/timthumb/timthumb.php?src=https://www.marketbeat.com/logos/sacks-parente-golf-inc-logo-1200x675.png?v=20250515073453&w=240&h=240&zc=2,2025-09-21T08:18:59Z,"Acushnet (NYSE:GOLF – Get Free Report) and Newton Golf (NASDAQ:NWTG – Get Free Report) are both consumer discretionary companies, but which is the better business? We will contrast the two companies … [+6762 chars]",technology
"{'id': None, 'name': 'ETF Daily News'}",MarketBeat News,Ameresco (NYSE:AMRC) versus Woodside Energy Group (NYSE:WDS) Head-To-Head Comparison,"Ameresco (NYSE:AMRC – Get Free Report) and Woodside Energy Group (NYSE:WDS – Get Free Report) are both energy companies, but which is the superior investment? We will compare the two companies based on the strength of their dividends, analyst recommendations,…",https://www.etfdailynews.com/2025/09/21/ameresco-nyseamrc-versus-woodside-energy-group-nysewds-head-to-head-comparison/,https://www.americanbankingnews.com/wp-content/timthumb/timthumb.php?src=https://www.marketbeat.com/logos/woodside-energy-group-ltd-logo-1200x675.png?v=20220606165509&w=240&h=240&zc=2,2025-09-21T08:18:59Z,"Ameresco (NYSE:AMRC – Get Free Report) and Woodside Energy Group (NYSE:WDS – Get Free Report) are both energy companies, but which is the superior investment? We will compare the two companies based … [+5886 chars]",technology
"{'id': None, 'name': 'ETF Daily News'}",MarketBeat News,NorthCrest Asset Manangement LLC Reduces Position in DXC Technology Company. $DXC,"NorthCrest Asset Manangement LLC cut its holdings in shares of DXC Technology Company. (NYSE:DXC – Free Report) by 26.9% during the 2nd quarter, HoldingsChannel reports. The institutional investor owned 24,007 shares of the company’s stock after selling 8,830…",https://www.etfdailynews.com/2025/09/21/northcrest-asset-manangement-llc-reduces-position-in-dxc-technology-company-dxc/,https://www.americanbankingnews.com/wp-content/timthumb/timthumb.php?src=https://www.marketbeat.com/logos/dxc-technology-logo-1200x675.jpg?v=20210710112230&w=240&h=240&zc=2,2025-09-21T08:18:55Z,"NorthCrest Asset Manangement LLC cut its holdings in shares of DXC Technology Company. (NYSE:DXC – Free Report) by 26.9% during the 2nd quarter, HoldingsChannel reports. The institutional investor ow… [+5574 chars]",technology
"{'id': None, 'name': 'ETF Daily News'}",MarketBeat News,PCB Bancorp (NASDAQ:PCB) and First Financial Bankshares (NASDAQ:FFIN) Head to Head Survey,"PCB Bancorp (NASDAQ:PCB – Get Free Report) and First Financial Bankshares (NASDAQ:FFIN – Get Free Report) are both finance companies, but which is the better business? We will compare the two companies based on the strength of their valuation, risk, earnings,…",https://www.etfdailynews.com/2025/09/21/pcb-bancorp-nasdaqpcb-and-first-financial-bankshares-nasdaqffin-head-to-head-survey/,https://www.americanbankingnews.com/wp-content/timthumb/timthumb.php?src=https://www.marketbeat.com/logos/first-financial-bankshares-inc-logo-1200x675.png?v=20221115112125&w=240&h=240&zc=2,2025-09-21T08:18:55Z,"PCB Bancorp (NASDAQ:PCB – Get Free Report) and First Financial Bankshares (NASDAQ:FFIN – Get Free Report) are both finance companies, but which is the better business? We will compare the two compani… [+7201 chars]",technology
"{'id': None, 'name': 'ETF Daily News'}",MarketBeat News,NorthCrest Asset Manangement LLC Buys New Stake in BorgWarner Inc. $BWA,"NorthCrest Asset Manangement LLC bought a new stake in BorgWarner Inc. (NYSE:BWA – Free Report) during the 2nd quarter, according to the company in its most recent Form 13F filing with the Securities & Exchange Commission. The institutional investor bought 11…",https://www.etfdailynews.com/2025/09/21/northcrest-asset-manangement-llc-buys-new-stake-in-borgwarner-inc-bwa/,https://www.americanbankingnews.com/wp-content/timthumb/timthumb.php?src=https://www.marketbeat.com/logos/Borg_Warner_logo-1200x675.jpg&w=240&h=240&zc=2,2025-09-21T08:18:54Z,"NorthCrest Asset Manangement LLC bought a new stake in BorgWarner Inc. (NYSE:BWA – Free Report) during the 2nd quarter, according to the company in its most recent Form 13F filing with the Securities… [+6692 chars]",technology
"{'id': None, 'name': 'ETF Daily News'}",MarketBeat News,"NorthCrest Asset Manangement LLC Raises Stock Holdings in Guidewire Software, Inc. $GWRE","NorthCrest Asset Manangement LLC lifted its holdings in shares of Guidewire Software, Inc. (NYSE:GWRE – Free Report) by 5.6% in the second quarter, according to its most recent disclosure with the Securities and Exchange Commission. The fund owned 1,511 share…",https://www.etfdailynews.com/2025/09/21/northcrest-asset-manangement-llc-raises-stock-holdings-in-guidewire-software-inc-gwre/,https://www.americanbankingnews.com/wp-content/timthumb/timthumb.php?src=https://www.marketbeat.com/logos/guidewire-software-inc-logo-1200x675.png?v=20221115171431&w=240&h=240&zc=2,2025-09-21T08:18:54Z,"NorthCrest Asset Manangement LLC lifted its holdings in shares of Guidewire Software, Inc. (NYSE:GWRE – Free Report) by 5.6% in the second quarter, according to its most recent disclosure with the Se… [+5963 chars]",technology
"{'id': None, 'name': 'ETF Daily News'}",MarketBeat News,Crescent Biopharma (NASDAQ:CBIO) vs. Guardian Pharmacy Services (NYSE:GRDN) Financial Analysis,"Crescent Biopharma (NASDAQ:CBIO – Get Free Report) and Guardian Pharmacy Services (NYSE:GRDN – Get Free Report) are both small-cap medical companies, but which is the superior investment? We will compare the two companies based on the strength of their divide…",https://www.etfdailynews.com/2025/09/21/crescent-biopharma-nasdaqcbio-vs-guardian-pharmacy-services-nysegrdn-financial-analysis/,https://www.americanbankingnews.com/wp-content/timthumb/timthumb.php?src=https://www.marketbeat.com/logos/guardian-pharmacy-services-inc-logo-1200x675.jpg?v=20241213080530&w=240&h=240&zc=2,2025-09-21T08:18:53Z,"Crescent Biopharma (NASDAQ:CBIO – Get Free Report) and Guardian Pharmacy Services (NYSE:GRDN – Get Free Report) are both small-cap medical companies, but which is the superior investment? We will com… [+4191 chars]",technology
"{'id': None, 'name': 'ETF Daily News'}",MarketBeat News,NorthCrest Asset Manangement LLC Cuts Holdings in Nutanix $NTNX,"NorthCrest Asset Manangement LLC cut its position in shares of Nutanix (NASDAQ:NTNX – Free Report) by 11.2% during the 2nd quarter, according to the company in its most recent Form 13F filing with the SEC. The fund owned 4,712 shares of the technology company…",https://www.etfdailynews.com/2025/09/21/northcrest-asset-manangement-llc-cuts-holdings-in-nutanix-ntnx/,https://www.americanbankingnews.com/wp-content/timthumb/timthumb.php?src=https://www.marketbeat.com/logos/nutanix-inc-logo-1200x675.png&w=240&h=240&zc=2,2025-09-21T08:18:53Z,"NorthCrest Asset Manangement LLC cut its position in shares of Nutanix (NASDAQ:NTNX – Free Report) by 11.2% during the 2nd quarter, according to the company in its most recent Form 13F filing with th… [+6024 chars]",technology
"{'id': None, 'name': 'ETF Daily News'}",MarketBeat News,"Ibotta, Inc. (NYSE:IBTA) Receives Consensus Recommendation of “Hold” from Analysts","Shares of Ibotta, Inc. (NYSE:IBTA – Get Free Report) have received an average rating of “Hold” from the nine ratings firms that are currently covering the firm, Marketbeat.com reports. One analyst has rated the stock with a sell recommendation, seven have giv…",https://www.etfdailynews.com/2025/09/21/ibotta-inc-nyseibta-receives-consensus-recommendation-of-hold-from-analysts/,https://www.americanbankingnews.com/wp-content/timthumb/timthumb.php?src=https://www.marketbeat.com/logos/ibotta-inc-logo-1200x675.jpg?v=20250331064621&w=240&h=240&zc=2,2025-09-21T08:16:56Z,"Shares of Ibotta, Inc. (NYSE:IBTA – Get Free Report) have received an average rating of “Hold” from the nine ratings firms that are currently covering the firm, Marketbeat.com reports. One analyst ha… [+4324 chars]",technology
"{'id': None, 'name': 'ETF Daily News'}",MarketBeat News,Lincoln Educational Services Corporation (NASDAQ:LINC) Receives Average Recommendation of “Buy” from Analysts,"Lincoln Educational Services Corporation (NASDAQ:LINC – Get Free Report) has earned an average rating of “Buy” from the seven brokerages that are currently covering the firm, Marketbeat reports. One investment analyst has rated the stock with a hold rating, f…",https://www.etfdailynews.com/2025/09/21/lincoln-educational-services-corporation-nasdaqlinc-receives-average-recommendation-of-buy-from-analysts/,https://www.americanbankingnews.com/wp-content/timthumb/timthumb.php?src=https://www.marketbeat.com/logos/lincoln-educational-services-co-logo-1200x675.png?v=20221221112654&w=240&h=240&zc=2,2025-09-21T08:16:53Z,"Lincoln Educational Services Corporation (NASDAQ:LINC – Get Free Report) has earned an average rating of “Buy” from the seven brokerages that are currently covering the firm, Marketbeat reports. One … [+4704 chars]",technology
"{'id': None, 'name': 'ETF Daily News'}",MarketBeat News,Prime Medicine (NASDAQ:PRME) vs. Vor Biopharma (NASDAQ:VOR) Financial Survey,"Prime Medicine (NASDAQ:PRME – Get Free Report) and Vor Biopharma (NASDAQ:VOR – Get Free Report) are both small-cap manufacturing companies, but which is the superior stock? We will compare the two companies based on the strength of their analyst recommendatio…",https://www.etfdailynews.com/2025/09/21/prime-medicine-nasdaqprme-vs-vor-biopharma-nasdaqvor-financial-survey/,https://www.americanbankingnews.com/wp-content/timthumb/timthumb.php?src=https://www.marketbeat.com/logos/vor-biopharma-inc-logo-1200x675.png?v=20250814094823&w=240&h=240&zc=2,2025-09-21T08:16:53Z,"Prime Medicine (NASDAQ:PRME – Get Free Report) and Vor Biopharma (NASDAQ:VOR – Get Free Report) are both small-cap manufacturing companies, but which is the superior stock? We will compare the two co… [+7625 chars]",technology
"{'id': None, 'name': 'ETF Daily News'}",MarketBeat News,Head-To-Head Survey: Genpact (NYSE:G) versus Unisys (NYSE:UIS),"Genpact (NYSE:G – Get Free Report) and Unisys (NYSE:UIS – Get Free Report) are both computer and technology companies, but which is the superior stock? We will contrast the two companies based on the strength of their dividends, analyst recommendations, insti…",https://www.etfdailynews.com/2025/09/21/head-to-head-survey-genpact-nyseg-versus-unisys-nyseuis/,https://www.americanbankingnews.com/wp-content/timthumb/timthumb.php?src=https://www.marketbeat.com/logos/unisys-co-logo-1200x675.png?v=20240524075316&w=240&h=240&zc=2,2025-09-21T08:16:49Z,"Genpact (NYSE:G – Get Free Report) and Unisys (NYSE:UIS – Get Free Report) are both computer and technology companies, but which is the superior stock? We will contrast the two companies based on the… [+6577 chars]",technology
"{'id': 'the-times-of-india', 'name': 'The Times of India'}",PTI,International Maize and Wheat Improvement Center shifts focus to gene editing for wheat resilience as GM varieties stall,"The International Maize and Wheat Improvement Center (CIMMYT) is focusing on gene editing to develop wheat varieties resistant to drought, floods, and diseases. Director General Bram Govaerts called it a “future” technology, noting traditional GM wheat has ha…",https://economictimes.indiatimes.com/news/economy/agriculture/international-maize-and-wheat-improvement-center-shifts-focus-to-gene-editing-for-wheat-resilience-as-gm-varieties-stall/articleshow/124025691.cms,"https://img.etimg.com/thumb/msid-124025731,width-1200,height-630,imgsize-1692552,overlay-economictimes/articleshow.jpg",2025-09-21T08:13:28Z,"The International Maize and Wheat Improvement Center (CIMMYT) is ramping up investments in gene editing technology to enhance wheat crop resilience, with Director General Bram Govaerts calling it a ""… [+2224 chars]",technology
"{'id': None, 'name': 'Biztoc.com'}",breakingthenews.net,EU seen moving to bar Big Tech from financial data plan,"The European Union plans to ban major American technology companies from a new financial data-sharing framework, according to the Financial Times, which cited EU diplomats and documents it obtained.
...",https://biztoc.com/x/848dadd33102a6de,https://biztoc.com/cdn/848dadd33102a6de_s.webp,2025-09-21T08:12:53Z,"The European Union plans to ban major American technology companies from a new financial data-sharing framework, according to the Financial Times, which cited EU diplomats and documents it obtained..… [+67 chars]",technology
"{'id': None, 'name': 'ETF Daily News'}",MarketBeat News,"V (Gp) L.L.C. Slta Sells 565,000 Shares of Dell Technologies (NYSE:DELL) Stock","Dell Technologies Inc. (NYSE:DELL – Get Free Report) Director V (Gp) L.L.C. Slta sold 565,000 shares of the company’s stock in a transaction dated Thursday, September 18th. The stock was sold at an average price of $132.32, for a total value of $74,760,800.00…",https://www.etfdailynews.com/2025/09/21/v-gp-l-l-c-slta-sells-565000-shares-of-dell-technologies-nysedell-stock/,https://www.americanbankingnews.com/wp-content/timthumb/timthumb.php?src=https://www.marketbeat.com/logos/dell_logo020307-1200x675.jpg&w=240&h=240&zc=2,2025-09-21T08:10:58Z,"Dell Technologies Inc. (NYSE:DELL – Get Free Report) Director V (Gp) L.L.C. Slta sold 565,000 shares of the company’s stock in a transaction dated Thursday, September 18th. The stock was sold at an a… [+5504 chars]",technology
"{'id': None, 'name': 'ETF Daily News'}",MarketBeat News,MKS (NASDAQ:MKSI) Upgraded to “Strong-Buy” at Wall Street Zen,Wall Street Zen upgraded shares of MKS (NASDAQ:MKSI – Free Report) from a buy rating to a strong-buy rating in a research note released on Saturday morning. MKSI has been the topic of a number of other reports. The Goldman Sachs Group began coverage on MKS in…,https://www.etfdailynews.com/2025/09/21/mks-nasdaqmksi-upgraded-to-strong-buy-at-wall-street-zen-3/,https://www.americanbankingnews.com/wp-content/timthumb/timthumb.php?src=https://www.marketbeat.com/logos/mks-instruments-inc-logo.png?v=20221115113539&w=240&h=240&zc=2,2025-09-21T08:10:52Z,"Wall Street Zen upgraded shares of MKS (NASDAQ:MKSI – Free Report) from a buy rating to a strong-buy rating in a research note released on Saturday morning.
MKSI has been the topic of a number of ot… [+5408 chars]",technology
"{'id': None, 'name': 'ETF Daily News'}",MarketBeat News,Rackspace Technology (NASDAQ:RXT) Upgraded to “Hold” at Wall Street Zen,Wall Street Zen upgraded shares of Rackspace Technology (NASDAQ:RXT – Free Report) from a sell rating to a hold rating in a report published on Saturday morning. A number of other analysts have also recently commented on RXT. BMO Capital Markets reduced their…,https://www.etfdailynews.com/2025/09/21/rackspace-technology-nasdaqrxt-upgraded-to-hold-at-wall-street-zen/,https://www.americanbankingnews.com/wp-content/timthumb/timthumb.php?src=https://www.marketbeat.com/logos/rackspace-technology-inc-logo.png?v=20221207145454&w=240&h=240&zc=2,2025-09-21T08:10:52Z,"Wall Street Zen upgraded shares of Rackspace Technology (NASDAQ:RXT – Free Report) from a sell rating to a hold rating in a report published on Saturday morning.
A number of other analysts have also… [+5102 chars]",technology
"{'id': None, 'name': 'ETF Daily News'}",MarketBeat News,Laureate Education (NASDAQ:LAUR) Stock Rating Lowered by Wall Street Zen,"Wall Street Zen lowered shares of Laureate Education (NASDAQ:LAUR – Free Report) from a strong-buy rating to a buy rating in a report issued on Saturday. Separately, UBS Group started coverage on Laureate Education in a research report on Friday. They set a “…",https://www.etfdailynews.com/2025/09/21/laureate-education-nasdaqlaur-stock-rating-lowered-by-wall-street-zen/,https://www.americanbankingnews.com/wp-content/timthumb/timthumb.php?src=https://www.marketbeat.com/logos/laureate-education-inc-logo.png?v=20240503131748&w=240&h=240&zc=2,2025-09-21T08:10:51Z,"Wall Street Zen lowered shares of Laureate Education (NASDAQ:LAUR – Free Report) from a strong-buy rating to a buy rating in a report issued on Saturday.
Separately, UBS Group started coverage on La… [+3592 chars]",technology
"{'id': None, 'name': 'ETF Daily News'}",MarketBeat News,Jack Henry & Associates (NASDAQ:JKHY) Raised to “Buy” at Wall Street Zen,"Wall Street Zen upgraded shares of Jack Henry & Associates (NASDAQ:JKHY – Free Report) from a hold rating to a buy rating in a report issued on Saturday morning. A number of other research firms also recently issued reports on JKHY. Keefe, Bruyette & Woods dr…",https://www.etfdailynews.com/2025/09/21/jack-henry-associates-nasdaqjkhy-raised-to-buy-at-wall-street-zen/,https://www.americanbankingnews.com/wp-content/timthumb/timthumb.php?src=https://www.marketbeat.com/logos/jack-henry--associates-inc-logo.png?v=20221107130435&w=240&h=240&zc=2,2025-09-21T08:10:51Z,"Wall Street Zen upgraded shares of Jack Henry &amp; Associates (NASDAQ:JKHY – Free Report) from a hold rating to a buy rating in a report issued on Saturday morning.
A number of other research firms… [+5977 chars]",technology
"{'id': None, 'name': 'ETF Daily News'}",MarketBeat News,Aeva Technologies (NASDAQ:AEVA) Lowered to “Sell” Rating by Wall Street Zen,Wall Street Zen lowered shares of Aeva Technologies (NASDAQ:AEVA – Free Report) from a hold rating to a sell rating in a research report released on Saturday morning. A number of other brokerages also recently weighed in on AEVA. Morgan Stanley upped their ta…,https://www.etfdailynews.com/2025/09/21/aeva-technologies-nasdaqaeva-lowered-to-sell-rating-by-wall-street-zen/,https://www.americanbankingnews.com/wp-content/timthumb/timthumb.php?src=https://www.marketbeat.com/logos/aeva-technologies-inc-logo.png?v=20240522155751&w=240&h=240&zc=2,2025-09-21T08:10:48Z,"Wall Street Zen lowered shares of Aeva Technologies (NASDAQ:AEVA – Free Report) from a hold rating to a sell rating in a research report released on Saturday morning.
A number of other brokerages al… [+4838 chars]",technology
"{'id': None, 'name': 'ETF Daily News'}",MarketBeat News,"120,100 Shares in NetEase, Inc. $NTES Bought by Swedbank AB","Swedbank AB acquired a new position in shares of NetEase, Inc. (NASDAQ:NTES – Free Report) during the second quarter, HoldingsChannel reports. The firm acquired 120,100 shares of the technology company’s stock, valued at approximately $16,163,000. Other hedge…",https://www.etfdailynews.com/2025/09/21/120100-shares-in-netease-inc-ntes-bought-by-swedbank-ab/,https://www.americanbankingnews.com/wp-content/timthumb/timthumb.php?src=https://www.marketbeat.com/logos/netease-inc-logo-1200x675.png?v=20240103181107&w=240&h=240&zc=2,2025-09-21T08:09:00Z,"Swedbank AB acquired a new position in shares of NetEase, Inc. (NASDAQ:NTES – Free Report) during the second quarter, HoldingsChannel reports. The firm acquired 120,100 shares of the technology compa… [+3823 chars]",technology
"{'id': None, 'name': 'ETF Daily News'}",MarketBeat News,Reviewing Morgan Stanley Direct Lending Fund (NYSE:MSDL) and Investcorp Credit Management BDC (NASDAQ:ICMB),"Morgan Stanley Direct Lending Fund (NYSE:MSDL – Get Free Report) and Investcorp Credit Management BDC (NASDAQ:ICMB – Get Free Report) are both small-cap finance companies, but which is the better business? We will contrast the two companies based on the stren…",https://www.etfdailynews.com/2025/09/21/reviewing-morgan-stanley-direct-lending-fund-nysemsdl-and-investcorp-credit-management-bdc-nasdaqicmb/,https://www.americanbankingnews.com/wp-content/timthumb/timthumb.php?src=https://www.marketbeat.com/logos/investcorp-credit-management-bdc-inc-logo-1200x675.jpg?v=20210329150252&w=240&h=240&zc=2,2025-09-21T08:08:59Z,"Morgan Stanley Direct Lending Fund (NYSE:MSDL – Get Free Report) and Investcorp Credit Management BDC (NASDAQ:ICMB – Get Free Report) are both small-cap finance companies, but which is the better bus… [+5845 chars]",technology
"{'id': None, 'name': 'ETF Daily News'}",MarketBeat News,"Wedmont Private Capital Sells 283 Shares of Toast, Inc. $TOST","Wedmont Private Capital trimmed its holdings in Toast, Inc. (NYSE:TOST – Free Report) by 2.7% in the 2nd quarter, HoldingsChannel reports. The firm owned 10,223 shares of the company’s stock after selling 283 shares during the quarter. Wedmont Private Capital…",https://www.etfdailynews.com/2025/09/21/wedmont-private-capital-sells-283-shares-of-toast-inc-tost/,https://www.americanbankingnews.com/wp-content/timthumb/timthumb.php?src=https://www.marketbeat.com/logos/toast-inc-logo-1200x675.png?v=20210923055725&w=240&h=240&zc=2,2025-09-21T08:08:59Z,"Wedmont Private Capital trimmed its holdings in Toast, Inc. (NYSE:TOST – Free Report) by 2.7% in the 2nd quarter, HoldingsChannel reports. The firm owned 10,223 shares of the company’s stock after se… [+5543 chars]",technology
"{'id': None, 'name': 'ETF Daily News'}",MarketBeat News,"Virtu Financial, Inc. (NASDAQ:VIRT) Given Average Recommendation of “Hold” by Analysts","Virtu Financial, Inc. (NASDAQ:VIRT – Get Free Report) has received an average rating of “Hold” from the eight ratings firms that are currently covering the company, Marketbeat.com reports. One equities research analyst has rated the stock with a sell rating, …",https://www.etfdailynews.com/2025/09/21/virtu-financial-inc-nasdaqvirt-given-average-recommendation-of-hold-by-analysts/,https://www.americanbankingnews.com/wp-content/timthumb/timthumb.php?src=https://www.marketbeat.com/logos/virtu-financial-inc-logo-1200x675.png?v=20221117152138&w=240&h=240&zc=2,2025-09-21T08:08:58Z,"Virtu Financial, Inc. (NASDAQ:VIRT – Get Free Report) has received an average rating of “Hold” from the eight ratings firms that are currently covering the company, Marketbeat.com reports. One equiti… [+4252 chars]",technology
"{'id': None, 'name': 'ETF Daily News'}",MarketBeat News,"DuPont de Nemours, Inc. (NYSE:DD) Receives $88.25 Average Price Target from Analysts","DuPont de Nemours, Inc. (NYSE:DD – Get Free Report) has been assigned a consensus recommendation of “Moderate Buy” from the twelve ratings firms that are covering the stock, MarketBeat.com reports. Three investment analysts have rated the stock with a hold ra…",https://www.etfdailynews.com/2025/09/21/dupont-de-nemours-inc-nysedd-receives-88-25-average-price-target-from-analysts/,https://www.americanbankingnews.com/wp-content/timthumb/timthumb.php?src=https://www.marketbeat.com/logos/dupont-logo-1200x675.gif&w=240&h=240&zc=2,2025-09-21T08:08:53Z,"DuPont de Nemours, Inc. (NYSE:DD – Get Free Report) has been assigned a consensus recommendation of “Moderate Buy” from the twelve ratings firms that are covering the stock, MarketBeat.com reports. T… [+6017 chars]",technology
"{'id': None, 'name': 'ETF Daily News'}",MarketBeat News,nCino (NASDAQ:NCNO) vs. CoreWeave (NASDAQ:CRWV) Head-To-Head Contrast,"nCino (NASDAQ:NCNO – Get Free Report) and CoreWeave (NASDAQ:CRWV – Get Free Report) are both computer and technology companies, but which is the better stock? We will compare the two companies based on the strength of their risk, institutional ownership, anal…",https://www.etfdailynews.com/2025/09/21/ncino-nasdaqncno-vs-coreweave-nasdaqcrwv-head-to-head-contrast/,https://www.americanbankingnews.com/wp-content/timthumb/timthumb.php?src=https://www.marketbeat.com/logos/coreweave-inc-class-a-common-stock--logo-1200x675.png?v=20250328080441&w=240&h=240&zc=2,2025-09-21T08:08:51Z,"nCino (NASDAQ:NCNO – Get Free Report) and CoreWeave (NASDAQ:CRWV – Get Free Report) are both computer and technology companies, but which is the better stock? We will compare the two companies based … [+4200 chars]",technology
"{'id': None, 'name': 'ETF Daily News'}",MarketBeat News,Verint Systems Inc. (NASDAQ:VRNT) Receives Consensus Recommendation of “Hold” from Brokerages,"Shares of Verint Systems Inc. (NASDAQ:VRNT – Get Free Report) have received an average rating of “Hold” from the eight research firms that are covering the company, Marketbeat Ratings reports. Seven equities research analysts have rated the stock with a hold …",https://www.etfdailynews.com/2025/09/21/verint-systems-inc-nasdaqvrnt-receives-consensus-recommendation-of-hold-from-brokerages/,https://www.americanbankingnews.com/wp-content/timthumb/timthumb.php?src=https://www.marketbeat.com/logos/verint-systems-inc-logo-1200x675.png?v=20221122141345&w=240&h=240&zc=2,2025-09-21T08:08:48Z,"Shares of Verint Systems Inc. (NASDAQ:VRNT – Get Free Report) have received an average rating of “Hold” from the eight research firms that are covering the company, Marketbeat Ratings reports. Seven … [+4155 chars]",technology
"{'id': None, 'name': 'ETF Daily News'}",MarketBeat News,IMAX Corporation (NYSE:IMAX) Given Average Recommendation of “Moderate Buy” by Analysts,"Shares of IMAX Corporation (NYSE:IMAX – Get Free Report) have been given a consensus rating of “Moderate Buy” by the eleven research firms that are covering the firm, Marketbeat reports. One analyst has rated the stock with a sell rating, one has given a hold…",https://www.etfdailynews.com/2025/09/21/imax-corporation-nyseimax-given-average-recommendation-of-moderate-buy-by-analysts/,https://www.americanbankingnews.com/wp-content/timthumb/timthumb.php?src=https://www.marketbeat.com/logos/imax-co-logo-1200x675.png?v=20240521154342&w=240&h=240&zc=2,2025-09-21T08:08:48Z,"Shares of IMAX Corporation (NYSE:IMAX – Get Free Report) have been given a consensus rating of “Moderate Buy” by the eleven research firms that are covering the firm, Marketbeat reports. One analyst … [+5591 chars]",technology
"{'id': None, 'name': 'ETF Daily News'}",MarketBeat News,Swedbank AB Boosts Stock Position in GoDaddy Inc. $GDDY,"Swedbank AB boosted its holdings in GoDaddy Inc. (NYSE:GDDY – Free Report) by 0.2% during the 2nd quarter, according to its most recent 13F filing with the Securities and Exchange Commission. The institutional investor owned 121,415 shares of the technology c…",https://www.etfdailynews.com/2025/09/21/swedbank-ab-boosts-stock-position-in-godaddy-inc-gddy/,https://www.americanbankingnews.com/wp-content/timthumb/timthumb.php?src=https://www.marketbeat.com/logos/godaddy-inc-logo-1200x675.png?v=20221109082851&w=240&h=240&zc=2,2025-09-21T08:07:09Z,"Swedbank AB boosted its holdings in GoDaddy Inc. (NYSE:GDDY – Free Report) by 0.2% during the 2nd quarter, according to its most recent 13F filing with the Securities and Exchange Commission. The ins… [+6784 chars]",technology
"{'id': None, 'name': 'ETF Daily News'}",MarketBeat News,"26,961 Shares in ImmunoPrecise Antibodies Ltd. $IPA Bought by Baader Bank Aktiengesellschaft","Baader Bank Aktiengesellschaft purchased a new position in ImmunoPrecise Antibodies Ltd. (NASDAQ:IPA – Free Report) in the second quarter, according to its most recent 13F filing with the Securities and Exchange Commission (SEC). The firm purchased 26,961 sha…",https://www.etfdailynews.com/2025/09/21/26961-shares-in-immunoprecise-antibodies-ltd-ipa-bought-by-baader-bank-aktiengesellschaft/,https://www.americanbankingnews.com/wp-content/timthumb/timthumb.php?src=https://www.marketbeat.com/logos/immunoprecise-antibodies-ltd-logo-1200x675.png?v=20221221153913&w=240&h=240&zc=2,2025-09-21T08:07:07Z,"Baader Bank Aktiengesellschaft purchased a new position in ImmunoPrecise Antibodies Ltd. (NASDAQ:IPA – Free Report) in the second quarter, according to its most recent 13F filing with the Securities … [+2651 chars]",technology
"{'id': None, 'name': 'ETF Daily News'}",MarketBeat News,Swedbank AB Grows Position in Aptiv PLC $APTV,"Swedbank AB increased its position in shares of Aptiv PLC (NYSE:APTV – Free Report) by 4.3% in the second quarter, according to the company in its most recent filing with the Securities and Exchange Commission. The firm owned 336,333 shares of the auto parts …",https://www.etfdailynews.com/2025/09/21/swedbank-ab-grows-position-in-aptiv-plc-aptv/,https://www.americanbankingnews.com/wp-content/timthumb/timthumb.php?src=https://www.marketbeat.com/logos/aptiv-plc-logo-1200x675.png&w=240&h=240&zc=2,2025-09-21T08:07:07Z,"Swedbank AB increased its position in shares of Aptiv PLC (NYSE:APTV – Free Report) by 4.3% in the second quarter, according to the company in its most recent filing with the Securities and Exchange … [+4919 chars]",technology
"{'id': None, 'name': 'ETF Daily News'}",MarketBeat News,"Sumitomo Mitsui DS Asset Management Company Ltd Acquires 2,260 Shares of GoDaddy Inc. $GDDY","Sumitomo Mitsui DS Asset Management Company Ltd increased its position in GoDaddy Inc. (NYSE:GDDY – Free Report) by 12.0% in the 2nd quarter, according to its most recent 13F filing with the Securities and Exchange Commission. The institutional investor owned…",https://www.etfdailynews.com/2025/09/21/sumitomo-mitsui-ds-asset-management-company-ltd-acquires-2260-shares-of-godaddy-inc-gddy/,https://www.americanbankingnews.com/wp-content/timthumb/timthumb.php?src=https://www.marketbeat.com/logos/godaddy-inc-logo-1200x675.png?v=20221109082851&w=240&h=240&zc=2,2025-09-21T08:07:04Z,"Sumitomo Mitsui DS Asset Management Company Ltd increased its position in GoDaddy Inc. (NYSE:GDDY – Free Report) by 12.0% in the 2nd quarter, according to its most recent 13F filing with the Securiti… [+6571 chars]",technology
"{'id': None, 'name': 'ETF Daily News'}",MarketBeat News,Baader Bank Aktiengesellschaft Buys New Stake in Douglas Elliman Inc. $DOUG,"Baader Bank Aktiengesellschaft bought a new stake in Douglas Elliman Inc. (NYSE:DOUG – Free Report) in the 2nd quarter, according to the company in its most recent filing with the Securities and Exchange Commission. The firm bought 43,672 shares of the compan…",https://www.etfdailynews.com/2025/09/21/baader-bank-aktiengesellschaft-buys-new-stake-in-douglas-elliman-inc-doug/,https://www.americanbankingnews.com/wp-content/timthumb/timthumb.php?src=https://www.marketbeat.com/logos/douglas-elliman-inc-logo-1200x675.jpg?v=20220103151359&w=240&h=240&zc=2,2025-09-21T08:06:59Z,"Baader Bank Aktiengesellschaft bought a new stake in Douglas Elliman Inc. (NYSE:DOUG – Free Report) in the 2nd quarter, according to the company in its most recent filing with the Securities and Exch… [+3635 chars]",technology
"{'id': None, 'name': 'Forbes'}","Tomas Chamorro-Premuzic, Contributor, 
 Tomas Chamorro-Premuzic, Contributor
 https://www.forbes.com/sites/tomaspremuzic/",What To Be Authentic In The Age Of AI,"As synthetic media gets better, it will become harder for people to pass the reverse Turing Test — proving to other humans that they are not machines.",https://www.forbes.com/sites/tomaspremuzic/2025/09/21/what-to-be-authentic-in-the-age-of-ai/,https://imageio.forbes.com/specials-images/imageserve/68cd88917298dfcb38165ade/0x0.jpg?format=jpg&height=900&width=1600&fit=bounds,2025-09-21T08:06:48Z,"Machines are redefining what it means to be human.
Artificial intelligence concept of big data or cyber security. 3D illustration
getty
When Alan Turing asked whether machines could think, his pra… [+9618 chars]",technology
"{'id': None, 'name': 'ETF Daily News'}",MarketBeat News,"Sumitomo Mitsui DS Asset Management Company Ltd Boosts Stock Position in Best Buy Co., Inc. $BBY","Sumitomo Mitsui DS Asset Management Company Ltd grew its stake in shares of Best Buy Co., Inc. (NYSE:BBY – Free Report) by 11.2% during the second quarter, according to the company in its most recent 13F filing with the Securities & Exchange Commission. The i…",https://www.etfdailynews.com/2025/09/21/sumitomo-mitsui-ds-asset-management-company-ltd-boosts-stock-position-in-best-buy-co-inc-bby/,https://www.americanbankingnews.com/wp-content/timthumb/timthumb.php?src=https://www.marketbeat.com/logos/best-buy-co-inc-logo-1200x675.png?v=20221104134121&w=240&h=240&zc=2,2025-09-21T08:04:57Z,"Sumitomo Mitsui DS Asset Management Company Ltd grew its stake in shares of Best Buy Co., Inc. (NYSE:BBY – Free Report) by 11.2% during the second quarter, according to the company in its most recent… [+6571 chars]",technology
"{'id': None, 'name': 'ETF Daily News'}",MarketBeat News,Sumitomo Mitsui DS Asset Management Company Ltd Sells 76 Shares of SBA Communications Corporation $SBAC,"Sumitomo Mitsui DS Asset Management Company Ltd lowered its holdings in SBA Communications Corporation (NASDAQ:SBAC – Free Report) by 0.5% during the second quarter, according to the company in its most recent Form 13F filing with the Securities & Exchange Co…",https://www.etfdailynews.com/2025/09/21/sumitomo-mitsui-ds-asset-management-company-ltd-sells-76-shares-of-sba-communications-corporation-sbac/,https://www.americanbankingnews.com/wp-content/timthumb/timthumb.php?src=https://www.marketbeat.com/logos/sba-communications-corp-logo-1200x675.gif&w=240&h=240&zc=2,2025-09-21T08:04:52Z,"Sumitomo Mitsui DS Asset Management Company Ltd lowered its holdings in SBA Communications Corporation (NASDAQ:SBAC – Free Report) by 0.5% during the second quarter, according to the company in its m… [+5510 chars]",technology
"{'id': None, 'name': 'ETF Daily News'}",MarketBeat News,"Sumitomo Mitsui DS Asset Management Company Ltd Acquires 4,444 Shares of LyondellBasell Industries N.V. $LYB","Sumitomo Mitsui DS Asset Management Company Ltd raised its holdings in shares of LyondellBasell Industries N.V. (NYSE:LYB – Free Report) by 8.4% in the 2nd quarter, Holdings Channel reports. The firm owned 57,119 shares of the specialty chemicals company’s st…",https://www.etfdailynews.com/2025/09/21/sumitomo-mitsui-ds-asset-management-company-ltd-acquires-4444-shares-of-lyondellbasell-industries-n-v-lyb/,https://www.americanbankingnews.com/wp-content/timthumb/timthumb.php?src=https://www.marketbeat.com/logos/lyondellbasell-industries-logo-1200x675.png?v=20221102151533&w=240&h=240&zc=2,2025-09-21T08:04:52Z,"Sumitomo Mitsui DS Asset Management Company Ltd raised its holdings in shares of LyondellBasell Industries N.V. (NYSE:LYB – Free Report) by 8.4% in the 2nd quarter, Holdings Channel reports. The firm… [+6430 chars]",technology
"{'id': None, 'name': 'ETF Daily News'}",MarketBeat News,"Sumitomo Mitsui DS Asset Management Company Ltd Purchases 1,474 Shares of Alexandria Real Estate Equities, Inc. $ARE","Sumitomo Mitsui DS Asset Management Company Ltd lifted its position in Alexandria Real Estate Equities, Inc. (NYSE:ARE – Free Report) by 2.7% in the 2nd quarter, according to its most recent 13F filing with the Securities and Exchange Commission. The fund own…",https://www.etfdailynews.com/2025/09/21/sumitomo-mitsui-ds-asset-management-company-ltd-purchases-1474-shares-of-alexandria-real-estate-equities-inc-are/,https://www.americanbankingnews.com/wp-content/timthumb/timthumb.php?src=https://www.marketbeat.com/logos/alexandria-real-estate-equities-inc-logo-1200x675.jpg&w=240&h=240&zc=2,2025-09-21T08:04:52Z,"Sumitomo Mitsui DS Asset Management Company Ltd lifted its position in Alexandria Real Estate Equities, Inc. (NYSE:ARE – Free Report) by 2.7% in the 2nd quarter, according to its most recent 13F fili… [+5747 chars]",technology
"{'id': None, 'name': 'Geeky Gadgets'}",Julian Horsey,Google Chrome 2.0 : AI-Powered Browser With New AI Agentic Features,"What if your browser could do more than just open websites? Imagine a tool that not only helps you navigate the web but also acts as your personal assistant, summarizing dense articles, automating tedious tasks, and even predicting what you need before you as…",https://www.geeky-gadgets.com/google-chrome-2-browser-powered-by-gemini-ai/,https://www.geeky-gadgets.com/wp-content/uploads/2025/09/google-chrome-2-0-ai-powered-browser_optimized.jpg,2025-09-21T08:03:14Z,"What if your browser could do more than just open websites? Imagine a tool that not only helps you navigate the web but also acts as your personal assistant, summarizing dense articles, automating te… [+6667 chars]",technology
"{'id': None, 'name': 'ETF Daily News'}",MarketBeat News,"Thermon Group Holdings, Inc. $THR Shares Bought by Swedbank AB","Swedbank AB raised its position in Thermon Group Holdings, Inc. (NYSE:THR – Free Report) by 5.2% in the 2nd quarter, according to the company in its most recent disclosure with the Securities & Exchange Commission. The institutional investor owned 653,000 sha…",https://www.etfdailynews.com/2025/09/21/thermon-group-holdings-inc-thr-shares-bought-by-swedbank-ab/,https://www.americanbankingnews.com/wp-content/timthumb/timthumb.php?src=https://www.marketbeat.com/logos/thermon-group-holdings-inc-logo-1200x675.png?v=20221208140809&w=240&h=240&zc=2,2025-09-21T08:03:05Z,"Swedbank AB raised its position in Thermon Group Holdings, Inc. (NYSE:THR – Free Report) by 5.2% in the 2nd quarter, according to the company in its most recent disclosure with the Securities &amp; E… [+4342 chars]",technology
"{'id': None, 'name': 'ETF Daily News'}",MarketBeat News,"Swedbank AB Has $14.89 Million Stock Position in AMETEK, Inc. $AME","Swedbank AB increased its stake in shares of AMETEK, Inc. (NYSE:AME – Free Report) by 8.0% during the 2nd quarter, according to the company in its most recent 13F filing with the Securities & Exchange Commission. The institutional investor owned 82,255 shares…",https://www.etfdailynews.com/2025/09/21/swedbank-ab-has-14-89-million-stock-position-in-ametek-inc-ame/,https://www.americanbankingnews.com/wp-content/timthumb/timthumb.php?src=https://www.marketbeat.com/logos/ametek-inc-logo-1200x675.png&w=240&h=240&zc=2,2025-09-21T08:02:58Z,"Swedbank AB increased its stake in shares of AMETEK, Inc. (NYSE:AME – Free Report) by 8.0% during the 2nd quarter, according to the company in its most recent 13F filing with the Securities &amp; Exc… [+5226 chars]",technology
"{'id': None, 'name': 'ETF Daily News'}",MarketBeat News,Swedbank AB Has $13.94 Million Stock Holdings in Hewlett Packard Enterprise Company $HPE,"Swedbank AB boosted its position in shares of Hewlett Packard Enterprise Company (NYSE:HPE – Free Report) by 7.9% during the 2nd quarter, Holdings Channel reports. The institutional investor owned 681,696 shares of the technology company’s stock after purchas…",https://www.etfdailynews.com/2025/09/21/swedbank-ab-has-13-94-million-stock-holdings-in-hewlett-packard-enterprise-company-hpe/,https://www.americanbankingnews.com/wp-content/timthumb/timthumb.php?src=https://www.marketbeat.com/logos/hewlett-packard-enterprise-co-logo-1200x675.jpg&w=240&h=240&zc=2,2025-09-21T08:02:54Z,"Swedbank AB boosted its position in shares of Hewlett Packard Enterprise Company (NYSE:HPE – Free Report) by 7.9% during the 2nd quarter, Holdings Channel reports. The institutional investor owned 68… [+5603 chars]",technology
"{'id': None, 'name': 'ETF Daily News'}",MarketBeat News,"Swedbank AB Sells 2,100 Shares of Masimo Corporation $MASI","Swedbank AB decreased its stake in shares of Masimo Corporation (NASDAQ:MASI – Free Report) by 2.8% in the 2nd quarter, HoldingsChannel.com reports. The institutional investor owned 73,800 shares of the medical equipment provider’s stock after selling 2,100 s…",https://www.etfdailynews.com/2025/09/21/swedbank-ab-sells-2100-shares-of-masimo-corporation-masi/,https://www.americanbankingnews.com/wp-content/timthumb/timthumb.php?src=https://www.marketbeat.com/logos/masimo-corp-logo-1200x675.jpg&w=240&h=240&zc=2,2025-09-21T08:02:52Z,"Swedbank AB decreased its stake in shares of Masimo Corporation (NASDAQ:MASI – Free Report) by 2.8% in the 2nd quarter, HoldingsChannel.com reports. The institutional investor owned 73,800 shares of … [+5084 chars]",technology
"{'id': None, 'name': 'ETF Daily News'}",MarketBeat News,"Swedbank AB Acquires 18,026 Shares of PTC Inc. $PTC","Swedbank AB increased its holdings in PTC Inc. (NASDAQ:PTC – Free Report) by 26.9% in the 2nd quarter, according to its most recent filing with the SEC. The institutional investor owned 85,067 shares of the technology company’s stock after buying an additiona…",https://www.etfdailynews.com/2025/09/21/swedbank-ab-acquires-18026-shares-of-ptc-inc-ptc/,https://www.americanbankingnews.com/wp-content/timthumb/timthumb.php?src=https://www.marketbeat.com/logos/ptc-inc-logo-1200x675.png&w=240&h=240&zc=2,2025-09-21T08:02:50Z,"Swedbank AB increased its holdings in PTC Inc. (NASDAQ:PTC – Free Report) by 26.9% in the 2nd quarter, according to its most recent filing with the SEC. The institutional investor owned 85,067 shares… [+5471 chars]",technology
"{'id': None, 'name': 'ETF Daily News'}",MarketBeat News,Emerson Electric Co. $EMR Shares Sold by Focus Financial Network Inc.,"Focus Financial Network Inc. cut its position in Emerson Electric Co. (NYSE:EMR – Free Report) by 19.1% in the second quarter, HoldingsChannel reports. The institutional investor owned 3,158 shares of the industrial products company’s stock after selling 746 …",https://www.etfdailynews.com/2025/09/21/emerson-electric-co-emr-shares-sold-by-focus-financial-network-inc/,https://www.americanbankingnews.com/wp-content/timthumb/timthumb.php?src=https://www.marketbeat.com/logos/emerson-electric-co-logo-1200x675.png?v=20240119115337&w=240&h=240&zc=2,2025-09-21T08:01:01Z,"Focus Financial Network Inc. cut its position in Emerson Electric Co. (NYSE:EMR – Free Report) by 19.1% in the second quarter, HoldingsChannel reports. The institutional investor owned 3,158 shares o… [+4928 chars]",technology
"{'id': None, 'name': 'Motorsport.com'}",Ed Hardy,"Isack Hadjar ""very pissed off"" after costly error in F1 Azerbaijan GP qualifying",Hadjar will start eighth in Baku but could have been on the front row if it weren't for a mistake in the final sector,https://www.motorsport.com/f1/news/hadjar-pissed-error-azerbaijan-gp-qualifying/10761218/,https://cdn-4.motorsport.com/images/amp/YN1eL8V2/s6/isack-hadjar-racing-bulls-team.jpg,2025-09-21T09:04:12Z,"Isack Hadjar was filled with rage after qualifying for the Azerbaijan Grand Prix as a mistake from the Formula 1 rookie cost him a top-three finish.
The Racing Bulls driver will start eighth for Sun… [+3209 chars]",sports
"{'id': None, 'name': 'BBC News'}",Tyrone Smith,'Why not?'- Charles-Cook eyes Motherwell cup glory,"Regan Charles-Cook is hoping Motherwell can end their 34-year wait to win a major trophy after the winger fired them into the semi-finals of the Premier Sports Cup. The Fir Park side join St Mirren and Rangers in the last four, with holders Celtic or Partick …",https://www.bbc.com/sport/articles/cg5ee23jn1lo,https://ichef.bbci.co.uk/ace/branded_sport/1200/cpsprodpb/caf1/live/71c109a0-96c7-11f0-aaa5-6b36db6f2a24.jpg,2025-09-21T09:02:50Z,"Regan Charles-Cook is hoping Motherwell can end their 34-year wait to win a major trophy after the winger fired them into the semi-finals of the Premier Sports Cup.
The Fir Park side join St Mirren … [+1555 chars]",sports
"{'id': None, 'name': 'ZDNet'}",Matthew Miller,"I took a 360-degree camera underwater in Hawaii, and the shots I got blew me away",Insta360's recently released update enhances underwater video content and adds another sports watch to the arsenal of diving stats.,https://www.zdnet.com/article/i-took-a-360-degree-camera-underwater-in-hawaii-and-the-shots-i-got-blew-me-away/,https://www.zdnet.com/a/img/resize/4df635f6ba3fa4b62d28760e845c47bbbaae941c/2025/09/18/389f4d88-a9ec-4049-af51-1a739ca68e37/insta360-x5-underwater2.jpg?auto=webp&fit=crop&height=675&width=1200,2025-09-21T09:00:30Z,"I recently spent a week in Hawaii for my daughter's wedding, and captured some fantastic underwater video with the Insta360 X5. I went snorkeling with manta rays, explored the shoreline full of tropi… [+4559 chars]",sports
"{'id': 'cbc-news', 'name': 'CBC News'}",,N.B. Para cyclist looks back on gold medal he won 13 years after life-changing injury,Para cyclist Alexandre Hayward is back home in Quispamsis after topping the time trial in the men’s C3 division in Belgium in August.,https://www.cbc.ca/news/canada/new-brunswick/quispamsis-para-cyclist-world-title-hayward-1.7638420,https://i.cbc.ca/1.7638423.1758300090!/fileImage/httpImage/image.jpg_gen/derivatives/16x9_1180/alexandre-hayward.jpg?im=Resize%3D620,2025-09-21T09:00:22Z,"Alexandre Hayward knew as he pedalled along the cobblestone streets of Ronse, Belgium, that he was going to have a time trial to be proud of.
""I've had a really good year,"" the New Brunswicker said.… [+5609 chars]",sports
"{'id': 'newsweek', 'name': 'Newsweek'}",Jason Lemon,"Exclusive: Colin Allred on Free Speech, Corruption and How to Win in Texas","Running for Senate, the former NFL linebacker is attempting, once again, to do what no Democrat has done in Texas in more than 30 years—win a statewide race.",https://www.newsweek.com/exclusive-colin-allred-free-speech-corruption-how-win-texas-2133044,https://d.newsweek.com/en/full/2725990/exclusive-colin-allred.jpg,2025-09-21T09:00:04Z,"Ahead of next year's midterm elections, former Representative Colin Allred, a Texas Democrat, sees the Lone Star State as ""maybe the biggest test for Democrats,"" telling Newsweek if his party ""can bu… [+38310 chars]",sports
"{'id': None, 'name': 'Pats Pulpit'}",Bernd Buchmasser,Patriots vs. Steelers: How to watch New England’s Week 3 game on Sunday,"Game time, TV schedule, streaming, odds, and more for the Patriots’ game against the Steelers.",https://www.patspulpit.com/new-england-patriots-game-information/109574/patriots-steelers-how-to-watch-nfl-game-today-live-stream,https://platform.patspulpit.com/wp-content/uploads/sites/121/2025/09/imagn-24886592.jpg?quality=90&strip=all&crop=0%2C10.736651708502%2C100%2C78.526696582996&w=1200,2025-09-21T09:00:00Z,"The New England Patriots have not won back-to-back games since the early 2022 season. They will get an opportunity to break that streak on Sunday against the visiting Pittsburgh Steelers.
Here is al… [+995 chars]",sports
"{'id': None, 'name': 'Brentfordfc.com'}",,A Night at the Darts at Gtech Community Stadium,"The darts is coming to Gtech Community Stadium on Friday 6 February 2026!Next year, we’ll be welcoming some of the world’s top players to the Gtech for A Night at the Darts, an evening of darts ex...",https://www.brentfordfc.com/en/news/article/club-news-a-night-at-the-darts-gtech-community-stadium-06-02-26,https://photobooth-api.onefootball.com/api/screenshot/%2Fv2%2Fphotobooth%2Fcms%2Fen%2F41695367%3Fdate=2025-09-21,2025-09-21T09:00:00Z,"The darts is coming to Gtech Community Stadium on Friday 6 February 2026!
Next year, well be welcoming some of the worlds top players to the Gtech for A Night at the Darts, an evening of darts exhib… [+2131 chars]",sports
"{'id': None, 'name': 'LancasterOnline'}",JARISSA JOHNS | UNITED WAY OF LANCASTER COUNTY,"Nurse-Family Partnership, Aaron’s Acres, arboretum seeking volunteers [United Way column]",“Service to others is the rent you pay for your room here on earth.” – Muhammad Ali.,https://lancasteronline.com/news/local/nurse-family-partnership-aaron-s-acres-arboretum-seeking-volunteers-united-way-column/article_583e3758-4857-4623-8253-2e92deb86045.html,https://bloximages.newyork1.vip.townnews.com/lancasteronline.com/content/tncms/assets/v3/editorial/9/c0/9c076c6e-d696-45c3-a84d-44f6c5cbf270/629e03262ea78.image.jpg?crop=1881%2C988%2C0%2C57&resize=1200%2C630&order=crop%2Cresize,2025-09-21T09:00:00Z,"Service to others is the rent you pay for your room here on earth. Muhammad Ali.
This fall, Lancaster County is inviting neighbors to step forward with open hearts and generous hands. The call to vo… [+4585 chars]",sports
"{'id': None, 'name': 'LancasterOnline'}",ANNE GARBER | Deputy Correspondent Coordinator,11-year-old's vision to raise money for homelessness continues with 5th annual toy sale in East Lampeter Township,"Hudson Rice of East Lampeter Township is, in many ways, a typical 11-year-old boy. He likes playing sports, hanging out with his friends and cheering for the Philadelphia Eagles. But what Hudson can claim that many 11-year-olds can’t is that,…",https://lancasteronline.com/news/local/11-year-olds-vision-to-raise-money-for-homelessness-continues-with-5th-annual-toy-sale/article_e3575984-821e-46d3-ab05-e08081b73c1f.html,https://bloximages.newyork1.vip.townnews.com/lancasteronline.com/content/tncms/assets/v3/editorial/8/ec/8ec53ada-8c72-44a1-b8c5-599d62c8d79a/68b73ce627fe7.image.jpg?crop=1763%2C926%2C0%2C124&resize=1200%2C630&order=crop%2Cresize,2025-09-21T09:00:00Z,"Hudson Rice of East Lampeter Township is, in many ways, a typical 11-year-old boy. He likes playing sports, hanging out with his friends and cheering for the Philadelphia Eagles. But what Hudson can … [+7118 chars]",sports
"{'id': None, 'name': 'Yahoo Entertainment'}",EDDIE PELLS,Effects of failed Grand Slam Track league felt in different ways across world championships,The failure of Michael Johnson's attempt to transform track and field with the Grand Slam Track league hovered over big swaths of the sport's world championships over its nine-day run in Tokyo. Dozens of athletes who competed but didn't get paid adjusted thei…,https://sports.yahoo.com/article/effects-failed-grand-slam-track-085506147.html,https://s.yimg.com/ny/api/res/1.2/i5s4QrNL9AIsOnutUcMO5A--/YXBwaWQ9aGlnaGxhbmRlcjt3PTEyMDA7aD04MDA7Y2Y9d2VicA--/https://media.zenfs.com/en/ap.org/c66f51f034a6a630464b52fb401f918e,2025-09-21T08:55:06Z,TOKYO (AP) The failure of Michael Johnson's attempt to transform track and field with the Grand Slam Track league hovered over big swaths of the sport's world championships over its nine-day run in T… [+5992 chars],sports
"{'id': None, 'name': 'Football Espana'}",,Real Madrid made aware of new Santiago Bernabeu complaints,"Real Madrid have had issues with the Santiago Bernabeu since it was redeveloped, and further problems are now being reported.For almost a year, Real Madrid have been blocked from hosting concerts at t...",https://www.football-espana.net/2025/09/21/real-madrid-new-santiago-bernabeu-complaints,https://photobooth-api.onefootball.com/api/screenshot/%2Fv2%2Fphotobooth%2Fcms%2Fen%2F41695343%3Fdate=2025-09-21,2025-09-21T08:53:00Z,"Real Madrid have had issues with the Santiago Bernabeu since it was redeveloped, and further problems are now being reported.
For almost a year, Real Madrid have been blocked from hosting concerts a… [+1594 chars]",sports
"{'id': None, 'name': 'Antaranews.com'}","Aloysius Lewokeda, Raka Adji",Indonesia's Pratiwi wins bronze at Asia Triathlon Cup Gamagori,"Indonesian triathlete Martina Ayu Pratiwi clinched a bronze medal in the elite women&rsquo;s race at the 2025 Asia Triathlon Cup in Gamagori, Japan, held on ...",https://en.antaranews.com/news/381308/indonesias-pratiwi-wins-bronze-at-asia-triathlon-cup-gamagori,https://cdn.antaranews.com/cache/1200x800/2025/09/21/1001115368_1.jpg,2025-09-21T08:50:44Z,"Jakarta (ANTARA) - Indonesian triathlete Martina Ayu Pratiwi clinched a bronze medal in the elite women’s race at the 2025 Asia Triathlon Cup in Gamagori, Japan, held on September 20–21.Pratiwi finis… [+1430 chars]",sports
"{'id': None, 'name': 'Hayters.com'}",,Arsenal and Premier League launch matchday suicide prevention drop-in service,"Arsenal have teamed up with the Premier League to launch a new suicide prevention drop-in service for supporters, opening for the first time at today’s clash with Manchester City.The initiative is p...",https://hayters.com/arsenal-and-premier-league/,https://photobooth-api.onefootball.com/api/screenshot/%2Fv2%2Fphotobooth%2Fcms%2Fen%2F41695335%3Fdate=2025-09-21,2025-09-21T08:49:00Z,"Arsenal have teamed up with the Premier League to launch a new suicide prevention drop-in service for supporters, opening for the first time at todays clash with Manchester City.
The initiative is p… [+2040 chars]",sports
"{'id': 'the-times-of-india', 'name': 'The Times of India'}",Trending Desk,Ind vs Pak Asia Cup live streaming Super Four: When and where to watch the match for free,India and Pakistan will clash in the Asia Cup Super Four on Sunday. The match will be held at the Dubai International Stadium. India previously defeated Pakistan in the group stage. Abhishek Sharma and Kuldeep Yadav are key players for India. Fakhar Zaman and…,https://economictimes.indiatimes.com/news/new-updates/-india-vs-pakistan-t20-match-asia-cup-2025-super-four-live-streaming-when-where-and-how-to-watch-ind-vs-pak-cricket-match-coverage-live-tv-online-your-country/articleshow/124025877.cms,"https://img.etimg.com/thumb/msid-124025885,width-1200,height-630,imgsize-101904,overlay-economictimes/articleshow.jpg",2025-09-21T08:48:19Z,India will face Pakistan on Sunday in their second Super Four match of the Asia Cup 2025 at the Dubai International Stadium. The contest comes exactly a week after their controversy-marred group stag… [+1964 chars],sports
"{'id': None, 'name': 'ETF Daily News'}",MarketBeat News,Critical Comparison: Ulta Beauty (NASDAQ:ULTA) and DICK’S Sporting Goods (NYSE:DKS),"Ulta Beauty (NASDAQ:ULTA – Get Free Report) and DICK’S Sporting Goods (NYSE:DKS – Get Free Report) are both large-cap retail/wholesale companies, but which is the superior business? We will contrast the two companies based on the strength of their valuation, …",https://www.etfdailynews.com/2025/09/21/critical-comparison-ulta-beauty-nasdaqulta-and-dicks-sporting-goods-nysedks/,https://www.americanbankingnews.com/wp-content/timthumb/timthumb.php?src=https://www.marketbeat.com/logos/dicks-sporting-goods-inc-logo-1200x675.png?v=20221109153449&w=240&h=240&zc=2,2025-09-21T08:43:00Z,"Ulta Beauty (NASDAQ:ULTA – Get Free Report) and DICK’S Sporting Goods (NYSE:DKS – Get Free Report) are both large-cap retail/wholesale companies, but which is the superior business? We will contrast … [+4347 chars]",sports
"{'id': 'football-italia', 'name': 'Football Italia'}",Lorenzo Bettoni,Serie A: Inter vs. Sassuolo – probable line-ups and where to watch on TV,"Francesco Pio Esposito is favourite over Lautaro Martinez, while Josep Martinez is expected to start in the Inter goal against Sassuolo.",https://football-italia.net/inter-sassuolo-probable-line-ups-watch-on-tv/,https://icdn.football-italia.net/wp-content/uploads/2025/09/Marcus-Thuram-celebrate-Ajax-Inter.jpg,2025-09-21T08:40:43Z,"Francesco Pio Esposito is favourite over Lautaro Martinez, while Josep Martinez is expected to start in the Inter goal against Sassuolo.
It kicks off at 20:45 CET (19:45 BST).
Inter beat Ajax in th… [+1709 chars]",sports
"{'id': None, 'name': 'Slashdot.org'}",feedfeeder,Barfield's Best Bets: 2025 NFL Week 3 - Fantasy Points,"Barfield's Best Bets: 2025 NFL Week 3Fantasy Points NFL Week 3 bold predictions: Giants upset Chiefs; Vikings' Carson Wentz lights up BengalsNFL.com Best NFL Week 3 odds, best bets and predictions: Cowboys, Patriots among top picksCBS Sports NFL picks: An ove…",https://slashdot.org/firehose.pl?op=view&amp;id=179424108,,2025-09-21T08:32:12Z,The Fine Print: The following comments are owned by whoever posted them. We are not responsible for them in any way.,sports
"{'id': None, 'name': 'Cityxtra.co.uk'}",,"Arsenal vs Manchester City (Premier League): Match Preview, Team News, Head to Head, How to Watch","Manchester City make a trip to North London on Sunday afternoon to face their toughest opposition so far this campaign in Mikel Arteta’s Arsenal.Since this international break, Pep Guardiola’s sid...",https://cityxtra.co.uk/34624/arsenal-vs-manchester-city-premier-league-match-preview-team-news-head-to-head-how-to-watch-3/,https://photobooth-api.onefootball.com/api/screenshot/%2Fv2%2Fphotobooth%2Fcms%2Fen%2F41695258%3Fdate=2025-09-21,2025-09-21T08:22:00Z,"Manchester City make a trip to North London on Sunday afternoon to face their toughest opposition so far this campaign in Mikel Artetas Arsenal.
Since this international break, Pep Guardiolas side h… [+7708 chars]",sports
"{'id': None, 'name': 'English Premier League Index - Opta Stats'}",,Guehi set to reject Liverpool and other Premier League suitors,Marc Guehi’s Liverpool U-turn Opens Door to Real Madrid MoveLiverpool’s pursuit of Marc Guehi looked to have reached its conclusion on deadline day when Crystal Palace blocked the England defender...,https://eplindex.com/136699/guehi-set-to-reject-liverpool-and-other-premier-league-suitors.html,https://photobooth-api.onefootball.com/api/screenshot/%2Fv2%2Fphotobooth%2Fcms%2Fen%2F41695245%3Fdate=2025-09-21,2025-09-21T08:20:00Z,"Marc Guehis Liverpool U-turn Opens Door to Real Madrid Move
Liverpools pursuit of Marc Guehi looked to have reached its conclusion on deadline day when Crystal Palace blocked the England defenders p… [+5348 chars]",sports
"{'id': None, 'name': 'ETF Daily News'}",MarketBeat News,Reviewing Big 5 Sporting Goods (NASDAQ:BGFV) and Arhaus (NASDAQ:ARHS),"Big 5 Sporting Goods (NASDAQ:BGFV – Get Free Report) and Arhaus (NASDAQ:ARHS – Get Free Report) are both small-cap retail/wholesale companies, but which is the superior stock? We will compare the two companies based on the strength of their profitability, val…",https://www.etfdailynews.com/2025/09/21/reviewing-big-5-sporting-goods-nasdaqbgfv-and-arhaus-nasdaqarhs/,https://www.americanbankingnews.com/wp-content/timthumb/timthumb.php?src=https://www.marketbeat.com/logos/arhaus-inc-logo-1200x675.png?v=20211129094651&w=240&h=240&zc=2,2025-09-21T08:18:57Z,"Big 5 Sporting Goods (NASDAQ:BGFV – Get Free Report) and Arhaus (NASDAQ:ARHS – Get Free Report) are both small-cap retail/wholesale companies, but which is the superior stock? We will compare the two… [+5233 chars]",sports
"{'id': None, 'name': 'ETF Daily News'}",MarketBeat News,"NorthCrest Asset Manangement LLC Has $497,000 Stock Position in Electronic Arts Inc. $EA","NorthCrest Asset Manangement LLC reduced its position in Electronic Arts Inc. (NASDAQ:EA – Free Report) by 91.1% in the 2nd quarter, according to its most recent filing with the SEC. The firm owned 3,196 shares of the game software company’s stock after selli…",https://www.etfdailynews.com/2025/09/21/northcrest-asset-manangement-llc-has-497000-stock-position-in-electronic-arts-inc-ea/,https://www.americanbankingnews.com/wp-content/timthumb/timthumb.php?src=https://www.marketbeat.com/logos/electronic-arts-inc-logo-1200x675.png&w=240&h=240&zc=2,2025-09-21T08:18:55Z,"NorthCrest Asset Manangement LLC reduced its position in Electronic Arts Inc. (NASDAQ:EA – Free Report) by 91.1% in the 2nd quarter, according to its most recent filing with the SEC. The firm owned 3… [+5305 chars]",sports
"{'id': None, 'name': 'ETF Daily News'}",MarketBeat News,Toro Company (The) (NYSE:TTC) Given Consensus Rating of “Moderate Buy” by Brokerages,"Toro Company (The) (NYSE:TTC – Get Free Report) has earned an average rating of “Moderate Buy” from the six ratings firms that are covering the stock, MarketBeat reports. Three research analysts have rated the stock with a hold rating and three have issued a …",https://www.etfdailynews.com/2025/09/21/toro-company-the-nysettc-given-consensus-rating-of-moderate-buy-by-brokerages/,https://www.americanbankingnews.com/wp-content/timthumb/timthumb.php?src=https://www.marketbeat.com/logos/toro-logo-1200x675.jpg&w=240&h=240&zc=2,2025-09-21T08:16:52Z,"Toro Company (The) (NYSE:TTC – Get Free Report) has earned an average rating of “Moderate Buy” from the six ratings firms that are covering the stock, MarketBeat reports. Three research analysts have… [+5535 chars]",sports
"{'id': None, 'name': 'YEN.COM.GH'}",Geraldine Amoah,"Zanetor Agyeman-Rawlings Lifts Barbell 10 Times at Homowo Bodyfest, Video Awes Many","Korle Klottey MP, Zanetor Agyeman-Rawlings, left many Ghanaians in awe when she lifted a barbell with ease at the 2025 edition of the Homowo Bodyfest.",https://yen.com.gh/entertainment/celebrities/291366-zanetor-agyeman-rawlings-lifts-barbell-10-times-bodyfest-video-awes-many/,https://cdn.yen.com.gh/images/1200x675/fd8d61a6a332173b.jpeg?v=1,2025-09-21T08:16:19Z,"<ul><li>Politician Dr Zanetor Agyeman-Rawlings joined Ga residents in celebrating Homowo Bodyfest in Osu on Saturday, September 20, 2025</li><li>As part of the activities for the event, the Korle Klo… [+3523 chars]",sports
"{'id': None, 'name': 'NorthJersey.com'}","Art Stapleton, Albert Bainbridge IV, Bob Jordan, Chris Iseman, Brian Marron, Dave Rivera",NY Giants vs. Kansas City Chiefs predictions: Our expert picks for Week 3 of NFL season,The Giants are 0-2 after a 40-37 overtime loss against the Cowboys. Will they bounce back vs. the Chiefs? Here are our predictions for Week 3.,https://www.northjersey.com/story/sports/nfl/giants/2025/09/21/ny-giants-vs-kansas-city-chiefs-predictions-expert-picks-for-nfl-week-3/86245752007/,"https://www.northjersey.com/gcdn/authoring/authoring-images/2025/09/15/PNJM/86165047007-usatsi-27083646.jpg?crop=4667,2625,x0,y243&width=3200&height=1800&format=pjpg&auto=webp",2025-09-21T08:02:38Z,"The Giants (0-2) head home for the first time this season as they host the Kansas City Chiefs (0-2) in Week 3 on Sunday night from MetLife Stadium.
The G-Men played in the NFL's game of the week on … [+3401 chars]",sports
"{'id': None, 'name': 'Sporting News'}",Daniel Mader,Why is Drew Brees on Fox? Explaining former Saints star's pregame show cameo in Week 3,A legendary NFL quarterback will make an appearance on Fox's pregame coverage this week.,https://www.sportingnews.com/us/nfl/new-orleans-saints/news/drew-brees-fox-saints-pregame-show-week-3/c9a7a191653ebedfac8f195a,https://library.sportingnews.com/styles/crop_style_16_9_desktop_webp/s3/2025-09/GettyImages-2198027186.jpg.webp?itok=XFnEnQNi,2025-09-21T08:00:02Z,"Drew Brees is making a subtle return to broadcasting.
The former New Orleans Saints quarterback, who spent a year with NBC on Football Night in America and called multiple Notre Dame and NFL games, … [+2974 chars]",sports
"{'id': 'cbc-news', 'name': 'CBC News'}",,'I'm a problem solver': Meet the mayor whose plan to attract family doctors is turning heads across Canada,"A clinic in a small city outside Victoria is making family doctors municipal employees. By offering them pensions, benefits and administrative support, they are giving doctors a lifestyle many say they want.",https://www.cbc.ca/news/health/cities-hiring-family-doctor-1.7638292,https://i.cbc.ca/1.7638318.1758300241!/fileImage/httpImage/image.jpg_gen/derivatives/16x9_1180/mayor-doug-kobayashi.jpg?im=Resize%3D620,2025-09-21T08:00:00Z,"When the mayor of Colwood B.C., went for an appointment with  his family doctor in 2022, he was in for a rude surprise. The doctor was moving away. 
""I was absolutely stunned,"" Doug Kobayashi said.… [+8640 chars]",sports
"{'id': None, 'name': 'NBCSports.com'}",Dustin Long,What to watch for in today's NASCAR Cup playoff race at New Hampshire,"LOUDON, N.H. — The second round of the Cup playoffs begins today at New Hampshire Motor Speedway and there’s much intrigue with today’s race.",https://www.nbcsports.com/nascar/news/what-to-watch-for-in-todays-nascar-cup-playoff-race-at-new-hampshire,https://nbcsports.brightspotcdn.com/dims4/default/a3d5b1a/2147483647/strip/true/crop/4052x2279+0+452/resize/1440x810!/quality/90/?url=https%3A%2F%2Fnbc-sports-production-nbc-sports.s3.us-east-1.amazonaws.com%2Fbrightspot%2Fe2%2Fba%2F633c6a5d4a5f906702d573beace0%2Fhttps-delivery-gettyimages.com%2Fdownloads%2F2235979637,2025-09-21T08:00:00Z,"LOUDON, N.H. The second round of the Cup playoffs begins today at New Hampshire Motor Speedway and theres much intrigue with todays race.
Coverage begins at 1:30 p.m. ET on USA Network.
Heres a loo… [+3560 chars]",sports
"{'id': None, 'name': 'Prtimes.jp'}",,【DPC KOBE】個人参加受付開始｜ピックルボール 関東×関西 チーム交流トーナメント「TeamLeague 2025」初開催！10/12(日),"[株式会社ITC]
[画像1: https://prcdn.freetls.fastly.net/release_image/21838/306/21838-306-0d030e3fa3dc2b298f86aed9d5925978-920x450.png?width=536&quality=85%2C75&format=jpeg&auto=webp&fit=bounds&am...",https://prtimes.jp/main/html/rd/p/000000306.000021838.html,https://prcdn.freetls.fastly.net/release_image/21838/306/21838-306-0d030e3fa3dc2b298f86aed9d5925978-920x450.png?format=jpeg&auto=webp&fit=bounds&width=2400&height=1260,2025-09-21T08:00:00Z,"MIX 10/12
10/18DPC KOBE
DPC KOBE
DPC KOBE 
Release OverviewMessage from Tournament Director Teppei Yoshihara
The launch of TeamLeague 2025 brings a new dimension to pickleballan EastWest exchang… [+5157 chars]",sports
"{'id': None, 'name': 'ETF Daily News'}",MarketBeat News,"Pallas Capital Advisors LLC Takes Position in Nexstar Media Group, Inc. $NXST","Pallas Capital Advisors LLC acquired a new position in shares of Nexstar Media Group, Inc. (NASDAQ:NXST – Free Report) during the second quarter, Holdings Channel.com reports. The institutional investor acquired 2,497 shares of the company’s stock, valued at …",https://www.etfdailynews.com/2025/09/21/pallas-capital-advisors-llc-takes-position-in-nexstar-media-group-inc-nxst/,https://www.americanbankingnews.com/wp-content/timthumb/timthumb.php?src=https://www.marketbeat.com/logos/nexstar-media-group-inc-logo-1200x675.png?v=20221111145914&w=240&h=240&zc=2,2025-09-21T07:48:52Z,"Pallas Capital Advisors LLC acquired a new position in shares of Nexstar Media Group, Inc. (NASDAQ:NXST – Free Report) during the second quarter, Holdings Channel.com reports. The institutional inves… [+5186 chars]",sports
"{'id': None, 'name': 'CNBC'}",,Global week ahead: There's hope for Europe's comeback,CNBC is on the road this week to assess if Europe's economic recovery is intact.,https://www.cnbc.com/2025/09/21/global-week-ahead-theres-hope-for-europes-comeback.html,https://image.cnbcfm.com/api/v1/image/108149891-1747999835594-gettyimages-2208424526-2203155854.jpeg?v=1758287045&w=1920&h=1080,2025-09-21T07:43:08Z,"CNBC's London teams hit the road next week, with multi-day broadcast and coverage plans from Munich, Paris, Dublin and Canary Wharf keeping our journalists busy and one theme seeming to tie everythin… [+2643 chars]",sports
"{'id': None, 'name': 'ETF Daily News'}",MarketBeat News,"Strs Ohio Makes New $603,000 Investment in Super Group (SGHC) Limited $SGHC","Strs Ohio acquired a new position in Super Group (SGHC) Limited (NYSE:SGHC – Free Report) during the first quarter, HoldingsChannel.com reports. The fund acquired 93,600 shares of the company’s stock, valued at approximately $603,000. Other institutional inve…",https://www.etfdailynews.com/2025/09/21/strs-ohio-makes-new-603000-investment-in-super-group-sghc-limited-sghc/,https://www.americanbankingnews.com/wp-content/timthumb/timthumb.php?src=https://www.marketbeat.com/logos/super-group-(sghc)-limited-logo-1200x675.png?v=20220228095611&w=240&h=240&zc=2,2025-09-21T07:43:04Z,"Strs Ohio acquired a new position in Super Group (SGHC) Limited (NYSE:SGHC – Free Report) during the first quarter, HoldingsChannel.com reports. The fund acquired 93,600 shares of the company’s stock… [+4438 chars]",sports
"{'id': None, 'name': 'ETF Daily News'}",MarketBeat News,Promising Artificial Intelligence Stocks To Watch Now – September 18th,"Salesforce, SoundHound AI, Super Micro Computer, QUALCOMM, and ServiceNow are the five Artificial Intelligence stocks to watch today, according to MarketBeat’s stock screener tool. Artificial intelligence stocks are shares in publicly traded companies whose p…",https://www.etfdailynews.com/2025/09/21/promising-artificial-intelligence-stocks-to-watch-now-september-18th/,https://www.americanbankingnews.com/wp-content/timthumb/timthumb.php?src=https://www.marketbeat.com/logos/salesforcecom-inc-logo-1200x675.png&w=240&h=240&zc=2,2025-09-21T07:42:51Z,"Salesforce, SoundHound AI, Super Micro Computer, QUALCOMM, and ServiceNow are the five Artificial Intelligence stocks to watch today, according to MarketBeat’s stock screener tool. Artificial intelli… [+3598 chars]",sports
"{'id': None, 'name': 'ETF Daily News'}",MarketBeat News,"Gildan Activewear, Inc. (NYSE:GIL) Receives $64.58 Consensus Target Price from Analysts","Shares of Gildan Activewear, Inc. (NYSE:GIL – Get Free Report) (TSE:GIL) have been assigned a consensus recommendation of “Moderate Buy” from the twelve brokerages that are presently covering the company, Marketbeat.com reports. One investment analyst has rat…",https://www.etfdailynews.com/2025/09/21/gildan-activewear-inc-nysegil-receives-64-58-consensus-target-price-from-analysts/,https://www.americanbankingnews.com/wp-content/timthumb/timthumb.php?src=https://www.marketbeat.com/logos/gildan-activewear-logo-1200x675.png&w=240&h=240&zc=2,2025-09-21T07:40:50Z,"Shares of Gildan Activewear, Inc. (NYSE:GIL – Get Free Report) (TSE:GIL) have been assigned a consensus recommendation of “Moderate Buy” from the twelve brokerages that are presently covering the com… [+5101 chars]",sports
"{'id': None, 'name': 'TMZ'}",TMZ Staff,"Eric Dickerson Eviscerates 'Horrible' Browns, Wishes They'd Cut Shedeur Sanders","Eric Dickerson made it crystal clear this week he's no fan of the Cleveland Browns ... telling TMZ Sports he thinks ""they're horrible"" -- and he wishes Shedeur Sanders ended up elsewhere. The Hall of Fame running back minced no words during a chat…
 Permalink",https://www.tmz.com/2025/09/21/eric-dickerson-rips-cleveland-browns-shedeur-sanders/,https://imagez.tmz.com/image/03/16by9/2025/09/18/03ba4b0e470642b08509740b9cbdd105_xl.jpg,2025-09-21T07:30:19Z,"Eric Dickerson made it crystal clear this week he's no fan of the Cleveland Browns ... telling TMZ Sports he thinks ""they're horrible"" -- and he wishes Shedeur Sanders ended up elsewhere.
The Hall o… [+1742 chars]",sports
"{'id': None, 'name': 'TMZ'}",TMZ Staff,"Terry Bradshaw Has No Issue With Tom Brady Juggling Fox, Raiders Roles","Terry Bradshaw sees nothing wrong with Tom Brady balancing his role as a Fox broadcaster with his gig as a Raiders owner ... telling TMZ Sports it's just not a big deal to him. Brady, of course, sparked a firestorm of sorts among NFL fans this week…
 Permalink",https://www.tmz.com/2025/09/21/terry-bradshaw-on-tom-brady-roles/,https://imagez.tmz.com/image/e5/16by9/2025/09/18/e5d75a8716ec4079a16ecc964eed4454_xl.jpg,2025-09-21T07:25:57Z,"Terry Bradshaw sees nothing wrong with Tom Brady balancing his role as a Fox broadcaster with his gig as a Raiders owner ... telling TMZ Sports it's just not a big deal to him.
Brady, of course, spa… [+1427 chars]",sports
"{'id': None, 'name': 'ETF Daily News'}",MarketBeat News,"Strs Ohio Acquires Shares of 54,900 Rush Street Interactive, Inc. $RSI","Strs Ohio purchased a new position in Rush Street Interactive, Inc. (NYSE:RSI – Free Report) during the 1st quarter, HoldingsChannel reports. The fund purchased 54,900 shares of the company’s stock, valued at approximately $589,000. Several other hedge funds …",https://www.etfdailynews.com/2025/09/21/strs-ohio-acquires-shares-of-54900-rush-street-interactive-inc-rsi/,https://www.americanbankingnews.com/wp-content/timthumb/timthumb.php?src=https://www.marketbeat.com/logos/rush-street-interactive-inc-logo-1200x675.jpg?v=20210327085621&w=240&h=240&zc=2,2025-09-21T07:20:50Z,"Strs Ohio purchased a new position in Rush Street Interactive, Inc. (NYSE:RSI – Free Report) during the 1st quarter, HoldingsChannel reports. The fund purchased 54,900 shares of the company’s stock, … [+5928 chars]",sports
"{'id': 'the-times-of-india', 'name': 'The Times of India'}",Trending Desk,"India vs Pakistan Asia Cup 2025: Predicted playing 11, match timing, where to watch, and more","IND vs PAK Asia Cup 2025 Playing 11 Today Match: India faces Pakistan in a crucial Asia Cup 2025 Super 4 match, with Suryakumar Yadav leading the team. Spinners Kuldeep Yadav, Axar Patel, and Varun Chakravarthy are key on Dubai's slow pitch. Pakistan's battin…",https://economictimes.indiatimes.com/news/new-updates/india-vs-pakistan-asia-cup-2025-super-4-cricket-match-playing-11-prediction-player-list-ind-vs-pak-today-match-team-prediction-full-squad-players-list-preview/articleshow/124025200.cms,"https://img.etimg.com/thumb/msid-124025263,width-1200,height-630,imgsize-103598,overlay-economictimes/articleshow.jpg",2025-09-21T07:18:14Z,Skipper Suryakumar Yadav will depend heavily on his spin troika as India prepare for a tense Super 4 match against Pakistan in Asia Cup 2025 on Sunday. The stakes are raised not only by the fierce ri… [+2623 chars],sports
"{'id': None, 'name': 'TMZ'}",TMZ Staff,"Floyd Mayweather Says He Could Return To Ring For Pro Fight, Risk 50-0 Record","51-0?! Maybe! Floyd Mayweather isn't ruling out stepping back into the boxing ring as a pro ... and putting his perfect professional record on the line! We know TBE and Mike Tyson are scheduled to fight sometime early next year ... an exhibition…
 Permalink",https://www.tmz.com/2025/09/21/floyd-mayweather-pro-fight-mike-tyson/,https://imagez.tmz.com/image/f1/16by9/2025/09/18/f12a90eb041f4f2692393dddd2deec90_xl.jpg,2025-09-21T07:15:59Z,"51-0?! Maybe!
Floyd Mayweather isn't ruling out stepping back into the boxing ring as a pro ... and putting his perfect professional record on the line!
We know TBE and Mike Tyson are scheduled to … [+1186 chars]",sports
"{'id': None, 'name': 'ETF Daily News'}",MarketBeat News,Wall Street Zen Upgrades DraftKings (NASDAQ:DKNG) to Buy,Wall Street Zen upgraded shares of DraftKings (NASDAQ:DKNG – Free Report) from a hold rating to a buy rating in a report published on Saturday. Other equities research analysts have also recently issued research reports about the stock. JMP Securities lowered…,https://www.etfdailynews.com/2025/09/21/wall-street-zen-upgrades-draftkings-nasdaqdkng-to-buy/,https://www.americanbankingnews.com/wp-content/timthumb/timthumb.php?src=https://www.marketbeat.com/logos/draftkings-inc-logo.png?v=20231227085909&w=240&h=240&zc=2,2025-09-21T07:10:49Z,"Wall Street Zen upgraded shares of DraftKings (NASDAQ:DKNG – Free Report) from a hold rating to a buy rating in a report published on Saturday.
Other equities research analysts have also recently is… [+5661 chars]",sports
"{'id': None, 'name': 'Thecurvyfashionista.com'}",Editorial Staff,Why Every Curvy Woman Needs These 6 Activewear Essentials,"High-Support Sports Bra High-Support Sports Bra (image credits: unsplash) A good sports bra with strong...
This article, Why Every Curvy Woman Needs These 6 Activewear Essentials first appeared on The Curvy Fashionista and is written by Editorial Staff. 
Neve…",https://thecurvyfashionista.com/why-every-curvy-woman-needs-these-6-activewear-essentials/,https://thecurvyfashionista.com/wp-content/uploads/2025/09/1758363273204_photo-1743224445912-34c43fe32cc8.jpeg,2025-09-21T07:07:30Z,"High-Support Sports Bra
High-Support Sports Bra (image credits: unsplash)
A good sports bra with strong support wide straps, encapsulation, maybe adjustable features is non-negotiable. Finding the … [+3173 chars]",sports
"{'id': None, 'name': 'TMZ'}",TMZ Staff,"NFL's Shaquil Barrett Not Retired, Insists He Can 'Give It One More Good Year'","Shaquil Barrett is keepin' his phone within reach ... telling TMZ Sports if an NFL team calls about a comeback -- he'll be ready to answer!! The 32-year-old said this week he's not closing the door on his football career ... insisting he ""can give…
 Permalink",https://www.tmz.com/2025/09/21/shaquil-barrett-nfl-return/,https://imagez.tmz.com/image/42/16by9/2025/09/18/4247a2b67583473eb1d25e1d2adda756_xl.jpg,2025-09-21T07:05:40Z,"Shaquil Barrett is keepin' his phone within reach ... telling TMZ Sports if an NFL team calls about a comeback -- he'll be ready to answer!!
The 32-year-old said this week he's not closing the door … [+1456 chars]",sports
"{'id': 'fox-sports', 'name': 'Fox Sports'}",RJ Young,2025 College Football Rankings: Indiana Soars After Dominant Win Over Illinois,"FOX Sports' RJ Young reveals his Top 25 rankings after Week 4, with Indiana and Texas Tech moving up, and Illinois and Auburn dropping down.",https://www.foxsports.com/stories/college-football/2025-college-football-rankings-indiana-soars-after-dominant-win-over-illinois,https://a57.foxsports.com/statics.foxsports.com/www.foxsports.com/content/uploads/2025/09/1408/814/c8f00738-rj-youngs-vs-ap-top-25_16x9.jpg?ve=1&tl=1,2025-09-21T07:02:19Z,"With four top-10 teams idle this weekend, Curt Cignettis Indiana squad seized the spotlight and made the most of it. 
The Hoosiers dominated No. 9 Illinois in a primetime statement win that has once… [+7884 chars]",sports
"{'id': None, 'name': 'The Journal News | LoHud.com'}",George Caratzas,These are the best athletes ever from Mount Vernon. Who is the best?,These are the best athletes ever to come out of Mount Vernon.,https://www.lohud.com/story/sports/high-school/2025/09/21/who-are-the-best-athletes-ever-to-come-out-of-mount-vernon-ny/84521360007/,"https://www.lohud.com/gcdn/authoring/authoring-images/2024/08/09/PWES/74742125007-usatsi-23957699.jpg?crop=6898,3881,x0,y600&width=3200&height=1801&format=pjpg&auto=webp",2025-09-21T07:01:20Z,"Editor's note: Who is the best athlete to come out of your school or community?
That is the question we want to answer in the coming months about the various communities in the Lower Hudson Valley. … [+11624 chars]",sports
"{'id': None, 'name': 'Sporting News'}",Hunter Cookston,NFL insider torches Nebraska's Dylan Raiola over paradox in carbon-copying Chiefs' Patrick Mahomes,"Dylan Raiola has a comparison to Patrick Mahomes. On Saturday, Raiola was blasted for trying to be like him.",https://www.sportingnews.com/us/ncaa-football/news/nfl-insider-torches-nebraskas-dylan-raiola-over-paradox-carbon-copying-chiefs-patrick-mahomes/0bc1af543e3779cba270b7c4,https://library.sportingnews.com/styles/crop_style_16_9_desktop_webp/s3/2025-09/USATSI_27021244.jpg.webp?itok=_j4tf4HB,2025-09-21T07:01:17Z,"The Nebraska Cornhuskers faced off against the Michigan Wolverines on Saturday, and the game didnt disappoint. The only downside was that the Cornhuskers came away with a lossclearly disappointing fo… [+1692 chars]",sports
"{'id': None, 'name': 'ETF Daily News'}",MarketBeat News,"DICK’S Sporting Goods, Inc. (NYSE:DKS) Receives Average Rating of “Moderate Buy” from Analysts","DICK’S Sporting Goods, Inc. (NYSE:DKS – Get Free Report) has been given a consensus recommendation of “Moderate Buy” by the twenty research firms that are currently covering the company, MarketBeat reports. Ten research analysts have rated the stock with a ho…",https://www.etfdailynews.com/2025/09/21/dicks-sporting-goods-inc-nysedks-receives-average-rating-of-moderate-buy-from-analysts/,https://www.americanbankingnews.com/wp-content/timthumb/timthumb.php?src=https://www.marketbeat.com/logos/dicks-sporting-goods-inc-logo-1200x675.png?v=20221109153449&w=240&h=240&zc=2,2025-09-21T07:00:43Z,"DICK’S Sporting Goods, Inc. (NYSE:DKS – Get Free Report) has been given a consensus recommendation of “Moderate Buy” by the twenty research firms that are currently covering the company, MarketBeat r… [+6094 chars]",sports
"{'id': None, 'name': 'Sky Sports'}",Patrick Davison,"Gyokeres on critics, Arsenal ambitions and THAT celebration","""Nobody cared who I was until I put on the mask.""",https://www.skysports.com/football/news/11095/13434177/viktor-gyokeres-arsenal-striker-on-his-critics-and-that-celebration-as-he-prepares-to-face-manchester-city,https://e0.365dm.com/25/09/1600x900/skysports-premier-league-arsenal_7026138.jpg?20250920132731,2025-09-21T07:00:00Z,"""Nobody cared who I was until I put on the mask.""
It is the famous quote from the arch-villain Bane in the most recent Batman trilogy that has inspired the last few years of Viktor Gyokeres' career.… [+4905 chars]",sports
"{'id': None, 'name': '101 Great Goals'}",Solomon Shehata,DraftKings Promo Code For NFL Sunday Ticket + $300 Welcome Bonus For Cowboys @ Bears,"Sign up today for the DraftKings promo code and claim over $200 off the NFL Sunday Ticket for this season, PLUS, $300 Bonus Bets Instantly at DraftKings Sportsbook. Not only can players earn potential bonus bets when wagering on the NFL, but they can also enj…",https://www.101greatgoals.com/nfl/draftkings-promo-code-for-nfl-sunday-ticket-300-welcome-bonus-for-cowboys-bears/,https://www.101greatgoals.com/wp-content/uploads/2025/08/DraftKings-NFL-Sunday-Ticket.jpg,2025-09-21T07:00:00Z,"Sign up today for the DraftKings promo code and claim over $200 off the NFL Sunday Ticket for this season, PLUS, $300 Bonus Bets Instantly at DraftKings Sportsbook. Not only can players earn potentia… [+5534 chars]",sports
"{'id': None, 'name': 'Thephoblographer.com'}",Nilofer Khan,The 4 Best APS-C Cameras for Wildlife Photography,"Wildlife photography is a challenging genre that requires the best autofocus, higher megapixels, and good image quality. While full-frame cameras are often sought after, they are not always the best device for this genre. A smaller sensor can help you achieve…",https://www.thephoblographer.com/2025/09/21/the-4-best-aps-c-cameras-for-wildlife-photography/,https://www.thephoblographer.com/wp-content/uploads/2023/03/Chris-Gampat-The-Phoblographer-Canon-EOS-R7-with-100-500mm-product-images-firmware-1.3-1.81-250s400-4-scaled.jpg,2025-09-21T07:00:00Z,"Wildlife photography is a challenging genre that requires the best autofocus, higher megapixels, and good image quality. While full-frame cameras are often sought after, they are not always the best … [+2524 chars]",sports
"{'id': None, 'name': 'BBC News'}",,The ageing skateboarders rolling back the years,"""People are pulled in, supported, and met at their own level,"" says a researcher.",https://www.bbc.com/news/articles/ckgy7j39xyzo,https://ichef.bbci.co.uk/news/1024/branded_news/8ff2/live/5b8d6860-92e7-11f0-9ef6-83faefc563e4.jpg,2025-09-21T06:54:46Z,"Jonathan MorrisSouth West
Tony Alva at Newquay was a historic moment for fans
When 68-year-old skateboarding legend Tony Alva carved through the concrete bowl at the Surf Skate Expo in Cornwall, a … [+4577 chars]",sports
"{'id': 'football-italia', 'name': 'Football Italia'}",Sam Wilson,Serie A | Lazio vs Roma – Predicted line-ups for first Derby della Capitale of the season,Lazio vs Roma takes place on Sunday and we took a look at the predicted line-ups for the must-win game for both sides...,https://football-italia.net/serie-a-lazio-vs-roma-predicted-line-ups-for-first-derby-della-capitale-of-the-season/,https://icdn.football-italia.net/wp-content/uploads/2025/09/Taty-Castellanos-Sassuolo-Lazio.jpg,2025-09-21T06:45:00Z,"Lazio and Roma prepare to engage for the first Derby della Capitale of the season on Sunday in a must-win game for both sides.
Lazio vs Roma kicks off at 11:30 BST or 12:30 local time, with the stag… [+1920 chars]",sports
"{'id': None, 'name': 'Chelsea.news'}",,Joao Pedro’s “aggressive” claims compare Chelsea manager with Ligue 1 coach,Joao Pedro’s interview with Sky Sports yesterday was really fascinating on a number of fronts.He noted how he was working hard to be able to play twice a week as he adapted to the intense rhythm of ...,https://chelsea.news/2025/09/joao-pedro-de-zerbi-aggressive/,https://photobooth-api.onefootball.com/api/screenshot/%2Fv2%2Fphotobooth%2Fcms%2Fen%2F41694966%3Fdate=2025-09-21,2025-09-21T06:45:00Z,"Joao Pedros interview with Sky Sports yesterday was really fascinating on a number of fronts.
He noted how he was working hard to be able to play twice a week as he adapted to the intense rhythm of … [+1425 chars]",sports
"{'id': None, 'name': 'Yahoo Entertainment'}",Steve Galluzzo,Lily Alder wins the 44th Woodbridge Cross Country Classic; Irvine's Summer Wilson is fourth,The top two returners from last year battled for three miles before Lily Alder of Timpview (Utah) passed La Jolla's Chiara Dailey to win the Woodbridge Cross Country Classic.,https://sports.yahoo.com/article/lily-alder-wins-44th-woodbridge-064401956.html,https://media.zenfs.com/en/la_times_articles_853/1cbb81831f879f5194d852cedce30c3b,2025-09-21T06:44:01Z,The top two returners from last year battled for three miles before Lily Alder of Timpview (Utah) passed La Jollas Chiara Dailey in the final yards to win the Bob Day Girls Sweepstakes race on Saturd… [+2247 chars],sports
"{'id': None, 'name': 'Prtimes.jp'}",,【DPC KOBE】吉原哲平選手指導 ピックルボール｜初心者体験・初級＆中級練習会 9月追加開催,"[株式会社ITC]
[画像1: https://prcdn.freetls.fastly.net/release_image/21838/309/21838-309-1b84dc656c2a691fc865c3f0b565df50-3753x1508.jpg?width=536&quality=85%2C75&format=jpeg&auto=webp&fit=bounds&...",https://prtimes.jp/main/html/rd/p/000000309.000021838.html,https://prcdn.freetls.fastly.net/release_image/21838/309/21838-309-19b0a63a536a0f3435b24dea7c5b9238-920x450.png?format=jpeg&auto=webp&fit=bounds&width=2400&height=1260,2025-09-21T06:40:02Z,"DPC KOBE
9DPC KOBE 35+
DPC KOBE
Release Overview | Introductory, Beginner &amp; Intermediate Training Program Launch
Pickleball is growing rapidly, attracting new players and fresh energy every d… [+5879 chars]",sports
"{'id': None, 'name': 'Football Espana'}",,Predicted XIs Barcelona-Getafe: Four changes planned by Hansi Flick,"Barcelona return to La Liga action on Sunday evening as they play host to Getafe at the Estadio Johan Cruyff. Hansi Flick’s side fell five points behind Real Madrid after they won on Saturday, so th...",https://www.football-espana.net/2025/09/21/barcelona-getafe-la-liga-predicted-xis,https://photobooth-api.onefootball.com/api/screenshot/%2Fv2%2Fphotobooth%2Fcms%2Fen%2F41694963%3Fdate=2025-09-21,2025-09-21T06:40:00Z,"Barcelona return to La Liga action on Sunday evening as they play host to Getafe at the Estadio Johan Cruyff. Hansi Flicks side fell five points behind Real Madrid after they won on Saturday, so thei… [+1676 chars]",sports
"{'id': None, 'name': 'The-independent.com'}",Ellie Muir,Strictly Come Dancing 2025 couples – full list of celebrities and their partners,"Meet the cast of 2025, from Dani Dyer to Thomas Skinner – and their professional partners",https://www.the-independent.com/arts-entertainment/tv/news/strictly-2025-contestants-couples-celebs-partners-b2830654.html,"https://static.the-independent.com/2025/09/16/15/17/Screenshot-2025-09-16-at-16-43-42.png?trim=0,71,0,73&width=1200&height=800&crop=1200:800",2025-09-21T06:31:36Z,"Your support helps us to tell the story
From reproductive rights to climate change to Big Tech, The Independent is on the ground when the story is developing. Whether it's investigating the financia… [+11113 chars]",sports
"{'id': None, 'name': 'Sky Sports'}",,'I always thought I'd come back!' | The story of Jose's 'Hollywood' Benfica return,Sky Sports' Gary Cotterill breaks down the story of Jose Mourinho's 'Hollywood' return to Benfica.,https://www.skysports.com/football/video/19530/13435337/the-story-of-jose-mourinhos-hollywood-benfica-reunion,https://e0.365dm.com/25/09/1600x900/skysports-jose-mourinho-benfica_7027218.jpg?20250921074626,2025-09-21T06:27:00Z,"Sunday 21 September 2025 12:35, UK",sports
"{'id': None, 'name': 'The Football Faithful'}",,Mallorca vs Atletico Madrid – Match preview and team news,Mallorca and Atletico Madrid go head-to-head in La Liga action on Sunday.The home side are desperate to escape the relegation zone while Atletico Madrid also aim to climb up the table after a mixed st...,https://thefootballfaithful.com/mallorca-vs-atletico-madrid-match-preview-and-team-news/,https://photobooth-api.onefootball.com/api/screenshot/%2Fv2%2Fphotobooth%2Fcms%2Fen%2F41694941%3Fdate=2025-09-21,2025-09-21T06:25:00Z,"Mallorca and Atletico Madrid go head-to-head in La Liga action on Sunday.
The home side are desperate to escape the relegation zone while Atletico Madrid also aim to climb up the table after a mixed… [+3561 chars]",sports
"{'id': None, 'name': 'Notebookcheck.net'}",Daniel Schmidt,More features and a titanium build - Huawei Watch GT 6 Pro review,"Representative. | The Huawei Watch GT 6 Pro features higher-quality materials, adds an ECG function, and provides access to exclusive sports modes. New sensors promise even more precise measurements, and the battery capacity has increased noticeably.",https://www.notebookcheck.net/More-features-and-a-titanium-build-Huawei-Watch-GT-6-Pro-review.1120135.0.html,https://www.notebookcheck.net/fileadmin/Notebooks/Huawei/Watch_GT_6_Pro/aPic_Huawei_Watch_GT_6_Pro-1239.jpg,2025-09-21T06:23:00Z,"The Watch GT 6 Pro runs Huawei's HarmonyOS 6.0 and connects to the smartphone via Bluetooth 6.0; there is no official Wi-Fi support.
Before setup, the Huawei Health app must be installed. This can b… [+1209 chars]",sports
"{'id': None, 'name': 'BBC News'}",,"'It takes strength,' says world toe-wrestling champ",Lisa Shenton on the efforts needed to be victorious in the World Toe Wrestling Championships.,https://www.bbc.com/news/articles/c89dezyvyygo,https://ichef.bbci.co.uk/news/1024/branded_news/cb37/live/92778960-9499-11f0-8e88-0f11af0637c1.jpg,2025-09-21T06:19:52Z,"Farmer Lisa Shenton always wears steel-capped footwear at work because she cannot risk an animal trampling on her prize-winning toes.
""If the sheep or horses stand on me, I'm in trouble.""
The 44-ye… [+2259 chars]",sports
"{'id': None, 'name': 'The Football Faithful'}",,Borussia Dortmund vs Wolfsburg – Match preview and team news,"Borussia Dortmund and VfL Wolfsburg clash in the Bundesliga on Sunday evening.Both sides will be looking to maintain their unbeaten starts to the season, with Dortmund currently third in the table and...",https://thefootballfaithful.com/borussia-dortmund-vs-wolfsburg-match-preview-and-team-news/,https://photobooth-api.onefootball.com/api/screenshot/%2Fv2%2Fphotobooth%2Fcms%2Fen%2F41694922%3Fdate=2025-09-21,2025-09-21T06:19:00Z,"Borussia Dortmund and VfL Wolfsburg clash in the Bundesliga on Sunday evening.
Both sides will be looking to maintain their unbeaten starts to the season, with Dortmund currently third in the table … [+3411 chars]",sports
"{'id': None, 'name': 'The Denver Post'}",Sean Keeler,"Keeler: Deion Sanders, you’ve found CU Buffs’ QB1. It’s Kaidon Salter’s team. Kaidon Salter’s time.","Remember what CU Buffs coach Deion Sanders said last week about wanting ""leadership"" from his starting quarterback? Kaidon Salter brought that -- and more — against the Wyoming Cowboys.",https://www.denverpost.com/2025/09/21/cu-buffs-wyoming-kaidon-salter-score/,https://www.denverpost.com/wp-content/uploads/2025/09/AP25264113305050.jpg?w=1024&h=685,2025-09-21T06:18:29Z,"BOULDER — He could’ve rubbed Salter in Micah Welch’s wounds.
Welch, the CU Buffs’ mercurial tailback, screwed up. He knew it. Salter knew it. The sophomore had fumbled at the end of a 44-yard run la… [+3434 chars]",sports
"{'id': None, 'name': 'ETF Daily News'}",MarketBeat News,Zimmer Biomet (NYSE:ZBH) Upgraded at Rothschild Redb,"Rothschild Redb upgraded shares of Zimmer Biomet (NYSE:ZBH – Free Report) to a strong-buy rating in a report released on Thursday morning,Zacks.com reports. Other analysts have also issued research reports about the stock. Raymond James Financial raised their…",https://www.etfdailynews.com/2025/09/21/zimmer-biomet-nysezbh-upgraded-at-rothschild-redb/,https://www.americanbankingnews.com/wp-content/timthumb/timthumb.php?src=https://www.marketbeat.com/logos/zimmer-biomet-holdings-inc-logo.jpg&w=240&h=240&zc=2,2025-09-21T06:15:00Z,"Rothschild Redb upgraded shares of Zimmer Biomet (NYSE:ZBH – Free Report) to a strong-buy rating in a report released on Thursday morning,Zacks.com reports.
Other analysts have also issued research … [+5264 chars]",sports
"{'id': None, 'name': 'Chelsea.news'}",,Joao Pedro explains his secrets on playing twice a week for Chelsea at top level,"Considering the busy few years of transfers they’ve had, it seems amazing that Chelsea are already stretched just a few weeks into the season.Up front they signed Joao Pedro and Liam Delap, but the ...",https://chelsea.news/2025/09/joao-pedro-secrets-twice-a-week-chelsea/,https://photobooth-api.onefootball.com/api/screenshot/%2Fv2%2Fphotobooth%2Fcms%2Fen%2F41694914%3Fdate=2025-09-21,2025-09-21T06:15:00Z,"Considering the busy few years of transfers theyve had, it seems amazing that Chelsea are already stretched just a few weeks into the season.
Up front they signed Joao Pedro and Liam Delap, but the … [+1597 chars]",sports
"{'id': None, 'name': 'Notebookcheck.net'}",Abid Ahsan Shanto,Xiaomi launches new 5.1.2-channel TV speaker with built-in subwoofer,"There's a new TV speaker in Xiaomi's portfolio, which comes with a 5.1.2-channel configuration and features a built-in subwoofer. The soundbar sports a peak power rating of 490 W, and the launch price is CNY 1,999, around $281.",https://www.notebookcheck.net/Xiaomi-launches-new-5-1-2-channel-TV-speaker-with-built-in-subwoofer.1120136.0.html,https://www.notebookcheck.net/fileadmin/Notebooks/News/_nc5/Xiaomi-launches-new-5.1.2-TV-speaker.jpg,2025-09-21T06:15:00Z,"Xiaomi has introduced a new TV speaker, and it sports a 5.1.2-channel configuration. The company notes that the soundbar comes with a peak power rating of 490 W, which promises to offer an immersive … [+1440 chars]",sports
"{'id': None, 'name': 'The Football Faithful'}",,Borussia Dortmund vs Wolfsburg – Predicted lineup and team news,Borussia Dortmund and VfL Wolfsburg are set to meet in an exciting Bundesliga encounter on Sunday evening. Both sides head into the contest unbeaten in league action this season.Borussia Dortmund vs W...,https://thefootballfaithful.com/borussia-dortmund-vs-wolfsburg-predicted-lineup-and-team-news/,https://photobooth-api.onefootball.com/api/screenshot/%2Fv2%2Fphotobooth%2Fcms%2Fen%2F41694908%3Fdate=2025-09-21,2025-09-21T06:14:00Z,"Borussia Dortmund and VfL Wolfsburg are set to meet in an exciting Bundesliga encounter on Sunday evening. Both sides head into the contest unbeaten in league action this season.
Borussia Dortmund v… [+1427 chars]",sports
"{'id': None, 'name': 'Protothema.gr'}",admin,"Pavlos Vardinogiannis – Katerina Birbili: The fairytale wedding in Ekali with stunning decoration, the witnesses, and the reception","With witnesses from the Vardinogiannis family and a close friend of the groom, the couple joined in holy matrimony in the presence of distinguished guests.
The post Pavlos Vardinogiannis – Katerina Birbili: The fairytale wedding in Ekali with stunning decorat…",https://en.protothema.gr/2025/09/21/pavlos-vardinogiannis-katerina-birbili-the-fairytale-wedding-in-ekali-with-stunning-decoration-the-witnesses-and-the-reception/,https://en.protothema.gr/wp-content/uploads/2024/06/ProtothemaEn.png,2025-09-21T06:13:20Z,"With great splendor and in a close family circle, Pavlos Vardinogiannis and Katerina Birbili, after two years of relationship, were married at the Church of Agia Marina in Ekali, in a ceremony that s… [+2099 chars]",sports
"{'id': None, 'name': 'ETF Daily News'}",MarketBeat News,Blue Owl Capital Inc. (NYSE:OWL) Given Consensus Recommendation of “Moderate Buy” by Brokerages,"Shares of Blue Owl Capital Inc. (NYSE:OWL – Get Free Report) have received a consensus recommendation of “Moderate Buy” from the fourteen brokerages that are currently covering the stock, Marketbeat reports. Three investment analysts have rated the stock with…",https://www.etfdailynews.com/2025/09/21/blue-owl-capital-inc-nyseowl-given-consensus-recommendation-of-moderate-buy-by-brokerages/,https://www.americanbankingnews.com/wp-content/timthumb/timthumb.php?src=https://www.marketbeat.com/logos/blue-owl-capital-inc-logo-1200x675.png?v=20221104141809&w=240&h=240&zc=2,2025-09-21T06:12:59Z,"Shares of Blue Owl Capital Inc. (NYSE:OWL – Get Free Report) have received a consensus recommendation of “Moderate Buy” from the fourteen brokerages that are currently covering the stock, Marketbeat … [+4808 chars]",sports
"{'id': None, 'name': 'Slashdot.org'}",feedfeeder,"Cal Raleigh stays humble, despite passing Griffey for Mariners record - The Seattle Times","Cal Raleigh stays humble, despite passing Griffey for Mariners recordThe Seattle Times That's 57! Raleigh stands alone as Mariners' single-season HR kingMLB.com Cal Raleigh home run tracker: Mariners' slugger reaches 57 homers to break Ken Griffey Jr.'s franc…",https://slashdot.org/firehose.pl?op=view&amp;id=179420914,,2025-09-21T06:12:40Z,The Fine Print: The following comments are owned by whoever posted them. We are not responsible for them in any way.,sports
"{'id': None, 'name': 'Slashdot.org'}",feedfeeder,College Football Week 4 Winners and Losers: Lubbock or Leave It - Sports Illustrated,"College Football Week 4 Winners and Losers: Lubbock or Leave ItSports Illustrated Best of Week 4: The joys of victory for Oklahoma, the agony of defeat for Florida, ClemsonESPN College football winners and losers: The seats got hotter at Oklahoma State, Wisco…",https://slashdot.org/firehose.pl?op=view&amp;id=179420910,,2025-09-21T06:12:30Z,The Fine Print: The following comments are owned by whoever posted them. We are not responsible for them in any way.,sports
"{'id': None, 'name': 'Slashdot.org'}",feedfeeder,NFL DFS Tournament Takes & Leverage Points: Week 3 (Fantasy Football) - Fantasy Footballers Podcast,"NFL DFS Tournament Takes & Leverage Points: Week 3 (Fantasy Football)Fantasy Footballers Podcast Last-minute prep for NFL Week 3: Stat trends, fantasy sleepers, upsets picks and moreESPN NFL Week 3 bold predictions: Giants upset Chiefs; Vikings' Carson Wentz …",https://slashdot.org/firehose.pl?op=view&amp;id=179420908,,2025-09-21T06:12:19Z,The Fine Print: The following comments are owned by whoever posted them. We are not responsible for them in any way.,sports
"{'id': None, 'name': 'SB Nation'}","Martin Wanless, Malcolm Dugdale, Jack Howe-gingell, Will Jones, Matthew Foster, Anthony Gair, Gary Winter",Score Predictions: Can Sunderland Vanquish Villa at Home?,"This afternoon, the Lads hope to put Villa to the sword, live on Sky Sports. Can we get a win?",https://rokerreport.sbnation.com/match-previews/107965/score-predictions-can-sunderland-vanquish-villa-at-home,https://platform.rokerreport.sbnation.com/wp-content/uploads/sites/137/2025/08/gettyimages-2232869847.jpg?quality=90&strip=all&crop=0%2C4.6303550273245%2C100%2C90.739289945351&w=1200,2025-09-21T06:09:36Z,"HAWAY THE PODCAST!
Have you heard about Haway The Podcast, the all-new, official Roker Report Podcast? Weve recently launched it and wed you love to check it out and give it a listen!
CLICK HERE TO… [+8234 chars]",sports
"{'id': None, 'name': 'fox5sandiego.com'}",Dominique LaVigne,Rain showers and thunderstorms return to San Diego this Sunday,"San Diego is expecting rain to return on Sunday, with the coast and inland valleys seeing a 20-35% chance of rain, the mountains and deserts seeing a 30-40% ...",https://fox5sandiego.com/weather/rain-showers-and-thunderstorms-return-to-san-diego-this-sunday/,https://media.zenfs.com/en/kswb_articles_601/07dd428bf797adc480eee01f91f8d2cb,2025-09-21T06:09:22Z,"SAN DIEGO (FOX 5/KUSI) The rain isnt going away just yet in San Diego.
Saturday, San Diegans were able to enjoy a brief break from the showers and thunderstorms that hit the county last week, but th… [+1474 chars]",sports
"{'id': None, 'name': 'The Football Faithful'}",,Celtic XI vs Partick Thistle – Predicted lineup and team news,"Celtic and Partick Thistle will clash in the quarter-finals of the Premier Sports Cup this Sunday at Firhill Stadium.Both teams are eager to claim a spot in the semi-finals, with Celtic aiming to reta...",https://thefootballfaithful.com/celtic-xi-vs-partick-thistle-predicted-lineup-and-team-news/,https://photobooth-api.onefootball.com/api/screenshot/%2Fv2%2Fphotobooth%2Fcms%2Fen%2F41694898%3Fdate=2025-09-21,2025-09-21T06:09:00Z,"Celtic and Partick Thistle will clash in the quarter-finals of the Premier Sports Cup this Sunday at Firhill Stadium.
Both teams are eager to claim a spot in the semi-finals, with Celtic aiming to r… [+1693 chars]",sports
"{'id': None, 'name': 'ETF Daily News'}",MarketBeat News,"Amdocs (NASDAQ:DOX) Shares Unloaded Rep. Gilbert Ray Cisneros, Jr.","Representative Gilbert Ray Cisneros, Jr. (D-California) recently sold shares of Amdocs Limited (NASDAQ:DOX). In a filing disclosed on September 12th, the Representative disclosed that they had sold between $1,001 and $15,000 in Amdocs stock on August 26th. Th…",https://www.etfdailynews.com/2025/09/21/amdocs-nasdaqdox-shares-unloaded-rep-gilbert-ray-cisneros-jr/,https://www.americanbankingnews.com/wp-content/timthumb/timthumb.php?src=https://www.marketbeat.com/logos/amdocs-limited-logo-1200x675.png?v=20240119120004&w=240&h=240&zc=2,2025-09-21T06:08:57Z,"Representative Gilbert Ray Cisneros, Jr. (D-California) recently sold shares of Amdocs Limited (NASDAQ:DOX). In a filing disclosed on September 12th, the Representative disclosed that they had sold b… [+6997 chars]",sports
"{'id': None, 'name': 'The Denver Post'}",Kyle Newman,"Brayden Fowler-Nicolosi benched, but CSU Rams comeback falls short against UTSA on failed two-point conversion","First, Brayden Fowler-Nicolosi lost Fort Collins. Then, he probably lost his job.",https://www.denverpost.com/2025/09/20/csu-rams-lose-utsa-brayden-fowler-nicolosi-benched/,https://www.denverpost.com/wp-content/uploads/2025/09/TDP-L-CSU-UTSA_DSC4056.jpg?w=1024&h=901,2025-09-21T05:52:08Z,"FORT COLLINS — First, Brayden Fowler-Nicolosi lost Fort Collins. Then, he lost his job.
The Canvas Stadium crowd, its frustration seeping over from the Rams barely beating FCS Northern Colorado at h… [+4860 chars]",sports
"{'id': None, 'name': 'The Football Faithful'}",,Inter Milan vs Sassuolo – Match preview and team news,Inter Milan look to return to winning ways as they host newly-promoted Sassuolo at the San Siro on Saturday evening.The Nerazzurri enter this fixture seeking redemption after a frustrating start to th...,https://thefootballfaithful.com/inter-milan-vs-sassuolo-match-preview-and-team-news/,https://photobooth-api.onefootball.com/api/screenshot/%2Fv2%2Fphotobooth%2Fcms%2Fen%2F41694858%3Fdate=2025-09-21,2025-09-21T05:51:00Z,"Inter Milan look to return to winning ways as they host newly-promoted Sassuolo at the San Siro on Saturday evening.
The Nerazzurri enter this fixture seeking redemption after a frustrating start to… [+3286 chars]",sports
"{'id': None, 'name': 'pitpass.com'}",editor@pitpass.com (Editor),Baku extends contract,"Formula 1 has announced that the Azerbaijan Grand Prix will remain on the calendar for a further four years, securing the future of the event until 2030 inclusive.",https://www.pitpass.com/81119/Baku-extends-contract,http://www.pitpass.com/images/races/800/2025azerbaijanfriday06.jpg,2025-09-21T05:51:00Z,"Formula 1 has announced that the Azerbaijan Grand Prix will remain on the calendar for a further four years, securing the future of the event until 2030 inclusive.
Located on the shores of the Caspi… [+6607 chars]",sports
"{'id': None, 'name': 'New York Post'}",Nicholas McEntyre,"Michigan student, 11, expelled after taking gun away from classmate to prevent ‘unimaginable tragedy’","A Michigan middle schooler courageously disarmed a gun-carrying classmate, but was expelled when he failed to alert a teacher immediately, his furious mother claimed.",https://nypost.com/2025/09/21/us-news/michigan-student-sakir-expelled-after-taking-gun-away-from-dwight-rich-school-of-the-arts-classmate/,https://nypost.com/wp-content/uploads/sites/2/2025/09/savitra-mcclurkin-said-son-punished-111837338.jpg?quality=75&strip=all&w=1024,2025-09-21T05:45:07Z,"A Michigan middle schooler courageously disarmed a gun-carrying classmate, but was expelled when he failed to alert a teacher immediately, his furious mother claimed.
Sakir, a seventh grader at the … [+3692 chars]",sports
"{'id': None, 'name': 'The Football Faithful'}",,Marseille vs PSG – Match preview and team news,"Paris Saint-Germain and Marseille face off in Le Classique on Sunday evening at the Orange Vélodrome, with the reigning champions PSG looking to extend their perfect start to the 2025/26 Ligue 1 camp...",https://thefootballfaithful.com/marseille-vs-psg-match-preview-and-team-news/,https://photobooth-api.onefootball.com/api/screenshot/%2Fv2%2Fphotobooth%2Fcms%2Fen%2F41694850%3Fdate=2025-09-21,2025-09-21T05:43:00Z,"Paris Saint-Germain and Marseille face off in Le Classique on Sunday evening at the Orange Vélodrome, with the reigning champions PSG looking to extend their perfect start to the 2025/26 Ligue 1 camp… [+3002 chars]",sports
"{'id': None, 'name': 'The Football Faithful'}",,PSG XI vs Marseille – Predicted lineup and team news,"Paris Saint-Germain travel to face Marseille in the much-anticipated Le Classique this Sunday evening at the Orange Vélodrome.The Ligue 1 champions, PSG, are aiming to continue their flawless start t...",https://thefootballfaithful.com/psg-xi-vs-marseille-predicted-lineup-and-team-news/,https://photobooth-api.onefootball.com/api/screenshot/%2Fv2%2Fphotobooth%2Fcms%2Fen%2F41694841%3Fdate=2025-09-21,2025-09-21T05:35:00Z,"Paris Saint-Germain travel to face Marseille in the much-anticipated Le Classique this Sunday evening at the Orange Vélodrome.
The Ligue 1 champions, PSG, are aiming to continue their flawless start… [+1391 chars]",sports
"{'id': None, 'name': 'Slashdot.org'}",feedfeeder,Lynx guard DiJonai Carrington ruled out for rest of season because of left foot injury - Star Tribune,Lynx guard DiJonai Carrington ruled out for rest of season because of left foot injuryStar Tribune Lynx's Carrington out for playoffs with foot sprainESPN DiJonai Carrington Injury UpdateMinnesota Lynx DiJonai Carrington injury: Top-seeded Lynx lose key playe…,https://slashdot.org/firehose.pl?op=view&amp;id=179419902,,2025-09-21T05:32:32Z,The Fine Print: The following comments are owned by whoever posted them. We are not responsible for them in any way.,sports
"{'id': None, 'name': 'The Football Faithful'}",,Barcelona vs Getafe – Match preview and team news,"Barcelona and Getafe go head-to-head in La Liga on Sunday evening. Both sides will be searching to continue their impressive starts to the campaign, with the Catalan giants sitting second in the table...",https://thefootballfaithful.com/barcelona-vs-getafe-match-preview-and-team-news/,https://photobooth-api.onefootball.com/api/screenshot/%2Fv2%2Fphotobooth%2Fcms%2Fen%2F41694836%3Fdate=2025-09-21,2025-09-21T05:32:00Z,"Barcelona and Getafe go head-to-head in La Liga on Sunday evening. Both sides will be searching to continue their impressive starts to the campaign, with the Catalan giants sitting second in the tabl… [+3264 chars]",sports
"{'id': None, 'name': 'The Football Faithful'}",,Barcelona vs Getafe – Predicted lineup and team news,"Barcelona are set to square off against Getafe in La Liga on Sunday evening. Both teams have enjoyed positive starts to their campaigns, with the Catalan side holding second place in the standings and...",https://thefootballfaithful.com/barcelona-vs-getafe-predicted-lineup-and-team-news/,https://photobooth-api.onefootball.com/api/screenshot/%2Fv2%2Fphotobooth%2Fcms%2Fen%2F41694825%3Fdate=2025-09-21,2025-09-21T05:28:00Z,"Barcelona are set to square off against Getafe in La Liga on Sunday evening. Both teams have enjoyed positive starts to their campaigns, with the Catalan side holding second place in the standings an… [+1951 chars]",sports
"{'id': None, 'name': 'ETF Daily News'}",MarketBeat News,JPMorgan Chase & Co. Forecasts Strong Price Appreciation for Amer Sports (NYSE:AS) Stock,"Amer Sports (NYSE:AS – Get Free Report) had its price target lifted by stock analysts at JPMorgan Chase & Co. from $46.00 to $53.00 in a note issued to investors on Friday,Benzinga reports. The firm currently has an “overweight” rating on the stock. JPMorgan …",https://www.etfdailynews.com/2025/09/21/jpmorgan-chase-co-forecasts-strong-price-appreciation-for-amer-sports-nyseas-stock/,https://www.americanbankingnews.com/wp-content/timthumb/timthumb.php?src=https://www.marketbeat.com/logos/amer-sports-inc-logo-1200x675.png?v=20240212140633&w=240&h=240&zc=2,2025-09-21T05:24:46Z,"Amer Sports (NYSE:AS – Get Free Report) had its price target lifted by stock analysts at JPMorgan Chase &amp; Co. from $46.00 to $53.00 in a note issued to investors on Friday,Benzinga reports. The f… [+4574 chars]",sports
"{'id': None, 'name': 'Sporting News'}",Jackson Vaerewyck,Jesús Takes the Wheel: Gómez Drills Last-Second Field Goal to Lift ASU Over Baylor,Jesús Gómez drilled a 43-yard walk-off field goal to lift Arizona State over Baylor in a Big 12 thriller. The transfer kicker's full-circle moment capped a gritty win and a statement start to ASU’s conference season.,https://www.sportingnews.com/us/ncaa-football/news/jes%C3%BAs-takes-wheel-g%C3%B3mez-drills-last-second-field-goal-lift-asu-over-baylor/0bcfd9f65429e3749f69dd4d,https://library.sportingnews.com/styles/crop_style_16_9_desktop_webp/s3/2025-09/USATSI_27134904.jpg.webp?itok=8r9h8EnX,2025-09-21T05:23:53Z,"Three years ago, Jesús Gómez broke Arizona States heart. On Saturday night, he sealed one of its most memorable victories.
The senior kicker from Mexico City drilled a 43-yard field goal as time exp… [+4445 chars]",sports
"{'id': None, 'name': 'Yahoo Entertainment'}",Los Angeles Times staff,High school football: Saturday's scores,"CIF City and Southern Section high school football scores from across the Southland on Saturday, Sept. 20.",https://sports.yahoo.com/article/high-school-football-saturdays-scores-052207660.html,https://media.zenfs.com/en/la_times_articles_853/f2c7db448b27acae8125c21a5d827b9d,2025-09-21T05:22:07Z,"SATURDAYS RESULTS
SOUTHERN SECTION
Nonleague
Webb 66, Channel Islands 7
Aquinas 69, Riverside Notre Dame 6
8-MAN
SOUTHERN SECTION
Nonleague
Cate 40, Coast Union 20
Flintridge Prep 20, Faith … [+385 chars]",sports
"{'id': None, 'name': 'The Football Faithful'}",,Bournemouth vs Newcastle United – Match preview and team news,"A meeting between two sides in contrasting form takes place at the Vitality Stadium on Sunday, as Bournemouth host Newcastle United. The Cherries are one of the league’s in-form teams, with a three-...",https://thefootballfaithful.com/bournemouth-vs-newcastle-united-match-preview-and-team-news/,https://photobooth-api.onefootball.com/api/screenshot/%2Fv2%2Fphotobooth%2Fcms%2Fen%2F41694805%3Fdate=2025-09-21,2025-09-21T05:16:00Z,"A meeting between two sides in contrasting form takes place at the Vitality Stadium on Sunday, as Bournemouth host Newcastle United.
The Cherries are one of the leagues in-form teams, with a three-m… [+2560 chars]",sports
"{'id': None, 'name': 'The Football Faithful'}",,Sunderland vs Aston Villa – Predicted lineup and team news,"Sunderland welcome Aston Villa to the Stadium of Light on Sunday, looking to achieve a feat not seen on Wearside for nearly 60 years. A victory would see the Black Cats win their opening three home ga...",https://thefootballfaithful.com/sunderland-vs-aston-villa-predicted-lineup-and-team-news/,https://photobooth-api.onefootball.com/api/screenshot/%2Fv2%2Fphotobooth%2Fcms%2Fen%2F41694799%3Fdate=2025-09-21,2025-09-21T05:13:00Z,"Sunderland welcome Aston Villa to the Stadium of Light on Sunday, looking to achieve a feat not seen on Wearside for nearly 60 years.
A victory would see the Black Cats win their opening three home … [+2017 chars]",sports
"{'id': None, 'name': 'ETF Daily News'}",MarketBeat News,Casino Stocks To Add to Your Watchlist – September 19th,"Sharplink Gaming, Richtech Robotics, and Flutter Entertainment are the three Casino stocks to watch today, according to MarketBeat’s stock screener tool. Casino stocks are publicly traded shares of companies that own and operate casinos, resorts and other gam…",https://www.etfdailynews.com/2025/09/21/casino-stocks-to-add-to-your-watchlist-september-19th/,https://www.americanbankingnews.com/wp-content/timthumb/timthumb.php?src=https://www.marketbeat.com/logos/sharplink-gaming-ltd-logo-1200x675.png?v=20230124141409&w=240&h=240&zc=2,2025-09-21T05:12:04Z,"Sharplink Gaming, Richtech Robotics, and Flutter Entertainment are the three Casino stocks to watch today, according to MarketBeat’s stock screener tool. Casino stocks are publicly traded shares of c… [+1959 chars]",sports
"{'id': None, 'name': 'Livemint'}",Ayaan Kartik,VinFast may appoint an Indian to lead the charge in Indian market,"VinFast Asia chief executive officer Pham Sanh Chau has so far been spearheading the strategy in India where the company has already set up an assembly plant in Thoothukudi, Tamil Nadu",https://www.livemint.com/companies/news/vinfast-india-ceo-tapan-ghosh-hyundai-vinfast-vf6-vf7-launch-india-vinfast-vs-tata-mahindra-evs-11758424884116.html,https://www.livemint.com/lm-img/img/2025/09/21/1600x900/logo/INDIA-ECONOMY-AUTO-4_1757170260787_1757173395123_1758431347996.jpg,2025-09-21T05:11:31Z,"Vietnamese carmaker VinFast is looking to appoint Hyundai India's Tapan Ghosh, who is vice president and function head of sales, as its chief executive in India as it gears up to take on Indian carma… [+3030 chars]",sports
"{'id': None, 'name': 'Sporting News'}",Andrew Hughes,"Dan Wolken rips Clemson Tigers football coach Dabo Swinney for having same standard as NC State, Ole Miss",Clemson Tigers football coach Dabo Swinney has been reduced to whining that he's expected to lead his team to greater heights than the NC State Wolfpack and Ole Miss Rebels expect to reach.,https://www.sportingnews.com/us/ncaa-football/clemson/news/dan-wolken-rips-clemson-tigers-football-coach-dabo-swinney-same-standard-nc-state-ole-miss/cbb37842fa0b7cd252d03509,https://library.sportingnews.com/styles/crop_style_16_9_desktop_webp/s3/2025-09/USATSI_27131678.jpg.webp?itok=C8ABzeTj,2025-09-21T05:11:17Z,"Things went very wrong for Clemson Tigers football coach Dabo Swinney somewhere along the way. And its distorting his own image of his program, and drawing scorn from media figures for his audacity.… [+2237 chars]",sports
"{'id': None, 'name': 'The Football Faithful'}",,Sunderland vs Aston Villa – Match preview and team news,Newly-promoted Sunderland aim to continue their impressive start to the season on Sunday when they host an Aston Villa side yet to score a league goal. The Black Cats have turned the Stadium of Light ...,https://thefootballfaithful.com/sunderland-vs-aston-villa-match-preview-and-team-news/,https://photobooth-api.onefootball.com/api/screenshot/%2Fv2%2Fphotobooth%2Fcms%2Fen%2F41694794%3Fdate=2025-09-21,2025-09-21T05:08:00Z,"Newly-promoted Sunderland aim to continue their impressive start to the season on Sunday when they host an Aston Villa side yet to score a league goal.
The Black Cats have turned the Stadium of Ligh… [+2419 chars]",sports
"{'id': None, 'name': 'SB Nation'}",Fellipe Miranda,"Chelsea FCW vs. Leicester City WFC, Women’s Super League: Preview, team news, how to watch",Back to Kingston upon Thames,https://weaintgotnohistory.sbnation.com/womens-soccer/162216/chelsea-fcw-vs-leicester-city-wfc-womens-super-league-preview-team-news-how-to-watch,https://platform.weaintgotnohistory.sbnation.com/wp-content/uploads/sites/178/2025/09/gettyimages-2235940350.jpg?quality=90&strip=all&crop=0%2C10.72964951479%2C100%2C78.540700970421&w=1200,2025-09-21T05:06:06Z,Chelsea return to Kingsmeadow for the first time this season as they host Leicester City in a lunchtime clash on Sunday. The Blues have made a perfect start under manager Sonia Bompastor with back-to… [+3325 chars],sports
"{'id': None, 'name': 'The Football Faithful'}",,Newcastle United XI vs Bournemouth – Predicted lineup and team news,Eddie Howe takes his Newcastle United side to the south coast on Sunday to face a formidable Bournemouth team. The Magpies must quickly overcome the physical and mental toll of a draining midweek Cham...,https://thefootballfaithful.com/newcastle-united-xi-vs-bournemouth-predicted-lineup-and-team-news/,https://photobooth-api.onefootball.com/api/screenshot/%2Fv2%2Fphotobooth%2Fcms%2Fen%2F41694785%3Fdate=2025-09-21,2025-09-21T05:05:00Z,"Eddie Howe takes his Newcastle United side to the south coast on Sunday to face a formidable Bournemouth team.
The Magpies must quickly overcome the physical and mental toll of a draining midweek Ch… [+1982 chars]",sports
"{'id': None, 'name': 'The Football Faithful'}",,Arsenal vs Manchester City – Match preview and team news,Two Premier League title contenders go head-to-head at the Emirates Stadium on Sunday as an in-form Arsenal host a resurgent Manchester City. The Gunners have enjoyed an excellent start to the season ...,https://thefootballfaithful.com/arsenal-vs-manchester-city-match-preview-and-team-news-2/,https://photobooth-api.onefootball.com/api/screenshot/%2Fv2%2Fphotobooth%2Fcms%2Fen%2F41694783%3Fdate=2025-09-21,2025-09-21T05:04:00Z,"Two Premier League title contenders go head-to-head at the Emirates Stadium on Sunday as an in-form Arsenal host a resurgent Manchester City.
The Gunners have enjoyed an excellent start to the seaso… [+2611 chars]",sports
"{'id': 'the-times-of-india', 'name': 'The Times of India'}",PTI,"Hotel stays for rooms with tariff till Rs 7,500 to cheaper by up to Rs 525 from Monday","Effective Monday, hotel rooms costing Rs 7,500 or less will see a price reduction of up to Rs 525 due to revised GST rates. The reduction from 12% to 5% GST, without input tax credit, is expected to boost the hospitality sector.",https://economictimes.indiatimes.com/industry/services/hotels-/-restaurants/hotel-stays-for-rooms-with-tariff-till-rs-7500-to-cheaper-by-up-to-rs-525-from-monday/articleshow/124026121.cms,"https://img.etimg.com/thumb/msid-124026140,width-1200,height-630,imgsize-196233,overlay-economictimes/articleshow.jpg",2025-09-21T09:10:57Z,"Hotel rooms with tariffs of Rs 7,500 or less will be cheaper by up to Rs 525 from Monday as the new GST rates kick in.For the hotel industry, the reduction of goods and services tax (GST) rates from … [+1919 chars]",business
"{'id': None, 'name': 'ETF Daily News'}",MarketBeat News,Signal Advisors Wealth LLC Cuts Position in Aon plc $AON,"Signal Advisors Wealth LLC trimmed its position in Aon plc (NYSE:AON – Free Report) by 4.1% during the second quarter, according to the company in its most recent 13F filing with the Securities and Exchange Commission (SEC). The firm owned 754 shares of the f…",https://www.etfdailynews.com/2025/09/21/signal-advisors-wealth-llc-cuts-position-in-aon-plc-aon/,https://www.americanbankingnews.com/wp-content/timthumb/timthumb.php?src=https://www.marketbeat.com/logos/aon-plc-logo-1200x675.png?v=20231228134836&w=240&h=240&zc=2,2025-09-21T09:10:51Z,"Signal Advisors Wealth LLC trimmed its position in Aon plc (NYSE:AON – Free Report) by 4.1% during the second quarter, according to the company in its most recent 13F filing with the Securities and E… [+4670 chars]",business
"{'id': None, 'name': 'ETF Daily News'}",MarketBeat News,Pallas Capital Advisors LLC Trims Stock Position in Docusign Inc. $DOCU,"Pallas Capital Advisors LLC lessened its position in shares of Docusign Inc. (NASDAQ:DOCU – Free Report) by 4.4% during the 2nd quarter, according to the company in its most recent disclosure with the SEC. The firm owned 5,697 shares of the company’s stock af…",https://www.etfdailynews.com/2025/09/21/pallas-capital-advisors-llc-trims-stock-position-in-docusign-inc-docu/,https://www.americanbankingnews.com/wp-content/timthumb/timthumb.php?src=https://www.marketbeat.com/logos/docusign-inc-logo-1200x675.jpg?v=20240109092218&w=240&h=240&zc=2,2025-09-21T09:10:51Z,"Pallas Capital Advisors LLC lessened its position in shares of Docusign Inc. (NASDAQ:DOCU – Free Report) by 4.4% during the 2nd quarter, according to the company in its most recent disclosure with th… [+6490 chars]",business
"{'id': None, 'name': 'ETF Daily News'}",MarketBeat News,Focus Financial Network Inc. Decreases Stake in Energy Transfer LP $ET,"Focus Financial Network Inc. trimmed its position in shares of Energy Transfer LP (NYSE:ET – Free Report) by 26.1% during the second quarter, Holdings Channel reports. The firm owned 26,827 shares of the pipeline company’s stock after selling 9,494 shares dur…",https://www.etfdailynews.com/2025/09/21/focus-financial-network-inc-decreases-stake-in-energy-transfer-lp-et/,https://www.americanbankingnews.com/wp-content/timthumb/timthumb.php?src=https://www.marketbeat.com/logos/energy-transfer-lp-logo-1200x675.png?v=20231215101428&w=240&h=240&zc=2,2025-09-21T09:10:49Z,"Focus Financial Network Inc. trimmed its position in shares of Energy Transfer LP (NYSE:ET – Free Report) by 26.1% during the second quarter, Holdings Channel reports. The firm owned 26,827 shares of… [+6111 chars]",business
"{'id': None, 'name': 'ETF Daily News'}",MarketBeat News,Harbor Capital Advisors Inc. Takes Position in MGIC Investment Corporation $MTG,"Harbor Capital Advisors Inc. acquired a new position in MGIC Investment Corporation (NYSE:MTG – Free Report) in the second quarter, according to its most recent Form 13F filing with the SEC. The institutional investor acquired 1,753 shares of the insurance pr…",https://www.etfdailynews.com/2025/09/21/harbor-capital-advisors-inc-takes-position-in-mgic-investment-corporation-mtg/,https://www.americanbankingnews.com/wp-content/timthumb/timthumb.php?src=https://www.marketbeat.com/logos/mgic-investment-co-logo-1200x675.jpg?v=20240424115650&w=240&h=240&zc=2,2025-09-21T09:10:49Z,"Harbor Capital Advisors Inc. acquired a new position in MGIC Investment Corporation (NYSE:MTG – Free Report) in the second quarter, according to its most recent Form 13F filing with the SEC. The inst… [+6122 chars]",business
"{'id': None, 'name': 'ETF Daily News'}",MarketBeat News,Signal Advisors Wealth LLC Purchases New Shares in Phillips 66 $PSX,"Signal Advisors Wealth LLC purchased a new stake in shares of Phillips 66 (NYSE:PSX – Free Report) during the 2nd quarter, according to the company in its most recent 13F filing with the Securities & Exchange Commission. The firm purchased 2,120 shares of the…",https://www.etfdailynews.com/2025/09/21/signal-advisors-wealth-llc-purchases-new-shares-in-phillips-66-psx/,https://www.americanbankingnews.com/wp-content/timthumb/timthumb.php?src=https://www.marketbeat.com/logos/phillips-66-logo-1200x675.jpg&w=240&h=240&zc=2,2025-09-21T09:10:48Z,"Signal Advisors Wealth LLC purchased a new stake in shares of Phillips 66 (NYSE:PSX – Free Report) during the 2nd quarter, according to the company in its most recent 13F filing with the Securities &… [+6507 chars]",business
"{'id': None, 'name': 'ETF Daily News'}",MarketBeat News,"Wealth Enhancement Advisory Services LLC Purchases 83,260 Shares of Moelis & Company $MC","Wealth Enhancement Advisory Services LLC increased its position in Moelis & Company (NYSE:MC – Free Report) by 32.8% in the 2nd quarter, according to its most recent 13F filing with the SEC. The firm owned 336,918 shares of the asset manager’s stock after buy…",https://www.etfdailynews.com/2025/09/21/wealth-enhancement-advisory-services-llc-purchases-83260-shares-of-moelis-company-mc/,https://www.americanbankingnews.com/wp-content/timthumb/timthumb.php?src=https://www.marketbeat.com/logos/moelis--company-logo-1200x675.gif&w=240&h=240&zc=2,2025-09-21T09:08:56Z,"Wealth Enhancement Advisory Services LLC increased its position in Moelis &amp; Company (NYSE:MC – Free Report) by 32.8% in the 2nd quarter, according to its most recent 13F filing with the SEC. The … [+6092 chars]",business
"{'id': None, 'name': 'ETF Daily News'}",MarketBeat News,"Wealth Enhancement Advisory Services LLC Sells 6,923 Shares of MetLife, Inc. $MET","Wealth Enhancement Advisory Services LLC lowered its stake in MetLife, Inc. (NYSE:MET – Free Report) by 2.6% in the 2nd quarter, according to its most recent disclosure with the SEC. The fund owned 259,921 shares of the financial services provider’s stock aft…",https://www.etfdailynews.com/2025/09/21/wealth-enhancement-advisory-services-llc-sells-6923-shares-of-metlife-inc-met/,https://www.americanbankingnews.com/wp-content/timthumb/timthumb.php?src=https://www.marketbeat.com/logos/metlife-inc-logo-1200x675.png?v=20231227090133&w=240&h=240&zc=2,2025-09-21T09:08:56Z,"Wealth Enhancement Advisory Services LLC lowered its stake in MetLife, Inc. (NYSE:MET – Free Report) by 2.6% in the 2nd quarter, according to its most recent disclosure with the SEC. The fund owned 2… [+5521 chars]",business
"{'id': None, 'name': 'ETF Daily News'}",MarketBeat News,Whirlpool Corporation $WHR Stock Holdings Cut by NorthCrest Asset Manangement LLC,"NorthCrest Asset Manangement LLC reduced its position in shares of Whirlpool Corporation (NYSE:WHR – Free Report) by 3.7% in the second quarter, according to the company in its most recent 13F filing with the SEC. The institutional investor owned 5,036 shares…",https://www.etfdailynews.com/2025/09/21/whirlpool-corporation-whr-stock-holdings-cut-by-northcrest-asset-manangement-llc/,https://www.americanbankingnews.com/wp-content/timthumb/timthumb.php?src=https://www.marketbeat.com/logos/whirlpool-co-logo-1200x675.jpg?v=20240426082740&w=240&h=240&zc=2,2025-09-21T09:08:55Z,"NorthCrest Asset Manangement LLC reduced its position in shares of Whirlpool Corporation (NYSE:WHR – Free Report) by 3.7% in the second quarter, according to the company in its most recent 13F filing… [+5351 chars]",business
"{'id': None, 'name': 'ETF Daily News'}",MarketBeat News,Wealth Enhancement Advisory Services LLC Boosts Stake in Old Republic International Corporation $ORI,"Wealth Enhancement Advisory Services LLC raised its position in Old Republic International Corporation (NYSE:ORI – Free Report) by 7.5% during the second quarter, according to its most recent filing with the Securities and Exchange Commission (SEC). The firm …",https://www.etfdailynews.com/2025/09/21/wealth-enhancement-advisory-services-llc-boosts-stake-in-old-republic-international-corporation-ori/,https://www.americanbankingnews.com/wp-content/timthumb/timthumb.php?src=https://www.marketbeat.com/logos/old-republic-international-co-logo-1200x675.png?v=20221110143941&w=240&h=240&zc=2,2025-09-21T09:08:55Z,"Wealth Enhancement Advisory Services LLC raised its position in Old Republic International Corporation (NYSE:ORI – Free Report) by 7.5% during the second quarter, according to its most recent filing … [+5680 chars]",business
"{'id': None, 'name': 'ETF Daily News'}",MarketBeat News,"Wealth Enhancement Advisory Services LLC Buys 110,121 Shares of Veralto Corporation $VLTO","Wealth Enhancement Advisory Services LLC boosted its stake in shares of Veralto Corporation (NYSE:VLTO – Free Report) by 149.7% during the second quarter, according to the company in its most recent Form 13F filing with the Securities and Exchange Commission …",https://www.etfdailynews.com/2025/09/21/wealth-enhancement-advisory-services-llc-buys-110121-shares-of-veralto-corporation-vlto/,https://www.americanbankingnews.com/wp-content/timthumb/timthumb.php?src=https://www.marketbeat.com/logos/veralto-co-logo-1200x675.jpg?v=20231003124839&w=240&h=240&zc=2,2025-09-21T09:08:54Z,"Wealth Enhancement Advisory Services LLC boosted its stake in shares of Veralto Corporation (NYSE:VLTO – Free Report) by 149.7% during the second quarter, according to the company in its most recent … [+6071 chars]",business
"{'id': None, 'name': 'ETF Daily News'}",MarketBeat News,"NorthCrest Asset Manangement LLC Makes New $570,000 Investment in Delta Air Lines, Inc. $DAL","NorthCrest Asset Manangement LLC bought a new position in Delta Air Lines, Inc. (NYSE:DAL – Free Report) in the second quarter, according to its most recent disclosure with the Securities and Exchange Commission (SEC). The fund bought 11,212 shares of the tra…",https://www.etfdailynews.com/2025/09/21/northcrest-asset-manangement-llc-makes-new-570000-investment-in-delta-air-lines-inc-dal/,https://www.americanbankingnews.com/wp-content/timthumb/timthumb.php?src=https://www.marketbeat.com/logos/delta-air-lines-logo-1200x675.jpg&w=240&h=240&zc=2,2025-09-21T09:08:53Z,"NorthCrest Asset Manangement LLC bought a new position in Delta Air Lines, Inc. (NYSE:DAL – Free Report) in the second quarter, according to its most recent disclosure with the Securities and Exchang… [+5785 chars]",business
"{'id': None, 'name': 'Biztoc.com'}",bloomberg.com,Challenges Facing Business School Leaders—and What’s Next,,https://biztoc.com/x/e5c4c0e9dbf5247a,https://biztoc.com/cdn/e5c4c0e9dbf5247a_s.webp,2025-09-21T09:08:17Z,"{ window.open(this.href, '_blank'); }, 200); return false;""&gt;What impact will Trump's $100K H-1B visa fee have? { window.open(this.href, '_blank'); }, 200); return false;""&gt;How is TikTok's US alg… [+797 chars]",business
"{'id': None, 'name': 'Biztoc.com'}",reuters.com,European airports race to fix check-in glitch after hacking disruption,,https://biztoc.com/x/e239c42d6ce1cff5,https://biztoc.com/cdn/e239c42d6ce1cff5_s.webp,2025-09-21T09:08:07Z,"{ window.open(this.href, '_blank'); }, 200); return false;""&gt;What impact will Trump's $100K H-1B visa fee have? { window.open(this.href, '_blank'); }, 200); return false;""&gt;How is TikTok's US alg… [+812 chars]",business
"{'id': None, 'name': 'Biztoc.com'}",businessinsider.com,8 financial titans share their advice for young people on how to succeed at work and in life,"Kevin O'Leary, Chairman of O'Leary Ventures, testifies before the House Committee on Small Business during a hearing ""Unleashing Main Street's Potential: Examining Avenues to Capital Access"" at the Rayburn House Office Building on January 18, 2024 in Washingt…",https://biztoc.com/x/a711056e7473cf68,https://biztoc.com/cdn/950/og.png,2025-09-21T09:08:01Z,"Kevin O'Leary, Chairman of O'Leary Ventures, testifies before the House Committee on Small Business during a hearing ""Unleashing Main Street's Potential: Examining Avenues to Capital Access"" at the R… [+152 chars]",business
"{'id': None, 'name': 'Freerepublic.com'}",Elon musk,"""Most People Have No Idea What's About To Happen After Jimmy Kimmel's Cancellation"" | Elon Musk *YT vid at link",Jimmy Kimmel’s sudden downfall isn’t just another Hollywood controversy—it’s a turning point for late-night television and the media landscape as a whole. His reckless remarks about the assassination of Charlie Kirk didn’t just spark outrage; they exposed how…,https://freerepublic.com/focus/f-news/4341851/posts,,2025-09-21T09:07:49Z,"<table><tr><td>This thread has been pulled.</td></tr><tr><td>
Pulled on 09/21/2025 2:19:48 AM PDT
by Admin Moderator,
reason:Fake
</td></tr></table>Okay",business
"{'id': 'business-insider', 'name': 'Business Insider'}","anicoll@businessinsider.com (Alex Nicoll,Elizabeth McCauley)",Private equity wants to help retirement savers earn more. Figuring out returns might break your brain.,The private-equity industry is casting itself as a savior for the American nest-egg. It can be really hard to figure out if they're right.,https://www.businessinsider.com/private-equity-returns-understanding-irr-mark-to-market-401k-investors-2025-9,https://i.insider.com/68cdcf21183847aa39d72bde?width=1200&format=jpeg,2025-09-21T09:06:01Z,"When selecting the 401(k) investment options offered by your employer, you likely check the performance of a particular fund before you invest.
That process could soon be put to the test, as private… [+7032 chars]",business
"{'id': None, 'name': 'ETF Daily News'}",MarketBeat News,"Mn Services Vermogensbeheer B.V. Purchases 1,000 Shares of Crown Holdings, Inc. $CCK","Mn Services Vermogensbeheer B.V. increased its position in Crown Holdings, Inc. (NYSE:CCK – Free Report) by 2.3% during the 2nd quarter, HoldingsChannel.com reports. The fund owned 43,900 shares of the industrial products company’s stock after buying an addit…",https://www.etfdailynews.com/2025/09/21/mn-services-vermogensbeheer-b-v-purchases-1000-shares-of-crown-holdings-inc-cck/,https://www.americanbankingnews.com/wp-content/timthumb/timthumb.php?src=https://www.marketbeat.com/logos/crown-holdings-inc-logo-1200x675.jpg?v=20221109145954&w=240&h=240&zc=2,2025-09-21T09:04:46Z,"Mn Services Vermogensbeheer B.V. increased its position in Crown Holdings, Inc. (NYSE:CCK – Free Report) by 2.3% during the 2nd quarter, HoldingsChannel.com reports. The fund owned 43,900 shares of t… [+6599 chars]",business
"{'id': None, 'name': 'ETF Daily News'}",MarketBeat News,"Mn Services Vermogensbeheer B.V. Raises Holdings in Illumina, Inc. $ILMN","Mn Services Vermogensbeheer B.V. increased its holdings in Illumina, Inc. (NASDAQ:ILMN – Free Report) by 1.9% in the 2nd quarter, according to its most recent disclosure with the SEC. The firm owned 58,500 shares of the life sciences company’s stock after acq…",https://www.etfdailynews.com/2025/09/21/mn-services-vermogensbeheer-b-v-raises-holdings-in-illumina-inc-ilmn/,https://www.americanbankingnews.com/wp-content/timthumb/timthumb.php?src=https://www.marketbeat.com/logos/illumina-inc-logo-1200x675.png?v=20221026153253&w=240&h=240&zc=2,2025-09-21T09:04:46Z,"Mn Services Vermogensbeheer B.V. increased its holdings in Illumina, Inc. (NASDAQ:ILMN – Free Report) by 1.9% in the 2nd quarter, according to its most recent disclosure with the SEC. The firm owned … [+5159 chars]",business
"{'id': None, 'name': 'ETF Daily News'}",MarketBeat News,"Mn Services Vermogensbeheer B.V. Lowers Stake in C.H. Robinson Worldwide, Inc. $CHRW","Mn Services Vermogensbeheer B.V. lessened its holdings in C.H. Robinson Worldwide, Inc. (NASDAQ:CHRW – Free Report) by 4.0% during the second quarter, according to the company in its most recent 13F filing with the Securities & Exchange Commission. The firm o…",https://www.etfdailynews.com/2025/09/21/mn-services-vermogensbeheer-b-v-lowers-stake-in-c-h-robinson-worldwide-inc-chrw/,https://www.americanbankingnews.com/wp-content/timthumb/timthumb.php?src=https://www.marketbeat.com/logos/ch-robinson-worldwide-inc-logo-1200x675.jpg?v=20240125142400&w=240&h=240&zc=2,2025-09-21T09:04:46Z,"Mn Services Vermogensbeheer B.V. lessened its holdings in C.H. Robinson Worldwide, Inc. (NASDAQ:CHRW – Free Report) by 4.0% during the second quarter, according to the company in its most recent 13F … [+7233 chars]",business
"{'id': None, 'name': 'ETF Daily News'}",MarketBeat News,Mn Services Vermogensbeheer B.V. Increases Stock Holdings in News Corporation $NWSA,"Mn Services Vermogensbeheer B.V. lifted its stake in shares of News Corporation (NASDAQ:NWSA – Free Report) by 3.5% during the 2nd quarter, HoldingsChannel.com reports. The institutional investor owned 140,100 shares of the company’s stock after acquiring an …",https://www.etfdailynews.com/2025/09/21/mn-services-vermogensbeheer-b-v-increases-stock-holdings-in-news-corporation-nwsa/,https://www.americanbankingnews.com/wp-content/timthumb/timthumb.php?src=https://www.marketbeat.com/logos/news-co-logo-1200x675.png?v=20221109135543&w=240&h=240&zc=2,2025-09-21T09:04:46Z,"Mn Services Vermogensbeheer B.V. lifted its stake in shares of News Corporation (NASDAQ:NWSA – Free Report) by 3.5% during the 2nd quarter, HoldingsChannel.com reports. The institutional investor own… [+4354 chars]",business
"{'id': None, 'name': 'ETF Daily News'}",MarketBeat News,Mn Services Vermogensbeheer B.V. Makes New Investment in Alliant Energy Corporation $LNT,"Mn Services Vermogensbeheer B.V. bought a new position in shares of Alliant Energy Corporation (NASDAQ:LNT – Free Report) during the 2nd quarter, according to its most recent 13F filing with the SEC. The fund bought 96,000 shares of the company’s stock, value…",https://www.etfdailynews.com/2025/09/21/mn-services-vermogensbeheer-b-v-makes-new-investment-in-alliant-energy-corporation-lnt/,https://www.americanbankingnews.com/wp-content/timthumb/timthumb.php?src=https://www.marketbeat.com/logos/alliant-energy-co-logo-1200x675.png?v=20240105170522&w=240&h=240&zc=2,2025-09-21T09:04:46Z,"Mn Services Vermogensbeheer B.V. bought a new position in shares of Alliant Energy Corporation (NASDAQ:LNT – Free Report) during the 2nd quarter, according to its most recent 13F filing with the SEC.… [+5139 chars]",business
"{'id': 'cnn', 'name': 'CNN'}",Graham Hurley,Blue Ridge Parkway section reopening spurs economic impact in Asheville and Western North Carolina region,A 26-mile stretch of the Blue Ridge Parkway has reopened in western North Carolina - just in time for the busy fall season - marking a major milestone in the state’s recovery nearly one year after Hurricane Helene devastated much of the region.,https://www.cnn.com/2025/09/21/us/nc-blue-ridge-parkway-reopening,"https://media.cnn.com/api/v1/images/stellar/prod/3baf0ebb-ca92-4e9a-88ca-8f060279e702hiresproxy.jpg?c=16x9&q=w_800,c_fill",2025-09-21T09:00:06Z,A 26-mile stretch of the Blue Ridge Parkway has reopened in western North Carolina - just in time for the busy fall season - marking a major milestone in the states recovery nearly one year after Hur… [+6221 chars],business
"{'id': 'business-insider', 'name': 'Business Insider'}",Theron Mohamed,8 financial titans share their advice for young people on how to succeed at work and in life,"Billionaires Leon Cooperman, Jeff Greene, and John Calamos told Business Insider that passion and hard work are key to getting ahead.",https://www.businessinsider.com/life-career-advice-young-people-finance-cooperman-oleary-taleb-gerber-2025-9,https://i.insider.com/68cd550a57d362d375e87c2e?width=1200&format=jpeg,2025-09-21T09:00:01Z,"Kevin O'Leary, Chairman of O'Leary Ventures, testifies before the House Committee on Small Business during a hearing ""Unleashing Main Street's Potential: Examining Avenues to Capital Access"" at the R… [+7032 chars]",business
"{'id': 'the-irish-times', 'name': 'The Irish Times'}",Maureen Dowd,Maureen Dowd: `Robert Redford called. He’s at the same number as last night’ the note said,"Like his friend Paul Newman, Redford helped define American culture through his acting - and was exemplary off-screen",https://www.irishtimes.com/world/us/2025/09/21/maureen-dowd-robert-redford-called-hes-at-the-same-number-as-last-night-the-note-said/,https://www.irishtimes.com/resizer/v2/PIDM7AJJHNGRTIBURV6QARFXYE.jpg?smart=true&auth=85b5ba6b540489cdc593cd4ce378d603737ede5df723040ddd3ad371997bc531&width=1200&height=630,2025-09-21T09:00:00Z,"In 1986, my most prized possession was a little pink phone message slip written by a hotel clerk.
Miss Dowd, it read, Robert Redford called. Hes at the same number as last night.
Id never met Redfo… [+7200 chars]",business
"{'id': None, 'name': 'ETF Daily News'}",MarketBeat News,Jefferies Financial Group (NYSE:JEF) Stock Rating Upgraded by Wall Street Zen,Wall Street Zen upgraded shares of Jefferies Financial Group (NYSE:JEF – Free Report) from a sell rating to a hold rating in a report issued on Saturday. Several other research firms have also issued reports on JEF. Morgan Stanley raised their price target on…,https://www.etfdailynews.com/2025/09/21/jefferies-financial-group-nysejef-stock-rating-upgraded-by-wall-street-zen/,https://www.americanbankingnews.com/wp-content/timthumb/timthumb.php?src=https://www.marketbeat.com/logos/jefferies-financial-group-inc-logo.png?v=20221109155720&w=240&h=240&zc=2,2025-09-21T08:58:51Z,"Wall Street Zen upgraded shares of Jefferies Financial Group (NYSE:JEF – Free Report) from a sell rating to a hold rating in a report issued on Saturday.
Several other research firms have also issue… [+4947 chars]",business
"{'id': None, 'name': 'ETF Daily News'}",MarketBeat News,"Wedmont Private Capital Acquires 2,546 Shares of Rivian Automotive, Inc. $RIVN","Wedmont Private Capital grew its holdings in shares of Rivian Automotive, Inc. (NASDAQ:RIVN – Free Report) by 10.0% during the 2nd quarter, HoldingsChannel reports. The institutional investor owned 28,032 shares of the electric vehicle automaker’s stock after…",https://www.etfdailynews.com/2025/09/21/wedmont-private-capital-acquires-2546-shares-of-rivian-automotive-inc-rivn/,https://www.americanbankingnews.com/wp-content/timthumb/timthumb.php?src=https://www.marketbeat.com/logos/rivian-automotive-inc-logo-1200x675.png?v=20240209145309&w=240&h=240&zc=2,2025-09-21T08:56:58Z,"Wedmont Private Capital grew its holdings in shares of Rivian Automotive, Inc. (NASDAQ:RIVN – Free Report) by 10.0% during the 2nd quarter, HoldingsChannel reports. The institutional investor owned 2… [+5753 chars]",business
"{'id': None, 'name': 'ETF Daily News'}",MarketBeat News,Murphy USA Inc. $MUSA Shares Sold by Wedmont Private Capital,"Wedmont Private Capital cut its holdings in shares of Murphy USA Inc. (NYSE:MUSA – Free Report) by 11.7% in the 2nd quarter, according to the company in its most recent disclosure with the Securities and Exchange Commission. The firm owned 900 shares of the s…",https://www.etfdailynews.com/2025/09/21/murphy-usa-inc-musa-shares-sold-by-wedmont-private-capital/,https://www.americanbankingnews.com/wp-content/timthumb/timthumb.php?src=https://www.marketbeat.com/logos/murphy-usa-inc-logo-1200x675.png?v=20240426161505&w=240&h=240&zc=2,2025-09-21T08:56:58Z,"Wedmont Private Capital cut its holdings in shares of Murphy USA Inc. (NYSE:MUSA – Free Report) by 11.7% in the 2nd quarter, according to the company in its most recent disclosure with the Securities… [+5805 chars]",business
"{'id': None, 'name': 'ETF Daily News'}",MarketBeat News,"Reinsurance Group of America, Incorporated $RGA Stock Position Lifted by Wedmont Private Capital","Wedmont Private Capital lifted its holdings in Reinsurance Group of America, Incorporated (NYSE:RGA – Free Report) by 4.3% in the 2nd quarter, according to the company in its most recent disclosure with the SEC. The institutional investor owned 2,218 shares o…",https://www.etfdailynews.com/2025/09/21/reinsurance-group-of-america-incorporated-rga-stock-position-lifted-by-wedmont-private-capital/,https://www.americanbankingnews.com/wp-content/timthumb/timthumb.php?src=https://www.marketbeat.com/logos/reinsurance-group-of-america-incorporated-logo-1200x675.png?v=20240125102611&w=240&h=240&zc=2,2025-09-21T08:56:58Z,"Wedmont Private Capital lifted its holdings in Reinsurance Group of America, Incorporated (NYSE:RGA – Free Report) by 4.3% in the 2nd quarter, according to the company in its most recent disclosure w… [+5532 chars]",business
"{'id': None, 'name': 'ETF Daily News'}",MarketBeat News,"Sterling Manor Financial LLC Has $753,000 Stock Holdings in Amazon.com, Inc. $AMZN","Sterling Manor Financial LLC cut its holdings in Amazon.com, Inc. (NASDAQ:AMZN) by 2.8% in the 2nd quarter, HoldingsChannel.com reports. The fund owned 3,430 shares of the e-commerce giant’s stock after selling 100 shares during the period. Amazon.com compris…",https://www.etfdailynews.com/2025/09/21/sterling-manor-financial-llc-has-753000-stock-holdings-in-amazon-com-inc-amzn/,https://www.americanbankingnews.com/wp-content/timthumb/timthumb.php?src=https://www.marketbeat.com/logos/amazoncom-inc-logo-1200x675.jpg&w=240&h=240&zc=2,2025-09-21T08:56:57Z,"Sterling Manor Financial LLC cut its holdings in Amazon.com, Inc. (NASDAQ:AMZN) by 2.8% in the 2nd quarter, HoldingsChannel.com reports. The fund owned 3,430 shares of the e-commerce giant’s stock af… [+5800 chars]",business
"{'id': None, 'name': 'ETF Daily News'}",MarketBeat News,Wedmont Private Capital Purchases 360 Shares of United Airlines Holdings Inc $UAL,"Wedmont Private Capital raised its position in shares of United Airlines Holdings Inc (NASDAQ:UAL – Free Report) by 6.9% during the second quarter, according to its most recent disclosure with the Securities and Exchange Commission. The fund owned 5,566 share…",https://www.etfdailynews.com/2025/09/21/wedmont-private-capital-purchases-360-shares-of-united-airlines-holdings-inc-ual/,https://www.americanbankingnews.com/wp-content/timthumb/timthumb.php?src=https://www.marketbeat.com/logos/united-airlines-holdings-inc-logo-1200x675.png?v=20240122151420&w=240&h=240&zc=2,2025-09-21T08:56:57Z,"Wedmont Private Capital raised its position in shares of United Airlines Holdings Inc (NASDAQ:UAL – Free Report) by 6.9% during the second quarter, according to its most recent disclosure with the Se… [+5986 chars]",business
"{'id': None, 'name': 'ETF Daily News'}",MarketBeat News,"Westmount Partners LLC Purchases 919 Shares of Amazon.com, Inc. $AMZN","Westmount Partners LLC boosted its stake in shares of Amazon.com, Inc. (NASDAQ:AMZN) by 2.4% during the 2nd quarter, according to its most recent 13F filing with the SEC. The firm owned 39,503 shares of the e-commerce giant’s stock after buying an additional …",https://www.etfdailynews.com/2025/09/21/westmount-partners-llc-purchases-919-shares-of-amazon-com-inc-amzn/,https://www.americanbankingnews.com/wp-content/timthumb/timthumb.php?src=https://www.marketbeat.com/logos/amazoncom-inc-logo-1200x675.jpg&w=240&h=240&zc=2,2025-09-21T08:56:56Z,"Westmount Partners LLC boosted its stake in shares of Amazon.com, Inc. (NASDAQ:AMZN) by 2.4% during the 2nd quarter, according to its most recent 13F filing with the SEC. The firm owned 39,503 shares… [+5797 chars]",business
"{'id': None, 'name': 'ETF Daily News'}",MarketBeat News,NVIDIA Corporation $NVDA Shares Bought by Sandy Cove Advisors LLC,"Sandy Cove Advisors LLC raised its position in NVIDIA Corporation (NASDAQ:NVDA – Free Report) by 3.4% during the 2nd quarter, according to its most recent disclosure with the SEC. The fund owned 21,758 shares of the computer hardware maker’s stock after purch…",https://www.etfdailynews.com/2025/09/21/nvidia-corporation-nvda-shares-bought-by-sandy-cove-advisors-llc/,https://www.americanbankingnews.com/wp-content/timthumb/timthumb.php?src=https://www.marketbeat.com/logos/nvidia-co-logo-1200x675.jpg?v=20221020142916&w=240&h=240&zc=2,2025-09-21T08:56:54Z,"Sandy Cove Advisors LLC raised its position in NVIDIA Corporation (NASDAQ:NVDA – Free Report) by 3.4% during the 2nd quarter, according to its most recent disclosure with the SEC. The fund owned 21,7… [+6866 chars]",business
"{'id': None, 'name': 'ETF Daily News'}",MarketBeat News,"Strategic Advocates LLC Acquires 3,830 Shares of NVIDIA Corporation $NVDA","Strategic Advocates LLC lifted its holdings in shares of NVIDIA Corporation (NASDAQ:NVDA – Free Report) by 4.4% during the 2nd quarter, Holdings Channel.com reports. The firm owned 90,047 shares of the computer hardware maker’s stock after purchasing an addit…",https://www.etfdailynews.com/2025/09/21/strategic-advocates-llc-acquires-3830-shares-of-nvidia-corporation-nvda/,https://www.americanbankingnews.com/wp-content/timthumb/timthumb.php?src=https://www.marketbeat.com/logos/nvidia-co-logo-1200x675.jpg?v=20221020142916&w=240&h=240&zc=2,2025-09-21T08:56:54Z,"Strategic Advocates LLC lifted its holdings in shares of NVIDIA Corporation (NASDAQ:NVDA – Free Report) by 4.4% during the 2nd quarter, Holdings Channel.com reports. The firm owned 90,047 shares of t… [+6620 chars]",business
"{'id': None, 'name': 'ETF Daily News'}",MarketBeat News,NVIDIA Corporation $NVDA Stock Holdings Lifted by Czech National Bank,"Czech National Bank lifted its stake in shares of NVIDIA Corporation (NASDAQ:NVDA – Free Report) by 6.0% during the 2nd quarter, according to the company in its most recent disclosure with the Securities & Exchange Commission. The fund owned 5,961,185 shares …",https://www.etfdailynews.com/2025/09/21/nvidia-corporation-nvda-stock-holdings-lifted-by-czech-national-bank/,https://www.americanbankingnews.com/wp-content/timthumb/timthumb.php?src=https://www.marketbeat.com/logos/nvidia-co-logo-1200x675.jpg?v=20221020142916&w=240&h=240&zc=2,2025-09-21T08:56:54Z,"Czech National Bank lifted its stake in shares of NVIDIA Corporation (NASDAQ:NVDA – Free Report) by 6.0% during the 2nd quarter, according to the company in its most recent disclosure with the Securi… [+6892 chars]",business
"{'id': None, 'name': 'ETF Daily News'}",MarketBeat News,NVIDIA Corporation $NVDA Position Trimmed by Lpwm LLC,"Lpwm LLC reduced its holdings in NVIDIA Corporation (NASDAQ:NVDA – Free Report) by 1.2% during the second quarter, according to the company in its most recent filing with the SEC. The fund owned 28,047 shares of the computer hardware maker’s stock after selli…",https://www.etfdailynews.com/2025/09/21/nvidia-corporation-nvda-position-trimmed-by-lpwm-llc/,https://www.americanbankingnews.com/wp-content/timthumb/timthumb.php?src=https://www.marketbeat.com/logos/nvidia-co-logo-1200x675.jpg?v=20221020142916&w=240&h=240&zc=2,2025-09-21T08:56:54Z,"Lpwm LLC reduced its holdings in NVIDIA Corporation (NASDAQ:NVDA – Free Report) by 1.2% during the second quarter, according to the company in its most recent filing with the SEC. The fund owned 28,0… [+6826 chars]",business
"{'id': None, 'name': 'Economictimes.com'}",ETMarkets.com,"Wealth managers are wealth creators! 5 asset management stocks that soared up to 1,000% in 5 years","India’s growing appetite for equities, mutual funds, and alternative assets has turned wealth management into one of the fastest-growing sectors in financial services. Asset managers and wealth advisory firms are not just managing money for clients but also d…",https://m.economictimes.com/markets/stocks/news/wealth-managers-are-wealth-creators-5-asset-management-stocks-that-soared-up-to-1000-in-5-years/moneymakers/slideshow/124026006.cms,"https://img.etimg.com/thumb/msid-124026006,width-1070,height-580,overlay-etmarkets/slideshow.jpg",2025-09-21T08:55:49Z,"Sep 21, 2025, 02:29:30 PM IST
India’s growing appetite for equities, mutual funds, and alternative assets has turned wealth management into one of the fastest-growing sectors in financial services. … [+1902 chars]",business
"{'id': None, 'name': 'ETF Daily News'}",MarketBeat News,"Vistra (NYSE:VST) CEO Sells $4,565,913.24 in Stock","Vistra Corp. (NYSE:VST – Get Free Report) CEO James Burke sold 21,358 shares of Vistra stock in a transaction that occurred on Tuesday, September 16th. The stock was sold at an average price of $213.78, for a total transaction of $4,565,913.24. Following the …",https://www.etfdailynews.com/2025/09/21/vistra-nysevst-ceo-sells-4565913-24-in-stock/,https://www.americanbankingnews.com/wp-content/timthumb/timthumb.php?src=https://www.marketbeat.com/logos/vistra-energy-corp-logo-1200x675.jpg&w=240&h=240&zc=2,2025-09-21T08:55:04Z,"Vistra Corp. (NYSE:VST – Get Free Report) CEO James Burke sold 21,358 shares of Vistra stock in a transaction that occurred on Tuesday, September 16th. The stock was sold at an average price of $213.… [+4780 chars]",business
"{'id': None, 'name': 'ETF Daily News'}",MarketBeat News,"Insider Selling: RadNet (NASDAQ:RDNT) EVP Sells 35,000 Shares of Stock","RadNet, Inc. (NASDAQ:RDNT – Get Free Report) EVP Mark Stolper sold 35,000 shares of the company’s stock in a transaction dated Tuesday, September 16th. The shares were sold at an average price of $73.89, for a total value of $2,586,150.00. Following the compl…",https://www.etfdailynews.com/2025/09/21/insider-selling-radnet-nasdaqrdnt-evp-sells-35000-shares-of-stock/,https://www.americanbankingnews.com/wp-content/timthumb/timthumb.php?src=https://www.marketbeat.com/logos/radnet-inc-logo-1200x675.png?v=20221202073725&w=240&h=240&zc=2,2025-09-21T08:55:04Z,"RadNet, Inc. (NASDAQ:RDNT – Get Free Report) EVP Mark Stolper sold 35,000 shares of the company’s stock in a transaction dated Tuesday, September 16th. The shares were sold at an average price of $73… [+4882 chars]",business
"{'id': None, 'name': 'ETF Daily News'}",MarketBeat News,"CoreWeave (NASDAQ:CRWV) CFO Sells $4,540,711.96 in Stock","CoreWeave Inc. (NASDAQ:CRWV – Get Free Report) CFO Nitin Agrawal sold 38,422 shares of the business’s stock in a transaction on Tuesday, September 16th. The stock was sold at an average price of $118.18, for a total transaction of $4,540,711.96. Following the…",https://www.etfdailynews.com/2025/09/21/coreweave-nasdaqcrwv-cfo-sells-4540711-96-in-stock/,https://www.americanbankingnews.com/wp-content/timthumb/timthumb.php?src=https://www.marketbeat.com/logos/coreweave-inc-class-a-common-stock--logo-1200x675.png?v=20250328080441&w=240&h=240&zc=2,2025-09-21T08:55:03Z,"CoreWeave Inc. (NASDAQ:CRWV – Get Free Report) CFO Nitin Agrawal sold 38,422 shares of the business’s stock in a transaction on Tuesday, September 16th. The stock was sold at an average price of $118… [+4696 chars]",business
"{'id': None, 'name': 'ETF Daily News'}",MarketBeat News,"Paul Jonathan Brody Sells 99,188 Shares of Interactive Brokers Group (NASDAQ:IBKR) Stock","Interactive Brokers Group, Inc. (NASDAQ:IBKR – Get Free Report) CFO Paul Jonathan Brody sold 99,188 shares of Interactive Brokers Group stock in a transaction on Tuesday, September 16th. The stock was sold at an average price of $62.24, for a total transactio…",https://www.etfdailynews.com/2025/09/21/paul-jonathan-brody-sells-99188-shares-of-interactive-brokers-group-nasdaqibkr-stock/,https://www.americanbankingnews.com/wp-content/timthumb/timthumb.php?src=https://www.marketbeat.com/logos/interactive-brokers-group-inc-logo-1200x675.jpg?v=20190904155325&w=240&h=240&zc=2,2025-09-21T08:55:03Z,"Interactive Brokers Group, Inc. (NASDAQ:IBKR – Get Free Report) CFO Paul Jonathan Brody sold 99,188 shares of Interactive Brokers Group stock in a transaction on Tuesday, September 16th. The stock wa… [+6724 chars]",business
"{'id': None, 'name': 'ETF Daily News'}",MarketBeat News,"Vistra (NYSE:VST) CEO James Burke Sells 21,361 Shares of Stock","Vistra Corp. (NYSE:VST – Get Free Report) CEO James Burke sold 21,361 shares of the company’s stock in a transaction dated Wednesday, September 17th. The shares were sold at an average price of $212.56, for a total transaction of $4,540,494.16. Following the …",https://www.etfdailynews.com/2025/09/21/vistra-nysevst-ceo-james-burke-sells-21361-shares-of-stock/,https://www.americanbankingnews.com/wp-content/timthumb/timthumb.php?src=https://www.marketbeat.com/logos/vistra-energy-corp-logo-1200x675.jpg&w=240&h=240&zc=2,2025-09-21T08:55:02Z,"Vistra Corp. (NYSE:VST – Get Free Report) CEO James Burke sold 21,361 shares of the company’s stock in a transaction dated Wednesday, September 17th. The shares were sold at an average price of $212.… [+4614 chars]",business
"{'id': None, 'name': 'ETF Daily News'}",MarketBeat News,"Paul Jonathan Brody Sells 116,861 Shares of Interactive Brokers Group (NASDAQ:IBKR) Stock","Interactive Brokers Group, Inc. (NASDAQ:IBKR – Get Free Report) CFO Paul Jonathan Brody sold 116,861 shares of the stock in a transaction dated Thursday, September 18th. The shares were sold at an average price of $64.73, for a total value of $7,564,412.53. F…",https://www.etfdailynews.com/2025/09/21/paul-jonathan-brody-sells-116861-shares-of-interactive-brokers-group-nasdaqibkr-stock/,https://www.americanbankingnews.com/wp-content/timthumb/timthumb.php?src=https://www.marketbeat.com/logos/interactive-brokers-group-inc-logo-1200x675.jpg?v=20190904155325&w=240&h=240&zc=2,2025-09-21T08:54:59Z,"Interactive Brokers Group, Inc. (NASDAQ:IBKR – Get Free Report) CFO Paul Jonathan Brody sold 116,861 shares of the stock in a transaction dated Thursday, September 18th. The shares were sold at an av… [+6792 chars]",business
"{'id': None, 'name': 'ETF Daily News'}",MarketBeat News,"NorthCrest Asset Manangement LLC Boosts Holdings in Tapestry, Inc. $TPR","NorthCrest Asset Manangement LLC boosted its position in Tapestry, Inc. (NYSE:TPR – Free Report) by 6.5% during the 2nd quarter, according to its most recent 13F filing with the Securities and Exchange Commission (SEC). The institutional investor owned 4,945 …",https://www.etfdailynews.com/2025/09/21/northcrest-asset-manangement-llc-boosts-holdings-in-tapestry-inc-tpr/,https://www.americanbankingnews.com/wp-content/timthumb/timthumb.php?src=https://www.marketbeat.com/logos/tapestry-inc-logo-1200x675.jpg?v=20221109165639&w=240&h=240&zc=2,2025-09-21T08:52:55Z,"NorthCrest Asset Manangement LLC boosted its position in Tapestry, Inc. (NYSE:TPR – Free Report) by 6.5% during the 2nd quarter, according to its most recent 13F filing with the Securities and Exchan… [+6423 chars]",business
"{'id': None, 'name': 'ETF Daily News'}",MarketBeat News,Reviewing Array Digital Infrastructure (NYSE:AD) & UniTek Global Services (OTCMKTS:UNTKQ),"Array Digital Infrastructure (NYSE:AD – Get Free Report) and UniTek Global Services (OTCMKTS:UNTKQ – Get Free Report) are both communication services companies, but which is the superior investment? We will contrast the two businesses based on the strength of…",https://www.etfdailynews.com/2025/09/21/reviewing-array-digital-infrastructure-nysead-unitek-global-services-otcmktsuntkq/,https://www.americanbankingnews.com/wp-content/timthumb/timthumb.php?src=https://www.marketbeat.com/logos/unitek-global-services-logo-1200x675.jpg&w=240&h=240&zc=2,2025-09-21T08:52:55Z,"Array Digital Infrastructure (NYSE:AD – Get Free Report) and UniTek Global Services (OTCMKTS:UNTKQ – Get Free Report) are both communication services companies, but which is the superior investment? … [+4873 chars]",business
"{'id': None, 'name': 'ETF Daily News'}",MarketBeat News,"NorthCrest Asset Manangement LLC Boosts Holdings in Marsh & McLennan Companies, Inc. $MMC","NorthCrest Asset Manangement LLC boosted its position in shares of Marsh & McLennan Companies, Inc. (NYSE:MMC – Free Report) by 61.8% in the second quarter, according to its most recent Form 13F filing with the Securities & Exchange Commission. The fund owned…",https://www.etfdailynews.com/2025/09/21/northcrest-asset-manangement-llc-boosts-holdings-in-marsh-mclennan-companies-inc-mmc/,https://www.americanbankingnews.com/wp-content/timthumb/timthumb.php?src=https://www.marketbeat.com/logos/marsh--mclennan-companies-inc-logo-1200x675.png?v=20221021082149&w=240&h=240&zc=2,2025-09-21T08:52:55Z,"NorthCrest Asset Manangement LLC boosted its position in shares of Marsh &amp; McLennan Companies, Inc. (NYSE:MMC – Free Report) by 61.8% in the second quarter, according to its most recent Form 13F … [+6010 chars]",business
"{'id': None, 'name': 'ETF Daily News'}",MarketBeat News,"NorthCrest Asset Manangement LLC Acquires Shares of 2,362 Expedia Group, Inc. $EXPE","NorthCrest Asset Manangement LLC acquired a new stake in shares of Expedia Group, Inc. (NASDAQ:EXPE – Free Report) during the 2nd quarter, according to its most recent disclosure with the Securities and Exchange Commission (SEC). The firm acquired 2,362 share…",https://www.etfdailynews.com/2025/09/21/northcrest-asset-manangement-llc-acquires-shares-of-2362-expedia-group-inc-expe/,https://www.americanbankingnews.com/wp-content/timthumb/timthumb.php?src=https://www.marketbeat.com/logos/expedia-group-inc-logo-1200x675.jpg?v=20221104141431&w=240&h=240&zc=2,2025-09-21T08:52:54Z,"NorthCrest Asset Manangement LLC acquired a new stake in shares of Expedia Group, Inc. (NASDAQ:EXPE – Free Report) during the 2nd quarter, according to its most recent disclosure with the Securities … [+6703 chars]",business
"{'id': None, 'name': 'ETF Daily News'}",MarketBeat News,Getty Realty Corporation (NYSE:GTY) Given Consensus Rating of “Moderate Buy” by Analysts,"Getty Realty Corporation (NYSE:GTY – Get Free Report) has received an average recommendation of “Moderate Buy” from the five analysts that are covering the company, MarketBeat.com reports. Two investment analysts have rated the stock with a hold recommendatio…",https://www.etfdailynews.com/2025/09/21/getty-realty-corporation-nysegty-given-consensus-rating-of-moderate-buy-by-analysts-2/,https://www.americanbankingnews.com/wp-content/timthumb/timthumb.php?src=https://www.marketbeat.com/logos/getty-realty-corp-logo-1200x675.jpg?v=20221129112837&w=240&h=240&zc=2,2025-09-21T08:49:05Z,"Getty Realty Corporation (NYSE:GTY – Get Free Report) has received an average recommendation of “Moderate Buy” from the five analysts that are covering the company, MarketBeat.com reports. Two invest… [+3843 chars]",business
"{'id': 'business-insider', 'name': 'Business Insider'}",Emily Stewart,Why cheap copycat Ozempic is still everywhere,"Online pharmacies are using a loophole to continue selling cheap weight loss drugs that are modeled on Ozempic and Mounjaro, despite new FDA rules.",https://www.businessinsider.com/compounded-ozempic-semaglutide-hims-hers-eli-lilly-novo-nordisk-fda-2025-9,https://i.insider.com/68cdaeaa183847aa39d7274c?width=1200&format=jpeg,2025-09-21T08:47:01Z,"The copycat weight-loss drugs party was supposed to be over, but it's still raging on.
Because of shortages of the name-brand medications Ozempic or Wegovy for semaglutide and Zepbound or Mounjaro f… [+12363 chars]",business
"{'id': None, 'name': 'Biztoc.com'}",reuters.com,Australia's Optus blames departure from 'established processes' for emergency calls outage,,https://biztoc.com/x/1d9921e01543e852,https://biztoc.com/cdn/1d9921e01543e852_s.webp,2025-09-21T08:45:57Z,"{ window.open(this.href, '_blank'); }, 200); return false;""&gt;What impact will Trump's $100K H-1B visa fee have? { window.open(this.href, '_blank'); }, 200); return false;""&gt;How is TikTok's US alg… [+819 chars]",business
"{'id': 'business-insider', 'name': 'Business Insider'}",Jordan Hart,I used to get a lot of unknown calls. This new iPhone call screening feature is helping so far.,"Apple's iOS 26 update offers a new call filtering feature to screen unknown numbers, providing options to silence calls or request call reasons.",https://www.businessinsider.com/how-to-use-iphone-call-screening-apple-ios-26-update-2025-9,https://i.insider.com/68cd5ae8183847aa39d718a5?width=1200&format=jpeg,2025-09-21T08:45:02Z,"The iOS 26 update comes with a number of new features.Anusak Laowilas/Reuters
<ul><li>Apple's iOS 26 introduced a new call filtering feature for unknown numbers.</li><li>The feature allows users to … [+3546 chars]",business
"{'id': None, 'name': 'ETF Daily News'}",MarketBeat News,"Workday, Inc. $WDAY Shares Sold by Wedmont Private Capital","Wedmont Private Capital trimmed its stake in shares of Workday, Inc. (NASDAQ:WDAY – Free Report) by 2.5% in the 2nd quarter, according to its most recent 13F filing with the Securities and Exchange Commission (SEC). The institutional investor owned 1,954 shar…",https://www.etfdailynews.com/2025/09/21/workday-inc-wday-shares-sold-by-wedmont-private-capital/,https://www.americanbankingnews.com/wp-content/timthumb/timthumb.php?src=https://www.marketbeat.com/logos/workday-logo-1200x675.jpg&w=240&h=240&zc=2,2025-09-21T08:43:08Z,"Wedmont Private Capital trimmed its stake in shares of Workday, Inc. (NASDAQ:WDAY – Free Report) by 2.5% in the 2nd quarter, according to its most recent 13F filing with the Securities and Exchange C… [+6394 chars]",business
"{'id': None, 'name': 'ETF Daily News'}",MarketBeat News,"Insider Selling: NuScale Power (NYSE:SMR) Director Sells $28,747,692.18 in Stock","NuScale Power Corporation (NYSE:SMR – Get Free Report) Director Corp Fluor sold 771,543 shares of NuScale Power stock in a transaction on Tuesday, September 16th. The stock was sold at an average price of $37.26, for a total transaction of $28,747,692.18. Fol…",https://www.etfdailynews.com/2025/09/21/insider-selling-nuscale-power-nysesmr-director-sells-28747692-18-in-stock/,https://www.americanbankingnews.com/wp-content/timthumb/timthumb.php?src=https://www.marketbeat.com/logos/nuscale-power-corporation-logo-1200x675.png?v=20220606165353&w=240&h=240&zc=2,2025-09-21T08:43:06Z,"NuScale Power Corporation (NYSE:SMR – Get Free Report) Director Corp Fluor sold 771,543 shares of NuScale Power stock in a transaction on Tuesday, September 16th. The stock was sold at an average pri… [+5171 chars]",business
"{'id': None, 'name': 'ETF Daily News'}",MarketBeat News,"Swedbank AB Acquires 103,676 Shares of HP Inc. $HPQ","Swedbank AB lifted its holdings in HP Inc. (NYSE:HPQ – Free Report) by 14.8% in the second quarter, according to the company in its most recent 13F filing with the Securities and Exchange Commission. The fund owned 805,678 shares of the computer maker’s stock…",https://www.etfdailynews.com/2025/09/21/swedbank-ab-acquires-103676-shares-of-hp-inc-hpq/,https://www.americanbankingnews.com/wp-content/timthumb/timthumb.php?src=https://www.marketbeat.com/logos/hp-inc-logo-1200x675.png&w=240&h=240&zc=2,2025-09-21T08:43:04Z,"Swedbank AB lifted its holdings in HP Inc. (NYSE:HPQ – Free Report) by 14.8% in the second quarter, according to the company in its most recent 13F filing with the Securities and Exchange Commission.… [+4783 chars]",business
"{'id': None, 'name': 'ETF Daily News'}",MarketBeat News,"Workday, Inc. (NASDAQ:WDAY) Given Average Recommendation of “Moderate Buy” by Analysts","Workday, Inc. (NASDAQ:WDAY – Get Free Report) has earned an average rating of “Moderate Buy” from the thirty-four brokerages that are presently covering the firm, MarketBeat.com reports. Eight research analysts have rated the stock with a hold rating, twenty-…",https://www.etfdailynews.com/2025/09/21/workday-inc-nasdaqwday-given-average-recommendation-of-moderate-buy-by-analysts/,https://www.americanbankingnews.com/wp-content/timthumb/timthumb.php?src=https://www.marketbeat.com/logos/workday-logo-1200x675.jpg&w=240&h=240&zc=2,2025-09-21T08:43:03Z,"Workday, Inc. (NASDAQ:WDAY – Get Free Report) has earned an average rating of “Moderate Buy” from the thirty-four brokerages that are presently covering the firm, MarketBeat.com reports. Eight resear… [+6016 chars]",business
"{'id': None, 'name': 'ETF Daily News'}",MarketBeat News,"Raymond James Financial, Inc. (NYSE:RJF) Receives $163.80 Average Price Target from Analysts","Raymond James Financial, Inc. (NYSE:RJF – Get Free Report) has earned a consensus rating of “Hold” from the twelve ratings firms that are presently covering the firm, Marketbeat.com reports. Eight research analysts have rated the stock with a hold rating, thr…",https://www.etfdailynews.com/2025/09/21/raymond-james-financial-inc-nyserjf-receives-163-80-average-price-target-from-analysts/,https://www.americanbankingnews.com/wp-content/timthumb/timthumb.php?src=https://www.marketbeat.com/logos/raymond-james-logo-1200x675.gif&w=240&h=240&zc=2,2025-09-21T08:43:03Z,"Raymond James Financial, Inc. (NYSE:RJF – Get Free Report) has earned a consensus rating of “Hold” from the twelve ratings firms that are presently covering the firm, Marketbeat.com reports. Eight re… [+4942 chars]",business
"{'id': None, 'name': 'ETF Daily News'}",MarketBeat News,"Swedbank AB Has $19.36 Million Stock Holdings in VeriSign, Inc. $VRSN","Swedbank AB boosted its holdings in shares of VeriSign, Inc. (NASDAQ:VRSN – Free Report) by 12.0% during the second quarter, according to its most recent 13F filing with the Securities and Exchange Commission (SEC). The fund owned 67,018 shares of the informa…",https://www.etfdailynews.com/2025/09/21/swedbank-ab-has-19-36-million-stock-holdings-in-verisign-inc-vrsn/,https://www.americanbankingnews.com/wp-content/timthumb/timthumb.php?src=https://www.marketbeat.com/logos/verisign-inc-logo-1200x675.png&w=240&h=240&zc=2,2025-09-21T08:43:03Z,"Swedbank AB boosted its holdings in shares of VeriSign, Inc. (NASDAQ:VRSN – Free Report) by 12.0% during the second quarter, according to its most recent 13F filing with the Securities and Exchange C… [+6105 chars]",business
"{'id': None, 'name': 'ETF Daily News'}",MarketBeat News,"Swedbank AB Acquires 7,296 Shares of Simon Property Group, Inc. $SPG","Swedbank AB lifted its holdings in Simon Property Group, Inc. (NYSE:SPG – Free Report) by 5.6% during the second quarter, according to its most recent Form 13F filing with the SEC. The firm owned 137,950 shares of the real estate investment trust’s stock afte…",https://www.etfdailynews.com/2025/09/21/swedbank-ab-acquires-7296-shares-of-simon-property-group-inc-spg/,https://www.americanbankingnews.com/wp-content/timthumb/timthumb.php?src=https://www.marketbeat.com/logos/simon-property-group-inc-logo-1200x675.png?v=20231227090428&w=240&h=240&zc=2,2025-09-21T08:43:02Z,"Swedbank AB lifted its holdings in Simon Property Group, Inc. (NYSE:SPG – Free Report) by 5.6% during the second quarter, according to its most recent Form 13F filing with the SEC. The firm owned 137… [+6742 chars]",business
"{'id': None, 'name': 'ETF Daily News'}",MarketBeat News,Monster Beverage Corporation (NASDAQ:MNST) Receives Average Rating of “Hold” from Brokerages,"Shares of Monster Beverage Corporation (NASDAQ:MNST – Get Free Report) have been assigned an average recommendation of “Hold” from the twenty-two research firms that are covering the firm, MarketBeat.com reports. Two analysts have rated the stock with a sell …",https://www.etfdailynews.com/2025/09/21/monster-beverage-corporation-nasdaqmnst-receives-average-rating-of-hold-from-brokerages/,https://www.americanbankingnews.com/wp-content/timthumb/timthumb.php?src=https://www.marketbeat.com/logos/monster-beverage-corp-logo-1200x675.png&w=240&h=240&zc=2,2025-09-21T08:43:02Z,"Shares of Monster Beverage Corporation (NASDAQ:MNST – Get Free Report) have been assigned an average recommendation of “Hold” from the twenty-two research firms that are covering the firm, MarketBeat… [+5148 chars]",business
"{'id': None, 'name': 'ETF Daily News'}",MarketBeat News,"Swedbank AB Sells 42,020 Shares of Archer Daniels Midland Company $ADM","Swedbank AB decreased its position in Archer Daniels Midland Company (NYSE:ADM – Free Report) by 10.3% in the 2nd quarter, according to the company in its most recent 13F filing with the SEC. The institutional investor owned 364,606 shares of the company’s st…",https://www.etfdailynews.com/2025/09/21/swedbank-ab-sells-42020-shares-of-archer-daniels-midland-company-adm/,https://www.americanbankingnews.com/wp-content/timthumb/timthumb.php?src=https://www.marketbeat.com/logos/archer-daniels-midland-co-logo-1200x675.jpg?v=20200424121557&w=240&h=240&zc=2,2025-09-21T08:43:01Z,"Swedbank AB decreased its position in Archer Daniels Midland Company (NYSE:ADM – Free Report) by 10.3% in the 2nd quarter, according to the company in its most recent 13F filing with the SEC. The ins… [+5206 chars]",business
"{'id': None, 'name': 'ETF Daily News'}",MarketBeat News,"Corp Fluor Sells 1,193,504 Shares of NuScale Power (NYSE:SMR) Stock","NuScale Power Corporation (NYSE:SMR – Get Free Report) Director Corp Fluor sold 1,193,504 shares of the company’s stock in a transaction dated Thursday, September 18th. The shares were sold at an average price of $38.95, for a total transaction of $46,486,980…",https://www.etfdailynews.com/2025/09/21/corp-fluor-sells-1193504-shares-of-nuscale-power-nysesmr-stock/,https://www.americanbankingnews.com/wp-content/timthumb/timthumb.php?src=https://www.marketbeat.com/logos/nuscale-power-corporation-logo-1200x675.png?v=20220606165353&w=240&h=240&zc=2,2025-09-21T08:43:01Z,"NuScale Power Corporation (NYSE:SMR – Get Free Report) Director Corp Fluor sold 1,193,504 shares of the company’s stock in a transaction dated Thursday, September 18th. The shares were sold at an ave… [+5323 chars]",business
"{'id': None, 'name': 'ETF Daily News'}",MarketBeat News,Swedbank AB Lowers Position in Dollar General Corporation $DG,"Swedbank AB lessened its stake in Dollar General Corporation (NYSE:DG – Free Report) by 4.3% during the 2nd quarter, Holdings Channel.com reports. The institutional investor owned 168,983 shares of the company’s stock after selling 7,631 shares during the qua…",https://www.etfdailynews.com/2025/09/21/swedbank-ab-lowers-position-in-dollar-general-corporation-dg/,https://www.americanbankingnews.com/wp-content/timthumb/timthumb.php?src=https://www.marketbeat.com/logos/dollar-general-co-logo-1200x675.png?v=20210920082021&w=240&h=240&zc=2,2025-09-21T08:43:00Z,"Swedbank AB lessened its stake in Dollar General Corporation (NYSE:DG – Free Report) by 4.3% during the 2nd quarter, Holdings Channel.com reports. The institutional investor owned 168,983 shares of t… [+5348 chars]",business
"{'id': None, 'name': 'ETF Daily News'}",MarketBeat News,"Swedbank AB Purchases 23,519 Shares of Western Digital Corporation $WDC","Swedbank AB boosted its position in Western Digital Corporation (NASDAQ:WDC – Free Report) by 11.6% in the 2nd quarter, Holdings Channel reports. The firm owned 225,958 shares of the data storage provider’s stock after buying an additional 23,519 shares durin…",https://www.etfdailynews.com/2025/09/21/swedbank-ab-purchases-23519-shares-of-western-digital-corporation-wdc/,https://www.americanbankingnews.com/wp-content/timthumb/timthumb.php?src=https://www.marketbeat.com/logos/western-digital-co-logo-1200x675.png?v=20240118080831&w=240&h=240&zc=2,2025-09-21T08:43:00Z,"Swedbank AB boosted its position in Western Digital Corporation (NASDAQ:WDC – Free Report) by 11.6% in the 2nd quarter, Holdings Channel reports. The firm owned 225,958 shares of the data storage pro… [+6778 chars]",business
"{'id': None, 'name': 'ETF Daily News'}",MarketBeat News,Swedbank AB Has $14.52 Million Position in The J. M. Smucker Company $SJM,"Swedbank AB grew its holdings in The J. M. Smucker Company (NYSE:SJM – Free Report) by 7.9% during the second quarter, according to the company in its most recent Form 13F filing with the SEC. The institutional investor owned 147,812 shares of the company’s s…",https://www.etfdailynews.com/2025/09/21/swedbank-ab-has-14-52-million-position-in-the-j-m-smucker-company-sjm/,https://www.americanbankingnews.com/wp-content/timthumb/timthumb.php?src=https://www.marketbeat.com/logos/the-j-m-smucker-company-logo-1200x675.png?v=20221104115037&w=240&h=240&zc=2,2025-09-21T08:42:57Z,"Swedbank AB grew its holdings in The J. M. Smucker Company (NYSE:SJM – Free Report) by 7.9% during the second quarter, according to the company in its most recent Form 13F filing with the SEC. The in… [+5367 chars]",business
"{'id': None, 'name': 'ETF Daily News'}",MarketBeat News,"Swedbank AB Trims Holdings in Pinnacle Financial Partners, Inc. $PNFP","Swedbank AB decreased its stake in shares of Pinnacle Financial Partners, Inc. (NASDAQ:PNFP – Free Report) by 37.2% during the second quarter, according to the company in its most recent disclosure with the SEC. The institutional investor owned 157,000 shares…",https://www.etfdailynews.com/2025/09/21/swedbank-ab-trims-holdings-in-pinnacle-financial-partners-inc-pnfp/,https://www.americanbankingnews.com/wp-content/timthumb/timthumb.php?src=https://www.marketbeat.com/logos/pinnacle-financial-partners-inc-logo-1200x675.png?v=20240426110240&w=240&h=240&zc=2,2025-09-21T08:42:55Z,"Swedbank AB decreased its stake in shares of Pinnacle Financial Partners, Inc. (NASDAQ:PNFP – Free Report) by 37.2% during the second quarter, according to the company in its most recent disclosure w… [+7085 chars]",business
"{'id': None, 'name': 'ETF Daily News'}",MarketBeat News,"Tilray Brands, Inc. $TLRY Shares Bought by Baader Bank Aktiengesellschaft","Baader Bank Aktiengesellschaft increased its stake in Tilray Brands, Inc. (NASDAQ:TLRY – Free Report) by 11.0% in the second quarter, according to its most recent 13F filing with the Securities & Exchange Commission. The institutional investor owned 339,706 s…",https://www.etfdailynews.com/2025/09/21/tilray-brands-inc-tlry-shares-bought-by-baader-bank-aktiengesellschaft/,https://www.americanbankingnews.com/wp-content/timthumb/timthumb.php?src=https://www.marketbeat.com/logos/tilray-inc-logo-1200x675.png?v=20250408061130&w=240&h=240&zc=2,2025-09-21T08:40:59Z,"Baader Bank Aktiengesellschaft increased its stake in Tilray Brands, Inc. (NASDAQ:TLRY – Free Report) by 11.0% in the second quarter, according to its most recent 13F filing with the Securities &amp;… [+4796 chars]",business
"{'id': None, 'name': 'ETF Daily News'}",MarketBeat News,Swedbank AB Increases Stock Position in Insulet Corporation $PODD,"Swedbank AB lifted its position in shares of Insulet Corporation (NASDAQ:PODD – Free Report) by 49.8% during the 2nd quarter, according to its most recent disclosure with the SEC. The firm owned 72,488 shares of the medical instruments supplier’s stock after …",https://www.etfdailynews.com/2025/09/21/swedbank-ab-increases-stock-position-in-insulet-corporation-podd/,https://www.americanbankingnews.com/wp-content/timthumb/timthumb.php?src=https://www.marketbeat.com/logos/insulet-corp-logo-1200x675.gif&w=240&h=240&zc=2,2025-09-21T08:40:59Z,"Swedbank AB lifted its position in shares of Insulet Corporation (NASDAQ:PODD – Free Report) by 49.8% during the 2nd quarter, according to its most recent disclosure with the SEC. The firm owned 72,4… [+6042 chars]",business
"{'id': None, 'name': 'ETF Daily News'}",MarketBeat News,Baader Bank Aktiengesellschaft Buys New Stake in STERIS plc $STE,"Baader Bank Aktiengesellschaft bought a new stake in shares of STERIS plc (NYSE:STE – Free Report) in the second quarter, according to the company in its most recent Form 13F filing with the Securities and Exchange Commission (SEC). The institutional investor…",https://www.etfdailynews.com/2025/09/21/baader-bank-aktiengesellschaft-buys-new-stake-in-steris-plc-ste/,https://www.americanbankingnews.com/wp-content/timthumb/timthumb.php?src=https://www.marketbeat.com/logos/steris-plc-logo-1200x675.png?v=20240108100905&w=240&h=240&zc=2,2025-09-21T08:40:59Z,"Baader Bank Aktiengesellschaft bought a new stake in shares of STERIS plc (NYSE:STE – Free Report) in the second quarter, according to the company in its most recent Form 13F filing with the Securiti… [+6007 chars]",business
"{'id': None, 'name': 'ETF Daily News'}",MarketBeat News,Invitation Home (NYSE:INVH) Reaches New 12-Month Low – Time to Sell?,"Invitation Home (NYSE:INVH – Get Free Report)’s share price hit a new 52-week low during trading on Friday . The company traded as low as $29.28 and last traded at $29.47, with a volume of 1346933 shares. The stock had previously closed at $29.52. Wall Street…",https://www.etfdailynews.com/2025/09/21/invitation-home-nyseinvh-reaches-new-12-month-low-time-to-sell/,https://www.americanbankingnews.com/wp-content/timthumb/timthumb.php?src=https://www.marketbeat.com/logos/invitation-homes-inc-logo-1200x675.png&w=240&h=240&zc=2,2025-09-21T08:40:58Z,"Invitation Home (NYSE:INVH – Get Free Report)’s share price hit a new 52-week low during trading on Friday . The company traded as low as $29.28 and last traded at $29.47, with a volume of 1346933 sh… [+4668 chars]",business
"{'id': None, 'name': 'ETF Daily News'}",MarketBeat News,Baader Bank Aktiengesellschaft Makes New Investment in Zeta Global Holdings Corp. $ZETA,"Baader Bank Aktiengesellschaft purchased a new stake in shares of Zeta Global Holdings Corp. (NYSE:ZETA – Free Report) during the 2nd quarter, according to the company in its most recent disclosure with the SEC. The fund purchased 10,767 shares of the company…",https://www.etfdailynews.com/2025/09/21/baader-bank-aktiengesellschaft-makes-new-investment-in-zeta-global-holdings-corp-zeta/,https://www.americanbankingnews.com/wp-content/timthumb/timthumb.php?src=https://www.marketbeat.com/logos/zeta-global-holdings-corp-logo-1200x675.jpg?v=20240424114457&w=240&h=240&zc=2,2025-09-21T08:40:58Z,"Baader Bank Aktiengesellschaft purchased a new stake in shares of Zeta Global Holdings Corp. (NYSE:ZETA – Free Report) during the 2nd quarter, according to the company in its most recent disclosure w… [+3968 chars]",business
"{'id': None, 'name': 'ETF Daily News'}",MarketBeat News,"Baader Bank Aktiengesellschaft Makes New $94,000 Investment in Cipher Mining Inc. $CIFR","Baader Bank Aktiengesellschaft acquired a new position in shares of Cipher Mining Inc. (NASDAQ:CIFR – Free Report) in the second quarter, according to its most recent disclosure with the Securities and Exchange Commission (SEC). The fund acquired 19,631 share…",https://www.etfdailynews.com/2025/09/21/baader-bank-aktiengesellschaft-makes-new-94000-investment-in-cipher-mining-inc-cifr/,https://www.americanbankingnews.com/wp-content/timthumb/timthumb.php?src=https://www.marketbeat.com/logos/cipher-mining-inc-logo-1200x675.jpg?v=20240515135015&w=240&h=240&zc=2,2025-09-21T08:40:58Z,"Baader Bank Aktiengesellschaft acquired a new position in shares of Cipher Mining Inc. (NASDAQ:CIFR – Free Report) in the second quarter, according to its most recent disclosure with the Securities a… [+5126 chars]",business
"{'id': None, 'name': 'ETF Daily News'}",MarketBeat News,The Clorox Company $CLX Shares Purchased by Swedbank AB,"Swedbank AB raised its holdings in shares of The Clorox Company (NYSE:CLX – Free Report) by 18.0% in the second quarter, Holdings Channel.com reports. The firm owned 192,504 shares of the company’s stock after buying an additional 29,420 shares during the per…",https://www.etfdailynews.com/2025/09/21/the-clorox-company-clx-shares-purchased-by-swedbank-ab/,https://www.americanbankingnews.com/wp-content/timthumb/timthumb.php?src=https://www.marketbeat.com/logos/the-clorox-company-logo-1200x675.png?v=20250505090624&w=240&h=240&zc=2,2025-09-21T08:40:57Z,"Swedbank AB raised its holdings in shares of The Clorox Company (NYSE:CLX – Free Report) by 18.0% in the second quarter, Holdings Channel.com reports. The firm owned 192,504 shares of the company’s s… [+5775 chars]",business
"{'id': None, 'name': 'ETF Daily News'}",MarketBeat News,International Paper Company $IP Shares Purchased by Sumitomo Mitsui DS Asset Management Company Ltd,"Sumitomo Mitsui DS Asset Management Company Ltd increased its stake in shares of International Paper Company (NYSE:IP – Free Report) by 1.4% in the 2nd quarter, according to the company in its most recent filing with the Securities & Exchange Commission. The …",https://www.etfdailynews.com/2025/09/21/international-paper-company-ip-shares-purchased-by-sumitomo-mitsui-ds-asset-management-company-ltd/,https://www.americanbankingnews.com/wp-content/timthumb/timthumb.php?src=https://www.marketbeat.com/logos/international-paper-company-logo-1200x675.jpg&w=240&h=240&zc=2,2025-09-21T08:40:57Z,"Sumitomo Mitsui DS Asset Management Company Ltd increased its stake in shares of International Paper Company (NYSE:IP – Free Report) by 1.4% in the 2nd quarter, according to the company in its most r… [+5775 chars]",business
"{'id': None, 'name': 'ETF Daily News'}",MarketBeat News,W.R. Berkley Corporation $WRB Shares Purchased by Sumitomo Mitsui DS Asset Management Company Ltd,"Sumitomo Mitsui DS Asset Management Company Ltd grew its stake in shares of W.R. Berkley Corporation (NYSE:WRB – Free Report) by 2.5% during the 2nd quarter, according to the company in its most recent Form 13F filing with the Securities & Exchange Commission…",https://www.etfdailynews.com/2025/09/21/w-r-berkley-corporation-wrb-shares-purchased-by-sumitomo-mitsui-ds-asset-management-company-ltd/,https://www.americanbankingnews.com/wp-content/timthumb/timthumb.php?src=https://www.marketbeat.com/logos/w-r-berkley-co-logo-1200x675.png?v=20221103140838&w=240&h=240&zc=2,2025-09-21T08:40:56Z,"Sumitomo Mitsui DS Asset Management Company Ltd grew its stake in shares of W.R. Berkley Corporation (NYSE:WRB – Free Report) by 2.5% during the 2nd quarter, according to the company in its most rece… [+4830 chars]",business
"{'id': None, 'name': 'ETF Daily News'}",MarketBeat News,Sumitomo Mitsui DS Asset Management Company Ltd Has $3.58 Million Holdings in Carnival Corporation $CCL,"Sumitomo Mitsui DS Asset Management Company Ltd grew its stake in Carnival Corporation (NYSE:CCL – Free Report) by 2.3% in the 2nd quarter, according to its most recent disclosure with the Securities & Exchange Commission. The firm owned 127,383 shares of the…",https://www.etfdailynews.com/2025/09/21/sumitomo-mitsui-ds-asset-management-company-ltd-has-3-58-million-holdings-in-carnival-corporation-ccl/,https://www.americanbankingnews.com/wp-content/timthumb/timthumb.php?src=https://www.marketbeat.com/logos/carnival-co--plc-logo-1200x675.png?v=20240109092155&w=240&h=240&zc=2,2025-09-21T08:40:55Z,"Sumitomo Mitsui DS Asset Management Company Ltd grew its stake in Carnival Corporation (NYSE:CCL – Free Report) by 2.3% in the 2nd quarter, according to its most recent disclosure with the Securities… [+5006 chars]",business
"{'id': None, 'name': 'ETF Daily News'}",MarketBeat News,Amcor PLC $AMCR Shares Acquired by Sumitomo Mitsui DS Asset Management Company Ltd,"Sumitomo Mitsui DS Asset Management Company Ltd lifted its position in shares of Amcor PLC (NYSE:AMCR – Free Report) by 41.5% during the second quarter, HoldingsChannel reports. The firm owned 403,383 shares of the company’s stock after purchasing an addition…",https://www.etfdailynews.com/2025/09/21/amcor-plc-amcr-shares-acquired-by-sumitomo-mitsui-ds-asset-management-company-ltd/,https://www.americanbankingnews.com/wp-content/timthumb/timthumb.php?src=https://www.marketbeat.com/logos/amcor-plc-logo-1200x675.png?v=20240104073129&w=240&h=240&zc=2,2025-09-21T08:40:54Z,"Sumitomo Mitsui DS Asset Management Company Ltd lifted its position in shares of Amcor PLC (NYSE:AMCR – Free Report) by 41.5% during the second quarter, HoldingsChannel reports. The firm owned 403,38… [+5332 chars]",business
"{'id': None, 'name': 'ETF Daily News'}",MarketBeat News,"Monolithic Power Systems, Inc. $MPWR Shares Acquired by Sumitomo Mitsui DS Asset Management Company Ltd","Sumitomo Mitsui DS Asset Management Company Ltd lifted its stake in shares of Monolithic Power Systems, Inc. (NASDAQ:MPWR – Free Report) by 1.0% during the second quarter, according to its most recent filing with the Securities and Exchange Commission. The fi…",https://www.etfdailynews.com/2025/09/21/monolithic-power-systems-inc-mpwr-shares-acquired-by-sumitomo-mitsui-ds-asset-management-company-ltd/,https://www.americanbankingnews.com/wp-content/timthumb/timthumb.php?src=https://www.marketbeat.com/logos/monolithic-power-systems-inc-logo-1200x675.png?v=20221104114346&w=240&h=240&zc=2,2025-09-21T08:40:54Z,"Sumitomo Mitsui DS Asset Management Company Ltd lifted its stake in shares of Monolithic Power Systems, Inc. (NASDAQ:MPWR – Free Report) by 1.0% during the second quarter, according to its most recen… [+6710 chars]",business
"{'id': None, 'name': 'The Philadelphia Inquirer'}",Danielle Abril,Five ways job seekers can improve their AI literacy,"Employers and job experts offer tips that can help you showcase your AI skills, which are increasingly expected in the workplace.",https://www.inquirer.com/business/artificial-intelligence-job-seekers--20250921.html,https://www.inquirer.com/resizer/v2/OL5A5QW7E2AB4HSGNP3DNBDY3Q.jpg?auth=8a730c6155de3eaa09151ce04c053590e70fc22f6b9ecd5c32e0802515ea255f&width=760&height=507&smart=true,2025-09-21T09:11:46Z,"Employers are increasingly seeking candidates who have skills in artificial intelligence, whether its for a technical job like engineering or not.
Some companies include phrases like AI fluency, AI … [+4517 chars]",health
"{'id': 'the-irish-times', 'name': 'The Irish Times'}",,Britain expected to recognise Palestinian state with ceasefire prospects ‘in tatters’,Deputy prime minister David Lammy says recognition would preserve hope of two-state solution,https://www.irishtimes.com/world/middle-east/2025/09/21/britain-expected-to-recognise-palestinian-state-with-ceasefire-prospects-in-tatters/,https://www.irishtimes.com/resizer/v2/R2GUCW5S4VGXJLVDRJJIU6WWPI.jpg?smart=true&auth=b0af2c76ad2a5d3ed6673312689c51a846ccedbdbced3abab0ba526855fac27b&width=1200&height=630,2025-09-21T09:09:58Z,"Britains deputy prime minister said on Sunday that recognising a Palestinian state would not bring one into existence overnight, stressing that recognition must be part of a broader peace process.
A… [+3878 chars]",health
"{'id': None, 'name': 'WMUR Manchester'}",Christina Bishop,Blue from Second Chance Ranch is available for adoption,"From long walks and swimming to curling up on the couch for snuggles, Blue knows how to make life both exciting and cozy.",https://www.wmur.com/article/new-hampshire-dog-adoption-blue-09212025/67955613,"https://kubrick.htvapps.com/vidthumb/efdb613c-729e-4ecf-8b0b-b8b21858e826/ad9f9119-05f6-42b1-881e-756bc778798e.jpg?crop=0.728xw:0.725xh;0.147xw,0.0809xh&resize=1200:*",2025-09-21T09:05:30Z,"MANCHESTER, N.H. —Meet Blue, an 8-year-old Pitbull mix looking for her forever home.
Blue is equal parts adventure buddy and cuddle companion.
Always ready for fun, she loves tagging along on outin… [+649 chars]",health
"{'id': None, 'name': 'LADbible'}",Britt Jones,Reality of 'gas station heroin' sweeping the UK as users explain why they use drug,The drug has seen a rise in deaths and harm in the UK and US,https://www.ladbible.com/news/health/gas-station-heroin-uk-dangers-users-explain-498085-20250921,https://images.ladbible.com/ogimage/v3/assets/bltcd74acc1d0a99f3a/blt8c2879e5e4281a0e/68cfbf1cb2b6dc792a806242/GettyImages-1400237314.jpg,2025-09-21T09:04:28Z,"After a rise in deaths related to gas station heroin, experts and users have shared their warnings about the plant.
There have been many drugs that have taken over the streets in the UK, like spice,… [+5599 chars]",health
"{'id': None, 'name': 'Palm Beach Daily News'}","Jodie Wagner, Palm Beach Daily News",Palm Beach temples getting ready to mark Jewish High Holy Days,"The Jewish New Year festival of Rosh Hashanah is scheduled for Sept. 22-24, while Yom Kippur will be observed Oct. 1-2.",https://www.palmbeachdailynews.com/story/news/2025/09/21/palm-beach-temples-preparing-for-upcoming-jewish-high-holy-days/86169599007/,https://s.yimg.com/ny/api/res/1.2/LsA4aDitJhMFw_XxpfG69w--/YXBwaWQ9aGlnaGxhbmRlcjt3PTEyMDA7aD04MTA7Y2Y9d2VicA--/https://media.zenfs.com/en/the-palm-beach-post/5fd1388ace8432cf86a89b3188259a51,2025-09-21T09:03:43Z,"The past year has been especially challenging for Jews worldwide, with antisemitism on the rise and global unrest spreading.
But with the High Holy Days nearing, Palm Beachs Jewish community is hold… [+9575 chars]",health
"{'id': None, 'name': 'New York Post'}",Chris Nesi,"What to know about Charlie Kirk’s funeral: Time, how to watch, more",A massive remembrance service is being held for slain conservative influencer Charlie Kirk on Sunday.,https://nypost.com/2025/09/21/us-news/what-to-know-about-charlie-kirks-funeral-time-how-to-watch-more/,https://nypost.com/wp-content/uploads/sites/2/2025/09/111616178.jpg?quality=75&strip=all&w=1024,2025-09-21T09:02:16Z,"A massive remembrance service will be held for slain conservative influencer Charlie Kirk on Sunday, with an expected attendance of tens of thousands and featuring a who’s who of Republican luminarie… [+4021 chars]",health
"{'id': None, 'name': 'Geeky Gadgets'}",Roland Hutchinson,Apple watchOS 26 Explained: A Deep Dive into the New Features,"Apple has officially launched watchOS 26, a comprehensive update for its Apple Watch lineup, including the Series 11, Ultra 3, and SE3 models. This release introduces a refined design, advanced health and fitness tools, and new features aimed at enhancing dai…",https://www.geeky-gadgets.com/watchos-26-explained/,https://www.geeky-gadgets.com/wp-content/uploads/2025/09/watchos-26-liquid-glass-interface_optimized.jpg,2025-09-21T09:00:50Z,"Apple has officially launched watchOS 26, a comprehensive update for its Apple Watch lineup, including the Series 11, Ultra 3, and SE3 models. This release introduces a refined design, advanced healt… [+6454 chars]",health
"{'id': None, 'name': 'ZDNet'}",Nina Raemont,I compared the two best smartwatches from Apple and Google - here's the one you should buy,I've gone hands-on with both Apple's new Series 11 smartwatch and the Pixel Watch 4 - here are the major differences between the two.,https://www.zdnet.com/article/i-compared-the-two-best-smartwatches-from-apple-and-google-heres-the-one-you-should-buy/,https://www.zdnet.com/a/img/resize/fb73c3f951801aa1663c36df119ec8b5a20873be/2025/09/19/91266c1d-9a2b-4067-9fbe-e1c88d4635c1/watchcomparison.jpg?auto=webp&fit=crop&height=675&width=1200,2025-09-21T09:00:40Z,"Nina Raemont/ZDNET
Apple's latest lineup of Apple Watches drummed up quite the hype when they were announced during its annual iPhone event. Apple unveiled several new features, like emergency SOS c… [+6079 chars]",health
"{'id': None, 'name': 'Yahoo Entertainment'}",Kaitlin Reilly,"Jump, eat squash and stop sleeping in this position — plus 6 more health tips to help you have a great week",Health hacks for the week ahead — like warming your feet up before bed.,https://health.yahoo.com/general/article/jump-eat-squash-and-stop-sleeping-in-this-position--plus-6-more-health-tips-to-help-you-have-a-great-week-090014408.html,https://s.yimg.com/ny/api/res/1.2/WGZ7xvEwoj6w88QR6ERKlw--/YXBwaWQ9aGlnaGxhbmRlcjt3PTEyMDA7aD02NzU-/https://s.yimg.com/os/creatr-uploaded-images/2025-09/768b7470-94ce-11f0-afdf-75ea09918fcf,2025-09-21T09:00:14Z,"Hello, Yahoo readers! My name is Kaitlin Reilly, and Im here to share the best wellness tips from around the internet.
Ever fantasize about moving to Costa Rica? Its more than just beautiful beaches… [+5618 chars]",health
"{'id': 'business-insider', 'name': 'Business Insider'}",rtorrence@businessinsider.com (Rebecca Torrence),I played a VC firm's risk game about fake drugs. It revealed unsettling truths about AI and attention.,"I played Lux Capital's game about fake drugs, inspired by Ozempic, crypto, and AI. It came with unsettling revelations.",https://www.businessinsider.com/venture-firm-risk-game-truth-attention-lux-capital-2025-9,https://i.insider.com/68cc1df557d362d375e868da?width=1200&format=jpeg,2025-09-21T09:00:01Z,"On a Tuesday evening at the swanky Ned hotel in Manhattan, venture firm Lux Capital pitted me against fellow journalists, investors, professors, and scientists to compete for attention.
I'd signed u… [+7831 chars]",health
"{'id': None, 'name': 'Kffhealthnews.org'}",,Journalists Follow the Fallout of CDC Director’s Firing and Trump’s Health Policies,KFF Health News journalists made the rounds on national and local media recently to discuss topical stories. Here’s a collection of their appearances.,https://kffhealthnews.org/news/article/on-air-september-20-2025-cdc-director-firing-rfk-trump-health-funding/,https://kffhealthnews.org/wp-content/uploads/sites/2/2023/04/2023_kffhealthnews-on-air_weekly.jpg,2025-09-21T09:00:00Z,KFF Health News chief Washington correspondent Julie Rovner discussed the Senate hearing of former Centers for Disease Control and Prevention director Susan Monarez on WBUR’s “Here &amp; Now” on Sept… [+1168 chars],health
"{'id': 'cbc-news', 'name': 'CBC News'}",,Halifax clinic offers fertility preservation to young cancer patients,Atlantic Fertility in Halifax is now offering fertility preservation to pediatric patients who are about to have chemotherapy or radiation.,https://www.cbc.ca/news/canada/nova-scotia/fertility-clinic-young-cancer-patients-preservation-1.7638243,https://i.cbc.ca/1.4462086.1758294004!/fileImage/httpImage/image.jpg_gen/derivatives/16x9_1180/ivf.jpg?im=Resize%3D620,2025-09-21T09:00:00Z,"A Nova Scotia clinic is helping give young cancer patients a better chance to one day have children of their own.
Atlantic Fertility is now offering fertility preservation to pediatric patients who … [+2565 chars]",health
"{'id': None, 'name': 'YouTube'}",,Fishing With Dr Robbie: I Had A Health Scare,Fishing With Dr Robbie: I Had A Health Scareyoutube.com,https://www.youtube.com/supported_browsers?next_url=https%3A%2F%2Fwww.youtube.com%2Fwatch%3Fv%3DEFIyB3c7RrM,,2025-09-21T08:59:20Z,"Your browser isnt supported anymore. Update it to get the best YouTube experience and our latest features. Learn more
Remind me later",health
"{'id': None, 'name': 'New York Post'}",SWNS,Hollywood stuntman critically injured on ‘Fast and Furious’ set speaks of miraculous recovery,Watts suffered catastrophic injuries when a stunt went wrong during filming at the Warner Bros studio in England in 2019.,https://nypost.com/2025/09/21/entertainment/hollywood-stuntman-joe-watts-critically-injured-on-fast-and-furious-set-speaks-of-miraculous-recovery/,https://nypost.com/wp-content/uploads/sites/2/2025/09/hollywood-stuntman.jpg?quality=75&strip=all&1758430684&w=1024,2025-09-21T08:58:33Z,"A Hollywood stuntman left with a broken skull and brain damage after falling 25 feet on the “Fast and Furious” set has spoken for the first time about his miraculous recovery.
Joe Watts, 37, has an … [+9057 chars]",health
"{'id': None, 'name': 'LADbible'}",Joe Harker,Man who drank 4.5 litres of Dr Pepper each day instead of water reveals devastating effects it had on his body,"A man who drank 4.5 litres of Dr Pepper every day instead of having water spoke about the effects it had on his body, and it wasn't good.",https://www.ladbible.com/news/health/man-drank-dr-pepper-effects-body-682676-20250918,https://images.ladbible.com/ogimage/v3/assets/bltcd74acc1d0a99f3a/blt76a197cc8f21c5ae/68cfbcf04a6854705a381f95/resize_(1).webp,2025-09-21T08:53:17Z,"A man who drank up to 4.5 litres of Dr Pepper every day revealed the impact his unorthodox drinking habits had on his body.
Buckinghamshire bloke Tom Bowey got called the 'Dr Pepper Man' for his imp… [+2512 chars]",health
"{'id': None, 'name': 'Lenscratch.com'}",Diana Nicholette Jeon,The Female Gaze: Jane Szabo – Recent Work,"Los Angeles-based conceptual artist Jane Szabo merges a love for fabrication and materials with visceral photographic images. The core of her work revolves around ideas; she uses photography as a storytelling medium, where the narratives are deeply rooted in …",http://lenscratch.com/2025/09/female-gazejane-szabo/,http://lenscratch.com/wp-content/uploads/2025/09/15_Jane_Szabo_Sitka-Nest.jpg,2025-09-21T08:52:57Z,"©Jane Szabo – Sitka Nest (digital pigment print, 2025), from the series The Anthropocene Epoch
Los Angeles-based conceptual artist Jane Szabo merges a love for fabrication and materials with viscera… [+22134 chars]",health
"{'id': 'the-times-of-india', 'name': 'The Times of India'}",Divyadeep Singh,Weight loss in 7 easy steps: Here’s how you can get rid of belly fat to get in shape and boost your confidence,"Reducing belly fat is crucial for a healthy lifestyle, lowering the risk of heart disease and diabetes. Combining regular workouts with controlled eating habits, particularly a low-carb approach, proves effective. Prioritizing physical activity, strength trai…",https://economictimes.indiatimes.com/news/international/us/weight-loss-in-7-easy-steps-heres-how-you-can-get-rid-of-belly-fat-to-get-in-shape-and-boost-your-confidence/articleshow/124025846.cms,"https://img.etimg.com/thumb/msid-124025913,width-1200,height-630,imgsize-147933,overlay-economictimes/articleshow.jpg",2025-09-21T08:52:26Z,Cutting out extra belly fat and maintaining body shape is always a crucial part of a healthy lifestyle. Keeping the belly fat always in check and maintaining a trim midsection requires not only sever… [+3332 chars],health
"{'id': 'rte', 'name': 'RTE'}",RTÉ Entertainment,"Scottish DJ JD Twitch, one half of duo Optimo, has died","JD Twitch, the Scottish DJ and producer who was one half of the duo Optimo, has died, his DJ partner Jonnie Wilkes has announced.",https://www.rte.ie/entertainment/2025/0921/1534554-scottish-dj-jd-twitch-one-half-of-duo-optimo-has-died/,https://www.rte.ie/images/002332b6-1600.jpg,2025-09-21T08:52:12Z,"JD Twitch, the Scottish DJ and producer who was one half of the duo Optimo, has died, his DJ partner Jonnie Wilkes has announced.
It comes two-and-a-half months after the producer, real name Keith M… [+2402 chars]",health
"{'id': None, 'name': 'Leadership.ng'}",Zuleihat Chatta,Why Drinking Urine Is A Risky Health Trend,"Urine is mostly water, but it is not “pure water.” It contains metabolic waste products the body deliberately eliminates..",https://leadership.ng/why-drinking-urine-is-a-risky-health-trend/,https://leadership.ng/wp-content/uploads/2025/09/drinking-uring.webp,2025-09-21T08:50:29Z,"Across cultures and centuries, urine has been used in various traditional healing practices. In Ayurveda, its known as amaroli; in some African communities, longstanding beliefs hold that urine can c… [+3957 chars]",health
"{'id': None, 'name': 'Notebookcheck.net'}",Daniel Schmidt,Pedal hard - Huawei Watch GT 6 review,"With power meter. | The Huawei Watch GT 6 comes with a significantly larger battery and continues to deliver highly accurate sensor readings. Huawei has also expanded the feature set, with major upgrades for cycling in particular. Read on for the full review.",https://www.notebookcheck.net/Pedal-hard-Huawei-Watch-GT-6-review.1120143.0.html,https://www.notebookcheck.net/fileadmin/Notebooks/Huawei/Watch_GT_6/aPic_Huawei_Watch_GT_6-1232.jpg,2025-09-21T08:47:00Z,"The Huawei Watch GT 6 runs HarmonyOS 6.0 and connects to smartphones via Bluetooth 6.0; Wi-Fi is not supported.
Before pairing, the Huawei Health app must be installed. This app manages both the sma… [+1323 chars]",health
"{'id': None, 'name': 'The Star Online'}",The Star Online,"Heart disease still major threat in Malaysia, says deputy Health DG","LABUAN: Heart disease remains a serious threat in the country, as it is still the leading preventable cause of death, says deputy Health director-general (public health) Dr Ismuni Bohari. Read full story",https://www.thestar.com.my/news/nation/2025/09/21/heart-disease-still-major-threat-in-malaysia-says-deputy-health-dg,https://apicms.thestar.com.my/uploads/images/2025/09/21/3532087.jpg,2025-09-21T08:43:00Z,"LABUAN: Heart disease remains a serious threat in the country, as it is still the leading preventable cause of death, says deputy Health director-general (public health) Dr Ismuni Bohari.
He said da… [+1385 chars]",health
"{'id': 'news-com-au', 'name': 'News.com.au'}",News.com.au,Australian man’s HR meeting leads to staggering health diagnosis,"When Patrick Dare was called into his first ever HR review at the age of 54, he finally had to be honest with himself.",https://www.news.com.au/lifestyle/health/wellbeing/hr-meeting-that-would-change-aussie-mans-life-forever/news-story/4e7d7bfac637b46f96bd4e3a93cb3cc6,https://nypost.com/wp-content/uploads/sites/2/2025/09/newspress-collage-cixd5sm35-1758443688959.jpg?quality=75&strip=all&1758429306&w=1024,2025-09-21T08:42:26Z,"When Patrick Dare was called into his first-ever HR review at the age of 54, he finally had to be honest with himself.
Id had a high-level career in IT sales for the last 35 years, and Id never had … [+6389 chars]",health
"{'id': None, 'name': 'Economictimes.com'}",iStock,How to use ChatGPT for weight loss and improved health,"In the era of AI, ChatGPT isn’t just for chatting, it can be your personal nutrition guide. Whether your goal is to lose weight, gain muscle, or simply eat healthier, ChatGPT can help you create customised meal plans. By providing your age, weight, height, ac…",https://m.economictimes.com/news/india/how-to-use-chatgpt-for-weight-loss-and-improved-health/chatgpt-your-personal-nutrition-assistant/slideshow/124025858.cms,"https://img.etimg.com/thumb/msid-124025858,width-1070,height-580,overlay-economictimes/slideshow.jpg",2025-09-21T08:42:08Z,"Sep 21, 2025, 02:12:47 PM IST
In the era of AI, ChatGPT isn’t just for chatting, it can be your personal nutrition guide. Whether your goal is to lose weight, gain muscle, or simply eat healthier, C… [+1884 chars]",health
"{'id': None, 'name': 'Ndtvprofit.com'}",PTI,Healthcare Set To Be More Affordable As New GST Rate Kicks In From Sept 22: Pharma Industry,"Medicines, including some life saving drugs, and medical devices are set to become cheaper from Monday with the new GST rates kicking in, making healthcare more affordable and accessible for every citizen, according to industry players. With the landmark GST …",https://www.ndtvprofit.com/business/healthcare-set-to-be-more-affordable-as-new-gst-rate-kicks-in-from-sept-22-pharma-industry,https://media.assettype.com/bloombergquint%2F2023-08%2Fc2542a03-b22d-474e-86bd-d6e0c3c16c2a%2FMankind_Pharma_Ltd___Source_Company_website_.png?rect=0%2C11%2C864%2C454&w=1200&auto=format%2Ccompress&ogImage=true,2025-09-21T08:38:54Z,"""Most medicines, earlier taxed at 12%, will now attract just 5% GST. In addition, 36 critical life-saving drugs for cancer, genetic and rare diseases, and cardiovascular conditions have been fully ex… [+390 chars]",health
"{'id': None, 'name': 'ETF Daily News'}",MarketBeat News,Simplify Health Care ETF $PINK Shares Purchased by Wealth Enhancement Advisory Services LLC,"Wealth Enhancement Advisory Services LLC boosted its stake in Simplify Health Care ETF (NYSEARCA:PINK – Free Report) by 4.1% in the 2nd quarter, according to the company in its most recent 13F filing with the Securities and Exchange Commission. The institutio…",https://www.etfdailynews.com/2025/09/21/simplify-health-care-etf-pink-shares-purchased-by-wealth-enhancement-advisory-services-llc/,https://www.americanbankingnews.com/wp-content/timthumb/timthumb.php?src=https://www.marketbeat.com/logos/simplify-health-care-etf-logo-1200x675.png?v=20220616080405&w=240&h=240&zc=2,2025-09-21T08:36:50Z,"Wealth Enhancement Advisory Services LLC boosted its stake in Simplify Health Care ETF (NYSEARCA:PINK – Free Report) by 4.1% in the 2nd quarter, according to the company in its most recent 13F filing… [+3055 chars]",health
"{'id': None, 'name': 'ETF Daily News'}",MarketBeat News,"Wealth Enhancement Advisory Services LLC Has $24.64 Million Position in Elevance Health, Inc. $ELV","Wealth Enhancement Advisory Services LLC increased its position in Elevance Health, Inc. (NYSE:ELV – Free Report) by 129.8% in the 2nd quarter, according to its most recent disclosure with the Securities and Exchange Commission (SEC). The firm owned 63,353 sh…",https://www.etfdailynews.com/2025/09/21/wealth-enhancement-advisory-services-llc-has-24-64-million-position-in-elevance-health-inc-elv/,https://www.americanbankingnews.com/wp-content/timthumb/timthumb.php?src=https://www.marketbeat.com/logos/elevance-health-inc-logo-1200x675.png?v=20221020160135&w=240&h=240&zc=2,2025-09-21T08:34:58Z,"Wealth Enhancement Advisory Services LLC increased its position in Elevance Health, Inc. (NYSE:ELV – Free Report) by 129.8% in the 2nd quarter, according to its most recent disclosure with the Securi… [+6461 chars]",health
"{'id': None, 'name': 'ETF Daily News'}",MarketBeat News,Welltower Inc. $WELL Holdings Boosted by Wealth Enhancement Advisory Services LLC,"Wealth Enhancement Advisory Services LLC boosted its holdings in Welltower Inc. (NYSE:WELL – Free Report) by 3.3% during the second quarter, according to its most recent Form 13F filing with the Securities & Exchange Commission. The fund owned 135,853 shares …",https://www.etfdailynews.com/2025/09/21/welltower-inc-well-holdings-boosted-by-wealth-enhancement-advisory-services-llc/,https://www.americanbankingnews.com/wp-content/timthumb/timthumb.php?src=https://www.marketbeat.com/logos/welltower-inc-logo-1200x675.png?v=20250307145305&w=240&h=240&zc=2,2025-09-21T08:34:50Z,"Wealth Enhancement Advisory Services LLC boosted its holdings in Welltower Inc. (NYSE:WELL – Free Report) by 3.3% during the second quarter, according to its most recent Form 13F filing with the Secu… [+5543 chars]",health
"{'id': None, 'name': 'ETF Daily News'}",MarketBeat News,Mn Services Vermogensbeheer B.V. Boosts Position in IDEX Corporation $IEX,"Mn Services Vermogensbeheer B.V. boosted its holdings in IDEX Corporation (NYSE:IEX – Free Report) by 1.5% during the 2nd quarter, HoldingsChannel reports. The institutional investor owned 27,890 shares of the industrial products company’s stock after purchas…",https://www.etfdailynews.com/2025/09/21/mn-services-vermogensbeheer-b-v-boosts-position-in-idex-corporation-iex/,https://www.americanbankingnews.com/wp-content/timthumb/timthumb.php?src=https://www.marketbeat.com/logos/idex-co-logo-1200x675.jpg?v=20240424115022&w=240&h=240&zc=2,2025-09-21T08:33:06Z,"Mn Services Vermogensbeheer B.V. boosted its holdings in IDEX Corporation (NYSE:IEX – Free Report) by 1.5% during the 2nd quarter, HoldingsChannel reports. The institutional investor owned 27,890 sha… [+6082 chars]",health
"{'id': None, 'name': 'ETF Daily News'}",MarketBeat News,"Mn Services Vermogensbeheer B.V. Makes New $3.03 Million Investment in Albertsons Companies, Inc. $ACI","Mn Services Vermogensbeheer B.V. acquired a new position in Albertsons Companies, Inc. (NYSE:ACI – Free Report) during the second quarter, Holdings Channel.com reports. The firm acquired 140,700 shares of the company’s stock, valued at approximately $3,026,00…",https://www.etfdailynews.com/2025/09/21/mn-services-vermogensbeheer-b-v-makes-new-3-03-million-investment-in-albertsons-companies-inc-aci/,https://www.americanbankingnews.com/wp-content/timthumb/timthumb.php?src=https://www.marketbeat.com/logos/albertsons-companies-inc-logo-1200x675.PNG?v=20201110133625&w=240&h=240&zc=2,2025-09-21T08:33:03Z,"Mn Services Vermogensbeheer B.V. acquired a new position in Albertsons Companies, Inc. (NYSE:ACI – Free Report) during the second quarter, Holdings Channel.com reports. The firm acquired 140,700 shar… [+5535 chars]",health
"{'id': None, 'name': 'ETF Daily News'}",MarketBeat News,"Mn Services Vermogensbeheer B.V. Purchases 2,100 Shares of Hologic, Inc. $HOLX","Mn Services Vermogensbeheer B.V. boosted its position in Hologic, Inc. (NASDAQ:HOLX – Free Report) by 2.4% in the second quarter, HoldingsChannel.com reports. The institutional investor owned 89,060 shares of the medical equipment provider’s stock after acqui…",https://www.etfdailynews.com/2025/09/21/mn-services-vermogensbeheer-b-v-purchases-2100-shares-of-hologic-inc-holx/,https://www.americanbankingnews.com/wp-content/timthumb/timthumb.php?src=https://www.marketbeat.com/logos/Hologic_Logo_RGB-1200x675.jpg&w=240&h=240&zc=2,2025-09-21T08:33:03Z,"Mn Services Vermogensbeheer B.V. boosted its position in Hologic, Inc. (NASDAQ:HOLX – Free Report) by 2.4% in the second quarter, HoldingsChannel.com reports. The institutional investor owned 89,060 … [+5395 chars]",health
"{'id': None, 'name': 'Boston Herald'}",Chris Van Buskirk,Pols & Politics: Massachusetts flag politics takes over Beacon Hill,A years-long debate over whether to replace the state flag turned into a political football this past week as Republicans looking to challenge Gov. Maura Healey in next year’s governor’s race tried to turn the effort into a campaign talking point.,https://www.bostonherald.com/2025/09/21/pols-politics-massachusetts-flag-politics-takes-over-beacon-hill/,https://www.bostonherald.com/wp-content/uploads/2020/08/ssachusettsFlagnc1.jpg?w=1024&h=683,2025-09-21T08:32:03Z,A years-long debate over whether to replace the state flag turned into a political football this past week as Republicans looking to challenge Gov. Maura Healey in next years governors race tried to … [+5420 chars],health
"{'id': None, 'name': 'The Star Online'}",The Star Online,DOSH orders full probe into Kerteh gas pipeline leak,KUALA TERENGGANU: The company involved in the Petronas Gas Berhad (PGB) pipeline leak at the East Coast Rail Link (ECRL) project site near Kerteh has been instructed to submit a full investigation report to the Department of Occupational Safety and Health (DO…,https://www.thestar.com.my/news/nation/2025/09/21/dosh-orders-full-probe-into-kerteh-gas-pipeline-leak,https://apicms.thestar.com.my/uploads/images/2025/09/21/3532074.jpg,2025-09-21T08:31:00Z,KUALA TERENGGANU: The company involved in the Petronas Gas Berhad (PGB) pipeline leak at the East Coast Rail Link (ECRL) project site near Kerteh has been instructed to submit a full investigation re… [+1781 chars],health
"{'id': 'newsweek', 'name': 'Newsweek'}",Lucy Notarantonio,Five Lifestyle Changes That Turned This Man's 30s Into the Best Years of His Life,"""My lifestyle was best described as lonely and lacking confidence,"" Sean Micklos, 32, told Newsweek. But now he states it is ""incredible.""",https://www.newsweek.com/man-shares-five-lifestyle-changes-transformed-life-2130476,https://assets.newsweek.com/wp-content/uploads/2025/09/2723251-transformation.png?w=1200crop=1,2025-09-21T08:30:01Z,"A man has revealed the five lifestyle changes that helped him become the best version of himself, in a Reddit post that has gone viral.
On September 10, Sean Micklos shared two selfies online one fr… [+4489 chars]",health
"{'id': 'cbc-news', 'name': 'CBC News'}",,"During a low-key 1st week on the campaign trail, Wakeham banks on big promises to turn N.L. blue","During the first week of the election campaign, the Progressive Conservatives have focused on big announcements and smaller events, rather than rallies.",https://www.cbc.ca/news/canada/newfoundland-labrador/pc-campaign-week-1-wrap-1.7639363,https://i.cbc.ca/1.7639374.1758383882!/fileImage/httpImage/image.JPG_gen/derivatives/16x9_1180/tony-wakeham.JPG?im=Resize%3D620,2025-09-21T08:30:00Z,"For the Progressive Conservatives, the first week on the campaign trail was devoted to media announcements and small events with small crowds in southern, central and western Newfoundland.
On Saturd… [+3426 chars]",health
"{'id': None, 'name': 'ETF Daily News'}",MarketBeat News,Pfizer (NYSE:PFE) Upgraded at Wall Street Zen,Wall Street Zen upgraded shares of Pfizer (NYSE:PFE – Free Report) from a hold rating to a buy rating in a report published on Saturday. Other analysts have also recently issued reports about the stock. Bank of America upped their price target on shares of Pf…,https://www.etfdailynews.com/2025/09/21/pfizer-nysepfe-upgraded-at-wall-street-zen/,https://www.americanbankingnews.com/wp-content/timthumb/timthumb.php?src=https://www.marketbeat.com/logos/pfizer-inc-logo.png?v=20221020143129&w=240&h=240&zc=2,2025-09-21T08:28:52Z,"Wall Street Zen upgraded shares of Pfizer (NYSE:PFE – Free Report) from a hold rating to a buy rating in a report published on Saturday.
Other analysts have also recently issued reports about the st… [+4534 chars]",health
"{'id': 'the-times-of-india', 'name': 'The Times of India'}",TOI Trending Desk,Bengaluru traffic is a daily ‘hidden tax’? Commuters share a shocking theory,"Bengaluru's traffic woes are more than an inconvenience, impacting residents' productivity, health, and finances. Commuters lament lost time and increased health issues due to pollution and congestion. Frustrations extend beyond infrastructure, reflecting dee…",https://timesofindia.indiatimes.com/etimes/trending/bengaluru-traffic-is-a-daily-hidden-tax-commuters-share-a-shocking-theory/articleshow/124025688.cms,"https://static.toiimg.com/thumb/msid-124025753,width-1070,height-580,imgsize-131312,resizemode-75,overlay-toi_sw,pt-32,y_pad-40/photo.jpg",2025-09-21T08:28:44Z,Jason Derulo birthday special: Top hits from Talk Dirty to Savage Love,health
"{'id': 'al-jazeera-english', 'name': 'Al Jazeera English'}",Al Jazeera,Thousands rally in Philippines at anticorruption protests in Manila,"President Marcos said in July there were anomalies in 9,855 flood-control projects worth more than $9.5 bn.",https://www.aljazeera.com/news/2025/9/21/thousands-rally-in-philippines-at-anticorruption-protests-in-manila,https://www.aljazeera.com/wp-content/uploads/2025/09/ap_68cfa67ebb6c5-1758439038.jpg?resize=1920%2C1440,2025-09-21T08:24:59Z,"Thousands of protesters have gathered in the Philippine capital, Manila, angered over a corruption scandal involving flood control projects that are believed to have cost billions of dollars.
With o… [+3082 chars]",health
"{'id': None, 'name': 'ETF Daily News'}",MarketBeat News,"Universal Health Services, Inc. (NYSE:UHS) Receives Consensus Recommendation of “Hold” from Analysts","Universal Health Services, Inc. (NYSE:UHS – Get Free Report) has been assigned an average recommendation of “Hold” from the fourteen ratings firms that are presently covering the firm, Marketbeat.com reports. One investment analyst has rated the stock with a …",https://www.etfdailynews.com/2025/09/21/universal-health-services-inc-nyseuhs-receives-consensus-recommendation-of-hold-from-analysts/,https://www.americanbankingnews.com/wp-content/timthumb/timthumb.php?src=https://www.marketbeat.com/logos/universal-health-services-inc-logo-1200x675.png?v=20240215144102&w=240&h=240&zc=2,2025-09-21T08:24:55Z,"Universal Health Services, Inc. (NYSE:UHS – Get Free Report) has been assigned an average recommendation of “Hold” from the fourteen ratings firms that are presently covering the firm, Marketbeat.com… [+5459 chars]",health
"{'id': None, 'name': 'ETF Daily News'}",MarketBeat News,Vanguard Health Care ETF $VHT Shares Sold by Wedmont Private Capital,"Wedmont Private Capital lowered its position in shares of Vanguard Health Care ETF (NYSEARCA:VHT – Free Report) by 24.5% in the second quarter, Holdings Channel reports. The institutional investor owned 1,424 shares of the company’s stock after selling 463 sh…",https://www.etfdailynews.com/2025/09/21/vanguard-health-care-etf-vht-shares-sold-by-wedmont-private-capital/,https://www.americanbankingnews.com/wp-content/timthumb/timthumb.php?src=https://www.marketbeat.com/logos/vanguard-health-care-etf-logo-1200x675.png?v=20210826122901&w=240&h=240&zc=2,2025-09-21T08:23:10Z,"Wedmont Private Capital lowered its position in shares of Vanguard Health Care ETF (NYSEARCA:VHT – Free Report) by 24.5% in the second quarter, Holdings Channel reports. The institutional investor ow… [+2668 chars]",health
"{'id': None, 'name': 'ETF Daily News'}",MarketBeat News,"Wedmont Private Capital Has $390,000 Stock Holdings in BJ’s Wholesale Club Holdings, Inc. $BJ","Wedmont Private Capital decreased its holdings in BJ’s Wholesale Club Holdings, Inc. (NYSE:BJ – Free Report) by 3.2% in the second quarter, according to the company in its most recent 13F filing with the SEC. The institutional investor owned 3,627 shares of t…",https://www.etfdailynews.com/2025/09/21/wedmont-private-capital-has-390000-stock-holdings-in-bjs-wholesale-club-holdings-inc-bj/,https://www.americanbankingnews.com/wp-content/timthumb/timthumb.php?src=https://www.marketbeat.com/logos/bjs-wholesale-logo-1200x675.png&w=240&h=240&zc=2,2025-09-21T08:23:09Z,"Wedmont Private Capital decreased its holdings in BJ’s Wholesale Club Holdings, Inc. (NYSE:BJ – Free Report) by 3.2% in the second quarter, according to the company in its most recent 13F filing with… [+6188 chars]",health
"{'id': None, 'name': 'ETF Daily News'}",MarketBeat News,"Wedmont Private Capital Has $431,000 Position in Church & Dwight Co., Inc. $CHD","Wedmont Private Capital cut its holdings in shares of Church & Dwight Co., Inc. (NYSE:CHD – Free Report) by 14.2% in the 2nd quarter, according to its most recent disclosure with the Securities and Exchange Commission (SEC). The fund owned 4,382 shares of the…",https://www.etfdailynews.com/2025/09/21/wedmont-private-capital-has-431000-position-in-church-dwight-co-inc-chd/,https://www.americanbankingnews.com/wp-content/timthumb/timthumb.php?src=https://www.marketbeat.com/logos/church--dwight-co-inc-logo-1200x675.png?v=20240104073448&w=240&h=240&zc=2,2025-09-21T08:23:05Z,"Wedmont Private Capital cut its holdings in shares of Church &amp; Dwight Co., Inc. (NYSE:CHD – Free Report) by 14.2% in the 2nd quarter, according to its most recent disclosure with the Securities a… [+7184 chars]",health
"{'id': None, 'name': 'Israelnationalnews.com'}",Israel National News,Rabbi Doron Perez: 'One can live with a broken heart and a full heart',"Rabbi Doron Perez, father of Daniel, who was kidnapped and murdered on October 7, speaks about the last Tishrei holidays with his son, and the pain, while also giving a message of hope.",https://www.israelnationalnews.com/news/415263,https://2.a7.org/files/pictures/000/1193212.jpg,2025-09-21T08:23:02Z,"Rabbi Doron Perez, father of Captain Daniel Perez zl, who was kidnapped and murdered on October 7th, spoke to Kan Moreshet about the last Tishrei holidays he had with his son and the sense of loss th… [+1556 chars]",health
"{'id': None, 'name': 'ETF Daily News'}",MarketBeat News,"Andrew Dudum Sells 65,110 Shares of Hims & Hers Health (NYSE:HIMS) Stock","Hims & Hers Health, Inc. (NYSE:HIMS – Get Free Report) CEO Andrew Dudum sold 65,110 shares of the stock in a transaction on Wednesday, September 17th. The stock was sold at an average price of $50.57, for a total transaction of $3,292,612.70. Following the co…",https://www.etfdailynews.com/2025/09/21/andrew-dudum-sells-65110-shares-of-hims-hers-health-nysehims-stock/,https://www.americanbankingnews.com/wp-content/timthumb/timthumb.php?src=https://www.marketbeat.com/logos/hims--hers-health-inc-logo-1200x675.jpg?v=20240503131444&w=240&h=240&zc=2,2025-09-21T08:22:51Z,"Hims &amp; Hers Health, Inc. (NYSE:HIMS – Get Free Report) CEO Andrew Dudum sold 65,110 shares of the stock in a transaction on Wednesday, September 17th. The stock was sold at an average price of $5… [+6225 chars]",health
"{'id': 'the-times-of-india', 'name': 'The Times of India'}",ANI,"""Transformative shift in India's healthcare"": Pharma alliance lauds GST reforms ahead of implementation","The Indian Pharmaceutical Alliance lauds the upcoming GST reforms, effective Monday, as a transformative step towards affordable healthcare. Prime Minister Modi's initiative reduces GST on most medicines from 12% to 5%, with complete exemption for 36 critical…",https://economictimes.indiatimes.com/industry/healthcare/biotech/pharmaceuticals/transformative-shift-in-indias-healthcare-pharma-alliance-lauds-gst-reforms-ahead-of-implementation/articleshow/124025724.cms,"https://img.etimg.com/thumb/msid-124025782,width-1200,height-630,imgsize-15856,overlay-economictimes/articleshow.jpg",2025-09-21T08:20:08Z,"Ahead of the Goods and Services Tax (GST) reforms that is set to take effect on Monday Sudarshan Jain, Secretary General, Indian Pharmaceutical Alliance (IPA), lauded the GST cut in the health sector… [+2128 chars]",health
"{'id': None, 'name': 'ETF Daily News'}",MarketBeat News,"NorthCrest Asset Manangement LLC Sells 2,000 Shares of Adtalem Global Education Inc. $ATGE","NorthCrest Asset Manangement LLC lessened its holdings in shares of Adtalem Global Education Inc. (NYSE:ATGE – Free Report) by 32.6% in the second quarter, according to its most recent disclosure with the Securities & Exchange Commission. The firm owned 4,138…",https://www.etfdailynews.com/2025/09/21/northcrest-asset-manangement-llc-sells-2000-shares-of-adtalem-global-education-inc-atge/,https://www.americanbankingnews.com/wp-content/timthumb/timthumb.php?src=https://www.marketbeat.com/logos/adtalem-global-education-inc-logo-1200x675.jpg?v=20190607162835&w=240&h=240&zc=2,2025-09-21T08:18:56Z,"NorthCrest Asset Manangement LLC lessened its holdings in shares of Adtalem Global Education Inc. (NYSE:ATGE – Free Report) by 32.6% in the second quarter, according to its most recent disclosure wit… [+5776 chars]",health
"{'id': None, 'name': 'ETF Daily News'}",MarketBeat News,"NorthCrest Asset Manangement LLC Sells 2,355 Shares of Prestige Consumer Healthcare Inc. $PBH","NorthCrest Asset Manangement LLC lessened its holdings in shares of Prestige Consumer Healthcare Inc. (NYSE:PBH – Free Report) by 31.1% during the 2nd quarter, Holdings Channel.com reports. The firm owned 5,217 shares of the company’s stock after selling 2,35…",https://www.etfdailynews.com/2025/09/21/northcrest-asset-manangement-llc-sells-2355-shares-of-prestige-consumer-healthcare-inc-pbh/,https://www.americanbankingnews.com/wp-content/timthumb/timthumb.php?src=https://www.marketbeat.com/logos/prestige-consumer-healthcare-inc-logo-1200x675.jpg?v=20221121160940&w=240&h=240&zc=2,2025-09-21T08:18:53Z,"NorthCrest Asset Manangement LLC lessened its holdings in shares of Prestige Consumer Healthcare Inc. (NYSE:PBH – Free Report) by 31.1% during the 2nd quarter, Holdings Channel.com reports. The firm … [+4595 chars]",health
"{'id': None, 'name': 'YLE News'}",,Schools send bulk of child protection alerts,"In Helsinki, the leading reasons cited were parental substance abuse and persistent truancy.",https://yle.fi/a/74-20184132,"https://images.cdn.yle.fi/image/upload/c_crop,x_14,y_370,w_5743,h_3230/w_1200,ar_1.91,c_fill/q_auto:eco,f_auto,fl_lossy/v1754306886/39-1502682689097af539bb",2025-09-21T08:18:46Z,"For ten years, the number of child protection notifications in Finland has been climbing by several thousand annually. Yet the precise sources of these reports have remained largely obscure.
It now … [+1089 chars]",health
"{'id': None, 'name': 'ETF Daily News'}",MarketBeat News,Head-To-Head Review: DFI Retail Group (OTCMKTS:DFIHY) & Ulta Beauty (NASDAQ:ULTA),"Ulta Beauty (NASDAQ:ULTA – Get Free Report) and DFI Retail Group (OTCMKTS:DFIHY – Get Free Report) are both retail/wholesale companies, but which is the superior business? We will compare the two companies based on the strength of their earnings, institutiona…",https://www.etfdailynews.com/2025/09/21/head-to-head-review-dfi-retail-group-otcmktsdfihy-ulta-beauty-nasdaqulta/,https://www.americanbankingnews.com/wp-content/timthumb/timthumb.php?src=https://www.marketbeat.com/logos/dfi-retail-group-holdings-limited-logo-1200x675.png?v=20240604145821&w=240&h=240&zc=2,2025-09-21T08:16:51Z,"Ulta Beauty (NASDAQ:ULTA – Get Free Report) and DFI Retail Group (OTCMKTS:DFIHY – Get Free Report) are both retail/wholesale companies, but which is the superior business? We will compare the two com… [+4445 chars]",health
"{'id': 'the-irish-times', 'name': 'The Irish Times'}",Brian Mooney,How will Hpat changes affect my chances of securing medicine?,Reforms come into effect in 2027 which look set to raise CAO entry points,https://www.irishtimes.com/ireland/education/2025/09/21/how-will-hpat-changes-affect-my-chances-of-securing-medicine/,https://www.irishtimes.com/resizer/v2/TCTT6EUOTVFGZFFMM7Z7X2RTYU.jpg?smart=true&auth=ae1969ead50da61303161ed1ae0a0f3d742c68eca80101b06fa3c59bc76a5522&width=1200&height=630,2025-09-21T08:15:00Z,Ive decided not to proceed into year three of my engineering degree. My real passion is medicine. I plan to spend the next year studying for the Hpat (Health profession admission test) exams in sprin… [+2156 chars],health
"{'id': 'the-times-of-india', 'name': 'The Times of India'}",ANI,"Macron slams Israel's settlement plans in West Bank, calling it 'political project' that kills possibility of two states","French President Emmanuel Macron has strongly criticised Israel's settlement expansion plans in the occupied West Bank, deeming it a political project that undermines the two-state solution. He condemned Israel's military operations in Gaza as counterproducti…",https://economictimes.indiatimes.com/news/international/world-news/macron-slams-israels-settlement-plans-in-west-bank-calling-it-political-project-that-kills-possibility-of-two-states/articleshow/124025683.cms,"https://img.etimg.com/thumb/msid-124025692,width-1200,height-630,imgsize-42996,overlay-economictimes/articleshow.jpg",2025-09-21T08:12:09Z,"French President Emmanuel Macron has sharply criticised Israel's settlement expansion plans in the occupied West Bank, calling it a ""political project"" aimed at undermining the possibility of a two-s… [+3202 chars]",health
"{'id': None, 'name': 'ETF Daily News'}",MarketBeat News,"Atlantic (Aln Hlth) General Sells 6,246,096 Shares of Alignment Healthcare (NASDAQ:ALHC) Stock","Alignment Healthcare, Inc. (NASDAQ:ALHC – Get Free Report) Director Atlantic (Aln Hlth) General sold 6,246,096 shares of Alignment Healthcare stock in a transaction dated Wednesday, September 17th. The shares were sold at an average price of $16.01, for a tot…",https://www.etfdailynews.com/2025/09/21/atlantic-aln-hlth-general-sells-6246096-shares-of-alignment-healthcare-nasdaqalhc-stock/,https://www.americanbankingnews.com/wp-content/timthumb/timthumb.php?src=https://www.marketbeat.com/logos/alignment-healthcare-inc-logo-1200x675.png?v=20221123110710&w=240&h=240&zc=2,2025-09-21T08:10:51Z,"Alignment Healthcare, Inc. (NASDAQ:ALHC – Get Free Report) Director Atlantic (Aln Hlth) General sold 6,246,096 shares of Alignment Healthcare stock in a transaction dated Wednesday, September 17th. T… [+5195 chars]",health
"{'id': 'business-insider', 'name': 'Business Insider'}",jzinkula@insider.com (Jacob Zinkula),I created a group chat for 6 struggling job seekers. They shared how they're coping in a market that feels broken.,"I created a group chat for six struggling job seekers. They opened up about the financial and emotional toll, and how they're coping.",https://www.businessinsider.com/job-search-struggles-strategies-advice-finances-unemployment-group-chat-2025-9,https://i.insider.com/68cdb32a183847aa39d7282a?width=1200&format=jpeg,2025-09-21T08:09:02Z,"The struggle to find work is real and sometimes you need moral support.
Over the past year, I've spoken withdozens of fed-up American job seekers. As the number of open roles in the US dwindles from… [+7105 chars]",health
"{'id': 'the-times-of-india', 'name': 'The Times of India'}",ET Online,Director Anurag Kashyap lost 27 Kg using just two steps. What are those? Explains how it helps him bounce back,"Anurag Kashyap, the filmmaker, has revealed his remarkable weight loss journey, shedding 27 kilograms through an 11-day liquid diet and incorporating yoga, including pranayam, into his daily routine. Following a heart attack and asthma attacks that led to ste…",https://economictimes.indiatimes.com/magazines/panache/director-anurag-kashyap-lost-27-kg-using-just-two-steps-what-are-those-explains-how-it-helps-him-bounce-back/articleshow/124025187.cms,"https://img.etimg.com/thumb/msid-124025647,width-1200,height-630,imgsize-46108,overlay-etpanache/articleshow.jpg",2025-09-21T08:07:31Z,"Anurag Kashyap, the filmmaker, has revealed his remarkable weight loss journey, shedding 27 kilograms through an 11-day liquid diet and incorporating yoga, including pranayam, into his daily routine.… [+141 chars]",health
"{'id': None, 'name': 'ETF Daily News'}",MarketBeat News,"Baader Bank Aktiengesellschaft Purchases Shares of 10,000 LifeMD, Inc. $LFMD","Baader Bank Aktiengesellschaft bought a new stake in LifeMD, Inc. (NASDAQ:LFMD – Free Report) during the second quarter, according to the company in its most recent disclosure with the Securities and Exchange Commission (SEC). The fund bought 10,000 shares of…",https://www.etfdailynews.com/2025/09/21/baader-bank-aktiengesellschaft-purchases-shares-of-10000-lifemd-inc-lfmd/,https://www.americanbankingnews.com/wp-content/timthumb/timthumb.php?src=https://www.marketbeat.com/logos/lifemd-inc-logo-1200x675.png?v=20210614125210&w=240&h=240&zc=2,2025-09-21T08:07:06Z,"Baader Bank Aktiengesellschaft bought a new stake in LifeMD, Inc. (NASDAQ:LFMD – Free Report) during the second quarter, according to the company in its most recent disclosure with the Securities and… [+4860 chars]",health
"{'id': None, 'name': 'ETF Daily News'}",MarketBeat News,Sumitomo Mitsui DS Asset Management Company Ltd Increases Stock Holdings in Centene Corporation $CNC,"Sumitomo Mitsui DS Asset Management Company Ltd increased its holdings in shares of Centene Corporation (NYSE:CNC – Free Report) by 2.6% during the 2nd quarter, according to the company in its most recent 13F filing with the Securities and Exchange Commission…",https://www.etfdailynews.com/2025/09/21/sumitomo-mitsui-ds-asset-management-company-ltd-increases-stock-holdings-in-centene-corporation-cnc/,https://www.americanbankingnews.com/wp-content/timthumb/timthumb.php?src=https://www.marketbeat.com/logos/centene-co-logo-1200x675.png?v=20221024103941&w=240&h=240&zc=2,2025-09-21T08:04:52Z,"Sumitomo Mitsui DS Asset Management Company Ltd increased its holdings in shares of Centene Corporation (NYSE:CNC – Free Report) by 2.6% during the 2nd quarter, according to the company in its most r… [+5945 chars]",health
"{'id': None, 'name': 'ETF Daily News'}",MarketBeat News,Signal Advisors Wealth LLC Purchases 825 Shares of Aflac Incorporated $AFL,"Signal Advisors Wealth LLC raised its holdings in shares of Aflac Incorporated (NYSE:AFL – Free Report) by 39.8% during the 2nd quarter, HoldingsChannel reports. The fund owned 2,899 shares of the financial services provider’s stock after acquiring an additio…",https://www.etfdailynews.com/2025/09/21/signal-advisors-wealth-llc-purchases-825-shares-of-aflac-incorporated-afl/,https://www.americanbankingnews.com/wp-content/timthumb/timthumb.php?src=https://www.marketbeat.com/logos/aflac-logo-1200x675.jpg&w=240&h=240&zc=2,2025-09-21T08:04:52Z,"Signal Advisors Wealth LLC raised its holdings in shares of Aflac Incorporated (NYSE:AFL – Free Report) by 39.8% during the 2nd quarter, HoldingsChannel reports. The fund owned 2,899 shares of the fi… [+5919 chars]",health
"{'id': None, 'name': 'ETF Daily News'}",MarketBeat News,Willis Towers Watson Public Limited Company $WTW Stock Position Raised by Sumitomo Mitsui DS Asset Management Company Ltd,"Sumitomo Mitsui DS Asset Management Company Ltd increased its stake in shares of Willis Towers Watson Public Limited Company (NASDAQ:WTW – Free Report) by 1.0% in the second quarter, according to the company in its most recent 13F filing with the Securities a…",https://www.etfdailynews.com/2025/09/21/willis-towers-watson-public-limited-company-wtw-stock-position-raised-by-sumitomo-mitsui-ds-asset-management-company-ltd/,https://www.americanbankingnews.com/wp-content/timthumb/timthumb.php?src=https://www.marketbeat.com/logos/willis-towers-watson-public-limited-co-logo-1200x675.png?v=20220114143806&w=240&h=240&zc=2,2025-09-21T08:04:47Z,"Sumitomo Mitsui DS Asset Management Company Ltd increased its stake in shares of Willis Towers Watson Public Limited Company (NASDAQ:WTW – Free Report) by 1.0% in the second quarter, according to the… [+6375 chars]",health
"{'id': None, 'name': 'New Atlas'}",Paul McClure,"Magnesium, the microbiome, and reducing the risk of colon cancer","A new clinical trial suggests magnesium supplements may boost gut bacteria that help block the development of colon cancer – but only for some people, depending on their genes and sex.Continue ReadingCategory: Wellness and Healthy Living, Body and MindTags: C…",https://newatlas.com/health-wellbeing/magnesium-supplements-gut-bacteria-colorectal-cancer/,https://assets.newatlas.com/dims4/default/c4615f0/2147483647/strip/true/crop/1998x1049+0+38/resize/1200x630!/quality/90/?url=https%3A%2F%2Fnewatlas-brightspot.s3.amazonaws.com%2F36%2Ff8%2F7f5a82a448abb1d478608488f9ee%2Fdepositphotos-229078116-l.jpg&na.image_optimisation=0,2025-09-21T08:03:00Z,"A new clinical trial suggests magnesium supplements may boost gut bacteria that help block the development of colon cancer but only for some people, depending on their genes and sex.
An increase in … [+5470 chars]",health
"{'id': None, 'name': 'ETF Daily News'}",MarketBeat News,"Wedmont Private Capital Has $529,000 Holdings in Elevance Health, Inc. $ELV","Wedmont Private Capital cut its stake in Elevance Health, Inc. (NYSE:ELV – Free Report) by 8.2% in the second quarter, according to the company in its most recent filing with the Securities and Exchange Commission. The firm owned 1,361 shares of the company’s…",https://www.etfdailynews.com/2025/09/21/wedmont-private-capital-has-529000-holdings-in-elevance-health-inc-elv/,https://www.americanbankingnews.com/wp-content/timthumb/timthumb.php?src=https://www.marketbeat.com/logos/elevance-health-inc-logo-1200x675.png?v=20221020160135&w=240&h=240&zc=2,2025-09-21T08:02:54Z,"Wedmont Private Capital cut its stake in Elevance Health, Inc. (NYSE:ELV – Free Report) by 8.2% in the second quarter, according to the company in its most recent filing with the Securities and Excha… [+6166 chars]",health
"{'id': None, 'name': 'Antaranews.com'}","Evarukdijati, Rahmad Nasution","Children recover after riot in Elelim, Yalimo District, Highland Papua","Children injured in a recent riot in Elelim, Yalimo district, Highland Papua, are recovering steadily at Bhayangkara Hospital, the Papua police chief said on ...",https://en.antaranews.com/news/381296/children-recover-after-riot-in-elelim-yalimo-district-highland-papua,https://cdn.antaranews.com/cache/1200x800/2025/09/21/1001283357.jpg,2025-09-21T08:01:44Z,"Jayapura, Papua (ANTARA) - Children injured in a recent riot in Elelim, Yalimo district, Highland Papua, are recovering steadily at Bhayangkara Hospital, the Papua police chief said on Sunday.“Victim… [+2240 chars]",health
"{'id': None, 'name': 'ETF Daily News'}",MarketBeat News,Focus Financial Network Inc. Purchases 162 Shares of Cigna Group $CI,"Focus Financial Network Inc. boosted its position in Cigna Group (NYSE:CI – Free Report) by 8.2% in the second quarter, HoldingsChannel.com reports. The institutional investor owned 2,143 shares of the health services provider’s stock after acquiring an addit…",https://www.etfdailynews.com/2025/09/21/focus-financial-network-inc-purchases-162-shares-of-cigna-group-ci/,https://www.americanbankingnews.com/wp-content/timthumb/timthumb.php?src=https://www.marketbeat.com/logos/cigna-co-logo-1200x675.jpg&w=240&h=240&zc=2,2025-09-21T08:00:56Z,"Focus Financial Network Inc. boosted its position in Cigna Group (NYSE:CI – Free Report) by 8.2% in the second quarter, HoldingsChannel.com reports. The institutional investor owned 2,143 shares of t… [+5785 chars]",health
"{'id': None, 'name': 'TheJournal.ie'}",Jane Moore,Sitdown Sunday: The greatest fight of all time,Settle down in a comfy chair with some of the week’s best longreads.,https://www.thejournal.ie/sitdown-sunday-longreads-thrilla-in-manila-6819391-Sep2025/,https://img2.thejournal.ie/article/6819391/river/?height=400&version=6822700,2025-09-21T08:00:30Z,"ITS A DAY of rest, and you may be in the mood for a quiet corner and a comfy chair.
Weve hand-picked some of the weeks best reads for you to savour.
Muhammad Ali and Joe Frazier in their title bout… [+8963 chars]",health
"{'id': None, 'name': 'Wallpaper*'}",Léa Teuscher,"This cathedral-like health centre in Copenhagen aims to boost wellbeing, empowering its users","Danish studio Dorte Mandrup's new Centre for Health in Copenhagen is a new phase in the evolution of Dem Gamles By, a historic care-focused district",https://www.wallpaper.com/architecture/health-centre-dorte-mandrup-copenhagen-denmark,https://cdn.mos.cms.futurecdn.net/MzWvbSEXEBuct55ux2x9ii.png,2025-09-21T08:00:00Z,"Daylight, natural materials and greenery are key to mental health and patient recovery, which is why they are found in abundance at the new Centre for Health in Copenhagen. The building was designed … [+2792 chars]",health
"{'id': 'cbc-news', 'name': 'CBC News'}",,"As Canada prepares to recognize a Palestinian state, some in the West Bank fear it's too late","The Israeli government has boasted it will bury the idea of a Palestinian state — as countries including Canada prepare to recognize one at the United Nations General Assembly next week. Though it's a shift in Western policy, many Palestinians fear the recogn…",https://www.cbc.ca/news/world/west-bank-palestinian-state-1.7638854,https://i.cbc.ca/1.7639062.1758321029!/fileImage/httpImage/image.jpg_gen/derivatives/16x9_1180/anas-samir.jpg?im=Resize%3D620,2025-09-21T08:00:00Z,"Anas Samir, a 42-year-old father of four, cuts a dejected figure as he sits smoking outside the shop where he sells groceries in the Palestinian town of Al-Eizariya, just outside Jerusalem.
He has s… [+8075 chars]",health
"{'id': 'cbc-news', 'name': 'CBC News'}",,How a 'made for television' state visit gave Trump what he wanted — and acted like a 'shield' for the U.K.,"Donald Trump's state visit to the U.K. may have given U.S. president much of what he wished for, surrounding him in the pomp and circumstance of royalty. While the two-day visit generally progressed without major gaffes, leaving the U.K. government to hope it…",https://www.cbc.ca/news/world/state-visit-donald-trump-prince-harry-funeral-duchess-of-kent-1.7637562,https://i.cbc.ca/1.7637582.1758226154!/fileImage/httpImage/image.jpg_gen/derivatives/16x9_1180/trump-britain-royals.jpg?im=Resize%3D620,2025-09-21T08:00:00Z,"Hello, royal watchers. This is your regular dose of royal news and analysis. Reading this online? Sign up here to get this delivered to your inbox.
Donald Trump's state visit to the U.K. may have gi… [+13204 chars]",health
"{'id': 'cbc-news', 'name': 'CBC News'}",,"1,000-km canoe odyssey on Ottawa River makes landfall at Westboro Beach","A small group of military veterans paddled nearly the full length of the Ottawa River over five grueling weeks, raising money for charity in the process.",https://www.cbc.ca/news/canada/ottawa/ottawa-canoe-journey-1.7639431,https://i.cbc.ca/1.7639453.1758400322!/fileImage/httpImage/image.jpeg_gen/derivatives/16x9_1180/canoe-journey-ottawa-river.jpeg?im=Resize%3D620,2025-09-21T08:00:00Z,"After paddling more than 1,000 kilometres down the Ottawa River, Sean and Will Groves stepped onto Westboro Beach Saturday morning.
The father-son duo were among a small group of paddlers including … [+1906 chars]",health
"{'id': 'cbc-news', 'name': 'CBC News'}",,Fundraising continues to be cornerstone of child advocacy centres in Alberta,"Despite a funding boost from the Alberta government, the province’s child advocacy centres say they are still reliant on community involvement to continue to offer services.",https://www.cbc.ca/news/canada/edmonton/fundraising-continues-to-be-cornerstone-of-child-advocacy-centres-in-alberta-1.7638414,https://i.cbc.ca/1.7638428.1758300145!/fileImage/httpImage/image.JPG_gen/derivatives/16x9_1180/mark-jones.JPG?im=Resize%3D620,2025-09-21T08:00:00Z,"Despite a funding boost from the Alberta government, child advocacy centres say they are still reliant on community involvement to continue to offer services. 
Late last month, the province increase… [+3213 chars]",health
"{'id': None, 'name': 'Boston Herald'}",Dr. Kristina Bryant/American Academy of Pediatrics,Which flu vaccine should children get?,"We have a vaccine for flu, unlike many other respiratory viruses that make kids sick. Let's protect our children from flu when we can.",https://www.bostonherald.com/2025/09/21/which-flu-vaccine-should-children-get/,https://www.bostonherald.com/wp-content/uploads/2025/09/BHR-Z-WFIL-01_2be8ad.jpg?w=1024&h=683,2025-09-21T07:59:42Z,"Many people don’t realize how serious influenza (flu) illness can be, even for previously healthy kids and teens. Children also play a role in spreading the flu in their homes, schools and communitie… [+4962 chars]",health
"{'id': None, 'name': 'ETF Daily News'}",MarketBeat News,Perrigo (NYSE:PRGO) Stock Rating Lowered by Wall Street Zen,Wall Street Zen cut shares of Perrigo (NYSE:PRGO – Free Report) from a buy rating to a hold rating in a research report sent to investors on Saturday. Other equities research analysts have also recently issued reports about the company. Canaccord Genuity Grou…,https://www.etfdailynews.com/2025/09/21/perrigo-nyseprgo-stock-rating-lowered-by-wall-street-zen/,https://www.americanbankingnews.com/wp-content/timthumb/timthumb.php?src=https://www.marketbeat.com/logos/perrigo-company-plc-logo.jpg&w=240&h=240&zc=2,2025-09-21T07:58:58Z,"Wall Street Zen cut shares of Perrigo (NYSE:PRGO – Free Report) from a buy rating to a hold rating in a research report sent to investors on Saturday.
Other equities research analysts have also rece… [+5807 chars]",health
"{'id': None, 'name': 'ETF Daily News'}",MarketBeat News,PureTech Health (LON:PRTC) Trading 11.2% Higher – Time to Buy?,"Shares of PureTech Health plc (LON:PRTC – Get Free Report) traded up 11.2% during trading on Friday . The company traded as high as GBX 119.80 ($1.61) and last traded at GBX 118.31 ($1.59). 1,802,969 shares were traded during trading, an increase of 143% from…",https://www.etfdailynews.com/2025/09/21/puretech-health-lonprtc-trading-11-2-higher-time-to-buy/,https://www.americanbankingnews.com/wp-content/timthumb/timthumb.php?src=https://www.marketbeat.com/logos/puretech-health-plc-logo-1200x675.png?v=20221207150139&w=240&h=240&zc=2,2025-09-21T07:58:54Z,"Shares of PureTech Health plc (LON:PRTC – Get Free Report) traded up 11.2% during trading on Friday . The company traded as high as GBX 119.80 ($1.61) and last traded at GBX 118.31 ($1.59). 1,802,969… [+1598 chars]",health
"{'id': None, 'name': 'ETF Daily News'}",MarketBeat News,Performance Food Group (NYSE:PFGC) Rating Increased to Buy at Wall Street Zen,Wall Street Zen upgraded shares of Performance Food Group (NYSE:PFGC – Free Report) from a hold rating to a buy rating in a research note released on Saturday morning. A number of other research analysts also recently issued reports on PFGC. Sanford C. Bernst…,https://www.etfdailynews.com/2025/09/21/performance-food-group-nysepfgc-rating-increased-to-buy-at-wall-street-zen/,https://www.americanbankingnews.com/wp-content/timthumb/timthumb.php?src=https://www.marketbeat.com/logos/performance-food-group-logo.jpg?v=20221109151435&w=240&h=240&zc=2,2025-09-21T07:58:53Z,"Wall Street Zen upgraded shares of Performance Food Group (NYSE:PFGC – Free Report) from a hold rating to a buy rating in a research note released on Saturday morning.
A number of other research ana… [+6152 chars]",health
"{'id': None, 'name': 'ETF Daily News'}",MarketBeat News,Contrasting Grasim Industries (OTCMKTS:GRSXY) & Wacoal (OTCMKTS:WACLY),"Valuation & Earnings This table compares Wacoal and Grasim Industries”s top-line revenue, earnings per share (EPS) and valuation. Gross Revenue Price/Sales Ratio Net Income Earnings Per Share Price/Earnings Ratio Wacoal $1.14 billion 1.81 $46.13 million $11.6…",https://www.etfdailynews.com/2025/09/21/contrasting-grasim-industries-otcmktsgrsxy-wacoal-otcmktswacly/,https://www.americanbankingnews.com/wp-content/timthumb/timthumb.php?src=https://www.marketbeat.com/logos/grasim-industries-limited-logo-1200x675.jpg?v=20240604112503&w=240&h=240&zc=2,2025-09-21T07:56:49Z,"Valuation &amp; Earnings
This table compares Wacoal and Grasim Industries”s top-line revenue, earnings per share (EPS) and valuation.
<table><tr><td></td><td>Gross Revenue</td><td>Price/Sales Ratio… [+4429 chars]",health
"{'id': None, 'name': 'ETF Daily News'}",MarketBeat News,"Sovran Advisors LLC Invests $219,000 in Unilever PLC $UL","Sovran Advisors LLC bought a new position in shares of Unilever PLC (NYSE:UL – Free Report) in the 2nd quarter, according to its most recent 13F filing with the Securities & Exchange Commission. The institutional investor bought 3,595 shares of the company’s …",https://www.etfdailynews.com/2025/09/21/sovran-advisors-llc-invests-219000-in-unilever-plc-ul/,https://www.americanbankingnews.com/wp-content/timthumb/timthumb.php?src=https://www.marketbeat.com/logos/unilever-logo-1200x675.jpg&w=240&h=240&zc=2,2025-09-21T07:56:49Z,"Sovran Advisors LLC bought a new position in shares of Unilever PLC (NYSE:UL – Free Report) in the 2nd quarter, according to its most recent 13F filing with the Securities &amp; Exchange Commission. … [+3965 chars]",health
"{'id': None, 'name': 'ETF Daily News'}",MarketBeat News,Allient (NASDAQ:ALNT) and Nidec (OTCMKTS:NJDCY) Head to Head Analysis,"Allient (NASDAQ:ALNT – Get Free Report) and Nidec (OTCMKTS:NJDCY – Get Free Report) are both computer and technology companies, but which is the superior stock? We will compare the two businesses based on the strength of their dividends, valuation, profitabil…",https://www.etfdailynews.com/2025/09/21/allient-nasdaqalnt-and-nidec-otcmktsnjdcy-head-to-head-analysis/,https://www.americanbankingnews.com/wp-content/timthumb/timthumb.php?src=https://www.marketbeat.com/logos/nidec-co-logo-1200x675.gif&w=240&h=240&zc=2,2025-09-21T07:56:48Z,"Allient (NASDAQ:ALNT – Get Free Report) and Nidec (OTCMKTS:NJDCY – Get Free Report) are both computer and technology companies, but which is the superior stock? We will compare the two businesses bas… [+5451 chars]",health
"{'id': None, 'name': 'ETF Daily News'}",MarketBeat News,"Sovran Advisors LLC Has $200,000 Stake in Pfizer Inc. $PFE","Sovran Advisors LLC decreased its stake in shares of Pfizer Inc. (NYSE:PFE – Free Report) by 76.5% in the 2nd quarter, according to the company in its most recent filing with the Securities & Exchange Commission. The firm owned 7,816 shares of the biopharmace…",https://www.etfdailynews.com/2025/09/21/sovran-advisors-llc-has-200000-stake-in-pfizer-inc-pfe/,https://www.americanbankingnews.com/wp-content/timthumb/timthumb.php?src=https://www.marketbeat.com/logos/pfizer-inc-logo-1200x675.png?v=20221020143129&w=240&h=240&zc=2,2025-09-21T07:56:48Z,"Sovran Advisors LLC decreased its stake in shares of Pfizer Inc. (NYSE:PFE – Free Report) by 76.5% in the 2nd quarter, according to the company in its most recent filing with the Securities &amp; Exc… [+4942 chars]",health
"{'id': None, 'name': 'ETF Daily News'}",MarketBeat News,"Sovran Advisors LLC Makes New $212,000 Investment in Welltower Inc. $WELL","Sovran Advisors LLC purchased a new stake in Welltower Inc. (NYSE:WELL – Free Report) in the second quarter, HoldingsChannel reports. The firm purchased 1,397 shares of the real estate investment trust’s stock, valued at approximately $212,000. A number of ot…",https://www.etfdailynews.com/2025/09/21/sovran-advisors-llc-makes-new-212000-investment-in-welltower-inc-well/,https://www.americanbankingnews.com/wp-content/timthumb/timthumb.php?src=https://www.marketbeat.com/logos/welltower-inc-logo-1200x675.png?v=20250307145305&w=240&h=240&zc=2,2025-09-21T07:56:48Z,"Sovran Advisors LLC purchased a new stake in Welltower Inc. (NYSE:WELL – Free Report) in the second quarter, HoldingsChannel reports. The firm purchased 1,397 shares of the real estate investment tru… [+5791 chars]",health
"{'id': None, 'name': 'mindbodygreen.com'}",https://www.mindbodygreen.com/wc/sarah-regan,These 2 Zodiac Signs Are Great Friends—And Even Better Lovers,They're simply cooler than everyone else.,https://www.mindbodygreen.com/articles/sagittarius-aquarius-compatibility-love-friendship-more,"https://mindbodygreen-res.cloudinary.com/image/upload/c_fill,w_2000,h_1200,g_auto,fl_lossy,f_jpg/org/7zlibmttyjqzs0k69.jpg",2025-09-21T09:11:00Z,"Your zodiac sign can reveal so much about your personality, preferences, and even who you're most compatible with. And when it comes to Sagittarius and Aquarius, these two signs will find they natura… [+8751 chars]",politics
"{'id': 'fox-news', 'name': 'Fox News'}",,WATCH: Defiant Kash Patel says he’s ‘proud’ to lead FBI after explosive hearing,"After facing criticism from Democrats during a Senate Judiciary Committee hearing this week, embattled FBI Director Kash Patel remained defiant, saying that he is “proud"" of the agency.",https://www.foxnews.com/politics/watch-defiant-kash-patel-says-hes-proud-lead-fbi-after-explosive-hearing,https://static.foxnews.com/foxnews.com/content/uploads/2025/09/kash-patel-testifying.jpg,2025-09-21T09:00:49Z,"After facing intense criticism from Democrats during a Senate Judiciary Committee hearing this week, embattled FBI Director Kash Patel remained defiant, saying that he is ""proud"" to lead the nations … [+3626 chars]",politics
"{'id': None, 'name': 'Sky.com'}",Tamara Cohen,What will the UK's recognition of Palestine achieve?,"Today, Sir Keir Starmer will deliver on his pledge to recognise a Palestinian state - after setting out a series of conditions in July which there was little prospect Israel could meet, including agreeing a ceasefire with Hamas.",https://news.sky.com/story/what-will-the-uks-recognition-of-palestine-achieve-13435386,https://e3.365dm.com/25/07/1600x900/skynews-palestine-palestinian_6963497.jpg?20250712161422,2025-09-21T09:00:00Z,"Today, Sir Keir Starmer will deliver on his pledge to recognise a Palestinian state - after setting out a series of conditions in July which there was little prospect Israel could meet, including agr… [+4826 chars]",politics
"{'id': None, 'name': 'The Star Online'}",REBECCA CHONG,Warisan denies neglecting flood victims amid PKR criticism,"SANDAKAN: Warisan has denied claims that it placed politics above disaster relief during the recent floods and landslides in Sabah, insisting the party was among the first to deliver aid on the ground. Read full story",https://www.thestar.com.my/news/nation/2025/09/21/warisan-denies-neglecting-flood-victims-amid-pkr-criticism,https://apicms.thestar.com.my/uploads/images/2025/09/21/3532038.jpg,2025-09-21T07:50:00Z,"SANDAKAN: Warisan has denied claims that it placed politics above disaster relief during the recent floods and landslides in Sabah, insisting the party was among the first to deliver aid on the groun… [+2071 chars]",politics
"{'id': None, 'name': 'Plos.org'}",Hilda Bastian,Wikipedia Is Vital: Channeling Energy Into Micro-Edits Is a Win-Win-Win,"Wikipedia is, “without exaggeration, the digital world’s factual foundation,” wrote Josh Dzieza recently. It’s a target because of that, squarely in the…
The post Wikipedia Is Vital: Channeling Energy Into Micro-Edits Is a Win-Win-Win appeared first on Absolu…",https://absolutelymaybe.plos.org/2025/09/21/wikipedia-is-vital-channeling-energy-into-micro-edits-is-a-win-win-win/,https://absolutelymaybe.plos.org/wp-content/uploads/sites/8/2025/09/512px-We_Can_Edit.jpg,2025-09-21T07:39:06Z,"Wikipedia is, “without exaggeration, the digital world’s factual foundation,” wrote Josh Dzieza recently. It’s a target because of that, squarely in the sights of the “global rise of political moveme… [+21625 chars]",politics
"{'id': None, 'name': 'Livemint'}",Nitin Pai,Memes to mayhem: Revolutions like Nepal’s don’t just happen because conditions are ripe,"Nepal's unrest highlights how social media, urbanization and a large youth population can fuel modern rebellions. But these events remain rare. Can a complex social fabric and low-risk avenues for dissent make societies resilient enough to absorb tensions?",https://www.livemint.com/opinion/online-views/nepal-gen-z-protests-social-media-ban-revolutions-political-upheaval-south-asia-indonesia-sri-lanka-bangladesh-uae-oman-11758183093027.html,https://www.livemint.com/lm-img/img/2025/09/21/1600x900/logo/NEPAL-POLITICS-INTERNETLAW-PROTEST-24_17574268853_1758428370867_1758428371107.jpg,2025-09-21T07:37:12Z,"A revolution is almost always an emergent phenomenon. The ingredients for one might exist for a long time, but they do not always come together in a politically explosive form. 
This explains why ma… [+5223 chars]",politics
"{'id': None, 'name': 'The-independent.com'}",Jacob Stolworthy,Matthew McConaughey says he was lucky to escape after being abducted in his teens,"‘I’ve never felt as helpless as I did in that moment,’ Oscar-winning actor said of nightmare experience",https://www.the-independent.com/life-style/matthew-mcconaughey-abducted-movies-trump-b2830665.html,https://static.the-independent.com/2025/09/20/10/newFile.jpg?width=1200&height=800&crop=1200:800,2025-09-21T07:25:23Z,"Your support helps us to tell the story
From reproductive rights to climate change to Big Tech, The Independent is on the ground when the story is developing. Whether it's investigating the financia… [+3971 chars]",politics
"{'id': None, 'name': 'BBC News'}",,"Cricket, racism, the police and the Brixton riots","A year after the Brixton riots, the Brixton West Indies Cricket Club and the Metropolitan Police came together.",https://www.bbc.com/news/articles/c5y7x3e7pq8o,https://ichef.bbci.co.uk/news/1024/branded_news/2eb7/live/d3490080-43af-11f0-a94a-5950836fe9fa.jpg,2025-09-21T07:20:55Z,"Brixton West Indies Cricket Club at the Oval in 1982
On a warm summer's day in July 1982, the Brixton West Indies Cricket Club and the Metropolitan Police came together in an attempt to bridge their… [+6168 chars]",politics
"{'id': None, 'name': 'Boston Herald'}",Boston Herald editorial staff,Editorial: Buttigieg to Dems: Identity politics have to go,“You just have to go to voters with what you think you can do for them. Politics is about the results we can get for people and not about these other things.” -- Pete Buttigieg,https://www.bostonherald.com/2025/09/21/editorial-buttigieg-to-dems-identity-politics-have-to-go/,https://www.bostonherald.com/wp-content/uploads/2025/09/BHR-Z-EDITORIAL_0e8d6d.jpg?w=1024&h=683,2025-09-21T07:11:42Z,"Former Secretary of Transportation Pete Buttigieg dropped a bombshell on Democrats last week, one lost in the chaotic news cycle following Charlie Kirk’s assassination.
He was responding to a passag… [+3086 chars]",politics
"{'id': 'the-times-of-india', 'name': 'The Times of India'}",PTI,VHP's Hindu only diktat for garba open invitation for violence: Ramdas Athawale,Union Minister Ramdas Athawale has criticized Vishva Hindu Parishad's advisory. The advisory restricted Garba events entry to only Hindus. Athawale condemned this advisory as an invitation to violence. He stated that VHP is responsible for any clashes during …,https://economictimes.indiatimes.com/news/india/vhps-hindu-only-diktat-for-garba-open-invitation-for-violence-ramdas-athawale/articleshow/124024878.cms,"https://img.etimg.com/thumb/msid-124024901,width-1200,height-630,imgsize-649114,overlay-economictimes/articleshow.jpg",2025-09-21T06:30:21Z,"Union minister Ramdas Athawale on Sunday criticised the Vishva Hindu Parishad's (VHP) advisory that only Hindus should be given entry to 'garba' events during Navratri, saying such calls were tantamo… [+2376 chars]",politics
"{'id': None, 'name': 'Skepticalscience.com'}",,2025 SkS Weekly Climate Change & Global Warming News Roundup #38,"A listing of 22 news and opinion articles we found interesting and shared on social media during the past week: Sun, September 14, 2025 thru Sat, September 20, 2025.
Stories we promoted this week, by category:
Climate Policy and Politics
<ul>
<li>Ani Dasgupta…",https://skepticalscience.com/2025-SkS-Weekly-News-Roundup_38.html,https://skepticalscience.com/public/assets/images/og/button_sks_200.jpg,2025-09-21T06:25:12Z,"2025 SkS Weekly Climate Change &amp; Global Warming News Roundup #38
Posted on 21 September 2025 by BaerbelW, John Hartz, Doug Bostrom
A listing of 22 news and opinion articles we found interesting… [+5968 chars]",politics
"{'id': None, 'name': 'Nofilmschool.com'}",Vishal Wagh,15 Political Thrillers That Stand the Test of Time,"Political thrillers tap into a very specific itch—the feeling that the world is run by hidden hands, and ordinary people are left scrambling to piece together the truth. These films thrive on suspicion, shadowy power plays, and the terrifying idea that the sy…",https://nofilmschool.com/best-political-thrillers,https://nofilmschool.com/media-library/image.jpg?id=61616826&width=1200&height=600&coordinates=0%2C67%2C0%2C67,2025-09-21T06:05:04Z,"Political thrillers tap into a very specific itchthe feeling that the world is run by hidden hands, and ordinary people are left scrambling to piece together the truth. These films thrive on suspicio… [+14007 chars]",politics
"{'id': None, 'name': 'Naturalnews.com'}",Willow Tohi,The era of the global majority: How non-Western powers are redefining global diplomacy,"The traditional “golden billion” Western powers are losing their dominance, while the “global majority” is emerging as a more influential force in global politics. New multilateral institutions like BRICS and the SCO are consolidating power and reversing the …",https://www.naturalnews.com/2025-09-21-non-western-powers-are-redefining-global-diplomacy.html,https://www.naturalnews.com/wp-content/uploads/sites/91/2025/09/BRICS_heads_of_state_and_government_hold_hands_ahead_of_the_2014_G-20_summit_in_Brisbane_Australia_Agencia_Brasil.jpg,2025-09-21T06:00:00Z,"<ul><li>The traditional ""golden billion"" Western powers are losing their dominance, while the ""global majority"" is emerging as a more influential force in global politics.</li><li>New multilateral in… [+7155 chars]",politics
"{'id': None, 'name': 'Naturalnews.com'}",Kevin Hughes,A history of intrigue and controversy: Rupert Darwall’s “The Age of Global Warming”,"The environmental movement gained momentum in the 1960s with Rachel Carson’s “Silent Spring,” leading to the 1972 Stockholm Conference. Despite setbacks from the 1970s energy crisis, the 1980s saw a resurgence with Margaret Thatcher’s support and the establis…",https://www.naturalnews.com/2025-09-21-the-age-of-global-warming-rupert-darwall.html,https://www.naturalnews.com/wp-content/uploads/sites/91/2025/09/Global-Warming.jpg,2025-09-21T06:00:00Z,"<ul><li>The environmental movement gained momentum in the 1960s with Rachel Carson's ""Silent Spring,"" leading to the 1972 Stockholm Conference. Despite setbacks from the 1970s energy crisis, the 1980… [+6637 chars]",politics
"{'id': None, 'name': 'Naturalnews.com'}",Zoey Sky,Saudi-Pakistan defense pact signals a fracturing world order as U.S. guarantees fade,"The recent military pact between Saudi Arabia and Pakistan represents a historic and dramatic shift in global alliances, driven by Riyadh’s perception that U.S. protection is no longer reliable. By allying with Pakistan, the world’s only Muslim-majority nucle…",https://www.naturalnews.com/2025-09-21-saudi-pakistan-defense-pact-fracturing-world-order.html,https://www.naturalnews.com/wp-content/uploads/sites/91/2025/09/trump-crown-prince-saudi-arabia.jpg,2025-09-21T06:00:00Z,"<ul><li>The recent military pact between Saudi Arabia and Pakistan represents a historic and dramatic shift in global alliances, driven by Riyadh's perception that U.S. protection is no longer reliab… [+8004 chars]",politics
"{'id': None, 'name': 'Bidoun.org'}",hagure,House Arab,"I was working at the magazine as a fact-checker and my parents no longer considered me a failure, not because they read or admired it, but because when they said its name to friends and relatives it sparkled on their tongues.",https://bidoun.org/articles/house-arab,https://public.bidoun.org/featured_image/article/1370/1_Fishbowl_background.jpeg,2025-09-21T05:47:01Z,"I was working at the magazine as a fact-checker and my parents no longer considered me a failure, not because they read or admired it, but because when they said its name to friends and relatives it … [+15101 chars]",politics
"{'id': None, 'name': 'Exponentialview.co'}",neilperkin, Is AI a bubble? - by Azeem Azhar and Nathan Warren,A practical framework to test whether AI is building value - or inflating it.,https://www.exponentialview.co/p/is-ai-a-bubble,"https://substackcdn.com/image/fetch/$s_!2-Go!,w_1200,h_600,c_fill,f_jpg,q_auto:good,fl_progressive:steep,g_auto/https%3A%2F%2Fsubstack-post-media.s3.amazonaws.com%2Fpublic%2Fimages%2F4cf83262-c1a6-4f02-a8dd-ac3d7c36cbee_1548x982.png",2025-09-21T05:47:01Z,"A month ago, I set out to answer a deceptively simple question: Is AI a bubble?
Since 2024, people have been asking me this as Ive spoken at events around the world.
Even as Wall Street bankers lar… [+32010 chars]",politics
"{'id': None, 'name': 'BusinessLine'}","Richa Mishra , Siddharth Mathew Cherian & Renil  S Varghese",India - USA: What about diplomacy? | Energonomics | EP 24 | With Meera Shankar and Arun Kumar Singh,Explore the evolving India-US relations amid trade tensions and energy diplomacy with former Indian Ambassadors on Energonomics podcast.,https://www.thehindubusinessline.com/multimedia/video/india-usa-what-about-diplomacy-energonomics-ep-24-with-meera-shankar-and-arun-kumar-singh/article70074242.ece,https://bl-i.thgim.com/public/multimedia/audio/as8fo8/article70074224.ece/alternates/LANDSCAPE_1200/Final%20Energonomics%20EP%2024%20Thumb.jpg,2025-09-21T05:45:00Z,"In this episode of Energonomics, we explore the shifting dynamics of IndiaUS relations amid trade tensions, tariffs, and energy diplomacy. Former Indian Ambassadors to the United States, Meera Shanka… [+887 chars]",politics
"{'id': None, 'name': 'BusinessLine'}",Richa Mishra & Renil  S Varghese,"Tariffs, Trade & Trump: Former Indian Ambassador Arun K Singh on India’s Diplomatic Balancing Act with the US? | Energonomics podcast Ep 03","Former Indian Ambassador Arun Kumar Singh discusses Indo-US relations, trade disputes, and President Trump's foreign policy on Energonomics podcast.",https://www.thehindubusinessline.com/multimedia/audio/tariffs-trade-trump-former-ambassador-arun-kumar-singh-on-indias-diplomatic-balancing-act-with-the-us-energonomics-podcast-ep-03/article70073483.ece,https://bl-i.thgim.com/public/multimedia/audio/qxsto9/article70073468.ece/alternates/LANDSCAPE_1200/Energonomics%20Podcast%20horizontal%20thumbnail%201.jpg,2025-09-21T05:35:00Z,"In this episode of the Energonomics podcast, businesslines Richa Mishra speaks to Arun Kumar Singh, former Indian Ambassador to the US 2015-2016 and currently a senior fellow with the Asia program at… [+1019 chars]",politics
"{'id': None, 'name': 'The Star Online'}","BENJAMIN LEE, SALMA FAIRUS",Children’s art exhibition in Kuala Lumpur promotes world peace,"KUALA LUMPUR: Over 150 children came together to share their vision of world peace through their art at an exhibition at Wisma Kebudayaan SGM, here. Read full story",https://www.thestar.com.my/news/nation/2025/09/21/childrens-art-exhibition-in-kuala-lumpur-promotes-world-peace,https://apicms.thestar.com.my/uploads/images/2025/09/21/3531900.jpg,2025-09-21T05:29:00Z,"KUALA LUMPUR: Over 150 children came together to share their vision of world peace through their art at an exhibition at Wisma Kebudayaan SGM, here.
Titled ""Ta-Da! Look at My Lines!"" Childrens Peace… [+2526 chars]",politics
"{'id': 'the-irish-times', 'name': 'The Irish Times'}",Steven Carroll,"HSE, Ireland’s largest employer, choosing its next chief executive","Plus: Malachy McCourt faces ‘public hanging’ in New York, a leafy problem for Irish Rail, and Barack Obama makes a well-timed visit to Dublin",https://www.irishtimes.com/ireland/2025/09/21/irelands-largest-employer-mulls-over-next-chief-executive/,https://www.irishtimes.com/resizer/v2/LMJ5R6OI55HU5CKQ7GWNNL4ZGE.JPG?smart=true&auth=af6aed2380cbe2bab45de373cdbf54dbdb02f0345c9a844f4a94c2783a6954c7&width=1200&height=630,2025-09-21T05:00:00Z,"The process to select the next chief executive of Irelands largest employer, with a workforce of more than 148,000 full-time equivalents and a budget of 26.9 billion for this year, is moving along.
… [+6257 chars]",politics
"{'id': 'the-irish-times', 'name': 'The Irish Times'}",Proinsias O'Mahony,"Trump suggests ending quarterly reporting, raising questions for investors",Proposal has resurfaced just as recent earnings reports from listed companies have begun to expose the costs of his trade wars,https://www.irishtimes.com/your-money/2025/09/21/trump-suggests-ending-quarterly-reporting-raising-questions-for-investors/,https://www.irishtimes.com/resizer/v2/CDEIILBE6PFVGTCE2T3WYRI2IA.jpg?smart=true&auth=68acddcb4c38f5b0c88024448a833f9ff6fcb7f5d27537f87008d54783d52db4&width=1200&height=630,2025-09-21T05:00:00Z,"Donald Trump has dusted off an old idea: that Americas public companies should no longer bother reporting quarterly earnings. Trump has called for six-monthly disclosures, arguing this would cut cost… [+1402 chars]",politics
"{'id': 'the-irish-times', 'name': 'The Irish Times'}",Linden MacIntyre,Churchill’s enforcer in Ireland - Who was Hugh Tudor?,"For four years he fought German soldiers on the Western Front, but in two years fighting Irish rebels, his heroism soured to notoriety",https://www.irishtimes.com/culture/books/2025/09/21/churchills-enforcer-in-ireland-who-was-hugh-tudor/,https://www.irishtimes.com/resizer/v2/7Z5REO6G35WVADLQDLJHEM4HUE.jpg?smart=true&auth=dadc3474211b250c0bb4af09e430ab07eaa11f4f237a9bc22e2841597d1d62ee&width=1200&height=630,2025-09-21T05:00:00Z,"During one of the most consequential political negotiations of the 20th century, in August 1941 the British prime minister Winston Churchill asked for a recess so he could reconnect with an old army … [+6614 chars]",politics
"{'id': None, 'name': 'Independent.ie'}",Barry Hartigan,"Politics, pews and now performance – deacon Trevor Sargent praised for acting role in short film","Former Green Party leader, Trevor Sargent, became a Church of Ireland deacon seven years ago — and now he has been praised as a natural actor.",https://www.independent.ie/irish-news/politics-pews-and-now-performance-deacon-trevor-sargent-praised-for-acting-role-in-short-film/a1126804592.html,https://focus.independent.ie/thumbor/eJ8UB2mktKvcEZ3E1mNhara40-k=/629x460/smart/prod-mh-ireland/8565b8eb-7b8f-4381-82db-9999502ca0d3/b0b3f829-c59b-4284-9f5b-73fd69205d1a/sn%20Trevor%20Sargent.jpg,2025-09-21T04:30:00Z,"Former Green Party leader, Trevor Sargent, became a Church of Ireland deacon seven years ago and now he has been praised as a natural actor.
Rev Sargent (65) will soon star in a short film, Waiting … [+64 chars]",politics
"{'id': None, 'name': 'Independent.ie'}",Ali Bracken,Simon Harris says threats against politicians are jeopardising the function of our democracy,"Tánaiste Simon Harris has formally requested a meeting to be convened of all Dáil and Seanad party leaders to tackle escalating threats against politicians, which he said is jeopardising “the functioning of our democracy”.",https://www.independent.ie/news/simon-harris-says-threats-against-politicians-are-jeopardising-the-function-of-our-democracy/a1933267343.html,https://focus.independent.ie/thumbor/hk1bJM6sbsaYJBPaQVWN0QBeIws=/629x460/smart/prod-mh-ireland/4924cd22-8646-4e9f-ac2d-3ad2d21170d0/3342068b-2b45-4e86-bea7-1a22d403e30a/SN%20Harrris.jpg,2025-09-21T04:30:00Z,"Tánaiste Simon Harris has formally requested a meeting to be convened of all Dáil and Seanad party leaders to tackle escalating threats against politicians, which he said is jeopardising the function… [+1791 chars]",politics
"{'id': None, 'name': 'Independent.ie'}",Editorial,The Sunday Independent’s View: Is the way we choose a president still fit for purpose?,"The latest film based on a book by horror writer Stephen King to hit Irish screens is The Long Walk, a grim fable about a broken society where a select group of citizens who trek without rest or mercy until only one of them is left standing.",https://www.independent.ie/opinion/editorial/the-sunday-independents-view-is-the-way-we-choose-a-president-still-fit-for-purpose/a716904801.html,https://focus.independent.ie/thumbor/AmlojVE_n7FRgKQ9_kNJTQpwGPQ=/629x460/smart/prod-mh-ireland/172f0d3a-d217-4fc3-a3e3-9d8dabe3fb69/f4314c7d-4092-4625-b994-23eb9e92824c/172f0d3a-d217-4fc3-a3e3-9d8dabe3fb69.jpg,2025-09-21T04:30:00Z,"The latest film based on a book by horror writer Stephen King to hit Irish screens is The Long Walk, a grim fable about a broken society where a select group of citizens who trek without rest or merc… [+3322 chars]",politics
"{'id': None, 'name': 'Pypi.org'}",evaldas@dialexity.com,dialectical-framework 0.5.2,"A dialectical framework for augmented intelligence. AI reasoning powered with dialectics supports humans in: system optimization (psychology, engineering, business, politics, etc.); dispute resolution (mediation, conflicts, negotiations, etc.); decision-makin…",https://pypi.org/project/dialectical-framework/0.5.2/,,2025-09-21T04:28:05Z,"A required part of this site couldnt load. This may be due to a browser
 extension, network issues, or browser settings. Please check your
 connection, disable any ad blockers, or try using a diffe… [+12 chars]",politics
"{'id': None, 'name': 'Boston Herald'}",Associated Press,Trump will lead high-profile lineup honoring Charlie Kirk at Arizona service,"President Donald Trump and prominent members of his “Make America Great Again” movement will pay tribute Sunday to conservative activist Charlie Kirk, whose slaying has marked a signal moment in America’s fraught political atmosphere.",https://www.bostonherald.com/2025/09/21/trump-will-lead-high-profile-lineup-honoring-charlie-kirk-at-arizona-service/,https://www.bostonherald.com/wp-content/uploads/2025/09/Charlie_Kirk_Memorial_52266-1.jpg?w=1024&h=683,2025-09-21T04:01:44Z,"By JONATHAN J. COOPER, EUGENE GARCIA and AAMER MADHANI
GLENDALE, Ariz. (AP) — President Donald Trump and prominent members of his “Make America Great Again” movement were paying tribute Sunday to co… [+6290 chars]",politics
"{'id': None, 'name': 'Modernanalyst.com'}",adrian,Applying Agile & Hybrid Frameworks in Large Projects,"This article explores practical techniques that BAs can apply in large projects: how to prioritize backlogs when competing domains fight for attention, how to bridge Agile with Waterfall governance, how to contribute meaningfully in scaled frameworks, and how…",https://www.modernanalyst.com/Resources/Articles/tabid/115/ID/7041/Applying-Agile-Hybrid-Frameworks-in-Large-Projects.aspx,https://www.modernanalyst.com/Portals/0/Public Uploads/MHC/agile-hybrid-frameworks-large-projects-350.png,2025-09-21T04:01:00Z,"Business Analysts (BAs) often find themselves in the most complex of delivery environments: projects that are too large for a single Scrum team, too regulatory-heavy for pure agility, and too fast-pa… [+13059 chars]",politics
"{'id': None, 'name': 'Americanthinker.com'}",,Democrats Pretend to Be for Free Speech: NOPE,"On the internet the big story seems to be the indefinite suspension of Jimmy Kimmel by ABC. I confess to being somewhat at a disadvantage. The last time I looked at network television my set had four dials: on/off, vertical, and horizontal, volume, a...",https://www.americanthinker.com/articles/2025/09/democrats_pretend_to_be_for_free_speech_nope.html,https://images.americanthinker.com/65/65iw6uyrf4bso7q2hlmk_800.jpg,2025-09-21T04:00:00Z,On the internet the big story seems to be the indefinite suspension of Jimmy Kimmel by ABC. I confess to being somewhat at a disadvantage. The last time I looked at network television my set had four… [+13712 chars],politics
"{'id': None, 'name': 'Americanthinker.com'}",,America propagandizing Americans,It was never supposed to be this way.,https://www.americanthinker.com/blog/2025/09/america_propagandizing_americans.html,https://images.americanthinker.com/gf/gfpslwxinqsptpnwxqti_800.jpg,2025-09-21T04:00:00Z,"The term ""propaganda"" derives from Congregatio de Propaganda Fide, which means Congregation for the Propagation of the Faith.  It emerged in the 1620s as a tool of the Catholic Church to disseminate … [+5341 chars]",politics
"{'id': None, 'name': 'Americanthinker.com'}",,Lessons for the Violent Left,The murder of Charlie Kirk has highlighted a portion of the Left that approves of violence. The frenetic response of the violence-accommodating Left to Charlie Kirk’s assassination is remarkable for the things that seem to have surprised t...,https://www.americanthinker.com/articles/2025/09/lessons_for_the_violent_left.html,https://images.americanthinker.com/ds/ds2o8omlklu9qcuwu8pc_800.jpg,2025-09-21T04:00:00Z,The murder of Charlie Kirk has highlighted a portion of the Left that approves of violence. The frenetic response of the violence-accommodating Left to Charlie Kirk’s assassination is remarkable for … [+5211 chars],politics
"{'id': None, 'name': 'Americanthinker.com'}",,Obama Is a Soulless Fraud,"Barack Obama is such a soulless fraud. He’s spent the last week trying to downplay the significance of Charlie Kirk’s assassination. First, he pretended that the motive behind Charlie’s murder was impossible to ascertain. Then he bl...",https://www.americanthinker.com/articles/2025/09/obama_is_a_soulless_fraud.html,https://images.americanthinker.com/6u/6ubrrxf1noicezb3elqp_800.jpg,2025-09-21T04:00:00Z,"Barack Obama is such a soulless fraud. He’s spent the last week trying to downplay the significance of Charlie Kirk’s assassination. First, he pretended that the motive behind Charlie’s murder was im… [+5388 chars]",politics
"{'id': None, 'name': 'Americanthinker.com'}",,Some possible solutions to America’s schools problem,"Public schools face a crisis in academic performance, safety, and moral integrity, prompting urgent calls for reform from parents, educators, and policymakers.  Rising violence and declining morality among students have eroded trust in the ...",https://www.americanthinker.com/blog/2025/09/some_possible_solutions_to_america_s_schools_problem.html,https://images.americanthinker.com/imported/2023-03/244642_800.jpg,2025-09-21T04:00:00Z,"Public schools face a crisis in academic performance, safety, and moral integrity, prompting urgent calls for reform from parents, educators, and policymakers.  Rising violence and declining morality… [+3550 chars]",politics
"{'id': None, 'name': 'Americanthinker.com'}",,A Department of War is right for America,"President Trump’s decision to re-name the Department of Defense the Department of War, is the right thing to do.

It means more than it seems, especially to critics on the political left who don’t know the difference between fighting an...",https://www.americanthinker.com/blog/2025/09/a_department_of_war_is_right_for_america.html,https://images.americanthinker.com/tm/tmt8wvloafj6y6fi8ouj_800.jpg,2025-09-21T04:00:00Z,"President Trump’s decision to re-name the Department of Defense the Department of War, is the right thing to do.
It means more than it seems, especially to critics on the political left who don’t kn… [+2623 chars]",politics
"{'id': None, 'name': 'Americanthinker.com'}",,Rejecting Truth Is the First Step toward Murder,"“If liberty means anything at all, it means the right to tell people what they do not want to hear.”

―George Orwell

Two thousand years ago, a politician named Pilate, in a classic dodge to avoid responsibility, asked, “What ...",https://www.americanthinker.com/articles/2025/09/rejecting_truth_is_the_first_step_toward_murder.html,https://images.americanthinker.com/imported/2023-11/249935_800.jpeg,2025-09-21T04:00:00Z,"“If liberty means anything at all, it means the right to tell people what they do not want to hear.”
George Orwell
Two thousand years ago, a politician named Pilate, in a classic dodge to avoid res… [+6947 chars]",politics
"{'id': None, 'name': 'Nikonians.org'}",,Weekly Update 21-Sep-2025,This weeks Editor's Choice images and top discussions at Nikonians - 21 September 2025,https://blog.nikonians.org/archives/2025/09/news_update_weekly_2025_09_21_194.html,,2025-09-21T03:40:58Z,"You'll find more, excellent images on the Editor's Choice pageGerbera by NRandall - Show in forumsEditor: Beautiful dynamic range Nicholas!
Puffins from Newfoundland by abourgault01 - Show in forums… [+6350 chars]",politics
"{'id': None, 'name': 'Bendigoadvertiser.com.au'}",Luke West,Unforgettable BFNL turnaround: Eaglehawk's 2025 victory,"Revisit Eaglehawk's stunning 2025 Bendigo Football League grand final upset against Sandhurst, a triumph for the ages.",https://www.bendigoadvertiser.com.au/story/9071005/unforgettable-bfnl-turnaround-eaglehawks-2025-victory/,https://www.bendigoadvertiser.com.au/images/transform/v1/crop/frm/G3M3FqVFYHjdnjXX9zgHHX/371d4739-cb58-4f31-86f7-9960301f7e6e.JPG/r0_284_4070_2421_w1200_h630_fmax.jpg,2025-09-21T03:35:37Z,"IT was the 33 minutes of scintillating football produced by Eaglehawk in the final quarter that will ensure 2025's Bendigo Football Netball League grand final will be one elevated into folklore.
Sub… [+12545 chars]",politics
"{'id': 'the-times-of-india', 'name': 'The Times of India'}",Manu Kaushik,Greek-Australian singer Vassy Karagiorgos pulls out of representing US at Russia’s Intervision contest amid political pressure,Greek-Australian singer Vassy Karagiorgos has withdrawn from Intervision in Russia. Organizers cite political pressure from the Australian government. Vassy was to represent the United States. Intervision is Russia's alternative to Eurovision. Russia was bann…,https://economictimes.indiatimes.com/news/international/us/greek-australian-singer-vassy-karagiorgos-pulls-out-of-representing-us-at-russias-intervision-contest-amid-political-pressure/articleshow/124023473.cms,"https://img.etimg.com/thumb/msid-124023478,width-1200,height-630,imgsize-203474,overlay-economictimes/articleshow.jpg",2025-09-21T03:16:03Z,"Greek-Australian singer and producer Vassy Karagiorgos, known professionally as Vassy, has withdrawn from representing the United States at Russias Intervision Song Contest, in a decision organizers … [+3003 chars]",politics
"{'id': 'the-times-of-india', 'name': 'The Times of India'}",Raman Jit Singh Chima,The Internet Still Bites Back: The role played by Discord in the Nepal uprising,"Recent events in Nepal and Bangladesh highlight the internet's evolving role in democracy. Initially seen as a force for good, it now faces concerns over manipulation and misinformation. Governments are increasingly using digital regulations for control, but …",https://economictimes.indiatimes.com/news/international/world-news/the-internet-still-bites-back-the-role-played-by-discord-in-the-nepal-uprising/articleshow/124023455.cms,"https://img.etimg.com/thumb/msid-124023452,width-1200,height-630,imgsize-207934,overlay-economictimes/articleshow.jpg",2025-09-21T03:10:01Z,"The recent protests and political changes in Nepal, triggered by attempts to block social media, impart a moment to reflect on the evolution of the role of the internet in democracies.It appears that… [+6885 chars]",politics
"{'id': 'al-jazeera-english', 'name': 'Al Jazeera English'}",Al Jazeera,"Russia-Ukraine war: List of key events, day 1,305","Here are the key events on day 1,305 of Russia’s war on Ukraine.",https://www.aljazeera.com/news/2025/9/21/russia-ukraine-war-list-of-key-events-day-1305,https://www.aljazeera.com/wp-content/uploads/2025/09/13359848-1758413423.jpg?resize=1200%2C675,2025-09-21T03:03:57Z,"Here is how things stand on Sunday, September 21:
Fighting
<ul><li>Russian forces launched a large-scale missile and drone attack, targeting areas across Ukraine, killing at least three people and … [+3013 chars]",politics
"{'id': None, 'name': 'Anime News Network'}",,Live-Action Silent Service Sequel Film Streams Theme Song Trailer,"Ado performs theme song for September 26 film // The staff for Chinmoku no kantai Hokkyoku-kai dai kaisen (The Silent Service: The Battle of the Arctic Ocean),...",https://www.animenewsnetwork.com/news/2025-09-20/live-action-silent-service-sequel-film-streams-theme-song-trailer/.229018,https://www.animenewsnetwork.com/thumbnails/crop600x315gCC/youtube/7eWc6sp_WJ0.jpg,2025-09-21T02:54:40Z,"The staff for Chinmoku no Kantai Hokkyoku-kai dai kaisen (The Silent Service: The Battle of the Arctic Ocean), the sequelfilm for the live-action project of Kaiji Kawaguchi's The Silent Service manga… [+1940 chars]",politics
"{'id': 'the-times-of-india', 'name': 'The Times of India'}",Maitreyee Thakkar,Jimmy Kimmel’s last guest Margo Price delivered warning against ‘fascism’ in final performance,"Margo Price, during her final Jimmy Kimmel Live! performance before its suspension, altered her song lyrics to protest against fascism. This act of defiance followed Kimmel's controversial remarks about Charlie Kirk's assassination, leading to the show's abru…",https://economictimes.indiatimes.com/news/international/us/jimmy-kimmels-last-guest-margo-price-delivered-warning-against-fascism-in-final-performance/articleshow/124023360.cms,"https://img.etimg.com/thumb/msid-124023378,width-1200,height-630,imgsize-49236,overlay-economictimes/articleshow.jpg",2025-09-21T02:51:21Z,"Country singer Margo Price, final musical guest on Jimmy Kimmel Live!, delivered an impromptu yet powerful warning against fascism. The performance came amid escalating political tension surrounding … [+2291 chars]",politics
"{'id': None, 'name': 'Mypeoplesreview.com'}",People's Review,"Oli’s government was toppled for taking a firm stance on Kalapani,Lipulekh: CM Kandel","Surkhe, Sept 21 – Karnali Province Chief Minister Yamlal Kandel has said the KP Sharma Oli-led government was toppled because […]
The post Oli’s government was toppled for taking a firm stance on Kalapani,Lipulekh: CM Kandel appeared first on Peoples' Review.",https://mypeoplesreview.com/2025/09/21/olis-government-was-toppled-for-taking-a-firm-stance-on-kalapanilipulekh-cm-kandel/,https://mypeoplesreview.com/wp-content/uploads/2025/09/lipu.jpg,2025-09-21T02:45:00Z,"Surkhe, Sept 21 Karnali Province Chief Minister Yamlal Kandel has said the KP Sharma Oli-led government was toppled because it defended the countrys sovereignty and territorial integrity. He said his… [+1221 chars]",politics
"{'id': None, 'name': 'Biztoc.com'}",zerohedge.com,Fragile Democracy,"Fragile Democracy
 
The rise of democracy has been one of the greatest collective human achievements of the last century, allowing large shares of the world's population to live in relative freedom and have the ability to participate meaningfully in the polit…",https://biztoc.com/x/05ed8d668414b5a4,https://biztoc.com/cdn/05ed8d668414b5a4_s.webp,2025-09-21T01:43:27Z,"Fragile Democracy
The rise of democracy has been one of the greatest collective human achievements of the last century, allowing large shares of the world's population to live in relative freedom an… [+142 chars]",politics
"{'id': None, 'name': 'BBC News'}",,Morrissey cancels US shows after death threat in Canada,A 26-year-old Ottawa man has been charged with allegedly uttering a threat against the British singer.,https://www.bbc.com/news/articles/cx2jjer23ngo,https://ichef.bbci.co.uk/news/1024/branded_news/417f/live/f83ffda0-9687-11f0-bc30-47a784fa333f.jpg,2025-09-21T01:33:34Z,"British artist Morrissey has cancelled two shows in the US after receiving a death threat ahead of a concert in Ottawa, Canada.
A 26-year-old Ottawa man was released on bail after allegedly uttering… [+891 chars]",politics
"{'id': 'bbc-news', 'name': 'BBC News'}",Robin Levinson-king,Morrissey cancels US shows after death threat in Canada,A 26-year-old Ottawa man has been charged with allegedly uttering a threat against the British singer.,https://www.bbc.co.uk/news/articles/cx2jjer23ngo,https://ichef.bbci.co.uk/ace/branded_news/1200/cpsprodpb/417f/live/f83ffda0-9687-11f0-bc30-47a784fa333f.jpg,2025-09-21T01:33:34Z,"He is known for being outspoken on issues such as animal welfare and politics. 
In 2006, he refused to tour in Canada in protest at the annual seal hunt.
After the threat against his life in Ottawa… [+352 chars]",politics
"{'id': None, 'name': 'Mypeoplesreview.com'}",People's Review,Father generation leaders neglecting Gen Z movement,"Kathmandu, September 21: The party and political leaders who have been in power for a long time are still not […]
The post Father generation leaders neglecting Gen Z movement appeared first on Peoples' Review.",https://mypeoplesreview.com/2025/09/21/father-generation-leaders-neglecting-gen-z-movement/,https://mypeoplesreview.com/wp-content/uploads/2025/09/Oli-Deuba-and-prachanda.jpg,2025-09-21T01:24:10Z,"Kathmandu, September 21: The party and political leaders who have been in power for a long time are still not ready to respond to the message of the Gen Z movement. Even when the younger generation a… [+1169 chars]",politics
"{'id': None, 'name': 'Freerepublic.com'}",gateway pundit,"Pro-Life Warrior Lila Rose Shocks Organizers, Wins Yale Debate on Abortion","Pro-life warrior Lila Rose, the founder and president of Live Action, shocked organizers at leftist Ivy League Yale University during a debate with Frances Kissling, a former abortion clinic director and president of Catholics for Choice. Before the event, Ro…",https://freerepublic.com/focus/f-news/4341825/posts,,2025-09-21T01:08:33Z,"Skip to comments.
Pro-Life Warrior Lila Rose Shocks Organizers, Wins Yale Debate on Abortiongateway pundit ^
 | 9/20/25
 | Margaret Flavin
Posted on 09/20/2025 6:08:33 PM PDT by blueyon
Pro-life… [+1846 chars]",politics
"{'id': None, 'name': 'Substack.com'}",Ryan Busse,Hey Democrats - C'mon Do Something Big On Health Care,Hey Democrats - C'mon Do Something Big On Health Caresubstack.com,https://ryandbusse.substack.com/p/hey-democrats-cmon-do-something-big,"https://substackcdn.com/image/fetch/$s_!nTPH!,w_1200,h_600,c_fill,f_jpg,q_auto:good,fl_progressive:steep,g_auto/https%3A%2F%2Fsubstack-post-media.s3.amazonaws.com%2Fpublic%2Fimages%2F046a3dd4-1e84-40ab-9200-6e1c3c9dba36_1095x927.jpeg",2025-09-21T01:06:06Z,"As you read this, Senate Democrats are considering picking an actual fight over a government shutdown. They are signaling that they might try to force Republicans to repeal recently adopted GOP healt… [+8282 chars]",politics
"{'id': None, 'name': 'Sinhalanet.net'}",admin,Celebrating Cumaratunga,"Had he lived, there is no doubt that Cumaratunga Munidasa would have made a long-lasting and interesting contribution to the language and educational reform debates of the 1940s and 1950s. But this was not meant to be. A contemporary of …",https://www.sinhalanet.net/celebrating-cumaratunga,https://www.sinhalanet.net/wp-content/uploads/2015/07/logo.jpg,2025-09-21T00:49:19Z,"Had he lived, there is no doubt that Cumaratunga Munidasa would have made a long-lasting and interesting contribution to the language and educational reform debates of the 1940s and 1950s. But this w… [+6805 chars]",politics
"{'id': 'breitbart-news', 'name': 'Breitbart News'}","Ezra Dulis, Ezra Dulis",Gavin McInnes: Jimmy Kimmel Was 'Ruined' by His 'Insufferable' 2nd Wife — ‘There's Pre-Molly and Then There's Post-Molly Jimmy',"Podcaster and Vice magazine co-founder Gavin McInnes used to be friends with Jimmy Kimmel, and in the wake of the ABC late-night host's suspension, McInnes offered a postmortem of his career -- blaming his ""woke"" second wife for the funnyman's downfall into s…",https://www.breitbart.com/entertainment/2025/09/20/gavin-mcinnes-jimmy-kimmel-ruined-by-insufferable-liberal-second-wife/,https://media.breitbart.com/media/2025/09/GettyImages-2216189906-640x335.jpg,2025-09-21T00:10:38Z,"Podcaster and Vice magazine co-founder Gavin McInnes used to be friends with Jimmy Kimmel, and in the wake of the ABC late-night host’s suspension, McInnes offered a postmortem of his career — blamin… [+3344 chars]",politics
"{'id': None, 'name': 'Sankakucomplex.com'}",BlackAshes,Shuten Order Patch Fixes Pronoun Inconsistency Amid Calls of “Transphobia”,"A recent patch for Shuten Order corrected inconsistent pronoun usage in the English translation—mistakes that had some players believing the scene was “depicting transphobia”, though the team says it was all just mistranslation. The visual novel Shuten Order,…",https://news.sankakucomplex.com/2025/09/21/shuten-order-patch-fixes-pronoun-inconsistency-amid-calls-of-transphobia/,https://news.sankakucomplex.com/wp-content/uploads/2025/09/ShutenOrder-Random-Screenshot-2025.jpg,2025-09-21T00:00:24Z,"A recent patch for Shuten Order corrected inconsistent pronoun usage in the English translationmistakes that had some players believing the scene was “depicting transphobia”, though the team says it … [+1683 chars]",politics
"{'id': None, 'name': 'Soundcloud.com'}",,"Le Show with Harry Shearer - September 21, 2025","A weekly, hour-long romp through the worlds of media, politics, sports and show business, leavened with an eclectic mix of mysterious music, hosted by Harry Shearer.",https://soundcloud.com/leshowharryshearer/le-show-with-harry-shearer-september-21-2025,https://i1.sndcdn.com/artworks-4sq7gYfWjUuu8FKl-0PWFHg-t500x500.png,2025-09-21T00:00:00Z,"Sorry! Something went wrong
Is your network connection unstable or browser outdated?",politics
"{'id': None, 'name': 'The-independent.com'}",Jacob Stolworthy,Priscilla Presley says she was ‘appalled’ by daughter’s Michael Jackson marriage,"‘When they got divorced, I could practically hear Elvis sigh with relief,’ Presley said",https://www.the-independent.com/arts-entertainment/music/news/michael-jackson-priscilla-presley-elvis-b2830690.html,https://static.the-independent.com/2025/09/21/10/Priscilla-Presley-Michael-Jackson.jpg?width=1200&height=800&crop=1200:800,2025-09-21T09:08:25Z,"Your support helps us to tell the story
From reproductive rights to climate change to Big Tech, The Independent is on the ground when the story is developing. Whether it's investigating the financia… [+2893 chars]",climate
"{'id': None, 'name': 'Wattsupwiththat.com'}",Anthony Watts,Hurricane Bloating Discovery – No Global Warming Needed,"The study found that hurricane size growth rates do not change much with global mean warming, though global temperatures continue to rise.",https://wattsupwiththat.com/2025/09/21/hurricane-bloat-quantified-no-global-warming-needed/,https://i0.wp.com/wattsupwiththat.com/wp-content/uploads/2025/09/Low-Res_hurricanehelene_viirs_sept26_2024.webp?fit=664%2C512&quality=75&ssl=1,2025-09-21T09:00:00Z,Purdue study uncovers why some hurricanes balloon in size and what that means for forecasting future storms – well… maybe. It seems to simplistic to me as there are many other factors in hurricane fo… [+5454 chars],climate
"{'id': None, 'name': 'Twistedsifter.com'}",Matthew Gilligan,A Mechanic Shared How Long He Thinks A Vehicle Should Last And It’s A Lesson For All Car Owners. – ‘It’s a piece of machinery; it can be maintained.’,This is good advice from a guy who knows his stuff!,http://twistedsifter.com/2025/09/a-mechanic-shared-how-long-he-thinks-cars-should-last-for-drivers-and-its-a-lesson-for-all-car-owners-its-a-piece-of-machinery-it-can-be-maintained/,https://twistedsifter.com/wp-content/uploads/2025/08/ttcckc.png,2025-09-21T08:55:44Z,"TikTok/@royaltyautoservice
A car hitting the 100,000-mile mark is a huge milestone…
And a lot of people also flip out when their vehicle reaches that number.
Is it a time to panic?
According to a… [+1566 chars]",climate
"{'id': None, 'name': 'The-independent.com'}",Ellie Muir,Radio 1’s Greg James defends BBC’s ‘imperfect’ impartiality policy,"‘I massively respect the BBC and its mission,’ said presenter, who has hosted Radio 1’s Breakfast Show since 2018",https://www.the-independent.com/arts-entertainment/tv/news/greg-james-bbc-impartiality-breakfast-show-rylan-clarke-b2830688.html,"https://static.the-independent.com/2025/09/21/8/31/GettyImages-1385788309.jpg?trim=79,565,2889,440&width=1200&height=800&crop=1200:800",2025-09-21T08:50:57Z,"Your support helps us to tell the story
From reproductive rights to climate change to Big Tech, The Independent is on the ground when the story is developing. Whether it's investigating the financia… [+3569 chars]",climate
"{'id': 'cnn', 'name': 'CNN'}","Sophie Tanno, Tim Lister, Caitlin Danaher","Live updates: Canada, Australia and UK recognize Palestinian statehood","Australia, Canada and the UK announced their recognition of Palestinian statehood in a move that piles pressure on Israel. Follow for live updates.",https://www.cnn.com/world/live-news/palestinian-statehood-israel-gaza-09-21-25,"https://media.cnn.com/api/v1/images/stellar/prod/gettyimages-2230841887.jpg?c=16x9&q=w_800,c_fill",2025-09-21T08:45:13Z,"The UKs recognition of Palestinian statehood comes weeks after the government banned a pro-Palestinian activist group.
Palestine Action is an organization that aims to disrupt the operations of weap… [+1439 chars]",climate
"{'id': None, 'name': 'Biztoc.com'}",apnews.com,Marchers gather in worldwide protest of financial institutions 'profiting off the climate crisis',,https://biztoc.com/x/f47eb01a67152ff1,https://biztoc.com/cdn/950/og.png,2025-09-21T08:34:51Z,"{ window.open(this.href, '_blank'); }, 200); return false;""&gt;What impact will Trump's $100K H-1B visa fee have? { window.open(this.href, '_blank'); }, 200); return false;""&gt;How is TikTok's US alg… [+786 chars]",climate
"{'id': None, 'name': 'The-independent.com'}",Jacob Stolworthy,Strictly viewers are convinced they know who will win 2025 series,"‘I’m going to call it now,’ one fan confidently stated",https://www.the-independent.com/arts-entertainment/tv/news/strictly-2025-lewis-cope-replace-b2830674.html,https://static.the-independent.com/2025/09/21/09/newFile-1.jpg?width=1200&height=800&crop=1200:800,2025-09-21T08:19:57Z,"Your support helps us to tell the story
From reproductive rights to climate change to Big Tech, The Independent is on the ground when the story is developing. Whether it's investigating the financia… [+3228 chars]",climate
"{'id': None, 'name': 'Biztoc.com'}",theguardian.com,‘We must change’: how drought and overextraction of water has run Iran dry,"Iranians blame climate change, sanctions, mistakes and neglect, and Iran’s vice-president wants to tackle them all Continue reading...",https://biztoc.com/x/53c340aee812e555,https://biztoc.com/cdn/53c340aee812e555_s.webp,2025-09-21T08:02:05Z,"Iranians blame climate change, sanctions, mistakes and neglect, and Irans vice-president wants to tackle them all Continue reading...
This story appeared on theguardian.com, 2025-09-21 06:00:36.",climate
"{'id': None, 'name': 'Al-Bawaba'}",Reema Tuqan,Orange Jordan Celebrates World Cleanup Day with a Volunteering Initiative in Orange Jerash Forest | Al Bawaba,"In line with its commitment to sustainability and environmental responsibility, Orange Jordan celebrated World Cleanup Day, observed annually on Septemb",https://www.albawaba.com/business/pr/orange-jordan-celebrates-world-cleanup-1612817,https://www.albawaba.com/sites/default/files/styles/default/public/2025-09/E_0.jpeg?itok=T_L5sUDP,2025-09-21T07:52:29Z,"In line with its commitment to sustainability and environmental responsibility, Orange Jordan celebrated World Cleanup Day, observed annually on September 20, by organizing a volunteering initiative … [+2042 chars]",climate
"{'id': None, 'name': 'ETF Daily News'}",MarketBeat News,"MassMutual Private Wealth & Trust FSB Raises Position in Tetra Tech, Inc. $TTEK","MassMutual Private Wealth & Trust FSB raised its holdings in Tetra Tech, Inc. (NASDAQ:TTEK – Free Report) by 22.4% in the 2nd quarter, HoldingsChannel.com reports. The institutional investor owned 2,062 shares of the industrial products company’s stock after …",https://www.etfdailynews.com/2025/09/21/massmutual-private-wealth-trust-fsb-raises-position-in-tetra-tech-inc-ttek/,https://www.americanbankingnews.com/wp-content/timthumb/timthumb.php?src=https://www.marketbeat.com/logos/tetra-tech-logo-1200x675.jpg&w=240&h=240&zc=2,2025-09-21T07:41:00Z,"MassMutual Private Wealth &amp; Trust FSB raised its holdings in Tetra Tech, Inc. (NASDAQ:TTEK – Free Report) by 22.4% in the 2nd quarter, HoldingsChannel.com reports. The institutional investor owne… [+5372 chars]",climate
"{'id': None, 'name': 'ETF Daily News'}",MarketBeat News,CubeSmart (NYSE:CUBE) Upgraded by Wall Street Zen to Hold Rating,CubeSmart (NYSE:CUBE – Get Free Report) was upgraded by Wall Street Zen from a “sell” rating to a “hold” rating in a report released on Sunday. A number of other brokerages have also weighed in on CUBE. BNP Paribas raised shares of CubeSmart to a “hold” ratin…,https://www.etfdailynews.com/2025/09/21/cubesmart-nysecube-upgraded-by-wall-street-zen-to-hold-rating/,https://www.americanbankingnews.com/wp-content/timthumb/timthumb.php?src=https://www.marketbeat.com/logos/cubesmart-logo-1200x675.jpg?v=20221109145748&w=240&h=240&zc=2,2025-09-21T07:24:49Z,"CubeSmart (NYSE:CUBE – Get Free Report) was upgraded by Wall Street Zen from a “sell” rating to a “hold” rating in a report released on Sunday.
A number of other brokerages have also weighed in on C… [+4594 chars]",climate
"{'id': None, 'name': 'The-independent.com'}",Jacob Stolworthy,What Jimmy Kimmel said about Charlie Kirk shooting that got his late night show cancelled,ABC has pulled host’s series from TV schedules ‘indefinitely’,https://www.the-independent.com/arts-entertainment/tv/news/jimmy-kimmel-charlie-kirk-comment-trump-abc-b2830664.html,https://static.the-independent.com/2025/09/18/08/Jimmy-Kimmel-Charlie-Kirk.jpg?width=1200&height=800&crop=1200:800,2025-09-21T07:24:10Z,"Your support helps us to tell the story
From reproductive rights to climate change to Big Tech, The Independent is on the ground when the story is developing. Whether it's investigating the financia… [+5113 chars]",climate
"{'id': None, 'name': 'The-independent.com'}",Jacob Stolworthy,Marvel star announces Disney boycott after Jimmy Kimmel suspension,Actor boldly urged fans to cancel their subscriptions,https://www.the-independent.com/arts-entertainment/tv/news/disney-jimmy-kimmel-kirk-marvel-b2830661.html,https://static.the-independent.com/2025/09/19/08/newFile-1.jpg?width=1200&height=800&crop=1200:800,2025-09-21T07:18:49Z,"Your support helps us to tell the story
From reproductive rights to climate change to Big Tech, The Independent is on the ground when the story is developing. Whether it's investigating the financia… [+4467 chars]",climate
"{'id': None, 'name': 'The-independent.com'}",Alex Croft,"Duchess of York wrote to ‘supreme friend’ Epstein after insisting she had cut ties, leaked email reveals",The Duchess of York’s spokesperson said she sent the letter to “assuage” Jeffrey Epstein after he threatened her with defamation,https://www.the-independent.com/news/uk/home-news/sarah-ferguson-duchess-york-epstein-letter-supreme-friend-b2830657.html,https://static.the-independent.com/2025/04/23/09/newFile.jpg?width=1200&height=800&crop=1200:800,2025-09-21T07:17:55Z,"Your support helps us to tell the story
From reproductive rights to climate change to Big Tech, The Independent is on the ground when the story is developing. Whether it's investigating the financia… [+4687 chars]",climate
"{'id': None, 'name': 'Boston Herald'}",Boston Herald editorial staff,Letters to the editor,"Herald readers sound off about Taiwan and the UN, the EPA and greenhouse gases, and late night talk shows",https://www.bostonherald.com/2025/09/21/letters-to-the-editor-725/,https://www.bostonherald.com/wp-content/uploads/2019/05/GettyImages-615608882.jpg?w=1024&h=683,2025-09-21T07:14:27Z,"Taiwan &amp; the UN
The 80th session of the United Nations General Assembly has already kicked off this week, and Taiwan remains excluded from the UN because of political maneuvering. Taiwan, with 2… [+2450 chars]",climate
"{'id': None, 'name': 'The-independent.com'}",Kevin E G Perry and Caitlin Hornik,D4vd cancels additional tour dates as investigation into teen’s body found in his vehicle intensifies,The body of a missing 15-year-old girl was found inside a Tesla registered to the singer,https://www.the-independent.com/arts-entertainment/music/news/d4vd-celeste-rivas-missing-body-found-car-tour-cancelled-b2830659.html,"https://static.the-independent.com/2025/09/19/15/55/GettyImages-2204207564-(1).jpg?trim=0,0,0,0&width=1200&height=800&crop=1200:800",2025-09-21T07:10:16Z,"Your support helps us to tell the story
From reproductive rights to climate change to Big Tech, The Independent is on the ground when the story is developing. Whether it's investigating the financia… [+3505 chars]",climate
"{'id': None, 'name': 'Opiniojuris.org'}",Emilia Klebanowski,Events and Announcements: 21 September 2025,"To have your event or announcement featured in next week’s post, please send a link and a brief description (1-2 paragraphs) to ojeventsandannouncements@gmail.com. Announcement New additions to the UN Audiovisual Library of International Law (AVL): The Codifi…",http://opiniojuris.org/2025/09/21/events-and-announcements-21-september-2025/,https://i0.wp.com/opiniojuris.org/wp-content/uploads/cropped-OJ_Favicon_400px.jpg?fit=512%2C512,2025-09-21T07:00:00Z,"To have your event or announcement featured in next weeks post, please send a link and a brief description (1-2 paragraphs) to ojeventsandannouncements@gmail.com.
Announcement
New additions to the … [+7637 chars]",climate
"{'id': None, 'name': 'ETF Daily News'}",MarketBeat News,Hydrogen Utopia International (LON:HUI) Stock Price Down 9.1% – Here’s Why,"Hydrogen Utopia International PLC (LON:HUI – Get Free Report)’s stock price dropped 9.1% on Friday . The stock traded as low as GBX 1 ($0.01) and last traded at GBX 1 ($0.01). Approximately 1,220,601 shares changed hands during trading, an increase of 107% fr…",https://www.etfdailynews.com/2025/09/21/hydrogen-utopia-international-lonhui-stock-price-down-9-1-heres-why/,https://www.americanbankingnews.com/wp-content/timthumb/timthumb.php?src=https://www.marketbeat.com/logos/hydrogen-utopia-international-plc-logo-1200x675.jpg?v=20240306114514&w=240&h=240&zc=2,2025-09-21T06:54:49Z,"Hydrogen Utopia International PLC (LON:HUI – Get Free Report)’s stock price dropped 9.1% on Friday . The stock traded as low as GBX 1 ($0.01) and last traded at GBX 1 ($0.01). Approximately 1,220,601… [+1208 chars]",climate
"{'id': None, 'name': 'Hurriyet Daily News'}",hurriyetdailynews.com,Erdoğan to speak for Palestine at UN General Assembly,"President Recep Tayyip Erdoğan will once again draw the world's attention to the ongoing genocide in Gaza, as he has in previous years at the U.N. General Assembly meetings.",https://www.hurriyetdailynews.com/erdogan-to-speak-for-palestine-at-un-general-assembly-213819,https://image.hurimg.com/i/hurriyet/75/200x200/68cf9d9d7946c6e088e7a0ad.jpg,2025-09-21T06:39:27Z,"ANKARA
President Recep Tayyip Erdoan will once again draw the world's attention to the ongoing genocide in Gaza, as he has in previous years at the U.N. General Assembly meetings.
According to info… [+11714 chars]",climate
"{'id': None, 'name': 'CNA'}",,"Evacuations in Philippines, Taiwan as super typhoon nears","MANILA: The Philippines and Taiwan ordered evacuations on Sunday (Sep 21) ahead of possible flooding and landslides as Super Typhoon Ragasa approached, gaining strength on its way to an eventual collision with southern China.The storm was undergoing ""rapid in…",https://www.channelnewsasia.com/asia/philippines-taiwan-super-typhoon-ragasa-evacuation-5360341,"https://dam.mediacorp.sg/image/upload/s--RiWf_gT9--/c_fill,g_auto,h_676,w_1200/f_auto,q_auto/v1/mediacorp/cna/image/2025/09/21/000_74wm9nm.jpg?itok=EfXkuYZ4",2025-09-21T06:34:26Z,"""We estimate that a land typhoon warning will be issued tonight... and tomorrow morning at 6am the typhoon will approach Taiwan's offshore,"" the Central Weather Administration said.
Philippine weath… [+1307 chars]",climate
"{'id': None, 'name': 'The-independent.com'}",Ellie Muir,Strictly Come Dancing star Amy Dowden’s health journey as she returns to BBC dance show after injury,Professional dancer was forced to withdraw from last year’s competition due to injury,https://www.the-independent.com/life-style/amy-dowden-strictly-come-dancing-2025-cancer-injury-b2830655.html,"https://static.the-independent.com/2025/09/20/13/38/amy.jpg?trim=278,1062,3624,793&width=1200&height=800&crop=1200:800",2025-09-21T06:34:23Z,"Your support helps us to tell the story
From reproductive rights to climate change to Big Tech, The Independent is on the ground when the story is developing. Whether it's investigating the financia… [+4824 chars]",climate
"{'id': None, 'name': 'The-independent.com'}",Ellie Muir,Strictly fans express frustration over Thomas Skinner and Amy Dowden pairing,Dowden returned after being unable to compete in last two series of ‘Strictly’,https://www.the-independent.com/arts-entertainment/tv/news/thomas-skinner-strictly-partner-amy-dowden-b2830653.html,"https://static.the-independent.com/2025/09/20/19/41/Screenshot-2025-09-20-at-20-07-00.png?trim=42,0,43,0&width=1200&height=800&crop=1200:800",2025-09-21T06:30:16Z,"Your support helps us to tell the story
From reproductive rights to climate change to Big Tech, The Independent is on the ground when the story is developing. Whether it's investigating the financia… [+4084 chars]",climate
"{'id': None, 'name': 'BusinessLine'}",PTI,"Govt aid, corporate funds can be used to finance MSMEs' measures to cut emission: experts","Transition to clean energy, climate-informed building bylaws and combining active and passive cooling technologies to improve workers’ productivity can protect MSMEs from climate-related risks, say experts",https://www.thehindubusinessline.com/news/govt-aid-corporate-funds-can-be-used-to-finance-msmes-measures-to-cut-emission-experts/article70076508.ece,https://bl-i.thgim.com/public/incoming/u04m9m/article70076522.ece/alternates/LANDSCAPE_1200/BL19_Think_climate_investment.jpg,2025-09-21T06:28:44Z,"Support from the government and funds under the corporate social responsibility (CSR) can help finance MSMEs' measures to curb carbon emission, according to experts.
 Transition to clean energy, cli… [+3127 chars]",climate
"{'id': None, 'name': 'Forbes'}","Christopher Elliott, Senior Contributor, 
 Christopher Elliott, Senior Contributor
 https://www.forbes.com/sites/christopherelliott/",Inside The Hotel Leading Copenhagen’s Green Revolution,"At the Crowne Plaza Copenhagen Towers, sustainability is more than a certificate. It’s a business model that’s evolving. A tour of the most sustainable hotel in Denmark.",https://www.forbes.com/sites/christopherelliott/2025/09/21/inside-the-hotel-leading-copenhagens-green-revolution/,https://imageio.forbes.com/specials-images/imageserve/68cf98340e9459bcd3ab7129/0x0.jpg?format=jpg&height=900&width=1600&fit=bounds,2025-09-21T06:23:25Z,"The Crowne Plaza Copenhagen Towers by IHG in Copenhagen, Denmark.
Aren Elliott
It's not easy being the greenest hotel in one of the world's greenest cities.
Just ask anyone at the Crowne Plaza Cop… [+10032 chars]",climate
"{'id': None, 'name': 'The Local Germany'}",AFP,"Warmer climate boosts north German vineyards, for now","The morning sun shines on lush vines as harvesters pick grapes. The hillside vineyard looks like it could be in Italy but lies near Berlin, where climate change has transformed winemaking.",https://www.thelocal.de/20250921/warmer-climate-boosts-north-german-vineyards-for-now,https://assets.thelocal.com/cdn-cgi/rs:fit:1200/quality:75/plain/https://apiwp.thelocal.com/wp-content/uploads/2025/09/watermarks-logo-AFP__20250921__73WC3T3__v1__MidRes__GermanyClimateAgricultureWine.jpg@webp,2025-09-21T06:08:06Z,"The morning sun shines on lush vines as harvesters pick grapes. The hillside vineyard looks like it could be in Italy but lies near Berlin, where climate change has transformed winemaking.
 The 75-y… [+4180 chars]",climate
"{'id': None, 'name': 'Naturalnews.com'}",Kevin Hughes,Health Ranger Report: Adapt 2030’s David DuByne warns of a looming global FOOD CRISIS,"David DuByne warns of a looming food crisis. Geopolitical tensions, climate disruptions and economic policies will trigger widespread famine, severely impacting global food security. Trump’s tariffs on Chinese vessels have stalled U.S. imports while flooding …",https://www.naturalnews.com/2025-09-21-david-dubyne-warns-looming-global-food-crisis.html,https://www.naturalnews.com/wp-content/uploads/sites/91/2025/09/Triticale-Agriculture-Arable-Farming-Barley-Cereal-Crops.jpg,2025-09-21T06:00:00Z,"<ul><li>David DuByne warns of a looming food crisis. Geopolitical tensions, climate disruptions and economic policies will trigger widespread famine, severely impacting global food security.</li><li>… [+6310 chars]",climate
"{'id': None, 'name': 'International Business Times'}",AFP News,"Evacuations In Philippines, Taiwan As Super Typhoon Nears","The Philippines and Taiwan ordered evacuations Sunday ahead of possible flooding and landslides as Super Typhoon Ragasa approached, gaining strength on its way to an eventual collision with southern China.",https://www.ibtimes.com/evacuations-philippines-taiwan-super-typhoon-nears-3784065,https://d.ibtimes.com/en/full/4622946/protesters-rallied-manila-against-misused-floof-relief-funds-sunday-new-super-typhoon-bears-down.jpg,2025-09-21T05:57:19Z,"The Philippines and Taiwan ordered evacuations Sunday ahead of possible flooding and landslides as Super Typhoon Ragasa approached, gaining strength on its way to an eventual collision with southern … [+2223 chars]",climate
"{'id': None, 'name': 'Nofilmschool.com'}",Vishal Wagh,"What Does the Line “Forget it, Jake. It’s Chinatown."" Actually Mean?","The final moments of Chinatown
 (1974) leave viewers in stunned silence.Private investigator Jake Gittes (Jack Nicholson) watches helplessly as Evelyn Mulwray (Faye Dunaway) is gunned down, her daughter pulled into the arms of the very man she was running fr…",https://nofilmschool.com/chinatown-final-line-explained,https://nofilmschool.com/media-library/image.jpg?id=61628176&width=1200&height=600&coordinates=0%2C39%2C0%2C40,2025-09-21T05:55:03Z,"The final moments of Chinatown
 (1974) leave viewers in stunned silence.
Private investigator Jake Gittes (Jack Nicholson) watches helplessly as Evelyn Mulwray (Faye Dunaway) is gunned down, her da… [+12504 chars]",climate
"{'id': None, 'name': 'Digital Journal'}",AFP,"Evacuations in Philippines, Taiwan as super typhoon nears","The Philippines and Taiwan ordered evacuations Sunday ahead of possible flooding and landslides as Super Typhoon Ragasa approached, gaining strength on its way to an eventual collision with southern China. The storm was undergoing “rapid intensification” and …",https://www.digitaljournal.com/world/evacuations-in-philippines-taiwan-as-super-typhoon-nears/article,https://www.digitaljournal.com/wp-content/uploads/2025/09/2db39f3ee470407a8daacf5e1c7e61a87fc18672.jpg,2025-09-21T05:52:20Z,"Protesters rallied in Manila against misused floof relief funds Sunday as a new super typhoon bears down on the country - Copyright AFP TED ALJIBE
The Philippines and Taiwan ordered evacuations Sund… [+2388 chars]",climate
"{'id': None, 'name': 'BBC News'}",,Renewable energy proposal could reduce bills,People living near renewable energy projects may get electricity discounts in a proposed scheme.,https://www.bbc.com/news/articles/cpvl07kpye1o,https://ichef.bbci.co.uk/news/1024/branded_news/3ace/live/75c536d0-9595-11f0-b72b-7959ebab31f0.jpg,2025-09-21T05:36:06Z,"Louise CullenAgriculture and environment correspondent, BBC News NI
The scheme aims to encourage investment in wind, solar and energy storage projects across Northern Ireland 
People living near re… [+3805 chars]",climate
"{'id': None, 'name': 'Just Jared'}",Just Jared,Sarah Paulson Comments on the Current Political Landscape: ‘What Do We Do?’,Sarah Paulson is opening up about the current political climate. The 50-year-old actress shared some comments on what is currently going in the country and how she is finding hope. Keep reading to find out more… “It’s just conversations I’m having with my fri…,https://www.justjared.com/2025/09/21/sarah-paulson-comments-on-the-current-political-landscape-what-do-we-do/,https://cdn01.justjared.com/wp-content/uploads/headlines/2025/09/paulson-politics.jpg,2025-09-21T05:35:48Z,"Sarah Paulson is opening up about the current political climate. 
The 50-year-old actress shared some comments on what is currently going in the country and how she is finding hope. 
Keep reading t… [+718 chars]",climate
"{'id': None, 'name': 'The-independent.com'}",Adam White,Charlie Sheen: ‘I put good and decent people through hell’,"Now nearly eight years sober, the ‘Wall Street’ and ‘Two and a Half Men’ star has written a harrowing yet wildly funny memoir about his life so far. He speaks to Adam White about sex, death, addiction, and the disturbing Corey Haim allegation that just won’t …",https://www.the-independent.com/arts-entertainment/books/features/charlie-sheen-interview-memoir-netflix-b2829878.html,https://static.the-independent.com/2025/09/19/12/09/AP25252062850052.jpeg?width=1200&height=800&crop=1200:800,2025-09-21T05:00:00Z,"Your support helps us to tell the story
From reproductive rights to climate change to Big Tech, The Independent is on the ground when the story is developing. Whether it's investigating the financia… [+14368 chars]",climate
"{'id': None, 'name': 'The-independent.com'}",Annabel Nugent,Patricia Lockwood: ‘I went to God’s gang back in the day and our pants were enormous!’,"The award-winning author behind ‘Priestdaddy’, Lockwood – aka the Poet Laureate of Twitter – found her mind faltering when she came down with post-Covid mania. She speaks with Annabel Nugent about writing her second novel, quitting social media, and why she w…",https://www.the-independent.com/arts-entertainment/books/features/patricia-lockwood-will-there-ever-be-another-you-b2828444.html,"https://static.the-independent.com/2025/09/17/15/23/author-photo-Grep-Hoax.jpg?trim=0,0,0,0&width=1200&height=800&crop=1200:800",2025-09-21T05:00:00Z,"Your support helps us to tell the story
From reproductive rights to climate change to Big Tech, The Independent is on the ground when the story is developing. Whether it's investigating the financia… [+12812 chars]",climate
"{'id': None, 'name': 'Cairnsnews.org'}",Cairnsnews,"WA's Health Act is draconian, totalitarian legislation of the worst type - www.cairnsnews.org","WESTERN Australia’s Public Health Act 2016, section 158, is a recipe for totalitarian control of the population of the worst type – something equivalent to the East German Stasi’s terrorism of suspected dissenters among the population. Section 158 says, in pl…",https://cairnsnews.org/2025/09/21/was-health-act-is-draconian-totalitarian-legislation-of-the-worst-type/,https://cairnsnews.org/wp-content/uploads/2025/09/WA-Upper-House-in-session.png,2025-09-21T04:53:44Z,"WESTERN Australia’s Public Health Act 2016, section 158, is a recipe for totalitarian control of the population of the worst type – something equivalent to the East German Stasi’s terrorism of suspec… [+5200 chars]",climate
"{'id': None, 'name': 'Slashdot.org'}",feedfeeder,This unusual hybrid found in Texas is the first of its kind in the wild - Yahoo,"This unusual hybrid found in Texas is the first of its kind in the wildYahoo First known wild ‘grue jay’ hybrid spotted in TexasPopular Science Climate change might be pushing different species together, researchers say upon ‘grue’ jay discoveryCTV News Map o…",https://slashdot.org/firehose.pl?op=view&amp;id=179419150,,2025-09-21T04:52:11Z,The Fine Print: The following comments are owned by whoever posted them. We are not responsible for them in any way.,climate
"{'id': None, 'name': 'BusinessLine'}",Anshuman   Panda,"For small farmers, a levelled farm means a fair chance","How land levelling shapes productivity and resilience — it should be recognised as a critical tool that improves efficiency, supports crop diversification, and strengthens the economic stability of rural households",https://www.thehindubusinessline.com/economy/agri-business/for-small-farmers-a-levelled-farm-means-a-fair-chance/article70074288.ece,https://bl-i.thgim.com/public/incoming/ra275q/article70076418.ece/alternates/LANDSCAPE_1200/KIHVB_28-2-2010_15-0-28_PADDY_MECHANISATION_1.JPG,2025-09-21T04:45:00Z,"Across rural India, a farmers harvest can often be decided by something as basic as the slope of their land. Uneven terrain, marked by dips, rises, and undulating patches, creates stark challenges fo… [+5217 chars]",climate
"{'id': None, 'name': 'BusinessLine'}",Subramani Ra Mancombu,"Pick of BL commodities - September 21, 2025","Last week,  the Coffee Board came out with its post-blossom estimates for the 2025-26 season, pegging the production at a record high of over four lakh tonnes. The National Dairy Development Board (NDDB) is setting up 15 compressed biogas (CBG) plants at a co…",https://www.thehindubusinessline.com/newsletter/pick-of-bl-commodities/pick-of-bl-commodities-september-21-2025/article70073796.ece,https://bl-i.thgim.com/public/incoming/k0gdsd/article70073970.ece/alternates/LANDSCAPE_1200/IMG_FILE_PHOTO__Sao_Paul_2_1_45D22EN9.jpg,2025-09-21T04:30:00Z,"1. Indias coffee output for the crop year 2025-26, starting October, is pegged at a record high of 4.03 lakh tonnes (lt), according to the Coffee Boards post-blossom estimates. These initial projecti… [+1361 chars]",climate
"{'id': None, 'name': 'Independent.ie'}",James Maloney,The best of Irish agri-innovation showcased at the Ploughing Championships,"Cutting-edge digital tools harnessing AI, plus solutions focused on sustainability were top of the agenda in Screggan last week, as trailblazing Irish agri-tech companies showcased their novel innovations at this year’s National Ploughing Championships.",https://www.independent.ie/business/irish/the-best-of-irish-agri-innovation-showcased-at-the-ploughing-championships/a1650972411.html,https://www.independent.ie/extra/assets/img/dummy-social.gif,2025-09-21T04:30:00Z,"Cutting-edge digital tools harnessing AI, plus solutions focused on sustainability were top of the agenda in Screggan last week, as trailblazing Irish agri-tech companies showcased their novel innova… [+3321 chars]",climate
"{'id': None, 'name': 'Slashdot.org'}",feedfeeder,A bird no one's ever seen before just showed up in Texas - Chron,A bird no one's ever seen before just showed up in TexasChron First known wild ‘grue jay’ hybrid spotted in TexasPopular Science This unusual hybrid found in Texas is the first of its kind in the wildYahoo Climate change might be pushing different species tog…,https://slashdot.org/firehose.pl?op=view&amp;id=179418224,,2025-09-21T04:12:14Z,The Fine Print: The following comments are owned by whoever posted them. We are not responsible for them in any way.,climate
"{'id': None, 'name': 'blogTO'}",Misha Gajewski,Toronto mansion listed at over $18 million is like a fairytale castle,"If you've ever wondered what it looks like when classic Toronto architecture gets the full glow-up treatment, let us introduce you to this jaw-dropping Rosedale estate.Originally built in 1908 by famed architect Eden Smith — the guy behind some of the city's …",https://www.blogto.com/real-estate-toronto/2025/09/5-thornwood-road-toronto/,https://images.blogto.com/articles/20250918-5thornwoodroad-toronto-21.jpg?w=1200&cmd=resize_then_crop&height=630&quality=70&format=jpeg,2025-09-21T04:01:00Z,"If you've ever wondered what it looks like when classic Toronto architecture gets the full glow-up treatment, let us introduce you to this jaw-dropping Rosedale estate.
Originally built in 1908 by f… [+3088 chars]",climate
"{'id': None, 'name': 'BusinessLine'}",Ajay Kakra,Making farming affordable again: Will GST reforms help retain youth in agriculture,"Tax reform in India's agriculture industry is crucial to attract young farmers and transform farming into a modern, tech-driven profession.",https://www.thehindubusinessline.com/economy/agri-business/making-farming-affordable-again-will-gst-reforms-help-retain-youth-in-agriculture/article70074255.ece,https://bl-i.thgim.com/public/incoming/1lj03s/article70076378.ece/alternates/LANDSCAPE_1200/IMG_iStock-1458688223.jp_2_1_3EBRAT7D.jpg,2025-09-21T04:00:00Z,The agriculture industry in India is at a pivotal juncture. A lot of young people believe that agriculture is labor-intensive and offers few benefits. Growing expenses for anything from seeds to mach… [+4969 chars],climate
"{'id': None, 'name': 'Americanthinker.com'}",,Take your lunch to work to save the planet?,"So now we all are supposed to take our lunch to work now, to keep the Earth green.

A Newsweek article recently stated:


Millions of Americans in Texas have been urged to take their lunch to work amid concerns over high air pollution levels.
...",https://www.americanthinker.com/blog/2025/09/take_your_lunch_to_work_to_save_the_planet.html,https://images.americanthinker.com/bl/bl8cce598bavxaukuavj_800.jpg,2025-09-21T04:00:00Z,"So now we all are supposed to take our lunch to work now, to keep the Earth green.
A Newsweek article recently stated:
Millions of Americans in Texas have been urged to take their lunch to work ami… [+2076 chars]",climate
"{'id': None, 'name': 'Biztoc.com'}",youtube.com,"Climate Change Minister Chris Bowen focused on 'results', not Trump-PM meeting | Insiders | ABC News","This week, David Speers interviews Chris Bowen from New York, discussing the governments new 2035 emissions target.",https://biztoc.com/x/31d10f6a3c78673a,https://biztoc.com/cdn/31d10f6a3c78673a_s.webp,2025-09-21T03:51:04Z,"This week, David Speers interviews Chris Bowen from New York, discussing the governments new 2035 emissions target.
This story appeared on youtube.com, 2025-09-21 02:23:44.",climate
"{'id': None, 'name': 'Science Daily'}",,Strange new hybrid bird spotted in Texas backyard,"In Texas, biologists have documented an extraordinary bird — the natural hybrid offspring of a green jay and a blue jay. Once separated by millions of years of evolution and distinct ranges, the two species were brought together as climate change expanded the…",https://www.sciencedaily.com/releases/2025/09/250920214309.htm,https://www.sciencedaily.com/images/1920/rare-hybrid-bird-grue-jay.webp,2025-09-21T03:45:10Z,"Biologists at The University of Texas at Austin, who have reported discovering a bird that's the natural result of a green jay and a blue jay's mating, say it may be among the first examples of a hyb… [+4150 chars]",climate
"{'id': None, 'name': 'BusinessLine'}",Rahul   B. Hiremath,From cement kilns to crop fields: How captured carbon could revolutionise Indian fertiliser production,"Transforming cement plant CO₂ emissions into green urea could revolutionize India's agriculture, economy, and climate goals, offering a sustainable solution.",https://www.thehindubusinessline.com/economy/agri-business/from-cement-kilns-to-crop-fields-how-captured-carbon-could-revolutionise-indian-fertiliser-production/article70074206.ece,https://bl-i.thgim.com/public/incoming/s91ae5/article70076366.ece/alternates/LANDSCAPE_1200/05_Standalone_Smoke_03_03_Delhi.jpg,2025-09-21T03:30:00Z,"The cement industry, a cornerstone of modern infrastructure, carries a heavy environmental cost. Globally, it contributes about 8 per cent of carbon dioxide (CO) emissionscomparable to entire countri… [+4415 chars]",climate
"{'id': 'marca', 'name': 'Marca'}",marca.com,New Xbox pricing has gamers fearful of the next generation of consoles,"The video game industry is always changing, and it has always been susceptible to economic conditions around the world. Like many other industries, it hasn&apos;t been impervious t",https://www.marca.com/en/technology/gaming/2025/09/21/68cf6288e2704e96498b457a.html,https://e01-phantom-marca.uecdn.es/fdececf7f265a965cefc9a12b94b1a14/resize/1200/f/webp/assets/multimedia/imagenes/2025/09/21/17584226579114.png,2025-09-21T03:16:34Z,"The video game industry is always changing, and it has always been susceptible to economic conditions around the world. Like many other industries, it hasn't been impervious to the current financial … [+1487 chars]",climate
"{'id': None, 'name': 'Digital Journal'}",AFP,Guinea to vote in constitutional referendum boycotted by opposition,"Four years after the military seized power, Guineans will finally vote Sunday on a new draft constitution that would pave the way for elections but also permit the country’s junta leader to run for president, in a referendum boycotted by the opposition. The v…",https://www.digitaljournal.com/?p=3809572,,2025-09-21T03:07:20Z,"Four years after the military seized power, Guineans will finally vote Sunday on a new draft constitution that would pave the way for elections but also permit the country’s junta leader to run for p… [+4162 chars]",climate
"{'id': None, 'name': 'International Business Times'}",Lucie PEYTERMANN,Guinea To Vote In Constitutional Referendum Boycotted By Opposition,"Four years after the military seized power, Guineans will finally vote Sunday on a new draft constitution that would pave the way for elections but also permit the country's junta leader to run for president, in a referendum boycotted by the opposition.",https://www.ibtimes.com/guinea-vote-constitutional-referendum-boycotted-opposition-3784058,https://d.ibtimes.com/en/full/4622912/worker-loads-voting-booths-pickup-truck-conakry-eve-countrys-constitutional-referendum.jpg,2025-09-21T03:06:22Z,"Four years after the military seized power, Guineans will finally vote Sunday on a new draft constitution that would pave the way for elections but also permit the country's junta leader to run for p… [+4100 chars]",climate
"{'id': None, 'name': 'The Japan Times'}",Mara Budgen,"As Japan keeps buying gas, Aboriginal Australians pay the price","Japan is Australia’s second-largest export market for energy and natural resources, giving Tokyo a certain political weight when it comes to Australian energy matters.",https://www.japantimes.co.jp/environment/2025/09/21/energy/australia-lng-japan/,https://www.japantimes.co.jp/japantimes/uploads/images/2025/09/21/495030.jpg?v=3.1,2025-09-21T02:43:00Z,"Northern Territory, Australia Riding along the coast on a small fishing boat, Paulina Jedda Puruntatameri gestures to the point where a long, pristine beach curves beyond sight, giving way to an expa… [+14975 chars]",climate
"{'id': 'the-times-of-india', 'name': 'The Times of India'}",Manu Kaushik,"70,000 Americans could die every year from wildfire smoke by 2050, study warns","A new study reveals a concerning surge in wildfire-related deaths in the US, potentially reaching 70,000 annually by 2050. This escalating crisis, fueled by climate change, positions wildfire smoke as the deadliest climate threat, surpassing heat and storms i…",https://economictimes.indiatimes.com/news/international/us/70000-americans-could-die-every-year-from-wildfire-smoke-by-2050-study-warns/articleshow/124023238.cms,"https://img.etimg.com/thumb/msid-124023240,width-1200,height-630,imgsize-1352338,overlay-economictimes/articleshow.jpg",2025-09-21T02:10:12Z,"Wildfires are rapidly shifting from a seasonal nuisance to one of the most pressing health threats in the United States, with new research warning they could drive tens of thousands of additional dea… [+3232 chars]",climate
"{'id': None, 'name': 'Forbes'}","Layne Randolph, Contributor, 
 Layne Randolph, Contributor
 https://www.forbes.com/sites/laynerandolph/",Why Sheep Are Showing Up In Vineyards Everywhere,"For winemakers seeking regenerative, biodynamic practices and enhanced fruit flavor, sheep grazing is where the ancient and the innovative converge.",https://www.forbes.com/sites/laynerandolph/2025/09/20/why-sheep-are-showing-up-in-vineyards-everywhere/,https://imageio.forbes.com/specials-images/imageserve/68cf1c6df14dd561ee08e1c9/0x0.jpg?format=jpg&height=900&width=1600&fit=bounds,2025-09-21T01:48:05Z,"PITMINSTER, UNITED KINGDOM - MARCH 07: Newborn Lambs are seen roaming the fields at Somerset Sheep Trekking on March 07, 2024 in Pitminster, United Kingdom. (Photo by Harry Trump/Getty Images)
Getty… [+6604 chars]",climate
"{'id': 'the-times-of-india', 'name': 'The Times of India'}",ANI,"Centre launches special campaign to promote 'Swachhta', good governance","Government's Special Campaign 5.0, coordinated by DARPG, is gaining momentum, with the implementation phase set for October 2-31, following preparatory activities from September 15-30. Ministries are actively nominating nodal officers, assessing scrap disposa…",https://economictimes.indiatimes.com/news/india/centre-launches-special-campaign-to-promote-swachhta-good-governance/articleshow/124023177.cms,"https://img.etimg.com/thumb/msid-124023181,width-1200,height-630,imgsize-39296,overlay-economictimes/articleshow.jpg",2025-09-21T01:47:22Z,"The Special Campaign 5.0 launched by the Government, with the Department of Administrative Reforms &amp; Public Grievances as the nodal department, has gained significant momentum in its preparatory … [+2937 chars]",climate
"{'id': None, 'name': 'Freerepublic.com'}",Speedcafe,Why the (Australian) government wants to tell you what car to buy,"The Australian Government’s 2035 emissions target is ambitious, and the vehicles we buy are included in the pathway. Earlier this week the Federal Government announced it had set a national target to reduce overall emissions by 62 to 70 per cent (compared to …",https://freerepublic.com/focus/f-bloggers/4341823/posts,,2025-09-21T00:42:05Z,"Skip to comments.
Why the (Australian) government wants to tell you what car to buySpeedcafe ^
 | September 19, 2025
 | Jordan Mulach
Posted on 09/20/2025 5:42:05 PM PDT by WhiteHatBobby0701
The… [+6837 chars]",climate
"{'id': 'abc-news-au', 'name': 'ABC News (AU)'}",Tom Crowley,"Government has not set 2035 renewables target, downplays 90 per cent","In New York for the UN summit, Energy Minister Chris Bowen declines to offer a renewable energy target for 2035 after the Climate Change Authority projected more than 90 per cent would be needed to hit its recommended emissions target.",https://www.abc.net.au/news/2025-09-21/government-yet-to-set-2035-renewables-target/105798906,https://live-production.wcms.abc-cdn.net.au/f6fe59aa28096d6019564d8c5570a8db?impolicy=wcms_watermark_news&cropH=576&cropW=1024&xPos=0&yPos=0&width=862&height=485&imformat=generic,2025-09-21T00:39:16Z,"Australia has not set a renewable energy target to match its 2035 climate goal, with minister Chris Bowen distancing himself from the suggestion a near-complete renewables rollout would be needed. 
… [+3764 chars]",climate
"{'id': None, 'name': 'Antaranews.com'}","Fathur Rochman, Kuntum Khaira Riswan",Prabowo arrives in New York for 80th UN General Assembly,"President Prabowo Subianto landed at John F. Kennedy International Airport in New York at 4:50 p.m. local time on Saturday, marking the start of his official ...",https://en.antaranews.com/news/381244/prabowo-arrives-in-new-york-for-80th-un-general-assembly,https://cdn.antaranews.com/cache/1200x800/2025/09/21/1000037732.jpg,2025-09-21T00:38:43Z,"New York (ANTARA) - President Prabowo Subianto landed at John F. Kennedy International Airport in New York at 4:50 p.m. local time on Saturday, marking the start of his official visit for the 80th UN… [+1959 chars]",climate
"{'id': None, 'name': 'Biztoc.com'}",newsweek.com,Thousands Protest on NYC Streets Ahead of Climate Week,Climate activists marched through Manhattan targeting billionaires ahead of Climate Week NYC's September 21-28 events.,https://biztoc.com/x/a8105a47daacb60a,https://biztoc.com/cdn/950/og.png,2025-09-21T00:14:35Z,"Climate activists marched through Manhattan targeting billionaires ahead of Climate Week NYC's September 21-28 events.
This story appeared on newsweek.com, 2025-09-21 00:08:58.",climate
"{'id': 'newsweek', 'name': 'Newsweek'}",Adeola Adeosun,Thousands Protest on NYC Streets Ahead of Climate Week,Climate activists marched through Manhattan targeting billionaires ahead of Climate Week NYC's September 21-28 events.,https://www.newsweek.com/thousands-protest-nyc-streets-ahead-climate-week-2133168,https://d.newsweek.com/en/full/2726793/nyc-climate-protests.jpg,2025-09-21T00:08:58Z,"Thousands of climate activists marched through Manhattan streets today as part of a coordinated global wave of protests demanding urgent environmental change.
The demonstration took place on the eve… [+4855 chars]",climate
"{'id': None, 'name': 'Thebrighterside.news'}",Joshua Shavit,Fossil discovery reinvents story of echidna and platypus evolution,"If you’ve always thought echidnas and platypuses were distant cousins who went their separate ways on land and water, think again. A single fossilized arm...",https://www.thebrighterside.news/post/fossil-discovery-reinvents-story-of-echidna-and-platypus-evolution/,https://media.zenfs.com/en/the_brighter_side_of_news_articles_781/11140f07eca94e1616c76e49837a5368,2025-09-21T00:07:00Z,"If youve always thought echidnas and platypuses were distant cousins who went their separate ways on land and water, think again. A single fossilized arm bone, found in a remote corner of southeaster… [+6964 chars]",climate
"{'id': None, 'name': 'Hoover.org'}","September 21, 2025","Articles On: Chinese Rare Earth Licenses, Climate Plans, Lung Cancer, and Zambia",China is the world’s largest emitter of greenhouse gases and generates enormous pollution and environmental degradation. This section highlights the activities carried out by entities controlled by the Chinese Communist Party that harm our environment.,https://www.hoover.org/research/articles-chinese-rare-earth-licenses-climate-plans-lung-cancer-and-zambia-0,https://www.hoover.org/sites/default/files/styles/facebook/public/research/images/csgp_environmental.jpg?h=2d9e26d4&itok=wpDLG93u,2025-09-21T00:00:00Z,"Located on the campus of Stanford University and in Washington, DC, the Hoover Institution is the nations preeminent research center dedicated to generating policy ideas that promote economic prosper… [+62 chars]",climate
