source,author,title,description,url,urlToImage,publishedAt,content,topic
"{'id': None, 'name': 'Livemint'}",mint,The EV challenge: Ford and GM are running out of time to reinvent themselves in the wake of a Chinese expansion,"A protectionist and EV-sceptic administration in Washington has won them time but they would do themselves a favour by using it to get their innovation strategies right as new technology vehicles, particularly by the Chinese, gain ground around the world amid…",https://www.livemint.com/opinion/online-views/the-ev-challenge-ford-and-gm-are-running-out-of-time-to-reinvent-themselves-in-the-wake-of-chinese-expansion-tesla-byd-11766660255160.html,https://www.livemint.com/lm-img/img/2025/12/25/1600x900/logo/im-858040_1695820375993_1766660501713.jpg,2025-12-26T07:30:44Z,"His more measured counterparts in Detroit donned them virtually via flattery to President Donald Trump, even (especially?) when he was tormenting them.
Most surprisingly, Toyota Motor Corp.s Chairma… [+6221 chars]",technology
"{'id': None, 'name': 'Wallpaper*'}",Jonathan Bell,"Top 10 gadgets of 2025, as chosen by technology editor Jonathan Bell",What were the most desirable launches of the last 12 months? We’ve checked the archives to bring you this list of the year’s ten best devices,https://www.wallpaper.com/tech/top-10-gadgets-of-2025,https://cdn.mos.cms.futurecdn.net/vUNBPBBiAxHBW8XmLZZgp4-2560-80.jpg,2025-12-26T07:30:00Z,"It was business as usual in 2025, with only the spectre of AI attempting to re-shape the way we interact with every form of personal tech. Last year we suggested that Google’s Gemini – and its many r… [+2928 chars]",technology
"{'id': 'the-times-of-india', 'name': 'The Times of India'}",ET Online,$15 billion haul: The year world fell in love with an Indian business,"Year ender 2025 special: India's banking sector became a global money magnet in 2025, attracting an estimated $14-15 billion in foreign investment. Major deals by Mitsubishi UFJ and Emirates NBD signaled deep strategic engagement, not just passive participati…",https://economictimes.indiatimes.com/industry/banking/finance/banking/year-ender-2025-15-billion-haul-the-year-world-fell-in-love-with-an-indian-business/articleshow/126185203.cms,"https://img.etimg.com/thumb/msid-126185323,width-1200,height-630,imgsize-37228,overlay-economictimes/articleshow.jpg",2025-12-26T07:23:08Z,"The year 2025 turned the Indian banking industry into a global money magnet. The banking, financial services and insurance (BFSI) sector registered a blockbuster year of foreign interest. Foreign ban… [+6178 chars]",technology
"{'id': None, 'name': 'Livemint'}",Priyanka Sharma,"India sets 2026 health agenda: Drug quality, innovation, TB and obesity take centre stage","The Indian government plans to enhance drug quality and digital health by 2026, with a focus on good manufacturing practices. The pharmaceutical market is expected to expand significantly, but small manufacturers face challenges in compliance and capital inve…",https://www.livemint.com/industry/india-health-2026-agenda-quality-drugs-innovation-obesity-tb-weight-loss-r-d-gmp-ai-pollution-digital-healthcare-11765903909679.html,https://www.livemint.com/lm-img/img/2025/12/23/1600x900/logo/high_med_1766485995127_1766486004252.jpg,2025-12-26T07:21:49Z,"NEW DELHI: India is pushing to upgrade its image from the 'pharmacy of the world' to a global life sciences hub, a goal that faces critical execution risks, especially concerning quality standards an… [+5236 chars]",technology
"{'id': None, 'name': 'Livemint'}",Sowmya Ramasubramanian,"Prosus-backed ElasticRun's quick commerce wing is bringing speed to FMCG, grocery deliveries in small towns","In FY25, ElasticRun narrowed its net loss to  ₹145 crore from  ₹360 crore in the previous year, helped by improved efficiencies in logistics and focus on regional brands.",https://www.livemint.com/companies/prosus-elasticrun-quick-commerce-fmcg-groceries-deliveries-small-towns-food-merchandise-pharma-11766724416565.html,https://www.livemint.com/lm-img/img/2025/12/26/1600x900/logo/gc6fa4dc0eb73abbd5aa794bba6561c55afeebf915b1973564_1718863365703_1766732869759.jpg,2025-12-26T07:17:12Z,"The B2B e-commerce unicorn is expanding its network of dark stores, aiming to offer two-to-four-hour deliveries in tier-2 and tier-3 towns, effectively bridging the gap between high-speed urban fulfi… [+3782 chars]",technology
"{'id': None, 'name': 'Digitimes'}",Jingyue Hsiao,Egis Technology Group outlines dual cloud and edge AI strategy targeting 2026 results,"Egis Technology Group recently held an investor briefing to present its operational outlook for 2026, focusing on a dual approach to cloud AI and edge AI development. The group aims to deliver tangible outcomes by 2026 and 2027 through leveraging the strength…",https://www.digitimes.com/news/a20251226PD205/egis-technology-2026-cloud-ai-outlook-alcor-micro.html,https://img.digitimes.com/newsshow/20251226pd205_files/1_b.jpg,2025-12-26T07:14:54Z,"Save my User ID and Password
Some subscribers prefer to save their log-in information so they do not have to enter their User ID and Password each time they visit the site. To activate this function… [+307 chars]",technology
"{'id': None, 'name': 'India Today'}",Rajendra Upadhyaya,Which insurance trends and opportunities will define 2026?,Powered by artificial intelligence rising climate risks and changing customer expectations the insurance industry is now silently transforming itself Some of the trends that we may see in 2026 could look very different from what most people expect today,https://www.indiatoday.in/business/story/how-will-insurance-industry-trends-create-new-opportunities-in-2026-2842021-2025-12-26,https://akm-img-a-in.tosshub.com/indiatoday/images/story/202512/insurance-26501164-16x9_0.jpg?VersionId=mKcOcAcH4ST4gXO.31qhAEimG_SIkGu9,2025-12-26T07:13:29Z,"For decades, insurance has been viewed as a slow-moving industry with little history of innovation. Over the last two decades, changes in regulations and the participation of new players have helped … [+6353 chars]",technology
"{'id': None, 'name': 'The Christian Post'}",Samantha Kamman,"2 Timothy 3:16 is Logos' Bible verse of the year, Matthew was the most studied book","One of the most-studied Bible verses of the year is from 2 Timothy in the New Testament, according to an analysis of millions of Bible study sessions that tracked how believers worldwide are engaging with Scripture.",https://www.christianpost.com/news/christians-hungry-for-more-in-depth-bible-reading-survey.html,https://www.christiantoday.com/media/original/thumbnail/14/42/144232.jpg,2025-12-26T07:09:00Z,"The study identified a hunger for in-depth Bible study. (Photo: Getty/iStock)
One of the most-studied Bible verses of the year is from 2 Timothy in the New Testament, according to an analysis of mil… [+3746 chars]",technology
"{'id': None, 'name': 'Lifesciencesworld.com'}",Noah Whitman,Are oceanographers in demand?,"Are Oceanographers in Demand? Exploring the Current Job Market Yes, oceanographers are in demand, particularly those with specialized skills in emerging areas like climate change research, renewable energy, and coastal management. The need for experts who can…",https://www.lifesciencesworld.com/are-oceanographers-in-demand/,,2025-12-26T07:05:07Z,"Yes, oceanographers are in demand, particularly those with specialized skills in emerging areas like climate change research, renewable energy, and coastal management. The need for experts who can un… [+11331 chars]",technology
"{'id': None, 'name': 'Khabarhub.com'}",Khabarhub,"Kharel steps up political outreach, meets Deuba and Oli to build election environment","KATHMANDU: Government Spokesperson and Minister for Communication and Information Technology Jagdish Kharel has intensified political consultations, holding back-to-back meetings with top leaders of major political parties on Friday. Kharel met Nepali Congres…",https://english.khabarhub.com/2025/26/513127/,https://english.khabarhub.com/wp-content/uploads/2025/12/Jagadish-Kharel-KP-Sharma-Oli.jpg,2025-12-26T07:04:23Z,"KATHMANDU: Government Spokesperson and Minister for Communication and Information Technology Jagdish Kharel has intensified political consultations, holding back-to-back meetings with top leaders of … [+1047 chars]",technology
"{'id': None, 'name': 'Yahoo Entertainment'}",The Associated Press,Houston takes home win streak into matchup with Cleveland,Cleveland is second in the Eastern Conference scoring 120.2 points per game and is shooting 46.5%. The Rockets make 48.9% of their shots from the field this ...,https://sports.yahoo.com/articles/houston-takes-home-win-streak-070347134.html,https://s.yimg.com/cv/apiv2/social/images/yahoo_default_logo-1200x1200.png,2025-12-26T07:03:47Z,"Cleveland Cavaliers (17-15, seventh in the Eastern Conference) vs. Houston Rockets (18-10, sixth in the Western Conference)
Houston; Saturday, 8 p.m. EST
BOTTOM LINE: Houston will try to keep its t… [+1718 chars]",technology
"{'id': None, 'name': 'Yahoo Entertainment'}",The Associated Press,"Dallas plays Sacramento, aims to stop road skid",The Kings are 5-19 against Western Conference opponents. Sacramento is 7-13 when it wins the turnover battle and averages 13.7 turnovers per game. The...,https://sports.yahoo.com/articles/dallas-plays-sacramento-aims-stop-070347444.html,https://s.yimg.com/cv/apiv2/social/images/yahoo_default_logo-1200x1200.png,2025-12-26T07:03:47Z,"Dallas Mavericks (12-19, 11th in the Western Conference) vs. Sacramento Kings (7-23, 15th in the Western Conference)
Sacramento, California; Saturday, 5 p.m. EST
BOTTOM LINE: Dallas will look to en… [+1792 chars]",technology
"{'id': None, 'name': 'Boredpanda.com'}",Rūta Zumbrickaitė,"Older Man In Goodwill Store Bashes Younger Generations, Woman Shuts Him Down In An Instant",One thrift-store checkout turned awkward fast when a stranger decided to test a woman’s patriotism in public. What began as light banter over a flag shirt spiraled into generational jabs and a pop quiz no one asked for. Discover how the holiday shopping trip …,https://www.boredpanda.com/woman-humble-old-man-manners/,https://www.boredpanda.com/blog/wp-content/uploads/2025/12/woman-humble-old-man-manners-fb.png,2025-12-26T07:00:56Z,"It’s been said that you can’t teach an old dog new tricks, but what about old humans? Some older folks end up getting deeply set in their ways, clinging onto the “good old days” that worked for them,… [+9131 chars]",technology
"{'id': None, 'name': 'Geeky Gadgets'}",Julian Horsey,"Google’s FunctionGemma Turns Natural Language into Fast, Private Function Calls","What if you could bridge the gap between natural language and precise, actionable commands, all without overburdening your hardware or compromising privacy? That’s exactly what FunctionGemma promises to deliver. Below the Google Development team breaks down h…",https://www.geeky-gadgets.com/functiongemma-overview/,https://www.geeky-gadgets.com/wp-content/uploads/2025/12/gemma-3-function-calling-api-actions_optimized.jpg,2025-12-26T07:00:46Z,"What if you could bridge the gap between natural language and precise, actionable commands, all without overburdening your hardware or compromising privacy? Thats exactly what FunctionGemma promises … [+7857 chars]",technology
"{'id': None, 'name': 'Iasbaba.com'}",IASbaba,DAILY CURRENT AFFAIRS IAS | UPSC Prelims and Mains Exam – 25th December,"Archives (PRELIMS  Focus) (MAINS Focus)  
The post DAILY CURRENT AFFAIRS IAS | UPSC Prelims and Mains Exam – 25th December appeared first on IASbaba.",https://iasbaba.com/2025/12/daily-current-affairs-ias-upsc-prelims-and-mains-exam-25th-december/,https://iasbaba.com/wp-content/uploads/2025/12/25a-300x165.png,2025-12-26T06:59:48Z,"(UPSC GS Paper III Security Challenges and their Management in Border Areas; GS Paper II Governance, CentreState Relations)
Context (Introduction)
Amid rapid maritime expansion and rising non-tradi… [+5158 chars]",technology
"{'id': None, 'name': 'Khabarhub.com'}",Khabarhub,PM Karki expanding Cabinet for fifth time today,"KATHMANDU: Prime Minister (PM) Sushila Karki is expanding her Cabinet for the fifth time, taking the total number of ministers to 15. Former Nepali Army Lieutenant General Balananda Sharma is likely to be appointed Minister for Foreign Affairs. According to s…",https://english.khabarhub.com/2025/26/513123/,https://english.khabarhub.com/wp-content/uploads/2025/11/sushila-karki-6-1.jpg,2025-12-26T06:56:17Z,"KATHMANDU: Prime Minister (PM) Sushila Karki is expanding her Cabinet for the fifth time, taking the total number of ministers to 15.
Former Nepali Army Lieutenant General Balananda Sharma is likely… [+1247 chars]",technology
"{'id': None, 'name': 'Samsung.com'}",Samsung Us,Galaxy Z Flip4 Smurf Swimming Case,Discover the latest features and innovations available in the Galaxy Z Flip4 Smurf Swimming Case. Find the perfect Mobile Accessories for you!,https://www.samsung.com/us/business/mobile/mobile-accessories/phones/galaxy-z-flip4-smurf-swimming-case-gp-fpf721hiauw/,https://image-us.samsung.com/SamsungUS/home/mobile/mobile-accessories/fold4-flip4-accessories/GP-FPF721HIAUW_UX-1600x1200.jpg?$default-400-jpg$,2025-12-26T06:54:36Z,"CUSTOMER RATINGS AND REVIEWS TERMS OF USE
These Terms of Use govern your conduct associated with the Customer Ratings and Review service offered by SAMSUNG (the ""CRR Service""). To the extent there i… [+3877 chars]",technology
"{'id': None, 'name': 'Joinbrands.com'}",Ian Sells,Top Influencer Marketing Platforms for 2025: A Comprehensive Guide - JoinBrands,"In today's digital landscape, influencer marketing platforms have become essential tools for brands seeking authentic partnerships and enhanced market reach.",https://joinbrands.com/blog/best-influencer-marketplace/,https://joinbrands.com/wp-content/uploads/2024/02/pexels-mikael-blomkvist-6476589.jpg,2025-12-26T06:46:52Z,"In today’s digital landscape, influencer marketing platforms have become essential tools for brands seeking authentic partnerships and enhanced market reach. Let’s explore the leading platforms that … [+11027 chars]",technology
"{'id': 'the-times-of-india', 'name': 'The Times of India'}",ETMarkets.com,Lenskart shares jump 4% after Korea acquisition update. Check details here,"Lenskart Solutions shares rose on Friday after the company disclosed a fresh acquisition update from the Republic of Korea, highlighting its investment in technology-enabled eye-testing and lens-cutting equipment through its Singapore arm.",https://economictimes.indiatimes.com/markets/stocks/news/lenskart-shares-jump-4-after-korea-acquisition-update-check-details-here/articleshow/126184792.cms,"https://img.etimg.com/thumb/msid-126184836,width-1200,height-630,imgsize-456316,overlay-etmarkets/articleshow.jpg",2025-12-26T06:46:36Z,"(What's moving Sensex and Nifty Track latest market news, stock tips, Budget 2025, Share Market on Budget 2025 and expert advice, on ETMarkets. Also, ETMarkets.com is now on Telegram. For fastest new… [+330 chars]",technology
"{'id': None, 'name': 'Livemint'}",list.metadata.agency,China Starts State-Backed Venture Funds to Support Tech Startups,"China has officially launched a national venture capital fund and three large regional funds, together worth billions of dollars, as part of a push to foster home-grown tech champions and improve investment efficiency.",https://www.livemint.com/companies/news/china-starts-state-backed-venture-funds-to-support-tech-startups-11766731315762.html,https://www.livemint.com/lm-img/img/2024/12/06/1600x900/logo/company_3_1733465099406_1733465108677.png,2025-12-26T06:41:55Z,"China has officially launched a national venture capital fund and three large regional funds, together worth billions of dollars, as part of a push to foster home-grown tech champions and improve inv… [+2634 chars]",technology
"{'id': None, 'name': 'SamMobile'}",Asif Iqbal Shaik,Samsung has AI-upscaled an entire channel on its TVs,"Two years ago, Samsung unveiled Vision AI features for its TVs. Slowly, the company has expanded the AI feature set on its Smart Monitors and TVs. Today, the company has launched an entire AI-upscaled channel that improves SD and HD resolution content to 4K r…",https://www.sammobile.com/news/samsung-tv-plus-ai-upscaled-entire-channel-k-dramas/,https://www.sammobile.com/wp-content/uploads/2025/12/Samsung-TV-Plus-All-In-One-Vision-AI-Integrated-Channel-1200x675.jpg,2025-12-26T06:35:45Z,"Two years ago, Samsung unveiled Vision AI features for its TVs. Slowly, the company has expanded the AI feature set on its Smart Monitors and TVs. Today, the company has launched an entire AI-upscale… [+1401 chars]",technology
"{'id': 'al-jazeera-english', 'name': 'Al Jazeera English'}",David D. Lee,North Korea’s Kim Jong Un pushes more missile production as ‘war deterrent’,"North Korean leader calls for increased production of missiles, shells and more factories to produce them.",https://www.aljazeera.com/news/2025/12/26/north-koreas-kim-jong-un-pushes-more-missile-production-as-war-deterrent,https://www.aljazeera.com/wp-content/uploads/2025/12/AFP__20251225__88ZF6WH__v2__HighRes__TopshotNkoreaPolitics-1766727743.jpg?resize=1920%2C1440,2025-12-26T06:28:40Z,"North Korean leader Kim Jong Un has ordered his officials to step up production of missiles and artillery shells and construct more factories to meet his militarys growing need for the weapons, the s… [+3751 chars]",technology
"{'id': 'the-times-of-india', 'name': 'The Times of India'}",ETtech,Chip startup Groq’s Jonathan Ross will do ‘incredible things’ at Nvidia: Social Capital CEO Chamath Palihapitiya,Chip giant Nvidia has acquired assets and talent from AI startup Groq for $20 billion. This deal brings Groq's specialized inference chip technology to Nvidia. Groq founder Jonathan Ross and key staff will join Nvidia. Groq will continue its cloud business in…,https://economictimes.indiatimes.com/tech/technology/chip-startup-groqs-jonathan-ross-will-do-incredible-things-at-nvidia-social-capital-ceo-chamath-palihapitiya/articleshow/126184361.cms,"https://img.etimg.com/thumb/width-1200,height-900,imgsize-71406,resizemode-75,msid-126184361/tech/technology/chip-startup-groqs-jonathan-ross-will-do-incredible-things-at-nvidia-social-capital-ceo-chamath-palihapitiya.jpg",2025-12-26T06:22:12Z,"Chamath Palihapitiya, chief executive of venture capital firm Social Capital, said Jonathan Ross and team Groq would do incredible things at Nvidia. The chipmaking giant has agreed to acquire assets … [+2197 chars]",technology
"{'id': None, 'name': 'Javacodegeeks.com'}",Eleftheria Drosopoulou,"API Design in Java: REST, GraphQL, gRPC Comparison","Modern application development demands robust, efficient communication between distributed systems. As architects and developers, we face crucial decisions about which API paradigm best serves our use case. Three approaches dominate the landscape: REST, Graph…",https://www.javacodegeeks.com/2025/12/api-design-in-java-rest-graphql-grpc-comparison.html,https://www.javacodegeeks.com/wp-content/uploads/2012/10/java-logo.jpg,2025-12-26T06:19:00Z,"Modern application development demands robust, efficient communication between distributed systems. As architects and developers, we face crucial decisions about which API paradigm best serves our us… [+15627 chars]",technology
"{'id': None, 'name': 'Khabarhub.com'}",Khabarhub,Deuba says Nepali Congress preparing to contest March 5 elections,"KATHMANDU: Nepali Congress President Sher Bahadur Deuba has said that his party has already begun preparations to participate in the House of Representatives election scheduled for March 5, 2026. During a meeting with Minister for Communication and Informatio…",https://english.khabarhub.com/2025/26/513117/,https://english.khabarhub.com/wp-content/uploads/2025/12/Sher-Bahadur-Deuba-Jagadish-Kharel-e1766726283873.jpg,2025-12-26T06:15:44Z,"KATHMANDU: Nepali Congress President Sher Bahadur Deuba has said that his party has already begun preparations to participate in the House of Representatives election scheduled for March 5, 2026.
Du… [+668 chars]",technology
"{'id': None, 'name': 'Hurriyet Daily News'}",hurriyetdailynews.com,Rising sea level in Black Sea poses risk to 160 mln: Study,"The sea level in the Black Sea has risen by around 10 to 12 centimeters over the past three decades, exposing coastal regions and approximately 160 million people living along the basin to growing risks linked to climate change, according to a Turkish academi…",https://www.hurriyetdailynews.com/rising-sea-level-in-black-sea-poses-risk-to-160-mln-study-217204,https://image.hurimg.com/i/hurriyet/75/200x200/694e27a078171e1b1521a068.jpg,2025-12-26T06:13:54Z,"ZONGULDAK
The sea level in the Black Sea has risen by around 10 to 12 centimeters over the past three decades, exposing coastal regions and approximately 160 million people living along the basin to… [+2825 chars]",technology
"{'id': None, 'name': 'Dubaichronicle.com'}",Dubai Chronicle,Dubai Business Climate Index Signals Steady Confidence Going Into 2026,"Dubai’s business community continues to show strong confidence in the months ahead, according to the latest Dubai Business Climate Index (DBCI) for Q4 2025, released by Dubai Chambers. The index reached 173 points, rising slightly from the previous quarter an…",https://www.dubaichronicle.com/2025/12/26/dubai-business-climate-index-signals-steady-confidence/,https://i0.wp.com/www.dubaichronicle.com/wp-content/uploads/2025/12/Initiative-advances-goals-of-Dubai-Economic-Agenda-D33-and-aligns-with-its-key-priority-of-facilitating-business-set-up-and-operation.jpg?fit=1200%2C868&ssl=1,2025-12-26T06:08:43Z,"Dubais business community continues to show strong confidence in the months ahead, according to the latest Dubai Business Climate Index (DBCI) for Q4 2025, released by Dubai Chambers. The index reach… [+4010 chars]",technology
"{'id': 'the-times-of-india', 'name': 'The Times of India'}",AP,"Amid a battery boom and China fears, graphite mining gets a fresh look in the US: Report","After years of dormancy, the US is dusting off its graphite mines to tap into the surging demand for this essential battery component. The rise of electric vehicles and technology has sparked a newfound urgency to reduce reliance on foreign sources, particula…",https://economictimes.indiatimes.com/tech/technology/amid-a-battery-boom-and-china-fears-graphite-mining-gets-a-fresh-look-in-the-us-report/articleshow/126184306.cms,"https://img.etimg.com/thumb/width-1200,height-900,imgsize-215578,resizemode-75,msid-126184306/tech/technology/amid-a-battery-boom-and-china-fears-graphite-mining-gets-a-fresh-look-in-the-us-report.jpg",2025-12-26T06:06:49Z,Graphite mines in the United States largely closed down seven decades ago. Mining the ubiquitous mineral found in everything from nuclear reactors to pencils seemed to make little sense when it could… [+5317 chars],technology
"{'id': None, 'name': 'GlobeNewswire'}",Precedence Research,Trends in Caps and Closures Market 2025-35,"According to researchers from Towards Packaging, the global caps and closures market, estimated at USD 85.2 billion in 2025, is forecast to expand to USD 138.18 billion by 2034, growing at a CAGR of 5.52% over the forecast period. According to researchers fro…",https://www.globenewswire.com/news-release/2025/12/26/3210502/0/en/Trends-in-Caps-and-Closures-Market-2025-35.html,https://ml.globenewswire.com/Resource/Download/01eb1f79-0c67-420b-b423-376619f975cd,2025-12-26T06:03:00Z,"Ottawa, Dec. 26, 2025 (GLOBE NEWSWIRE) -- The global caps and closures market hit USD 85.2 billion in 2025, with current forecasts pointing to USD 138.19 billion by 2034, according to Towards Packagi… [+17908 chars]",technology
"{'id': None, 'name': 'New York Post'}",Ariel Zilber,Small plane lands itself in first-ever use of automated aviation tech during mid-air emergency,The Dec. 20 landing marked the first confirmed real-world use of Garmin G3000 Autoland during an actual in-flight emergency.,https://nypost.com/2025/12/26/us-news/plane-lands-itself-in-first-ever-use-of-automated-aviation-tech-during-mid-air-emergency/,https://nypost.com/wp-content/uploads/sites/2/2025/12/200-stopped-runway-rocky-mountain-117870495_2ec33b.jpg?quality=75&strip=all&w=1200,2025-12-26T06:00:04Z,A twin-engine turboprop aircraft landed itself at a Colorado airport on Saturday after a sudden cabin failure a first-of-its-kind emergency touchdown carried out entirely by an automated flight syste… [+2569 chars],technology
"{'id': None, 'name': 'GlobeNewswire'}",IBA SA,IBA signs contract for a three-room Proteus®PLUS solution to be installed at the Seoul St. Mary’s Hospital,"Louvain-La-Neuve, Belgium, December 26, 2025 – IBA (Ion Beam Applications S.A., EURONEXT), the world leader in particle accelerator technology and the world’s leading provider of proton therapy solutions for the treatment of cancer, today announces it has sig…",https://www.globenewswire.com/news-release/2025/12/26/3210500/0/en/IBA-signs-contract-for-a-three-room-Proteus-PLUS-solution-to-be-installed-at-the-Seoul-St-Mary-s-Hospital.html,https://ml-eu.globenewswire.com/Resource/Download/201526e0-3d52-43c1-bec7-f4c33cc5e46f,2025-12-26T06:00:00Z,"Louvain-La-Neuve, Belgium, December 26, 2025 IBA (Ion Beam Applications S.A., EURONEXT), the world leader in particle accelerator technology and the worlds leading provider of proton therapy solution… [+3894 chars]",technology
"{'id': None, 'name': 'Naturalnews.com'}",Kevin Hughes,Janet Airlines’ MYSTERIOUS flights to Area 51 fuel speculation,"Multiple unmarked Janet Airlines flights (operated by the U.S. Air Force) were tracked heading to Area 51 in late February, including three flights in a single day—suggesting heightened classified operations ahead of potential disclosures. The shadow fleet, i…",https://www.naturalnews.com/2025-12-26-janet-airlines-flights-area-51-fuel-speculation.html,https://www.naturalnews.com/wp-content/uploads/sites/91/2025/12/Parked-airplane-side-view-backlit-sunset-time-2.jpg,2025-12-26T06:00:00Z,"<ul><li>Multiple unmarked Janet Airlines flights (operated by the U.S. Air Force) were tracked heading to Area 51 in late February, including three flights in a single daysuggesting heightened classi… [+5573 chars]",technology
"{'id': None, 'name': 'Naturalnews.com'}",Belle Carter,"Two-thirds of Americans support social media ban for teens under 16, poll shows","Sixty-four percent of American voters support banning social media for children under 16, while 69% favor removing cellphones from K-12 classrooms, reflecting growing concerns over youth mental health and digital harms. Republicans show stronger support (73%)…",https://www.naturalnews.com/2025-12-26-majority-americans-support-teens-social-media-ban.html,https://www.naturalnews.com/wp-content/uploads/sites/91/2025/12/Group-of-young-children-holding-smartphones-1.jpeg,2025-12-26T06:00:00Z,"<ul><li>Sixty-four percent of American voters support banning social media for children under 16, while 69% favor removing cellphones from K-12 classrooms, reflecting growing concerns over youth ment… [+4752 chars]",technology
"{'id': None, 'name': 'Dericbownds.net'}",mdbownds@wisc.edu (Deric Bownds),What are humans for? - AI Forces a Question We’ve Been Dodging,". AI Is Already Fusing With Us — The Only Question Is How
The argument about whether AI will enhance or diminish our our humanity usually starts in the wrong place. People argue about what AI should do before asking a more basic and uncomfortable question: wh…",https://mindblog.dericbownds.net/2025/12/what-are-humans-for-ai-forces-question.html,,2025-12-26T06:00:00Z,". 
The argument about whether AI will enhance or diminish our our humanity usually starts in the wrong place. People argue about what AI should do before asking a more basic and uncomfortable questi… [+3891 chars]",technology
"{'id': None, 'name': 'Naturalnews.com'}",Willow Tohi,AI’s thirst for power is testing grids worldwide,"Surging electricity demand from AI and cryptocurrency data centers is straining power grids worldwide. Thermal satellite imagery reveals the immense heat output and energy intensity of these facilities. Many new data centers are being built in hot climates, w…",https://www.naturalnews.com/2025-12-26-ais-thirst-for-power-testing-global-grids.html,https://www.naturalnews.com/wp-content/uploads/sites/91/2025/12/Power-lines-electrical-grid-energy.jpg,2025-12-26T06:00:00Z,<ul><li>Surging electricity demand from AI and cryptocurrency data centers is straining power grids worldwide.</li><li>Thermal satellite imagery reveals the immense heat output and energy intensity o… [+5279 chars],technology
"{'id': None, 'name': 'Naturalnews.com'}",Cassie B.,Nvidia’s $20 billion licensing deal for Groq targets Google’s AI chip dominance,Nvidia invests $20 billion to license Groq’s AI technology and hire its leadership. The deal is a strategic move to counter Google’s growing influence in AI inference hardware. Structuring it as a licensing agreement aims to avoid intense antitrust scrutiny. …,https://www.naturalnews.com/2025-12-26-nvidia-licensing-groq-targets-google-ai-dominance.html,https://www.naturalnews.com/wp-content/uploads/sites/91/2025/12/Nvidia-Building-Logo.jpg,2025-12-26T06:00:00Z,<ul><li>Nvidia invests $20 billion to license Groq's AI technology and hire its leadership.</li><li>The deal is a strategic move to counter Google's growing influence in AI inference hardware.</li><l… [+4754 chars],technology
"{'id': None, 'name': 'Naturalnews.com'}",Kevin Hughes,The End of Slavery: A radical blueprint for true liberation,"Slavery never truly ended—it evolved into subtler systems of control: Economic Enslavement: Debt traps (student loans, central banking). Medical Tyranny: Mandates, forced treatments, loss of bodily autonomy. Technological Control: Surveillance, data harvestin…",https://www.naturalnews.com/2025-12-26-end-of-slavery-radical-blueprint-true-liberation.html,https://www.naturalnews.com/wp-content/uploads/sites/91/2025/12/The-End-of-Slavery.jpg,2025-12-26T06:00:00Z,"<ul><li>Slavery never truly endedit evolved into subtler systems of control: Economic Enslavement: Debt traps (student loans, central banking). Medical Tyranny: Mandates, forced treatments, loss of b… [+7003 chars]",technology
"{'id': None, 'name': 'Techmeme.com'}",,"Chinese state media: China launches three VC funds of $7.1B+ each to back early-stage ""hard technology"" startups valued below ¥500M, or about $71M (Reuters)","Reuters:
Chinese state media: China launches three VC funds of $7.1B+ each to back early-stage “hard technology” startups valued below ¥500M, or about $71M  —  China on Friday launched three venture capital funds to invest in “hard technology” areas, state br…",https://www.techmeme.com/251226/p2,https://www.reuters.com/resizer/v2/WLMICEPUOJLOPP776CLL6OMH4E.jpg?auth=c5d246af3ae62963b72fee4564d82a69ecca2d78ccbf4adcb118943a652978cc&height=1005&width=1920&quality=80&smart=true,2025-12-26T05:55:01Z,"About This Page
This is a Techmeme archive page.
It shows how the site appeared at 12:55 AM ET, December 26, 2025.
The most current version of the site as always is available at our home page.
To… [+72 chars]",technology
"{'id': None, 'name': 'Stackoverflow.blog'}",Phoebe Sajor,Containers are easy—moving your legacy system off your VM is not,"Ryan sits down with Dan Ciruli, VP and General Manager of Cloud Native at Nutanix, to talk about getting your virtual machines and Kubernetes to play nice in cloud-native environments, why VMs are still relevant in enterprise applications, and how AI can help…",https://stackoverflow.blog/2025/12/26/containers-are-easy-moving-your-legacy-system-off-your-vm-is-not/,https://cdn.sanity.io/images/jo7n4k8s/production/d2cb4c948681d5ccbb8ff46ed2d69c6f6b6a8990-800x420.jpg?w=1200&fm=png&auto=format,2025-12-26T05:50:17Z,"Nutanix combines compute, storage, virtualization, and networking so you can run applications and manage data across on-premises datacenters, public clouds, and edge locations all on one platform.
C… [+32839 chars]",technology
"{'id': None, 'name': 'Cointelegraph'}",Cointelegraph by Brayden Lindrea,"Tips for crypto newbies, vets and skeptics from a Bitcoiner who buried $700M","James Howells, who accidentally threw away a hard drive with 8,000 Bitcoin, has given his advice for industry newcomers, veterans, and skeptics in 2026.",https://cointelegraph.com/news/crypto-tips-newcomers-vets-skeptics-2026,https://s3.cointelegraph.com/uploads/2025-12/019b57c5-bdd4-798a-ad43-a5d19dd42a0c.jpg,2025-12-26T05:48:00Z,"Newcomers are diving into crypto without learning what it is, veterans are watching their profits soar without spurring adoption and skeptics are judging crypto with little information, says OG Bitco… [+5297 chars]",technology
"{'id': None, 'name': 'Github.com'}",jaygooby,GitHub - celoyd/potato: A small pansharpening model,A small pansharpening model. Contribute to celoyd/potato development by creating an account on GitHub.,https://github.com/celoyd/potato,https://opengraph.githubassets.com/362429af45ba8a7a5761bb65375c1116a8b792eb6aeffcba0ed8129569602656/celoyd/potato,2025-12-26T05:47:02Z,"A crop from Maxar collect 104001006F8B8300 (CC BY-NC) as processed by Maxar (left) and Potato (right). The image shows the cinnabar and white lighthouses on the breakwaters of Takaya, Japan.
To run … [+31228 chars]",technology
"{'id': None, 'name': 'Muslimmatters.org'}",Summiya Shaikh,Restoring Balance In An Individualized Society: The Islamic Perspective on Parent-Child Relationships,"We’ve raised children who know how to take, but have we taught them how to give? This article dives into the Islamic response to a culture of entitlement. In today’s increasingly individualized society and entitlement-driven culture -shaped heavily by Western…",https://muslimmatters.org/2025/12/26/restoring-balance-in-an-individualized-society-the-islamic-perspective-on-parent-child-relationships/,https://c7c8edde.rocketcdn.me/wp-content/uploads/marco-chilese-zCu2-f_uWf4-unsplash-1000x600.jpg,2025-12-26T05:31:56Z,"We’ve raised children who know how to take, but have we taught them how to give? This article dives into the Islamic response to a culture of entitlement.
In today’s increasingly individualized soci… [+10400 chars]",technology
"{'id': None, 'name': 'CNA'}",,India’s lab-grown diamond industry shines as demand for cheaper gems surges,Synthetic diamonds can sell for 50 to 90 per cent less than natural ones.,https://www.channelnewsasia.com/asia/india-lab-grown-diamonds-synthetic-gems-natural-5713531,"https://dam.mediacorp.sg/image/upload/s--3wenVNSH--/c_fill,g_auto,h_676,w_1200/fl_relative,g_south_east,l_mediacorp:cna:watermark:2021-08:cna,w_0.1/f_auto,q_auto/v1/mediacorp/cna/image/2025/12/26/screenshot_2025-12-24_131841_0.png?itok=iQ9PDaUJ",2025-12-26T05:30:26Z,"India already cuts and polishes 90 per cent of the worlds diamonds, both natural and synthetic.
Much of that work happens in Surat in the western state of Gujarat the countrys diamond capital where … [+1303 chars]",technology
"{'id': None, 'name': 'ArchDaily'}",Antonia Piñeiro,"Zaha Hadid Architects Explores AI-Driven Design at “Architecture of Possibility” Exhibition in Shenzhen, China","""Architecture of Possibility: Zaha Hadid Architects"" at the Museum of Contemporary Art and Urban Planning (MOCAUP) in Shenzhen, China, presents a comprehensive overview of the evolution of Zaha Hadid Architects' work over recent decades. On view until April 1…",https://www.archdaily.com/1037409/zaha-hadid-architects-explores-ai-driven-design-at-architecture-of-possibility-exhibition-in-shenzhen-china,https://images.adsttc.com/media/images/694d/dc2e/5f86/cb4d/b251/14b1/large_jpg/zha_9.jpg?1766710331,2025-12-26T05:30:00Z,"'Architecture of Possibility: Zaha Hadid Architects' at MOCAUP Shenzhen. December 2025 - April 2026. Image Courtesy of MOCAUP
""Architecture of Possibility: Zaha Hadid Architects"" at the Museum of Co… [+3726 chars]",technology
"{'id': None, 'name': 'Independent.ie'}",Editorial,The Irish Independent’s View: St Stephen’s Day traditions serve as a reminder to help the most vulnerable in society,It’s been a while since Good King Wenceslas first looked out on the Feast of Stephen.,https://www.independent.ie/opinion/comment/the-irish-independents-view-st-stephens-day-traditions-serve-as-a-reminder-to-help-the-most-vulnerable-in-society/a365877927.html,https://focus.independent.ie/thumbor/ADXAhqjJFl8JzYSbslCgRgRUZDo=/0x16:3000x2016/629x0/prod-mh-ireland/f8eb884d-a273-4348-b773-d5006398c844/187c45dd-9f97-4bd0-a101-cd40e840e6bc/f8eb884d-a273-4348-b773-d5006398c844.jpg,2025-12-26T05:30:00Z,"Its been a while since Good King Wenceslas first looked out on the Feast of Stephen.Amid the cruel frost, he spotted a poor man gathering winter fuel.
According to John Mason Neales carol from 1853,… [+2764 chars]",technology
"{'id': None, 'name': 'Anime News Network'}",,Pokémon Celebrates the Holiday Season with Immersive Experiences at IIT Bombay's Techfest 2025,"From India's first Pokémon Drone Show and Maharashtra's biggest, to a Santa Pikachu Parade, Pokémon Fiesta delivers a spirited opening on day 1 of Techfest...",https://www.animenewsnetwork.com/press-release/2025-12-26/pokemon-celebrates-the-holiday-season-with-immersive-experiences-at-iit-bombay-techfest-2025/.232519,,2025-12-26T05:25:56Z,"From India's first Pokémon Drone Show and Maharashtra's biggest, to a Santa Pikachu Parade, Pokémon Fiesta delivers a spirited opening on day 1 of Techfest
Mumbai, 24 December 2025: Wrapping up the … [+3710 chars]",technology
"{'id': None, 'name': 'Antaranews.com'}",PR Wire,"Avantor Appoints Gladys Wang as Vice President, Bioprocessing Commercial, Asia, Middle East & Africa","Avantor, Inc., a leading global provider of mission-critical products and services to customers in the life sciences and advanced technologies industries, ...",https://en.antaranews.com/news/397762/avantor-appoints-gladys-wang-as-vice-president-bioprocessing-commercial-asia-middle-east-africa,https://cdn.antaranews.com/cache/1200x800/2023/01/08/ACN-Logo.jpg,2025-12-26T05:06:56Z,"Singapore (ANTARA/ACN Newswire) -Avantor, Inc., a leading global provider of mission-critical products and services to customers in the life sciences and advanced technologies industries, announced t… [+3062 chars]",technology
"{'id': None, 'name': 'Challies.com'}",Tim Challies,A La Carte (December 26),"A La Carte: Don't fight the wrong war / What is tech good for? / AI griefbots / Dieting to the glory of God / Discipling younger men / John Piper on complacency / and more.See Also
<ul><li>A La Carte (June 9)</li><li>A La Carte (August 9)</li><li>A La Carte …",https://www.challies.com/a-la-carte/a-la-carte-december-26-2025/,https://www.challies.com/media/2023/11/cover-a-la-carte-fri-b.jpg,2025-12-26T05:01:00Z,"Good morning. I trust you enjoyed your Christmas and hope my fellow Canadians (and Brits and various others) are now enjoying your Boxing Day.
Today’s Kindle deals include a few books that are proba… [+2489 chars]",technology
"{'id': 'rte', 'name': 'RTE'}",Gill Stedman,2026: The year Irish banks take on rival Revolut,"With Zippay on the way, 2026 is already shaping up to be an interesting year for Irish banking.",https://www.rte.ie/news/business/2025/1226/1549286-2026-the-year-irish-banks-take-on-rival-revolut/,https://www.rte.ie/images/0023a305-1600.jpg,2025-12-26T05:00:01Z,"With Zippay on the way, 2026 is already shaping up to be an interesting year for Irish banking.
AIB, Bank of Ireland and PTSB are teaming up to launch the service right inside their existing apps, a… [+6761 chars]",technology
"{'id': None, 'name': 'Betalist.com'}",BetaList,Start A Call – Make international calls directly from your browser,Make international calls directly from your browser,https://betalist.com/startups/start-a-call,https://resize.imagekit.co/O2Nh7qZI_5MV7A242EoRrLueaSCh5qf0jJZZzch79AY/plain/s3://betalist-production/9fps3evbqb04hx36fxfo65x94dvd,2025-12-26T05:00:00Z,Start A Call is platform that allows you to make international calls from your browser in 3 clicks. No app downloads required. StartACall is the simplest way to call 195+ countries. Just open your br… [+273 chars],technology
"{'id': 'the-times-of-india', 'name': 'The Times of India'}",ET Online,"Inspired by Bunty Aur Babli, teen graphic designer who lost job to AI and NEET aspirant friend held for Rs 16 lakh jewellery theft","Indore police cracked a major jewellery shop heist. Two 18-year-olds, a graphic designer and a NEET aspirant, were arrested. The duo stole jewellery worth over Rs 16 lakh from Shri Jewellers.  CCTV footage and technical tracking led to their capture in Bhopal…",https://economictimes.indiatimes.com/news/new-updates/inspired-by-bunty-aur-babli-teen-graphic-designer-who-lost-job-to-ai-and-neet-aspirant-friend-held-for-rs-16-lakh-jewellery-theft/articleshow/126183119.cms,"https://img.etimg.com/thumb/msid-126183335,width-1200,height-630,imgsize-86050,overlay-economictimes/articleshow.jpg",2025-12-26T04:58:43Z,"Police in Indore have solved a jewellery shop burglary worth over Rs 16 lakh, arresting two 18-year-olds a graphic designer and his woman friend who is preparing for NEET. The theft was reported from… [+2458 chars]",technology
"{'id': None, 'name': 'Cosmopolitan.com'}",Mehera  Bonner,What's Inside the Briefcase Henry Found in the Mines? The 'Stranger Things' Play Holds the Key,Wondering what's inside the briefcase Henry found in Stranger Things? The play holds the exact answer—here's what we know.,https://www.cosmopolitan.com/entertainment/tv/a69865836/whats-inside-briefcase-henry-found-stranger-things/,"https://hips.hearstapps.com/hmg-prod/images/strangerthings-s5-0615-r-694e142bc0a1d.jpg?crop=1xw:1xh;center,top&resize=1200:*",2025-12-26T04:53:00Z,"Just finished Volume 2 of Stranger Things Season 5 and have some questions? Saaaame.
There are several things that need to be resolved (that's what the finale is for!), but one lingering question? W… [+1008 chars]",technology
"{'id': 'the-times-of-india', 'name': 'The Times of India'}",Ritesh Presswala,IEX shares slide over 4% after CERC rolls out VPPA framework,"Shares of Indian Energy Exchange fell sharply after CERC introduced a framework for Virtual Power Purchase Agreements, raising concerns over potential impact on exchange-based power trading volumes amid broader regulatory uncertainty.",https://economictimes.indiatimes.com/markets/stocks/news/iex-shares-slide-over-4-after-cerc-rolls-out-vppa-framework/articleshow/126183225.cms,"https://img.etimg.com/thumb/msid-126183218,width-1200,height-630,imgsize-126934,overlay-etmarkets/articleshow.jpg",2025-12-26T04:51:56Z,"Shares of Indian Energy Exchange (IEX) dropped 4.20% on Friday, hitting an intraday low of Rs 133.29, as investor sentiment weakened following new regulatory developments in the power sector. The dec… [+3763 chars]",technology
"{'id': None, 'name': 'Ozbargain.com.au'}",hamza23,"FILA Women's Amy Tee (Black or White) $9.99, Men's Gator Tank Tee Red $9.99 (L or XL) + Delivery ($0 with Prime/$59+) @Amazon AU",FILA Women's Amy Tee (Black or White) $9.99 Was $28.01 (64% off). Features a round neck and a print with the fila logo Made from organic cotton material XXS: White XS: Black S: Black …,https://www.ozbargain.com.au/node/941988,https://files.ozbargain.com.au/n/88/941988x.jpg?h=d4eb8bcd,2025-12-26T04:49:15Z,"This post contains affiliate links. OzBargain might earn commissions when you click through and make purchases. Please see this page for more information.
FILA Women's Amy Tee (Black or White) $9.99… [+694 chars]",technology
"{'id': None, 'name': 'Prtimes.jp'}",,米最大級のVC、NEAを引受先とするプレシリーズA調達を実施,"[株式会社H2Corporation]
[画像: https://prcdn.freetls.fastly.net/release_image/148057/4/148057-4-27c74be4ae3895c290152da9b26854a1-3900x2197.png?width=536&quality=85%2C75&format=jpeg&auto=webp&fit=bounds&amp...",https://prtimes.jp/main/html/rd/p/000000004.000148057.html,https://prcdn.freetls.fastly.net/release_image/148057/4/148057-4-27c74be4ae3895c290152da9b26854a1-3900x2197.png?format=jpeg&auto=webp&fit=bounds&width=2400&height=1260,2025-12-26T04:40:32Z,"AIH2CorporationNew Enterprise AssociatesNEAA
H2Corporation2804NEANew Enterprise AssociatesSpiral CapitalJAFCOMetaPropOne CapitalBoost Capital
AIAISystem of RecordSalesforceDatabricksCloudflareNEAH2… [+1094 chars]",technology
"{'id': None, 'name': 'Space Daily'}",,Starlight falls short in giant star wind power,"Gothenburg, Sweden (SPX) Dec 24, 2025


Astronomers report that starlight acting on stardust around the red giant star R Doradus cannot by itself power the strong stellar winds that spread key elements for life across the galaxy. 

For decades, models of red …",https://www.spacedaily.com/reports/Starlight_falls_short_in_giant_star_wind_power_999.html,https://www.spxdaily.com/images-hg/starlight-around-star-r-doradus-hg.jpg,2025-12-26T04:40:00Z,"by Robert SchreiberGothenburg, Sweden (SPX) Dec 24, 2025
Astronomers report that starlight acting on stardust around the red giant star R Doradus cannot by itself power the strong stellar winds that… [+4508 chars]",technology
"{'id': None, 'name': 'Space Daily'}",,AST BlueBird 6 enters orbit as record low Earth orbit cellular array,"Los Angeles CA (SPX) Dec 26, 2025


AST SpaceMobile Inc. has confirmed the successful orbital launch of its BlueBird 6 satellite, described as the largest commercial communications array deployed in low Earth orbit and designed to support space-based cellular…",https://www.spacedaily.com/reports/AST_BlueBird_6_enters_orbit_as_record_low_Earth_orbit_cellular_array_999.html,https://www.spxdaily.com/images-hg/lvm3-bluebird-6-india-launch-pad-day-hg.jpg,2025-12-26T04:40:00Z,"by Clarence OxfordLos Angeles CA (SPX) Dec 26, 2025
AST SpaceMobile Inc. has confirmed the successful orbital launch of its BlueBird 6 satellite, described as the largest commercial communications a… [+2718 chars]",technology
"{'id': None, 'name': 'Gpsdaily.com'}",,When 5G networks bolster satellite navigation,"Tokyo, Japan (SPX) Dec 26, 2025


Finding accurate positions in dense urban areas remains difficult for satellite-based navigation systems, where high-rise buildings and signal blockages can cause large errors or complete loss of service. A recent study outli…",https://www.gpsdaily.com/reports/When_5G_networks_bolster_satellite_navigation_999.html,https://www.spxdaily.com/images-hg/integrated-commercial-5g-nr-multi-beam-gnss-satellite-multi-constellation-hg.jpg,2025-12-26T04:40:00Z,"by Riko SeiboTokyo, Japan (SPX) Dec 26, 2025
Finding accurate positions in dense urban areas remains difficult for satellite-based navigation systems, where high-rise buildings and signal blockages … [+4448 chars]",technology
"{'id': None, 'name': 'Space Daily'}",,Space ground fluid AI framework targets satellite powered 6G edge intelligence,"Tokyo, Japan (SPX) Dec 26, 2025


The race toward sixth generation 6G mobile networks is intensifying, with commercial deployment expected around 2030. The International Telecommunication Union ITU expects 6G systems to support scenarios such as integrated ar…",https://www.spacedaily.com/reports/Space_ground_fluid_AI_framework_targets_satellite_powered_6G_edge_intelligence_999.html,https://www.spxdaily.com/images-hg/space-ground-fluid-ai-6g-communication-satellite-hg.jpg,2025-12-26T04:40:00Z,"by Riko SeiboTokyo, Japan (SPX) Dec 26, 2025
The race toward sixth generation 6G mobile networks is intensifying, with commercial deployment expected around 2030. The International Telecommunication… [+4106 chars]",technology
"{'id': None, 'name': 'Moondaily.com'}",,Lunar dust model maps how charged grains stick to spacecraft,"Tokyo, Japan (SPX) Dec 26, 2025


Researchers from Beijing Institute of Technology, China Academy of Space Technology, and the Chinese Academy of Sciences have developed a theoretical model that links electrostatic forces and contact mechanics to describe how…",https://www.moondaily.com/reports/Lunar_dust_model_maps_how_charged_grains_stick_to_spacecraft_999.html,https://www.spxdaily.com/images-hg/lunar-surface-charged-dust-particles-spacecraft-hg.jpg,2025-12-26T04:40:00Z,"by Riko SeiboTokyo, Japan (SPX) Dec 26, 2025
Researchers from Beijing Institute of Technology, China Academy of Space Technology, and the Chinese Academy of Sciences have developed a theoretical mod… [+5892 chars]",technology
"{'id': None, 'name': 'Space Daily'}",,China debuts Long March 12A reusable rocket in Jiuquan test flight,"Tokyo, Japan (SPX) Dec 26, 2025


China conducted the debut flight of the Long March 12A carrier rocket on Tuesday, with the launch mission succeeding while the recovery attempt ended in failure. 

A 70.4-meter-high Long March 12A, the tallest space vehicle C…",https://www.spacedaily.com/reports/China_debuts_Long_March_12A_reusable_rocket_in_Jiuquan_test_flight_999.html,https://www.spxdaily.com/images-hg/china-long-march-12a-debut-launch-day-hg.jpg,2025-12-26T04:40:00Z,"by Riko SeiboTokyo, Japan (SPX) Dec 26, 2025
China conducted the debut flight of the Long March 12A carrier rocket on Tuesday, with the launch mission succeeding while the recovery attempt ended in … [+2155 chars]",technology
"{'id': None, 'name': 'Space Daily'}",,AI systems proposed to boost launch cadence reliability and traffic management,"Tokyo, Japan (SPX) Dec 26, 2025


The global space sector is entering a phase of large-scale satellite constellations and expanded human lunar activity, driving a sharp increase in demand for access to orbit. Within the next two decades, the total mass launch…",https://www.spacedaily.com/reports/AI_systems_proposed_to_boost_launch_cadence_reliability_and_traffic_management_999.html,https://www.spxdaily.com/images-hg/rocket-science-launch-system-reuseable-ai-splash-hg.jpg,2025-12-26T04:40:00Z,"by Riko SeiboTokyo, Japan (SPX) Dec 26, 2025
The global space sector is entering a phase of large-scale satellite constellations and expanded human lunar activity, driving a sharp increase in demand… [+3411 chars]",technology
"{'id': None, 'name': 'Yahoo Entertainment'}",Sultan Khalid,Analyst Assumes Coverage of ProFrac Holding (ACDC) with ‘Underweight’ Rating,"The share price of ProFrac Holding Corp. (NASDAQ:ACDC) fell by 4.06% between December 17 and December 24, 2025, putting it among the Energy Stocks that Lost ...",https://finance.yahoo.com/news/analyst-assumes-coverage-profrac-holding-043527771.html,https://s.yimg.com/ny/api/res/1.2/S_OLsvNba4LWMtYb9FfovQ--/YXBwaWQ9aGlnaGxhbmRlcjt3PTEyMDA7aD02NzM-/https://media.zenfs.com/en/insidermonkey.com/b8a1a0f30bfc75245282ae6ed66e8c66,2025-12-26T04:35:27Z,"The share price of ProFrac Holding Corp. (NASDAQ:ACDC) fell by 4.06% between December 17 and December 24, 2025, putting it among the Energy Stocks that Lost the Most This Week.
Analyst Assumes Cover… [+1526 chars]",technology
"{'id': None, 'name': 'Ndtvprofit.com'}",Divya Prata,"BEL, BDL And Other Defence Manufacturing Stocks Rally As DAC To Take Up Key Proposals","Shares of defence companies, including Bharat Electronics Ltd. and Bharat Dynamics Ltd., saw an uptick on Friday, ahead of the Defence Acquisition Council meeting scheduled later in the day.  The meeting, chaired by Defence Minister Rajnath Singh, is expected…",https://www.ndtvprofit.com/markets/bel-bdl-and-other-defence-manufacturing-stocks-rally-as-dac-to-take-up-key-proposals,https://media.assettype.com/bloombergquint%2F2025-11-13%2F9w50cqzi%2Fnag.jpg?w=1200&auto=format%2Ccompress&ogImage=true,2025-12-26T04:33:10Z,"Reports suggest the DACs last meeting of the calendar year could be among the most consequential in terms of approvals. With emergency procurement on the agenda, multiple proposals may receive cleara… [+853 chars]",technology
"{'id': None, 'name': 'Linkedin.com'}",Vividpulse Solutions,Europe At-home Fitness Equipment Market Outlook & Emerging Demand Hotspots (2026–2033)," Download Sample  Get Special Discount Europe At-home Fitness Equipment Market Global Outlook, Country Deep-Dives & Strategic Opportunities (2024-2033) Market size (2024): 12.5 billion USD · Forecast (2033): 22.",https://www.linkedin.com/pulse/europe-at-home-fitness-equipment-market-outlook-emerging-6sghc,https://media.licdn.com/dms/image/v2/D5612AQEB566CI7Qo2w/article-cover_image-shrink_720_1280/B56ZtSUwrRGwAI-/0/1766612734127?e=2147483647&v=beta&t=iw3_5G4zWn9DmiUKZ0nKUSMKguGVXycKhGmFffwgvq8,2025-12-26T04:31:50Z,"Download Sample     Get Special Discount
Europe At-home Fitness Equipment Market Global Outlook, Country Deep-Dives &amp; Strategic Opportunities (2024-2033) Market size (2024): 12.5 billion USD · F… [+19193 chars]",technology
"{'id': None, 'name': 'Screen Rant'}",Vanessa Piña,8 Anime You Never Knew Were Shaped by Iron Man’s Legacy,"Iron Man's influence isn't limited to comics or the MCU, as the superhero has left his mark in some anime that have their own powerful armored suits.",https://screenrant.com/anime-inspired-by-iron-man-marvel-comics/,https://static0.srcdn.com/wordpress/wp-content/uploads/2025/12/iron-man-in-front-of-izuku-midoriya-from-my-hero-academia-and-barnaby-from-tiger-and-bunny.jpg?w=1600&h=900&fit=crop,2025-12-26T04:31:18Z,Iron Manis one of the most iconic characters in the entire Marvel Comics universe. That's why his influence isn't limited to comics or the films belonging to the Marvel Cinematic Universe; he's even … [+5861 chars],technology
"{'id': None, 'name': 'Digitimes'}",Charlene Chen,ENE Technology eyes custom ICs amid US drone import ban,"Microcontroller (MCU) maker ENE Technology has officially entered the drone industry, partnering with Taiwan's HY Tech, Aeroprobing, and Egis to integrate communications, vision modules, and AI image processing and computing technologies. The company also est…",https://www.digitimes.com/news/a20251226PD227/mcu-communications-taiwan.html,https://img.digitimes.com/newsshow/20251226pd227_files/1_b.jpg,2025-12-26T04:30:34Z,"Microcontroller (MCU) maker ENE Technology has officially entered the drone industry, partnering with Taiwan's HY Tech, Aeroprobing, and Egis to integrate communications, vision modules, and AI image… [+53 chars]",technology
"{'id': None, 'name': 'Digitimes'}",DIGITIMES,Nvidia reportedly tests Intel 18A process but does not move forward,"Intel's 18A process node has reportedly drawn interest from Nvidia, though the chipmaker has yet to commit to using the technology, according to Reuters, citing sources familiar with the matter. The potential collaboration has not progressed, leaving the futu…",https://www.digitimes.com/news/a20251226VL207/intel-nvidia-production-manufacturing-tsmc.html,https://img.digitimes.com/newsshow/20251226vl207_files/1_2b.jpg,2025-12-26T04:21:35Z,"Save my User ID and Password
Some subscribers prefer to save their log-in information so they do not have to enter their User ID and Password each time they visit the site. To activate this function… [+307 chars]",technology
"{'id': None, 'name': 'Lifesciencesworld.com'}",Noah Whitman,Why do apes smile when hostile?,"Why Apes Smile When Hostile?: Decoding the Primate Grin Apes don’t smile when hostile as a display of happiness or amusement, but rather as a sign of submission or a warning aimed at de-escalating a potential conflict, signaling that they acknowledge the othe…",https://www.lifesciencesworld.com/why-do-apes-smile-when-hostile/,,2025-12-26T04:16:13Z,"Apes don’t smile when hostile as a display of happiness or amusement, but rather as a sign of submission or a warning aimed at de-escalating a potential conflict, signaling that they acknowledge the … [+9244 chars]",technology
"{'id': None, 'name': 'Khabarhub.com'}",Khabarhub,Communications Minister Kharel to hold talks with top leaders of major parties today,"KATHMANDU: Minister for Communications and Information Technology and government spokesperson Jagdish Kharel is scheduled to hold meetings with top leaders of major political parties on Friday. According to the minister’s private secretariat, Kharel met Nepal…",https://english.khabarhub.com/2025/26/513088/,https://english.khabarhub.com/wp-content/uploads/2025/11/jagdish-kharel-4.jpg,2025-12-26T04:15:02Z,"KATHMANDU: Minister for Communications and Information Technology and government spokesperson Jagdish Kharel is scheduled to hold meetings with top leaders of major political parties on Friday.
Acco… [+849 chars]",technology
"{'id': None, 'name': 'Digitimes'}",Jingyue Hsiao,SoftBank spearheads Japan's next-gen AI memory push,"SoftBank and Japanese partners are advancing a government-backed project to develop next-generation memory technology aimed at enhancing AI and supercomputer performance. The initiative, involving RIKEN, Intel, the University of Tokyo, and Taiwan's Vanguard I…",https://www.digitimes.com/news/a20251226PD232/fujitsu-technology-production-intel-vis.html,https://img.digitimes.com/newsshow/20251226pd232_files/1_b.jpg,2025-12-26T04:07:55Z,"Save my User ID and Password
Some subscribers prefer to save their log-in information so they do not have to enter their User ID and Password each time they visit the site. To activate this function… [+307 chars]",technology
"{'id': None, 'name': 'Goodereader'}",Michael Kozlowski,What new e-readers will Kobo release in 2026?,"Kobo is expected to release new color e-readers in 2026, including a new Elipsa Color. Sage is dead, likely new Clara and Libra Colour models out soon.
The post What new e-readers will Kobo release in 2026? first appeared on Good e-Reader.",https://goodereader.com/blog/kobo-ereader-news/what-new-e-readers-will-kobo-release-in-2026,https://media.goodereader.com/blog/uploads/images/2025/12/25230231/S8-MONZA-HERO-MARK-UPS-EN-scaled.jpg,2025-12-26T04:03:49Z,"Over the course of 2025, it was a quiet year for Rakuten Kobo. They did not release any new e-readers or e-notes, the last refresh they did was in early 2024, with the advent of their first color e-r… [+1982 chars]",technology
"{'id': 'the-times-of-india', 'name': 'The Times of India'}",Akash Podishetti,Tata vs Reliance Industries vs Adani: Which conglomerate made stock market investors poorer in 2025 & why?,"Tata Group experienced a significant market value erosion in 2025, underperforming rivals like Reliance and Adani. Key drags included sharp losses in Tata Motors Passenger Vehicles and Tata Consultancy Services, despite some bright spots. Investors now await …",https://economictimes.indiatimes.com/markets/stocks/news/tata-vs-reliance-industries-vs-adani-which-conglomerate-made-stock-market-investors-poorer-in-2025-why/articleshow/126182471.cms,"https://img.etimg.com/thumb/msid-126182592,width-1200,height-630,imgsize-50226,overlay-etmarkets/articleshow.jpg",2025-12-26T04:03:47Z,"India's Tata Group has had a difficult 2025 in the stock market, emerging as the weakest performer among the country's top conglomerates. While peers such as Reliance, Adani and HDFC are likely to en… [+8976 chars]",technology
"{'id': None, 'name': 'International Business Times'}",David Thompson,Bhupendra Kumar Mishra: Architecting the Future of Enterprise AI with Cloud-Native ERPs,"In the rapidly evolving landscape of enterprise technology, a quiet revolution is unfolding where monolithic enterprise resource planning (ERP) systems are giving way to agile, intelligent platforms capable of powering complex artificial intelligence. At the …",https://www.ibtimes.com/bhupendra-kumar-mishra-architecting-future-enterprise-ai-cloud-native-erps-3793697,https://d.ibtimes.com/en/full/4638593/architecting-future-enterprise-ai-cloud-native-erps.jpg,2025-12-26T04:01:16Z,"In the rapidly evolving landscape of enterprise technology, a quiet revolution is unfolding where monolithic enterprise resource planning (ERP) systems are giving way to agile, intelligent platforms … [+6917 chars]",technology
"{'id': None, 'name': 'Japan Today'}",,N Korean leader Kim orders factories to make more missiles in 2026,"North Korean leader Kim Jong Un has ordered officials to step up production of missiles and construct more factories to meet his military's growing need for the projectiles, state media said Friday. Pyongyang has significantly increased missile testing in rec…",https://japantoday.com/category/world/north-korea%27s-kim-orders-factories-to-make-more-missiles-in-2026,,2025-12-26T04:01:04Z,"North Korean leader Kim Jong Un has ordered officials to step up production of missiles and construct more factories to meet his military's growing need for the projectiles, state media said Friday.… [+2706 chars]",technology
"{'id': None, 'name': 'The Star Online'}",The Star Online,"Over 620,000 job placements under MYFutureJobs since 2023, says Ramanan","KUALA LUMPUR: A total of 622,283 job placements were recorded under the MYFutureJobs initiative from 2023 to Dec 19, reflecting the effectiveness of active labour market policies and the country's economic resilience amid global uncertainties, says Datuk Seri…",https://www.thestar.com.my/news/nation/2025/12/26/over-620000-job-placements-under-myfuturejobs-since-2023-says-ramanan,https://apicms.thestar.com.my/uploads/images/2025/12/26/3690769.JPG,2025-12-26T03:56:00Z,"KUALA LUMPUR: A total of 622,283 job placements were recorded under the MYFutureJobs initiative from 2023 to Dec 19, reflecting the effectiveness of active labour market policies and the countrys eco… [+2412 chars]",technology
"{'id': None, 'name': 'Lifesciencesworld.com'}",Noah Whitman,What is the disadvantages of activated carbon water filter?,"The Downsides Unveiled: What are the Disadvantages of Activated Carbon Water Filters? Activated carbon water filters, while widely popular, have inherent limitations. Their disadvantages primarily stem from their inability to remove all contaminants, suscepti…",https://www.lifesciencesworld.com/what-is-the-disadvantages-of-activated-carbon-water-filter/,,2025-12-26T03:55:30Z,"Activated carbon water filters, while widely popular, have inherent limitations. Their disadvantages primarily stem from their inability to remove all contaminants, susceptibility to bacteria buildup… [+10837 chars]",technology
"{'id': 'the-times-of-india', 'name': 'The Times of India'}",ET Online,"Madras High Court suggests Australia-like ban on Instagram, Facebook, Snapchat for children under 16",The Madras High Court has suggested Centre to explore the possibility of drafting legislation similar to that adopted by Australia which recently banned social media platforms for children under the age of 16. The court was hearing a petition which raised con…,https://economictimes.indiatimes.com/news/india/madras-high-court-suggests-australia-like-ban-on-instagram-facebook-snapchat-for-children-under-16/articleshow/126182309.cms,"https://img.etimg.com/thumb/msid-126182372,width-1200,height-630,imgsize-27850,overlay-economictimes/articleshow.jpg",2025-12-26T03:45:09Z,"The Centre may explore the possibility of passing legislation like Australia which prohibits the use of social media for children who are below the age of 16, the Madras High Court has suggested, acc… [+4999 chars]",technology
"{'id': None, 'name': 'The Daily Caller'}",Gordon G. Chang,"GORDON CHANG: Trump Hands 21st Century To China, Reverses Biden’s Ban On Selling Advanced Chips",Trump's decision this month to reverse a Biden-era ban on the export to China of advanced chips and approve the sale of H200s is a grave mistake,https://dailycaller.com/2025/12/25/opinion-trump-hands-21st-century-to-china-reverses-bidens-ban-on-selling-advanced-chips-gordon-chang/,"https://images.dailycaller.com/image/width=1280,height=549,fit=cover,format=webp,f=auto/https://cdn01.dailycaller.com/wp-content/uploads/2025/12/GettyImages-2243544195-1-scaled-e1766502227714.jpg",2025-12-26T03:42:51Z,"<ul><li>“Rather than grow dependent, China will take Nvidia chips while they are available, use them to train models to compete with American frontier variants and continue to invest heavily in domes… [+7511 chars]",technology
"{'id': None, 'name': 'Digital Journal'}",AFP,North Korea’s Kim orders factories to make more missiles in 2026,"North Korean leader Kim Jong Un has ordered officials to step up production of missiles and construct more factories to meet his military’s growing need for the projectiles, state media said Friday. Pyongyang has significantly increased missile testing in rec…",https://www.digitaljournal.com/world/north-koreas-kim-orders-factories-to-make-more-missiles-in-2026/article,https://www.digitaljournal.com/wp-content/uploads/2025/12/456648cd981b4c9aa4a1622e97cb3d2431c8759e.jpg,2025-12-26T03:42:20Z,"In a visit to munitions factories accompanied by top officials, the state-run Korean Central News Agency (KCNA) said Kim ordered the factories to prepare for a busy year ahead - Copyright AFP Glody M… [+2926 chars]",technology
"{'id': 'the-times-of-india', 'name': 'The Times of India'}",Nishtha Awasthi,"Hindustan Zinc shares in focus as silver prices scale record highs, surge past $75 mark","Hindustan Zinc shares surged to a new peak, driven by soaring global silver prices that crossed $75 per ounce. The company, a top global silver producer, is benefiting from robust industrial demand and supply constraints, with silver contributing significantl…",https://economictimes.indiatimes.com/markets/stocks/news/hindustan-zinc-shares-in-focus-as-silver-prices-scale-record-highs-surge-past-75-mark/articleshow/126182369.cms,"https://img.etimg.com/thumb/msid-126182361,width-1200,height-630,imgsize-28336,overlay-etmarkets/articleshow.jpg",2025-12-26T03:42:19Z,"Shares of Hindustan Zinc are expected to be in focus on Friday, December 26, after silver prices surged to fresh lifetime highs, crossing the $75 per ounce mark globally for the first time. Silver ha… [+2214 chars]",technology
"{'id': 'financial-post', 'name': 'Financial Post'}",GlobeNewswire,HKC Corporation Powers the Next Era of Play & Creation at CES 2026,"*HKC Corporation invites global media, partners, and gaming enthusiasts to visit Booth 30739, South Hall 1, LVCC, at CES 2026. LAS VEGAS, Dec. 25, 2025 (GLOBE NEWSWIRE) — HKC Corporation, a global leader in advanced display technologies, today announced its p…",https://financialpost.com/globe-newswire/hkc-corporation-powers-the-next-era-of-play-creation-at-ces-2026,https://smartcdn.gprod.postmedia.digital/financialpost/wp-content/uploads/2025/12/hkc-corporation-invites-global-media-partners-and-gaming-ent.jpeg,2025-12-26T03:41:12Z,"THIS CONTENT IS RESERVED FOR SUBSCRIBERS ONLY
Subscribe now to read the latest news in your city and across Canada.
<ul><li>Exclusive articles from Barbara Shecter, Joe O'Connor, Gabriel Friedman, … [+4760 chars]",technology
"{'id': None, 'name': 'Ozbargain.com.au'}",BestTechAdvisor,Healthy Choice 6.5l Glass Digital Air Fryer $99 + $9.99 Del ($0 C&C/ in-Store) @ Spotlight,"I bought this during the Catch closing sales. I was so happy with it I bought another as a gift. Glass container with stainless steel insert, for others who are cautious about hot plastics, …",https://www.ozbargain.com.au/node/941972,https://files.ozbargain.com.au/n/72/941972x.jpg?h=b89d515e,2025-12-26T03:40:58Z,"I bought this during the Catch closing sales. I was so happy with it I bought another as a gift.
Glass container with stainless steel insert, for others who are cautious about hot plastics, non-stic… [+353 chars]",technology
"{'id': None, 'name': 'GlobeNewswire'}",KOORUI,HKC Corporation Powers the Next Era of Play & Creation at CES 2026,"HKC Group unveils next-generation display innovations at CES 2026, showcasing RGB MiniLED, OLED, and ultra-high-refresh esport monitors across three brands",https://www.globenewswire.com/news-release/2025/12/26/3210496/0/en/HKC-Corporation-Powers-the-Next-Era-of-Play-Creation-at-CES-2026.html,https://ml.globenewswire.com/Resource/Download/1159f765-1178-425e-9bcd-c143c56bee47,2025-12-26T03:40:00Z,"*HKC Corporation invites global media, partners, and gaming enthusiasts to visit Booth 30739, South Hall 1, LVCC, at CES 2026.
LAS VEGAS, Dec. 25, 2025 (GLOBE NEWSWIRE) -- HKC Corporation, a global … [+2551 chars]",technology
"{'id': None, 'name': 'Rediff.com'}",ASEEM CHHABRA,The 10 Best Indian Films Of 2025,"Aseem Chhabra ranks the Best of 2025's films that released in theatres, or went directly to OTT platforms.",https://www.rediff.com/movies/special/the-10-best-indian-films-of-2025/20251226.htm,https://im.rediff.com/1200-630/movies/2025/dec/24aseem1.jpg,2025-12-26T03:34:01Z,"The post-pandemic debate of the future of Bollywood and theatrical screenings continued in 2025, but things were becoming somewhat clearer. With the success of Hindi films like Saiyaara, Chhaava and … [+9543 chars]",technology
"{'id': None, 'name': 'International Business Times'}",David Thompson,Year-End Report: Who Dominated the 2025 Global Gambling Landscape?,"The report, which ends the year, breaks down the strategic trends, revenue leaders, and velocity drivers that made 2025, providing a forensic analysis of a shifting market.",https://www.ibtimes.com/year-end-report-who-dominated-2025-global-gambling-landscape-3793686,https://d.ibtimes.com/en/full/4638584/year-end-report-who-dominated-2025-global-gambling-landscape.jpg,2025-12-26T03:31:21Z,"The global gambling industry in 2025 was characterized by a deep structural schism in the financial infrastructure. By the end of the year, the overall gambling market in the world had been estimated… [+13823 chars]",technology
"{'id': 'abc-news-au', 'name': 'ABC News (AU)'}",ABC News,Mother and stepson drift 10 kilometres in Christmas paddleboard mishap,"Police say two holiday makers are lucky to be alive after being rescued from the cold waters of Port Phillip, south-west of Melbourne, on Christmas Day.",https://www.abc.net.au/news/2025-12-26/victoria-family-rescued-christmas-day-paddelboard-mishap/106179858,https://live-production.wcms.abc-cdn.net.au/7af2348f5d1d2dde652e2959f4cfe740?impolicy=wcms_watermark_news&cropH=1080&cropW=1920&xPos=0&yPos=0&width=862&height=485&imformat=generic,2025-12-26T03:31:11Z,"Police say two holiday makers are lucky to be alive after being rescued following a three-hour ordeal in cold waters south-west of Melbourne on Christmas Day.
The 51-year-old woman and her 17-year-o… [+3865 chars]",technology
"{'id': 'the-times-of-india', 'name': 'The Times of India'}",Kshitij Anand,"ETMarkets Smart Talk| Polarised markets, weak breadth—but India enters 2026 on a strong macro footing: Devang Mehta","Despite Nifty hitting record highs, Indian portfolios face pressure due to weak market breadth and stock corrections. However, strong macro fundamentals like robust GDP growth and improving earnings visibility position India well for 2026, with key sectors li…",https://economictimes.indiatimes.com/markets/expert-view/etmarkets-smart-talk-polarised-markets-weak-breadthbut-india-enters-2026-on-a-strong-macro-footing-devang-mehta/articleshow/126177375.cms,"https://img.etimg.com/thumb/msid-126177345,width-1200,height-630,imgsize-49784,overlay-etmarkets/articleshow.jpg",2025-12-26T03:30:00Z,"Indian equity indices may be hovering near record highs, but beneath the surface the market tells a far more nuanced story.A sharp divergence between headline benchmarks and broader market performanc… [+9361 chars]",technology
"{'id': 'the-times-of-india', 'name': 'The Times of India'}",Nikhil Agarwal,UTI AMC's V. Srivatsa on why 2026 could be better than a tough 2025 for equity investors,"Despite a challenging 2025 marked by earnings downgrades and FII selling, Indian equities are poised for a turnaround in 2026. Policy support and stabilizing earnings are expected to improve macros, setting the stage for a more constructive market environment…",https://economictimes.indiatimes.com/markets/expert-view/uti-amcs-v-srivatsa-on-why-2026-could-be-better-than-a-tough-2025-for-equity-investors/articleshow/126177229.cms,"https://img.etimg.com/thumb/msid-126177211,width-1200,height-630,imgsize-109780,overlay-etmarkets/articleshow.jpg",2025-12-26T03:30:00Z,"After one of the weakest years for Indian equities relative to global peers, 2025 left investors bruised by earnings downgrades, FII selling and patchy demand. But as policy support kicks in and earn… [+3630 chars]",technology
"{'id': None, 'name': 'GlobeNewswire'}",Golden Experiences & Travel,Golden Galapagos by GET Expands Luxury Fleet With Addition of Next-Generation Catamarans M/C Monique and M/C Grand Ocean Spray,"Quito, Ecuador, Dec. 25, 2025 (GLOBE NEWSWIRE) -- Golden Galapagos by Golden Experiences & Travel (GET), a Certified B Corporation® and a leader in luxury sustainable travel in Galapagos Islands and the Ecuadorian Amazon, has announced the addition of two nex…",https://www.globenewswire.com/news-release/2025/12/26/3210495/0/en/Golden-Galapagos-by-GET-Expands-Luxury-Fleet-With-Addition-of-Next-Generation-Catamarans-M-C-Monique-and-M-C-Grand-Ocean-Spray.html,,2025-12-26T03:27:00Z,"Quito, Ecuador, Dec. 25, 2025 (GLOBE NEWSWIRE) -- Golden Galapagos by Golden Experiences &amp; Travel (GET), a Certified B Corporation® and a leader in luxury sustainable travel in Galapagos Islands … [+5801 chars]",technology
"{'id': None, 'name': 'Lifesciencesworld.com'}",Noah Whitman,Will we run out of fish in 2050?,"Will We Run Out of Fish in 2050? A Deep Dive The future of our oceans, and the fish they hold, is uncertain. While a complete depletion of all fish stocks by 2050 is unlikely, current trends suggest drastic declines in fish populations if sustainable practice…",https://www.lifesciencesworld.com/will-we-run-out-of-fish-in-2050/,,2025-12-26T03:24:59Z,"The future of our oceans, and the fish they hold, is uncertain. While a complete depletion of all fish stocks by 2050 is unlikely, current trends suggest drastic declines in fish populations if susta… [+8898 chars]",technology
"{'id': 'rt', 'name': 'RT'}",RT,Zelensky adviser claims Ukraine ‘can’t afford’ elections,"Ukraine can’t finance elections due to a deficit budget while prioritizing “militarization” instead, Mikhail Podoliak has said Read Full Article at RT.com",https://www.rt.com/russia/630033-zelensky-adviser-ukraine-cant-afford-election/,https://mf.b37mrtl.ru/files/2025.12/article/694dffe785f540581575b1d2.jpg,2025-12-26T03:24:44Z,"Ukraine cannot afford to finance elections on its own due to a budget deficit, Mikhail Podoliak, a senior adviser to Vladimir Zelensky, has claimed, insisting that Kiev should focus on “militarizatio… [+1959 chars]",technology
"{'id': None, 'name': 'Github.com'}",ruvnet,WiFi DensePose: WiFi-based dense human pose estimation system through walls,Production-ready implementation of InvisPose - a revolutionary WiFi-based dense human pose estimation system that enables real-time full-body tracking through walls using commodity mesh routers  - ...,https://github.com/ruvnet/wifi-densepose,https://opengraph.githubassets.com/4c4c1cffac7ea8e5f41560972f0d56fcce2ba814615a8e92c8febc2bbd10d280/ruvnet/wifi-densepose,2025-12-26T03:18:47Z,"A cutting-edge WiFi-based human pose estimation system that leverages Channel State Information (CSI) data and advanced machine learning to provide real-time, privacy-preserving pose detection withou… [+21305 chars]",technology
"{'id': None, 'name': 'Lokmattimes.com'}",Ians,India takes key steps in science research and innovation amid govt push - www.lokmattimes.com,"India takes key steps in science research and innovation amid govt push - New Delhi, Dec 25 With large-scale funding for research and innovation, India's science and technology (S&T) sector made ... - Latest News. Find Breaking Headlines, Current and Latest b…",https://www.lokmattimes.com/business/india-takes-key-steps-in-science-research-and-innovation-amid-govt-push/,https://d3pc1xvrcw35tl.cloudfront.net/ln/feedImages/1200x900/202512253618444_202512.jpeg,2025-12-26T03:14:51Z,"New Delhi, Dec 25 With large-scale funding for research and innovation, Indias science and technology (S&amp;T) sector made a significant leap in 2025.
The sector saw improvement in global rankings … [+3221 chars]",technology
"{'id': None, 'name': 'Crypto Briefing'}",Vivian Nguyen,Tom Lee says blockchain and AI could turn JPMorgan and Goldman Sachs into next Mag 7,"Adopting AI and blockchain could transform financial giants into tech-like leaders, potentially reshaping market dynamics and growth strategies.
The post Tom Lee says blockchain and AI could turn JPMorgan and Goldman Sachs into next Mag 7 appeared first on Cr…",https://cryptobriefing.com/tom-lee-blockchain-ai-jpmorgan-goldman-sachs-next-mag-7/,https://static.cryptobriefing.com/wp-content/uploads/2025/12/25220934/0e9861f1-ce2b-4cd7-a818-e74107b39f77-800x420.jpg,2025-12-26T03:13:04Z,"Key Takeaways
<ul><li>According to Tom Lee, banks stand to be major beneficiaries of both artificial intelligence and blockchain technology.</li><li>Lee suggested that banks like JPMorgan and Goldma… [+1112 chars]",technology
"{'id': 'the-times-of-india', 'name': 'The Times of India'}",Nishtha Awasthi,Ola Electric shares in focus after Rs 366.78 crore PLI incentive sanctioned for FY25,"Ola Electric Mobility shares are likely to stay in focus after the company secured a Rs 366.78 crore incentive under the PLI-Auto Scheme for FY25. The sanction underscores government support for domestic EV manufacturing, localisation and advanced automotive …",https://economictimes.indiatimes.com/markets/stocks/news/ola-electric-shares-in-focus-after-rs-366-78-crore-pli-incentive-sanctioned-for-fy25/articleshow/126181970.cms,"https://img.etimg.com/thumb/msid-126181964,width-1200,height-630,imgsize-1064168,overlay-etmarkets/articleshow.jpg",2025-12-26T03:09:21Z,"Shares of Ola Electric Mobility are expected to be in focus on Friday, December 26, after the company secured a Rs 366.78 crore incentive under the Production Linked Incentive (PLI) Scheme for Automo… [+2094 chars]",technology
"{'id': 'fortune', 'name': 'Fortune'}",Angelica Ang,The world’s leading blockchain-based taxi app is setting its sights on New York City,TADA was founded in Singapore in 2018 by two South Korean tech entrepreneurs: Kay Woo and Jay Han. The ride-hailing app is best known for its “zero commission model”.,https://fortune.com/2025/12/25/the-worlds-leading-blockchain-based-taxi-app-is-setting-its-sights-on-new-york-city/,"https://fortune.com/img-assets/wp-content/uploads/2025/12/1-TADA-Visual.jpeg?resize=1200,600",2025-12-26T03:05:30Z,"In June 2026, the worlds leading Web3 taxi app will be launched in the Big Apple.This ride-hailing appcalled TADAuses blockchain technology to connect drivers and riders via smart contracts. Its use … [+3732 chars]",technology
"{'id': None, 'name': 'Moneycontrol'}",Reshab Shaw,Coforge in talks for $1 bn-plus acquisition; board to weigh fundraise,"The proposed acquisition is expected to strengthen Coforge’s cloud, data, and product engineering capabilities while expanding its footprint in key overseas markets.",https://www.moneycontrol.com/news/business/information-technology/coforge-in-talks-for-1-bn-plus-acquisition-board-to-weigh-fundraise-13742584.html,https://images.moneycontrol.com/static-mcnews/2025/03/20250327081948_Coforge.png,2025-12-26T03:05:15Z,"IT services firm Coforge is in advanced discussions to acquire a global digital engineering company in a deal valued at over $1 billion, potentially marking one of the largest transactions in the sec… [+5917 chars]",technology
"{'id': None, 'name': 'Honolulu Star-Advertiser'}",None,Column: Simplify process to bring balcony solar power to Hawaii | Honolulu Star-Advertiser,"Most people in Hawaii want to reduce their electricity costs and participate in the transition to clean, renewable energy. But for many who live in condos or apartments, going solar has not been an option. That could soon change — if lawmakers act.",https://www.staradvertiser.com/2025/12/25/editorial/island-voices/column-simplify-process-to-bring-balcony-solar-power-to-hawaii/,https://www.staradvertiser.com/wp-content/uploads/2025/12/web1_20250729-oped-solar_install.jpg,2025-12-26T03:00:44Z,"Most people in Hawaii want to reduce their electricity costs and participate in the transition to clean, renewable energy. But for many who live in condos or apartments, going solar has not been an o… [+3258 chars]",technology
"{'id': None, 'name': 'Ndtvprofit.com'}",Yukta Baid,Eyewear Economics Model Shift? Lenskart Rated New 'Add' At Avendus Spark - Check Potential Upside,"Avendus Spark has initiated coverage on Lenskart with an ‘Add’ rating and a target price of Rs 490, citing its ability to disrupt Indian eyewear retail through a combination of manufacturing-led cost advantages and technology-driven scale. In its initiation n…",https://www.ndtvprofit.com/markets/lenskart-share-price-in-focus-after-avendus-spark-initiates-coverage-check-target-price-and-more,https://media.assettype.com/bloombergquint%2F2025-12-26%2F0sscasm8%2FLenskart-Store-exterior.-Photo-Vijay-Sartape-NDTV-Profit-030722-2.jpeg.jpg?w=1200&auto=format%2Ccompress&ogImage=true,2025-12-26T03:00:07Z,"Avendus Spark noted that Lenskart has built scale in a fragmented retail landscape through free in-store and remote eye testing, an omni-channel network of over 2,200 stores, and rapid fulfilment cap… [+556 chars]",technology
"{'id': 'the-times-of-india', 'name': 'The Times of India'}",PTI,"Goa 2025: Nightclub blaze casts shadow; FIDE World Cup, IFFI bring cheer","Goa's tourism sector faced a setback following a tragic nightclub fire. The state government encountered criticism regarding corruption and deteriorating law and order. Despite these challenges, Goa hosted significant events like the FIDE World Cup and the In…",https://economictimes.indiatimes.com/news/india/goa-2025-nightclub-blaze-casts-shadow-fide-world-cup-iffi-bring-cheer/articleshow/126185790.cms,"https://img.etimg.com/thumb/msid-126185815,width-1200,height-630,imgsize-96330,overlay-economictimes/articleshow.jpg",2025-12-26T07:29:21Z,Panaji: Goa's hopes of entering 2026 on a high note on the back of a more than six per cent rise in tourist arrivals between January-September this year compared to the same period in 2024 were singe… [+3670 chars],sports
"{'id': None, 'name': 'The Star Online'}",The Star Online,Floods: Several Kuala Terengganu roads closed,KUALA TERENGGANU: Several major roads here have been closed because of flash floods triggered by continuous heavy rain since early Friday (Dec 26) morning. Read full story,https://www.thestar.com.my/news/nation/2025/12/26/floods-several-kuala-terengganu-roads-closed,https://apicms.thestar.com.my/uploads/images/2025/12/26/3691067.jpg,2025-12-26T07:28:00Z,"KUALA TERENGGANU: Several major roads here have been closed because of flash floods triggered by continuous heavy rain since early Friday (Dec 26) morning.
Kuala Terengganu OCPD Asst Comm Azli Mohd … [+1333 chars]",sports
"{'id': 'abc-news-au', 'name': 'ABC News (AU)'}",Simon Smale and Jon Healy,Five quick hits: Brook brings the Bazball as Green's misery continues,A record crowd for cricket at the MCG saw another fast-forward day of Ashes action as calamitous run outs and wild Bazball batting took centre stage. Here are the quick hits from the Ashes.,https://www.abc.net.au/news/2025-12-26/ashes-test-england-australia-quick-hits-harry-brook-cam-green/106179806,https://live-production.wcms.abc-cdn.net.au/3c8b96f0e6148b5bf144664a9acfe819?impolicy=wcms_watermark_news&cropH=450&cropW=799&xPos=0&yPos=0&width=862&height=485&imformat=generic,2025-12-26T07:14:40Z,"The Boxing Day Test started under dreary, English skies, but some typically brainless batting and a record crowd at the MCG made it an Australian day on another fast-forward day of Ashes cricket.
He… [+5984 chars]",sports
"{'id': 'the-times-of-india', 'name': 'The Times of India'}",Spotlight Wire,How Dimensity 9500 places MediaTek on the flagship podium,"MediaTek's Dimensity 9500 signifies a major leap, positioning the company as a leader in flagship SoCs. Built on TSMC's 3nm N3P process, it delivers significant CPU and GPU performance gains, outperforming rivals in real-world tasks like video editing and gam…",https://economictimes.indiatimes.com/tech/technology/how-dimensity-9500-places-mediatek-on-the-flagship-podium/articleshow/126185284.cms,"https://img.etimg.com/thumb/width-1200,height-900,imgsize-516177,resizemode-75,msid-126185284/tech/technology/how-dimensity-9500-places-mediatek-on-the-flagship-podium.jpg",2025-12-26T07:13:55Z,"MediaTeks Dimensity 9500 is the clearest indication so far that the company is no longer just chasing the flagship systemonchip (SoC) leaders, but actively shaping expectations around performance, ef… [+8904 chars]",sports
"{'id': None, 'name': 'Slashdot.org'}",feedfeeder,"Broncos 20-13 Chiefs (Dec 25, 2025) Game Recap - ESPN","Broncos 20-13 Chiefs (Dec 25, 2025) Game RecapESPN Broncos snap Arrowhead skid with gritty winESPN Broncos-Chiefs on Christmas Day: What We Learned from Denver's 20-13 winNFL.com Bo Nix, Broncos survive scare in Kansas City on Christmas to maintain lead in AF…",https://slashdot.org/firehose.pl?op=view&amp;id=180458275,,2025-12-26T07:12:10Z,The Fine Print: The following comments are owned by whoever posted them. We are not responsible for them in any way.,sports
"{'id': None, 'name': 'The Punch'}",Punch Newspapers,"EPL: Amorim blocks January transfer, says no player allowed to leave","Man United Coach, Ruben Amorim, has made it clear he is unwilling to sanction any player departures during the January transfer window unless suitable replacements are brought in, insisting his squad is already stretched too thin. As reported by BBC Sports on…",https://punchng.com/?p=2020058,https://cdn.punchng.com/wp-content/uploads/2016/10/17155511/punchlogo.png,2025-12-26T07:09:13Z,"Man United Coach, Ruben Amorim, has made it clear he is unwilling to sanction any player departures during the January transfer window unless suitable replacements are brought in, insisting his squad… [+1600 chars]",sports
"{'id': None, 'name': 'Yahoo Entertainment'}",The Sporting News,"What channel is Northwestern vs. Central Michigan on? Live stream, time, TV schedule to watch GameAbove Sports Bowl",Here's everything you need to know to watch the Wildcats face the Chippewas on Friday.,https://consent.yahoo.com/v2/collectConsent?sessionId=1_cc-session_14263a70-fabd-426a-b599-90fda7d9c9e2,,2025-12-26T07:00:01Z,"If you click 'Accept all', we and our partners, including 244 who are part of the IAB Transparency &amp; Consent Framework, will also store and/or access information on a device (in other words, use … [+714 chars]",sports
"{'id': None, 'name': 'Sky Sports'}",Jasmine Trapnell,Statement year for women's sport: Record successes and England glory,This year was set to be a big year for women's sports and it certainly lived up to those expectations with endless success from female athletes.,https://www.skysports.com/football/news/11095/13482542/womens-sports-biggest-moments-in-2025-lionesses-red-roses-beau-greaves-indian-cricket-netball-super-league-and-aja-wilson,https://e0.365dm.com/25/12/1600x900/skysports-womens-sport-in-2025_7116745.jpg?20251221144203,2025-12-26T07:00:00Z,"This year was set to be a big year for women's sports and it certainly lived up to those expectations with endless success from female athletes.
From the Lionesses successfully defending their Europ… [+10870 chars]",sports
"{'id': None, 'name': 'Nbcsportsphiladelphia.com'}",Dave Zangaro,Why Jihaad Campbell is feeling prepared for another chance to start,Eagles rookie Jihaad Campbell hasn't started in two months but he's continued to prepare for this opportunity.,https://www.nbcsportsphiladelphia.com/nfl/philadelphia-eagles/jihaad-campbell-start-bills-nakobe-dean-zack-baun/703051/?partner=yahoo,https://s.yimg.com/ny/api/res/1.2/TOC2zoPof0lxftuZyqltoQ--/YXBwaWQ9aGlnaGxhbmRlcjt3PTEyMDA7aD02NzU7Y2Y9d2VicA--/https://media.zenfs.com/en/csnphilly.com/949dd070c7df08cfef42fae98a976bbe,2025-12-26T07:00:00Z,"Why Jihaad Campbell is feeling prepared for another chance to start originally appeared on NBC Sports Philadelphia
Jihaad Campbell could have pouted. He could have slacked off. He could have lost in… [+2693 chars]",sports
"{'id': None, 'name': 'Arsenal.com'}",,Carabao Cup semi-final fixtures confirmed,The dates and kick-off times for our Carabao Cup semi-final against Chelsea have now been confirmed,https://www.arsenal.com/news/carabao-cup-semi-final-fixtures-confirmed,https://www.arsenal.com/sites/default/files/styles/desktop_16x9/public/images/eze-chelsea_ycokae44.jpg?h=c71517f5&auto=webp&itok=ANgPzqYc,2025-12-26T07:00:00Z,"The dates and kick-off times for our Carabao Cup semi-final against Chelsea have now been confirmed.
After advancing past Crystal Palace in the quarter-finals earlier this week, we can now look forw… [+718 chars]",sports
"{'id': None, 'name': 'The Denver Post'}",Georgia Nicols,"Daily Horoscope for December 26, 2025","Get your daily horoscope for DecemberS
 26, 2025 from astrologer Georgia Nicols.",https://www.denverpost.com/2025/12/26/daily-horoscope-for-decembers-26-2025/,https://www.denverpost.com/wp-content/uploads/2019/08/Learn_how_to_take_photos_of_the_Milky_Way_with_the_help_of_a_Colorado_conservancy_1.jpg?w=1024&h=683,2025-12-26T07:00:00Z,"Moon Alert: Avoid shopping or important decisions after 11 p.m. PST today. The Moon is in PISCES.
Happy Birthday for Friday, Dec. 26, 2025:
You know how to transform your dreams into reality. You a… [+4255 chars]",sports
"{'id': None, 'name': 'Sky Sports'}",,How to watch Man Utd vs Newcastle,"Manchester United host Newcastle at Old Trafford a Boxing Day Premier League clash on Friday December 26, live on Sky Sports.",https://www.skysports.com/football/news/11667/13486977/watch-man-utd-vs-newcastle-tv-channel-live-stream-now-tv-and-score-prediction,https://e0.365dm.com/25/12/1600x900/skysports-man-utd-newcastle_7118184.jpg?20251223104345,2025-12-26T07:00:00Z,"Manchester United host Newcastle at Old Trafford a Boxing Day Premier League clash on Friday December 26, live on Sky Sports.
Man Utd enter the weekend seventh in the Premier League table on 26 poin… [+2058 chars]",sports
"{'id': None, 'name': 'Sky Sports'}",,"Mount on overcoming setbacks, returning to form and World Cup hopes","If anyone has spent this season reminding people just what they are capable of, it's Mason Mount.",https://www.skysports.com/football/news/11095/13487236/mason-mount-manchester-united-midfielder-discusses-overcoming-setbacks-returning-to-his-best-form-and-world-cup-hopes,https://e0.365dm.com/25/12/1600x900/skysports-football-mason-mount_7105164.jpg?20251208213654,2025-12-26T07:00:00Z,"If anyone has spent this season reminding people just what they are capable of, it's Mason Mount.
The Manchester United midfielder has been plagued by setbacks in recent years, whether that be injur… [+3910 chars]",sports
"{'id': None, 'name': 'Nbcsportsphiladelphia.com'}",Dave Zangaro,Eagles-Bills matchups to watch in Week 17,"The Eagles (10-5) are on the road to face the Buffalo Bills (11-4) on Sunday afternoon. Since the Eagles gave up 281 rushing yards to the Bears back on Black Friday, they have steadied their run defense. Overall, the Eagles have the 21st-ranked run defense in…",https://www.nbcsportsphiladelphia.com/nfl/philadelphia-eagles/eagles-bills-matchups-to-watch-in-week-17/702489/?partner=yahoo,https://s.yimg.com/ny/api/res/1.2/6Mhw3LDSnXmDGRsr2UpgCQ--/YXBwaWQ9aGlnaGxhbmRlcjt3PTEyMDA7aD02NzU7Y2Y9d2VicA--/https://media.zenfs.com/en/csnphilly.com/c0a222b23fd41597d8b73e56f2f801b3,2025-12-26T07:00:00Z,"Eagles-Bills matchups to watch in Week 17 originally appeared on NBC Sports Philadelphia
The Eagles (10-5) are on the road to face the Buffalo Bills (11-4) on Sunday afternoon.
Here are some key ma… [+6038 chars]",sports
"{'id': None, 'name': 'The Football Faithful'}",The Football Faithful,Newcastle United XI vs Manchester United – Predicted lineup and team news,Newcastle United travel to Manchester on Boxing Day looking to find some consistency.Eddie Howe’s side surrendered a two-goal lead against Chelsea last time out to draw 2-2. Currently sitting 11th i...,https://thefootballfaithful.com/newcastle-united-xi-vs-manchester-united-predicted-lineup-and-team-news/,https://s.yimg.com/ny/api/res/1.2/0_JJgmdju2plzGTsruQ4kQ--/YXBwaWQ9aGlnaGxhbmRlcjt3PTEyMDA7aD04MDA7Y2Y9d2VicA--/https://media.zenfs.com/en/the_football_faithful_articles_458/26dcc281050c77f3ee7f70b9c6bd946c,2025-12-26T06:59:00Z,"Newcastle United travel to Manchester on Boxing Day looking to find some consistency.
Eddie Howes side surrendered a two-goal lead against Chelsea last time out to draw 2-2. Currently sitting 11th i… [+1646 chars]",sports
"{'id': None, 'name': 'Yugatech.com'}",Erl Burtanog,Xiaomi launches the Watch 5,"Xiaomi has introduced its new Xiaomi Watch 5 in China, alongside the Xiaomi 17 Ultra. This premium smartwatch features a 47mm stainless-steel case and a 1.54-inch AMOLED display with 1500 nits peak brightness, making it easy to view even under sunlight. It ru…",https://www.yugatech.com/news/xiaomi-launches-the-watch-5/,https://www.yugatech.com/wp-content/uploads/2025/12/NEWS-ARTICLE-7-4.png,2025-12-26T06:49:10Z,"Xiaomi has introduced its new Xiaomi Watch 5 in China, alongside the Xiaomi 17 Ultra. This premium smartwatch features a 47mm stainless-steel case and a 1.54-inch AMOLED display with 1500 nits peak b… [+896 chars]",sports
"{'id': None, 'name': 'The Football Faithful'}",The Football Faithful,Manchester United vs Newcastle United – Match Preview and Team News,The Premier League offers a solitary but significant gift to football fans this Boxing Day as Manchester United host Newcastle United at Old Trafford. Ruben Amorim’s side are aiming to recover from ...,https://thefootballfaithful.com/manchester-united-vs-newcastle-united-match-preview-and-team-news/,https://s.yimg.com/ny/api/res/1.2/3aXqHJCmaUlXHnKxtDtE8w--/YXBwaWQ9aGlnaGxhbmRlcjt3PTEyMDA7aD04MTE7Y2Y9d2VicA--/https://media.zenfs.com/en/the_football_faithful_articles_458/0c3f75d26c380af0943ebd5bca977829,2025-12-26T06:47:00Z,"The Premier League offers a solitary but significant gift to football fans this Boxing Day as Manchester United host Newcastle United at Old Trafford. 
Ruben Amorims side are aiming to recover from … [+3068 chars]",sports
"{'id': 'the-times-of-india', 'name': 'The Times of India'}",Anand Singha,Modi govt is turning India’s coldest months into hot business deals,"India's winter is experiencing unprecedented momentum, driven by a surge in destination weddings and increased tourism. This trend, amplified by government initiatives promoting winter travel and domestic celebrations, is significantly boosting sectors like a…",https://economictimes.indiatimes.com/industry/services/travel/india-modi-hot-business-winter-tourism-weddings-domestic-travel-hospitality-growth/articleshow/126184122.cms,"https://img.etimg.com/thumb/msid-126185035,width-1200,height-630,imgsize-104398,overlay-economictimes/articleshow.jpg",2025-12-26T06:43:33Z,"In India, winter has traditionally meant weddings, woollens and waiting for summer to spend again. This year, it is doing all that and then some. Destination weddings are spilling over calendars, hol… [+8881 chars]",sports
"{'id': None, 'name': 'Onefootball.com'}",OneFootball,"☕️ FC Breakfast: Haaland plays Santa , Yamal crashes the party ⚽️","Lamine Yamal Crashes the Party ⚽️On vacation in Dubai, Lamine Yamal took advantage of his time there to crash a beach soccer game. Incredible, isn't it?The Fabulous Gesture of Granit Xhaka On...",https://onefootball.com/en/news/fc-breakfast-haaland-plays-santa-yamal-crashes-the-party-42144095,https://media.zenfs.com/en/onefootball_articles_802/952c01ece318c0d98f88ef95f962dc1f,2025-12-26T06:39:00Z,"On vacation in Dubai, Lamine Yamal took advantage of his time there to crash a beach soccer game.
Incredible, isn't it?
On TikTok, a Sunderland supporter shared his common passion with his father. … [+877 chars]",sports
"{'id': None, 'name': 'College Football News'}",College Football News,5 Best Bowl Picks Against the Spread for December 26–27,Bowl season hits full speed on December 26–27 with 11 games on the slate. Here are the five best picks against the spread.,https://collegefootballnews.com/college-football/best-bowl-picks-against-the-spread-december-26-27-2025,https://media.zenfs.com/en/college_football_news_725/99c397eb939362ecb7d2f90a8f37d54f,2025-12-26T06:17:41Z,"The bowl season hasn't been anything great, but things might have turned with a great Hawaii Bowl - Hawaii pulled off the thriller in the final moments over Cal.
But that's all in the past. This is … [+6334 chars]",sports
"{'id': None, 'name': 'The Star Online'}","REBECCA CHONG, MUGUNTAN VANAR",Miha in the spotlight as Lamag by-election speculation grows,"KOTA KINABALU: Political parties are eyeing popular Kinabatangan youth activist Mohd Ismail Ayob, better known as Miha, as a potential candidate for the Lamag state seat by-election. Read full story",https://www.thestar.com.my/news/nation/2025/12/26/miha-in-the-spotlight-as-lamag-by-election-speculation-grows,https://apicms.thestar.com.my/uploads/images/2025/12/26/3690962.jpg,2025-12-26T06:13:00Z,"KOTA KINABALU: Political parties are eyeing popular Kinabatangan youth activist Mohd Ismail Ayob, better known as Miha, as a potential candidate for the Lamag state seat by-election.
Miha, who previ… [+1879 chars]",sports
"{'id': None, 'name': 'Slashdot.org'}",feedfeeder,Thursday Night Football: Chiefs lead Broncos 7-6 at halftime - NBC Sports,"Thursday Night Football: Chiefs lead Broncos 7-6 at halftimeNBC Sports Broncos-Chiefs on Christmas Day: What We Learned from Denver's 20-13 winNFL.com Cover 4: Broncos unwrap 20-13 win over Chiefs in Christmas Day winDenver Broncos Bo Nix, Broncos survive sca…",https://slashdot.org/firehose.pl?op=view&amp;id=180458063,,2025-12-26T06:12:08Z,The Fine Print: The following comments are owned by whoever posted them. We are not responsible for them in any way.,sports
"{'id': 'the-times-of-india', 'name': 'The Times of India'}",TOI Trending Desk,Why is 26th December known as Boxing Day?,"Boxing Day, celebrated on December 26th in Great Britain and Commonwealth countries, is a day for relaxation, shopping, and sports following Christmas. Traditionally, it involved servants and tradespeople receiving gifts, with origins linked to church alms bo…",https://timesofindia.indiatimes.com/etimes/trending/why-is-26th-december-known-as-boxing-day/articleshow/126184198.cms,"https://static.toiimg.com/thumb/msid-126184202,width-1070,height-580,imgsize-131402,resizemode-75,overlay-toi_sw,pt-32,y_pad-500/photo.jpg",2025-12-26T06:00:23Z,"Follow Us On Social Media
Copyright © 2025 Bennett, Coleman &amp; Co. Ltd. All rights reserved. For reprint rights: Times Syndication Service",sports
"{'id': None, 'name': 'Sporting News'}",Daniel Yanofsky,"Where to watch World Juniors in USA: Full TV schedule, times, live streams for every 2026 IIHF hockey game","Here is all you need to know about the World Juniors, including TV and streaming options for the game.",https://www.sportingnews.com/us/nhl/news/watch-world-juniors-usa-schedule-times-live-streams-2026-hockey/f3413bd5cd95f21ccce5551b,https://media.zenfs.com/en/the_sporting_news_articles_584/5d26bd9935d29fdb74f28095649c8114,2025-12-26T06:00:02Z,"Where to watch World Juniors in USA: Full TV schedule, times, live streams for every 2026 IIHF hockey game originally appeared on The Sporting News. Add The Sporting News as a Preferred Source by cli… [+5152 chars]",sports
"{'id': 'the-irish-times', 'name': 'The Irish Times'}",Barry Roche,The most Ukrainian town in Ireland,An influx of refugees to Cahersiveen in Kerry brought challenges but many benefits to the local community,https://www.irishtimes.com/ireland/2026/01/10/the-most-ukrainian-town-in-ireland/,https://www.irishtimes.com/resizer/v2/CCOFBQL5S5HTJIGJDKOZ7S3PU4.jpg?smart=true&auth=02905b980069029a7a6ff3662a214909e607100b43ba30e5064c4b13557b311f&width=1200&height=630,2025-12-26T06:00:01Z,"When I was little, I thought Ukraine was the only country, says Kateryna Reshetnikova to her friend Sofia Laptenko.
I didnt even know Ireland existed before I came here, replies Sofia, as the two pa… [+8898 chars]",sports
"{'id': 'the-irish-times', 'name': 'The Irish Times'}",Kelli O’Keeffe,"Women’s Sport in Ireland: Success is visible, but patience and continued commitment will be key","Half of the population now report watching women’s sport on television or online, up from 36 per cent in 2018",https://www.irishtimes.com/sport/2025/12/26/womens-sport-in-ireland-success-is-visible-but-patience-and-continued-commitment-will-be-key/,https://www.irishtimes.com/resizer/v2/SA5SNFZ3L5H35HS4CS3TNWP6FM.jpg?smart=true&auth=47efe9e2f6cc2f70b02b21d2062230440b5a9e7d16b1f0f58b073ccf219aaa19&width=1200&height=630,2025-12-26T06:00:00Z,"In 2025, elite Irish female athletes once again delivered on the world stage. World and European medals were won across athletics, swimming, rowing, para-cycling, cycling and boxing to name but a few… [+6301 chars]",sports
"{'id': None, 'name': 'ArchDaily'}",Hadir Al Koshta,Renovation and extension of the Marie Paradis sports complex / bureau faceB + LFA,"Site, Covered Sports Complex (1977-1988) / Marked by its metal framework and lattice beams from the 1970s and 1980s, this sports complex, now unloved, suffers from a juxtaposition of aging equipment, a cold industrial aesthetic, and a lack of openings, making…",https://www.archdaily.com/1037219/renovation-and-extension-of-the-marie-paradis-sports-complex-bureau-faceb-plus-lfa,https://images.adsttc.com/media/images/6944/3167/9d4e/bd00/013b/bba7/large_jpg/__Vladimir_de_Mollerat_du_Jeu_-_LFA__FACE_B_-_Marie_Paradis-62-LT.jpg?1766076794,2025-12-26T06:00:00Z,"© Vladimir de Mollerat du Jeu
+ 14
More SpecsLess Specs
© Vladimir de Mollerat du Jeu
Text description provided by the architects. Site, Covered Sports Complex (1977-1988) / Marked by its metal f… [+210 chars]",sports
"{'id': None, 'name': 'Adweek'}",Rebecca Stewart,10 CMOs Set To Make Waves in 2026,"2025 was a carousel of chief marketing officer (CMO) exits, arrivals, and shake-ups that kept the advertising world on its toes. While the CMO door keeps revolving, 2026 will once […]",https://www.adweek.com/brand-marketing/10-cmos-set-to-make-waves-in-2026/,https://static-www.adweek.com/wp-content/uploads/2025/12/cmos-to-watch-2026.png?w=600&h=315&crop=1,2025-12-26T06:00:00Z,"2025 was a carousel of chief marketing officer (CMO) exits, arrivals, and shake-ups that kept the advertising world on its toes.
While the CMO door keeps revolving, 2026 will once again see marketin… [+10023 chars]",sports
"{'id': 'the-irish-times', 'name': 'The Irish Times'}",Ciarán Murphy,Ciarán Murphy: Ending league sponsorship deal would at least stop Allianz from cashing in on the GAA’s virtues,The GAA shouldn’t understate the portion of its membership that wish to see Allianz axed as sponsors,https://www.irishtimes.com/sport/gaelic-games/2025/12/26/ciaran-murphy-ending-league-sponsorship-deal-would-at-least-stop-allianz-from-cashing-in-on-the-gaas-virtues/,https://www.irishtimes.com/resizer/v2/P6C6BCXE35CLRHCM5KR7FGDVYE.jpg?smart=true&auth=7ce3a5fc400371ddcaffe7c8ad6c47d1cb107c7016e3d935b4da3fbbc83ff0f4&width=1200&height=630,2025-12-26T06:00:00Z,"Last Friday, the GAAs relationship with Allianz was discussed at a Coiste Bainistíochta meeting. Allianz have sponsored the National Leagues for the last 30 years. They are also a sponsor of the seni… [+4958 chars]",sports
"{'id': 'the-irish-times', 'name': 'The Irish Times'}",Dave Hannigan,How the divine Jimmy Barry-Murphy has the people of Cork cheering for Cardiff City,Brian Barry-Murphy’s sterling work as manager with the League One side draws comparisons with his legendary father,https://www.irishtimes.com/sport/soccer/2025/12/26/how-the-divine-jimmy-barry-murphy-has-the-people-of-cork-cheering-for-cardiff-city/,https://www.irishtimes.com/resizer/v2/6BGS5Q5ODRDCJL4GKDJUTTJ4DM.jpg?smart=true&auth=f73068ecc1ef98631f143cc0ba1ab2c4b9944e77d858165a5597fbf75b40c31b&width=1200&height=630,2025-12-26T06:00:00Z,"Two decades ago, I was sipping coffee with Plunkett Carter, an esteemed local sports historian, in the Hawthorn Bar nestling by The Lough on the southside of Cork city when Jimmy Barry-Murphy approac… [+4963 chars]",sports
"{'id': 'the-jerusalem-post', 'name': 'The Jerusalem Post'}",JOSHUA HALICKMAN,From Toronto to Tel Aviv: Tyler Ennis is thriving in Hapoel,The 31-year-old former Laker began his career in Canada before playing for the NBA and eventually joining Hapoel Tel Aviv to play in both the Euroleague and the domestic Israeli league. Hapoel Tel Aviv is having a spectacular season as head coach Dimitrios It…,https://www.jpost.com/israel-news/sports/article-881434,https://media.zenfs.com/en/jerusalem_post_articles_818/611c94af3428f8368f9880dbbe092ce1,2025-12-26T05:37:15Z,"The 31-year-old former Laker began his career in Canada before playing for the NBA and eventually joining Hapoel Tel Aviv to play in both the Euroleague and the domestic Israeli league.
Hapoel Tel A… [+7584 chars]",sports
"{'id': None, 'name': 'Yahoo Entertainment'}",The Associated Press,Friday's Time Schedule,"All Times EST Friday, Dec. 26 Boston at Indiana, 7 p.m. Charlotte at Orlando, 7 p.m. Miami at Atlanta, 7 p.m.",https://sports.yahoo.com/articles/fridays-time-schedule-053704430.html,https://s.yimg.com/cv/apiv2/social/images/yahoo_default_logo-1200x1200.png,2025-12-26T05:37:04Z,"All Times EST
Friday, Dec. 26
NBA
Boston at Indiana, 7 p.m.
Charlotte at Orlando, 7 p.m.
Miami at Atlanta, 7 p.m.
Toronto at Washington, 7 p.m.
Philadelphia at Chicago, 7:30 p.m.
Milwaukee at… [+325 chars]",sports
"{'id': 'the-times-of-india', 'name': 'The Times of India'}",PTI,"Year 2025 for Haryana: IPS officer suicide, busting of 'white-collar' terror module mark state's unquiet year","Haryana witnessed significant events in 2025. A senior IPS officer's alleged suicide and a terror module bust dominated headlines. The ruling BJP secured more electoral victories, winning civic polls. The state also faced challenges with heavy rains and flood…",https://economictimes.indiatimes.com/news/india/year-2025-for-haryana-ips-officer-suicide-busting-of-white-collar-terror-module-mark-states-unquiet-year/articleshow/126183816.cms,"https://img.etimg.com/thumb/msid-126183844,width-1200,height-630,imgsize-67016,overlay-economictimes/articleshow.jpg",2025-12-26T05:36:55Z,"Chandigarh: The alleged suicide by a senior IPS officer and busting of a ""white-collar"" terror module linked to the Delhi car blast were among the key highlights in the year 2025 which also brought m… [+5848 chars]",sports
"{'id': None, 'name': 'KTLA Los Angeles'}",Marc Sternfield,"Teen killed, 4 hurt in L.A. County holiday gunfire","Gunfire erupted on a residential street in the Antelope Valley on Christmas Day, leaving one teenager dead and four other people wounded. Deputies from the...",https://ktla.com/news/local-news/teen-killed-4-hurt-in-l-a-county-holiday-gunfire/,https://media.zenfs.com/en/ktla_articles_362/6207aceff3bc5d96180f5f1bb2c19e0d,2025-12-26T05:35:38Z,"Gunfire erupted on a residential street in the Antelope Valley on Christmas Day, leaving one teenager dead and four other people wounded.
Deputies from the Lancaster Sheriffs Station responded to th… [+1720 chars]",sports
"{'id': None, 'name': 'Vikings Territory'}",Dustin Baker,The Vikings Made Fools of the Lions,"The Minnesota Vikings are doing Minnesota Vikings things, refusing to let a disappointing season swirl down the toilet in pursuit […]",https://vikingsterritory.com/2025/news/top_news/vikings-made-fools-of-lions,https://s.yimg.com/ny/api/res/1.2/eGmmoDhG8cUdHxq2cKwRHg--/YXBwaWQ9aGlnaGxhbmRlcjt3PTEyMDA7aD02NTY7Y2Y9d2VicA--/https://media.zenfs.com/en/vikings_territory_articles_315/e6e135bfffec757eb5826337804297f3,2025-12-26T05:33:41Z,"The Minnesota Vikings are doing Minnesota Vikings things, refusing to let a disappointing season swirl down the toilet in pursuit of relevance and respectability. Playing the role of spoiler on Chris… [+6120 chars]",sports
"{'id': None, 'name': 'Slashdot.org'}",feedfeeder,Justin Jefferson Breaks Randy Moss’ NFL Record for Yards Through 6 Seasons - Vikings.com,"Justin Jefferson Breaks Randy Moss’ NFL Record for Yards Through 6 SeasonsVikings.com Justin Jefferson Breaks Randy Moss Record, How Vikings WR Made NFL History vs. LionsBleacher Report Vikings’ Justin Jefferson got ‘back into Jets mode’ with 85-yard performa…",https://slashdot.org/firehose.pl?op=view&amp;id=180457969,,2025-12-26T05:32:38Z,The Fine Print: The following comments are owned by whoever posted them. We are not responsible for them in any way.,sports
"{'id': None, 'name': 'Slashdot.org'}",feedfeeder,Chiefs Tight Ends Travis Kelce And Tony Gonzalez Talk Retirement In Prime Sports Interview - Forbes,Chiefs Tight Ends Travis Kelce And Tony Gonzalez Talk Retirement In Prime Sports InterviewForbes Travis Kelce’s possible final home game for the Chiefs: A bittersweet Christmas showdownKY3 Travis Kelce leaves field with a smile in potential final game at Arro…,https://slashdot.org/firehose.pl?op=view&amp;id=180457967,,2025-12-26T05:32:28Z,The Fine Print: The following comments are owned by whoever posted them. We are not responsible for them in any way.,sports
"{'id': 'the-irish-times', 'name': 'The Irish Times'}",Mick Heaney,2025 in radio: RTÉ and Newstalk’s tit-for-tat talent raids only add to an uncertain future,"After a seismic year of poaching presenters and refreshing rosters, Ireland’s revamped stations can’t ignore the shift online",https://www.irishtimes.com/culture/tv-radio/2025/12/26/2025-in-radio-rte-and-newstalks-tit-for-tat-talent-raids-only-add-to-an-uncertain-future/,https://www.irishtimes.com/resizer/v2/N4APWYB2IJD5BMOWOCRSIVWPCQ.jpg?smart=true&auth=ba25cfa95b80706f819e6f9b3ca9e1a2f4a307d286e42c203fa3061173447839&width=1200&height=630,2025-12-26T05:18:00Z,"Roll up, roll up! Enjoy all the fun of the fair as Irish radio hurtles through a rollercoaster of a year! Marvel at the merry-go-round of stars jumping between stations! Gasp at the high-wire thrills… [+7599 chars]",sports
"{'id': None, 'name': 'WJTV'}",David Edelstein,"Top Alabama WR Recruits Sign with Miss. St., Follow Kiffin to LSU","A top-10 2026 recruit from Alabama has flipped from Ole Miss to LSU. He says he’s being loyal to Lane Kiffin. Corey Barber is the 6th overall AL recruit and top-20 at WR in the nation, per 247Sports. Mississippi State signee Zion Crumpton is one of the top 20…",https://www.wjtv.com/sports/friday-night-rewind/top-alabama-wr-recruits-sign-with-miss-st-follow-kiffin-to-lsu/,https://media.zenfs.com/en/wjtv_jackson_articles_164/d7e36f0dd8490086e153901e94cbe4f8,2025-12-26T05:14:10Z,"A top-10 2026 recruit from Alabama has flipped from Ole Miss to LSU.
He says hes being loyal to Lane Kiffin.
Corey Barber is the 6th overall AL recruit and top-20 at WR in the nation, per 247Sports… [+468 chars]",sports
"{'id': None, 'name': 'Yahoo Entertainment'}",Nate Tice,NFL Christmas games INSTANT takeaways: Lions are tamed as playoff race takes shape,Nate Tice reacts to the Christmas Day NFL slate and looks ahead to the NFL playoff race.,https://sports.yahoo.com/nfl/article/nfl-christmas-games-instant-takeaways-lions-are-tamed-as-playoff-race-takes-shape-051405051.html,https://s.yimg.com/ny/api/res/1.2/Z4H9OaJGBkNePGWlY9pDKw--/YXBwaWQ9aGlnaGxhbmRlcjt3PTEyMDA7aD02NzU7Y2Y9d2VicA--/https://s.yimg.com/os/creatr-uploaded-images/2025-12/5c0fa2f0-e213-11f0-b9ff-4a86f689948f,2025-12-26T05:14:05Z,"Nate Tice reacts to the Christmas Day NFL slate and looks ahead to the NFL playoff race. Nate gives his instant takeaways from the Dallas Cowboys win over the Washington Commanders, a wild Minnesota … [+475 chars]",sports
"{'id': None, 'name': 'Sporting News'}",The Sporting News,"Is there a College Football Playoff game today? Full schedule, times, TV channels to watch bowl games this weekend",Here's the full rundown of all the college football on tap Friday and Saturday.,https://www.sportingnews.com/us/ncaa-football/news/college-football-playoff-game-today-schedule-times-tv-channels-watch-bowl/0062773e58f1ce7593a60d43,https://media.zenfs.com/en/the_sporting_news_articles_584/39c12d6e41c939bd9bce028c748eed91,2025-12-26T05:10:01Z,"Is there a College Football Playoff game today? Full schedule, times, TV channels to watch bowl games this weekend originally appeared on The Sporting News. Add The Sporting News as a Preferred Sourc… [+3943 chars]",sports
"{'id': None, 'name': 'WJTV'}",WJTV Jackson,Two Holmes County Central Seniors Sign to Play College Football,"i>Copyright 2025 Nexstar Media, Inc.",https://www.wjtv.com/sports/friday-night-rewind/two-holmes-county-central-seniors-sign-to-play-college-football/,https://media.zenfs.com/en/wjtv_jackson_articles_164/ea4136e5198def3ba0701572dff02463,2025-12-26T05:09:59Z,"Copyright 2025 Nexstar Media, Inc. All rights reserved. This material may not be published, broadcast, rewritten, or redistributed.
 For the latest news, weather, sports, and streaming video, head t… [+6 chars]",sports
"{'id': None, 'name': 'WDIV ClickOnDetroit'}",Connie Panzariello,‘Heated Rivalry’ series mixes hockey and queer romance and is scoring big audiences,The television adaptation of Rachel Reid’s novel “Heated Rivalry” is making waves with hockey romance fans.,https://www.clickondetroit.com/entertainment/2025/12/26/heated-rivalry-series-mixes-hockey-and-queer-romance-and-is-scoring-big-audiences/,"https://res.cloudinary.com/graham-media-group/image/upload/f_auto/q_auto/c_thumb,w_700/v1/media/gmg/QNLYYQX7NBGQBPXPWOQSEMQJTY.jpg?_a=DATAg1eAZAA0",2025-12-26T05:08:33Z,"NEW YORK Heated Rivalry is scoring big with hockey romance fans. Since its Thanksgiving weekend debut, the steamy television adaptation of Rachel Reids 2019 novel has dominated social media feeds and… [+5675 chars]",sports
"{'id': None, 'name': 'Bleeding Cool News'}",Kaitlyn Booth,Madden: Nicolas Cage Is John Madden In The First Teaser Trailer,"If there was ever a time to cold-drop a teaser for a new movie about a football legend, it's during one of the biggest football days of the entire year. Aside from the Super Bowl and Thanksgiving, you know you're going to have a lot of eyeballs on screen duri…",https://bleedingcool.com/movies/madden-nicolas-cage-is-john-madden-in-the-first-teaser-trailer/,https://bleedingcool.com/wp-content/uploads/2025/12/madden-2.jpg,2025-12-26T05:08:03Z,"Posted in: Movies, Prime | Tagged: Madden
Prime Video has released the first teaser trailer for Madden, starring Nicolas Cage as the biopic's central figure, John Madden.
Article Summary
<ul><li>P… [+2642 chars]",sports
"{'id': None, 'name': 'Screen Rant'}",Ana Dumaraog,Heated Rivalry Ending Explainer: Do Shane & Ilya Get Their Happy Ending?,"HBO Max's hit sports romance show, Heated Rivalry, ends season 1 with massive payoffs, but Shane Hollander and Ilya Rosanov's story is far from over.",https://screenrant.com/heated-rivalry-season-1-episode-6-ending-explained/,https://static0.srcdn.com/wordpress/wp-content/uploads/2025/12/shane-and-ilya-in-heated-rivalry-3.jpg?w=1600&h=900&fit=crop,2025-12-26T05:00:24Z,"Warning! Spoilers ahead for Heated Rivalry episode 6, ""The Cottage.""After six episodes, Heated Rivalry wraps up Shane Hollander and Ilya Rosanov's first act, while also setting up the much-anticipate… [+7532 chars]",sports
"{'id': None, 'name': 'Meh.com'}",,1- or 2-Pack: Sharper Image Calming Heat Shoulder Wrap $19.99 - $29.99,"<ul>
<li>3 levels of vibration intensity, 3 levels of heat intensity</li>
<li>They come with wireless remotes</li>
<li>Put one (or both) of them on, turn on some TV, and reeee-lax</li>
<li>Can they make a margarita: No, but a margarita would go great with the…",https://meh.com/deals/1-or-2-pack-sharper-image-calming-heat-shoulder-wrap,"http://d2b8wt72ktn9a2.cloudfront.net/mediocre/image/upload/c_pad,f_auto,h_600,q_auto,w_600/fivcqpytgvsep0olrzti.webp",2025-12-26T05:00:00Z,"PRODUCT COMPARISON: Sharper Image Calming Heat Shoulder Wrap vs. Benny, your downstairs neighbor whos always available for a back rub
Sharper Image Calming Heat Shoulder Wrap
Pros:
<ul><li>Fits on… [+1794 chars]",sports
"{'id': None, 'name': 'Pinstripe Alley'}",Jake Devin,Yankees News: Bombers remain confident regarding Bellinger,"Yankees feeling confident regarding Bellinger; Torpedo bats, Schlittler’s legend highlight top Yankees moments from 2025; Yankees miss out on another top reliever.",https://www.pinstripealley.com/yankees-news/172516/yankees-news-free-agency-cody-bellinger-tucker-mets-judge-fairbanks-signing,https://s.yimg.com/ny/api/res/1.2/6tPhv63Juh8d9xuuOOiCtQ--/YXBwaWQ9aGlnaGxhbmRlcjt3PTEyMDA7aD04MDA7Y2Y9d2VicA--/https://media.zenfs.com/en/sb_nation_articles_115/e7227e7eee75af0fd3593fe4f98d514d,2025-12-26T05:00:00Z,"New York Post | Jon Heyman: ($) Yes, for Christmas, its another Cody Bellinger Market update. Heyman reports that the Yankees are feeling confident about their chances of re-signing the outfielder, a… [+1487 chars]",sports
"{'id': None, 'name': 'Yahoo Entertainment'}",Associated Press,Asian Sports Headlines at 6:14 a.m. GMT,Ashes advantage England: Visitors take 4 Australian wickets after winning the toss at the MCG,https://sports.yahoo.com/articles/asian-sports-headlines-6-14-050000530.html,https://s.yimg.com/cv/apiv2/social/images/yahoo_default_logo-1200x1200.png,2025-12-26T05:00:00Z,Ashes advantage England: Visitors take 4 Australian wickets after winning the toss at the MCG,sports
"{'id': None, 'name': 'KSN-TV'}",Michael Emami,"United by birth, bound by football: Two brothers’ journey to the NFL","For two identical twin brothers, a bond could be centered around anything, but for the Bell boys it was always football.",https://www.ksn.com/sports/competitive-drive/united-by-birth-bound-by-football-two-brothers-journey-to-the-nfl/,https://media.zenfs.com/en/ksnw_wichita_articles_865/ad5c637227c779d893d70e4ccac4f926,2025-12-26T04:59:52Z,"WICHITA, Kan. (KSNW) From the moment they hit the gridiron, Mike and Blake Bell were inseparable.
For two identical twin brothers, a bond could be centered around anything, but for the Bell boys it … [+1996 chars]",sports
"{'id': None, 'name': 'WCBD News 2'}",Dan Fanning,Top 10 Lowcountry sports stories of 2025,"MT. PLEASANT, S.C. (WCBD) – A lot to celebrate this holiday season as it was another great year for Lowcountry sports. It was tough to dwindle down the top ten stories of 2025 but we did our best. Top story #10 – 2025 was a banner year for Mt. Pleasants Debbi…",https://www.counton2.com/news/top-10-lowcountry-sports-stories-of-2025/,https://media.zenfs.com/en/wcbd_charleston_articles_221/e2cf65c015bd67d49487011bbe117f2c,2025-12-26T04:58:29Z,"MT. PLEASANT, S.C. (WCBD) A lot to celebrate this holiday season as it was another great year for Lowcountry sports. It was tough to dwindle down the top ten stories of 2025 but we did our best.
Top… [+4897 chars]",sports
"{'id': None, 'name': 'Slashdot.org'}",feedfeeder,"Chiefs vs. Broncos live updates: Score, highlights, key moments for Christmas game - CBS Sports","Chiefs vs. Broncos live updates: Score, highlights, key moments for Christmas gameCBS Sports Bo Nix, Broncos survive scare in Kansas City on Christmas to maintain lead in AFC raceYahoo Sports Five things that stood out about the Chiefs’ loss to the Broncos on…",https://slashdot.org/firehose.pl?op=view&amp;id=180457857,,2025-12-26T04:52:05Z,"Our policy is, when in doubt, do the right thing.
-- Roy L. Ash, ex-president, Litton Industries",sports
"{'id': None, 'name': 'ClutchPoints'}","Jedd Pagaduan, ClutchPoints",Hawks’ 2 best trade upgrade options using Kristaps Porzingis’ $30.7 million expiring contract,Kristaps Porzingis hasn't been as impactful for the Hawks as they'd hoped due to injury. Will they change course and trade him away?,https://clutchpoints.com/nba/atlanta-hawks/hawks-2-best-trade-upgrade-options-using-kristaps-porzingis-30-7-million-expiring-contract,https://s.yimg.com/ny/api/res/1.2/I4hSdjeDepJzfPWR9TKV.A--/YXBwaWQ9aGlnaGxhbmRlcjt3PTEyMDA7aD02NzU7Y2Y9d2VicA--/https://media.zenfs.com/en/clutchpoints_articles_939/5f5dba0c77395ebcbf21dc5ee4c7bd26,2025-12-26T04:50:07Z,"Hawks 2 best trade upgrade options using Kristaps Porzingis $30.7 million expiring contract appeared first on ClutchPoints. Add ClutchPoints as a Preferred Source by clicking here.
The Atlanta Hawks… [+7668 chars]",sports
"{'id': None, 'name': 'Conchovalleyhomepage.com'}",Griff McClellan,ROAD TO GLORY: The journey of Wall’s 2025 state championship win,"SAN ANGELO, Texas (Concho Valley Homepage) — Click the video above to relive the Wall Hawks’ road to the 2025 state championship. If there’s one team in the Concho Valley enjoying its 2025 holiday season, it’s the Wall Hawks. The school brought home its first…",https://www.conchovalleyhomepage.com/locker-room/road-to-glory-the-journey-of-walls-2025-state-championship-win/,https://media.zenfs.com/en/klst_san_angelo_articles_638/6e4069165bbb48d90f466e78185b427e,2025-12-26T04:49:23Z,"SAN ANGELO, Texas (Concho Valley Homepage) Click the video above to relive the Wall Hawks road to the 2025 state championship.
If theres one team in the Concho Valley enjoying its 2025 holiday seaso… [+3078 chars]",sports
"{'id': None, 'name': 'ClutchPoints'}","Paolo Mariano, ClutchPoints",Charles Barkley takes shot at NFL ‘pigs’ for trying to steal Christmas from NBA,NBA legend Charles Barkley did not hold back on the NFL after scheduling a triple-header on Christmas Day.,https://clutchpoints.com/nba/nba-stories/nba-news-charles-barkley-takes-shot-nfl-pigs-steal-christmas,https://s.yimg.com/ny/api/res/1.2/vhhLQ139YR1wyi5pSyC_Cg--/YXBwaWQ9aGlnaGxhbmRlcjt3PTEyMDA7aD02NzU7Y2Y9d2VicA--/https://media.zenfs.com/en/clutchpoints_articles_939/71a39fe92375691d224d7d91c3fd739b,2025-12-26T04:39:03Z,"Charles Barkley takes shot at NFL pigs for trying to steal Christmas from NBA appeared first on ClutchPoints. Add ClutchPoints as a Preferred Source by clicking here.
Over the years, games on Christ… [+1725 chars]",sports
"{'id': None, 'name': 'KFOR Oklahoma City'}",Lauren Henry/KFOR,Deployed soldier reunites with father at Christmas Day Thunder game,"The Paycom Center was full of holiday cheer during the game on Thursday vs. the San Antonio Spurs, and one father even got an unexpected surprise.",https://kfor.com/news/local/deployed-soldier-reunites-with-father-at-christmas-day-thunder-game/,https://media.zenfs.com/en/kfor_articles_929/2c51f7b3328e32f230ff81fa9f444cc3,2025-12-26T04:38:52Z,"OKLAHOMA CITY (KFOR) The Paycom Center was full of holiday cheer during the game on Thursday vs. the San Antonio Spurs, and one father even got an unexpected surprise.
Amid the excitement, families … [+1283 chars]",sports
"{'id': None, 'name': 'Slashdot.org'}",feedfeeder,"2025 NFL Playoff Picture, Bracket, Schedule: Packers Clinch With Lions Loss - FOX Sports","2025 NFL Playoff Picture, Bracket, Schedule: Packers Clinch With Lions LossFOX Sports Vikings dominate Lions despite woeful passing gameESPN Lions vs. Vikings on Christmas: Detroit eliminated by Minnesota, underscoring NFL's unpredictabilityYahoo Sports A pre…",https://slashdot.org/firehose.pl?op=view&amp;id=180457823,,2025-12-26T04:32:20Z,"Our policy is, when in doubt, do the right thing.
-- Roy L. Ash, ex-president, Litton Industries",sports
"{'id': None, 'name': 'WDAF FOX4 Kansas City'}",Jacob Sloan,Future on minds of many fans at last Chiefs home game of season,Many fans said that it was a disappointing year for the Kansas City Chiefs ahead of their Christmas Day matchup with the Denver Broncos.,https://fox4kc.com/sports/chiefs/future-on-minds-of-many-fans-at-last-chiefs-home-game-of-season/,https://media.zenfs.com/en/wdaf_articles_412/48c0fa9e73f22ef5bdad97682b3270fc,2025-12-26T04:19:23Z,"KANSAS CITY, Mo. Many fans said that it was a disappointing year for the Kansas City Chiefs ahead of their Christmas Day matchup with the Denver Broncos.
Obviously, like weve kind of had our moments… [+2321 chars]",sports
"{'id': 'fox-news', 'name': 'Fox News'}",,Travis Kelce held without touchdown in possible final home game as Broncos narrowly top Chiefs,Travis Kelce will be remembered as a legend no matter what the result was going to be in potentially his final home game on Thursday night.,https://www.foxnews.com/sports/travis-kelce-held-without-touchdown-possible-final-home-game-broncos-narrowly-top-chiefs,https://static.foxnews.com/foxnews.com/content/uploads/2025/12/nfl-chiefs-travis-kelce-122525-4.jpg,2025-12-26T04:18:37Z,"Travis Kelce had three of his five catches on the Kansas City Chiefs final drive against the Denver Broncos, but the team couldnt do enough to win the game.
Kelce, in what may have been his final ga… [+2595 chars]",sports
"{'id': None, 'name': 'FOX21News.com'}",Chris Ryan,Broncos win ugly again 20-13 at rival Chiefs,"(KANSAS CITY) — The Denver Broncos (13-3) won a defensive slugfest 20-13 against division rival Kansas City (6-10), bouncing back from their first loss in three months, on Thursday night, Christmas evening, at Arrowhead Stadium. Broncos quarterback Bo Nix con…",https://www.fox21news.com/top-stories/broncos-win-ugly-again-20-13-at-rival-chiefs/,https://media.zenfs.com/en/kxrm_colorado_springs_articles_460/4fa84e3352c733756e0004a42665fe62,2025-12-26T04:13:56Z,"(KANSAS CITY) The Denver Broncos (13-3) won a defensive slugfest 20-13 against division rival Kansas City (6-10), bouncing back from their first loss in three months, on Thursday night, Christmas eve… [+852 chars]",sports
"{'id': None, 'name': 'Japan Today'}",,Villa faces Chelsea test as Premier League title race heats up,"Aston Villa faces a tough challenge at Chelsea on Saturday after muscling their way into the Premier League title race alongside Arsenal and Manchester City. The Gunners, top of the tree at Christmas, host Brighton, while Pep Guardiola's in-form City travel t…",https://japantoday.com/category/sports/villa-face-chelsea-test-as-premier-league-title-race-heats-up,,2025-12-26T04:11:23Z,"Aston Villa faces a tough challenge at Chelsea on Saturday after muscling their way into the Premier League title race alongside Arsenal and Manchester City.
The Gunners, top of the tree at Christma… [+3757 chars]",sports
"{'id': None, 'name': 'WHBF - OurQuadCities.com'}",Jay Kidwell,High School Basketball players and coaches talk presents,High School Basketball players and coaches told us about some of their favorite Christmas presents over the years.,https://www.ourquadcities.com/sports/high-school-sports/high-school-basketball-players-and-coaches-talk-presents/,https://media.zenfs.com/en/whbf_davenport_articles_271/c712d8dc94dab66b16b2862e7da30a01,2025-12-26T04:10:22Z,"High School Basketball players and coaches told us about some of their favorite Christmas presents over the years.
Copyright 2025 Nexstar Media, Inc. All rights reserved. This material may not be pu… [+142 chars]",sports
"{'id': None, 'name': 'WHBF - OurQuadCities.com'}",Jay Kidwell,Iowa Hawkeyes reflect on favorite Christmas presents,Some members of the Iowa Football and Basketball team told us about some of their favorite Christmas presents and memories over the years.,https://www.ourquadcities.com/sports/hawkeye-headquarters/hawkeyes-football/iowa-hawkeyes-reflect-on-favorite-christmas-presents/,https://media.zenfs.com/en/whbf_davenport_articles_271/06b548e4626d8117941efe2ef56c615f,2025-12-26T04:09:08Z,"Some members of the Iowa Football and Basketball team told us about some of their favorite Christmas presents and memories over the years.
Copyright 2025 Nexstar Media, Inc. All rights reserved. Thi… [+166 chars]",sports
"{'id': 'fox-sports', 'name': 'Fox Sports'}",,3 Takeaways From the NFL's Christmas Tripleheader,"Here are the takeaways from the NFL's Christmas tripleheader, which saw the Lions get eliminated from playoff contention.",https://www.foxsports.com/stories/nfl/3-takeaways-from-nfls-christmas-tripleheader,https://a57.foxsports.com/statics.foxsports.com/www.foxsports.com/content/uploads/2025/12/1408/814/0848d5c8-artboard-1.jpg?ve=1&tl=1,2025-12-26T04:05:23Z,"Christmas has become a football holiday, even if the games this year weren't the best the league has to offer.
Only one of the six teams that played on Christmas will make the playoffs, but we still… [+3410 chars]",sports
"{'id': None, 'name': 'CIProud.com'}",Kurt Pegler,ISU football players return for practice Saturday to prepare for national title game,"NORMAL, Ill. (WMBD/WYZZ) — If you’re a college football coach and you’re still game-planning for an opponent the week of Christmas, you’ve had a good year. With players away on a holiday break, Illinois State coaches are having a working holiday week as they …",https://www.centralillinoisproud.com/sports/local-sports/isu-football-players-return-for-practice-saturday-to-prepare-for-national-title-game/,https://media.zenfs.com/en/wmbd_peoria_articles_757/d5bbb654d6f43815e7436d58c699a614,2025-12-26T04:02:49Z,"NORMAL, Ill. (WMBD/WYZZ) If youre a college football coach and youre still game-planning for an opponent the week of Christmas, youve had a good year.
With players away on a holiday break, Illinois … [+1323 chars]",sports
"{'id': None, 'name': 'Slashdot.org'}",feedfeeder,"Today's NYT Connections Hints, Answers and Help for Dec. 26, #929 - CNET","Today's NYT Connections Hints, Answers and Help for Dec. 26, #929CNET Connections: Sports Edition hints for Dec. 25, 2025, puzzle No. 458The New York Times Connections hints, clues and answers on Thursday, December 25 2025USA Today NYT Connections today – my …",https://slashdot.org/firehose.pl?op=view&amp;id=180457721,,2025-12-26T03:52:46Z,The Fine Print: The following comments are owned by whoever posted them. We are not responsible for them in any way.,sports
"{'id': None, 'name': 'CNET'}",Gael Cooper,"Today's NYT Connections: Sports Edition Hints and Answers for Dec. 26, #459","Here's today's Connections: Sports Edition answer and hints for groups. These clues will help you solve The New York Times' popular puzzle game, Connections: Sports Edition, every day.",https://www.cnet.com/tech/gaming/todays-nyt-connections-sports-edition-hints-and-answers-for-dec-26-459/,https://www.cnet.com/a/img/resize/b6a176556f33d8a7a6d33d6575c828a27a02cb83/hub/2024/10/16/c34cfc41-01f2-4b1a-80a8-f6479c50c02e/connections-sports-edition-6859.jpg?auto=webp&fit=crop&height=675&width=1200,2025-12-26T03:50:49Z,"Looking for the most recent regular Connections answers? Click here for today's Connections hints, as well as our daily answers and hints for The New York Times Mini Crossword, Wordle and Strands puz… [+2108 chars]",sports
"{'id': None, 'name': '2822news.com'}",Adrian Suppes,"How much snow will Pennsylvania get Friday, Saturday?","(WBRE/WYOU) — Several counties in the area can expect winter weather, including snow and wintery mix, Friday into Saturday. Friday’s high is in the 20s with ...",https://www.2822news.com/weather/how-much-snow-will-pennsylvania-get-friday-saturday/,https://media.zenfs.com/en/wbre_articles_217/ec24ed0fd56afe6ce5df6712bb42fa5a,2025-12-26T03:49:57Z,"(WBRE/WYOU)Several counties in the area can expect winter weather, including snow and wintery mix, Friday into Saturday.
Fridays high is in the 20s with snow expected to start around 12:00 p.m. and … [+1788 chars]",sports
"{'id': None, 'name': 'CNET'}",Gael Cooper,"Today's NYT Mini Crossword Answers for Friday, Dec. 26","Here's today's NYT Mini Crossword answer. These answers will help you solve New York Times' popular crossword game, Mini Crossword, every day!",https://www.cnet.com/tech/gaming/todays-nyt-mini-crossword-answers-for-friday-dec-26/,https://www.cnet.com/a/img/resize/4a7dc34963db8f9a51abae1ab77ec99b498be36f/hub/2024/07/25/50d61b9b-1c76-4678-9a92-f6eca531f4a8/nyt-mini-crossword-234876.jpg?auto=webp&fit=crop&height=675&width=1200,2025-12-26T03:45:13Z,"Looking for the most recent Mini Crossword answer? Click here for today's Mini Crossword hints, as well as our daily answers and hints for The New York Times Wordle, Strands, Connections and Connecti… [+1365 chars]",sports
"{'id': None, 'name': 'MassLive.com'}",Eryka Ingram,UMass basketball player Megan Olbrys leads with positivity on and off court,The Norwood native brings community service focus to Minutewomen.,https://www.masslive.com/umassbasketball/2025/12/umass-basketball-player-megan-olbrys-leads-with-positivity-on-and-off-court.html,https://s.yimg.com/ny/api/res/1.2/xqd_cb7V8_aCzB_dSvSu_g--/YXBwaWQ9aGlnaGxhbmRlcjt3PTEyMDA7aD0xMTExO2NmPXdlYnA-/https://media.zenfs.com/en/masslive_articles_390/093dbdc927471ac98461c490c280609c,2025-12-26T03:31:15Z,"EDITORS NOTE: This story is part of a series of profiles created by UMass Journalism 332 Sports Writing class.
If you ask UMass womens basketball assistant coach Clare Fitzpatrick, Megan Olbrys neve… [+5143 chars]",sports
"{'id': None, 'name': 'New Zealand Herald'}",Tyson Beckett,Ellerslie Boxing Day race crowd surprised by couple’s public wedding,"Their celebration was shared with some 15,000 racegoers at Ellerslie today.",https://www.nzherald.co.nz/lifestyle/ellerslie-boxing-day-race-crowd-surprised-by-couples-public-wedding/JTD7WWJQ7JCP3DESQJW3KVWL5Q/,https://www.nzherald.co.nz/resizer/v2/FFPW7EB5R5G4PBTL4HGHXFYR44.jpg?auth=ce441d566386ee58150461182f9cd8dbc988c1c81cc60880e774b02a92de67c9&width=1200&height=675&quality=70&focal=3228%2C1479&smart=false,2025-12-26T03:29:59Z,"Equine sports have been central to the couples relationship as they met at the Gisborne races in 2020.
When we merged households later that year, we had eight horses, five cats, four teenagers and a… [+1646 chars]",sports
"{'id': None, 'name': 'CIProud.com'}",Kurt Pegler,Illini basketball player Ben Humrichous gets married over holiday break,ST. LOUIS (WMBD/WYZZ) — Ben Humrichous helped the Illinois basketball team beat Missouri on Monday night. The 91-48 win brought a big smile to his face. But he also had something else to smile about after the 43-point win. He was getting married a day later. …,https://www.centralillinoisproud.com/sports/local-sports/illini-basketball-player-ben-humrichous-gets-married-over-holiday-break/,https://media.zenfs.com/en/wmbd_peoria_articles_757/de47c125e1acf8d6977c1b07caddd1d2,2025-12-26T03:17:31Z,"ST. LOUIS (WMBD/WYZZ) Ben Humrichous helped the Illinois basketball team beat Missouri on Monday night.
The 91-48 win brought a big smile to his face. But he also had something else to smile about a… [+1348 chars]",sports
"{'id': None, 'name': 'Fox16.com'}",Caden Michaels,Winning Powerball ticket sold in Cabot sparks excitement across community,"On Thursday, the Arkansas Scholarship Lottery confirmed that someone who walked into Murphy USA on South Rockwood Street in Cabot is waking up to a life...",https://www.fox16.com/news/local-news/winning-powerball-ticket-sold-in-cabot-sparks-excitement-across-community/,https://media.zenfs.com/en/klrt_little_rock_articles_386/1bef413e39b6224b7e15ba386ed084b9,2025-12-26T03:15:28Z,"CABOT, Ark. On Thursday, the Arkansas Scholarship Lottery confirmed that someone who walked into Murphy USA on South Rockwood Street in Cabot is waking up to a life-changing Christmas after buying th… [+2034 chars]",sports
"{'id': None, 'name': 'WJHL-TV News Channel 11'}",Kenny Hawkins,Almost time to tip off Christmas high school basketball tournament action,"(WJHL) — This is the calm before the storm ahead of holiday basketball tournament season. Starting Friday, you will not be able to throw a stick and not hit a basketball tournament somewhere in the region. Tournaments are set to begin with the oldest being pl…",https://www.wjhl.com/sports/high-school-sports/almost-time-to-tip-off-christmas-high-school-basketball-tournament-action/,https://media.zenfs.com/en/wjhl_tri_cities_articles_267/caf710c1a4d3fb71edc7f36b821c9a7f,2025-12-26T03:12:45Z,"(WJHL) This is the calm before the storm ahead of holiday basketball tournament season.
Starting Friday, you will not be able to throw a stick and not hit a basketball tournament somewhere in the re… [+2484 chars]",sports
"{'id': None, 'name': 'Slashdot.org'}",feedfeeder,They’re in: Packers clinch playoff berth - Green Bay Packers – packers.com,"They’re in: Packers clinch playoff berthGreen Bay Packers – packers.com Lions vs. Vikings on Christmas: Detroit eliminated by Minnesota, underscoring NFL's unpredictabilityYahoo Sports Packers clinch spot in NFC playoffs following Lions' loss to Vikings; Detr…",https://slashdot.org/firehose.pl?op=view&amp;id=180457605,,2025-12-26T03:12:32Z,The Fine Print: The following comments are owned by whoever posted them. We are not responsible for them in any way.,sports
"{'id': None, 'name': 'Slashdot.org'}",feedfeeder,Dak Prescott throws for 307 yards to lead Cowboys past Commanders 30-23 - NBC News,Dak Prescott throws for 307 yards to lead Cowboys past Commanders 30-23NBC News Cowboys-Commanders on Christmas Day: What We Learned from Dallas' 30-23 winNFL.com Stargazing: Cowboys who shined vs. CommandersDallas Cowboys | Official Site of the Dallas Cowboy…,https://slashdot.org/firehose.pl?op=view&amp;id=180457603,,2025-12-26T03:12:21Z,The Fine Print: The following comments are owned by whoever posted them. We are not responsible for them in any way.,sports
"{'id': 'usa-today', 'name': 'USA Today'}","Danny Jaillet, Patriots Wire",Patriots fall after a win in Tom Brady's latest NFL power rankings,"The Patriots fell in Tom Brady's latest NFL power rankings, even after their comeback win over the Ravens.",https://patriotswire.usatoday.com/story/sports/nfl/patriots/2025/12/25/patriots-fall-after-win-tom-brady-nfl-power-rankings/87911419007/,https://s.yimg.com/ny/api/res/1.2/QwmjHz.o9hRLBdKasgV43A--/YXBwaWQ9aGlnaGxhbmRlcjt3PTEyMDA7aD04NDY7Y2Y9d2VicA--/https://media.zenfs.com/en/new_england_patriots_wire_usa_today_sports_articles_330/a63d1558acf1d3a7309c595bac87e8f3,2025-12-26T03:09:57Z,"Former New England Patriots quarterback and current Fox Sports analyst Tom Brady moved the Patriots down to the eighth spot in his weekly NFL power rankings.
Brady had the Patriots ranked in sixth p… [+1006 chars]",sports
"{'id': 'the-times-of-india', 'name': 'The Times of India'}",The Times Of India,VHT Live: Red-hot Rohit Sharma again in spotlight as Mumbai face Uttarakhand,Mumbai vs Uttarakhand Live Score: Rohit Sharma reminded everyone why stars remain central to Indian cricket as he lit up Jaipur with a vintage perfor,https://timesofindia.indiatimes.com/sports/cricket/mumbai-vs-uttarakhand-live-score-today-cricket-match-mum-vs-ut-vijay-hazare-trophy-2025-26-scorecard-updates/liveblog/126181960.cms,"https://static.toiimg.com/thumb/msid-126181960,width-1070,height-580,imgsize-278240,resizemode-75,overlay-toi_sw,pt-32,y_pad-500/photo.jpg",2025-12-26T03:08:14Z,"By 9 am, all roads seemed to lead to the stadium. Offices saw unexplained absences, students bunked college, and even Rajasthan Sports Council employees abandoned their balconies for a closer view. … [+564 chars]",sports
"{'id': None, 'name': 'KSNT News'}",Keller Welton,Scholar Athlete of the Week: James Marcotte,"TOPEKA (FOX 43) – This week’s Scholar Athlete Of The Week is James Marcotte from Lyndon High. Marcotte is a three-sport athlete, competing in football, basketball and track. He was recently named to one of the First Team All State Linebackers in 8-Person foot…",https://www.ksnt.com/sports/scholar-athlete-of-the-week/scholar-athlete-of-the-week-james-marcotte/,https://media.zenfs.com/en/ksnt_topeka_articles_584/66003c6cc602b1e4a3170062d4670148,2025-12-26T03:00:00Z,"TOPEKA (FOX 43)   This weeks Scholar Athlete Of The Week is James Marcotte from Lyndon High.
Marcotte is a three-sport athlete, competing in football, basketball and track. He was recently named to … [+820 chars]",sports
"{'id': None, 'name': 'Deseret News'}",Deseret News,The Bear who ‘saved the season’ is looking for one more win,"The Bear who saved the Cougars is the story of another young cub who did the same thing — only Bear Bachmeier, while animated at times, is very real. As a result, No. 12 BYU is playing holiday football on Saturday in the Pop Tarts Bowl against No. 22 Georgia …",https://www.deseret.com/sports/2025/12/25/byu-quarterback-bear-bachmeier-pop-tarts-bowl-preview/,https://media.zenfs.com/en/deseret_news_992/76b7a81725574ce917428cea4bdd31b2,2025-12-26T03:00:00Z,"The Bears Who Saved Christmas is a holiday cartoon where a couple of young cubs rescue the season.
The Bear who saved the Cougars is the story of another young cub who did the same thing only Bear B… [+4307 chars]",sports
"{'id': 'fox-news', 'name': 'Fox News'}",,Taylor Swift shows up to support Travis Kelce for possible final home game,Taylor Swift appeared at Arrowhead Stadium on Thursday night as she watched what could be her fiance's final home game with the Kansas City Chiefs.,https://www.foxnews.com/sports/taylor-swift-shows-up-support-travis-kelce-possible-final-home-game,https://static.foxnews.com/foxnews.com/content/uploads/2025/12/nfl-travis-kelce-taylor-swift-122525-1.jpg,2025-12-26T02:49:16Z,"Taylor Swift showed up to Arrowhead Stadium on Thursday night to watch her fiancé Travis Kelce in what could possibly be his final home game with the Kansas City Chiefs.
Swift was seen on the Amazon… [+1801 chars]",sports
"{'id': None, 'name': 'Slashdot.org'}",feedfeeder,"Vikings vs. Lions live updates: Score, highlights, key moments for Christmas game - CBS Sports","Vikings vs. Lions live updates: Score, highlights, key moments for Christmas gameCBS Sports Lions vs. Vikings on Christmas: Detroit eliminated by Minnesota, underscoring NFL's unpredictabilityYahoo Sports A preseason Super Bowl favorite has been eliminated fr…",https://slashdot.org/firehose.pl?op=view&amp;id=180457463,,2025-12-26T02:32:13Z,The Fine Print: The following comments are owned by whoever posted them. We are not responsible for them in any way.,sports
"{'id': 'fox-sports', 'name': 'Fox Sports'}",Chris Fallica,"FOX Super 6 Contest: Chris 'The Bear' Fallica's NFL Week 17 Picks, Predictions",Enter the free NFL Week 17 Super 6 Contest for a chance to win cash prizes! And don't worry — Chris 'The Bear' Fallica is here to help.,https://www.foxsports.com/stories/nfl/fox-super-6-contest-chris-the-bear-fallicas-nfl-week-17-picks-predictions,https://a57.foxsports.com/statics.foxsports.com/www.foxsports.com/content/uploads/2025/12/1408/814/s617.jpg?ve=1&tl=1,2025-12-26T02:26:17Z,"What's better than watching football? Watching football and winning money!
You can partake in the best of both worlds while watching Week 17 of the NFL
 season this weekend with our free-to-play FO… [+3877 chars]",sports
"{'id': None, 'name': 'KOLR - OzarksFirst.com'}",Jesse Inman,Chiefs season ticket holders in the Ozarks react to Missouri exit,"SPRINGFIELD, Mo. — Chiefs Kingdom expands well beyond the Kansas City area, and those in Southwest Missouri are telling Ozarks First how they feel about the team’s decision to move to Kansas. Ozarks First heard from several season ticket holders who live in t…",https://www.ozarksfirst.com/news/chiefs-season-ticket-holders-in-the-ozarks-react-to-missouri-exit/,https://media.zenfs.com/en/kolr_springfield_articles_251/885c3332793cf14fde684625c80bd159,2025-12-26T02:18:34Z,"SPRINGFIELD, Mo. Chiefs Kingdom expands well beyond the Kansas City area, and those in Southwest Missouri are telling Ozarks First how they feel about the teams decision to move to Kansas.
Ozarks Fi… [+5136 chars]",sports
"{'id': None, 'name': 'Slashdot.org'}",feedfeeder,"Karl-Anthony Towns, Jordyn Woods Announce Engagement in Photos After Knicks' Xmas Win - Bleacher Report","Karl-Anthony Towns, Jordyn Woods Announce Engagement in Photos After Knicks' Xmas WinBleacher Report Karl-Anthony Towns and Jordyn Woods Get Engaged After 5 Years of DatingPeople.com Karl-Anthony Towns, Jordyn Woods announce engagement after Knicks’ big Chris…",https://slashdot.org/firehose.pl?op=view&amp;id=180457387,,2025-12-26T02:12:31Z,The Fine Print: The following comments are owned by whoever posted them. We are not responsible for them in any way.,sports
"{'id': None, 'name': 'Westernslopenow.com'}",Jackson Cowen,Athlete of the Week: Ryder Mutch,"GRAND JUNCTION, Colo. (KREX) – Ryder Mutch is the captain of the Caprock hockey team, and he is leading the Eagles in goals this season. Ryder Mutch is the KREX Athlete of the Week. Mutch said that some of his best hockey memories happened off the ice. “Two y…",https://www.westernslopenow.com/xceptional-student/athlete-of-the-week-ryder-mutch/,https://media.zenfs.com/en/krex_articles_712/3ff31e21d58e5f702d0355b3e598175a,2025-12-26T02:12:27Z,"GRAND JUNCTION, Colo. (KREX) Ryder Mutch is the captain of the Caprock hockey team, and he is leading the Eagles in goals this season. Ryder Mutch is the KREX Athlete of the Week.
Mutch said that so… [+2191 chars]",sports
"{'id': None, 'name': 'Slashdot.org'}",feedfeeder,Detroit Lions fight for playoff lives in Christmas visit to Vikings - Detroit Free Press,"Detroit Lions fight for playoff lives in Christmas visit to VikingsDetroit Free Press Lions vs. Vikings on Christmas: Detroit eliminated by Minnesota, underscoring NFL's unpredictabilityYahoo Sports Lions eliminated after turnover-fueled loss to Vikings, send…",https://slashdot.org/firehose.pl?op=view&amp;id=180457385,,2025-12-26T02:12:21Z,The Fine Print: The following comments are owned by whoever posted them. We are not responsible for them in any way.,sports
"{'id': 'usa-today', 'name': 'USA Today'}","Bryan West, USA TODAY NETWORK","Taylor Swift celebrates Christmas cheering on Travis Kelce, Chiefs",Taylor Swift completes perfect home game attendance for the Chiefs' season as retirement questions loom around Travis Kelce.,https://www.usatoday.com/story/entertainment/music/2025/12/25/taylor-swift-christmas-chiefs-broncos-game/87891241007/,https://s.yimg.com/ny/api/res/1.2/UdQiHH6Zbm.Vo_Bfqzv7fg--/YXBwaWQ9aGlnaGxhbmRlcjt3PTEyMDA7aD0xODAwO2NmPXdlYnA-/https://media.zenfs.com/en/usa_today_entertainment_893/a7a4194dad48669743e5b5526b5ffe68,2025-12-26T02:05:09Z,"Taylor Swift is at the Chiefs' final home game of the season, possibly watching her fiancé Travis Kelce participate in his last snap at the stadium he's anchored for the past 13 years.
The 36-year-o… [+6591 chars]",sports
"{'id': 'fox-news', 'name': 'Fox News'}",,Warriors coach Steve Kerr takes ownership in sideline clash with Draymond Green,"Steve Kerr addressed his heated exchange with Draymond Green, describing it as a lapse in judgment while stressing the importance of their long-term partnership.",https://www.foxnews.com/sports/warriors-coach-steve-kerr-takes-ownership-sideline-clash-draymond-green,https://static.foxnews.com/foxnews.com/content/uploads/2025/12/steve-kerr-122525.jpg,2025-12-26T02:04:49Z,"Golden State Warriors coach Steve Kerr addressed his heated exchange with Draymond Green during a lengthy media session Wednesday.
Green left the team bench area during a timeout in the third quarte… [+2577 chars]",sports
"{'id': None, 'name': 'Top4marketing.com.au'}",Michael Doyle,"Digital Marketing Strategies for Sports Industry Success - Digital Marketing Agency, Website Design, SEO Services","Explore effective digital marketing strategies for the sports industry focused on fan engagement, real-time data, personalization, and global growth.",https://www.top4marketing.com.au/digital-marketing/digital-marketing-strategies-sports-success/,https://www.top4marketing.com.au/wp-content/uploads/2025/12/digital-marketing-strategies-sports-success.png,2025-12-26T02:03:04Z,"Is your sports club or franchise keeping pace with the massive shift in fan behaviour? Stats show that more sports fans are glued to mobile devices than ever before, hungry for bite-sized updates, li… [+10474 chars]",sports
"{'id': None, 'name': 'The Spun'}",The Spun,Kirk Herbstreit Threatens To Quit If Forced Into Career Move,"Don't expect to see Kirk Herbstreit arguing on ""First Take"" anytime soon. The popular ESPN and Amazon Prime football analyst is one of the best in the game. However, the former college football quarterback turned announcer is making it clear - he's not going …",https://thespun.com/college-football/kirk-herbstreit-threatens-to-quit-if-forced-into-career-move,https://media.zenfs.com/en/the_spun_articles_751/68e769d71a364cb897b99b8545702e66,2025-12-26T02:00:00Z,"Don't expect to see Kirk Herbstreit arguing on ""First Take"" anytime soon.
The popular ESPN and Amazon Prime football analyst is one of the best in the game. However, the former college football quar… [+2354 chars]",sports
"{'id': None, 'name': 'New York Post'}",Andrew Battifarano,Patrick Mahomes takes in Chiefs’ Christmas game from suite as he recovers from knee surgery,"Patrick Mahomes might not have been on the field for the Chiefs' final home game of 2025, but he was inside Arrowhead Stadium.",https://nypost.com/2025/12/25/sports/patrick-mahomes-takes-in-chiefs-christmas-game-from-suite/,https://nypost.com/wp-content/uploads/sites/2/2025/12/newspress-collage-gd5it0iun-1766713593856.jpg?quality=75&strip=all&1766695622&w=1200,2025-12-26T01:57:40Z,"Patrick Mahomes might not have been on the field for the Chiefs’ final home game of 2025, but he was inside Arrowhead Stadium. 
Prime Video cameras spotted Mahomes inside a suite with fellow quarter… [+1513 chars]",sports
"{'id': None, 'name': 'The Punch'}",Punch Newspapers,GOtv Boxing Night 34 Jam Festival holds Friday,"GOtv Boxing Night 34 features six pro bouts, including a title fight, and live music. The jam festival takes place this Friday at Tafawa Balewa Square.

Read More: https://punchng.com/gotv-boxing-night-34-jam-festival-holds-friday/",https://punchng.com/gotv-boxing-night-34-jam-festival-holds-friday/,https://cdn.punchng.com/wp-content/uploads/2022/06/06055600/GOtv-Boxing-Night.jpg,2025-12-26T01:52:48Z,"The much-anticipated sports and entertainment show, GOtv Boxing Night 34 Jam Festival, will take place on Friday at the Tafawa Balewa Square, Lagos.
The Boxing Day showcase will feature six professi… [+1384 chars]",sports
"{'id': None, 'name': 'Slashdot.org'}",feedfeeder,Lions vs. Vikings Christmas first half live discussion - Pride Of Detroit,Lions vs. Vikings Christmas first half live discussionPride Of Detroit Packers clinch spot in NFC playoffs following Lions' loss to Vikings; Detroit eliminatedNFL.com They’re in: Packers clinch playoff berthGreen Bay Packers – packers.com Lions vs. Vikings on…,https://slashdot.org/firehose.pl?op=view&amp;id=180457331,,2025-12-26T01:52:22Z,"I tell them to turn to the study of mathematics, for it is only there that
they might escape the lusts of the flesh.
-- Thomas Mann, ""The Magic Mountain""",sports
"{'id': None, 'name': 'Prtimes.jp'}",,ギフティ、長野県大町市のおうち子育て応援事業に2年度連続で採択　子育て応援ギフト「Happy Kids Box」を企画・提供,"[株式会社ギフティ]
[画像1: https://prcdn.freetls.fastly.net/release_image/4529/622/4529-622-e3178d8897321a00f6fc3528d015764f-1200x630.png?width=536&quality=85%2C75&format=jpeg&auto=webp&fit=bounds&amp...",https://prtimes.jp/main/html/rd/p/000000622.000004529.html,https://prcdn.freetls.fastly.net/release_image/4529/622/4529-622-e3178d8897321a00f6fc3528d015764f-1200x630.png?format=jpeg&auto=webp&fit=bounds&width=2400&height=1260,2025-12-26T07:40:32Z,"e(1)( )2025(7)2024(6)Happy Kids BoxHappy Kids Box Happy Kids eGift()(2)STUDIO GIFTEE( )giftee for Business(3)2024(6)Happy Kids Box20251222()
()
giftee for BusinessSwag()®STUDIO GIFTEE20242
2024(6)… [+1326 chars]",business
"{'id': None, 'name': 'Catalinionescu.dev'}",,Building an AI agent inside a 7-year-old Rails monolith,"We run a multi-tenant Rails application with sensitive data and layered authorization. In this post, I walk through how I added the first AI agent tool using RubyLLM, Pundit policies, and our existing Algolia search, without introducing a parallel system or l…",https://www.catalinionescu.dev/ai-agent/building-ai-agent-part-1,https://www.catalinionescu.dev/_astro/building-ai-agent-part1.COsUp7UB_1g24HI.webp,2025-12-26T07:35:15Z,"Im a Director of Engineering at Mon Ami, a US-based start-up building a SaaS solution for Aging and Disability Case Workers. We built a large Ruby on Rails monolith over the last 7 years.
Its a mult… [+6907 chars]",business
"{'id': 'al-jazeera-english', 'name': 'Al Jazeera English'}",Monjed Jadou,Palestinian economy faces critical downturn amid escalating fiscal crisis,"Public debt reaches $14.6bn, exceeding GDP, while unemployment in Gaza hits a staggering 77 percent by late 2025.",https://www.aljazeera.com/economy/2025/12/26/palestinian-economy-faces-critical-downturn-amid-escalating-fiscal-crisis,https://www.aljazeera.com/wp-content/uploads/2025/12/ap_694d5be051106-1766677472.jpg?resize=1920%2C1440,2025-12-26T07:34:23Z,"Ramallah, occupied West Bank The Palestinian economy is undergoing a severe downturn, driven by Israels continued assault on Gaza, intensified restrictions on movement and trade in the occupied West … [+7466 chars]",business
"{'id': None, 'name': 'NBCSports.com'}",Mike Florio,"Travis Kelce will make decision about the future ""when the time comes""","Future Hall of Famer has been focused on ""trying to win football games""",https://www.nbcsports.com/nfl/profootballtalk/rumor-mill/news/travis-kelce-will-make-decision-about-the-future-when-the-time-comes,https://nbcsports.brightspotcdn.com/dims4/default/1e85505/2147483647/strip/true/crop/5270x2964+0+274/resize/1440x810!/quality/90/?url=https%3A%2F%2Fnbc-sports-production-nbc-sports.s3.us-east-1.amazonaws.com%2Fbrightspot%2F5d%2F7f%2F948337a747fa8cba38f087218180%2Fhttps-delivery-gettyimages.com%2Fdownloads%2F2253538285,2025-12-26T07:33:21Z,Much of the coverage of Thursday nights Broncos-Chiefs game focused on the question of whether tight end Travis Kelce was playing his final game at Arrowhead Stadium. His slow exit from the field did… [+1437 chars],business
"{'id': 'the-times-of-india', 'name': 'The Times of India'}",Reuters,Japan's Topix gauge touches record high on easing debt concerns,Japan's Topix stock index reached an all-time high on Friday. Easing concerns about the nation's debt provided a boost to shares. The government approved a record budget for the next fiscal year. This budget aims to balance proactive fiscal policy and debt ma…,https://economictimes.indiatimes.com/markets/stocks/news/japans-topix-gauge-touches-record-high-on-easing-debt-concerns/articleshow/126185818.cms,"https://img.etimg.com/thumb/msid-126185853,width-1200,height-630,imgsize-132182,overlay-etmarkets/articleshow.jpg",2025-12-26T07:31:14Z,"Japan's broad Topix gauge touched a record high on Friday, as easing concerns about the nation's debt gave shares a tailwind.The Topix reached an all-time intraday high of 3,436.75 in early trading b… [+1419 chars]",business
"{'id': None, 'name': 'Yahoo Entertainment'}",WHIO Staff,"Hockey league serves strike notice, affecting Cincinnati Cyclones games",Cincinnati Cyclones games may be on hold for the foreseeable future after the Professional Hockey Players’ Association (PHPA) announced its ECHL membership served a strike notice.,https://sports.yahoo.com/articles/hockey-league-serves-strike-notice-073033746.html,https://media.zenfs.com/en/whio_cox_articles_828/09c4931188e49440cba2f3051d592581,2025-12-26T07:30:33Z,"The Cincinnati Cyclones games may be on hold for the foreseeable future after the Professional Hockey Players Association (PHPA) announced its ECHL membership served a strike notice.
The East Coast … [+1702 chars]",business
"{'id': None, 'name': 'POLITICO.eu'}",Boryana Dzhambazova,How do Bulgarians feel about joining the euro?,The Balkan nation is sharply divided about bidding farewell to the lev.,https://www.politico.eu/article/bulgaria-eurozone-citizen-opinions/,"https://www.politico.eu/cdn-cgi/image/width=1200,height=630,fit=crop,quality=80,onerror=redirect/wp-content/uploads/2025/12/15/FEAT01_bulgaria-collage02.jpg",2025-12-26T07:27:40Z,"Bulgaria is set to adopt the EU’s single currency on Jan. 1, but polling shows the Balkan nation is sharply divided on whether it’s a good thing.
POLITICO spoke to some Bulgarians about their fears … [+16857 chars]",business
"{'id': 'business-insider', 'name': 'Business Insider'}",Lee Chong Ming,I spent a year interviewing and listening to over 50 tech leaders talk about AI. Here are the 4 biggest lessons.,"I spent a year listening to tech leaders talk about AI. Here are the biggest lessons on AI, work, superintelligence, and what comes next.",https://www.businessinsider.com/tech-leaders-ai-interview-podcast-conference-lessons-workforce-career-tips-2025-12,https://i.insider.com/694e21ad64858d02d2176862?width=1200&format=jpeg,2025-12-26T07:27:32Z,"This year, I listened to over 50 tech leaders discuss AI across various conferences, podcasts, and interviews.Lee Chong Ming/Business Insider
<ul><li>Over the past year, I listened to more than 50 t… [+5677 chars]",business
"{'id': None, 'name': 'Britopian.com'}",Michael Brito,2026 Creator Marketing Report: Strategic Insights for PR & Marketing,"The Creator Marketing Report explains how creator marketing is maturing, where budgets are shifting, and how brands should plan partnerships for 2026.",https://www.britopian.com/research/2026-creator-marketing-report/,https://www.britopian.com/wp-content/uploads/2025/12/creator-marketing-industry-report.jpg,2025-12-26T07:22:33Z,Creator marketing has grown up. What began as a test and learn channel is now a $480 billion industry on track to pass $1 trillion by 2033. Ad spend alone reached $37 billion in 2025 and continues to… [+3391 chars],business
"{'id': 'the-times-of-india', 'name': 'The Times of India'}",Sneha Kulkarni,"SGB final redemption date today: At 382% return, know current value of Rs 1.5 lakh gold bond investment","Sovereign Gold Bond final redemption: The Reserve Bank of India has set the final redemption price for Sovereign Gold Bond 2017-18 Series-XIII. This bond matures on December 26, 2025.",https://economictimes.indiatimes.com/wealth/invest/sgb-final-redemption-date-today-at-382-return-know-current-value-of-rs-1-5-lakh-gold-bond-investment/articleshow/126185456.cms,"https://img.etimg.com/thumb/width-1200,height-900,imgsize-1537044,resizemode-75,msid-126185456/wealth/invest/sgb-final-redemption-date-today-at-382-return-know-current-value-of-rs-1-5-lakh-gold-bond-investment.jpg",2025-12-26T07:19:38Z,"The Reserve Bank of India (RBI) has announced the final redemption price for Sovereign Gold Bond (SGB) 2017-18 Series-XIII, issue date December 26, 2017. SGBs come with a fixed tenure of eight years,… [+2990 chars]",business
"{'id': None, 'name': 'NK News'}",antonsokolin,North Korean weapons firms set to export beer and drugs to Russia- records,"North Korean missile suppliers and military-tied drug manufacturers are eyeing business expansion in Russia with new beer and pharma goods on the heels of growing business links, an NK News analysis of official documents shows. Pyongyang-based Ryongsong Tradi…",https://www.nknews.org/?p=965778,https://assets.korearisk.com/uploads/2025/12/1-12.jpg,2025-12-26T07:02:21Z,"North Korean missile suppliers and military-tied drug manufacturers are eyeing business expansion in Russia with new beer and pharma goods on the heels of growing business links, an NK News analysis … [+316 chars]",business
"{'id': 'the-times-of-india', 'name': 'The Times of India'}",ET Online,Colgate India gets Rs 267 cr demand order from taxman,Colgate-Palmolive India has received a tax demand order for Rs 267.64 crore. This relates to fiscal year 2021-22. The demand is for adjustments in inter-company pricing and disallowed expenses. The company will appeal the order. This demand does not impact cu…,https://economictimes.indiatimes.com/industry/cons-products/fmcg/colgate-india-gets-rs-267-cr-demand-order-from-taxman/articleshow/126184874.cms,"https://img.etimg.com/thumb/msid-126185146,width-1200,height-630,imgsize-103766,overlay-economictimes/articleshow.jpg",2025-12-26T06:59:53Z,Colgate-Palmolive (India) said on Friday it has received a tax demand order worth Rs 267.64 crore for the fiscal 2021-22 year from the country's tax regulator. The Indian arm of the U.S. multinationa… [+738 chars],business
"{'id': None, 'name': 'Twistedsifter.com'}",Heather Hall,"Grocery Store Employee Notices Younger Coworkers Losing Hours For Q4 Goals, So He Speaks Up And Helps Them Keep Their Shifts",What a selfless thing to do!,http://twistedsifter.com/2025/12/grocery-store-employee-notices-younger-coworkers-losing-hours-for-q4-goals-so-he-speaks-up-and-helps-them-keep-shifts-and-ask-for-raises/,https://twistedsifter.com/wp-content/uploads/2025/12/Younger-Gen-Thumb.jpg,2025-12-26T06:55:16Z,"Pexels/Reddit
It’s crazy how often the people getting squeezed the hardest are the ones least likely to speak up.
What would you do if you noticed your younger coworkers quietly losing hours while … [+2010 chars]",business
"{'id': None, 'name': 'Ozbargain.com.au'}",Northern Deals,"Up to 75% Baby Reusable Cloth Nappies, Swim Nappies & Wet Bags, Cloth Nappies $9.50, Swim Nappies $10 & More + Shipping @ Waladi","Boxing Day Sale @ Waladi - with insane Savings up to 75% OFF Storewide** Same Awesome price we had on Black Friday, so if you've missed out on those, now it's your chance Free Shipping …",https://www.ozbargain.com.au/node/942007,https://files.ozbargain.com.au/n/07/942007x.jpg?h=28731e0a,2025-12-26T06:47:01Z,"Boxing Day Sale @ Waladi - with insane Savings up to 75% OFF Storewide**
<ul><li>Same Awesome price we had on Black Friday, so if you've missed out on those, now it's your chance</li><li>Free Shippi… [+1357 chars]",business
"{'id': None, 'name': 'Digitimes'}",DIGITIMES,"Samsung pushing AI, manufacturing, and finance to drive growth in India","Samsung Electronics is prioritizing artificial intelligence adoption, local manufacturing, and consumer financing in India, foregoing an initial public offering for its local business. The company aims to strengthen its footprint in one of its most important …",https://www.digitimes.com/news/a20251226VL203/samsung-manufacturing-growth-adoption-smartphone.html,https://img.digitimes.com/newsshow/20251226vl203_files/2_b.jpg,2025-12-26T06:45:56Z,"Save my User ID and Password
Some subscribers prefer to save their log-in information so they do not have to enter their User ID and Password each time they visit the site. To activate this function… [+307 chars]",business
"{'id': 'the-irish-times', 'name': 'The Irish Times'}",Hugh Dooley,"The biggest Irish business winners and losers of 2025: Tariffs, turbulence and turmoil","Some figures in Irish business rode the waves of tariffs, but some crashed beneath the tide",https://www.irishtimes.com/business/2025/12/26/from-bust-distillers-to-the-barchester-billionaires-the-irish-business-winners-and-losers-this-year/,https://www.irishtimes.com/resizer/v2/GCHD2ISHORF4HB2M3WU324HOKA.jpg?smart=true&auth=6e4f937f464b980a41c08f2d3011d93e52e3e70344e199e48158996fe8af112a&width=1200&height=630,2025-12-26T06:40:00Z,"This was the year of tariffs. You couldnt go more than 15 minutes without hearing the dictionary.com Word of the Year, nor the themes of global economic uncertainty, trade barriers or volatility. 
T… [+17424 chars]",business
"{'id': None, 'name': 'Hurriyet Daily News'}",hurriyetdailynews.com,Japan government approves record 122 trillion yen budget,"The Japanese government on Dec. 26 approved a record budget for the upcoming fiscal year, to pay for everything from bigger defense spending to ballooning social security costs as inflation persists.",https://www.hurriyetdailynews.com/japan-government-approves-record-122-trillion-yen-budget-217210,https://image.hurimg.com/i/hurriyet/75/200x200/694e2d2078171e1b1521a0b6.jpg,2025-12-26T06:37:22Z,"TOKYO
The Japanese government on Dec. 26 approved a record budget for the upcoming fiscal year, to pay for everything from bigger defense spending to ballooning social security costs as inflation pe… [+1207 chars]",business
"{'id': 'the-times-of-india', 'name': 'The Times of India'}",Jhanavi Pathak,"Flat, festive, then furious: How 2025 delivered a supercharged plot twist to India’s auto story","India's automobile industry faced a slow start in 2025 with declining sales. A significant Goods and Services Tax reform announced on August 15th dramatically altered the landscape. Following the tax reduction, demand surged unexpectedly. October saw record-b…",https://economictimes.indiatimes.com/industry/auto/auto-news/flat-festive-then-furious-how-2025-delivered-a-supercharged-plot-twist-to-indias-auto-story/articleshow/126184655.cms,"https://img.etimg.com/thumb/msid-126184680,width-1200,height-630,imgsize-68876,overlay-economictimes/articleshow.jpg",2025-12-26T06:32:06Z,"Domestic passenger vehicle sales stayed almost unchanged from a year earlier.Two-wheeler sales contracted, snapping a four-year growth streak.
Passenger vehicle sales slid to an 18-month low.That wa… [+8266 chars]",business
"{'id': None, 'name': 'Bavarian Football Works'}",CSmith1919,Uli Hoeneß never let business disagreements get personal with Karl-Heinz Rummenigge at Bayern Munich,FC Bayern’s dynamic duo has a great relationship…,https://www.bavarianfootballworks.com/bayern-munich-history/154636/uli-hoenes-never-let-business-disagreements-get-personal-with-karl-heinz-rummenigge-at-bayern-munich,https://s.yimg.com/ny/api/res/1.2/J3g1of0Sf7g0R_Njjzkm4g--/YXBwaWQ9aGlnaGxhbmRlcjt3PTEyMDA7aD04MDA7Y2Y9d2VicA--/https://media.zenfs.com/en/sb_nation_articles_115/6916dc7aa238d796fc4297a83a1f7ca2,2025-12-26T06:30:00Z,"It is safe to say that through all of their years in working together Uli Hoeneß and Karl-Heinz Rummenigge did not always see eye-to-eye.
However, even with some tense and heated moments, the dynami… [+1036 chars]",business
"{'id': None, 'name': 'Louder'}",Chris Roberts,"""The most important and influential British female singer-writer-musician ever"": Nine Kate Bush albums you should definitely hear, and one to avoid","Famously discovered by David Gilmour, Kate Bush made history with her first single and hasn't looked back",https://www.loudersound.com/music/albums/kate-bush-best-albums,https://cdn.mos.cms.futurecdn.net/ELKi3kBF4UvF7pDpwksh4K-1280-80.jpg,2025-12-26T06:26:17Z,"Probably the most important and influential British female singer-writer-musician bar none, Kate Bush was ‘discovered’ aged 15 when a demo tape found its way to David Gilmour of Pink Floyd. He though… [+2777 chars]",business
"{'id': None, 'name': 'Digitimes'}",Eifeh Strom,"Semiconductor, defense drive ChenFull Precision's 2026 performance toward double-digit growth","ChenFull Precision president CM Lai stated during an earnings call on December 24 that looking ahead to 2026, strong growth momentum in both the semiconductor and defense sectors is expected. For ChenFull, semiconductor business revenue is projected to rise b…",https://www.digitimes.com/news/a20251226PD207/growth-2026-business-revenue-president.html,https://img.digitimes.com/newsshow/20251226pd207_files/1_b.jpg,2025-12-26T06:20:06Z,"Save my User ID and Password
Some subscribers prefer to save their log-in information so they do not have to enter their User ID and Password each time they visit the site. To activate this function… [+307 chars]",business
"{'id': None, 'name': 'Louder'}",Geoff Barton,"""He was given 24 hours to live. It all came crumbling down in one day"": The astonishing story of Slade: glamour, tragedy and beyond","""He was given 24 hours to live. It all came crumbling down in one day""",https://www.loudersound.com/bands-artists/interviews/the-story-of-slade-noddy-holder,https://cdn.mos.cms.futurecdn.net/DGx6t97ZUAADvFFZJdRN6Y-1280-80.jpg,2025-12-26T06:16:47Z,"Noddy Holder remembers the exact time when he finally realised how massively – make that unbelievably – popular Slade had become in Britain.
It was the morning of July 5, 1973, and the story made fr… [+15444 chars]",business
"{'id': 'the-irish-times', 'name': 'The Irish Times'}",Arthur Beesley,Rift between DAA board and its CEO Kenny Jacobs a major headache for Darragh O’Brien,"Minister’s veto of €960,000 exit deal saw him avoid political flak, but the issue hasn’t gone away",https://www.irishtimes.com/business/2025/12/26/rift-between-daa-board-and-its-ceo-kenny-jacobs-creates-major-headache-for-darragh-obrien/,https://www.irishtimes.com/resizer/v2/ZBEV4IUKOZCOZLQE2UTKH52IAY.JPG?smart=true&auth=1b733cef531a891a7d2bdcfd9af518f915a87b080bbf487450d1e13a04b04324&width=1200&height=630,2025-12-26T06:15:00Z,"After a rocky tenure as minister for housing, Darragh OBrien might have thought he was in for a smooth ride when he took up the transport portfolio. But it was not to be.
Relentless turmoil over the… [+10157 chars]",business
"{'id': None, 'name': 'BusinessLine'}",PTI,"PSB consolidation to gain momentum in 2026 as govt eyes big, world-class banks","The government has initiated discussions with the Reserve Bank and public sector banks, she had said, dropping enough hints about consolidation in the public sector space.",https://www.thehindubusinessline.com/money-and-banking/psb-consolidation-to-gain-momentum-in-2026-as-govt-eyes-big-world-class-banks/article70438925.ece,https://bl-i.thgim.com/public/incoming/iitk1s/article70438981.ece/alternates/LANDSCAPE_1200/IMG_BL16_Bank_loan_promo_2_1_70D71K9H.jpg,2025-12-26T06:08:29Z,"Consolidation in public sector banks is expected to gain momentum in the coming year, as the government has expressed its desire to have more big, world-class banks in the country to fuel the next ph… [+5584 chars]",business
"{'id': 'the-irish-times', 'name': 'The Irish Times'}",Jack Power,Two first time MEPs: ‘The first six months was very difficult’ while ‘living out of a suitcase’,Nina Carberry and Ciaran Mullooly discuss red-eye flights to Brussels and fighting for speaking time in parliament,https://www.irishtimes.com/politics/2026/01/10/two-first-time-meps-the-first-six-months-was-very-difficult-while-living-out-of-a-suitcase/,https://www.irishtimes.com/resizer/v2/ARLL3OAPKEHQZWQORADH24SQ2U.jpg?smart=true&auth=55bffb6ed96c365512afeb80ec7854b384c5250e1999f92d3f05742dd7d810f0&width=1200&height=630,2025-12-26T06:00:01Z,"Ciaran Mullooly has no problem admitting he spent his first few months as an MEP lost in the European Parliament. 
Navigating the confusing inner workings of the 720-seat parliament is daunting for … [+6513 chars]",business
"{'id': 'the-irish-times', 'name': 'The Irish Times'}",Conor Pope,How to get the best out of the sales - even if they’re not what they used to be,The absence of headline items selling at massive discounts might be a reflection of the changing face of discounting in Ireland,https://www.irishtimes.com/your-money/2025/12/26/how-to-get-the-best-out-of-the-sales-even-if-theyre-not-what-they-used-to-be/,https://www.irishtimes.com/resizer/v2/THRR2MC2RVEBBYQKIV3BUDTX54.jpg?smart=true&auth=e9a1acd088a2a950c11ab26babb004ed96bb06173642d80f4cf14a1f13f52680&width=1200&height=630,2025-12-26T06:00:00Z,"For many keen shoppers, the winter sales stand tall above all the other discount opportunities that present themselves over the course of an Irish retailing year. They retain an allure that appears t… [+15345 chars]",business
"{'id': 'the-irish-times', 'name': 'The Irish Times'}",Ed Power,"Gene Kelly - Réalt an Rince on TG4: Absorbing documentary reveals a rare, affable genius",Most revealing are extracts from an interview in Tipperary in the early 1970s by RTÉ broadcaster Donncha Ó Dúlaing,https://www.irishtimes.com/culture/tv-radio/2025/12/26/gene-kelly-realt-an-rince-on-tg4-absorbing-documentary-reveals-a-rare-affable-genius/,https://www.irishtimes.com/resizer/v2/4ERHJLP2WVFVNGVGTKGK7BWR6U.jpg?smart=true&auth=fb0433de1441f527e905ec0d0ac2d7068dc87c19cacf5c8cc288d1f95ca80fbf&width=1200&height=630,2025-12-26T06:00:00Z,Christmas as we know it today is partly the creation of entertainers such as Gene Kelly: pre-rock n roll crooners and hoofers whose music was as wholesome as a yule log and as cosy as a seasonal jump… [+4452 chars],business
"{'id': 'the-irish-times', 'name': 'The Irish Times'}",Mark Weiss,Can the Gaza ceasefire hold? Trump’s peace plan enters its most perilous stage,"Unresolved questions over Hamas disarmament, Israeli territorial control and an international stabilisation force raise doubts about whether the truce can hold",https://www.irishtimes.com/world/middle-east/2025/12/26/can-the-gaze-ceasefire-hold-trumps-peace-plan-enters-its-most-perilous-stage/,https://www.irishtimes.com/resizer/v2/6QWZNQNS2G2US5M77XTXDGNVLM.jpg?smart=true&auth=7e9c77976bf7c8251ade4c0bf43d9e4b6c8c0cc89dcf2f6b781954fd11c1ed89&width=1200&height=630,2025-12-26T06:00:00Z,"US president Donald Trump hopes to announce early next year that Israel and Hamas are moving to the second phase of the Gaza ceasefire, despite huge obstacles ahead and many unanswered questions.
Tr… [+8423 chars]",business
"{'id': None, 'name': 'The Week Magazine'}","theweekonlineeditorsuk@futurenet.com (The Week UK) , The Week UK",The best tabloid stories of 2025,"From a child named after the devil to a pothole-based theme park, some strange stories hit the headlines this year",https://theweek.com/media/the-best-tabloid-stories,https://cdn.mos.cms.futurecdn.net/29b5niNbnWSaFqbBLi8FoS-2000-80.jpg,2025-12-26T06:00:00Z,"Life in the fast lane
A Chinese man who refused to sell his house to make way for a new motorway has ended up stranded in the middle of the four-lane bypass. Huang Ping, who lives in Jiangsu provinc… [+6467 chars]",business
"{'id': None, 'name': ""Paul Tan's Automotive News""}",Anthony Lim,CKD car prices not going up until July 2026 – OMV/402 excise duty revision deferred again by another 6 mths,"Well, here we go again. The finance ministry has announced that the implementation of the open market value (OMV) excise duty revision, or the PU(A) 402/2019-Excise Tax Regulations (Determination of Value of Locally Produced Goods […]
The post CKD car prices …",https://paultan.org/2025/12/26/ckd-car-prices-not-going-up-until-july-2026-omv-402-excise-duty-revision-deferred-again-by-another-6-mths/,https://paultan.org/image/2017/09/02_Mazda-Kulim-Plant_Body-shop_04-1200x800.jpg,2025-12-26T05:53:27Z,"Well, here we go again. The finance ministry has announced that the implementation of the open market value (OMV) excise duty revision, or the PU(A) 402/2019-Excise Tax Regulations (Determination of … [+3966 chars]",business
"{'id': 'the-times-of-india', 'name': 'The Times of India'}",ET Online,"Sarvam Maya actress Riya Shibu is winning hearts. Check her education and career. At 19, she turned producer of Chiyaan Vikram's movie","Nivin Pauly's latest, Sarvam Maya, a Christmas release, is a hit, with Riya Shibu's performance as the titular character drawing significant praise.  The young actress, also a producer at 19, has impressed audiences with her confident portrayal. Her journey f…",https://economictimes.indiatimes.com/magazines/panache/sarvam-maya-actress-riya-shibu-is-winning-hearts-check-her-education-and-career-at-19-she-turned-producer-of-chiyaan-vikrams-movie/articleshow/126183261.cms,"https://img.etimg.com/thumb/msid-126183646,width-1200,height-630,imgsize-49488,overlay-etpanache/articleshow.jpg",2025-12-26T05:48:11Z,"Nivin Pauly is back with his latest release, Sarvam Maya. The horror-comedy entertainer arrived in cinemas on Christmas (December 25), and fans have hailed it as a perfect festive watch. While the sp… [+2893 chars]",business
"{'id': None, 'name': 'Disinformationindex.org'}",amprekord,The Global Disinformation Index,"GDI provides independent, neutral and transparent data and intelligence to advise policymakers and business leaders about how to combat disinformation and its creators.",https://www.disinformationindex.org/,,2025-12-26T05:47:02Z,"Hate Speech and Bigotry in Canada - August 2025
This report explores how hate speech and bigotry circulate in Canadas digital spaces, fuelling division, targeting vulnerable communities, and eroding… [+437 chars]",business
"{'id': 'the-times-of-india', 'name': 'The Times of India'}",Vidhi Taparia,Shutting shop: A roundup of Indian startups which couldn't survive 2025,"India’s startup ecosystem was relatively stable in 2025, with shutdowns falling sharply compared with the previous year and overall numbers continuing to rise. Despite this, several high-profile startups closed due to financial strain, regulation and business…",https://economictimes.indiatimes.com/tech/startups/shutting-shop-a-roundup-of-indian-startups-which-couldnt-survive-2025/articleshow/126182230.cms,"https://img.etimg.com/thumb/width-1200,height-900,imgsize-14458,resizemode-75,msid-126182230/tech/startups/shutting-shop-a-roundup-of-indian-startups-which-couldnt-survive-2025.jpg",2025-12-26T05:41:05Z,"2025 turned out to be relatively benign for Indias startup ecosystem. Only about 730 firms shut down this year, a sharp decline from the 3,903 closures recorded in 2024. As of now, the Department for… [+6277 chars]",business
"{'id': 'financial-post', 'name': 'Financial Post'}",The Associated Press,"Asian shares are mixed, while gold and silver hit record highs","BANGKOK (AP) — U.S. futures edged lower and Asian shares were mixed Friday, with Tokyo’s Nikkei 225 trading near record high levels. The prices of gold and silver surged to records, extending their sharp gains for the year as investors including central banks…",https://financialpost.com/pmn/asian-shares-are-mixed-while-gold-and-silver-hit-record-highs,,2025-12-26T05:35:25Z,"BANGKOK (AP) U.S. futures edged lower and Asian shares were mixed Friday, with Tokyos Nikkei 225 trading near record high levels.
THIS CONTENT IS RESERVED FOR SUBSCRIBERS ONLY
Subscribe now to read… [+4427 chars]",business
"{'id': None, 'name': 'Free Press Journal'}",Pti,"Adani Group Seals 33 Acquisitions Worth ₹80,000 Crore, Showcasing Post-Hindenburg Resilience","Adani Group completed 33 deals totaling ~Rs 80,000 crore since January 2023, focused on ports (Rs 28,145 crore), cement (Rs 24,710 crore), and power (Rs 12,251 crore). Key acquisitions include Australia's NQXT port and several cement firms. Through deleveragi…",https://www.freepressjournal.in/business/adani-group-seals-33-acquisitions-worth-80000-crore-showcasing-post-hindenburg-resilience,https://media.assettype.com/freepressjournal/2025-12-26/qrbnuhys/Adani-India.jpg,2025-12-26T05:34:34Z,"New Delhi: Adani Group has completed as many as 33 acquisitions worth about Rs 80,000 crore (USD 9.6 billion) across its businesses since January 2023, signalling sustained access to capital and stea… [+4270 chars]",business
"{'id': None, 'name': 'Help Net Security'}",Sinisa Markovic,"From AI to cyber risk, why IT leaders are anxious heading into 2026","Cybersecurity threats are shaping IT planning for 2026, with AI maturity and regulation emerging as another major source of disruption, according to a global survey from Veeam. Veeam surveyed 250 senior IT and business decision-makers worldwide to understand …",https://www.helpnetsecurity.com/2025/12/26/it-planning-cybersecurity-threats-2026/,https://img.helpnetsecurity.com/wp-content/uploads/2024/06/17113455/cybersecurity_threats.webp,2025-12-26T05:30:46Z,"Cybersecurity threats are shaping IT planning for 2026, with AI maturity and regulation emerging as another major source of disruption, according to a global survey from Veeam.
Veeam surveyed 250 se… [+3035 chars]",business
"{'id': None, 'name': 'Independent.ie'}",Peter McCarthy,Residents of flood-hit Cork estate criticise barrier rollout – ‘they don’t understand the fear’,No-one in Midleton expected the havoc Storm Babet would bring to the East Cork town in October 2023.,https://www.independent.ie/regionals/cork/news/residents-of-flood-hit-cork-estate-criticise-barrier-rollout-they-dont-understand-the-fear/a182301235.html,https://focus.independent.ie/thumbor/LLpNCZaesnPXBttst5CCXw012Jw=/0x33:1600x1099/629x0/prod-mh-ireland/a03a31e1-11de-4414-a4d1-fcf7040b298b/d15e9f4d-cada-4625-a3b7-43d59cfc3437/a03a31e1-11de-4414-a4d1-fcf7040b298b.jpg,2025-12-26T05:30:00Z,No-one in Midleton expected the havoc Storm Babet would bring to the East Cork town in October 2023.In the Tir Cluain estate Daithi and Christina Conway were anticipating heavy rain but were complete… [+5752 chars],business
"{'id': None, 'name': 'Independent.ie'}",Thomas Kelly,The Jukebox Man can call tune for Harry Redknapp in King George at Kempton,"Despite a strong raiding party from across the Irish Sea, The Jukebox Man can score a big home win for former Tottenham manager Harry Redknapp in today’s Ladbrokes King George VI Chase at Kempton.",https://www.independent.ie/sport/horse-racing/the-jukebox-man-can-call-tune-for-harry-redknapp-in-king-george-at-kempton/a348442641.html,https://focus.independent.ie/thumbor/Z8HI2ciLCo4oOCETxcvEKr8FocE=/0x0:3235x2157/629x0/prod-mh-ireland/34151abf-70dc-4743-b474-92d8293df666/fb75fd6e-b31f-4950-9af1-d027a11151ce/34151abf-70dc-4743-b474-92d8293df666.jpg,2025-12-26T05:30:00Z,"Despite a strong raiding party from across the Irish Sea, The Jukebox Man can score a big home win for former Tottenham manager Harry Redknapp in todays Ladbrokes King George VI Chase at Kempton.A qu… [+3510 chars]",business
"{'id': None, 'name': 'The Indian Express'}",Entertainment Desk,"‘Ranveer Singh was in a bad mood, Deepika Padukone tried to make up for him,’ recalls veteran journalist: ‘Ab jaane do ma’am…’","Deepika Padukone tried to make up for Ranveer Singh's bad mood, recalls senior journalist. The Dhurandhar actor later tried to make up for his behaviour.",https://indianexpress.com/article/entertainment/bollywood/ranveer-singh-bad-mood-behaviour-not-okay-deepika-padukone-tried-to-make-up-10439548/,https://images.indianexpress.com/2025/12/ranveer-singh-deepika-padukone-1.jpg,2025-12-26T05:21:33Z,"Ranveer Singh must be on cloud nine as his film Dhurandhar is inches away from entering the Rs 1000 crore club. The actor, who recently completed 15 years in the business, has been through his fair s… [+3039 chars]",business
"{'id': None, 'name': 'Thenightly.com.au'}",Peta Rasdien,Generous Fibrebond boss Graham Walker hands out $358m in bonuses to 540 workers,"When he told his employees about their unexpected good fortune, some were sure they were being pranked.",https://thenightly.com.au/business/generous-fibrebond-boss-graham-walker-hands-out-358m-in-bonuses-to-540-workers--c-21121055,https://images.thenightly.com.au/publication/C-21121055/0dd4674e55c74096ca66f56833a4ba4194a717db-16x9-x0y285w5472h3078.jpg?imwidth=1200,2025-12-26T05:21:25Z,"Its got to be one of the most generous acts by a boss ever.
Factory owner Graham Walker has handed out $240 million (A$358m) in bonuses to his 540 workers a magnanimous gesture that equates to a six… [+2555 chars]",business
"{'id': 'the-irish-times', 'name': 'The Irish Times'}",,Four companies shortlisted for Irish Times Deal of the Year award,"Dalata Hotel Group, Dawn Meats, Greencore and Stripe in contention for award",https://www.irishtimes.com/business/2025/12/26/four-companies-shortlised-for-irish-times-deal-of-the-year-award/,https://www.irishtimes.com/resizer/v2/HES4EQ47URDLVLVJFQLMOYXVGA.jpg?smart=true&auth=f50e07d5a5faa67acd2705a4c827203a55a478122287f10eb05a244b42b15518&width=1200&height=630,2025-12-26T05:17:00Z,"Four leading companies have been shortlisted for the Deal of the Year category at The Irish Times Business Awards, which are run in association with Bank of Ireland. 
In February, Irish-founded fint… [+3633 chars]",business
"{'id': 'financial-post', 'name': 'Financial Post'}",The Associated Press,"Amid a battery boom, graphite mining gets a fresh look in the US","GOUVERNEUR, N.Y. (AP) — Graphite mines in the United States largely closed down seven decades ago. Mining the ubiquitous mineral found in everything from nuclear reactors to pencils seemed to make little sense when it could be imported inexpensively from othe…",https://financialpost.com/pmn/amid-a-battery-boom-graphite-mining-gets-a-fresh-look-in-the-us,,2025-12-26T05:09:14Z,"GOUVERNEUR, N.Y. (AP) Graphite mines in the United States largely closed down seven decades ago. Mining the ubiquitous mineral found in everything from nuclear reactors to pencils seemed to make litt… [+5105 chars]",business
"{'id': 'business-insider', 'name': 'Business Insider'}",Lee Chong Ming,"An OpenAI engineer outlines her one-week hiring sprint, from outreach on Monday to a signed offer on Friday","An OpenAI engineer breaks down OpenAI's fast, ""no-nonsense"" hiring process, from Monday outreach to a Friday signed offer.",https://www.businessinsider.com/openai-engineer-interview-process-week-offer-technical-deep-dive-2025-12,https://i.insider.com/694dff3e64858d02d2176836?width=1200&format=jpeg,2025-12-26T05:06:30Z,"An OpenAI engineer explains how OpenAI hired her in a week.Jakub Porzycki/NurPhoto via Getty Images
<ul><li>An OpenAI engineer breaks down OpenAI's fast, ""no-nonsense"" hiring process.</li><li>Jerene… [+2502 chars]",business
"{'id': 'business-insider', 'name': 'Business Insider'}",Aditi Bharade,Mark Cuban said there's a compelling reason for new grads to join small businesses instead of big companies,"The billionaire said new grads can help small and medium businesses adopt AI agents, something big companies don't need them for.",https://www.businessinsider.com/mark-cuban-new-grads-small-businesses-ai-agents-2025-12,https://i.insider.com/694e0a9404eda4732f2e2154?width=1200&format=jpeg,2025-12-26T05:05:46Z,"Mark CubanTom Williams/CQ-Roll Call, Inc via Getty Images
<ul><li>Mark Cuban said new graduates should set their sights on working in small to medium businesses.</li><li>The billionaire said new gra… [+2268 chars]",business
"{'id': 'business-insider', 'name': 'Business Insider'}",abharade@insider.com (Aditi Bharade),"After high school, I chose to start a jewelry brand instead of going to college. These are 3 things I wish I knew.","Kiana Mei, 20, runs a jewelry brand and opted out of college. It's tiring, isolating work, but she says she doesn't regret it.",https://www.businessinsider.com/small-business-kiana-mei-jewelry-brand-high-school-college-2026-1,https://i.insider.com/693bd6bb04eda4732f2d6ab7?width=1200&format=jpeg,2025-12-26T05:02:01Z,"This as-told-to essay is based on a conversation with Kiana Mei, 20, a small-business owner from Australia. It has been edited for length and clarity.
When I turned 15, like all my friends, I wanted… [+3985 chars]",business
"{'id': None, 'name': 'Foreign Policy'}",Andrew Nachemson,"Myanmar’s Election Is Predetermined, but Questions Remain",Some parts of the country will begin voting on Dec. 28 in polls that could further legitimize the ruling junta.,http://foreignpolicy.com/2025/12/26/myanmar-election-military-junta-civil-war-china-asean/,https://foreignpolicy.com/wp-content/uploads/2025/12/MYANMAR-POLITICS-VOTE-GettyImages-2252480833.jpg?w=1000,2025-12-26T05:01:52Z,"When a limited number of Myanmars citizens go to the polls beginning on Dec. 28, the outcome of the electionthe first since the military seized power in a 2021 coupwont be in question. The ruling jun… [+9039 chars]",business
"{'id': None, 'name': 'Digiday'}",Julia Tabisz,Digiday+ Research roundup: Gen Z news consumption and diversification in the DSP space were 2025’s top trends,"As 2025 winds down, we rounded up the biggest trends of the year, based on the data that resonated the most with Digiday's readers.",http://digiday.com/media/digiday-research-roundup-gen-z-news-consumption-and-diversification-in-the-dsp-space-were-2025s-top-trends/,https://digiday.com/wp-content/uploads/sites/3/2025/11/eoy-2025-digiday.gif,2025-12-26T05:01:00Z,"This research is based on unique data collected from our proprietary audience of publisher, agency, brand and tech insiders. It’s available to Digiday+ members. More from the series →It’s been anothe… [+7569 chars]",business
"{'id': 'business-insider', 'name': 'Business Insider'}",cteh@businessinsider.com (Cheryl Teh),How 2 men behind the Critical Role machine plan to turn the nerdworld royalty into a legacy brand,Ed Lopez and Ben Van Der Fluit were early executives on the Critical Role team. They helped the eight cofounders build a nerdworld empire in 10 years.,https://www.businessinsider.com/critical-role-exec-ed-lopez-ben-van-der-fluit-2025-12,https://i.insider.com/6939a2517ecd1d1da66348b7?width=1200&format=jpeg,2025-12-26T05:00:01Z,"When the cameras start rolling at the Critical Role studio in Los Angeles, Ed Lopez and Ben Van Der Fluit are never in front of them.
There are eight far more famous faces that front the operation. … [+7120 chars]",business
"{'id': None, 'name': 'blogTO'}","Phoebe Knight, Dished",Notable restaurants that closed in Toronto this past year,"For as many exceptional restaurants opened in Toronto in 2025, the city lost an equal number of great ones.Nothing lasts forever, and, cliché though it may be, that sentiment holds particularly true when it comes to restaurants. Whether it's a tried-and-true …",https://www.blogto.com/eat_drink/2025/12/notable-restaurants-closed-toronto-2025/,https://blogto-production2-baselayer-display.blogto.com/articles/20211305-ImperialPub-3.jpg?w=1200&cmd=resize_then_crop&height=630&format=auto,2025-12-26T05:00:00Z,"For as many exceptional restaurants opened in Toronto in 2025, the city lost an equal number of great ones.
Nothing lasts forever, and, cliché though it may be, that sentiment holds particularly tru… [+5470 chars]",business
"{'id': None, 'name': 'Slj.com'}",Betsy Bird,"31 Days, 31 Lists: 2025 Unique Biographies for Kids","If you're looking for proof that we are in a Golden Age of Children's Literature, look no further than this list.",https://afuse8production.slj.com/2025/12/26/31-days-31-lists-2025-unique-biographies-for-kids/,https://afuse8production.slj.com/wp-content/uploads/2025/10/Malcolm-Lives.jpg,2025-12-26T05:00:00Z,"All right, folks. Get ready. Today’s list is a big one. I always forget just how big until it’s there, standing before me. As I put down the books on this list, I was startled by the number of creato… [+34746 chars]",business
"{'id': 'the-irish-times', 'name': 'The Irish Times'}",Tony Clayton-Lea,"Event guide: New Year’s Eve gigs, Picture This and the other best things to see in Ireland in the week ahead","December 27th, 2025-January 2nd, 2026: The best movies, music, art and more coming your way this week",https://www.irishtimes.com/culture/2025/12/26/event-guide-new-years-eve-gigs-picture-this-and-the-other-best-things-to-see-in-ireland-in-the-week-ahead/,https://www.irishtimes.com/resizer/v2/ZVJXXIC45ZA7PEKPQFRWJG2DRQ.JPG?smart=true&auth=0c2f914e09c847b2cbf45029fb779b2e4ed3618869f0ba27e0ec7acdbabff733&width=1200&height=630,2025-12-26T04:59:00Z,"Event of the week
New Years Eve and New Years Day
Wednesday, December 31st, and Thursday, January 1st, various venues, times and prices
Now firmly established as Irelands main New Years Eve music … [+5260 chars]",business
"{'id': None, 'name': 'Sporting News'}",Alex Walsh,2026 PDC World Darts Championship predictions: Previewing and picking the winners of the third round,We should expect more upsets in the third round.,https://www.sportingnews.com/us/darts/news/2026-pdc-world-darts-championship-predictions-third-round/f44514ed5840fe3a61937261,https://media.zenfs.com/en/the_sporting_news_articles_584/c68a0ba55763a9fb48a440b65d28d945,2025-12-26T04:54:50Z,2026 PDC World Darts Championship predictions: Previewing and picking the winners of the third round originally appeared on The Sporting News. Add The Sporting News as a Preferred Source by clicking … [+9462 chars],business
"{'id': None, 'name': 'BusinessLine'}",PTI,Landmark free trade milestone in 2025 injects momentum behind stronger India-UK ties,"An ever-expanding footprint of the UK’s higher education sector in India will begin to bear fruit from the New Year, with at least nine British universities finalising their overseas campuses in the country to cater to Indian demand for quality education",https://www.thehindubusinessline.com/economy/landmark-free-trade-milestone-in-2025-injects-momentum-behind-stronger-india-uk-ties/article70438835.ece,https://bl-i.thgim.com/public/incoming/2jdwly/article69767519.ece/alternates/LANDSCAPE_1200/IMG_United_Kingdom__Grea_2_1_01DULQ25.jpg,2025-12-26T04:53:21Z,"The highly anticipated free trade deal between India and the UK, in the works for over four years, came to fruition in 2025, alongside a Vision 2035 pact to revitalise bilateral ties beyond the realm… [+5992 chars]",business
"{'id': None, 'name': 'Slashdot.org'}",feedfeeder,Which states tax Social Security benefits? Check out our map and see what you may pay in 2026. - Business Insider,"Which states tax Social Security benefits? Check out our map and see what you may pay in 2026.Business Insider Dec. 25 and 26 Are Critical Dates for Social Security RetireesThe Motley Fool 18 Small Towns With No Taxes on 401(k), IRA, and Social Security Incom…",https://slashdot.org/firehose.pl?op=view&amp;id=180457863,,2025-12-26T04:52:36Z,"Our policy is, when in doubt, do the right thing.
-- Roy L. Ash, ex-president, Litton Industries",business
"{'id': 'the-times-of-india', 'name': 'The Times of India'}",PTI,Landmark free trade milestone in 2025 injects momentum behind stronger India-UK ties,"India and the UK finalized a landmark Free Trade Agreement in 2025, alongside a 'Vision 2035' pact to deepen bilateral ties. The CETA is projected to significantly boost trade, while educational ties expand with British universities establishing campuses in I…",https://economictimes.indiatimes.com/news/economy/foreign-trade/landmark-free-trade-milestone-in-2025-injects-momentum-behind-stronger-india-uk-ties/articleshow/126183158.cms,"https://img.etimg.com/thumb/msid-126183193,width-1200,height-630,imgsize-40604,overlay-economictimes/articleshow.jpg",2025-12-26T04:46:47Z,"London: The highly anticipated free trade deal between India and the UK, in the works for over four years, came to fruition in 2025, alongside a 'Vision 2035' pact to revitalise bilateral ties beyond… [+6000 chars]",business
"{'id': 'the-times-of-india', 'name': 'The Times of India'}",Anupam Nagar,"Indian IT valuations comfortably priced, downside limited: Deven Choksey","Indian IT firms are experiencing improved business conditions, driven by increased AI adoption and better execution efficiencies. The December quarter was largely stable, with expectations for the third quarter rising, particularly in consumption-linked segme…",https://economictimes.indiatimes.com/markets/expert-view/indian-it-valuations-comfortably-priced-downside-limited-deven-choksey/articleshow/126183077.cms,"https://img.etimg.com/thumb/msid-126183062,width-1200,height-630,imgsize-22846,overlay-etmarkets/articleshow.jpg",2025-12-26T04:44:16Z,"Indian IT companies are seeing a gradual improvement in business conditions, supported by rising artificial intelligence adoption among global clients, better execution efficiencies and a supportive … [+3215 chars]",business
"{'id': None, 'name': 'Tistory.com'}",T.B,12월 일본 도쿄 CPI 예상치 하회에도 엔화 약세론 커져,"Toyota Motor’s sales and production fell in November, weighed down in large part by a sharp drop in China as the country discontinues subsidies meant to boost the sales of electric and fuel-efficient cars https://t.co/y4po2vWkBB— Bloomberg (@business) Decembe…",https://ryueyes11.tistory.com/512027,https://img1.daumcdn.net/thumb/R800x0/?scode=mtistory2&fname=https%3A%2F%2Fblog.kakaocdn.net%2Fdna%2FcJ3gGX%2FdJMcaihDSCX%2FAAAAAAAAAAAAAAAAAAAAANOY4PiBF52_4k_0ZyteIdKysqYsLIBCoutXpduH4d81%2Fimg.jpg%3Fcredential%3DyqXZFxpELC7KVnFOS48ylbz2pIh7yKj8%26expires%3D1767193199%26allow_ip%3D%26allow_referer%3D%26signature%3Dm8iuLDFvQP%252Big9IYcmj2C6dlLdQ%253D,2025-12-26T04:41:48Z,"Toyota Motor’s sales and production fell in November, weighed down in large part by a sharp drop in China as the country discontinues subsidies meant to boost the sales of electric and fuel-efficient… [+1139 chars]",business
"{'id': None, 'name': 'Prtimes.jp'}",,takpaのサービスがジェトロ「JS-Links」に掲載ー中国EC支援・RED運用,"[合同会社takpa]
[画像: https://prcdn.freetls.fastly.net/release_image/168881/5/168881-5-9f617f442f1418241a4ed48318d8c6a7-1200x628.png?width=536&quality=85%2C75&format=jpeg&auto=webp&fit=bounds&...",https://prtimes.jp/main/html/rd/p/000000005.000168881.html,https://prcdn.freetls.fastly.net/release_image/168881/5/168881-5-9f617f442f1418241a4ed48318d8c6a7-1200x628.png?format=jpeg&auto=webp&fit=bounds&width=2400&height=1260,2025-12-26T04:40:32Z,"takpaJS-Links
JS-Linkstakpa
takpa
takpaSNSREDRED NoteInstagramSNSPREC
EC
takpa
EC
EC
EC
ECStatistaECEC40080StatistaE-commerce in China statistics &amp; facts202420241224EC
takpaEC
takpaEC… [+4064 chars]",business
"{'id': None, 'name': 'Space Daily'}",,Axelspace sets multi launch framework with Exolaunch for AxelLiner mission growth,"Los Angeles CA (SPX) Dec 26, 2025


Axelspace Corporation has signed a multi-launch agreement with Exolaunch to support a series of missions using Axelspace microsatellites. The framework covers multiple launches and is intended to secure launch access and mi…",https://www.spacedaily.com/reports/Axelspace_sets_multi_launch_framework_with_Exolaunch_for_AxelLiner_mission_growth_999.html,https://www.spxdaily.com/images-hg/grus-satellites-axelspace-batch-factory-hg.jpg,2025-12-26T04:40:00Z,"by Clarence OxfordLos Angeles CA (SPX) Dec 26, 2025
Axelspace Corporation has signed a multi-launch agreement with Exolaunch to support a series of missions using Axelspace microsatellites. The fram… [+2326 chars]",business
"{'id': 'usa-today', 'name': 'USA Today'}","Ben DuBose, Rockets Wire",Amen Thompson takes starring role as Rockets blast Lakers on Christmas,"In a matchup of stars in Los Angeles, Amen Thompson finished with a game-high 26 points (63.2% FG) as Houston routed the Lakers for a much-needed win.",https://rocketswire.usatoday.com/story/sports/nba/rockets/2025/12/25/amen-thompson-takes-starring-role-as-rockets-blast-lakers-on-christmas/87916172007/,https://s.yimg.com/ny/api/res/1.2/jh5nvQZ5.f1epOiB9hVBdQ--/YXBwaWQ9aGlnaGxhbmRlcjt3PTEyMDA7aD04MDA7Y2Y9d2VicA--/https://media.zenfs.com/en/rockets_wire_usa_today_sports_articles_849/f2716dc00b2234994ad696964a131111,2025-12-26T04:36:47Z,"In their first matchup on the NBAs Christmas slate since 2019, the Rockets took care of business in Thursdays emphatic 119-96 road victory (box score) over the Lakers.
The game could eventually prov… [+2217 chars]",business
"{'id': None, 'name': 'Yahoo Entertainment'}",Sultan Khalid,Cosan (CSAN) Continued to Slide This Week. Here is Why,"The share price of Cosan S.A. (NYSE:CSAN) fell by 7.4% between December 17 and December 24, 2025, putting it among the Energy Stocks that Lost the Most This ...",https://finance.yahoo.com/news/cosan-csan-continued-slide-week-043524923.html,https://s.yimg.com/ny/api/res/1.2/.1ptQWgpsX7XzFeQ7dd9TQ--/YXBwaWQ9aGlnaGxhbmRlcjt3PTEyMDA7aD02NzM-/https://media.zenfs.com/en/insidermonkey.com/21444398a9a83e647a9622112b0a58a0,2025-12-26T04:35:24Z,"The share price of Cosan S.A. (NYSE:CSAN) fell by 7.4% between December 17 and December 24, 2025, putting it among the Energy Stocks that Lost the Most This Week.
Cosan (CSAN) Continued to Slide Thi… [+2064 chars]",business
"{'id': None, 'name': 'CNA'}",,Jota's sons to join mascots for Liverpool v Wolves at Anfield: report,"Dec 26 : ‌Diogo Jota's two sons will join the mascots at Anfield when Liverpool face Wolverhampton Wanderers in the Premier League on Saturday, The Times reported.Portuguese forward Jota, who played for both ‌Premier League clubs, died in ‌a car crash alongsi…",https://www.channelnewsasia.com/sport/jotas-sons-join-mascots-liverpool-v-wolves-anfield-report-5713446,"https://dam.mediacorp.sg/image/upload/s--GW7PyDio--/c_fill,g_auto,h_676,w_1200/fl_relative,g_south_east,l_mediacorp:cna:watermark:2024-04:reuters_1,w_0.1/f_auto,q_auto/v1/one-cms/core/2025-12-26T042958Z_1_LYNXMPELBP03O_RTROPTP_3_SOCCER-ENGLAND-LIV-BOU.JPG?itok=5ai-qevM",2025-12-26T04:22:50Z,"Dec 26 : Diogo Jota's two sons will join the mascots at Anfield when Liverpool face Wolverhampton Wanderers in the Premier League on Saturday, The Times reported.
Portuguese forward Jota, who played… [+704 chars]",business
"{'id': None, 'name': 'ClutchPoints'}","Kenzo Fukuda, ClutchPoints","Three takeaways from Warriors’ Christmas Day win over Cooper Flagg, Mavericks","Steph Curry and the Dubs secured their 3rd win in a row with the win over the Mavericks, after a tumultuous holiday week of basketball.",https://clutchpoints.com/nba/golden-state-warriors/three-takeaways-warriors-christmas-day-win-cooper-flagg-mavericks,https://s.yimg.com/ny/api/res/1.2/Y38cdegJhhn1bLu_iy5ESw--/YXBwaWQ9aGlnaGxhbmRlcjt3PTEyMDA7aD02NzU7Y2Y9d2VicA--/https://media.zenfs.com/en/clutchpoints_articles_939/9adbc0eec1a5a4893fcbb74feada0d10,2025-12-26T04:21:58Z,"Three takeaways from Warriors Christmas Day win over Cooper Flagg, Mavericks appeared first on ClutchPoints. Add ClutchPoints as a Preferred Source by clicking here.
SAN FRANCISCO, CA Like Santa Cla… [+6019 chars]",business
"{'id': None, 'name': 'GlobeNewswire'}",The Rosen Law Firm PA,"KMX DEADLINE NOTICE: ROSEN, A RANKED AND LEADING FIRM, Encourages CarMax, Inc. Investors with Losses in Excess of $100K to Secure Counsel Before Important January 2 Deadline in Securities Class Action First Filed by the Firm – KMX","NEW YORK, Dec. 25, 2025 (GLOBE NEWSWIRE) -- WHY: Rosen Law Firm, a global investor rights law firm, reminds purchasers of securities of CarMax, Inc. (NYSE: KMX) between June 20, 2025 and November 5, 2025, both dates inclusive (the “Class Period”) of the impor…",https://www.globenewswire.com/news-release/2025/12/26/3210499/673/en/KMX-DEADLINE-NOTICE-ROSEN-A-RANKED-AND-LEADING-FIRM-Encourages-CarMax-Inc-Investors-with-Losses-in-Excess-of-100K-to-Secure-Counsel-Before-Important-January-2-Deadline-in-Securitie.html,https://ml.globenewswire.com/Resource/Download/745335af-3a3a-4fb5-84c0-fdedc9adf092,2025-12-26T04:19:00Z,"NEW YORK, Dec. 25, 2025 (GLOBE NEWSWIRE) -- 
WHY: Rosen Law Firm, a global investor rights law firm, reminds purchasers of securities of CarMax, Inc. (NYSE: KMX) between June 20, 2025 and November 5… [+3738 chars]",business
"{'id': None, 'name': 'Sporting News'}",David Suggs,"Broncos playoff picture: How win over Chiefs impacts AFC West race, Denver's chances at No. 1 seed","The Broncos took care of business on Christmas Day. Now, they're one step closer to an AFC regular season crown.",https://www.sportingnews.com/us/nfl/news/broncos-playoff-picture-updated-nfl-scenarios-denver-after-win-chiefs-week-17/48cfe9bf4556c1887d922ec1,https://media.zenfs.com/en/the_sporting_news_articles_584/5e19bface476b98fb3604c0edb888013,2025-12-26T04:16:37Z,"Broncos playoff picture: How win over Chiefs impacts AFC West race, Denver's chances at No. 1 seed originally appeared on The Sporting News. Add The Sporting News as a Preferred Source by clicking he… [+3894 chars]",business
"{'id': None, 'name': 'Economictimes.com'}",Getty Images,Sold shares at a loss? Here’s how short-term capital loss can be used to cut long-term capital gains tax,"Yes, short-term capital losses (STCL) from shares can completely offset long-term capital gains (LTCG) in the same year under income tax rules. This legal strategy helps slash your tax bill by reducing taxable gains to zero if losses match or exceed profits. …",https://m.economictimes.com/wealth/tax/sold-shares-at-a-loss-heres-how-short-term-capital-loss-can-be-used-to-cut-long-term-capital-gains-tax/capital-gains-tax-hack-you-should-know/slideshow/126182612.cms,"https://img.etimg.com/thumb/msid-126182612,width-1070,height-580,overlay-etwealth/slideshow.jpg",2025-12-26T04:10:06Z,"Dec 26, 2025, 09:40:37 AM IST
Yes, short-term capital losses (STCL) from shares can completely offset long-term capital gains (LTCG) in the same year under income tax rules. This legal strategy help… [+2136 chars]",business
"{'id': None, 'name': 'Mile High Report'}",Christopher Hart,Instant reaction: Broncos rally to defeat Chiefs at Arrowhead on Christmas,"﻿It wasn’t pretty, but the Denver Broncos were able to deliver a win on the road against the Kansas City Chiefs on Christmas.",https://www.milehighreport.com/denver-broncos-news/167759/instant-reaction-broncos-rally-to-defeat-chiefs-at-arrowhead-on-christmas,https://s.yimg.com/ny/api/res/1.2/inPxSXi9dX_ghWW3Y9hORg--/YXBwaWQ9aGlnaGxhbmRlcjt3PTEyMDA7aD04MDE7Y2Y9d2VicA--/https://media.zenfs.com/en/sb_nation_articles_115/331994fb14cbd750d56f9211c9b684cc,2025-12-26T04:10:00Z,The Denver Broncos squared off against the Kansas City Chiefs in a primetime Christmas matchup. It was a fast-paced game that had football fans on the edge of their seats. It wasnt pretty and a lot c… [+5578 chars],business
"{'id': None, 'name': 'Prtimes.jp'}",,年末年始のご挨拶は「giftee(R)」でキモチを伝えよう！,"[株式会社ギフティ]
[画像1: https://prcdn.freetls.fastly.net/release_image/4529/623/4529-623-c406c8efd3b62871103855127b830c46-1200x630.jpg?width=536&quality=85%2C75&format=jpeg&auto=webp&fit=bounds&amp...",https://prtimes.jp/main/html/rd/p/000000623.000004529.html,https://prcdn.freetls.fastly.net/release_image/4529/623/4529-623-c406c8efd3b62871103855127b830c46-1200x630.jpg?format=jpeg&auto=webp&fit=bounds&width=2400&height=1260,2025-12-26T04:07:25Z,"e(1)( )eWEB/giftee®20251226()2026111()egifteeegiftee Box for 20251226()LINEe
(1)
 ee
giftee
1giftee
https://giftee.com/announcements/533
 300giftee
giftee®2026giftee®giftee®150300
URLhttps://… [+807 chars]",business
"{'id': 'abc-news-au', 'name': 'ABC News (AU)'}",Lee Tran Lam,This photographer visited 24 Australian bakeries to showcase our love of bread,Kazuaki Ono wanted to entice people from Japan to visit Australia by showing we have as much to offer with our food culture as we do with our iconic scenery.,https://www.abc.net.au/news/2025-12-26/southern-crust-bakery-photography-exhibition/106169972,https://live-production.wcms.abc-cdn.net.au/b89415975e6e152779903375d4a58a67?impolicy=wcms_watermark_news&cropH=540&cropW=960&xPos=0&yPos=0&width=862&height=485&imformat=generic,2025-12-26T04:05:12Z,"Most people put bread on their plate, but Sydney photographer Kazuaki Ono has placed a spelt loaf in Western Australia's Pinnacles desert, fig-leaf sourdough on Sydney's Bondi beach and sprouted rye … [+5814 chars]",business
"{'id': None, 'name': 'Thednvr.com'}",Zac Stevens,Broncos-Chiefs Instant Reactions: Bo Nix sweeps Kansas City and gets Denver’s magic number to 1,"It was a merry Christmas for the Denver Broncos in Kansas City. Facing the Chiefs' third-string quarterback, Sean Payton and the Broncos handled business to get their 13th win of...",https://thednvr.com/denver-broncos-chiefs-instant-reaction-sean-payton-win/,https://s.yimg.com/ny/api/res/1.2/Y9VYlU6E5smxhAAG_soynw--/YXBwaWQ9aGlnaGxhbmRlcjt3PTEyMDA7aD04MDE7Y2Y9d2VicA--/https://media.zenfs.com/en/allcity_network_denver_articles_299/1adeb53197160b80efcb64392a5c284e,2025-12-26T04:03:44Z,"KANSAS CITY, Mo. It was a merry Christmas for the Denver Broncos in Kansas City. Facing the Chiefs third-string quarterback, the Broncos narrowly beat the Chiefs to get their 13th win of the season.… [+3747 chars]",business
"{'id': 'the-times-of-india', 'name': 'The Times of India'}",ETMarkets.com,"PSU banks are quietly eating private banks’ lunch? Motilal Oswal says HDFC Bank, ICICI Bank, SBI and AU Bank matter most","PSU banks gain MSME and home loan share, but Motilal Oswal backs HDFC Bank, ICICI Bank, SBI and AU Bank as cycle stabilises.",https://economictimes.indiatimes.com/markets/stocks/news/psu-banks-are-quietly-eating-private-banks-lunch-motilal-oswal-says-hdfc-bank-icici-bank-sbi-and-au-bank-matter-most/articleshow/126182461.cms,"https://img.etimg.com/thumb/msid-126182458,width-1200,height-630,imgsize-88574,overlay-etmarkets/articleshow.jpg",2025-12-26T03:52:52Z,"Public sector banks are clawing back market share in MSME and home loans, reshaping competitive dynamics across Indias financial system. Yet even as PSUs tighten the squeeze on private lenders, Motil… [+5293 chars]",business
"{'id': None, 'name': 'New York Post'}",Caitlin McCormack,Logan Paul to auction pristine $5.3M Pokémon card — as he urges investing in collectibles over stock market,"""It's the rarest and most valuable Pokémon card in the world. Pokémon as an asset class has outperformed the stock market by upwards of 3,000% in the last 20 years.""",https://nypost.com/2025/12/25/lifestyle/youtuber-logan-paul-to-auction-pristine-5-3m-pokemon-card/,https://nypost.com/wp-content/uploads/sites/2/2025/12/Untitled-1-2025-12-25T222054.811.jpg?quality=75&strip=all&w=1200,2025-12-26T03:50:19Z,"Provocateur Logan Paul, who rose to fame through divisive appearances on YouTube and in the WWE, announced his plans to auction off a pristine Pokémon card he originally bought for $5.3 million in 20… [+4154 chars]",business
"{'id': None, 'name': 'International Business Times'}",David Thompson,The Architect of Tomorrow: Pradeep Kumar Reddy Juturu and the AI-Powered Data Center,"In the silent, humming halls of the modern data center, the unseen engine of our digital world, a quiet revolution is underway. At the forefront is Pradeep Kumar Reddy Juturu.",https://www.ibtimes.com/architect-tomorrow-pradeep-kumar-reddy-juturu-ai-powered-data-center-3793692,https://d.ibtimes.com/en/full/4638590/pradeep-kumar-reddy-juturu-ai-powered-data-center.jpg,2025-12-26T03:45:56Z,"In the silent, humming halls of the modern data center, the unseen engine of our digital world, a quiet revolution is underway. At the forefront is Pradeep Kumar Reddy Juturu, a visionary engineer an… [+4758 chars]",business
"{'id': None, 'name': 'CNA'}",,Japan government approves record US$782 billion budget,"TOKYO: The Japanese government on Friday (Dec 26) approved a record budget for the upcoming fiscal year, to pay for everything from bigger defence spending to ballooning social security costs as",https://www.channelnewsasia.com/east-asia/japan-government-approves-record-us782-billion-budget-5709406,"https://dam.mediacorp.sg/image/upload/s--UUi1QnZ_--/c_fill,g_auto,h_676,w_1200/fl_relative,g_south_east,l_mediacorp:cna:watermark:2024-04:reuters_1,w_0.1/f_auto,q_auto/v1/one-cms/core/2025-12-26T014532Z_2_LYNXMPELBP00V_RTROPTP_3_JAPAN-ECONOMY-GDP.JPG?itok=77__Y2xI",2025-12-26T03:44:00Z,"Takaichi has advocated big government spending to spur economic growth.
""What Japan needs right now is not the undermining of our strength as a nation through excessive austerity fiscal policies, bu… [+1414 chars]",business
"{'id': None, 'name': 'Lifesciencesworld.com'}",Noah Whitman,Why does my betta fish like to lay down?,"Why Does My Betta Fish Like to Lay Down? Unraveling the Mystery Why does my betta fish like to lay down? This behavior can be concerning, but it’s often due to factors like sleep, resting, environmental conditions, or illness. Understanding the reasons behind…",https://www.lifesciencesworld.com/why-does-my-betta-fish-like-to-lay-down/,,2025-12-26T07:40:04Z,"Why Does My Betta Fish Like to Lay Down? Unraveling the Mystery
Why does my betta fish like to lay down? This behavior can be concerning, but it’s often due to factors like sleep, resting, environme… [+8478 chars]",health
"{'id': None, 'name': 'HuffPost'}",REUTERS,"Jair Bolsonaro Backs Son's Brazil Presidential Bid, Undergoes Hernia Surgery","Supreme Court Justice Alexandre de Moraes allowed Bolsonaro to leave prison, where he is serving a 27-year sentence for plotting a coup, for the surgery.",https://www.huffpost.com/entry/jair-bolsonaro-backs-son-presidential-bid_n_694e38abe4b06782d2040279,https://img.huffingtonpost.com/asset/694e3af1150000414985d471.jpeg?cache=M6UHThQOfX&ops=1200_630,2025-12-26T07:38:31Z,"SAO PAULO, Dec 25 (Reuters) - Brazils former President Jair Bolsonaro endorsed his son Flavios 2026 presidential bid on Thursday in a statement from a hospital where he underwent a scheduled hernia o… [+2742 chars]",health
"{'id': None, 'name': 'Nakedcapitalism.com'}",Yves Smith,Is Your Dog or Cat Getting Old? These Simple Gestures Could Help Them Live Longer and Happier Lives,"Like human seniors, an old cat or dog will benefit from help with their special needs.",https://www.nakedcapitalism.com/2025/12/is-your-dog-or-cat-getting-old-these-simple-gestures-could-help-them-live-longer-and-happier-lives.html,https://www.nakedcapitalism.com/wp-content/uploads/2025/12/Screenshot-2025-12-26-at-2.27.43 PM.png,2025-12-26T07:36:34Z,"Yves here. Because my cats who lived to be old (one died at 16 and the other, 18) were robust up to close to the end, I was probably not attentive to signs that they were aging and perhaps not as att… [+9155 chars]",health
"{'id': None, 'name': 'Lifesciencesworld.com'}",Noah Whitman,What is considered old for a deer?,"What is Considered Old for a Deer? Understanding Deer Longevity The age at which a deer is considered old varies, but generally, a wild deer living beyond 10 years is nearing the end of its natural lifespan, with most succumbing to predation, disease, or inju…",https://www.lifesciencesworld.com/what-is-considered-old-for-a-deer/,,2025-12-26T07:35:33Z,"The age at which a deer is considered old varies, but generally, a wild deer living beyond 10 years is nearing the end of its natural lifespan, with most succumbing to predation, disease, or injury b… [+8181 chars]",health
"{'id': 'the-times-of-india', 'name': 'The Times of India'}",ET Online,Tata Steel arm faces $1.6 billion class action lawsuit in Dutch court over alleged health damage,Tata Steel's Dutch arm faces a $1.6 billion collective action lawsuit filed by a Dutch NGO over alleged environmental and health impacts near its IJmuiden operations. The NGO claims damages for increased health risks and reduced home values due to emissions. …,https://economictimes.indiatimes.com/industry/indl-goods/svs/steel/tata-steel-arm-faces-1-6-billion-class-action-claim-in-dutch-court-over-alleged-health-damage/articleshow/126185446.cms,"https://img.etimg.com/thumb/msid-126185806,width-1200,height-630,imgsize-7928,overlay-economictimes/articleshow.jpg",2025-12-26T07:32:35Z,"Tata Steel on Thursday informed the exchanges that a collective action has been filed by a Dutch NGO against its Netherlands arm, which is seeking compensation of about $1.6 billion over alleged envi… [+2112 chars]",health
"{'id': 'the-times-of-india', 'name': 'The Times of India'}",ET Online,"'Danger to human life': Mumbai businessman fined Rs 5,000 for feeding pigeons in public","A Mumbai businessman has been convicted for feeding pigeons in a public place, marking the first such ruling since the Bombay High Court banned the practice. The court found the act posed a risk to public health and violated government directives, imposing fi…",https://economictimes.indiatimes.com/news/india/danger-to-human-life-mumbai-businessman-fined-rs-5000-for-feeding-pigeons-in-public/articleshow/126185828.cms,"https://img.etimg.com/thumb/msid-126185817,width-1200,height-630,imgsize-72852,overlay-economictimes/articleshow.jpg",2025-12-26T07:31:54Z,"In a first-of-its-kind case, a Mumbai businessman has been convicted for feeding pigeons in a public place. A metropolitan magistrate court in Bandra found a 52-year-old Dadar-based businessman guilt… [+2089 chars]",health
"{'id': None, 'name': 'Lifesciencesworld.com'}",Noah Whitman,How big is the biggest spider monkey?,"How Big Is the Biggest Spider Monkey? Unveiling the Size of the Ateles Genus Spider monkeys, known for their agility and remarkable prehensile tails, vary in size depending on the species. The largest spider monkeys can reach a head-body length of up to 25 in…",https://www.lifesciencesworld.com/how-big-is-the-biggest-spider-monkey/,,2025-12-26T07:30:53Z,"How Big Is the Biggest Spider Monkey? Unveiling the Size of the Ateles Genus
Spider monkeys, known for their agility and remarkable prehensile tails, vary in size depending on the species. The large… [+7702 chars]",health
"{'id': None, 'name': 'Newsbreak.com'}",Nicole Pomarico,Cindy Crawford’s Son Presley Gerber Shares ‘Scary’ Mental Health Struggle - NewsBreak,"Opening up about your mental health isn’t easy, especially after growing up in the spotlight as the son of one of the most famous supermodels in the world.",https://www.newsbreak.com/share/4413233708941-cindy-crawford-s-son-presley-gerber-shares-scary-mental-health-struggle?s=a2&amp;share_destination_id=MjE0MDc5NjUwLTE3NjY3MzQxNjIwNDA%3D&amp;pd=0EUFtaFN&amp;hl=en_US&amp;send_time=1766734162&amp;actBtn=bottomBar&amp;_f=app_share&amp;trans_data=%7B%22platform%22%3A1%2C%22cv%22%3A%2225.51.1%22%2C%22languages%22%3A%22en%22%7D,https://img.particlenews.com/img/id/2vDer5_17aseibM00,2025-12-26T07:30:17Z,"Rande Gerber, Cindy Crawford, Presley Gerber
Opening up about your mental health isnt easy, especially after growing up in the spotlight as the son of one of the most famous supermodels in the world… [+2028 chars]",health
"{'id': None, 'name': 'Lifesciencesworld.com'}",Noah Whitman,Do animals like the smell of ammonia?,"Do Animals Like the Smell of Ammonia? Decoding Olfactory Preferences Do animals like the smell of ammonia? The answer is a resounding no for most animals, although there are niche exceptions. Generally, the smell of ammonia is an irritant and a warning sign o…",https://www.lifesciencesworld.com/do-animals-like-the-smell-of-ammonia/,,2025-12-26T07:26:01Z,"Do animals like the smell of ammonia? The answer is a resounding no for most animals, although there are niche exceptions. Generally, the smell of ammonia is an irritant and a warning sign of decayin… [+7976 chars]",health
"{'id': None, 'name': 'Yahoo Entertainment'}",KIM TONG-HYUNG,South Korea vows to end foreign adoptions as UN presses Seoul to address past abuses,"South Korea’s government said it plans to end its waning foreign adoptions of Korean children, while United Nations investigators voiced “serious concern...",https://www.yahoo.com/news/articles/south-korea-vows-end-foreign-072537987.html,https://s.yimg.com/ny/api/res/1.2/0FsAjMmd1UpC5bbiTIGyhQ--/YXBwaWQ9aGlnaGxhbmRlcjt3PTEyMDA7aD04MDI7Y2Y9d2VicA--/https://media.zenfs.com/en/ap.org/c27e10c428594d6e0ff6b53acf2fa926,2025-12-26T07:25:37Z,"SEOUL, South Korea (AP) South Koreas government said it plans to end its waning foreign adoptions of Korean children, while United Nations investigators voiced serious concern over what they describe… [+6453 chars]",health
"{'id': None, 'name': 'The Indian Express'}",Education Desk,"CBSE to State Boards: Two board exams, new policies — how 2025 reshaped Class 10th, 12th board exams across India","For decades, board exams in India have been synonymous with pressure – one timetable, one question paper and one chance. A single illness, family emergency or poor day could alter academic trajectories, college admissions and career paths.",https://indianexpress.com/article/education/cbse-10th-12th-board-exams-a-reset-of-board-exams-how-2025-rewired-class-10-and-12-assessments-across-india-rbse-kseab-mpbse-10434564/,https://images.indianexpress.com/2025/12/Board-Exams-2025-to-2026-Year-Ender.jpg,2025-12-26T07:25:22Z,"As 2025 draws to a close, Indias school examination system stands at the cusp of its most significant transformation in decades. This year did not witness the chaos of pandemic-era cancellations or a… [+8315 chars]",health
"{'id': None, 'name': 'Economictimes.com'}",ET Online,47 and Fearless: Jyotika’s Intense Workout Routine,"Jyotika is proving that fitness has no age or phase. Her recent workout reel shared by her fitness trainer Mahesh shows her dedication, strength and a no-excuses attitude toward staying fit. Hard Work Over Comfort",https://m.economictimes.com/news/india/47-and-fearless-jyotikas-intense-workout-routine/hard-work-over-comfort/slideshow/126185715.cms,"https://img.etimg.com/thumb/msid-126185715,width-1070,height-580,overlay-economictimes/slideshow.jpg",2025-12-26T07:25:02Z,"Dec 26, 2025, 12:55:42 PM IST
Jyotika is proving that fitness
 has no age or phase. Her recent workout
 reel shared by her fitness trainer Mahesh shows her dedication, strength and a no-excuses at… [+1677 chars]",health
"{'id': None, 'name': 'Lifesciencesworld.com'}",Noah Whitman,How do you prevent backwash?,How to Effectively Prevent Backwash: Keeping Your Water Clean and Safe Preventing backwash involves installing backflow prevention devices like check valves and air gaps and following best practices for water system maintenance to ensure potable water is prot…,https://www.lifesciencesworld.com/how-do-you-prevent-backwash/,,2025-12-26T07:23:45Z,Preventing backwash involves installing backflow prevention devices like check valves and air gaps and following best practices for water system maintenance to ensure potable water is protected from … [+9027 chars],health
"{'id': None, 'name': 'Lifesciencesworld.com'}",Noah Whitman,Which fish in Hawaii have ciguatera?,"Which Fish in Hawaii Have Ciguatera? The presence of ciguatoxin varies significantly among fish species in Hawaiian waters, but generally speaking, larger, predatory reef fish are most likely to accumulate dangerous levels of the toxin, making them unsafe for…",https://www.lifesciencesworld.com/which-fish-in-hawaii-have-ciguatera/,,2025-12-26T07:19:12Z,"The presence of ciguatoxin varies significantly among fish species in Hawaiian waters, but generally speaking, larger, predatory reef fish are most likely to accumulate dangerous levels of the toxin,… [+8275 chars]",health
"{'id': None, 'name': 'The Star Online'}",RAHIMY RAHIM,"Rise in divorces not a commercial prospect for lawyers but a growing social concern, says M'sian Bar","PETALING JAYA: The Malaysian Bar has raised concern over the rising divorce rate in the country, saying the trend should not be seen as a commercial opportunity for lawyers but a growing social challenge with long-term consequences for families and children. …",https://www.thestar.com.my/news/nation/2025/12/26/rise-in-divorces-not-a-commercial-prospect-for-lawyers-but-a-growing-social-concern-says-m039sian-bar,https://apicms.thestar.com.my/uploads/images/2025/12/26/3691034.jpg,2025-12-26T07:17:00Z,"PETALING JAYA: The Malaysian Bar has raised concern over the rising divorce rate in the country, saying the trend should not be seen as a commercial opportunity for lawyers but a growing social chall… [+3178 chars]",health
"{'id': None, 'name': 'Lifesciencesworld.com'}",Noah Whitman,Do baby deer walk alone?,"Do Baby Deer Walk Alone? Unveiling the Truth Behind Fawn Independence The answer is a nuanced no. While seemingly alone, baby deer are often under the watchful eye of their mother, employing a strategy called hiding in place. Introduction: The Enigmatic World…",https://www.lifesciencesworld.com/do-baby-deer-walk-alone/,,2025-12-26T07:16:49Z,"Do Baby Deer Walk Alone? Unveiling the Truth Behind Fawn Independence
The answer is a nuanced no. While seemingly alone, baby deer are often under the watchful eye of their mother, employing a strat… [+9195 chars]",health
"{'id': None, 'name': 'Lifesciencesworld.com'}",Noah Whitman,What is the smallest snail ever found?,"What is the Smallest Snail Ever Found? Unveiling the Microscopic Marvels The title of the smallest snail ever found belongs to species like Angustopila dominikae, with shells measuring a mere 0.86 mm in height, making them almost impossibly tiny. These miniat…",https://www.lifesciencesworld.com/what-is-the-smallest-snail-ever-found/,,2025-12-26T07:14:22Z,"What is the Smallest Snail Ever Found? Unveiling the Microscopic Marvels
The title of the smallest snail ever found belongs to species like Angustopila dominikae, with shells measuring a mere 0.86 m… [+9907 chars]",health
"{'id': None, 'name': 'Lifesciencesworld.com'}",Noah Whitman,How is copper removed?,"How Is Copper Removed? A Comprehensive Guide Copper removal is achieved through a variety of physical, chemical, and biological processes depending on the source and concentration of the copper. These methods often involve techniques like precipitation, ion e…",https://www.lifesciencesworld.com/how-is-copper-removed/,,2025-12-26T07:11:59Z,"Copper removal is achieved through a variety of physical, chemical, and biological processes depending on the source and concentration of the copper. These methods often involve techniques like preci… [+10914 chars]",health
"{'id': None, 'name': 'Lifesciencesworld.com'}",Noah Whitman,Do eagles clean their nests?,"Do Eagles Clean Their Nests? A Deep Dive into Avian Hygiene Do eagles clean their nests? Yes, eagles do engage in nest cleaning behaviors, though not in the way humans clean their homes. While their efforts may seem rudimentary, they are essential for the hea…",https://www.lifesciencesworld.com/do-eagles-clean-their-nests/,,2025-12-26T07:09:42Z,"Do Eagles Clean Their Nests? A Deep Dive into Avian Hygiene
Do eagles clean their nests?Yes, eagles do engage in nest cleaning behaviors, though not in the way humans clean their homes. While their … [+6647 chars]",health
"{'id': None, 'name': 'Lifesciencesworld.com'}",Noah Whitman,Why are there no cockroaches in the UK?,"Why Are Cockroaches Relatively Scarce in the UK? The UK, despite its temperate climate, doesn’t experience widespread cockroach infestations like some other parts of the world. This is primarily due to the UK’s relatively cool climate, effective pest control …",https://www.lifesciencesworld.com/why-are-there-no-cockroaches-in-the-uk/,,2025-12-26T07:07:22Z,"The UK, despite its temperate climate, doesn’t experience widespread cockroach infestations like some other parts of the world. This is primarily due to the UK’s relatively cool climate, effective pe… [+7348 chars]",health
"{'id': None, 'name': 'Lifesciencesworld.com'}",Noah Whitman,Why do birds carry so many diseases?,"Why Do Birds Carry So Many Diseases? Birds appear to carry a disproportionately large number of diseases due to their unique physiology, high mobility, and close interactions with both wildlife and humans, allowing for efficient transmission and adaptation of…",https://www.lifesciencesworld.com/why-do-birds-carry-so-many-diseases/,,2025-12-26T07:02:37Z,"Birds appear to carry a disproportionately large number of diseases due to their unique physiology, high mobility, and close interactions with both wildlife and humans, allowing for efficient transmi… [+9064 chars]",health
"{'id': None, 'name': 'Expresso.pt'}","Tony Gonçalves, João Luís Amorim",Afonso Pimentel: “I’ve learned that you have to care less about what people think and make sure those around you have the best experience”,"Afonso Pimentel sits down with Tony Gonçalves to talk about heritage, mental health and living with a sense of opportunity. Listen to the podcast The Heart and Hustle of Portugal",https://expresso.pt/podcasts/the-heart-and-hustle-of-portugal/2025-12-26-afonso-pimentel-ive-learned-that-you-have-to-care-less-about-what-people-think-and-make-sure-those-around-you-have-the-best-experience-48c6c7ec,https://images.impresa.pt/expresso/2025-12-22-afonso-pimentel-4cc2eb94/1.91x1?wm=true&outputFormat=jpeg,2025-12-26T07:01:00Z,"Actor Afonso Pimentel, one of the most recognizable faces from Netflixs Turn of the Tide, carries with him a story that reveals how a single moment of hesitation can alter the course of a career. Ear… [+2036 chars]",health
"{'id': 'the-times-of-india', 'name': 'The Times of India'}",TIMESOFINDIA.COM,Why is everyone talking about orange juice these days? Key health benefits you are missing out on,"​Orange juice is having a quiet comeback, and this time the spotlight is on science rather than just breakfast advertising. Recent research is looking at 100% orange juice as more than a sugary drink, especially when it is consumed in small, sensible portions…",https://timesofindia.indiatimes.com/life-style/health-fitness/diet/why-is-everyone-talking-about-orange-juice-these-days-key-health-benefits-you-are-missing-out-on/photostory/126184709.cms,"https://static.toiimg.com/thumb/msid-126184779,width-1070,height-580,imgsize-342746,resizemode-75,overlay-toi_sw,pt-32,y_pad-500/photo.jpg",2025-12-26T07:00:00Z,"Even with all this positive data, experts do not recommend unlimited pouring. WebMDs Are There Health Benefits to Drinking Orange Juice? stresses moderation because orange juice is still a concentrat… [+699 chars]",health
"{'id': 'medical-news-today', 'name': 'Medical News Today'}",Deep Shukla,Sleep vs exercise: How to strike the balance for health,"Sleep is as important as exercise for health, new research emphasizes, advising that we first need proper rest in order to improve our physical activity.",https://www.medicalnewstoday.com/articles/between-sleep-and-exercise-choose-sleep-research-suggests,https://media.post.rvohealth.io/wp-content/uploads/sites/3/2025/12/sleep-exercise-targets-collag-1200-628-facebook-1200x628.jpg,2025-12-26T07:00:00Z,"<ul><li>Studies have shown that physical activity and sleep influence each other over 24 hours, suggesting a need to optimize both to reduce the long-term risks of morbidity and mortality.</li><li>A … [+6909 chars]",health
"{'id': 'abc-news', 'name': 'ABC News'}","MATIAS DELACROIX Associated Press, REGINA GARCIA CANO Associated Press",A Venezuelan family's Christmas: From the American dream to poverty,Mariela Gómez and thousands of Venezuelan immigrants have faced a challenging Christmas after Donald Trump returned to the White House in January,https://abcnews.go.com/International/wireStory/venezuelan-familys-christmas-american-dream-poverty-128695851,https://i.abcnewsfe.com/a/01c49f31-fe6b-4077-8c17-518a5d9fed35/wirestory_7a711863ce30f97924e25132a4c11172_16x9.jpg?w=1600,2025-12-26T06:59:24Z,"MARACAY, Venezuela -- This was not the Christmas that Mariela Gómez would have imagined a year ago. Or the one that thousands of other Venezuelan immigrants would have thought. But Donald Trump retur… [+3159 chars]",health
"{'id': None, 'name': 'Hindustan Times'}",Debapriya Bhattacharya,Hyderabad dermatologist busts hair oiling myths: ‘There’s no scientific evidence…’,"Hair oil is known to worsen conditions such as dandruff and acne, and has no proven effect on hair growth, cautions Dr Reddy. &nbsp; | Health",https://www.hindustantimes.com/lifestyle/health/hyderabad-dermatologist-busts-hair-oiling-myths-there-s-no-scientific-evidence-101766730135602.html,https://www.hindustantimes.com/ht-img/img/2025/12/26/1600x900/logo/hair_3_1631356291972_1766730583518.jpg,2025-12-26T06:56:21Z,"Applying hair oil is a common tradition in many desi households. It is often associated with benefits like making the hair thicker, stronger, and healthier.
Hair oil should be applied for only 30 mi… [+2253 chars]",health
"{'id': None, 'name': 'Lifesciencesworld.com'}",Noah Whitman,Does hard water affect aquarium plants?,"Does Hard Water Affect Aquarium Plants? Understanding the Impact Yes, hard water can significantly affect aquarium plants. It can inhibit nutrient uptake and stunt growth for some species, while other plants may tolerate or even thrive in harder conditions. I…",https://www.lifesciencesworld.com/does-hard-water-affect-aquarium-plants/,,2025-12-26T06:56:14Z,"Yes, hard water can significantly affect aquarium plants. It can inhibit nutrient uptake and stunt growth for some species, while other plants may tolerate or even thrive in harder conditions.
Intro… [+9480 chars]",health
"{'id': None, 'name': 'Lifesciencesworld.com'}",Noah Whitman,Does airstone noise bother fish?,"Does Airstone Noise Bother Fish? Unveiling the Underwater Sounds The question of whether airstone noise affects fish is complex, but the short answer is generally no, most fish aren’t significantly bothered by the typical sound levels generated by airstones. …",https://www.lifesciencesworld.com/does-airstone-noise-bother-fish/,,2025-12-26T06:53:36Z,"The question of whether airstone noise affects fish is complex, but the short answer is generally no, most fish aren’t significantly bothered by the typical sound levels generated by airstones. Howev… [+9036 chars]",health
"{'id': None, 'name': 'Lifesciencesworld.com'}",Noah Whitman,Does looking at trees make you happy?,"Does Looking at Trees Make You Happy? Exploring the Science Behind Forest Bathing and Well-being Yes, absolutely! Numerous studies confirm that looking at trees has a significant positive impact on our mental and physical well-being, effectively contributing …",https://www.lifesciencesworld.com/does-looking-at-trees-make-you-happy/,,2025-12-26T06:51:19Z,"Yes, absolutely! Numerous studies confirm that looking at trees has a significant positive impact on our mental and physical well-being, effectively contributing to our overall happiness.
The Profou… [+7430 chars]",health
"{'id': None, 'name': 'Lifesciencesworld.com'}",Noah Whitman,How do you dispose of ammonia?,"How to Properly Dispose of Ammonia: A Comprehensive Guide Disposing of ammonia safely requires dilution and neutralization to avoid environmental damage; therefore, the most effective method is to dilute the ammonia with copious amounts of water and neutraliz…",https://www.lifesciencesworld.com/how-do-you-dispose-of-ammonia/,,2025-12-26T06:49:11Z,"Disposing of ammonia safely requires dilution and neutralization to avoid environmental damage; therefore, the most effective method is to dilute the ammonia with copious amounts of water and neutral… [+8335 chars]",health
"{'id': None, 'name': 'Lifesciencesworld.com'}",Noah Whitman,Can fish tell when they are full?,"Can Fish Tell When They Are Full? A Deep Dive into Aquatic Appetite Can fish tell when they are full? The answer is yes, absolutely! Fish possess complex mechanisms to regulate their feeding behavior, allowing them to determine when they have consumed suffici…",https://www.lifesciencesworld.com/can-fish-tell-when-they-are-full/,,2025-12-26T06:47:08Z,"Can fish tell when they are full? The answer is yes, absolutely! Fish possess complex mechanisms to regulate their feeding behavior, allowing them to determine when they have consumed sufficient food… [+8131 chars]",health
"{'id': None, 'name': 'Lifesciencesworld.com'}",Noah Whitman,Do flying squirrel make good pets?,"Do Flying Squirrels Make Good Pets? Weighing the Reality of Nocturnal Companions While the idea of a flying squirrel as a pet might seem whimsical, the reality is far from simple. Do flying squirrel make good pets?_ For most people, the answer is a resounding…",https://www.lifesciencesworld.com/do-flying-squirrel-make-good-pets/,,2025-12-26T06:45:30Z,"Do Flying Squirrels Make Good Pets? Weighing the Reality of Nocturnal Companions
While the idea of a flying squirrel as a pet might seem whimsical, the reality is far from simple. Do flying squirrel… [+9255 chars]",health
"{'id': None, 'name': 'Lifesciencesworld.com'}",Noah Whitman,How long should I ramp my aquarium light?,"How Long Should You Ramp Your Aquarium Light? A Guide to Optimal Lighting The ideal ramp time for your aquarium light is generally between 30 minutes to 2 hours, allowing fish and plants to acclimate to the gradually increasing or decreasing light intensity, …",https://www.lifesciencesworld.com/how-long-should-i-ramp-my-aquarium-light/,,2025-12-26T06:42:30Z,"The ideal ramp time for your aquarium light is generally between 30 minutes to 2 hours, allowing fish and plants to acclimate to the gradually increasing or decreasing light intensity, thus minimizin… [+8479 chars]",health
"{'id': 'the-times-of-india', 'name': 'The Times of India'}",ET Online,Employee asked for resignation. What happened next left him shocked: 'I am exhausted....',"An Indian employee's resignation plans hit a snag. After informing HR of his departure due to health concerns, his employer allegedly delayed his salary and imposed new conditions. The employee, who is on probation and had his work-from-home request denied, i…",https://economictimes.indiatimes.com/magazines/panache/employee-asked-for-resignation-what-happened-next-left-him-shocked-i-am-exhausted-/articleshow/126184850.cms,"https://img.etimg.com/thumb/msid-126184862,width-1200,height-630,imgsize-45638,overlay-etpanache/articleshow.jpg",2025-12-26T06:38:35Z,"A frustrated worker recently shared his ordeal on the Indian Workplace subreddit, detailing how his employer allegedly began delaying his salary and imposed unexpected conditions after he expressed h… [+3413 chars]",health
"{'id': None, 'name': 'Lifesciencesworld.com'}",Noah Whitman,Is a seahorse the slowest?,"Is a Seahorse the Slowest? Unveiling the Truth Behind These Aquatic Drifters The popular belief that seahorses are the absolute slowest fish in the ocean is largely a myth. While undeniably deliberate in their movements, is a seahorse the slowest? The answer …",https://www.lifesciencesworld.com/is-a-seahorse-the-slowest/,,2025-12-26T06:33:02Z,"Is a Seahorse the Slowest? Unveiling the Truth Behind These Aquatic Drifters
The popular belief that seahorses are the absolute slowest fish in the ocean is largely a myth. While undeniably delibera… [+7125 chars]",health
"{'id': None, 'name': 'Lifesciencesworld.com'}",Noah Whitman,How do you know when your tank has cycled?,"How To Be Sure: Knowing When Your Fish Tank Has Truly Cycled Discover definitively how do you know when your tank has cycled by consistently measuring zero ammonia and nitrite levels, accompanied by the presence of nitrates, which indicates your biological fi…",https://www.lifesciencesworld.com/how-do-you-know-when-your-tank-has-cycled/,,2025-12-26T06:28:36Z,"Discover definitivelyhow do you know when your tank has cycled by consistently measuring zero ammonia and nitrite levels, accompanied by the presence of nitrates, which indicates your biological filt… [+7645 chars]",health
"{'id': None, 'name': 'Lifesciencesworld.com'}",Noah Whitman,Can silverfish make you sick?,"Can Silverfish Make You Sick? A Comprehensive Guide While silverfish aren’t directly known to transmit diseases or bite humans, the question “Can silverfish make you sick?” is best answered with a cautious maybe, as their presence can indirectly contribute to…",https://www.lifesciencesworld.com/can-silverfish-make-you-sick/,,2025-12-26T06:23:36Z,"While silverfish aren’t directly known to transmit diseases or bite humans, the question “Can silverfish make you sick?” is best answered with a cautious maybe, as their presence can indirectly contr… [+6955 chars]",health
"{'id': 'the-irish-times', 'name': 'The Irish Times'}",Diarmaid Ferriter,Diarmaid Ferriter: Iris Murdoch went to pains to hide poems on her bisexuality. Was it wrong to publish them?,Management of literary estates following an author’s death raises tricky ethical questions,https://www.irishtimes.com/opinion/2025/12/26/iris-murdoch-went-to-pains-to-hide-poems-on-her-bisexuality-was-it-wrong-to-publish-them/,https://www.irishtimes.com/resizer/v2/SMQAAHJMLLYYHXLFVWPXC4UXKU.jpg?smart=true&auth=d224c8377b9e44772247a775a69b3d3022d611ac7e2d91dc990426eb30b27800&width=1200&height=630,2025-12-26T06:23:00Z,"Some of us will have been gifted books this Christmas that maybe should not have been published. 
How literary estates are managed in the aftermath of an authors death, or how the private material t… [+4948 chars]",health
"{'id': None, 'name': 'Lifesciencesworld.com'}",Noah Whitman,What happens if you accidentally eat a silverfish?,"What Happens If You Accidentally Eat A Silverfish? Accidentally consuming a silverfish is generally not harmful and unlikely to cause any serious health issues. While unappetizing, what happens if you accidentally eat a silverfish? is usually nothing more tha…",https://www.lifesciencesworld.com/what-happens-if-you-accidentally-eat-a-silverfish/,,2025-12-26T06:21:12Z,"Accidentally consuming a silverfish is generally not harmful and unlikely to cause any serious health issues. While unappetizing, what happens if you accidentally eat a silverfish? is usually nothing… [+6397 chars]",health
"{'id': None, 'name': 'Lifesciencesworld.com'}",Noah Whitman,Why did my fish stop growing?,"Why Did My Fish Stop Growing? Understanding Growth Stunt in Aquariums The primary reasons why your fish stopped growing often involve inadequate tank size, poor water quality, improper diet, or the presence of inhibiting substances; these factors can stress t…",https://www.lifesciencesworld.com/why-did-my-fish-stop-growing/,,2025-12-26T06:16:25Z,"Why Did My Fish Stop Growing? Understanding Growth Stunt in Aquariums
The primary reasons why your fish stopped growing often involve inadequate tank size, poor water quality, improper diet, or the … [+10082 chars]",health
"{'id': None, 'name': 'Bangor Daily News'}",Cameron Levasseur,"Frustrated with big health care, provider will open Aroostook’s 3rd insurance-free clinic","Frustrated with big health care, provider will open Aroostook’s 3rd insurance-free clinicbangordailynews.com",http://www.bangordailynews.com/2025/12/26/aroostook/aroostook-health/presque-isle-maine-insurance-free-clinic-judi-pimental-joam40zk0w/,https://i0.wp.com/bdn-data.s3.amazonaws.com/uploads/2025/12/Judi-Pimental.jpg?fit=1200%2C800&ssl=1,2025-12-26T06:14:12Z,"There’s still time to make a gift in 2025 to power BDN reporting for the year ahead. Make a donation now. 
For the second time in the last six months, a Northern Light Health provider, frustrated wi… [+4788 chars]",health
"{'id': None, 'name': 'Lifesciencesworld.com'}",Noah Whitman,What happens if water is too acidic for fish?,"What Happens if Water Is Too Acidic for Fish? A Deep Dive If water becomes too acidic, it can have devastating consequences for fish populations, leading to physiological stress, reproductive failure, and, ultimately, death. Understanding the causes and effec…",https://www.lifesciencesworld.com/what-happens-if-water-is-too-acidic-for-fish/,,2025-12-26T06:11:45Z,"What Happens if Water Is Too Acidic for Fish? A Deep Dive
If water becomes too acidic, it can have devastating consequences for fish populations, leading to physiological stress, reproductive failur… [+9670 chars]",health
"{'id': None, 'name': 'Lifesciencesworld.com'}",Noah Whitman,What is a good nitrate level for a freshwater aquarium?,What is a Good Nitrate Level for a Freshwater Aquarium? Maintaining a safe and healthy nitrate level is crucial for the well-being of your freshwater aquarium inhabitants. The ideal range is generally considered to be below 20 ppm (parts per million). Underst…,https://www.lifesciencesworld.com/what-is-a-good-nitrate-level-for-a-freshwater-aquarium/,,2025-12-26T06:09:43Z,"What is a Good Nitrate Level for a Freshwater Aquarium?
Maintaining a safe and healthy nitrate level is crucial for the well-being of your freshwater aquarium inhabitants. The ideal range is general… [+8840 chars]",health
"{'id': None, 'name': 'Ndtvprofit.com'}",Soumil Kamat,"Indian-Origin Man Dies After 8-Hour Wait In Canada Hospital ER, Wife Slams Hospital","An Indian-origin man died of suspected cardiac arrest on Dec. 22, 2025, after waiting more than eight hours for treatment in a hospital emergency room, at Grey Nuns Hospital, according to the video statement of his wife.",https://www.ndtvprofit.com/world/indian-origin-man-dies-after-8-hour-wait-in-canada-hospital-er-wife-slams-hospital,https://media.assettype.com/bloombergquint%2F2025-09-05%2F5g3u45a6%2Fman-96495561280.png?w=1200&auto=format%2Ccompress&ogImage=true,2025-12-26T06:09:02Z,"""Papa, I can't bear the pain,"" Sreekumar told his family in his final moments, according to news agency PTI.
According to his father Kumar Sreekumar, his son repeatedly told both him and hospital st… [+1302 chars]",health
"{'id': 'the-irish-times', 'name': 'The Irish Times'}",Alice Callahan,Study finds link between eating cheese and lower dementia risk,Large Swedish research project finds association but experts urge caution over saturated fat intake,https://www.irishtimes.com/health/your-wellness/2025/12/26/study-finds-link-between-eating-cheese-and-lower-dementia-risk/,https://www.irishtimes.com/resizer/v2/3TFQF2APBFCUVEV2YGF5MXMWVA.jpg?smart=true&auth=d2f3ce313ce9d8c344d17e4a109a79eb4d72ee1b1b6f8583ea3973fd1d958fb3&width=1200&height=630,2025-12-26T06:08:39Z,"In a large new published study, researchers found that eating high-fat cheese or cream was associated with a lower risk of developing dementia.
Cheese lovers may cheer. But be careful about celebrat… [+6544 chars]",health
"{'id': None, 'name': 'The Indian Express'}",Express News Service,"Rs 65-lakh fine, but Mohali residents ‘lungs still getting damaged daily’","PPCB penalty fails to clean up 45-year-old toxic site that is poisoning 6,000 residents",https://indianexpress.com/article/cities/chandigarh/fine-mohali-residents-lungs-damaged-daily-10439547/,https://images.indianexpress.com/2025/12/gurgaon-waste-dumping.jpg,2025-12-26T06:07:46Z,"A Rs 65-lakh penalty imposed by the Punjab Pollution Control Board (PPCB) on the Municipal Council in Kharar, Mohali has laid bare the grim reality that financial penalties without enforcement have f… [+3909 chars]",health
"{'id': 'bbc-news', 'name': 'BBC News'}",James Gallagher,I'm watching brain surgery to see if Alzheimer's can ever be cured,BBC health and science correspondent James Gallagher finds out if it is scientifically possible to ever cure Alzheimer's.,https://www.bbc.co.uk/news/articles/cn4dnwky48wo,https://ichef.bbci.co.uk/ace/branded_news/1200/cpsprodpb/12e5/live/ad18e600-df3b-11f0-a5e8-050d4171e402.jpg,2025-12-26T06:06:15Z,"""It's not on the surface of the brain so we need to make a hole in the cortex,"" Prof Paul Brennan, professor of neurosurgery tells me, ""as small as possible, but large enough that we can get down tow… [+936 chars]",health
"{'id': None, 'name': 'Lifesciencesworld.com'}",Noah Whitman,Why has my coral closed up?,"Why Has My Coral Closed Up? Unveiling the Causes and Solutions Your coral closing up is often a sign of stress. Several factors, from water quality issues to lighting problems, can cause this retraction. Understanding the potential culprits is essential for r…",https://www.lifesciencesworld.com/why-has-my-coral-closed-up/,,2025-12-26T06:05:24Z,"Why Has My Coral Closed Up? Unveiling the Causes and Solutions
Your coral closing up is often a sign of stress. Several factors, from water quality issues to lighting problems, can cause this retrac… [+9213 chars]",health
"{'id': None, 'name': 'Lifesciencesworld.com'}",Noah Whitman,Are sugar gliders fun?,"Are Sugar Gliders Fun? Unveiling the Charms of Pocket Pets It depends! Sugar gliders can be incredibly fun pets for the right owner, offering a unique and rewarding experience, but their demanding care requirements and specific needs mean they aren’t for ever…",https://www.lifesciencesworld.com/are-sugar-gliders-fun/,,2025-12-26T06:01:13Z,"It depends!Sugar gliders can be incredibly fun pets for the right owner, offering a unique and rewarding experience, but their demanding care requirements and specific needs mean they aren’t for ever… [+7983 chars]",health
"{'id': None, 'name': 'BBC News'}",,I'm watching brain surgery to see if Alzheimer's can ever be cured,BBC health and science correspondent James Gallagher finds out if it is scientifically possible to ever cure Alzheimer's,https://www.bbc.com/news/articles/cn4dnwky48wo,https://ichef.bbci.co.uk/news/1024/branded_news/12e5/live/ad18e600-df3b-11f0-a5e8-050d4171e402.jpg,2025-12-26T06:00:33Z,"James GallagherHealth and science correspondent
James Gallagher, health and science correspondent
Is curing Alzheimer's disease an impossible challenge or can we get there?
To find out I've been i… [+6740 chars]",health
"{'id': 'the-irish-times', 'name': 'The Irish Times'}",Jack White,‘I don’t know who else to turn to’: Letters for help to Minister from people affected by housing crisis,People write of ‘soul-destroying’ search for homes,https://www.irishtimes.com/ireland/housing-planning/2025/12/26/i-dont-know-who-else-to-turn-to-letters-for-help-to-minister-from-people-affected-by-housing-crisis/,https://www.irishtimes.com/resizer/v2/ZL5OBQ6GTVBKLEDALWCRCWERSY.jpg?smart=true&auth=f809e1e55ee3daa67b6874d061f66f2b2543d758be4e71726a9f0fb2195bbf17&width=1200&height=630,2025-12-26T06:00:01Z,"I dont know who else to turn to. I dont know who else to ask for help. I have tried other TDs and have got absolutely nowhere.
I have tried the council, letting agencies, private landlords, and noth… [+3962 chars]",health
"{'id': 'the-irish-times', 'name': 'The Irish Times'}",Martin Wall,"Women to face curbs on accessing private maternity care, doctors say",Insurers told there no further extension of transitional period for consultants who signed Sláintecare contract,https://www.irishtimes.com/health/2025/12/26/women-to-face-curbs-on-accessing-private-maternity-care-doctors-say/,https://www.irishtimes.com/resizer/v2/Y3FXJP7NJRDR5A22TW72WBQTXE.jpg?smart=true&auth=b61efdb5187972ffb836487826dc7c5e326c69f47675796173cb4f9139c88e2e&width=1200&height=630,2025-12-26T06:00:01Z,Expectant mothers face increasing restrictions on accessing private maternity services from next week as new rules that aim to eliminate fee-paying medicine in public hospitals come fully into effect… [+4298 chars],health
"{'id': None, 'name': 'Naturalnews.com'}",Olivia Cook,Ready-to-eat salads and snack packs RECALLED over Listeria risk,The CFIA’s Class I recall of Inspired Go ready-to-eat salads and snack packs signals a high-risk scenario involving a possible Listeria monocytogenes contamination – a bacterium that can cause serious illness or death even when food looks and smells normal. L…,https://www.naturalnews.com/2025-12-26-rte-salads-snack-packs-recalled-listeria-risk.html,https://www.naturalnews.com/wp-content/uploads/sites/91/2025/12/Bowl-Salad-Greens-Lettuce-1.jpg,2025-12-26T06:00:00Z,<ul><li>The CFIA's Class I recall of Inspired Go ready-to-eat salads and snack packs signals a high-risk scenario involving a possible Listeria monocytogenes contamination a bacterium that can cause … [+7462 chars],health
"{'id': None, 'name': 'Naturalnews.com'}",Willow Tohi,Thought police arrive in Pennsylvania: Court greenlights warrantless search of your Google history,The Pennsylvania Supreme Court ruled police do not need a warrant to access an individual’s Google search history. The court argued users have no “reasonable expectation of privacy” because tech companies routinely collect and sell data. The decision stemmed …,https://www.naturalnews.com/2025-12-26-pa-court-greenlights-warrantless-search-google-history.html,https://www.naturalnews.com/wp-content/uploads/sites/91/2025/12/google_search_engine.jpg,2025-12-26T06:00:00Z,"<ul><li>The Pennsylvania Supreme Court ruled police do not need a warrant to access an individual's Google search history.</li><li>The court argued users have no ""reasonable expectation of privacy"" b… [+5534 chars]",health
"{'id': None, 'name': 'Naturalnews.com'}",Willow Tohi,The nose knows: Canine detectives uncover hidden mold that evades inspectors,"Specially trained “mold dogs” use their extraordinary sense of smell to detect hidden mold in homes, often locating sources that human inspectors and equipment miss. Mold exposure can cause a wide range of serious, often misdiagnosed health issues, including …",https://www.naturalnews.com/2025-12-26-canine-detectives-uncover-hidden-mold-that-evades-inspectors.html,https://www.naturalnews.com/wp-content/uploads/sites/91/2025/12/A-rotting-orange-covered-in-mold-1.jpeg,2025-12-26T06:00:00Z,"<ul><li>Specially trained ""mold dogs"" use their extraordinary sense of smell to detect hidden mold in homes, often locating sources that human inspectors and equipment miss.</li><li>Mold exposure can… [+6053 chars]",health
"{'id': None, 'name': 'Naturalnews.com'}",Lance D Johnson,"A handful of pistachios at night may rewire the gut and shield against diabetes, study suggests","For decades, the standard medical advice for managing blood sugar, particularly for the over 100 million Americans with prediabetes, has often included a curious nighttime ritual: a small, carbohydrate-heavy snack before bed to prevent morning glucose spikes.…",https://www.naturalnews.com/2025-12-26-handful-of-pistachios-at-night-rewires-gut.html,https://www.naturalnews.com/wp-content/uploads/sites/91/2025/12/Pistachio-Nuts-In-Vintage-Jar.jpg,2025-12-26T06:00:00Z,"For decades, the standard medical advice for managing blood sugar, particularly for the over 100 million Americans with prediabetes, has often included a curious nighttime ritual: a small, carbohydra… [+6988 chars]",health
"{'id': 'the-irish-times', 'name': 'The Irish Times'}",Martin Wall,"New restrictions will limit options for women planning maternity care, say consultants","From January, operation of public-only hospitals will take  step forward with ending of transition arrangements for consultants",https://www.irishtimes.com/health/2025/12/26/new-restrictions-will-limit-options-for-women-planning-maternity-care-say-consultants/,https://www.irishtimes.com/resizer/v2/EFQ5IDHE2JEYXFAZRL4TF2BVJY.jpg?smart=true&auth=4a2f6284712747cf0b8b721dc36e21e75a3a8978f8d1aa7aae77cef6eb48c53b&width=1200&height=630,2025-12-26T06:00:00Z,"It is now nearly nine years since the publication of the Sláintecare reform plans which included proposals that State-funded hospitals should be for public patients only. Private medicine, the report… [+5127 chars]",health
"{'id': None, 'name': 'Naturalnews.com'}",Zoey Sky,Chinese national charged with smuggling deadly bacteria into the U.S.,A Chinese post-doctoral researcher on a J-1 visa has been charged with smuggling E. coli bacteria into the U.S. and making false statements to federal authorities. The FBI frames this as part of a recurring pattern where researchers from China allegedly abuse…,https://www.naturalnews.com/2025-12-26-chinese-charged-smuggling-deadly-bacteria-into-us.html,https://www.naturalnews.com/wp-content/uploads/sites/91/2025/12/Scientist-Lab.jpg,2025-12-26T06:00:00Z,<ul><li>A Chinese post-doctoral researcher on a J-1 visa has been charged with smuggling E. coli bacteria into the U.S. and making false statements to federal authorities.</li><li>The FBI frames this… [+5237 chars],health
"{'id': None, 'name': 'Naturalnews.com'}",Willow Tohi,The hunt for government waste continues as DOGE cancels contracts worth hundreds of millions in just 5 days,"DOGE has canceled 55 federal contracts valued at $863 million in the last five days. The initiative claims over $214 billion in total savings, equating to roughly $1,329 per taxpayer. Savings are attributed to contract terminations, workforce reductions and e…",https://www.naturalnews.com/2025-12-26-doge-hunt-for-government-waste-continues.html,https://www.naturalnews.com/wp-content/uploads/sites/91/2025/12/doge-network.jpg,2025-12-26T06:00:00Z,"<ul><li>DOGE has canceled 55 federal contracts valued at $863 million in the last five days.</li><li>The initiative claims over $214 billion in total savings, equating to roughly $1,329 per taxpayer.… [+5555 chars]",health
"{'id': None, 'name': 'Naturalnews.com'}",Willow Tohi,The skinny jab becomes a swallowable pill: A new era and old concerns,"The FDA has approved the first oral version of the blockbuster weight-loss drug Wegovy, a daily pill from Novo Nordisk. Clinical trials show the pill achieves weight loss comparable to the injectable version, averaging 16.6% body weight reduction. The approva…",https://www.naturalnews.com/2025-12-26-the-skinny-jab-becomes-a-swallowable-pill.html,https://www.naturalnews.com/wp-content/uploads/sites/91/2025/12/Gila-monster-venom-peptides-weight-loss-drug-2.png,2025-12-26T06:00:00Z,"<ul><li>The FDA has approved the first oral version of the blockbuster weight-loss drug Wegovy, a daily pill from Novo Nordisk.</li><li>Clinical trials show the pill achieves weight loss comparable t… [+5768 chars]",health
"{'id': None, 'name': 'Naturalnews.com'}",Ramon Tomey,"Grid Down, Power Up: The silent threat to national survival","The U.S. power grid is critically vulnerable due to its aging infrastructure, centralized design for efficiency over resilience, and underinvestment in security, making it a prime target for adversaries. A prolonged, nationwide grid failure would be catastrop…",https://www.naturalnews.com/2025-12-26-grid-down-power-up-threat-national-survival.html,https://www.naturalnews.com/wp-content/uploads/sites/91/2025/12/Grid-Down-Power-Up.jpg,2025-12-26T06:00:00Z,"<ul><li>The U.S. power grid is critically vulnerable due to its aging infrastructure, centralized design for efficiency over resilience, and underinvestment in security, making it a prime target for … [+5967 chars]",health
"{'id': None, 'name': 'Naturalnews.com'}",Ramon Tomey,New course backed by neuroscience explains how to break free from ADDICTION in 21 days,"“Addiction Rescue” is an eight-module online course created by experts Dr. Brody Miller and Sean David Cohen. It uses a 21-day, seven-step dopamine-reset protocol to rewire the brain’s reward system and eliminate addictive cravings without therapy or medicati…",https://www.naturalnews.com/2025-12-26-new-course-explains-breaking-free-from-addiction.html,https://www.naturalnews.com/wp-content/uploads/sites/91/2025/12/Chain-Broken-Prison-Free-Freedom-Escape-Man.jpg,2025-12-26T06:00:00Z,"<ul><li>""Addiction Rescue"" is an eight-module online course created by experts Dr. Brody Miller and Sean David Cohen. It uses a 21-day, seven-step dopamine-reset protocol to rewire the brain's reward… [+6686 chars]",health
"{'id': None, 'name': 'Naturalnews.com'}",Jacob Thomas,“Regenerate Yourself Masterclass” on BrightU: Food is the ultimate medicine,"On Day 8 of “Regenerate Yourself Masterclass,” Sayer Ji argued that chronic diseases like cancer were not random failures but misdirected expressions of the body’s innate self-healing and survival mechanisms. He stated that modern medicine’s evidence-based fo…",https://www.naturalnews.com/2025-12-26-regenerate-yourself-masterclass-food-the-ultimate-medicine.html,https://www.naturalnews.com/wp-content/uploads/sites/91/2025/12/Turmeric-powder-curcuma-black-pepper-corns.jpg,2025-12-26T06:00:00Z,"<ul><li>On Day 8 of ""Regenerate Yourself Masterclass,"" Sayer Ji argued that chronic diseases like cancer were not random failures but misdirected expressions of the body's innate self-healing and sur… [+5304 chars]",health
"{'id': None, 'name': 'Naturalnews.com'}",Willow Tohi,"Hidden mineral deficiency drives joint pain, weak immunity and slow healing, studies reveal","A widespread zinc deficiency is linked to accelerated joint destruction, weakened immunity and impaired wound healing. New research confirms zinc’s critical role as a cofactor for over 3,000 proteins involved in inflammation control and tissue repair. Despite…",https://www.naturalnews.com/2025-12-26-hidden-mineral-deficiency-drives-joint-pain-weak-immunity.html,https://www.naturalnews.com/wp-content/uploads/sites/91/2025/12/joint-pain.jpg,2025-12-26T06:00:00Z,"<ul><li>A widespread zinc deficiency is linked to accelerated joint destruction, weakened immunity and impaired wound healing.</li><li>New research confirms zinc's critical role as a cofactor for ove… [+5628 chars]",health
"{'id': None, 'name': 'Naturalnews.com'}",Willow Tohi,From sandwiches to specimens: Swine fever outbreak puts Spanish lab under microscope,Spanish authorities are investigating a state-run animal health laboratory near Barcelona as a potential source of a recent African swine fever outbreak. The virus strain found in wild boars is genetically similar to one used in research and vaccine developme…,https://www.naturalnews.com/2025-12-26-swine-fever-outbreak-spanish-lab-under-microscope.html,https://www.naturalnews.com/wp-content/uploads/sites/91/2025/12/Swine-Flu-Headline-News.jpg,2025-12-26T06:00:00Z,<ul><li>Spanish authorities are investigating a state-run animal health laboratory near Barcelona as a potential source of a recent African swine fever outbreak.</li><li>The virus strain found in wil… [+5466 chars],health
"{'id': None, 'name': 'The Star Online'}",IMRAN HILMY,"PAS ready for by-elections to fill Perlis vacancies, says Hadi","PETALING JAYA: PAS is ready to face by-elections to fill the three vacant Perlis state assembly seats, says Tan Sri Abdul Hadi Awang. Read full story",https://www.thestar.com.my/news/nation/2025/12/26/pas-ready-for-by-elections-to-fill-perlis-vacancies-says-hadi,https://apicms.thestar.com.my/uploads/images/2025/12/26/3690949.jpg,2025-12-26T05:56:00Z,"PETALING JAYA: PAS is ready to face by-elections to fill the three vacant Perlis state assembly seats, says Tan Sri Abdul Hadi Awang.
The party president said the party is also prepared for a full s… [+2660 chars]",health
"{'id': None, 'name': 'Lifesciencesworld.com'}",Noah Whitman,How many times do you need to feed a seahorse?,"How Many Times Should You Feed a Seahorse? How many times do you need to feed a seahorse? The general recommendation is to feed adult seahorses at least 2-4 times per day, with smaller meals offered more frequently to ensure they get enough nutrition due to t…",https://www.lifesciencesworld.com/how-many-times-do-you-need-to-feed-a-seahorse/,,2025-12-26T05:54:55Z,"How many times do you need to feed a seahorse?The general recommendation is to feed adult seahorses at least 2-4 times per day, with smaller meals offered more frequently to ensure they get enough nu… [+7887 chars]",health
"{'id': None, 'name': 'ClutchPoints'}","Enzo Flojo, ClutchPoints",Chiefs most to blame for Christmas Day loss to Broncos,Here we'll try to look at and discuss the Kansas City Chiefs most to blame for their week 17 loss to the Broncos.,https://clutchpoints.com/nfl/kansas-city-chiefs/chiefs-most-blame-week-17-loss-broncos-2025,https://s.yimg.com/ny/api/res/1.2/Gl_8rOqQPnAUA_0P7GtYfw--/YXBwaWQ9aGlnaGxhbmRlcjt3PTEyMDA7aD02NzU7Y2Y9d2VicA--/https://media.zenfs.com/en/clutchpoints_articles_939/eb1a43b28bdedf601ff61e438726d055,2025-12-26T05:52:37Z,"Chiefs most to blame for Christmas Day loss to Broncos appeared first on ClutchPoints. Add ClutchPoints as a Preferred Source by clicking here.
There was a time when Christmas at Arrowhead meant ine… [+5968 chars]",health
"{'id': None, 'name': 'Lifesciencesworld.com'}",Noah Whitman,Should I get a guppy or a betta fish?,"Should I Get a Guppy or a Betta Fish? A Comprehensive Guide Choosing between a guppy and a betta fish can be daunting, but understanding their unique needs and temperaments is crucial. Ultimately, the best choice depends on your experience level, tank size, a…",https://www.lifesciencesworld.com/should-i-get-a-guppy-or-a-betta-fish/,,2025-12-26T05:50:28Z,"Choosing between a guppy and a betta fish can be daunting, but understanding their unique needs and temperaments is crucial. Ultimately, the best choice depends on your experience level, tank size, a… [+9235 chars]",health
"{'id': None, 'name': 'Lifesciencesworld.com'}",Noah Whitman,What is easier SPS or LPS?,"SPS vs. LPS: Which Reef Tank is Easier to Maintain? The question of what is easier, SPS or LPS? is a central one for aspiring reef tank owners, and the answer is generally: LPS (Large Polyp Stony) corals are considered easier to keep than SPS (Small Polyp Sto…",https://www.lifesciencesworld.com/what-is-easier-sps-or-lps/,,2025-12-26T05:48:30Z,"SPS vs. LPS: Which Reef Tank is Easier to Maintain?
The question of what is easier, SPS or LPS? is a central one for aspiring reef tank owners, and the answer is generally: LPS (Large Polyp Stony) c… [+8320 chars]",health
"{'id': None, 'name': 'Lifesciencesworld.com'}",Noah Whitman,Should you let your bird sleep with you?,"Should You Let Your Bird Sleep With You? A Comprehensive Guide Should you let your bird sleep with you? The answer is generally no, and for very good reasons related to the bird’s safety, health, and well-being, as well as potential health risks to you. Intro…",https://www.lifesciencesworld.com/should-you-let-your-bird-sleep-with-you/,,2025-12-26T05:43:58Z,"Should You Let Your Bird Sleep With You? A Comprehensive Guide
Should you let your bird sleep with you? The answer is generally no, and for very good reasons related to the bird’s safety, health, an… [+9716 chars]",health
"{'id': None, 'name': 'Maidenheadunitedfc.org'}",,TIC Health - Supporting our players & fans,"As part of the newly announced National League partnership, Maidenhead United are delighted to be working with TIC Health, helping our players and supporters with rapid diagnostic scanning and healthcare services.",https://www.maidenheadunitedfc.org/news/tic-health-supporting-our-players-fans/,https://www.maidenheadunitedfc.org/_webedit/cached-images/1958.jpg,2025-12-26T05:40:21Z,"Posted on 23rd December 2025
As part of the newly announced National League partnership, Maidenhead United are delighted to be working with TIC Health, helping our players and supporters with rapid … [+1050 chars]",health
"{'id': None, 'name': 'The Punch'}",Punch Newspapers,Zamfara gov’t reaffirms commitment to protect vulnerable populations,"Get the latest Zamfara State news. Gov. Dauda Lawal tackles insecurity, signs the 2026 budget, and launches new healthcare infrastructure projects.

Read More: https://punchng.com/zamfara-govt-reaffirms-commitment-to-protect-vulnerable-populations/",https://punchng.com/?p=2020076,https://cdn.punchng.com/wp-content/uploads/2025/12/26085648/ope-1.jpg,2025-12-26T05:37:13Z,"Zamfara state government has reaffirmed its commitment towards the protection of migrants and vulnerable populations in the state.
The Commissioner for Humanitarian and Relief Matters, Alhaji Salisu… [+9139 chars]",health
"{'id': None, 'name': 'Lifesciencesworld.com'}",Noah Whitman,Can sharks sense fear in humans?,"Can Sharks Sense Fear in Humans? Debunking Myths and Understanding Shark Behavior The idea that sharks can smell fear is a common trope in popular culture, but is there any scientific basis to it? The short answer is no, sharks cannot directly sense human fea…",https://www.lifesciencesworld.com/can-sharks-sense-fear-in-humans/,,2025-12-26T05:34:09Z,"Can Sharks Sense Fear in Humans? Debunking Myths and Understanding Shark Behavior
The idea that sharks can smell fear is a common trope in popular culture, but is there any scientific basis to it? T… [+9389 chars]",health
"{'id': None, 'name': 'Lifesciencesworld.com'}",Noah Whitman,Why can fish live in lakes that freeze over in the winter?,"Why Can Fish Live in Lakes That Freeze Over in the Winter? Fish survive in frozen lakes because the water at the bottom remains liquid, providing a habitat even under a layer of ice. This crucial survival is due to water’s unique properties, preventing total …",https://www.lifesciencesworld.com/why-can-fish-live-in-lakes-that-freeze-over-in-the-winter/,,2025-12-26T05:31:35Z,"Why Can Fish Live in Lakes That Freeze Over in the Winter?
Fish survive in frozen lakes because the water at the bottom remains liquid, providing a habitat even under a layer of ice.This crucial sur… [+8177 chars]",health
"{'id': None, 'name': 'Independent.ie'}",Conor Feehan,‘I’m cold to the bone but it’s great fun’ – swimmers enjoy Christmas dips all around the country,"The annual Forty Foot Christmas swim in Dublin was abandoned due to high swells and choppy conditions this year, but hardy souls only had to go around the corner to Sandycove for their fix of freezing salty water.",https://www.independent.ie/irish-news/im-cold-to-the-bone-but-its-great-fun-swimmers-enjoy-christmas-dips-all-around-the-country/a406212317.html,https://focus.independent.ie/thumbor/iSPzO-6rvqCY-ldJABCndftw1JI=/0x0:3237x2158/629x0/prod-mh-ireland/1490aab8-c8ad-4d60-8fee-08847a43acb8/7ee07c07-b3fb-4402-8f3b-bf2c9c7ae2c9/1490aab8-c8ad-4d60-8fee-08847a43acb8.jpg,2025-12-26T05:30:00Z,"The annual Forty Foot Christmas swim in Dublin was abandoned due to high swells and choppy conditions this year, but hardy souls only had to go around the corner to Sandycove for their fix of freezin… [+2338 chars]",health
"{'id': None, 'name': 'Lifesciencesworld.com'}",Noah Whitman,Do cows get sad when their babies are taken away?,"Do Cows Get Sad When Their Babies Are Taken Away? Research strongly suggests that cows do indeed experience distress when separated from their calves, exhibiting behavioral and physiological signs consistent with grief and sadness. This separation is a comple…",https://www.lifesciencesworld.com/do-cows-get-sad-when-their-babies-are-taken-away/,,2025-12-26T05:29:03Z,"Research strongly suggests that cows do indeed experience distress when separated from their calves, exhibiting behavioral and physiological signs consistent with grief and sadness. This separation i… [+10746 chars]",health
"{'id': None, 'name': 'Lifesciencesworld.com'}",Noah Whitman,Why is a fox lifespan so short?,"Why is a Fox Lifespan So Short? Exploring the Factors Limiting Longevity Why is a fox lifespan so short? The comparatively short lifespan of foxes, usually ranging from 2 to 5 years in the wild, is primarily due to a combination of predation, disease, injury,…",https://www.lifesciencesworld.com/why-is-a-fox-lifespan-so-short/,,2025-12-26T05:22:16Z,"Why is a Fox Lifespan So Short? Exploring the Factors Limiting Longevity
Why is a fox lifespan so short? The comparatively short lifespan of foxes, usually ranging from 2 to 5 years in the wild, is … [+7879 chars]",health
"{'id': None, 'name': 'Lifesciencesworld.com'}",Noah Whitman,Can you keep gobies with shrimp?,"Can You Keep Gobies with Shrimp? A Guide to Successful Coexistence Yes, you can keep gobies with shrimp! Many species of gobies and shrimp can coexist peacefully in a reef aquarium, forming symbiotic relationships that are both fascinating to observe and bene…",https://www.lifesciencesworld.com/can-you-keep-gobies-with-shrimp/,,2025-12-26T05:20:06Z,"Can You Keep Gobies with Shrimp? A Guide to Successful Coexistence
Yes, you can keep gobies with shrimp!Many species of gobies and shrimp can coexist peacefully in a reef aquarium, forming symbiotic… [+8345 chars]",health
"{'id': None, 'name': 'TheJournal.ie'}",Larry Donnelly,Larry Donnelly: What really matters at Christmas,Our political columnist Larry Donnelly takes off his politics hat and reflects on what this time of year means to him personally.,https://www.thejournal.ie/readme/larry-donnelly-what-really-matters-at-christmas-6912001-Dec2025/,https://img2.thejournal.ie/article/6912001/river/?height=400&version=6912007,2025-12-26T07:30:13Z,"TO LOTS OF people in this country, the period between 25 December and 1 January is truly the best time of the year.
The Christmas rush is over; the presents have been opened and the turkey and ham d… [+4943 chars]",politics
"{'id': 'the-times-of-india', 'name': 'The Times of India'}",Hakeem Irfan Rashid,"Mirwaiz says removing ""Chairman Hurriyat"" from his X account was 'Hobson's Choice' as authorities pressed for it",Mirwaiz Umar Farooq removed his Hurriyat chairman title from his X account. He stated authorities pressured him to make the change. This comes as Hurriyat organizations are banned under UAPA. The move has sparked varied reactions online. Mirwaiz cited limited…,https://economictimes.indiatimes.com/news/india/mirwaiz-says-removing-chairman-hurriyat-from-his-x-account-was-hobsons-choice-as-authorities-pressed-for-it/articleshow/126184703.cms,"https://img.etimg.com/thumb/msid-126184747,width-1200,height-630,imgsize-129196,overlay-economictimes/articleshow.jpg",2025-12-26T06:35:43Z,"Srinagar: Prominent Hurriyat leader Mirwaiz Umar Farooq removed the Chairman, All Parties Hurriyat Conference designation from his verified account on X stating that the authorities had pressed him t… [+3416 chars]",politics
"{'id': None, 'name': 'Digital Journal'}",AFP,Main contenders in Kosovo’s snap election,Kosovo is heading for early elections Sunday after months of political deadlock and failure to form a government — the only solution its deeply divided parties could agree on to break the stalemate. Here are the main contenders to be the Balkan nation’s next …,https://www.digitaljournal.com/world/main-contenders-in-kosovos-snap-election/article,https://www.digitaljournal.com/wp-content/uploads/2025/12/6d7b013615478f5d44051c19590e40492789027e.jpg,2025-12-26T06:17:20Z,"Serial winner: Kosovo's acting premier Albin Kurti - Copyright AFP Armend NIMANI
Kosovo is heading for early elections Sunday after months of political deadlock and failure to form a government — th… [+4403 chars]",politics
"{'id': 'the-irish-times', 'name': 'The Irish Times'}",Stephen Collins,Stephen Collins: Here’s the unpopular truth: many of us have never had it so good,"Ireland has never been better off, yet a narrative of State failure dominates political debate and much of the media",https://www.irishtimes.com/opinion/2025/12/26/heres-the-unpopular-truth-many-of-us-have-never-had-it-so-good/,https://www.irishtimes.com/resizer/v2/B7IZCQ7LWU2WXFNSMPJ77PGEPQ.JPG?smart=true&auth=f68ee62cfbfc7dfab5fc281ed5df14edc1f8083ea90359d0dc0bdca51503bcfc&width=1200&height=630,2025-12-26T06:15:00Z,"As the year draws to a close, it might be worthwhile putting aside for a moment all of the complaints about what is wrong with this country and its political system, and reflecting for a change on wh… [+4887 chars]",politics
"{'id': None, 'name': 'Naturalnews.com'}",Willow Tohi,Assange’s war crimes accusation: Nobel Prize faces criminal complaint over 2025 winner,Julian Assange files a criminal complaint in Sweden against the Nobel Foundation over the 2025 Peace Prize awarded to Venezuelan opposition leader María Corina Machado. The complaint alleges the award constitutes misappropriation of funds and facilitates war …,https://www.naturalnews.com/2025-12-26-nobel-prize-faces-criminal-complaint-over-2025-winner.html,https://www.naturalnews.com/wp-content/uploads/sites/91/2025/12/Medal_Nobel_Peace_Prize.jpg,2025-12-26T06:00:00Z,<ul><li>Julian Assange files a criminal complaint in Sweden against the Nobel Foundation over the 2025 Peace Prize awarded to Venezuelan opposition leader María Corina Machado.</li><li>The complaint … [+6967 chars],politics
"{'id': 'the-irish-times', 'name': 'The Irish Times'}",,The Irish Times view on the world in 2025: Trump made the year his own,Historical  US commitments to democracy and global relationships are being reshaped,https://www.irishtimes.com/opinion/editorials/2025/12/26/the-irish-times-view-on-the-world-in-2025-trump-made-the-year-his-own/,https://www.irishtimes.com/resizer/v2/Y425FICJ2DJPN2EXONN4TJTU4Y.jpg?smart=true&auth=3c508cf1c0116565cb807cd609d0a5324b3ec33d86152b403f040230de02d6e2&width=1200&height=630,2025-12-26T06:00:00Z,European leaders invitation to their December summit was an exercise in diplomatic understatement. European Council President Antonio Costa set the scene with a year-end warning that rules-based econ… [+4695 chars],politics
"{'id': None, 'name': 'The Indian Express'}",Manoj C G,A year of deepening political divides sets the stage for another,"2025 was hardly a big election year. Yet fractiousness continued to define the discourse, be it in the government pushing through legislation such as the G RAM G Bill or in issues such as SIR and tariffs. And as a year of pivotal state elections awaits, there…",https://indianexpress.com/article/explained/explained-politics/a-year-of-deepening-political-divides-sets-the-stage-for-another-10439609/,https://images.indianexpress.com/2025/12/Rahul-modi.jpg,2025-12-26T05:54:51Z,"In the world of politics, elections or their run-up are generally seen as the time when ideologies clash, personalities emerge or sink, discourse turns shriller and narratives triumph or fail.This wa… [+10764 chars]",politics
"{'id': None, 'name': 'Independent.ie'}",Declan Lynch,"Declan Lynch’s year in radio: Pat Kenny leaves midweek, and the great RTÉ ‘refresh’ manages to leave Brendan Courtney without a permanent spot","Radio, like nature itself, can play cruel tricks on us. Among our current affairs broadcasters, the one who seemed most connected to the zeitgeist in 2025, was Pat Kenny on Newstalk. Pat is nearly as old as Donald Trump, which in the gerontocracy that is Amer…",https://www.independent.ie/entertainment/radio/declan-lynchs-year-in-radio-pat-kenny-leaves-midweek-and-the-great-rte-refresh-manages-to-leave-brendan-courtney-without-a-permanent-spot/a766423121.html,https://focus.independent.ie/thumbor/irVialAiqvB3LkL_9TN1gOumq2I=/629x460/smart/prod-mh-ireland/fff1c8b7-c88b-44b2-a7c8-d58084edf94f/e6544816-3bcb-487c-8ecc-f5f324150393/fff1c8b7-c88b-44b2-a7c8-d58084edf94f.jpg,2025-12-26T05:30:00Z,"Radio, like nature itself, can play cruel tricks on us. Among our current affairs broadcasters, the one who seemed most connected to the zeitgeist in 2025, was Pat Kenny on Newstalk. Pat is nearly as… [+421 chars]",politics
"{'id': None, 'name': 'Freerepublic.com'}",Christian Post,1914: The story of the Christmas Truce,"WWI's Christmas Truce: When Fighting Paused for the HolidayOn Christmas Eve in 1914, many men were in the trenches fighting the war, but the spirit of Christmas halted the conflict for a brief period. This is the story …The Great WarThe trigger for the Great …",https://freerepublic.com/focus/f-chat/4359024/posts,,2025-12-26T05:29:42Z,"Skip to comments.
1914: The story of the Christmas TruceChristian Post ^
 | 12/25/2025
 | Christian Today
Posted on 12/25/2025 9:29:42 PM PST by SeekAndFind
WWI's Christmas Truce: When Fighting … [+7333 chars]",politics
"{'id': None, 'name': 'CNA'}",,"Political upheaval in Malaysia’s Perlis state as Chief Minister resigns, 3 assemblymen sacked",The upheaval in Malaysia’s smallest state could reportedly have wider implications for the opposition Perikatan Nasional pact as well as national politics.,https://www.channelnewsasia.com/asia/malaysia-perlis-chief-minister-resigns-assemblymen-sacked-pas-perikatan-nasional-pn-umno-5713526,"https://dam.mediacorp.sg/image/upload/s--g2vTr7Fx--/c_fill,g_auto,h_676,w_1200/f_auto,q_auto/v1/mediacorp/cna/image/2025/12/26/mohd_shukri_ramli_fb.jpg?itok=A6NJc0qa",2025-12-26T05:09:44Z,"KUALA LUMPUR: Malaysias smallest state Perlis has been plunged into political uncertainty with the resignation of Chief Minister Mohd Shukri Ramli and sacking of three assemblymen from his party, sen… [+1487 chars]",politics
"{'id': None, 'name': 'Sputnikglobe.com'}",Sputnik International,Russian Soyuz-2.1a launches from Plesetsk — Defense Ministry,"MOSCOW (Sputnik) - Russia’s Aerospace Forces launched a Soyuz-2.1a medium-class carrier rocket with a Defense Ministry spacecraft from the Plesetsk Cosmodrome in Russia’s Arkhangelsk region on December 25, according to the Russian Ministry of Defense.",https://sputnikglobe.com/20251226/russian-soyuz-21a-launches-from-plesetsk--defense-ministry-1123364992.html,https://cdn1.img.sputnikglobe.com/images/sharing/article/eng/1123364992.jpg?11167912801766725326,2025-12-26T05:00:59Z,"The latest news and stories from Russia. Stay tuned for updates and breaking news on defense, politics, economy and more.
https://sputnikglobe.com/20251226/russian-soyuz-21a-launches-from-plesetsk--… [+1183 chars]",politics
"{'id': None, 'name': 'Israelnationalnews.com'}",Melanie Phillips,American conservatism and ‘the Jewish Question’,The silence of mainstream conservatives over the antisemitism in their midst is lethal for the Republicans and America. Opinion.,https://www.israelnationalnews.com/news/419932,https://2.a7.org/files/pictures/000/1189418.jpg,2025-12-26T04:58:56Z,"Melanie Phillips,a British journalist, broadcaster and author, writes a weekly column for JNS. Currently a columnist for The Times of London, her new book, The Builders Stone: How Jews and Christians… [+8718 chars]",politics
"{'id': None, 'name': 'Freerepublic.com'}",American Thinker,"No politics, hate, or BS: Adam the Woo gave celebs a great name","Adam the Woo is gone, and the silence in his wake reveals more about modern America than 1,000 trending hashtags ever could. On December 22, David Adam Williams, known to untold millions simply as Adam the Woo, was found unresponsive in his home just outside …",https://freerepublic.com/focus/f-chat/4359022/posts,,2025-12-26T04:51:45Z,"Skip to comments.
No politics, hate, or BS: Adam the Woo gave celebs a great nameAmerican Thinker ^
 | 12-25-2025
 | Joseph Ford Cotto
Posted on 12/25/2025 8:51:45 PM PST by servo1969
Adam the W… [+2351 chars]",politics
"{'id': None, 'name': 'Ncspin.com'}",by Tom Campbell,Lessons learned from Hunt,"Hunt was the hardest working governor our state has ever known. If you were on Hunt’s radar, you weren’t surprised when the phone rang at 6 a.m. or 11 p.m. with Hunt on the phone.",https://www.ncspin.com/lessons-learned-from-hunt,https://www.ncspin.com/assets/images/og-myspin-1200x628.jpg,2025-12-26T04:32:21Z,"In the Spring of 1992, State Treasurer Harlan Boyles received a phone call from Jim Hunt, who was running for an unprecedented third term as Governor. Hunt asked the Treasurer to accompany him to New… [+4620 chars]",politics
"{'id': 'the-times-of-india', 'name': 'The Times of India'}",ET Online,"Who is Tarique Rahman, and why his return to Bangladesh after 17 years is being keenly watched in India","Tarique Rahman, acting chairman of the BNP, has returned to Bangladesh after 17 years in exile, ahead of the February 12 parliamentary elections. His arrival reshapes the political landscape following Sheikh Hasina's ouster and amid ongoing political violence…",https://economictimes.indiatimes.com/news/international/world-news/who-is-tarique-rahman-and-why-his-return-to-bangladesh-after-17-years-is-being-keenly-watched-in-india/articleshow/126182658.cms,"https://img.etimg.com/thumb/msid-126182744,width-1200,height-630,imgsize-75030,overlay-economictimes/articleshow.jpg",2025-12-26T04:26:25Z,"Tarique Rahman, acting chairman of the Bangladesh Nationalist Party (BNP), returned to Bangladesh on Thursday after more than 17 years in self-exile in the UK. His arrival ahead of parliamentary elec… [+4471 chars]",politics
"{'id': None, 'name': 'Freerepublic.com'}",Sahsha Stone,Why We Watch It's a Wonderful Life,"There is only one movie most people watch around Christmas, and that has to be the ultimate Christmas movie, Frank Capra’s sublime It’s a Wonderful Life. What’s remarkable to me about this movie is that everyone still watches it and loves it, even though it i…",https://freerepublic.com/focus/f-bloggers/4359018/posts,,2025-12-26T03:41:08Z,"Skip to comments.
Why We Watch It's a Wonderful LifeSahsha Stone ^
 | 25 Dec 2025
 | Sasha Stone
Posted on 12/25/2025 7:41:08 PM PST by Rummyfan
There is only one movie most people watch around … [+2556 chars]",politics
"{'id': None, 'name': 'Raw Story'}",Robert Davis,'Holy projection': Internet erupts after Trump's Christmas Day screed,"Political analysts and observers on Thursday chided President Donald Trump's dark screed against ""sleazebags"" and ""losers.""Trump posted a holiday message on his Truth Social platform, where he decried how the recently released Jeffrey Epstein files have impac…",https://www.rawstory.com/trump-2674829532/,https://www.rawstory.com/media-library/trump-is-bored-tired-and-running-on-fumes-as-he-gives-up-the-fight-analyst.jpg?id=62618711&width=1200&height=600&coordinates=0%2C34%2C0%2C35,2025-12-26T03:26:08Z,"Political analysts and observers on Thursday chided President Donald Trump's dark screed against ""sleazebags"" and ""losers.""
Trump posted a holiday message on his Truth Social platform, where he decr… [+1282 chars]",politics
"{'id': 'breitbart-news', 'name': 'Breitbart News'}",Pam Key,Julian Epstein: Dems Keep Going Down 'Welfare State and Identity Politics' Rabbit Hole,"Former Democratic House Judiciary Committee chief counsel Julian Epstein said Thursday on ""Fox News Live"" that Democratic politicians were unpopular because they kept going down the ""welfare state and identity politics"" rabbit hole.
The post Julian Epstein: D…",https://www.breitbart.com/clips/2025/12/25/julian-epstein-dems-keep-going-down-welfare-state-and-identity-politics-rabbit-hole/,https://media.breitbart.com/media/2025/06/Julian-Epstein-640x335.jpg,2025-12-26T03:04:45Z,Former Democratic House Judiciary Committee chief counsel Julian Epstein said Thursday on “Fox News Live” that Democratic politicians were unpopular because they kept going down the “welfare state an… [+1742 chars],politics
"{'id': None, 'name': 'POLITICO.eu'}",Sam Blewett,What Westminster does for Boxing Day,"From Rachel Reeves to Liz Truss, POLITICO London Playbook asked British politics' finest how they follow up Christmas.",https://www.politico.eu/article/what-westminster-does-for-boxing-day/,"https://www.politico.eu/cdn-cgi/image/width=1200,height=630,fit=crop,quality=80,onerror=redirect/wp-content/uploads/2025/12/24/GettyImages-1880213411-scaled.jpg",2025-12-26T03:00:00Z,"Alex Davies-Jones, justice minister: Boxing Day in the Davies-Jones household consists of the 3 Cs: Chocolate, cheese and chaos! The house is full of people, we eat too much, drink even more, play ga… [+1653 chars]",politics
"{'id': None, 'name': 'New York Post'}",Ariel Zilber,Jimmy Kimmel says ‘tyranny is booming’ as he renews attacks on Trump in UK Christmas address,"The late-night host used Channel 4’s Alternative Christmas Message to deliver one of his most pointed political monologues yet — on a UK network, not American television.",https://nypost.com/2025/12/25/media/jimmy-kimmel-renews-attacks-on-trump-in-uk-christmas-address/,https://nypost.com/wp-content/uploads/sites/2/2025/12/jimmy-kimmel-says-tyranny-is-booming-as-he-renews-attacks-on-trump.jpg?quality=75&strip=all&1766699851&w=1200,2025-12-26T02:59:25Z,Jimmy Kimmel unleashed fresh attacks on President Trump and declared tyranny is booming in the United States during a Christmas Day address in Britain — escalating his feud with the White House month… [+4756 chars],politics
"{'id': 'the-times-of-india', 'name': 'The Times of India'}",ET Online,"Forty years underground, Rs 1.1 crore bounty on his head: Who was Maoist leader Ganesh Uike?","Senior CPI (Maoist) leader Ganesh Uike, a central committee member with a Rs 1.1 crore bounty, was killed in an Odisha security operation. Known for evading capture for over four decades, Uike's death marks a significant blow to the Maoist outfit in the state…",https://economictimes.indiatimes.com/news/defence/forty-years-underground-rs-1-1-crore-bounty-on-his-head-who-was-maoist-leader-ganesh-uike/articleshow/126181758.cms,"https://img.etimg.com/thumb/msid-126181746,width-1200,height-630,imgsize-11052,overlay-etdefence/articleshow.jpg",2025-12-26T02:49:53Z,"Ganesh Uike, one of the most senior leaders of the banned CPI (Maoist), was killed in a security operation in Odishas Kandhamal district, bringing to an end a more than four-decade-long underground c… [+4013 chars]",politics
"{'id': None, 'name': 'New York Post'}",Victor Nava,Trump rails against ‘the many Sleazebags who loved Jeffrey Epstein’ in latest Christmas message,"“Merry Christmas to all, including the many Sleazebags who loved Jeffrey Epstein,"" Trump's latest Christmas message declared.",https://nypost.com/2025/12/25/us-news/trump-rails-against-sleazebags-who-loved-jeffrey-epstein-in-latest-christmas-message/,https://nypost.com/wp-content/uploads/sites/2/2025/12/trump-wishes-merry-christmas-to-sleazebags-who-loved-jeffrey-epstein.jpg?quality=75&strip=all&1766697932&w=1200,2025-12-26T02:27:23Z,"President Trump predicted Thursday that documents related to Jeffrey Epstein will show that the Sleazebags who loved the notorious pedophile are all Democrats.
Merry Christmas to all, including the … [+3566 chars]",politics
"{'id': None, 'name': 'Mypeoplesreview.com'}",Editor Peoples,Balen opens party office,"Kathmandu, Dec 26: Kathmandu Metropolitan City Mayor Balendra Shah, known as Balen, on Thursday called representatives of various political parties […]
The post Balen opens party office appeared first on Peoples' Review.",https://mypeoplesreview.com/2025/12/26/balen-opens-party-office/,https://mypeoplesreview.com/wp-content/uploads/2025/12/balen.jpg,2025-12-26T02:15:00Z,"Kathmandu, Dec 26: Kathmandu Metropolitan City Mayor Balendra Shah, known as Balen, on Thursday called representatives of various political parties and Gen Z groups and said that he has entered party… [+1250 chars]",politics
"{'id': None, 'name': 'The Indian Express'}",Pavneet Singh Chadha,"After bleak show in Zilla Panchayat polls, AAP drops Palekar as Goa chief","After the poll results Monday, Palekar had told a regional news channel that an alliance with the like-minded Opposition parties was imperative to defeat the BJP.",https://indianexpress.com/article/india/after-bleak-show-in-zilla-panchayat-polls-aap-drops-palekar-as-goa-chief-10439179/,https://images.indianexpress.com/2025/12/Amit_20251225192901.jpg,2025-12-26T01:55:29Z,"The Aam Aadmi Party (AAP) on Wednesday relieved Amit Palekar from the post of president of Goa state unit with immediate effect.In a statement Wednesday, the party said: The Political Affairs Committ… [+2885 chars]",politics
"{'id': None, 'name': 'The Punch'}",Punch Newspapers,Barau pays N7m owed Ex-Kano council chair,"Deputy Senate President Barau Jibrin pays a N7m entitlement to a former Kano council chair, criticizing the state government’s role in Kano politics.

Read More: https://punchng.com/barau-pays-n7m-owed-ex-kano-council-chair/",https://punchng.com/barau-pays-n7m-owed-ex-kano-council-chair/,https://cdn.punchng.com/wp-content/uploads/2025/12/25233928/Barau-and-Faizu-1200x630.jpg,2025-12-26T01:28:23Z,"The Deputy President of the Senate, Barau Jibrin, on Tuesday presented a N7m cheque to a former Chairman of Kano Municipal Local Government Area, Faizu Alfindiki, as payment for an entitlement allege… [+2256 chars]",politics
"{'id': None, 'name': 'GlobeNewswire'}",Global Times,Global Times- 2025 Yearender: China as a visionary power in a turbulent world,"Amid global turmoil in 2025, China emerged as an oasis of certainty through stable governance, future planning, diplomacy, innovation and green growth. Amid global turmoil in 2025, China emerged as an oasis of certainty through stable governance, future plann…",https://www.globenewswire.com/news-release/2025/12/26/3210487/0/en/Global-Times-2025-Yearender-China-as-a-visionary-power-in-a-turbulent-world.html,,2025-12-26T01:28:00Z,"Beijing, China, Dec. 25, 2025 (GLOBE NEWSWIRE) -- As 2025 is ending, the world is still far from the tranquil place many had hoped for: conflicts in the Middle East and Ukraine, resurgent trade tarif… [+8788 chars]",politics
"{'id': None, 'name': 'Mediaite'}",Charlie Nash,Trump Sends Cryptic Message to Democrats: ‘Enjoy What May Be Your Last Merry Christmas!’,"President Donald Trump urged Democrats to ""enjoy what may be your last Merry Christmas"" in a cryptic message on Thursday.
The post Trump Sends Cryptic Message to Democrats: ‘Enjoy What May Be Your Last Merry Christmas!’ first appeared on Mediaite.",https://www.mediaite.com/politics/trump-sends-cryptic-message-to-democrats-enjoy-what-may-be-your-last-merry-christmas/,https://www.mediaite.com/wp-content/uploads/2025/12/AP25352087284084.jpg,2025-12-26T01:24:58Z,"Doug Mills/The New York Times via AP, Pool
President Donald Trump urged Democrats to “enjoy what may be your last Merry Christmas” in a cryptic message on Thursday.
“Merry Christmas to all, includi… [+2120 chars]",politics
"{'id': None, 'name': 'HuffPost'}",Ben Blanchet,'Sleazebags': Trump Wishes A Merry Christmas To ... Epstein Island Visitors?!?,"Trump claimed he dropped Epstein ""long before it became fashionable to do so"" in a wild holiday rant on his social media platform.",https://www.huffpost.com/entry/trump-christmas-truth-social-post-jeffrey-epstein_n_694dd600e4b0d33e39fe4cb7,https://img.huffingtonpost.com/asset/694ddefb150000754085d3fb.jpeg?cache=vgIqSxQ3rU&ops=1200_630,2025-12-26T01:24:44Z,"Donald Trump dialed up his holiday grievances on Thursday with a lengthy Christmas Day rant, this time aimed at associates of Jeffrey Epstein, the late convicted sex offender who is infamously the pr… [+2727 chars]",politics
"{'id': None, 'name': 'Screen Rant'}",Tom Russell,The Expanse Season 7 Is What Television Needs Right Now,"The Expanse's story is far from over, with unadapted novels holding the key to its most ambitious ideas yet. Only a return can fill the void it left.",https://screenrant.com/prime-video-expanse-season-7-must-happen/,https://static0.srcdn.com/wordpress/wp-content/uploads/2025/12/steven-strait-as-jim-holden-in-the-expanse.jpg?w=1600&h=900&fit=crop,2025-12-26T01:01:19Z,"From its debut in 2015 to its 2022 finale, The Expanse steadily transformed sci-fi TV, raising expectations with every season. Across six seasons, Prime Videos science fiction masterpiece delivered m… [+5649 chars]",politics
"{'id': None, 'name': 'New Zealand Herald'}",Ayla Yeoman,How to socialise a puppy safely before vaccinations,"If you got a puppy for Christmas, here's everything to know about early socialisation.",https://www.nzherald.co.nz/bay-of-plenty-times/news/how-to-socialise-a-puppy-safely-before-vaccinations/5HBMQCZUWNDUXGFV3C4ERUQR4Q/,https://www.nzherald.co.nz/resizer/v2/EDX343FPOJAPTIYVRV5WGHEXO4.jpg?auth=c5dd47b39bf6d980dd9189bdfc3de1da2bd27bc300da2c1c0a59df9d1dde00b0&width=1200&height=675&quality=70&smart=true,2025-12-26T01:00:00Z,"Our platform is about connection, which is much needed in the community, and people are constantly seeking friends for their dogs.
She said the platform is also about education and helping owners to… [+3570 chars]",politics
"{'id': None, 'name': 'The Punch'}",Punch Newspapers,Abiodun vows to end Ogun bitter succession politics,"Ogun State Governor Dapo Abiodun pledges to end the state’s history of bitter succession politics, vowing a peaceful, rancour-free transition in 2027.

Read More: https://punchng.com/abiodun-vows-to-end-ogun-bitter-succession-politics/",https://punchng.com/abiodun-vows-to-end-ogun-bitter-succession-politics/,https://cdn.punchng.com/wp-content/uploads/2025/08/20235700/ABIODUN-DAPO-1200x630.jpg,2025-12-26T00:53:07Z,"Ogun State Governor, Dapo Abiodun, has pledged to ensure a seamless, peaceful and rancour-free transition at the end of his second term in 2027, vowing to set a historic benchmark in the states gover… [+4164 chars]",politics
"{'id': None, 'name': 'BusinessLine'}",Nilanjan  Banik,Funds alone don’t ensure job scheme success,"The demand for MGNREGA work depends on level of industrialisation, local corruption, besides a State’s income level",https://www.thehindubusinessline.com/opinion/funds-alone-dont-ensure-job-scheme-success/article70437011.ece,https://bl-i.thgim.com/public/incoming/1u8yyr/article70437021.ece/alternates/LANDSCAPE_1200/Mahatma%20Gandhi%20National%20Rural%20Employmen%205.jpg,2025-12-26T00:45:00Z,"One of the contentious issues in the Viksit Bharat Guarantee for Rojgar and Ajeevika Mission (VB-G Ram G) Bill, which was eventually passed in Parliament, concerns allowing States to pause MGNREGA-re… [+5481 chars]",politics
"{'id': None, 'name': 'The Punch'}",Punch Newspapers,"Detty December, dirty reality and the American red card","Amid ‘Detty December’ festivities, new US Nigeria visa restrictions serve as a wake-up call. Learn how internal governance issues are leading to a global r

Read More: https://punchng.com/detty-december-dirty-reality-and-the-american-red-card/",https://punchng.com/detty-december-dirty-reality-and-the-american-red-card/,https://cdn.punchng.com/wp-content/uploads/2025/11/13231741/Folorunso-Adisa-1200x630.jpg,2025-12-26T00:34:04Z,"If Lagos were a person, she would be wearing a N5m sequined gown while standing under the golden glow of a thousand festive lights, outshining the stars themselves. This December, the city has reache… [+8185 chars]",politics
"{'id': None, 'name': 'Khabarhub.com'}",Binoj Basnyat,Interdependence Under Stress: The Future of Bangladesh–India Relations,"The strain in Bangladesh–India relations following the political upheaval of 2024 is more than a bilateral dispute; it is a stress test for South Asia’s regional order. As Dhaka and New Delhi trade accusations and harden postures, familiar fears of strategic …",https://english.khabarhub.com/2025/26/512962/,https://english.khabarhub.com/wp-content/uploads/2025/12/Khabar-Hub-Article_Binoj-Basnyat_1200px-630X-px-Final_2025.12.25-Upload.jpg,2025-12-26T00:15:32Z,The strain in BangladeshIndia relations following the political upheaval of 2024 is more than a bilateral dispute; it is a stress test for South Asias regional order. As Dhaka and New Delhi trade acc… [+10456 chars],politics
"{'id': None, 'name': 'Raw Story'}",Robert Davis,'Enjoy what may be your last Christmas!' Trump attacks 'sleazebags' in dark holiday screed,"President Donald Trump attacked people he described as ""losers"" and ""sleazebags"" in a dark screed on social media on Christmas night. In the post, Trump attempted to distance himself from disgraced financier Jeffrey Epstein, someone he has previously referred…",https://www.rawstory.com/trump-2674829511/,https://www.rawstory.com/media-library/u-s-president-donald-trump-and-first-lady-melania-trump-participate-in-calls-to-u-s-service-members-on-christmas-eve-from-th.jpg?id=62631756&width=1200&height=600&coordinates=0%2C446%2C0%2C446,2025-12-26T00:12:42Z,"President Donald Trump attacked people he described as ""losers"" and ""sleazebags"" in a dark screed on social media on Christmas night. 
In the post, Trump attempted to distance himself from disgraced… [+1909 chars]",politics
"{'id': 'breitbart-news', 'name': 'Breitbart News'}",Olivia Rondeau,"Rep. Eric Swalwell Likens Jesus, Mary, and Joseph to Illegal Migrants on Christmas","Far-left Rep. Eric Swalwell (D-CA) likened Jesus, Mary, and Joseph to illegal migrants in a Christmas Day post depicting a nativity scene being raided by Immigration and Customs Enforcement (ICE).
The post Rep. Eric Swalwell Likens Jesus, Mary, and Joseph to …",https://www.breitbart.com/faith/2025/12/25/rep-eric-swalwell-likens-jesus-mary-and-joseph-to-illegal-migrants-on-christmas/,https://media.breitbart.com/media/2025/12/Eric-Swalwell-1-640x335.jpeg,2025-12-26T00:08:00Z,"Far-left Rep. Eric Swalwell (D-CA) likened Jesus, Mary, and Joseph to illegal migrants in a Christmas Day post depicting a nativity scene being raided by Immigration and Customs Enforcement (ICE).
“… [+1971 chars]",politics
"{'id': 'abc-news-au', 'name': 'ABC News (AU)'}",Patricia Karvelas,Tim Wilson desires to one day lead the federal Liberal Party,"In a broad ranging interview for the Politics Now podcast, Liberal MP Tim Wilson speaks about what the Liberal Party should be fighting for and why he would one day like to be its leader.",https://www.abc.net.au/news/2025-12-26/tim-wilson-liberal-party-politics-now-the-interview/106162420,https://live-production.wcms.abc-cdn.net.au/b649b7453317aac1386cbec80bcb859f?impolicy=wcms_watermark_news&cropH=1080&cropW=1920&xPos=0&yPos=0&width=862&height=485&imformat=generic,2025-12-26T00:02:11Z,Liberal frontbencher Tim Wilson has revealed he desires to lead the federal Liberal Party in the future and believes most people in the party would be untroubled by a gay man seeking to lead the oppo… [+3758 chars],politics
"{'id': None, 'name': 'POLITICO.eu'}","Paul Dallison, Giulia Poloni","So long, 2025. It wasn’t a pleasure knowing you",Donald Trump dominated 2025 in the same way that a bear would dominate the honey section if let loose in a supermarket.,https://www.politico.eu/article/so-long-2025-it-wasnt-a-pleasure-knowing-you/,"https://www.politico.eu/cdn-cgi/image/width=1200,height=630,fit=crop,quality=80,onerror=redirect/wp-content/uploads/2025/12/19/GettyImages-2247052722-scaled.jpg",2025-12-26T07:30:17Z,"The election winner, Donald Trump, of course, dominated the news agenda in the same way that a bear would dominate the honey section if let loose in a supermarket. He slapped hastily thought-out tari… [+2935 chars]",climate
"{'id': None, 'name': 'Lifesciencesworld.com'}",Noah Whitman,How big were ancient bears?,"How Big Were Ancient Bears? Unveiling the Giants of the Past Ancient bears were significantly larger than most modern bears, with some species like Arctotherium angustidens reaching sizes exceeding 3.5 meters (11.5 feet) tall on their hind legs and weighing o…",https://www.lifesciencesworld.com/how-big-were-ancient-bears/,,2025-12-26T07:28:28Z,"How Big Were Ancient Bears? Unveiling the Giants of the Past
Ancient bears were significantly larger than most modern bears, with some species like Arctotherium angustidens reaching sizes exceeding … [+9840 chars]",climate
"{'id': None, 'name': 'The-independent.com'}",Shahana Yasmin,Kumail Nanjiani puts to bed bizarre rumour of affair with Michelle Obama,Marvel star says he has never even met the former US First Lady,https://www.the-independent.com/life-style/kumail-nanjiani-rumour-affair-michelle-obama-b2890581.html,"https://static.the-independent.com/2025/12/26/5/08/MixCollage-26-Dec-2025-10-51-AM-6011.jpg?trim=30,0,90,0&width=1200&height=800&crop=1200:800",2025-12-26T07:24:08Z,"Your support helps us to tell the story
From reproductive rights to climate change to Big Tech, The Independent is on the ground when the story is developing. Whether it's investigating the financia… [+3269 chars]",climate
"{'id': None, 'name': 'The-independent.com'}",Inga Parkel,Late James Ransone once saved woman from sexual assault: ‘So grateful he existed’,‘The Wire’ actor died by suicide last week at the age of 46,https://www.the-independent.com/arts-entertainment/tv/news/james-ransone-death-woman-saved-sexual-assault-b2890592.html,"https://static.the-independent.com/2025/12/25/17/24/James-Ransone.jpeg?trim=0,248,0,246&width=1200&height=800&crop=1200:800",2025-12-26T07:05:09Z,"Your support helps us to tell the story
From reproductive rights to climate change to Big Tech, The Independent is on the ground when the story is developing. Whether it's investigating the financia… [+3609 chars]",climate
"{'id': None, 'name': 'Lifesciencesworld.com'}",Noah Whitman,What are the characteristics of a blobfish?,"What are the Characteristics of a Blobfish? The blobfish, Psychrolutes marcidus, is known for its gelatinous appearance due to adaptations to deep-sea life; its primary characteristics include a lack of muscles, minimal bone structure, and a density slightly …",https://www.lifesciencesworld.com/what-are-the-characteristics-of-a-blobfish/,,2025-12-26T06:40:01Z,"The blobfish, Psychrolutes marcidus, is known for its gelatinous appearance due to adaptations to deep-sea life; its primary characteristics include a lack of muscles, minimal bone structure, and a d… [+7880 chars]",climate
"{'id': None, 'name': 'Lifesciencesworld.com'}",Noah Whitman,How long do raccoons live with their mother?,"How Long Do Raccoons Stay With Their Mothers? Raccoons typically stay with their mother for around a year, usually until the following spring. This extended period of maternal care is vital for their survival, allowing them to learn essential skills for forag…",https://www.lifesciencesworld.com/how-long-do-raccoons-live-with-their-mother/,,2025-12-26T06:31:41Z,"Raccoons typically stay with their mother for around a year, usually until the following spring. This extended period of maternal care is vital for their survival, allowing them to learn essential sk… [+8236 chars]",climate
"{'id': None, 'name': 'Fratellowatches.com'}",Lex Stolk,Hands-On With The New Pragma P1 – Perseverance In Solar Stainless Steel And Tantalum With A New Azurite-Blue Dial,"In the case of Pragma, being called a goody two-shoes is a plus. Typically, the moniker describes someone who is prudish and self-righteous. A goody two-shoes is an ambitious overachiever striving to be perfect; remember that one teacher’s pet in your class i…",https://www.fratellowatches.com/hands-on-pragma-p1-perseverance-steel-tantalum-azurite-blue/,https://www.fratellowatches.com/cdn-cgi/image/anim=false/wp-content/uploads/2025/12/Pragma-P1-Perseverance-In-Steel-And-Tantalum.jpg,2025-12-26T06:00:51Z,"In the case of Pragma, being called a goody two-shoes is a plus. Typically, the moniker describes someone who is prudish and self-righteous. A goody two-shoes is an ambitious overachiever striving to… [+7894 chars]",climate
"{'id': None, 'name': 'The-independent.com'}",Ellie Harrison,Here We Go’s Jim Howick: ‘I’m the butt of the joke – a walking indignity’,"The ‘Peep Show’ and ‘Ghosts’ star talks to Ellie Harrison about the festive special of ‘Here We Go’, his career in British comedy and why the BBC is worth fighting for",https://www.the-independent.com/arts-entertainment/tv/features/jim-howick-here-we-go-christmas-bbc-b2888870.html,"https://static.the-independent.com/2025/12/22/10/39/shutterstock_editorial_15190984dd.jpeg?trim=15,2,1376,164&width=1200&height=800&crop=1200:800",2025-12-26T06:00:00Z,"Your support helps us to tell the story
From reproductive rights to climate change to Big Tech, The Independent is on the ground when the story is developing. Whether it's investigating the financia… [+7395 chars]",climate
"{'id': 'the-irish-times', 'name': 'The Irish Times'}",Roe McDermott,My husband and I are constantly bickering. We aren’t breaking up but how can we fix it?,"Ask Roe: Stress, anxiety and a lack of connection can fuel this kind of thinking",https://www.irishtimes.com/health/your-wellness/2025/12/26/my-husband-and-i-are-constantly-bickering-we-arent-breaking-up-but-how-can-we-fix-it/,https://www.irishtimes.com/resizer/v2/I5CIKXSZ6RHMDKZD3LHCGPZKHQ.jpg?smart=true&auth=f40094f66e3939db65cf89f01ada227ac8b32650b7f4b1db6ede2e9cbe2febd5&width=1200&height=630,2025-12-26T06:00:00Z,"Dear Roe,
My husband and I have been together for nine years and have two children. The past 18 months we have been sniping at each other and getting into more fights over small stuff, and were not … [+1795 chars]",climate
"{'id': None, 'name': 'Wattsupwiththat.com'}",Guest Blogger,E&E News: “The Paris Agreement at 10: What the World has Achieved”,"Not much, really. Just a whole lot of waste and false hopes with massive government intervention to create a wind/solar/battery bubble. The subtitle of the CLIMATEWire piece said much: “The blockbuster climate deal made history a decade ago. But its record at…",https://wattsupwiththat.com/2025/12/25/ee-news-the-paris-agreement-at-10-what-the-world-has-achieved/,https://i0.wp.com/wattsupwiththat.com/wp-content/uploads/2025/11/sora-gravestone-reading-Paris-Climate-Agreement-and-2015-2025.webp?fit=1024%2C512&quality=75&ssl=1,2025-12-26T06:00:00Z,"By Robert Bradley Jr. Not much, really. Just a whole lot of waste and false hopes with massive government intervention to create a wind/solar/battery bubble. The subtitle of the CLIMATEWire piece sai… [+1523 chars]",climate
"{'id': None, 'name': 'The-independent.com'}",Clarisse Loughrey,Song Sung Blue review – This Kate Hudson and Hugh Jackman musical weepie is pure Oscar bait,"The pair are well cast as a real-life married couple who work as Neil Diamond tribute singers, but the tragedies and struggles that befall them are framed poorly by director Craig Brewer",https://www.the-independent.com/arts-entertainment/films/reviews/song-sung-blue-review-kate-hudson-b2888862.html,"https://static.the-independent.com/2025/12/22/10/17/AP25346701845109.jpeg?trim=0,0,0,0&width=1200&height=800&crop=1200:800",2025-12-26T06:00:00Z,"Your support helps us to tell the story
From reproductive rights to climate change to Big Tech, The Independent is on the ground when the story is developing. Whether it's investigating the financia… [+4216 chars]",climate
"{'id': None, 'name': 'Lifesciencesworld.com'}",Noah Whitman,Is there usually more than one silverfish?,"Is There Usually More Than One Silverfish? Is there usually more than one silverfish? The unfortunate answer is typically yes. Where you find one, it’s highly likely you’ll find others, as silverfish rarely travel solo and often indicate a larger infestation.…",https://www.lifesciencesworld.com/is-there-usually-more-than-one-silverfish/,,2025-12-26T05:52:38Z,"Is There Usually More Than One Silverfish?
Is there usually more than one silverfish? The unfortunate answer is typically yes. Where you find one, it’s highly likely you’ll find others, as silverfis… [+8219 chars]",climate
"{'id': None, 'name': 'Antaranews.com'}","Fath P, Tegar Nurfitra",MPR Deputy Speaker calls for urgent climate change legislation,Deputy Speaker of the People&#39;s Consultative Assembly (MPR) Eddy Soeparno has called for the immediate ratification of the Climate Change Management Bill ...,https://en.antaranews.com/news/397765/mpr-deputy-speaker-calls-for-urgent-climate-change-legislation,https://cdn.antaranews.com/cache/1200x800/2025/12/23/IMG-20251223-WA0004_2.jpg,2025-12-26T05:48:51Z,Jakarta (ANTARA) - Deputy Speaker of the People's Consultative Assembly (MPR) Eddy Soeparno has called for the immediate ratification of the Climate Change Management Bill following a series of catas… [+1548 chars],climate
"{'id': None, 'name': 'Lifesciencesworld.com'}",Noah Whitman,Are birds less active in hot weather?,"Are Birds Less Active in Hot Weather? Are birds less active in hot weather? Yes, generally, birds tend to be less active during the hottest parts of the day to conserve energy and avoid overheating, exhibiting behaviors like seeking shade and reducing flight …",https://www.lifesciencesworld.com/are-birds-less-active-in-hot-weather/,,2025-12-26T05:39:08Z,"Are birds less active in hot weather?Yes, generally, birds tend to be less active during the hottest parts of the day to conserve energy and avoid overheating, exhibiting behaviors like seeking shade… [+8783 chars]",climate
"{'id': None, 'name': 'Lifesciencesworld.com'}",Noah Whitman,Can I release my pet hermit crab?,"Can I Release My Pet Hermit Crab? No, you should generally not release your pet hermit crab into the wild. It’s crucial to understand the significant risks involved, both for the crab and the local ecosystem. Understanding the Plight of the Captive Hermit Cra…",https://www.lifesciencesworld.com/can-i-release-my-pet-hermit-crab/,,2025-12-26T05:36:44Z,"Can I Release My Pet Hermit Crab?
No, you should generally not release your pet hermit crab into the wild.It’s crucial to understand the significant risks involved, both for the crab and the local e… [+8408 chars]",climate
"{'id': None, 'name': 'The-independent.com'}",Inga Parkel,Nicki Minaj quits Instagram after outrage over her appearance with Erika Kirk at Turning Point USA conference,The rapper made a surprise appearance for the final day of the AmericaFest 2026 summit,https://www.the-independent.com/arts-entertainment/music/news/nicki-minaj-quits-instagram-erika-kirk-maga-b2890580.html,"https://static.the-independent.com/2025/12/25/14/14/Nicki-Minaj-and-Erika-Kirk.jpeg?trim=0,0,0,0&width=1200&height=800&crop=1200:800",2025-12-26T05:12:27Z,"Your support helps us to tell the story
From reproductive rights to climate change to Big Tech, The Independent is on the ground when the story is developing. Whether it's investigating the financia… [+3428 chars]",climate
"{'id': None, 'name': 'The-independent.com'}",Melanie Lidman,Mohammad Bakri death: Renowned Palestinian actor and filmmaker dies aged 72,Filmmaker’s 2003 documentary about an Israeli military operation in the occupied West Bank city of Jenin during the second Palestinian intifada was banned by Israel,https://www.the-independent.com/arts-entertainment/films/news/mohammad-bakri-death-palestinian-actor-filmmaker-b2890566.html,https://static.the-independent.com/2025/12/25/13/Israel_Palestinians_Bakri_Obit_45274.jpg?width=1200&height=800&crop=1200:800,2025-12-26T05:07:52Z,"Your support helps us to tell the story
From reproductive rights to climate change to Big Tech, The Independent is on the ground when the story is developing. Whether it's investigating the financia… [+3911 chars]",climate
"{'id': None, 'name': 'Juancole.com'}",Juan Cole,West Antarctica’s History of rapid Melting Foretells sudden Shifts in Continent’s ‘catastrophic’ Geology,Much of the discussion about the melting of massive ice sheets during a time of climate change addresses its effects on people,https://www.juancole.com/2025/12/antarcticas-continents-catastrophic.html,https://media.juancole.com/images/2025/12/file-20250929-56-2zkfd2.avif,2025-12-26T05:06:03Z,"By Christine Siddoway, Colorado College; Anna Ruth (Ruthie) Halberstadt, The University of Texas at Austin, and Keiji Horikawa, University of Toyama
Due to its thick, vast ice sheet, Antarctica appe… [+10838 chars]",climate
"{'id': None, 'name': 'Juancole.com'}",Ibrahim Al-Marashi,From Steamships to Sovereignty: How Iraq’s old Arteries challenge modern Myths,"The region has always developed  - not by oil, war or empire, but by their collateral effects of connecting peoples, ideas and economies",https://www.juancole.com/2025/12/steamships-sovereignty-challenge.html,https://media.juancole.com/images/2025/12/bilal-photography-bG2kyUj7nyo-unsplash.jpg,2025-12-26T05:04:53Z,"( Middle East Eye ) – In the old Anglican cemetery in Baghdad’s Bab al-Sharqi district lie the bodies of foreigners buried for more than a century. Dry shrubs sprout between sun-baked stones, some en… [+9592 chars]",climate
"{'id': None, 'name': 'Lifesciencesworld.com'}",Noah Whitman,What are the threats to the blue dragon sea slug?,"What are the Threats to the Blue Dragon Sea Slug? The Glaucus atlanticus, or blue dragon sea slug, faces threats including habitat degradation, ocean acidification, plastic pollution, and predation by larger marine animals, ultimately impacting its survival. …",https://www.lifesciencesworld.com/what-are-the-threats-to-the-blue-dragon-sea-slug/,,2025-12-26T05:03:40Z,"The Glaucus atlanticus, or blue dragon sea slug, faces threats including habitat degradation, ocean acidification, plastic pollution, and predation by larger marine animals, ultimately impacting its … [+8882 chars]",climate
"{'id': None, 'name': 'Lifesciencesworld.com'}",Noah Whitman,How many times can a lobster lay eggs?,"How Many Times Can a Lobster Lay Eggs? Unveiling the Reproductive Secrets of the Deep A female lobster’s reproductive lifespan is remarkable; she can lay eggs multiple times. A female lobster can lay eggs multiple times, potentially dozens of times throughout…",https://www.lifesciencesworld.com/how-many-times-can-a-lobster-lay-eggs/,,2025-12-26T05:01:07Z,"A female lobsters reproductive lifespan is remarkable; she can lay eggs multiple times. A female lobster can lay eggs multiple times, potentially dozens of times throughout her life, with some specie… [+7271 chars]",climate
"{'id': None, 'name': 'Lifesciencesworld.com'}",Noah Whitman,Do fish have Osmoreceptors?,"Do Fish Have Osmoreceptors? The Silent Sentinels of Aquatic Life Yes, fish do have osmoreceptors. These specialized sensory cells are crucial for maintaining internal osmotic balance, allowing fish to survive in diverse aquatic environments by detecting chang…",https://www.lifesciencesworld.com/do-fish-have-osmoreceptors/,,2025-12-26T04:58:47Z,"Yes, fish do have osmoreceptors. These specialized sensory cells are crucial for maintaining internal osmotic balance, allowing fish to survive in diverse aquatic environments by detecting changes in… [+8385 chars]",climate
"{'id': None, 'name': 'Lifesciencesworld.com'}",Noah Whitman,Do anglerfish live in the abyssal zone?,"Anglerfish: Masters of the Abyssal Zone Depths Yes, anglerfish definitively live in the abyssal zone. These fascinating creatures have evolved remarkable adaptations to thrive in the extreme conditions of the deep ocean’s darkest depths. Understanding the Aby…",https://www.lifesciencesworld.com/do-anglerfish-live-in-the-abyssal-zone/,,2025-12-26T04:44:42Z,"Yes, anglerfish definitively live in the abyssal zone. These fascinating creatures have evolved remarkable adaptations to thrive in the extreme conditions of the deep ocean’s darkest depths.
Underst… [+7654 chars]",climate
"{'id': None, 'name': 'Lifesciencesworld.com'}",Noah Whitman,Are floating plants good for fish?,"Are Floating Plants Good for Fish? A Deep Dive into Aquatic Harmony Floating plants can be incredibly beneficial for fish, offering shelter, improving water quality, and even providing a food source. It’s essential to choose the right plants and manage them p…",https://www.lifesciencesworld.com/are-floating-plants-good-for-fish/,,2025-12-26T04:32:47Z,"Are Floating Plants Good for Fish? A Deep Dive into Aquatic Harmony
Floating plants can be incredibly beneficial for fish, offering shelter, improving water quality, and even providing a food source… [+10101 chars]",climate
"{'id': None, 'name': 'Economictimes.com'}",Getty Images,"Climate-proof your finances: 8 ways you can secure your savings, insurance and retirement income","Floods, heatwaves and storms don't just wreck homes—they drain savings, disrupt jobs, derail investments and threaten retirement plans. Climate risks now directly hit your personal finances in ways most people ignore. Medical bills from health crises, repair …",https://m.economictimes.com/wealth/save/climate-proof-your-finances-8-ways-you-can-secure-your-savings-insurance-and-retirement-income/climate-disasters-are-a-financial-risk-now/slideshow/126182787.cms,"https://img.etimg.com/thumb/msid-126182787,width-1070,height-580,overlay-etwealth/slideshow.jpg",2025-12-26T04:23:12Z,"Dec 26, 2025, 09:53:46 AM IST
Floods, heatwaves and storms don't just wreck homes—they drain savings, disrupt jobs, derail investments and threaten retirement plans. Climate risks now directly hit y… [+3937 chars]",climate
"{'id': None, 'name': 'Lifesciencesworld.com'}",Noah Whitman,What is a bad dissolved oxygen level?,"What is a Bad Dissolved Oxygen Level? Understanding the Dangers to Aquatic Life A bad dissolved oxygen (DO) level in water is generally considered to be below 5 mg/L, which can stress or even kill aquatic organisms; levels consistently below 2 mg/L are consid…",https://www.lifesciencesworld.com/what-is-a-bad-dissolved-oxygen-level/,,2025-12-26T04:21:02Z,"A bad dissolved oxygen (DO) level in water is generally considered to be below 5 mg/L, which can stress or even kill aquatic organisms; levels consistently below 2 mg/L are considered hypoxic and are… [+10357 chars]",climate
"{'id': None, 'name': 'Lifesciencesworld.com'}",Noah Whitman,How long can bears sleep without waking up?,"How Long Can Bears Sleep Without Waking Up? Unveiling the Mysteries of Ursine Hibernation Bears don’t simply sleep through the winter; they enter a state of torpor, a form of hibernation where their physiological processes slow dramatically, allowing them to …",https://www.lifesciencesworld.com/how-long-can-bears-sleep-without-waking-up/,,2025-12-26T04:18:46Z,"Bears don’t simply sleep through the winter; they enter a state of torpor, a form of hibernation where their physiological processes slow dramatically, allowing them to survive for extended periods w… [+7859 chars]",climate
"{'id': None, 'name': 'Lifesciencesworld.com'}",Noah Whitman,Do seals get wet?,"Do Seals Get Wet? Unveiling the Aquatic Paradox Seals, despite living in water, possess remarkable adaptations to manage their relationship with the aquatic environment. The answer to “Do seals get wet?” is both yes and no; while the outer layer of their fur …",https://www.lifesciencesworld.com/do-seals-get-wet/,,2025-12-26T04:13:39Z,"Seals, despite living in water, possess remarkable adaptations to manage their relationship with the aquatic environment. The answer to “Do seals get wet?” is both yes and no; while the outer layer o… [+8884 chars]",climate
"{'id': None, 'name': 'Lifesciencesworld.com'}",Noah Whitman,Are cyanobacteria harmful to algae blooms?,"Are Cyanobacteria Harmful to Algae Blooms? Examining the Complex Interactions Cyanobacteria can both positively and negatively affect algae blooms. While some interactions may appear competitive, leading to harm, other cyanobacteria species can actually stimu…",https://www.lifesciencesworld.com/are-cyanobacteria-harmful-to-algae-blooms/,,2025-12-26T04:11:20Z,"Cyanobacteria can both positively and negatively affect algae blooms. While some interactions may appear competitive, leading to harm, other cyanobacteria species can actually stimulate algae growth … [+12636 chars]",climate
"{'id': None, 'name': 'ArchDaily'}",Olivia Poston,The Evolving Practice of Designing Light in Scandinavian Environments,"Scandinavia is shaped by environmental conditions that test both human endurance and architectural ingenuity, with long winters defined by limited daylight, low sun angles, deep snowfall, and cold winds that transform everyday movement, gathering, and habitat…",https://www.archdaily.com/1036987/the-evolving-practice-of-designing-light-in-scandinavian-environments,https://images.adsttc.com/media/images/693d/af15/0943/f046/1d85/da50/large_jpg/the-evolving-practice-of-designing-light-in-scandinavian-environments_2.jpg?1765650202,2025-12-26T04:00:00Z,"Timber Nest Cabin / Quentin Desfarges. Image © Ruben Ratkusic
Scandinavia is shaped by environmental conditions that test both human endurance and architectural ingenuity, with long winters defined … [+1394 chars]",climate
"{'id': None, 'name': 'International Business Times'}",David Thompson,The Sentient Data Center: How Pradeep Kumar Reddy Juturu Harnesses AI to Build Self-Healing Infrastructure,"In the digital age, the data center is the world's beating heart, a critical, power-hungry nexus where every millisecond of downtime and every watt of wasted energy carries a significant cost. Maintaining this colossal infrastructure has traditionally been a …",https://www.ibtimes.com/sentient-data-center-how-pradeep-kumar-reddy-juturu-harnesses-ai-build-self-healing-3793695,https://d.ibtimes.com/en/full/4638592/how-pradeep-kumar-reddy-juturu-harnesses-ai-build-self-healing.jpg,2025-12-26T03:50:13Z,"In the digital age, the data center is the world's beating heart, a critical, power-hungry nexus where every millisecond of downtime and every watt of wasted energy carries a significant cost. Mainta… [+5065 chars]",climate
"{'id': None, 'name': 'Newsbreak.com'}",Frank Yemi,Even Trump-Aligned Economists Warn President Is About to Upend U.S. Health Care - NewsBreak,President Donald Trump has spent months promising a straightforward solution for one of America’s biggest frustrations: prescription drug prices. Last week,https://www.newsbreak.com/share/4413413595231-even-trump-aligned-economists-warn-president-is-about-to-upend-u-s-health-care?s=a2&amp;share_destination_id=MTM1ODcyNzIyLTE3NjY3MjA3MDIyODE%3D&amp;pd=09C6hWpd&amp;hl=en_US&amp;send_time=1766720702&amp;actBtn=bottomBar&amp;_f=app_share&amp;trans_data=%7B%22platform%22%3A1%2C%22cv%22%3A%2225.52.0%22%2C%22languages%22%3A%22en%22%7D,https://img.particlenews.com/img/id/02piJK_17b347QI00,2025-12-26T03:46:53Z,"President Donald Trump has spent months promising a straightforward solution for one of Americas biggest frustrations: prescription drug prices. Last week, he finally unveiled his plan, called TrumpR… [+3702 chars]",climate
"{'id': None, 'name': 'Lifesciencesworld.com'}",Noah Whitman,What do fish do when they lay eggs?,"What do Fish Do When They Lay Eggs? A Deep Dive into Reproduction When fish lay eggs, their activities vary wildly depending on the species, but generally involve finding suitable spawning grounds, preparing nests (if needed), the actual act of releasing eggs…",https://www.lifesciencesworld.com/what-do-fish-do-when-they-lay-eggs/,,2025-12-26T03:38:53Z,"When fish lay eggs, their activities vary wildly depending on the species, but generally involve finding suitable spawning grounds, preparing nests (if needed), the actual act of releasing eggs, foll… [+7919 chars]",climate
"{'id': 'the-times-of-india', 'name': 'The Times of India'}",PTI,"Air pollution India's biggest health crisis since Covid, warn doctors","Speaking to PTI, multiple senior doctors practising in the UK asserted that a vast, hidden burden of undiagnosed airway disease is ""building beneath the surface"" and its incoming wave will exact a heavy, lasting toll on Indian citizens and its healthcare syst…",https://economictimes.indiatimes.com/industry/healthcare/biotech/healthcare/air-pollution-indias-biggest-health-crisis-since-covid-warn-doctors/articleshow/126182273.cms,"https://img.etimg.com/thumb/msid-126182298,width-1200,height-630,imgsize-97228,overlay-economictimes/articleshow.jpg",2025-12-26T03:33:13Z,"New Delhi: Air pollution is arguably the biggest public health crisis India has faced since the pandemic and will continue to worsen each year unless urgent action is taken, a UK-based Indian-origin … [+5536 chars]",climate
"{'id': None, 'name': 'Lifesciencesworld.com'}",Noah Whitman,Why is croaker fish expensive?,"Why is Croaker Fish So Expensive? The Price of a Prized Catch The high price of croaker fish boils down to a complex interplay of factors, but it primarily stems from limited supply coupled with consistently high demand, making it a prized and therefore, expe…",https://www.lifesciencesworld.com/why-is-croaker-fish-expensive/,,2025-12-26T03:15:05Z,"Why is Croaker Fish So Expensive? The Price of a Prized Catch
The high price of croaker fish boils down to a complex interplay of factors, but it primarily stems from limited supply coupled with con… [+9669 chars]",climate
"{'id': None, 'name': 'Lifesciencesworld.com'}",Noah Whitman,Do foxes grow thicker fur in winter?,"Do Foxes Grow Thicker Fur in Winter? Yes, foxes undeniably grow thicker fur in winter as a vital adaptation to survive the harsh cold, developing a denser undercoat and longer guard hairs for superior insulation. This natural process is crucial for thermoregu…",https://www.lifesciencesworld.com/do-foxes-grow-thicker-fur-in-winter/,,2025-12-26T03:08:02Z,"Yes, foxes undeniably grow thicker fur in winter as a vital adaptation to survive the harsh cold, developing a denser undercoat and longer guard hairs for superior insulation. This natural process is… [+9633 chars]",climate
"{'id': None, 'name': 'Yahoo Entertainment'}",Audrey Brewer,Officials close US park following concerning sightings: 'Super out-of-the-ordinary',They are erring on the side of caution.,https://www.yahoo.com/news/articles/officials-close-us-park-following-030000275.html,https://s.yimg.com/ny/api/res/1.2/Mpu9OjrRhirZ.iLgYaOPvg--/YXBwaWQ9aGlnaGxhbmRlcjt3PTEyMDA7aD02NzU7Y2Y9d2VicA--/https://media.zenfs.com/en/the_cool_down_737/07c4944531eba9d4447450a1f5026792,2025-12-26T03:00:00Z,"A wilderness park has had to close its gates to visitors after several concerning encounters with a mountain lion.
What's happening?
Whiting Ranch Wilderness Park in Southern California closed in e… [+2888 chars]",climate
"{'id': None, 'name': 'Lifesciencesworld.com'}",Noah Whitman,Why does coral bleach chasing coral?,"Why Does Coral Bleach Chasing Coral? The Surprising Truth The phenomenon of “Why does coral bleach chasing coral?” is, at its heart, a misconception arising from observation and interpretation of reef degradation. The appearance of bleaching seemingly spreadi…",https://www.lifesciencesworld.com/why-does-coral-bleach-chasing-coral/,,2025-12-26T02:44:56Z,"Why Does Coral Bleach Chasing Coral? The Surprising Truth
The phenomenon of “Why does coral bleach chasing coral?” is, at its heart, a misconception arising from observation and interpretation of re… [+10299 chars]",climate
"{'id': None, 'name': 'Lifesciencesworld.com'}",Noah Whitman,What is the main stressor that causes coral bleaching?,"What is the Main Stressor That Causes Coral Bleaching? The main stressor that causes coral bleaching is elevated water temperature. This temperature stress disrupts the symbiotic relationship between corals and the algae that live within their tissues, leadin…",https://www.lifesciencesworld.com/what-is-the-main-stressor-that-causes-coral-bleaching/,,2025-12-26T02:40:44Z,"The main stressor that causes coral bleaching is elevated water temperature. This temperature stress disrupts the symbiotic relationship between corals and the algae that live within their tissues, l… [+9582 chars]",climate
"{'id': None, 'name': 'Newsbreak.com'}",Frank Yemi,Even Trump-Aligned Economists Warn President Is About to Upend U.S. Health Care - NewsBreak,President Donald Trump has spent months promising a straightforward solution for one of America’s biggest frustrations: prescription drug prices. Last week,https://www.newsbreak.com/share/4413413595231-even-trump-aligned-economists-warn-president-is-about-to-upend-u-s-health-care?s=a2&amp;share_destination_id=MjQyMzAxNTkzLTE3NjY3MTY3NDA3NDI%3D&amp;pd=0GOfiD2V&amp;hl=en_US&amp;send_time=1766716740&amp;actBtn=bottomBar&amp;_f=app_share&amp;trans_data=%7B%22platform%22%3A1%2C%22cv%22%3A%2225.51.1%22%2C%22languages%22%3A%22en%22%7D,https://img.particlenews.com/img/id/02piJK_17b347QI00,2025-12-26T02:39:27Z,"President Donald Trump has spent months promising a straightforward solution for one of Americas biggest frustrations: prescription drug prices. Last week, he finally unveiled his plan, called TrumpR… [+3702 chars]",climate
"{'id': None, 'name': 'Lifesciencesworld.com'}",Noah Whitman,Can angler fish eat people?,"Can Angler Fish Eat People? A Deep Dive into the Depths No, absolutely not. The question “Can angler fish eat people?” can be definitively answered with a resounding no: Anglerfish are far too small to even consider consuming a human. Understanding Anglerfish…",https://www.lifesciencesworld.com/can-angler-fish-eat-people/,,2025-12-26T02:38:28Z,"No, absolutely not. The question “Can angler fish eat people?” can be definitively answered with a resounding no: Anglerfish are far too small to even consider consuming a human.
Understanding Angle… [+7317 chars]",climate
"{'id': None, 'name': 'Lifesciencesworld.com'}",Noah Whitman,How long is a starfish in an egg?,"How Long is a Starfish in an Egg? Unveiling the Mysteries of Asteroid Development The duration a starfish spends within its egg varies significantly depending on the species and environmental factors; however, generally, the timeframe for starfish to hatch fr…",https://www.lifesciencesworld.com/how-long-is-a-starfish-in-an-egg/,,2025-12-26T02:17:33Z,"How Long is a Starfish in an Egg? Unveiling the Mysteries of Asteroid Development
The duration a starfish spends within its egg varies significantly depending on the species and environmental factor… [+7835 chars]",climate
"{'id': None, 'name': 'Lifesciencesworld.com'}",Noah Whitman,How fast is a Grant’s gazelle?,"How Fast is a Grant’s Gazelle? The Surprising Speed of an African Icon The Grant’s gazelle is renowned for its speed, but exactly how fast is a Grant’s gazelle? These elegant creatures can reach speeds of up to 80-90 kilometers per hour (50-55 miles per hour)…",https://www.lifesciencesworld.com/how-fast-is-a-grants-gazelle/,,2025-12-26T02:01:52Z,"The Grant’s gazelle is renowned for its speed, but exactlyhow fast is a Grant’s gazelle? These elegant creatures can reach speeds of up to 80-90 kilometers per hour (50-55 miles per hour) in short bu… [+9250 chars]",climate
"{'id': None, 'name': 'Lifesciencesworld.com'}",Noah Whitman,What is harmful to squirrels?,"What is Harmful to Squirrels? Many factors threaten squirrel populations, ranging from human activity to natural predators and disease. What is harmful to squirrels? Understanding these dangers—including poisons, traffic, lack of suitable habitat, and disease…",https://www.lifesciencesworld.com/what-is-harmful-to-squirrels/,,2025-12-26T01:41:36Z,"Many factors threaten squirrel populations, ranging from human activity to natural predators and disease. What is harmful to squirrels? Understanding these dangersincluding poisons, traffic, lack of … [+11592 chars]",climate
"{'id': None, 'name': 'The Straits Times'}",,Green debt sales hit record levels in 2025 despite climate backlash,The flows are notable in year when Trump backed fossil fuels and dismantled clean-energy subsidies and legislation. Read more at straitstimes.com. Read more at straitstimes.com.,https://www.straitstimes.com/business/companies-markets/green-debt-sales-hit-record-levels-in-2025-despite-climate-backlash,https://cassette.sphdigital.com.sg/image/straitstimes/6c69b902143a4c7c348148d4429519ac0332344f83bb2a23e2d4609e15b4c43c,2025-12-26T01:30:49Z,"Singapore - Investors have piled into climate-friendly assets despite policy and regulatory rollbacks in the US and Europe, as artificial intelligence drives a boom in energy infrastructure demand.
… [+3886 chars]",climate
"{'id': None, 'name': 'Lifesciencesworld.com'}",Noah Whitman,Do chinchillas like their ears rubbed?,"Do Chinchillas Like Their Ears Rubbed? Unveiling the Truth Behind Chin Ear Affection Chinchillas are known for their luxurious fur, but what about their ears? The definitive answer is: It depends on the chinchilla! While some chinchillas adore ear rubs, findi…",https://www.lifesciencesworld.com/do-chinchillas-like-their-ears-rubbed/,,2025-12-26T01:27:17Z,"Do Chinchillas Like Their Ears Rubbed? Unveiling the Truth Behind Chin Ear Affection
Chinchillas are known for their luxurious fur, but what about their ears? The definitive answer is: It depends on… [+8847 chars]",climate
"{'id': 'breitbart-news', 'name': 'Breitbart News'}",Jasmyn Jordan,"Trump Hits ISIS in Nigeria on Christmas, Citing Mass Christian Killings: ‘Our Country Will Not Allow Radical Islamic Terrorism to Prosper’","President Donald Trump stated that, acting as Commander in Chief, he directed the United States to carry out a “powerful and deadly strike” in northwest Nigeria against ISIS terrorists, whom he identified as responsible for targeting and killing innocent Chri…",https://www.breitbart.com/faith/2025/12/25/trump-hits-isis-nigeria-christmas-citing-mass-christian-killings/,https://media.breitbart.com/media/2025/12/donald-trump-wh-dec17-2025-white-house-flickr-640x335.jpg,2025-12-26T01:24:49Z,"President Donald Trump stated that, acting as Commander in Chief, he directed the United States to carry out a powerful and deadly strike in northwest Nigeria against ISIS terrorists, whom he identif… [+3359 chars]",climate
"{'id': None, 'name': 'The Daily Caller'}",Vijay Jayaraj,VIJAY JAYARAJ: Energy Transition Meltdown Could Mean Global Bifurcation,"History will likely remember 2025 as the year energy corporatists finally stopped pretending there is a climate crisis. For a decade, a bizarre theater",https://dailycaller.com/2025/12/25/opinion-energy-transition-meltdown-could-mean-global-bifurcation-vijay-jayaraj/,"https://images.dailycaller.com/image/width=1280,height=549,fit=cover,format=webp,f=auto/https://cdn01.dailycaller.com/wp-content/uploads/2025/01/GettyImages-79471476-scaled-e1736790697172.jpg",2025-12-26T01:21:47Z,"History will likely remember 2025 as the year energy corporatists finally stopped pretending there is a climate crisis. For a decade, a bizarre theater of the absurd played out as titans of the oil a… [+4985 chars]",climate
"{'id': None, 'name': 'Lifesciencesworld.com'}",Noah Whitman,Do ferrets nap a lot?,"Do Ferrets Nap A Lot? Exploring the World of Ferret Sleep Yes, ferrets nap a lot! In fact, these playful creatures spend a significant portion of their day sleeping, typically 14-18 hours per day. Understanding their sleep habits is crucial for providing prop…",https://www.lifesciencesworld.com/do-ferrets-nap-a-lot/,,2025-12-26T01:17:29Z,"Yes, ferrets nap a lot! In fact, these playful creatures spend a significant portion of their day sleeping, typically 14-18 hours per day. Understanding their sleep habits is crucial for providing pr… [+6773 chars]",climate
"{'id': None, 'name': 'Starweekly.com.au'}",jimjin,Sunbury says no to waste-to-energy,"This article was originally published on November 25. Star Weekly is sharing it again for you to enjoy. Sunbury’s got one big burning issue, and residents are uniting to try to stamp it out. Georgia Tacey caught up with the creator of the No Sunbury Waste Inc…",https://northern.starweekly.com.au/news/sunbury-says-no-to-waste-to-energy-2/,https://northern.starweekly.com.au/wp-content/uploads/sites/5/2025/12/Burner_498744_03.jpg,2025-12-26T01:10:03Z,"This article was originally published on November 25. Star Weekly is sharing it again for you to enjoy.
Sunburys got one big burning issue, and residents are uniting to try to stamp it out. Georgia … [+6179 chars]",climate
"{'id': None, 'name': 'The Punch'}",Punch Newspapers,Elon Musk: Conquering death with AI and chips,"Explore Elon Musk’s vision for conquering death through consciousness uploading. Learn how AI and Neuralink chips aim to achieve digital immortality.

Read More: https://punchng.com/elon-musk-conquering-death-with-ai-and-chips/",https://punchng.com/elon-musk-conquering-death-with-ai-and-chips/,https://cdn.punchng.com/wp-content/uploads/2024/08/18083906/AFP__20240817__36EE3UP__v1__Mockup__FilesUsBrazilInternetMedia-1200x630.jpg,2025-12-26T01:06:46Z,"In the ever-evolving landscape of artificial intelligence and technological innovation, few figures loom as large as Elon Musk. As the CEO of Neuralink, Tesla, SpaceX, and xAI, Musk has consistently … [+8292 chars]",climate
"{'id': 'abc-news-au', 'name': 'ABC News (AU)'}",ABC News,Shoppers hit Boxing Day sales amid record spending prediction,"The Australian Retailers Association is predicting a 4 per cent rise in spending in the Boxing Day sales, despite tough economic conditions.",https://www.abc.net.au/news/2025-12-26/shoppers-hit-boxing-day-sales/106179634,https://live-production.wcms.abc-cdn.net.au/d02b21e4bb90b6e4c3fb5607aa30f4d6?impolicy=wcms_watermark_news&cropH=1080&cropW=1920&xPos=0&yPos=0&width=862&height=485&imformat=generic,2025-12-26T01:05:10Z,"Retailers are anticipating a boost in activity during today's Boxing Day sales, despite tough economic conditions across Australia.
Australians are expected to spend a record $1.6 billion today, sup… [+3499 chars]",climate
