source,author,title,description,url,urlToImage,publishedAt,content,topic
"{'id': None, 'name': 'ETF Daily News'}",MarketBeat News,HC Wainwright Cuts GENFIT (NASDAQ:GNFT) Price Target to $7.00,"GENFIT (NASDAQ:GNFT – Free Report) had its target price reduced by HC Wainwright from $9.00 to $7.00 in a research report released on Wednesday morning,Benzinga reports. They currently have a buy rating on the stock. GENFIT Price Performance Shares of GNFT op…",https://www.etfdailynews.com/2025/09/25/hc-wainwright-cuts-genfit-nasdaqgnft-price-target-to-7-00/,https://www.americanbankingnews.com/wp-content/timthumb/timthumb.php?src=https://www.marketbeat.com/logos/genfit-sa-logo.png?v=20240522124210&w=240&h=240&zc=2,2025-09-25T06:46:45Z,"GENFIT (NASDAQ:GNFT – Free Report) had its target price reduced by HC Wainwright from $9.00 to $7.00 in a research report released on Wednesday morning,Benzinga reports. They currently have a buy rat… [+2235 chars]",technology
"{'id': None, 'name': 'ETF Daily News'}",MarketBeat News,Concentrix (NASDAQ:CNXC) Receives “Outperform” Rating from Barrington Research,"Barrington Research reissued their outperform rating on shares of Concentrix (NASDAQ:CNXC – Free Report) in a research report released on Wednesday morning,Benzinga reports. The brokerage currently has a $62.00 price objective on the stock. Other equities res…",https://www.etfdailynews.com/2025/09/25/concentrix-nasdaqcnxc-receives-outperform-rating-from-barrington-research/,https://www.americanbankingnews.com/wp-content/timthumb/timthumb.php?src=https://www.marketbeat.com/logos/concentrix-co-logo.png?v=20250327071027&w=240&h=240&zc=2,2025-09-25T06:46:45Z,"Barrington Research reissued their outperform rating on shares of Concentrix (NASDAQ:CNXC – Free Report) in a research report released on Wednesday morning,Benzinga reports. The brokerage currently h… [+4975 chars]",technology
"{'id': None, 'name': 'Dumblittleman.com'}",Trevor Fields,List of Pixar Movies That Go Way Too Hard for Kids,"Pixar animation studios has never been about “just kids’ movies.” Oh no, my friend. If you’ve ever looked at a complete list of Pixar movies, you know exactly what I mean. These so-called family films might sparkle with playful characters, talking toys, and d…",https://www.dumblittleman.com/list-of-pixar-movies/,https://www.dumblittleman.com/wp-content/uploads/2025/09/title.jpg,2025-09-25T06:45:25Z,"Pixar animation studios has never been about just kids movies. Oh no, my friend. If youve ever looked at a complete list of Pixar movies, you know exactly what I mean. These so-called family films mi… [+34925 chars]",technology
"{'id': None, 'name': 'ETF Daily News'}",MarketBeat News,"Voyager Technologies, Inc. (NYSE:VOYG) Receives Average Rating of “Moderate Buy” from Brokerages","Voyager Technologies, Inc. (NYSE:VOYG – Get Free Report) has received an average recommendation of “Moderate Buy” from the seven ratings firms that are covering the company, MarketBeat.com reports. Two equities research analysts have rated the stock with a ho…",https://www.etfdailynews.com/2025/09/25/voyager-technologies-inc-nysevoyg-receives-average-rating-of-moderate-buy-from-brokerages/,https://www.americanbankingnews.com/wp-content/timthumb/timthumb.php?src=https://www.marketbeat.com/logos/voyager-technologies-inc-logo-1200x675.jpg?v=20250707123436&w=240&h=240&zc=2,2025-09-25T06:44:56Z,"Voyager Technologies, Inc. (NYSE:VOYG – Get Free Report) has received an average recommendation of “Moderate Buy” from the seven ratings firms that are covering the company, MarketBeat.com reports. T… [+3532 chars]",technology
"{'id': None, 'name': 'ETF Daily News'}",MarketBeat News,ZW Data Action Technologies (NASDAQ:CNET) vs. Haoxi Health Technology (NASDAQ:HAO) Head-To-Head Analysis,"Risk and Volatility ZW Data Action Technologies has a beta of 0.52, indicating that its share price is 48% less volatile than the S&P 500. Comparatively, Haoxi Health Technology has a beta of -0.41, indicating that its share price is 141% less volatile than t…",https://www.etfdailynews.com/2025/09/25/zw-data-action-technologies-nasdaqcnet-vs-haoxi-health-technology-nasdaqhao-head-to-head-analysis/,https://www.americanbankingnews.com/wp-content/timthumb/timthumb.php?src=https://www.marketbeat.com/logos/haoxi-health-technology-limited-logo-1200x675.png?v=20240613122638&w=240&h=240&zc=2,2025-09-25T06:44:54Z,"Risk and Volatility
ZW Data Action Technologies has a beta of 0.52, indicating that its share price is 48% less volatile than the S&amp;P 500. Comparatively, Haoxi Health Technology has a beta of -0… [+4031 chars]",technology
"{'id': None, 'name': 'ETF Daily News'}",MarketBeat News,Head-To-Head Comparison: Cambium Networks (NASDAQ:CMBM) vs. Spok (NASDAQ:SPOK),"Cambium Networks (NASDAQ:CMBM – Get Free Report) and Spok (NASDAQ:SPOK – Get Free Report) are both small-cap computer and technology companies, but which is the superior stock? We will compare the two companies based on the strength of their earnings, dividen…",https://www.etfdailynews.com/2025/09/25/head-to-head-comparison-cambium-networks-nasdaqcmbm-vs-spok-nasdaqspok/,https://www.americanbankingnews.com/wp-content/timthumb/timthumb.php?src=https://www.marketbeat.com/logos/spok-holdings-inc-logo-1200x675.jpg&w=240&h=240&zc=2,2025-09-25T06:44:51Z,"Cambium Networks (NASDAQ:CMBM – Get Free Report) and Spok (NASDAQ:SPOK – Get Free Report) are both small-cap computer and technology companies, but which is the superior stock? We will compare the tw… [+6800 chars]",technology
"{'id': None, 'name': 'ETF Daily News'}",MarketBeat News,Reviewing Morningstar (NASDAQ:MORN) and INTERTEK GP (OTCMKTS:IKTSY),"Morningstar (NASDAQ:MORN – Get Free Report) and INTERTEK GP (OTCMKTS:IKTSY – Get Free Report) are both mid-cap business services companies, but which is the better business? We will contrast the two businesses based on the strength of their analyst recommenda…",https://www.etfdailynews.com/2025/09/25/reviewing-morningstar-nasdaqmorn-and-intertek-gp-otcmktsiktsy/,https://www.americanbankingnews.com/wp-content/timthumb/timthumb.php?src=https://www.marketbeat.com/logos/intertek-group-plc-logo-1200x675.jpg?v=20221110153504&w=240&h=240&zc=2,2025-09-25T06:44:49Z,"Morningstar (NASDAQ:MORN – Get Free Report) and INTERTEK GP (OTCMKTS:IKTSY – Get Free Report) are both mid-cap business services companies, but which is the better business? We will contrast the two … [+7030 chars]",technology
"{'id': None, 'name': 'ETF Daily News'}",MarketBeat News,Dell Technologies Inc. (NYSE:DELL) Given Average Recommendation of “Moderate Buy” by Brokerages,"Dell Technologies Inc. (NYSE:DELL – Get Free Report) has earned an average recommendation of “Moderate Buy” from the twenty-two analysts that are currently covering the stock, MarketBeat reports. Six equities research analysts have rated the stock with a hold…",https://www.etfdailynews.com/2025/09/25/dell-technologies-inc-nysedell-given-average-recommendation-of-moderate-buy-by-brokerages/,https://www.americanbankingnews.com/wp-content/timthumb/timthumb.php?src=https://www.marketbeat.com/logos/dell_logo020307-1200x675.jpg&w=240&h=240&zc=2,2025-09-25T06:44:47Z,"Dell Technologies Inc. (NYSE:DELL – Get Free Report) has earned an average recommendation of “Moderate Buy” from the twenty-two analysts that are currently covering the stock, MarketBeat reports. Six… [+6109 chars]",technology
"{'id': 'the-times-of-india', 'name': 'The Times of India'}",Sobia Khan,"GCC-driven office space demand crosses 50 msf in first nine months of 2025, an 8% YoY rise","India's office market shows strong performance in the first three quarters of 2025. Leasing reached 50.9 million sq ft, up 8% year-on-year. Bengaluru leads, but Pune, Mumbai, and Chennai see sharp growth. GCCs drive demand, leasing nearly 20 million sq ft. Te…",https://economictimes.indiatimes.com/industry/services/property-/-cstruction/gcc-driven-office-space-demand-crosses-50-msf-in-first-nine-months-of-2025-an-8-yoy-rise/articleshow/124106997.cms,"https://img.etimg.com/thumb/msid-124107019,width-1200,height-630,imgsize-269779,overlay-economictimes/articleshow.jpg",2025-09-25T06:44:11Z,"Leasing activity across Indias top seven office markets remained upbeat in the first three quarters of 2025, with space uptake reaching 50.9 million sq. ft., an 8% YoY growth. On a quarterly basis, h… [+3463 chars]",technology
"{'id': None, 'name': 'ETF Daily News'}",MarketBeat News,JPMorgan Chase & Co. Lowers Lineage (NASDAQ:LINE) Price Target to $43.00,"Lineage (NASDAQ:LINE – Get Free Report) had its price objective decreased by investment analysts at JPMorgan Chase & Co. from $44.00 to $43.00 in a research note issued on Tuesday,Benzinga reports. The firm presently has an “underweight” rating on the stock. …",https://www.etfdailynews.com/2025/09/25/jpmorgan-chase-co-lowers-lineage-nasdaqline-price-target-to-43-00/,https://www.americanbankingnews.com/wp-content/timthumb/timthumb.php?src=https://www.marketbeat.com/logos/lineage-inc-logo-1200x675.png?v=20240826165916&w=240&h=240&zc=2,2025-09-25T06:42:42Z,"Lineage (NASDAQ:LINE – Get Free Report) had its price objective decreased by investment analysts at JPMorgan Chase &amp; Co. from $44.00 to $43.00 in a research note issued on Tuesday,Benzinga report… [+5793 chars]",technology
"{'id': None, 'name': 'Biztoc.com'}",asiafinancial.com,Subsidies And Homegrown Tech: How China Plans To Rival Stargate,"China has stepped up its push for artificial intelligence dominance by doling out subsidies for data centres and linking underused processors across the country via homegrown technology.
The country is spending billions — and converting rice fields into massi…",https://biztoc.com/x/baea82adc240cb28,https://biztoc.com/cdn/baea82adc240cb28_s.webp,2025-09-25T06:42:25Z,China has stepped up its push for artificial intelligence dominance by doling out subsidies for data centres and linking underused processors across the country via homegrown technology.The country i… [+138 chars],technology
"{'id': None, 'name': 'ETF Daily News'}",MarketBeat News,X-FAB Silicon Foundries (OTC:XFABF) Shares Up 1.6% – Here’s What Happened,"X-FAB Silicon Foundries SE (OTC:XFABF – Get Free Report)’s stock price was up 1.6% during mid-day trading on Wednesday . The stock traded as high as $8.34 and last traded at $8.34. Approximately 400 shares traded hands during trading, a decline of 76% from th…",https://www.etfdailynews.com/2025/09/25/x-fab-silicon-foundries-otcxfabf-shares-up-1-6-heres-what-happened/,https://www.americanbankingnews.com/wp-content/timthumb/timthumb.php?src=https://www.marketbeat.com/logos/x-fab-silicon-foundries-se-logo-1200x675.jpg?v=20250209154550&w=240&h=240&zc=2,2025-09-25T06:40:53Z,X-FAB Silicon Foundries SE (OTC:XFABF – Get Free Report)’s stock price was up 1.6% during mid-day trading on Wednesday . The stock traded as high as $8.34 and last traded at $8.34. Approximately 400 … [+937 chars],technology
"{'id': None, 'name': 'ETF Daily News'}",MarketBeat News,Katapult Sees Unusually Large Options Volume (NASDAQ:KPLT),"Katapult Holdings, Inc. (NASDAQ:KPLT – Get Free Report) was the recipient of unusually large options trading on Wednesday. Stock traders purchased 21,767 put options on the stock. This represents an increase of approximately 1,055% compared to the typical vol…",https://www.etfdailynews.com/2025/09/25/katapult-sees-unusually-large-options-volume-nasdaqkplt/,https://www.americanbankingnews.com/wp-content/timthumb/timthumb.php?src=https://www.marketbeat.com/logos/katapult-holdings-inc-logo-1200x675.png?v=20221223094341&w=240&h=240&zc=2,2025-09-25T06:40:51Z,"Katapult Holdings, Inc. (NASDAQ:KPLT – Get Free Report) was the recipient of unusually large options trading on Wednesday. Stock traders purchased 21,767 put options on the stock. This represents an … [+2658 chars]",technology
"{'id': None, 'name': 'The Straits Times'}",David Sun,Singapore’s prisons can manage inmates with varying health conditions: Faishal Ibrahim,The Senior Minister of State for Home Affairs said prisons have an adequate healthcare system and protocol. Read more at straitstimes.com. Read more at straitstimes.com.,https://www.straitstimes.com/singapore/politics/singapores-prisons-can-manage-inmates-with-varying-health-conditions-faishal-ibrahim,https://cassette.sphdigital.com.sg/image/straitstimes/154c53d60345332bbe5c4fd124f33167a5837f61dfd1722323ab9baa5fce7900,2025-09-25T06:40:02Z,"Follow our live coverage here.
SINGAPORE Prisons here have an adequate healthcare system and protocol to treat inmates, and they can manage those with varying conditions.
Senior Minister of State f… [+3892 chars]",technology
"{'id': None, 'name': 'Geeky Gadgets'}",Julian Horsey,Synology Removes Graphics Drivers and HEVC & H.264 HW Transcoding Support,"What happens when a trusted tech brand makes a decision that fundamentally alters how its products are used? For Synology, the answer is unfolding in real-time, as its recent move to eliminate hardware transcoding and HEVC (H.265) support from its latest 2025…",https://www.geeky-gadgets.com/synology-nas-hevc-support-removal-2025/,https://www.geeky-gadgets.com/wp-content/uploads/2025/09/synology-nas-hevc-support-removal_optimized.jpg,2025-09-25T06:39:48Z,"What happens when a trusted tech brand makes a decision that fundamentally alters how its products are used? For Synology, the answer is unfolding in real-time, as its recent move to eliminate hardwa… [+7806 chars]",technology
"{'id': None, 'name': 'Ndtvprofit.com'}",NDTV Profit News,Oracle Founder Larry Ellison's $368 Billion Fortune Puts 95% Giving Pledge In Spotlight,"Oracle Founder Larry Ellison is now worth $368 billion and enjoys the title of the second richest person in the world, only behind Tesla's Elon Musk. In year-to-date terms, his wealth has surged by a massive $176 billion in 2025, putting a renewed focus on hi…",https://www.ndtvprofit.com/business/oracle-founder-larry-ellisons-368-billion-fortune-puts-95-giving-pledge-in-spotlight,https://media.assettype.com/bloombergquint%2F2025-09-25%2Fzb6s7nbv%2FWhatsApp-Image-2025-09-25-at-12.30.04.jpeg?w=1200&auto=format%2Ccompress&ogImage=true,2025-09-25T06:39:43Z,"Oracle Founder Larry Ellison is now worth $368 billion and enjoys the title of the second richest person in the world, only behind Tesla's Elon Musk. In year-to-date terms, his wealth has surged by a… [+1264 chars]",technology
"{'id': None, 'name': 'ETF Daily News'}",MarketBeat News,Knorex Ltd. (KNRX) Announces September 29th IPO,"Knorex Ltd. (KNRX) plans to raise $12 million in an initial public offering (IPO) on the week of September 29th, IPO Scoop reports. The company will issue 3,000,000 shares at a price of $4.00 per share. In the last twelve months, Knorex Ltd. generated $10.80 …",https://www.etfdailynews.com/2025/09/25/knorex-ltd-knrx-announces-september-29th-ipo/,https://www.americanbankingnews.com/wp-content/timthumb/timthumb.php?src=https://www.marketbeat.com/logos/ipo2.jpg&w=240&h=240&zc=2,2025-09-25T06:38:49Z,"Knorex Ltd. (KNRX) plans to raise $12 million in an initial public offering (IPO) on the week of September 29th, IPO Scoop reports. The company will issue 3,000,000 shares at a price of $4.00 per sha… [+5305 chars]",technology
"{'id': None, 'name': 'ETF Daily News'}",MarketBeat News,GrowHub (NASDAQ:TGHL) Downgraded to Sell Rating by Wall Street Zen,Wall Street Zen cut shares of GrowHub (NASDAQ:TGHL – Free Report) from a hold rating to a sell rating in a research report released on Wednesday. GrowHub Stock Performance TGHL opened at $1.76 on Wednesday. GrowHub has a twelve month low of $1.68 and a twelve…,https://www.etfdailynews.com/2025/09/25/growhub-nasdaqtghl-downgraded-to-sell-rating-by-wall-street-zen/,https://www.americanbankingnews.com/wp-content/timthumb/timthumb.php?src=https://www.marketbeat.com/logos/downgrade-image.jpg&w=240&h=240&zc=2,2025-09-25T06:38:49Z,"Wall Street Zen cut shares of GrowHub (NASDAQ:TGHL – Free Report) from a hold rating to a sell rating in a research report released on Wednesday.
GrowHub Stock Performance
TGHL opened at $1.76 on W… [+1037 chars]",technology
"{'id': 'the-times-of-india', 'name': 'The Times of India'}",Deutsche Welle,Germany's bid to lead in autonomous driving faces roadblocks,Germany is making strides in self-driving technology. Engineer Michael Spengler demonstrates autonomous car capabilities at Paderborn Airport. NeMo Paderborn aims to revolutionise mobility with autonomous cabs and tractor units. Several cities are testing aut…,https://timesofindia.indiatimes.com/world/europe/germanys-bid-to-lead-in-autonomous-driving-faces-roadblocks/articleshow/124106097.cms,"https://static.toiimg.com/thumb/msid-124106761,width-1070,height-580,imgsize-917785,resizemode-75,overlay-toi_sw,pt-32,y_pad-40/photo.jpg",2025-09-25T06:38:07Z,Navratri 2025: Neeru Bajwas ultimate festive fashion guide,technology
"{'id': None, 'name': 'CoinDesk'}",Ian Allison,Nine European Banks Join Forces To Issue MiCA-Compliant Euro Stablecoin,"The banks involved in the new euro-denominated stablecoin are: ING, Banca Sella, KBC, Danske Bank, DekaBank, UniCredit, SEB, CaixaBank and Raiffeisen Bank International.",https://www.coindesk.com/business/2025/09/25/nine-european-banks-join-forces-to-issue-mica-compliant-euro-stablecoin,https://cdn.sanity.io/images/s3y3vcno/production/90c79382ea1638769965d60cb286d88992217053-1920x1080.jpg?auto=format,2025-09-25T06:35:58Z,"Nine major european banks have joined forces to launch a euro-denominated stablecoin regulated under the trading blocks Markets in Crypto Assets regime (MiCA). 
The banking giants involved are: ING,… [+2128 chars]",technology
"{'id': None, 'name': 'Www.gov.uk'}",,25 Filipino scholars to pursue advanced UK degrees,"25 Filipino scholars head to UK universities under Chevening and ASEAN–UK SAGE scholarships, marking a milestone in UK–Philippines education ties.",https://www.gov.uk/government/news/25-filipino-scholars-to-pursue-advanced-uk-degrees,https://assets.publishing.service.gov.uk/media/68d4de4730734bac9ba0fc84/s960_SDIM4025_2.jpg,2025-09-25T06:34:50Z,"Twenty-five Filipino scholars will pursue advanced degree programmes at UK universities this year through prestigious UK government scholarships, marking another milestone in UK-Philippines education… [+7076 chars]",technology
"{'id': 'fox-sports', 'name': 'Fox Sports'}",,"Maryland Sports Betting: MD Sportsbooks, Apps, and Promos","Compare the best Maryland sportsbooks and betting apps for 2025. Learn how to sign up, claim sportsbook promos, and legally bet on sports in MD.",https://www.foxsports.com/stories/betting/maryland-sports-betting,https://a57.foxsports.com/statics.foxsports.com/www.foxsports.com/content/uploads/2024/01/1408/814/Lamar-Jackson-Ravens-playoffs.jpg?ve=1&tl=1,2025-09-25T06:34:17Z,"This page may contain affiliate links to legal sports betting partners. If you sign up or place a wager, FOX Sports may be compensated. Read more about Sports Betting on FOX Sports.
Best Maryland Sp… [+24499 chars]",technology
"{'id': 'the-times-of-india', 'name': 'The Times of India'}",ET Online,"JSW Motors revs up for major new phase, eyes deals with BYD & several other other China automakers","JSW Motors is investing ₹26,000 crore to foray into India's passenger vehicle market, aiming to launch its first car by June next year. The company is in talks with BYD, Volkswagen, and Renault for technology and platforms, planning to manufacture up to 25 mo…",https://economictimes.indiatimes.com/industry/auto/auto-news/jsw-motors-revs-up-for-major-new-phase-eyes-deals-with-byd-several-other-other-china-automakers/articleshow/124106461.cms,"https://img.etimg.com/thumb/msid-124106866,width-1200,height-630,imgsize-75742,overlay-economictimes/articleshow.jpg",2025-09-25T06:33:11Z,"Sajjan Jindals auto venture, JSW Motors, is gearing up for an ambitious entry into Indias crowded passenger vehicle market. The company has earmarked nearly 26,000 crore over the next five years and … [+2855 chars]",technology
"{'id': None, 'name': 'ETF Daily News'}",MarketBeat News,Barrington Research Issues Positive Forecast for American Public Education (NASDAQ:APEI) Stock Price,"American Public Education (NASDAQ:APEI – Get Free Report) had its price target lifted by equities research analysts at Barrington Research from $36.00 to $40.00 in a research note issued on Tuesday,Benzinga reports. The firm presently has an “outperform” rati…",https://www.etfdailynews.com/2025/09/25/barrington-research-issues-positive-forecast-for-american-public-education-nasdaqapei-stock-price/,https://www.americanbankingnews.com/wp-content/timthumb/timthumb.php?src=https://www.marketbeat.com/logos/american-public-education-inc-logo-1200x675.png?v=20221215091220&w=240&h=240&zc=2,2025-09-25T06:32:53Z,"American Public Education (NASDAQ:APEI – Get Free Report) had its price target lifted by equities research analysts at Barrington Research from $36.00 to $40.00 in a research note issued on Tuesday,B… [+4880 chars]",technology
"{'id': None, 'name': 'ETF Daily News'}",MarketBeat News,Micron Technology (NASDAQ:MU) Price Target Raised to $200.00,"Micron Technology (NASDAQ:MU – Free Report) had its target price boosted by Citigroup from $175.00 to $200.00 in a research note issued to investors on Wednesday morning, MarketBeat Ratings reports. Citigroup currently has a buy rating on the semiconductor ma…",https://www.etfdailynews.com/2025/09/25/micron-technology-nasdaqmu-price-target-raised-to-200-00/,https://www.americanbankingnews.com/wp-content/timthumb/timthumb.php?src=https://www.marketbeat.com/logos/micron-technology-inc-logo.png?v=20250619142455&w=240&h=240&zc=2,2025-09-25T06:32:50Z,"Micron Technology (NASDAQ:MU – Free Report) had its target price boosted by Citigroup from $175.00 to $200.00 in a research note issued to investors on Wednesday morning, MarketBeat Ratings reports. … [+6543 chars]",technology
"{'id': None, 'name': 'ETF Daily News'}",MarketBeat News,"Micron Technology (NASDAQ:MU) Stock Price Expected to Rise, The Goldman Sachs Group Analyst Says","Micron Technology (NASDAQ:MU – Free Report) had its price objective boosted by The Goldman Sachs Group from $130.00 to $145.00 in a research note issued to investors on Wednesday morning,Benzinga reports. The Goldman Sachs Group currently has a neutral rating…",https://www.etfdailynews.com/2025/09/25/micron-technology-nasdaqmu-stock-price-expected-to-rise-the-goldman-sachs-group-analyst-says/,https://www.americanbankingnews.com/wp-content/timthumb/timthumb.php?src=https://www.marketbeat.com/logos/micron-technology-inc-logo.png?v=20250619142455&w=240&h=240&zc=2,2025-09-25T06:32:50Z,"Micron Technology (NASDAQ:MU – Free Report) had its price objective boosted by The Goldman Sachs Group from $130.00 to $145.00 in a research note issued to investors on Wednesday morning,Benzinga rep… [+6220 chars]",technology
"{'id': None, 'name': 'ETF Daily News'}",MarketBeat News,Micron Technology (NASDAQ:MU) Given New $220.00 Price Target at Wedbush,"Micron Technology (NASDAQ:MU – Free Report) had its price objective boosted by Wedbush from $200.00 to $220.00 in a report released on Wednesday, Marketbeat Ratings reports. The brokerage currently has an outperform rating on the semiconductor manufacturer’s …",https://www.etfdailynews.com/2025/09/25/micron-technology-nasdaqmu-given-new-220-00-price-target-at-wedbush/,https://www.americanbankingnews.com/wp-content/timthumb/timthumb.php?src=https://www.marketbeat.com/logos/micron-technology-inc-logo.png?v=20250619142455&w=240&h=240&zc=2,2025-09-25T06:32:50Z,"Micron Technology (NASDAQ:MU – Free Report) had its price objective boosted by Wedbush from $200.00 to $220.00 in a report released on Wednesday, Marketbeat Ratings reports. The brokerage currently h… [+6307 chars]",technology
"{'id': None, 'name': 'ETF Daily News'}",MarketBeat News,Grid Dynamics (NASDAQ:GDYN) Earns Buy Rating from Analysts at Jefferies Financial Group,"Jefferies Financial Group initiated coverage on shares of Grid Dynamics (NASDAQ:GDYN – Free Report) in a report published on Monday, MarketBeat.com reports. The firm issued a buy rating and a $11.00 price objective on the stock. Other analysts also recently i…",https://www.etfdailynews.com/2025/09/25/grid-dynamics-nasdaqgdyn-earns-buy-rating-from-analysts-at-jefferies-financial-group/,https://www.americanbankingnews.com/wp-content/timthumb/timthumb.php?src=https://www.marketbeat.com/logos/grid-dynamics-holdings-inc-logo.jpg?v=20221206152645&w=240&h=240&zc=2,2025-09-25T06:30:42Z,"Jefferies Financial Group initiated coverage on shares of Grid Dynamics (NASDAQ:GDYN – Free Report) in a report published on Monday, MarketBeat.com reports. The firm issued a buy rating and a $11.00 … [+4525 chars]",technology
"{'id': None, 'name': 'Livemint'}",Vineet Nayar,"Give the AI revolution time. It’s less about machines, more about us","AI is hailed as a saviour of business and society, but history shows true revolutions unfold slowly, through human reinvention and trust. The real revolution will come from humans willing to slow down, unlearn old rules and ask fundamental questions that’ll h…",https://www.livemint.com/opinion/online-views/ai-artificial-intelligence-generative-content-machine-learning-google-amazon-advertising-11758694211043.html,https://www.livemint.com/lm-img/img/2025/09/24/1600x900/logo/seemingly_conscious_ai_1758110573405_1758110578741_1758705498420.jpeg,2025-09-25T06:30:16Z,"Artificial intelligence (AI) will not save us. But people using AI might. Everywhere I go, I hear the same breathless excitement. Generative AI is hailed as the new saviour. Some worship it as the ul… [+4430 chars]",technology
"{'id': None, 'name': 'GlobeNewswire'}",Arecor Therapeutics PLC,Arecor announces Co-development Agreement with US Insulin Pump Device Company for AT278 & Sale of Royalty Rights and Technology Access Fees for AT220 and AT292,Arecor Therapeutics announces Co-development Agreement for AT278 with Sequel Med Tech and Sale of Royalty and Technology Access Fees for up to $11m......,https://www.globenewswire.com/news-release/2025/09/25/3155998/0/en/Arecor-announces-Co-development-Agreement-with-US-Insulin-Pump-Device-Company-for-AT278-Sale-of-Royalty-Rights-and-Technology-Access-Fees-for-AT220-and-AT292.html,,2025-09-25T06:30:00Z,"This announcement contains inside information for the purposes of the retained UK version of the EU Market Abuse Regulation (EU) 596/2014 (""UK MAR"").
Arecor Therapeutics plc(Arecor or the Company)
… [+12919 chars]",technology
"{'id': None, 'name': 'The Local Germany'}",AFP,Merz meets leaders from Germany's east to blunt far-right AfD's surge,"German Chancellor Friedrich Merz on Thursday meets state premiers from the ex-communist east, where support for the far-right AfD is surging ahead of the 35th anniversary of reunification.",https://www.thelocal.de/20250925/merz-meets-leaders-from-germanys-east-to-blunt-far-right-afds-surge,https://assets.thelocal.com/cdn-cgi/rs:fit:1200/quality:75/plain/https://apiwp.thelocal.com/wp-content/uploads/2025/09/watermarks-logo-AFP__20250924__76KP4UW__v1__MidRes__GermanyPoliticsBudget.jpg@webp,2025-09-25T06:29:34Z,"German Chancellor Friedrich Merz on Thursday meets state premiers from the ex-communist east, where support for the far-right AfD is surging ahead of the 35th anniversary of reunification.
 Merz's c… [+3683 chars]",technology
"{'id': None, 'name': 'ETF Daily News'}",MarketBeat News,Comparing Prospect Capital (NASDAQ:PSEC) & Cannae (NYSE:CNNE),"Prospect Capital (NASDAQ:PSEC – Get Free Report) and Cannae (NYSE:CNNE – Get Free Report) are both small-cap finance companies, but which is the better stock? We will compare the two businesses based on the strength of their earnings, dividends, risk, profita…",https://www.etfdailynews.com/2025/09/25/comparing-prospect-capital-nasdaqpsec-cannae-nysecnne/,https://www.americanbankingnews.com/wp-content/timthumb/timthumb.php?src=https://www.marketbeat.com/logos/cannae-holdings-inc-logo-1200x675.png?v=20221128155530&w=240&h=240&zc=2,2025-09-25T06:28:57Z,"Prospect Capital (NASDAQ:PSEC – Get Free Report) and Cannae (NYSE:CNNE – Get Free Report) are both small-cap finance companies, but which is the better stock? We will compare the two businesses based… [+6420 chars]",technology
"{'id': None, 'name': 'ETF Daily News'}",MarketBeat News,Comparing Slide Insurance (NASDAQ:SLDE) & FG Nexus (NASDAQ:FGNX),"FG Nexus (NASDAQ:FGNX – Get Free Report) and Slide Insurance (NASDAQ:SLDE – Get Free Report) are both small-cap financial services companies, but which is the better investment? We will compare the two companies based on the strength of their valuation, profi…",https://www.etfdailynews.com/2025/09/25/comparing-slide-insurance-nasdaqslde-fg-nexus-nasdaqfgnx/,https://www.americanbankingnews.com/wp-content/timthumb/timthumb.php?src=https://www.marketbeat.com/logos/slide-insurance-holdings-inc-logo-1200x675.png?v=20250625060059&w=240&h=240&zc=2,2025-09-25T06:28:57Z,"FG Nexus (NASDAQ:FGNX – Get Free Report) and Slide Insurance (NASDAQ:SLDE – Get Free Report) are both small-cap financial services companies, but which is the better investment? We will compare the t… [+8803 chars]",technology
"{'id': None, 'name': 'ETF Daily News'}",MarketBeat News,Inseego (NASDAQ:INSG) vs. Zvelo (OTCMKTS:ZVLO) Head-To-Head Contrast,"Inseego (NASDAQ:INSG – Get Free Report) and Zvelo (OTCMKTS:ZVLO – Get Free Report) are both small-cap computer and technology companies, but which is the better stock? We will compare the two companies based on the strength of their risk, institutional owners…",https://www.etfdailynews.com/2025/09/25/inseego-nasdaqinsg-vs-zvelo-otcmktszvlo-head-to-head-contrast/,https://www.americanbankingnews.com/wp-content/timthumb/timthumb.php?src=https://www.marketbeat.com/logos/zvelo-inc-logo-1200x675.png&w=240&h=240&zc=2,2025-09-25T06:28:56Z,"Inseego (NASDAQ:INSG – Get Free Report) and Zvelo (OTCMKTS:ZVLO – Get Free Report) are both small-cap computer and technology companies, but which is the better stock? We will compare the two compani… [+4256 chars]",technology
"{'id': None, 'name': 'ETF Daily News'}",MarketBeat News,"TransMedics Group, Inc. (NASDAQ:TMDX) Receives Consensus Rating of “Moderate Buy” from Brokerages","TransMedics Group, Inc. (NASDAQ:TMDX – Get Free Report) has been assigned a consensus recommendation of “Moderate Buy” from the ten analysts that are currently covering the company, Marketbeat reports. Four analysts have rated the stock with a hold recommenda…",https://www.etfdailynews.com/2025/09/25/transmedics-group-inc-nasdaqtmdx-receives-consensus-rating-of-moderate-buy-from-brokerages-2/,https://www.americanbankingnews.com/wp-content/timthumb/timthumb.php?src=https://www.marketbeat.com/logos/transmedics-group-inc-logo-1200x675.png?v=20240424104726&w=240&h=240&zc=2,2025-09-25T06:28:56Z,"TransMedics Group, Inc. (NASDAQ:TMDX – Get Free Report) has been assigned a consensus recommendation of “Moderate Buy” from the ten analysts that are currently covering the company, Marketbeat report… [+4115 chars]",technology
"{'id': None, 'name': 'ETF Daily News'}",MarketBeat News,Reviewing Solarmax Technology (NASDAQ:SMXT) & SolarEdge Technologies (NASDAQ:SEDG),"SolarEdge Technologies (NASDAQ:SEDG – Get Free Report) and Solarmax Technology (NASDAQ:SMXT – Get Free Report) are both energy companies, but which is the superior stock? We will compare the two companies based on the strength of their profitability, risk, va…",https://www.etfdailynews.com/2025/09/25/reviewing-solarmax-technology-nasdaqsmxt-solaredge-technologies-nasdaqsedg/,https://www.americanbankingnews.com/wp-content/timthumb/timthumb.php?src=https://www.marketbeat.com/logos/solarmax-technology-inc-logo-1200x675.png?v=20240523094521&w=240&h=240&zc=2,2025-09-25T06:28:47Z,"SolarEdge Technologies (NASDAQ:SEDG – Get Free Report) and Solarmax Technology (NASDAQ:SMXT – Get Free Report) are both energy companies, but which is the superior stock? We will compare the two comp… [+5843 chars]",technology
"{'id': 'the-times-of-india', 'name': 'The Times of India'}",AFP,"Under promise, over deliver? China unveils new climate goals","China has announced its first specific emission reduction targets. The nation aims to cut greenhouse gases by 7-10 percent by 2035. While some view this as modest, experts believe China will exceed its goals. China's role is crucial for global climate targets…",https://economictimes.indiatimes.com/news/international/world-news/under-promise-over-deliver-china-unveils-new-climate-goals/articleshow/124106752.cms,"https://img.etimg.com/thumb/msid-124107092,width-1200,height-630,imgsize-34616,overlay-economictimes/articleshow.jpg",2025-09-25T06:28:27Z,"China has for the first time made specific emission cut pledges, though its goal of reducing planet-warming greenhouse gases just 7-10 percent by 2035 is seen as far too modest.But Beijing has often … [+3623 chars]",technology
"{'id': None, 'name': 'ETF Daily News'}",MarketBeat News,McKesson (NYSE:MCK) Price Target Raised to $770.00 at Mizuho,"McKesson (NYSE:MCK – Free Report) had its target price hoisted by Mizuho from $750.00 to $770.00 in a research note issued to investors on Wednesday,Benzinga reports. Mizuho currently has a neutral rating on the stock. Other equities analysts have also recent…",https://www.etfdailynews.com/2025/09/25/mckesson-nysemck-price-target-raised-to-770-00-at-mizuho/,https://www.americanbankingnews.com/wp-content/timthumb/timthumb.php?src=https://www.marketbeat.com/logos/mckesson-corporation-logo.png&w=240&h=240&zc=2,2025-09-25T06:26:44Z,"McKesson (NYSE:MCK – Free Report) had its target price hoisted by Mizuho from $750.00 to $770.00 in a research note issued to investors on Wednesday,Benzinga reports. Mizuho currently has a neutral r… [+5688 chars]",technology
"{'id': None, 'name': 'ETF Daily News'}",MarketBeat News,McKesson (NYSE:MCK) Price Target Raised to $816.00,"McKesson (NYSE:MCK – Free Report) had its price target increased by Wells Fargo & Company from $772.00 to $816.00 in a research report report published on Wednesday,Benzinga reports. Wells Fargo & Company currently has an equal weight rating on the stock. Oth…",https://www.etfdailynews.com/2025/09/25/mckesson-nysemck-price-target-raised-to-816-00/,https://www.americanbankingnews.com/wp-content/timthumb/timthumb.php?src=https://www.marketbeat.com/logos/mckesson-corporation-logo.png&w=240&h=240&zc=2,2025-09-25T06:26:44Z,"McKesson (NYSE:MCK – Free Report) had its price target increased by Wells Fargo &amp; Company from $772.00 to $816.00 in a research report report published on Wednesday,Benzinga reports. Wells Fargo … [+6016 chars]",technology
"{'id': None, 'name': 'ETF Daily News'}",MarketBeat News,ServiceNow (NYSE:NOW) Rating Increased to Overweight at Morgan Stanley,"Morgan Stanley upgraded shares of ServiceNow (NYSE:NOW – Free Report) from an equal weight rating to an overweight rating in a report issued on Wednesday morning, MarketBeat Ratings reports. Morgan Stanley currently has $1,250.00 target price on the informati…",https://www.etfdailynews.com/2025/09/25/servicenow-nysenow-rating-increased-to-overweight-at-morgan-stanley/,https://www.americanbankingnews.com/wp-content/timthumb/timthumb.php?src=https://www.marketbeat.com/logos/servicenow-inc-logo.png&w=240&h=240&zc=2,2025-09-25T06:26:43Z,"Morgan Stanley upgraded shares of ServiceNow (NYSE:NOW – Free Report) from an equal weight rating to an overweight rating in a report issued on Wednesday morning, MarketBeat Ratings reports. Morgan S… [+5509 chars]",technology
"{'id': None, 'name': 'ETF Daily News'}",MarketBeat News,Daiwa Capital Markets Issues Positive Forecast for Emerson Electric (NYSE:EMR) Stock Price,"Emerson Electric (NYSE:EMR – Free Report) had its price objective boosted by Daiwa Capital Markets from $150.00 to $153.00 in a research note issued to investors on Wednesday morning,MarketScreener reports. Daiwa Capital Markets currently has an outperform ra…",https://www.etfdailynews.com/2025/09/25/daiwa-capital-markets-issues-positive-forecast-for-emerson-electric-nyseemr-stock-price/,https://www.americanbankingnews.com/wp-content/timthumb/timthumb.php?src=https://www.marketbeat.com/logos/emerson-electric-co-logo.png?v=20240119115337&w=240&h=240&zc=2,2025-09-25T06:26:43Z,"Emerson Electric (NYSE:EMR – Free Report) had its price objective boosted by Daiwa Capital Markets from $150.00 to $153.00 in a research note issued to investors on Wednesday morning,MarketScreener r… [+4640 chars]",technology
"{'id': None, 'name': 'ETF Daily News'}",MarketBeat News,GXO Logistics (NYSE:GXO) Upgraded to Buy at The Goldman Sachs Group,"The Goldman Sachs Group upgraded shares of GXO Logistics (NYSE:GXO – Free Report) from a neutral rating to a buy rating in a research note issued to investors on Wednesday, Marketbeat.com reports. The Goldman Sachs Group currently has $68.00 price objective o…",https://www.etfdailynews.com/2025/09/25/gxo-logistics-nysegxo-upgraded-to-buy-at-the-goldman-sachs-group/,https://www.americanbankingnews.com/wp-content/timthumb/timthumb.php?src=https://www.marketbeat.com/logos/gxo-logistics-inc-logo.png?v=20210813070913&w=240&h=240&zc=2,2025-09-25T06:26:43Z,"The Goldman Sachs Group upgraded shares of GXO Logistics (NYSE:GXO – Free Report) from a neutral rating to a buy rating in a research note issued to investors on Wednesday, Marketbeat.com reports. Th… [+4876 chars]",technology
"{'id': None, 'name': 'ETF Daily News'}",MarketBeat News,Q2 (NYSE:QTWO) Given New $110.00 Price Target at JPMorgan Chase & Co.,"Q2 (NYSE:QTWO – Free Report) had its price target decreased by JPMorgan Chase & Co. from $115.00 to $110.00 in a research report released on Wednesday morning,Benzinga reports. JPMorgan Chase & Co. currently has an overweight rating on the technology company’…",https://www.etfdailynews.com/2025/09/25/q2-nyseqtwo-given-new-110-00-price-target-at-jpmorgan-chase-co/,https://www.americanbankingnews.com/wp-content/timthumb/timthumb.php?src=https://www.marketbeat.com/logos/q2-holdings-inc-logo.png?v=20221129144413&w=240&h=240&zc=2,2025-09-25T06:26:43Z,"Q2 (NYSE:QTWO – Free Report) had its price target decreased by JPMorgan Chase &amp; Co. from $115.00 to $110.00 in a research report released on Wednesday morning,Benzinga reports. JPMorgan Chase &am… [+4757 chars]",technology
"{'id': None, 'name': 'ETF Daily News'}",MarketBeat News,Q1 Earnings Forecast for IMAX Issued By Wedbush (NYSE:IMAX),"IMAX Corporation (NYSE:IMAX – Free Report) – Equities research analysts at Wedbush raised their Q1 2026 earnings per share (EPS) estimates for shares of IMAX in a research note issued on Monday, September 22nd. Wedbush analyst A. Reese now expects that the co…",https://www.etfdailynews.com/2025/09/25/q1-earnings-forecast-for-imax-issued-by-wedbush-nyseimax/,https://www.americanbankingnews.com/wp-content/timthumb/timthumb.php?src=https://www.marketbeat.com/logos/imax-co-logo-1200x675.png?v=20240521154342&w=240&h=240&zc=2,2025-09-25T06:26:43Z,"IMAX Corporation (NYSE:IMAX – Free Report) – Equities research analysts at Wedbush raised their Q1 2026 earnings per share (EPS) estimates for shares of IMAX in a research note issued on Monday, Sept… [+5888 chars]",technology
"{'id': None, 'name': 'Biztoc.com'}",theguardian.com,Apple calls for changes to anti-monopoly laws and says it may stop shipping to the EU,"The iPhone-maker criticises Brussels’ Digital Markets Act and says delayed features are leading to a worse experience for users 
Apple has called for the European Commission to repeal a swathe of technology legislation, warning that unless it is amended the c…",https://biztoc.com/x/798813e895355f25,https://biztoc.com/cdn/798813e895355f25_s.webp,2025-09-25T06:20:22Z,The iPhone-maker criticises Brussels Digital Markets Act and says delayed features are leading to a worse experience for users Apple has called for the European Commission to repeal a swathe of techn… [+145 chars],technology
"{'id': 'the-times-of-india', 'name': 'The Times of India'}",Disha Acharya,"Fresh commerce startup Handpickd raises $15 million from Bertelsmann India Investments, others","Fresh produce startup Handpickd has raised $15 million in funding led by Bertelsmann India Investments, with Titan Capital Winners Fund and existing backers joining in. The April 2024-founded company will use the funds to expand in existing cities, hire more …",https://economictimes.indiatimes.com/tech/funding/fresh-commerce-startup-handpickd-raises-15-million-from-bertelsmann-india-investments-others/articleshow/124106234.cms,"https://img.etimg.com/thumb/width-1200,height-900,imgsize-112296,resizemode-75,msid-124106234/tech/funding/fresh-commerce-startup-handpickd-raises-15-million-from-bertelsmann-india-investments-others.jpg",2025-09-25T06:20:12Z,Fresh commerce startupHandpickd has secured $15 million in a funding round led by Bertelsmann India Investments with Titan Capital Winners Fund and existing investors participating.The company plans … [+2158 chars],technology
"{'id': None, 'name': 'ETF Daily News'}",MarketBeat News,4imprint Group (OTCMKTS:FRRFF) Shares Down 7.9% – Should You Sell?,"Shares of 4imprint Group plc (OTCMKTS:FRRFF – Get Free Report) were down 7.9% on Wednesday . The company traded as low as $41.68 and last traded at $41.68. Approximately 200 shares changed hands during trading, a decline of 83% from the average daily volume o…",https://www.etfdailynews.com/2025/09/25/4imprint-group-otcmktsfrrff-shares-down-7-9-should-you-sell/,https://www.americanbankingnews.com/wp-content/timthumb/timthumb.php?src=https://www.marketbeat.com/logos/4imprint-group-plc-logo-1200x675.png&w=240&h=240&zc=2,2025-09-25T06:19:12Z,Shares of 4imprint Group plc (OTCMKTS:FRRFF – Get Free Report) were down 7.9% on Wednesday . The company traded as low as $41.68 and last traded at $41.68. Approximately 200 shares changed hands duri… [+958 chars],technology
"{'id': None, 'name': 'ETF Daily News'}",MarketBeat News,Sigyn Therapeutics (OTCMKTS:SIGY) Stock Price Up 7.1% – Should You Buy?,"Shares of Sigyn Therapeutics, Inc. (OTCMKTS:SIGY – Get Free Report) traded up 7.1% during mid-day trading on Wednesday . The company traded as high as $3.75 and last traded at $3.75. 2,100 shares were traded during mid-day trading, an increase of 97% from the…",https://www.etfdailynews.com/2025/09/25/sigyn-therapeutics-otcmktssigy-stock-price-up-7-1-should-you-buy/,https://www.americanbankingnews.com/wp-content/timthumb/timthumb.php?src=https://www.marketbeat.com/logos/sigyn-therapeutics-inc-logo-1200x675.png&w=240&h=240&zc=2,2025-09-25T06:19:11Z,"Shares of Sigyn Therapeutics, Inc. (OTCMKTS:SIGY – Get Free Report) traded up 7.1% during mid-day trading on Wednesday . The company traded as high as $3.75 and last traded at $3.75. 2,100 shares wer… [+1562 chars]",technology
"{'id': None, 'name': 'ETF Daily News'}",MarketBeat News,Best Metaverse Stocks To Watch Now – September 23rd,"NVIDIA, Accenture, Super League Enterprise, Globant, and SK Telecom are the five Metaverse stocks to watch today, according to MarketBeat’s stock screener tool. Metaverse stocks are shares in companies that develop, support or provide services for the metaver…",https://www.etfdailynews.com/2025/09/25/best-metaverse-stocks-to-watch-now-september-23rd/,https://www.americanbankingnews.com/wp-content/timthumb/timthumb.php?src=https://www.marketbeat.com/logos/nvidia-co-logo-1200x675.jpg?v=20221020142916&w=240&h=240&zc=2,2025-09-25T06:16:42Z,"NVIDIA, Accenture, Super League Enterprise, Globant, and SK Telecom are the five Metaverse stocks to watch today, according to MarketBeat’s stock screener tool. Metaverse stocks are shares in compani… [+3781 chars]",technology
"{'id': None, 'name': 'BusinessLine'}",Reuters,"India plans nuclear liability fund for major accidents to ease entry of private, foreign players","The statutory fund, proposed by a new atomic energy Bill, would supplement an operator’s capped liability, in a shift from the current ad hoc pay-out system, sources said",https://www.thehindubusinessline.com/news/india-plans-nuclear-liability-fund-for-major-accidents-to-ease-entry-of-private-foreign-players/article70092098.ece,https://bl-i.thgim.com/public/incoming/llaio8/article70092150.ece/alternates/LANDSCAPE_1200/TCRAJ_7-6-2014_16-29-11_07_06_2014_TVL_01STORYPICTURE.JPG,2025-09-25T06:15:40Z,"India plans to set up a nuclear liability fund to cover accident compensation in excess of 1500 crore owed by plant operators, in a bid to ease risk-sharing concerns among global suppliers and privat… [+2222 chars]",technology
"{'id': 'rte', 'name': 'RTE'}",RTÉ News,BYD outsells Tesla in EU for second month in a row,"Chinese EV maker BYD sold three times as many new cars in the European Union last month than in August 2024, surpassing US competitor Tesla for the second consecutive month, data from the European auto lobby ACEA showed today.",https://www.rte.ie/news/business/2025/0925/1535219-european-car-sales/,https://www.rte.ie/images/00209006-1600.jpg,2025-09-25T06:12:54Z,"Chinese EV maker BYD sold three times as many new cars in the European Union last month than in August 2024, surpassing US competitor Tesla for the second consecutive month, data from the European au… [+1571 chars]",technology
"{'id': None, 'name': 'ETF Daily News'}",MarketBeat News,Rackspace Technology (NASDAQ:RXT) versus Web Blockchain Media (OTCMKTS:WEBB) Head-To-Head Survey,"Rackspace Technology (NASDAQ:RXT – Get Free Report) and Web Blockchain Media (OTCMKTS:WEBB – Get Free Report) are both business services companies, but which is the superior stock? We will contrast the two companies based on the strength of their dividends, a…",https://www.etfdailynews.com/2025/09/25/rackspace-technology-nasdaqrxt-versus-web-blockchain-media-otcmktswebb-head-to-head-survey/,https://www.americanbankingnews.com/wp-content/timthumb/timthumb.php?src=https://www.marketbeat.com/logos/web-blockchain-media-inc-logo-1200x675.png?v=20220124084930&w=240&h=240&zc=2,2025-09-25T06:12:45Z,"Rackspace Technology (NASDAQ:RXT – Get Free Report) and Web Blockchain Media (OTCMKTS:WEBB – Get Free Report) are both business services companies, but which is the superior stock? We will contrast t… [+4826 chars]",technology
"{'id': None, 'name': 'ETF Daily News'}",MarketBeat News,"Novavax, Inc. (NASDAQ:NVAX) Given Average Recommendation of “Hold” by Brokerages","Shares of Novavax, Inc. (NASDAQ:NVAX – Get Free Report) have been given a consensus rating of “Hold” by the eight research firms that are currently covering the firm, MarketBeat.com reports. Three analysts have rated the stock with a sell rating, one has issu…",https://www.etfdailynews.com/2025/09/25/novavax-inc-nasdaqnvax-given-average-recommendation-of-hold-by-brokerages/,https://www.americanbankingnews.com/wp-content/timthumb/timthumb.php?src=https://www.marketbeat.com/logos/novavax-inc-logo-1200x675.jpg?v=20221129192725&w=240&h=240&zc=2,2025-09-25T06:12:45Z,"Shares of Novavax, Inc. (NASDAQ:NVAX – Get Free Report) have been given a consensus rating of “Hold” by the eight research firms that are currently covering the firm, MarketBeat.com reports. Three an… [+4323 chars]",technology
"{'id': None, 'name': 'ETF Daily News'}",MarketBeat News,"Aaron’s Holdings Company, Inc. (NYSE:PRG) Receives Consensus Recommendation of “Moderate Buy” from Brokerages","Shares of Aaron’s Holdings Company, Inc. (NYSE:PRG – Get Free Report) have received an average recommendation of “Moderate Buy” from the seven ratings firms that are currently covering the stock, MarketBeat.com reports. One equities research analyst has rated…",https://www.etfdailynews.com/2025/09/25/aarons-holdings-company-inc-nyseprg-receives-consensus-recommendation-of-moderate-buy-from-brokerages/,https://www.americanbankingnews.com/wp-content/timthumb/timthumb.php?src=https://www.marketbeat.com/logos/prog-holdings-inc-logo-1200x675.jpg?v=20210413131011&w=240&h=240&zc=2,2025-09-25T06:12:44Z,"Shares of Aaron’s Holdings Company, Inc. (NYSE:PRG – Get Free Report) have received an average recommendation of “Moderate Buy” from the seven ratings firms that are currently covering the stock, Mar… [+4555 chars]",technology
"{'id': None, 'name': 'ETF Daily News'}",MarketBeat News,CCSC Technology International (NASDAQ:CCTG) vs. SiTime (NASDAQ:SITM) Financial Analysis,"CCSC Technology International (NASDAQ:CCTG – Get Free Report) and SiTime (NASDAQ:SITM – Get Free Report) are both computer and technology companies, but which is the better stock? We will compare the two companies based on the strength of their institutional …",https://www.etfdailynews.com/2025/09/25/ccsc-technology-international-nasdaqcctg-vs-sitime-nasdaqsitm-financial-analysis/,https://www.americanbankingnews.com/wp-content/timthumb/timthumb.php?src=https://www.marketbeat.com/logos/sitime-co-logo-1200x675.png?v=20240507152221&w=240&h=240&zc=2,2025-09-25T06:12:44Z,"CCSC Technology International (NASDAQ:CCTG – Get Free Report) and SiTime (NASDAQ:SITM – Get Free Report) are both computer and technology companies, but which is the better stock? We will compare the… [+4213 chars]",technology
"{'id': None, 'name': 'ETF Daily News'}",MarketBeat News,Financial Analysis: Lumentum (NASDAQ:LITE) & Altice USA (NYSE:ATUS),"Lumentum (NASDAQ:LITE – Get Free Report) and Altice USA (NYSE:ATUS – Get Free Report) are both computer and technology companies, but which is the better stock? We will contrast the two businesses based on the strength of their risk, earnings, valuation, inst…",https://www.etfdailynews.com/2025/09/25/financial-analysis-lumentum-nasdaqlite-altice-usa-nyseatus/,https://www.americanbankingnews.com/wp-content/timthumb/timthumb.php?src=https://www.marketbeat.com/logos/altice-usa-inc-logo-1200x675.png?v=20240521133028&w=240&h=240&zc=2,2025-09-25T06:12:44Z,"Lumentum (NASDAQ:LITE – Get Free Report) and Altice USA (NYSE:ATUS – Get Free Report) are both computer and technology companies, but which is the better stock? We will contrast the two businesses ba… [+6659 chars]",technology
"{'id': None, 'name': 'ETF Daily News'}",MarketBeat News,Financial Analysis: BKV (NYSE:BKV) & Eco Wave Power Global AB (publ) (NASDAQ:WAVE),"BKV (NYSE:BKV – Get Free Report) and Eco Wave Power Global AB (publ) (NASDAQ:WAVE – Get Free Report) are both small-cap energy companies, but which is the superior stock? We will contrast the two businesses based on the strength of their dividends, analyst re…",https://www.etfdailynews.com/2025/09/25/financial-analysis-bkv-nysebkv-eco-wave-power-global-ab-publ-nasdaqwave/,https://www.americanbankingnews.com/wp-content/timthumb/timthumb.php?src=https://www.marketbeat.com/logos/eco-wave-power-global-ab-(publ)-american-depositary-shares-logo-1200x675.png?v=20210719060938&w=240&h=240&zc=2,2025-09-25T06:12:43Z,"BKV (NYSE:BKV – Get Free Report) and Eco Wave Power Global AB (publ) (NASDAQ:WAVE – Get Free Report) are both small-cap energy companies, but which is the superior stock? We will contrast the two bus… [+4234 chars]",technology
"{'id': None, 'name': 'ETF Daily News'}",MarketBeat News,"Editas Medicine, Inc. (NASDAQ:EDIT) Receives Average Rating of “Hold” from Brokerages","Shares of Editas Medicine, Inc. (NASDAQ:EDIT – Get Free Report) have been given a consensus rating of “Hold” by the thirteen research firms that are covering the stock, Marketbeat reports. Two research analysts have rated the stock with a sell rating, seven h…",https://www.etfdailynews.com/2025/09/25/editas-medicine-inc-nasdaqedit-receives-average-rating-of-hold-from-brokerages/,https://www.americanbankingnews.com/wp-content/timthumb/timthumb.php?src=https://www.marketbeat.com/logos/editas-medicine-inc-logo-1200x675.png?v=20240524073148&w=240&h=240&zc=2,2025-09-25T06:12:43Z,"Shares of Editas Medicine, Inc. (NASDAQ:EDIT – Get Free Report) have been given a consensus rating of “Hold” by the thirteen research firms that are covering the stock, Marketbeat reports. Two resear… [+4193 chars]",technology
"{'id': None, 'name': 'ETF Daily News'}",MarketBeat News,Flowco Holdings Inc. (NYSE:FLOC) Receives Average Rating of “Buy” from Analysts,"Shares of Flowco Holdings Inc. (NYSE:FLOC – Get Free Report) have been assigned an average rating of “Buy” from the eight ratings firms that are covering the firm, MarketBeat Ratings reports. One analyst has rated the stock with a hold recommendation, five ha…",https://www.etfdailynews.com/2025/09/25/flowco-holdings-inc-nysefloc-receives-average-rating-of-buy-from-analysts/,https://www.americanbankingnews.com/wp-content/timthumb/timthumb.php?src=https://www.marketbeat.com/logos/flowco-holdings-inc-logo-1200x675.jpg?v=20250210060006&w=240&h=240&zc=2,2025-09-25T06:12:42Z,"Shares of Flowco Holdings Inc. (NYSE:FLOC – Get Free Report) have been assigned an average rating of “Buy” from the eight ratings firms that are covering the firm, MarketBeat Ratings reports. One ana… [+4504 chars]",technology
"{'id': None, 'name': 'ComputerWeekly.com'}",Caroline Donnelly,Government launches AI growth zone taskforce to support expansion in North East England,The UK government is launching a coalition to support the accelerated development of its AI growth zone in the North East England,https://www.computerweekly.com/news/366631955/Government-launches-AI-growth-zone-taskforce-to-support-expansion-in-North-East-England,https://www.computerweekly.com/visuals/ComputerWeekly/HeroImages/data-servers-code-datacentre-monsitj-adobe.jpg,2025-09-25T06:12:00Z,The UK government is supporting the launch of its second artificial intelligence (AI) growth zone in North East England by creating a task force that will work to ensure the proposed benefits of the … [+3108 chars],technology
"{'id': None, 'name': 'ETF Daily News'}",MarketBeat News,Premier (NASDAQ:PINC) Price Target Raised to $28.25 at Canaccord Genuity Group,"Premier (NASDAQ:PINC – Get Free Report) had its price target boosted by equities research analysts at Canaccord Genuity Group from $25.00 to $28.25 in a note issued to investors on Tuesday, MarketBeat.com reports. The firm presently has a “hold” rating on the…",https://www.etfdailynews.com/2025/09/25/premier-nasdaqpinc-price-target-raised-to-28-25-at-canaccord-genuity-group/,https://www.americanbankingnews.com/wp-content/timthumb/timthumb.php?src=https://www.marketbeat.com/logos/premier-inc-logo-1200x675.jpg?v=20240426160751&w=240&h=240&zc=2,2025-09-25T06:10:56Z,"Premier (NASDAQ:PINC – Get Free Report) had its price target boosted by equities research analysts at Canaccord Genuity Group from $25.00 to $28.25 in a note issued to investors on Tuesday, MarketBea… [+5113 chars]",technology
"{'id': None, 'name': 'ETF Daily News'}",MarketBeat News,Zedcor (CVE:ZDC) PT Set at C$5.50 by National Bankshares,"Zedcor (CVE:ZDC – Get Free Report) received a C$5.50 price objective from investment analysts at National Bankshares in a note issued to investors on Tuesday,BayStreet.CA reports. The brokerage currently has an “outperform” rating on the stock. National Banks…",https://www.etfdailynews.com/2025/09/25/zedcor-cvezdc-pt-set-at-c5-50-by-national-bankshares/,https://www.americanbankingnews.com/wp-content/timthumb/timthumb.php?src=https://www.marketbeat.com/logos/zedcor-inc-logo-1200x675.jpg?v=20241028144802&w=240&h=240&zc=2,2025-09-25T06:10:56Z,"Zedcor (CVE:ZDC – Get Free Report) received a C$5.50 price objective from investment analysts at National Bankshares in a note issued to investors on Tuesday,BayStreet.CA reports. The brokerage curre… [+2065 chars]",technology
"{'id': None, 'name': 'ETF Daily News'}",MarketBeat News,TTM Technologies (NASDAQ:TTMI) Price Target Raised to $65.00 at Needham & Company LLC,"TTM Technologies (NASDAQ:TTMI – Get Free Report) had its price objective hoisted by stock analysts at Needham & Company LLC from $56.00 to $65.00 in a report issued on Tuesday, MarketBeat Ratings reports. The firm presently has a “buy” rating on the technolog…",https://www.etfdailynews.com/2025/09/25/ttm-technologies-nasdaqttmi-price-target-raised-to-65-00-at-needham-company-llc/,https://www.americanbankingnews.com/wp-content/timthumb/timthumb.php?src=https://www.marketbeat.com/logos/ttm-tech-logo-1200x675.gif&w=240&h=240&zc=2,2025-09-25T06:10:55Z,"TTM Technologies (NASDAQ:TTMI – Get Free Report) had its price objective hoisted by stock analysts at Needham &amp; Company LLC from $56.00 to $65.00 in a report issued on Tuesday, MarketBeat Ratings… [+6056 chars]",technology
"{'id': None, 'name': 'ETF Daily News'}",MarketBeat News,CyberArk Software (NASDAQ:CYBR) Given “Market Perform” Rating at JMP Securities,"CyberArk Software (NASDAQ:CYBR – Get Free Report)‘s stock had its “market perform” rating reaffirmed by JMP Securities in a report released on Tuesday,Benzinga reports. CYBR has been the topic of a number of other research reports. Guggenheim downgraded Cyber…",https://www.etfdailynews.com/2025/09/25/cyberark-software-nasdaqcybr-given-market-perform-rating-at-jmp-securities/,https://www.americanbankingnews.com/wp-content/timthumb/timthumb.php?src=https://www.marketbeat.com/logos/cyberark-software-ltd-logo-1200x675.jpg?v=20221111152711&w=240&h=240&zc=2,2025-09-25T06:10:55Z,"CyberArk Software (NASDAQ:CYBR – Get Free Report)‘s stock had its “market perform” rating reaffirmed by JMP Securities in a report released on Tuesday,Benzinga reports.
CYBR has been the topic of a … [+4768 chars]",technology
"{'id': None, 'name': 'GlobeNewswire'}",Trifork Group AG,44/2025・Trifork Group: Reporting of transactions made by persons discharging managerial responsibilities,"Schindellegi, Switzerland – 25 September 2025   Trifork Group AGCompany announcement no. 44/2025European Regulatory News   Reporting of transactions...",https://www.globenewswire.com/news-release/2025/09/25/3155994/0/en/44-2025-Trifork-Group-Reporting-of-transactions-made-by-persons-discharging-managerial-responsibilities.html,https://ml-eu.globenewswire.com/Resource/Download/6b9ce300-46ec-4af4-85f4-42c2bfc29c79,2025-09-25T06:10:00Z,"Schindellegi, Switzerland 25 September 2025
Trifork Group AGCompany announcement no. 44/2025European Regulatory News
Reporting of transactions made by persons discharging managerial responsibilitie… [+3945 chars]",technology
"{'id': None, 'name': 'The Star Online'}",The Star Online,"LBS, MGB earn accolades for excellence in people-first values and innovation","PETALING JAYA: LBS Bina Group Bhd, a property developer guided by people-first values, together with its subsidiary MGB Bhd, a construction, property development and manufacturer of IBS precast concrete products, were honoured at the BusinessToday Industry Ch…",https://www.thestar.com.my/news/nation/2025/09/25/lbs-mgb-earn-accolades-for-excellence-in-people-first-values-and-innovation,https://apicms.thestar.com.my/uploads/images/2025/09/25/3539027.jpeg,2025-09-25T06:09:00Z,"PETALING JAYA: LBS Bina Group Bhd, a property developer guided by people-first values, together with its subsidiary MGB Bhd, a construction, property development and manufacturer of IBS precast concr… [+2090 chars]",technology
"{'id': None, 'name': 'ETF Daily News'}",MarketBeat News,Alibaba Group (NYSE:BABA) Shares Gap Up on Analyst Upgrade,"Alibaba Group Holding Limited (NYSE:BABA – Get Free Report)’s stock price gapped up prior to trading on Wednesday after Robert W. Baird raised their price target on the stock from $153.00 to $174.00. The stock had previously closed at $163.08, but opened at $…",https://www.etfdailynews.com/2025/09/25/alibaba-group-nysebaba-shares-gap-up-on-analyst-upgrade/,https://www.americanbankingnews.com/wp-content/timthumb/timthumb.php?src=https://www.marketbeat.com/logos/alibaba-group-holding-limited-logo-1200x675.png?v=20221020143329&w=240&h=240&zc=2,2025-09-25T06:08:42Z,Alibaba Group Holding Limited (NYSE:BABA – Get Free Report)’s stock price gapped up prior to trading on Wednesday after Robert W. Baird raised their price target on the stock from $153.00 to $174.00.… [+3442 chars],technology
"{'id': None, 'name': 'ETF Daily News'}",MarketBeat News,Oppenheimer Forecasts Strong Price Appreciation for AppLovin (NASDAQ:APP) Stock,"AppLovin (NASDAQ:APP – Get Free Report) had its price target boosted by analysts at Oppenheimer from $500.00 to $740.00 in a research note issued on Tuesday,Benzinga reports. The firm presently has an “outperform” rating on the stock. Oppenheimer’s price obje…",https://www.etfdailynews.com/2025/09/25/oppenheimer-forecasts-strong-price-appreciation-for-applovin-nasdaqapp-stock/,https://www.americanbankingnews.com/wp-content/timthumb/timthumb.php?src=https://www.marketbeat.com/logos/applovin-co-logo-1200x675.png?v=20221114203523&w=240&h=240&zc=2,2025-09-25T06:08:42Z,"AppLovin (NASDAQ:APP – Get Free Report) had its price target boosted by analysts at Oppenheimer from $500.00 to $740.00 in a research note issued on Tuesday,Benzinga reports. The firm presently has a… [+6412 chars]",technology
"{'id': None, 'name': 'ETF Daily News'}",MarketBeat News,Benchmark Lowers Semler Scientific (NASDAQ:SMLR) Price Target to $86.00,"Semler Scientific (NASDAQ:SMLR – Get Free Report) had its target price reduced by equities research analysts at Benchmark from $101.00 to $86.00 in a research report issued to clients and investors on Tuesday,Benzinga reports. The firm presently has a “buy” r…",https://www.etfdailynews.com/2025/09/25/benchmark-lowers-semler-scientific-nasdaqsmlr-price-target-to-86-00/,https://www.americanbankingnews.com/wp-content/timthumb/timthumb.php?src=https://www.marketbeat.com/logos/semler-scientific-inc-logo-1200x675.png?v=20230830142714&w=240&h=240&zc=2,2025-09-25T06:04:44Z,Semler Scientific (NASDAQ:SMLR – Get Free Report) had its target price reduced by equities research analysts at Benchmark from $101.00 to $86.00 in a research report issued to clients and investors o… [+3618 chars],technology
"{'id': None, 'name': 'ETF Daily News'}",MarketBeat News,ICF International (NASDAQ:ICFI) Earns “Outperform” Rating from Barrington Research,"ICF International (NASDAQ:ICFI – Get Free Report)‘s stock had its “outperform” rating restated by equities researchers at Barrington Research in a research report issued to clients and investors on Tuesday,Benzinga reports. They presently have a $107.00 targe…",https://www.etfdailynews.com/2025/09/25/icf-international-nasdaqicfi-earns-outperform-rating-from-barrington-research/,https://www.americanbankingnews.com/wp-content/timthumb/timthumb.php?src=https://www.marketbeat.com/logos/icf-international-inc-logo-1200x675.png?v=20240426160123&w=240&h=240&zc=2,2025-09-25T06:04:43Z,ICF International (NASDAQ:ICFI – Get Free Report)‘s stock had its “outperform” rating restated by equities researchers at Barrington Research in a research report issued to clients and investors on T… [+3900 chars],technology
"{'id': None, 'name': 'ETF Daily News'}",MarketBeat News,Barrington Research Reaffirms Outperform Rating for Lincoln Educational Services (NASDAQ:LINC),"Lincoln Educational Services (NASDAQ:LINC – Get Free Report)‘s stock had its “outperform” rating reissued by Barrington Research in a note issued to investors on Tuesday,Benzinga reports. They currently have a $25.00 price target on the stock. Barrington Rese…",https://www.etfdailynews.com/2025/09/25/barrington-research-reaffirms-outperform-rating-for-lincoln-educational-services-nasdaqlinc/,https://www.americanbankingnews.com/wp-content/timthumb/timthumb.php?src=https://www.marketbeat.com/logos/lincoln-educational-services-co-logo-1200x675.png?v=20221221112654&w=240&h=240&zc=2,2025-09-25T06:04:43Z,"Lincoln Educational Services (NASDAQ:LINC – Get Free Report)‘s stock had its “outperform” rating reissued by Barrington Research in a note issued to investors on Tuesday,Benzinga reports. They curren… [+4451 chars]",technology
"{'id': None, 'name': 'ETF Daily News'}",MarketBeat News,Barrington Research Reiterates Outperform Rating for zSpace (NASDAQ:ZSPC),"zSpace (NASDAQ:ZSPC – Get Free Report)‘s stock had its “outperform” rating reaffirmed by equities researchers at Barrington Research in a research report issued on Tuesday,Benzinga reports. They currently have a $5.00 price objective on the stock. Barrington …",https://www.etfdailynews.com/2025/09/25/barrington-research-reiterates-outperform-rating-for-zspace-nasdaqzspc/,https://www.americanbankingnews.com/wp-content/timthumb/timthumb.php?src=https://www.marketbeat.com/logos/zspace-inc-logo-1200x675.png?v=20250207054443&w=240&h=240&zc=2,2025-09-25T06:04:43Z,"zSpace (NASDAQ:ZSPC – Get Free Report)‘s stock had its “outperform” rating reaffirmed by equities researchers at Barrington Research in a research report issued on Tuesday,Benzinga reports. They curr… [+2503 chars]",technology
"{'id': None, 'name': 'ETF Daily News'}",MarketBeat News,"Perdoceo Education (NASDAQ:PRDO) Stock Price Expected to Rise, Barrington Research Analyst Says","Perdoceo Education (NASDAQ:PRDO – Get Free Report) had its target price lifted by Barrington Research from $40.00 to $42.00 in a research note issued to investors on Tuesday,Benzinga reports. The firm presently has an “outperform” rating on the stock. Barring…",https://www.etfdailynews.com/2025/09/25/perdoceo-education-nasdaqprdo-stock-price-expected-to-rise-barrington-research-analyst-says/,https://www.americanbankingnews.com/wp-content/timthumb/timthumb.php?src=https://www.marketbeat.com/logos/perdoceo-education-co-logo-1200x675.jpg?v=20221206123153&w=240&h=240&zc=2,2025-09-25T06:04:43Z,"Perdoceo Education (NASDAQ:PRDO – Get Free Report) had its target price lifted by Barrington Research from $40.00 to $42.00 in a research note issued to investors on Tuesday,Benzinga reports. The fir… [+4132 chars]",technology
"{'id': None, 'name': 'ETF Daily News'}",MarketBeat News,Haemonetics’ (HAE) Outperform Rating Reaffirmed at Barrington Research,"Haemonetics (NYSE:HAE – Get Free Report)‘s stock had its “outperform” rating restated by analysts at Barrington Research in a report issued on Tuesday,Benzinga reports. They currently have a $86.00 target price on the medical instruments supplier’s stock. Bar…",https://www.etfdailynews.com/2025/09/25/haemonetics-hae-outperform-rating-reaffirmed-at-barrington-research/,https://www.americanbankingnews.com/wp-content/timthumb/timthumb.php?src=https://www.marketbeat.com/logos/haemonetics-co-logo-1200x675.png?v=20221117093105&w=240&h=240&zc=2,2025-09-25T06:00:58Z,"Haemonetics (NYSE:HAE – Get Free Report)‘s stock had its “outperform” rating restated by analysts at Barrington Research in a report issued on Tuesday,Benzinga reports. They currently have a $86.00 t… [+4813 chars]",technology
"{'id': None, 'name': 'ETF Daily News'}",MarketBeat News,Stride’s (LRN) “Outperform” Rating Reaffirmed at Barrington Research,"Stride (NYSE:LRN – Get Free Report)‘s stock had its “outperform” rating reiterated by equities researchers at Barrington Research in a report issued on Tuesday,Benzinga reports. They currently have a $185.00 target price on the stock. Barrington Research’s pr…",https://www.etfdailynews.com/2025/09/25/strides-lrn-outperform-rating-reaffirmed-at-barrington-research/,https://www.americanbankingnews.com/wp-content/timthumb/timthumb.php?src=https://www.marketbeat.com/logos/stride-inc-logo-1200x675.png?v=20221129112314&w=240&h=240&zc=2,2025-09-25T06:00:57Z,"Stride (NYSE:LRN – Get Free Report)‘s stock had its “outperform” rating reiterated by equities researchers at Barrington Research in a report issued on Tuesday,Benzinga reports. They currently have a… [+4798 chars]",technology
"{'id': None, 'name': 'ETF Daily News'}",MarketBeat News,LG Display (NYSE:LPL) Stock Rating Upgraded by UBS Group,"LG Display (NYSE:LPL – Get Free Report) was upgraded by stock analysts at UBS Group from a “sell” rating to a “neutral” rating in a research note issued to investors on Tuesday, MarketBeat reports. Separately, Morgan Stanley raised shares of LG Display from a…",https://www.etfdailynews.com/2025/09/25/lg-display-nyselpl-stock-rating-upgraded-by-ubs-group/,https://www.americanbankingnews.com/wp-content/timthumb/timthumb.php?src=https://www.marketbeat.com/logos/lg-display-co-ltd-logo-1200x675.png?v=20240426112057&w=240&h=240&zc=2,2025-09-25T06:00:56Z,"LG Display (NYSE:LPL – Get Free Report) was upgraded by stock analysts at UBS Group from a “sell” rating to a “neutral” rating in a research note issued to investors on Tuesday, MarketBeat reports.
… [+3584 chars]",technology
"{'id': None, 'name': 'Help Net Security'}",Sinisa Markovic,Predicting DDoS attacks: How deep learning could give defenders an early warning,Distributed denial-of-service (DDoS) attacks remain one of the most common and disruptive forms of cybercrime. Defenders have traditionally focused on detecting these attacks once they are underway. New research suggests that predicting DDoS attacks in advanc…,https://www.helpnetsecurity.com/2025/09/25/deep-learning-predicting-ddos-attacks/,https://img.helpnetsecurity.com/wp-content/uploads/2023/06/25144104/ddos-serverroom.jpg,2025-09-25T06:00:44Z,Distributed denial-of-service (DDoS) attacks remain one of the most common and disruptive forms of cybercrime. Defenders have traditionally focused on detecting these attacks once they are underway. … [+4755 chars],technology
"{'id': None, 'name': 'Geeky Gadgets'}",Roland Hutchinson,AirPods Pro 3: The TRUTH vs. AirPods Pro 2,"Apple’s AirPods Pro 3 mark a significant step forward in the evolution of wireless earbuds, offering notable advancements in sound quality, noise cancellation, and overall functionality. Whether you’re contemplating an upgrade from the AirPods Pro 2 or consid…",https://www.geeky-gadgets.com/airpods-pro-3-6/,https://www.geeky-gadgets.com/wp-content/uploads/2025/09/airpods-pro-3-vs-airpods-pro-2-comparison_optimized-2.jpg,2025-09-25T06:00:03Z,"Apples AirPods Pro 3 mark a significant step forward in the evolution of wireless earbuds, offering notable advancements in sound quality, noise cancellation, and overall functionality. Whether youre… [+6200 chars]",technology
"{'id': None, 'name': 'Yahoo Entertainment'}",The Associated Press,"Wilson, Aces to face the Fever",The Fever have gone 13-9 in home games. Indiana is fifth in the Eastern Conference with 24.6 defensive rebounds per game led by Aliyah Boston averaging 8.8. ...,https://sports.yahoo.com/article/wilson-aces-face-fever-060001918.html,https://s.yimg.com/cv/apiv2/social/images/yahoo_default_logo-1200x1200.png,2025-09-25T06:00:01Z,"Las Vegas Aces (30-14, 16-8 Western Conference) at Indiana Fever (24-20, 13-8 Eastern Conference)
Indianapolis; Friday, 7:30 p.m. EDT
BETMGM SPORTSBOOK LINE: Aces -4.5; over/under is 162.5
WNBA PL… [+1607 chars]",technology
"{'id': None, 'name': 'Yahoo Entertainment'}",The Associated Press,Lynx to face Mercury on the road,"Minnesota Lynx (34-10, 20-4 Western Conference) at Phoenix Mercury (27-17, 13-11 Western Conference) Phoenix; Friday, 9:30 p.m. EDT BETMGM SPORTSBOOK LINE...",https://sports.yahoo.com/article/lynx-face-mercury-road-060001375.html,https://s.yimg.com/cv/apiv2/social/images/yahoo_default_logo-1200x1200.png,2025-09-25T06:00:01Z,"Minnesota Lynx (34-10, 20-4 Western Conference) at Phoenix Mercury (27-17, 13-11 Western Conference)
Phoenix; Friday, 9:30 p.m. EDT
BETMGM SPORTSBOOK LINE: Lynx -4; over/under is 158.5
WNBA PLAYOF… [+1471 chars]",technology
"{'id': None, 'name': 'ComputerWeekly.com'}",TechTarget,"Get HDD temperature right, or risk more drive failures",We talk to Rainer Kaese of Toshiba about the right temperature to run hard disk drives at. Not getting it right risks higher failure rates than what would normally be expected,https://www.computerweekly.com/news/366631814/Get-HDD-temperature-right-or-risk-more-drive-failures,https://www.computerweekly.com/visuals/ComputerWeekly/HeroImages/temperature-thermometer-Dmitry-adobe.jpg,2025-09-25T06:00:00Z,"In this podcast, we talk to Rainer Kaese, senior manager for business development in storage products at Toshiba Electronics Europe, about how temperature affects hard disk drives (HDDs).
Kaese says… [+5947 chars]",technology
"{'id': None, 'name': 'GlobeNewswire'}",SNS Insider pvt ltd,Intelligent Electronic Devices Market Size to Grow USD 33.49 Billion by 2032 | SNS Insider,"Intelligent Electronic Devices Market growth is driven by smart-grid rollouts, substation automation, renewable energy integration, IoT-enabled monitoring, and rising cybersecurity & energy efficiency demands. Intelligent Electronic Devices Market growth is d…",https://www.globenewswire.com/news-release/2025/09/25/3155979/0/en/Intelligent-Electronic-Devices-Market-Size-to-Grow-USD-33-49-Billion-by-2032-SNS-Insider.html,https://ml.globenewswire.com/Resource/Download/d6272c2e-d204-41b8-b545-a6e2e24f85c2,2025-09-25T06:00:00Z,"Austin, Sept. 25, 2025 (GLOBE NEWSWIRE) -- Intelligent Electronic Devices Market Size &amp; Growth Insights:
According to the SNS Insider,The Intelligent Electronic Devices Market
 size was worth U… [+7734 chars]",technology
"{'id': None, 'name': 'GlobeNewswire'}",Aspocomp Group Oyj,"Invitation to Aspocomp's Capital Markets Day on November 4, 2025","Aspocomp Group Plc, Press Release, September 25, 2025, at 9:00 a.m.Aspocomp will organize a Capital Markets Day for investors, analysts, financial media and other industry representatives on November 4, 2025, from 9:00 a.m. to 12:00 p.m., at the Helsinki Fair…",https://www.globenewswire.com/news-release/2025/09/25/3155986/0/en/Invitation-to-Aspocomp-s-Capital-Markets-Day-on-November-4-2025.html,https://ml-eu.globenewswire.com/Resource/Download/fb0cbd90-7bac-407a-8caf-44025e58fffa,2025-09-25T06:00:00Z,"Aspocomp Group Plc, Press Release, September 25, 2025, at 9:00 a.m.
Aspocomp will organize a Capital Markets Day for investors, analysts, financial media and other industry representatives on Novemb… [+2138 chars]",technology
"{'id': None, 'name': 'GlobeNewswire'}",RIBER,2025 first-half earnings: RIBER confirms the rollout of its roadmap and its annual outlook.,"2025 first-half earnings: RIBER confirms the rollout of its roadmap and its annual outlook.   Half-year revenues and earnings, particularly marked...",https://www.globenewswire.com/news-release/2025/09/25/3155987/0/en/2025-first-half-earnings-RIBER-confirms-the-rollout-of-its-roadmap-and-its-annual-outlook.html,https://ml-eu.globenewswire.com/Resource/Download/2ce53d5e-3fa4-4bff-b3eb-65b99fcc80b2,2025-09-25T06:00:00Z,"2025 first-half earnings: RIBER confirms the rollout of its roadmap and its annual outlook.
<ul><li>Half-year revenues and earnings, particularly marked by seasonal activity patterns. </li><li>Order… [+6167 chars]",technology
"{'id': None, 'name': 'GlobeNewswire'}",QUADIENT,Quadient’s Accredited Platform Already Set to Process More Than 215 Million Electronic Invoices Annually by September 2026,"Quadient (Euronext Paris: QDT), a global intelligent automation platform enabling secure and professional business connections, announces that its subsidiary Serensia has been selected by several major French corporations as an Accredited Platform under the u…",https://www.globenewswire.com/news-release/2025/09/25/3155984/0/en/Quadient-s-Accredited-Platform-Already-Set-to-Process-More-Than-215-Million-Electronic-Invoices-Annually-by-September-2026.html,https://ml-eu.globenewswire.com/Resource/Download/925ae23a-6009-4111-9a9e-fd93c37bd902,2025-09-25T06:00:00Z,"<ul><li>With over 10% of the French market already secured through leading enterprises and distribution partner agreements, Quadient confirms its leadership in e-invoicing</li></ul>Quadient (Euronext… [+3501 chars]",technology
"{'id': None, 'name': 'GlobeNewswire'}",NB Private Equity Partners Limited,NB Private Equity Partners Limited - Interim Results,"Results for the Six Months to 30 June 2025   St Peter Port, Guernsey, 25 September 2025  NB Private Equity Partners (NBPE), the $1.3bn1 listed...",https://www.globenewswire.com/news-release/2025/09/25/3155992/0/en/NB-Private-Equity-Partners-Limited-Interim-Results.html,https://ml-eu.globenewswire.com/Resource/Download/e4ec420a-5772-4b36-baa0-a6e840ea3486,2025-09-25T06:00:00Z,"Results for the Six Months to 30 June 2025 
St Peter Port, Guernsey, 25 September 2025
NB Private Equity Partners (NBPE), the $1.3bn1 listed private equity investment company managed by Neuberger B… [+149735 chars]",technology
"{'id': None, 'name': 'GlobeNewswire'}",Fingerprint Cards AB,CMITech’s EF-70 Camera Features FPC's Advanced Iris Recognition Technology,"Gothenburg, Sweden and San Jose, California – September 25, 2025 – Fingerprint Cards AB (FPC), a global leader in biometric authentication technologies, is delighted to announce that CMITech, a pioneer in secure identification solutions, has incorporated FPC’…",https://www.globenewswire.com/news-release/2025/09/25/3155982/0/en/CMITech-s-EF-70-Camera-Features-FPC-s-Advanced-Iris-Recognition-Technology.html,https://ml-eu.globenewswire.com/Resource/Download/e380b9b2-de1c-4bad-a6e0-d65c81ad22d4,2025-09-25T06:00:00Z,"Gothenburg, Sweden and San Jose, California September 25, 2025 Fingerprint Cards AB (FPC), a global leader in biometric authentication technologies, is delighted to announce that CMITech, a pioneer i… [+4235 chars]",technology
"{'id': None, 'name': 'GlobeNewswire'}",Bekaert,Publication of a transparency notification,"Publication of a transparency notification(in accordance with the Law of 2 May 2007 on disclosure of major holdings)  On 23 September 2025, NV Bekaert...",https://www.globenewswire.com/news-release/2025/09/25/3155983/0/en/Publication-of-a-transparency-notification.html,https://ml-eu.globenewswire.com/Resource/Download/d820222f-4bcc-4069-934a-c1255c7eb59b,2025-09-25T06:00:00Z,"Publication of a transparency notification(in accordance with the Law of 2 May 2007 on disclosure of major holdings)
On 23 September 2025, NV Bekaert SA crossed the threshold of 5%. 
<ul><li>Reason… [+3088 chars]",technology
"{'id': None, 'name': 'Voxeurop.eu'}",f_barca,Freedom of the press: the light we cannot lose,"On World News Day, journalism stands at a crossroads: fragile, under siege, yet more vital than ever to democracy, truth and civilisation’s survival. Support the news that supports you, says Project Kontinuum founder Branko Brkic.",https://voxeurop.eu/en/freedom-press-light-world-news-day-brkic/,https://voxeurop.eu/wp-content/uploads/2025/09/Screenshot-2025-09-19-alle-12.17.24.png,2025-09-25T06:00:00Z,"As we celebrate World News Day, on 28 September, for too many people, the future is getting too dark to see. This moment is best described as living in a state of perpetual flux, of global uncertaint… [+4742 chars]",technology
"{'id': None, 'name': 'Naturalnews.com'}",Jacob Thomas,“Holistic Weight and Stress Management” on BrightU: “Bad biohacking” by Big Ag and Big Pharma,"On Day 6 of the “Holistic Weight and Stress Management,” Sean Cohen defined true biohacking not just as performance enhancement but as a conscious defense against “bad biohacking,” the detrimental alteration of our biology by modern food and pharmaceutical pr…",https://www.naturalnews.com/2025-09-25-bad-biohacking-by-big-food-big-pharma.html,https://www.naturalnews.com/wp-content/uploads/sites/91/2025/09/GMO-food-and-chemicals-in-vegetables-concept-1.jpg,2025-09-25T06:00:00Z,"<ul><li>On Day 6 of the ""Holistic Weight and Stress Management,"" Sean Cohen defined true biohacking not just as performance enhancement but as a conscious defense against ""bad biohacking,"" the detrim… [+5018 chars]",technology
"{'id': None, 'name': 'Naturalnews.com'}",Belle Carter,Trump’s $100K H-1B visa fee sparks fears of tech exodus and economic slowdown,"Trump’s $100,000 H-1B visa fee sparks fears of economic stagnation, with Berenberg Bank cutting U.S. growth forecasts to 1.5 percent, citing labor force shrinkage and productivity reliance. While large corporations like Netflix can absorb the cost, startups w…",https://www.naturalnews.com/2025-09-25-trumps-new-visa-fee-sparks-tech-exodus-fears.html,https://www.naturalnews.com/wp-content/uploads/sites/91/2025/09/Trump-Signing-Bill.jpg,2025-09-25T06:00:00Z,"<ul><li>Trump's $100,000 H-1B visa fee sparks fears of economic stagnation, with Berenberg Bank cutting U.S. growth forecasts to 1.5 percent, citing labor force shrinkage and productivity reliance.</… [+5308 chars]",technology
"{'id': None, 'name': 'ETF Daily News'}",MarketBeat News,Verizon Communications Inc. (NYSE:VZ) Receives $47.65 Average PT from Brokerages,"Shares of Verizon Communications Inc. (NYSE:VZ – Get Free Report) have been given a consensus recommendation of “Moderate Buy” by the nineteen research firms that are covering the stock, Marketbeat.com reports. Eleven analysts have rated the stock with a hold…",https://www.etfdailynews.com/2025/09/25/verizon-communications-inc-nysevz-receives-47-65-average-pt-from-brokerages/,https://www.americanbankingnews.com/wp-content/timthumb/timthumb.php?src=https://www.marketbeat.com/logos/verizonwireless-1200x675.jpg&w=240&h=240&zc=2,2025-09-25T05:58:47Z,"Shares of Verizon Communications Inc. (NYSE:VZ – Get Free Report) have been given a consensus recommendation of “Moderate Buy” by the nineteen research firms that are covering the stock, Marketbeat.c… [+5330 chars]",technology
"{'id': None, 'name': 'ETF Daily News'}",MarketBeat News,Analysts Set MarketAxess Holdings Inc. (NASDAQ:MKTX) PT at $228.09,"MarketAxess Holdings Inc. (NASDAQ:MKTX – Get Free Report) has received a consensus rating of “Hold” from the twelve analysts that are covering the company, Marketbeat reports. One research analyst has rated the stock with a sell rating, six have assigned a ho…",https://www.etfdailynews.com/2025/09/25/analysts-set-marketaxess-holdings-inc-nasdaqmktx-pt-at-228-09/,https://www.americanbankingnews.com/wp-content/timthumb/timthumb.php?src=https://www.marketbeat.com/logos/marketaxess-holdings-inc-logo-1200x675.jpg?v=20221109140326&w=240&h=240&zc=2,2025-09-25T05:58:46Z,"MarketAxess Holdings Inc. (NASDAQ:MKTX – Get Free Report) has received a consensus rating of “Hold” from the twelve analysts that are covering the company, Marketbeat reports. One research analyst ha… [+5771 chars]",technology
"{'id': None, 'name': 'ETF Daily News'}",MarketBeat News,Trimble (NASDAQ:TRMB) and Mitsubishi Heavy Industries (OTCMKTS:MHVYF) Critical Comparison,"Trimble (NASDAQ:TRMB – Get Free Report) and Mitsubishi Heavy Industries (OTCMKTS:MHVYF – Get Free Report) are both large-cap industrials companies, but which is the better stock? We will compare the two businesses based on the strength of their risk, profitab…",https://www.etfdailynews.com/2025/09/25/trimble-nasdaqtrmb-and-mitsubishi-heavy-industries-otcmktsmhvyf-critical-comparison/,https://www.americanbankingnews.com/wp-content/timthumb/timthumb.php?src=https://www.marketbeat.com/logos/mitsubishi-heavy-industries-ltd-logo-1200x675.png?v=20221107155506&w=240&h=240&zc=2,2025-09-25T05:58:46Z,"Trimble (NASDAQ:TRMB – Get Free Report) and Mitsubishi Heavy Industries (OTCMKTS:MHVYF – Get Free Report) are both large-cap industrials companies, but which is the better stock? We will compare the … [+7062 chars]",technology
"{'id': None, 'name': 'ETF Daily News'}",MarketBeat News,Knorex Ltd. Prices IPO at $4.00 Per Share (KNRX),"Knorex Ltd. (KNRX) plans to raise $12 million in an initial public offering on the week of September 29th, IPO Scoop reports. The company plans to issue 3,000,000 shares at a price of $4.00 per share. In the last twelve months, Knorex Ltd. generated $10.80 mi…",https://www.etfdailynews.com/2025/09/25/knorex-ltd-prices-ipo-at-4-00-per-share-knrx/,https://www.americanbankingnews.com/wp-content/timthumb/timthumb.php?src=https://www.marketbeat.com/logos/ipo2.jpg&w=240&h=240&zc=2,2025-09-25T05:58:45Z,"Knorex Ltd. (KNRX) plans to raise $12 million in an initial public offering on the week of September 29th, IPO Scoop reports. The company plans to issue 3,000,000 shares at a price of $4.00 per share… [+5304 chars]",technology
"{'id': None, 'name': 'ETF Daily News'}",MarketBeat News,Geberit AG (OTCMKTS:GBERY) Receives Consensus Rating of “Reduce” from Analysts,"Shares of Geberit AG (OTCMKTS:GBERY – Get Free Report) have been assigned an average recommendation of “Reduce” from the seven research firms that are currently covering the firm, Marketbeat.com reports. Three investment analysts have rated the stock with a s…",https://www.etfdailynews.com/2025/09/25/geberit-ag-otcmktsgbery-receives-consensus-rating-of-reduce-from-analysts/,https://www.americanbankingnews.com/wp-content/timthumb/timthumb.php?src=https://www.marketbeat.com/logos/geberit-ag-logo-1200x675.jpg?v=20230314141842&w=240&h=240&zc=2,2025-09-25T05:58:45Z,"Shares of Geberit AG (OTCMKTS:GBERY – Get Free Report) have been assigned an average recommendation of “Reduce” from the seven research firms that are currently covering the firm, Marketbeat.com repo… [+1541 chars]",technology
"{'id': None, 'name': 'ETF Daily News'}",MarketBeat News,Wetouch Technology (WETH) versus Its Rivals Critical Contrast,"Institutional and Insider Ownership 62.2% of shares of all “COMP – SOFTWARE” companies are held by institutional investors. 25.3% of Wetouch Technology shares are held by company insiders. Comparatively, 12.2% of shares of all “COMP – SOFTWARE” companies are …",https://www.etfdailynews.com/2025/09/25/wetouch-technology-weth-versus-its-rivals-critical-contrast/,https://www.americanbankingnews.com/wp-content/timthumb/timthumb.php?src=https://www.marketbeat.com/logos/wetouch-technology-inc-logo-1200x675.png?v=20240412135400&w=240&h=240&zc=2,2025-09-25T05:58:44Z,"Institutional and Insider Ownership
62.2% of shares of all “COMP – SOFTWARE” companies are held by institutional investors. 25.3% of Wetouch Technology shares are held by company insiders. Comparati… [+2946 chars]",technology
"{'id': None, 'name': 'ETF Daily News'}",MarketBeat News,"Shoulder Innovations, Inc. (NYSE:SI) Receives Consensus Rating of “Moderate Buy” from Brokerages","Shares of Shoulder Innovations, Inc. (NYSE:SI – Get Free Report) have been given a consensus recommendation of “Moderate Buy” by the six brokerages that are currently covering the firm, MarketBeat reports. One analyst has rated the stock with a hold recommend…",https://www.etfdailynews.com/2025/09/25/shoulder-innovations-inc-nysesi-receives-consensus-rating-of-moderate-buy-from-brokerages/,https://www.americanbankingnews.com/wp-content/timthumb/timthumb.php?src=https://www.marketbeat.com/logos/shoulder-innovations-inc-logo-1200x675.jpg?v=20250801082320&w=240&h=240&zc=2,2025-09-25T05:58:44Z,"Shares of Shoulder Innovations, Inc. (NYSE:SI – Get Free Report) have been given a consensus recommendation of “Moderate Buy” by the six brokerages that are currently covering the firm, MarketBeat re… [+3398 chars]",technology
"{'id': None, 'name': 'ETF Daily News'}",MarketBeat News,Novacyt (LON:NCYT) Shares Down 0.7% – Time to Sell?,"Novacyt S.A. (LON:NCYT – Get Free Report) shares traded down 0.7% during trading on Wednesday . The company traded as low as GBX 38 ($0.51) and last traded at GBX 39.21 ($0.53). 783,623 shares changed hands during mid-day trading, an increase of 522% from the…",https://www.etfdailynews.com/2025/09/25/novacyt-lonncyt-shares-down-0-7-time-to-sell/,https://www.americanbankingnews.com/wp-content/timthumb/timthumb.php?src=https://www.marketbeat.com/logos/novacyt-sa-logo-1200x675.jpg?v=20211202093856&w=240&h=240&zc=2,2025-09-25T05:56:52Z,"Novacyt S.A. (LON:NCYT – Get Free Report) shares traded down 0.7% during trading on Wednesday . The company traded as low as GBX 38 ($0.51) and last traded at GBX 39.21 ($0.53). 783,623 shares change… [+2522 chars]",technology
"{'id': None, 'name': 'Hurriyet Daily News'}",hurriyetdailynews.com,China unveils specific emissions targets,"China on Wednesday issued its first ever absolute targets for cutting planet-warming gases, a landmark pledge from the world's top polluter as the United States doubles down on fossil fuels and Europe falters.",https://www.hurriyetdailynews.com/china-unveils-specific-emissions-targets-213963,https://image.hurimg.com/i/hurriyet/75/200x200/68d4d961373f05d2df627fcd.jpg,2025-09-25T05:55:50Z,"NEW YORK
Chinese President Xi Jinping virtually addresses a climate summit, Wednesday, Sept. 24, 2025, at U.N. headquarters.
China on Wednesday issued its first ever absolute targets for cutting pl… [+4012 chars]",technology
"{'id': None, 'name': 'Brothers-brick.com'}",Daniel,"Prepare to launch into SHIPtember, week 3 [Feature]","Don't miss our latest round-up of fantastic SHIPs leaving drydock and setting out for open space as we launch into SHIPtember, week 3.
The post Prepare to launch into SHIPtember, week 3 [Feature] appeared first on The Brothers Brick.",https://www.brothers-brick.com/2025/09/24/prepare-to-launch-into-shiptember-week-3-feature/,https://s3-us-west-2.amazonaws.com/media.brothers-brick.com/2025/09/SHIPtember-week3-Hero.jpg,2025-09-25T06:49:00Z,"Week three of SHIPtember is behind us, and that means many SHIP builders have wrapped on their epic builds. Some have even started a second SHIP. Many have taken their pics to post-production to prod… [+4012 chars]",sports
"{'id': None, 'name': 'Madriduniversal.com'}",,"Real Madrid refuse to meet demands made by forward’s camp, not ruling out a sale next summer","Real Madrid winger Vinicius Jr. was at the centre of the team’s recent win over Levante as he scored one goal and provided one assist on the night. He may not be back at his very best, but the perfo...",https://madriduniversal.com/real-madrid-refuse-to-meet-demands-made-by-forwards-camp-not-ruling-out-a-sale-next-summer/,https://photobooth-api.onefootball.com/api/screenshot/%2Fv2%2Fphotobooth%2Fcms%2Fen%2F41714722%3Fdate=2025-09-25,2025-09-25T06:45:00Z,"Real Madrid winger Vinicius Jr. was at the centre of the teams recent win over Levante as he scored one goal and provided one assist on the night. He may not be back at his very best, but the perform… [+1769 chars]",sports
"{'id': None, 'name': 'BBC News'}",BBC Sport,Real Betis 2-2 Nottingham Forest: What Postecoglou said,"Postecoglou became the first manager not to win any of his first four games in charge of Forest since Paul Williams in April 2016, and the first permanent manager to do so since Billy Walker in August 1946. Igor Jesus became the first player to score twice on…",https://www.bbc.com/sport/football/articles/cd63xe903gno,https://ichef.bbci.co.uk/ace/branded_sport/1200/cpsprodpb/bcb4/live/ecd21f50-99d6-11f0-928c-71dbb8619e94.jpg,2025-09-25T06:41:50Z,"Ange Postecoglou spoke to TNT Sports after Wednesday's Europa League draw at Real Betis: ""First, I should be proud of the players' efforts. It's a difficult place to come, difficult conditions.
""Peo… [+1034 chars]",sports
"{'id': 'rte', 'name': 'RTE'}",RTÉ Sport,Donald takes swipe at US players in Ryder pay for play,"Luke Donald took a swipe at the American team ahead of the Ryder Cup by pointing out his European side were ""fuelled by something money cannot buy"".",https://www.rte.ie/sport/golf/2025/0925/1535224-donald-takes-swipe-at-us-players-in-ryder-pay-for-play/,https://www.rte.ie/images/00233867-1600.jpg,2025-09-25T06:35:17Z,"Luke Donald took a swipe at the American team ahead of the Ryder Cup by pointing out his European side were ""fuelled by something money cannot buy"".
The United States players are being paid for thei… [+2461 chars]",sports
"{'id': None, 'name': 'ArchDaily'}",Reyyan Dogan,Next Practices Awards and Baghdad’s Forested Master Plan: The Week’s Review,"This week, architectural developments around the world highlighted the balance between continuity and change in the built environment. Conversations around sustainability, heritage, and resilience highlight how architecture adapts to shifting cultural, social…",https://www.archdaily.com/1034460/next-practices-awards-and-baghdads-forested-master-plan-the-weeks-review,https://images.adsttc.com/media/images/68d5/020f/27ac/8d01/8af7/80d9/large_jpg/next-practices-awards-and-baghdads-forestry-master-plan-the-weeks-review_1.jpg?1758790204,2025-09-25T06:30:00Z,"Waldorf Astoria by SOM. Image © Dave Burk
This week, architectural developments around the world highlighted the balance between continuity and change in the built environment. Conversations around … [+6644 chars]",sports
"{'id': None, 'name': 'ETF Daily News'}",MarketBeat News,Financial Contrast: Liberty Global (NASDAQ:LBTYK) vs. Gray Media (NYSE:GTN.A),"Insider and Institutional Ownership 46.1% of Liberty Global shares are owned by institutional investors. Comparatively, 0.3% of Gray Media shares are owned by institutional investors. 9.9% of Liberty Global shares are owned by insiders. Comparatively, 13.3% o…",https://www.etfdailynews.com/2025/09/25/financial-contrast-liberty-global-nasdaqlbtyk-vs-gray-media-nysegtn-a/,https://www.americanbankingnews.com/wp-content/timthumb/timthumb.php?src=https://www.marketbeat.com/logos/gray-television-inc-class-a-logo-1200x675.jpg&w=240&h=240&zc=2,2025-09-25T06:28:56Z,"Insider and Institutional Ownership
46.1% of Liberty Global shares are owned by institutional investors. Comparatively, 0.3% of Gray Media shares are owned by institutional investors. 9.9% of Libert… [+4844 chars]",sports
"{'id': 'abc-news-au', 'name': 'ABC News (AU)'}",Nick Campton,Nicho Hynes returns to where it all began for the biggest game of his NRL career,"Ten years to the day since his first moment in the spotlight, Nicho Hynes returns to AAMI Park for the most important game of his NRL career.",https://www.abc.net.au/news/2025-09-25/storm-sharks-nicho-hynes-nrl-preliminary-finals/105816184,https://live-production.wcms.abc-cdn.net.au/9a987d335cd78c5d3984157361f732ff?impolicy=wcms_watermark_news&cropH=2250&cropW=4000&xPos=0&yPos=208&width=862&height=485&imformat=generic,2025-09-25T06:27:26Z,"AAMI Park is where it all started for Nicho Hynes, just not in the way you might think.
You have to go way, way back, a full four years before his NRL debut with Melbourne and seven years before Hyn… [+7738 chars]",sports
"{'id': None, 'name': 'The Daily Caller'}",David Bossie,DAVE BOSSIE: Thorough Investigation Of Radical Left Is Warranted,"With the assassination of Charlie Kirk, what’s been taking place in America can no longer be ignored and must be dealt with once and for all.",https://dailycaller.com/2025/09/25/opinion-thorough-investigation-of-radical-left-is-warranted-dave-bossie/,"https://images.dailycaller.com/image/width=1280,height=549,fit=cover,format=webp,f=auto/https://cdn01.dailycaller.com/wp-content/uploads/2025/09/GettyImages-2236627722-scaled-e1758680041933.jpg",2025-09-25T06:27:05Z,"With the assassination of beloved conservative icon Charlie Kirk, what’s been taking place in America over the past several years can no longer be ignored and must be dealt with once and for all. The… [+7331 chars]",sports
"{'id': None, 'name': 'Realgm.com'}",Alexa Philippou/ESPN,Los Angeles Sparks To Build $150M Practice Facility,"The Los Angeles Sparks are planning to build a $150 million practice facility in El Segundo, the team announced on Wednesday.
The 55,000-square-foot facility is scheduled to be ready for 2027.
It is the largest investment in a single team in the history of wo…",https://basketball.realgm.com/wiretap/282029/Los-Angeles-Sparks-To-Build-$150M-Practice-Facility,https://basketball.realgm.com/images/nba/4.2/wiretap/photos/2006/wnba_losangelessparks.jpg,2025-09-25T06:15:57Z,"The Los Angeles Sparks are planning to build a $150 million practice facility in El Segundo, the team announced on Wednesday.
The 55,000-square-foot facility is scheduled to be ready for 2027.
It i… [+665 chars]",sports
"{'id': None, 'name': 'Chelsea.news'}",,“I don’t know why” – talkSPORT pundit offers Maresca advice about Garnacho after first Chelsea start,Former Tottenham player Jamie O’Hara has given Enzo Maresca some advice about summer signing Alejandro Garnacho.Garnacho was handed his first start in the Carabao Cup third round tie away at Lincoln...,https://chelsea.news/2025/09/jamie-ohara-maresca-garnacho/,https://photobooth-api.onefootball.com/api/screenshot/%2Fv2%2Fphotobooth%2Fcms%2Fen%2F41714691%3Fdate=2025-09-25,2025-09-25T06:15:00Z,"Former Tottenham player Jamie OHara has given Enzo Maresca some advice about summer signing Alejandro Garnacho.
Garnacho was handed his first start in the Carabao Cup third round tie away at Lincoln… [+2100 chars]",sports
"{'id': None, 'name': 'ETF Daily News'}",MarketBeat News,Comparing SGS (OTCMKTS:SGSOY) and Aramark (NYSE:ARMK),"Aramark (NYSE:ARMK – Get Free Report) and SGS (OTCMKTS:SGSOY – Get Free Report) are both business services companies, but which is the better investment? We will contrast the two companies based on the strength of their earnings, risk, institutional ownership…",https://www.etfdailynews.com/2025/09/25/comparing-sgs-otcmktssgsoy-and-aramark-nysearmk/,https://www.americanbankingnews.com/wp-content/timthumb/timthumb.php?src=https://www.marketbeat.com/logos/sgs-ltd-logo-1200x675.jpg&w=240&h=240&zc=2,2025-09-25T06:12:44Z,"Aramark (NYSE:ARMK – Get Free Report) and SGS (OTCMKTS:SGSOY – Get Free Report) are both business services companies, but which is the better investment? We will contrast the two companies based on t… [+5880 chars]",sports
"{'id': None, 'name': 'Slashdot.org'}",feedfeeder,Ex-NFL LB Makes Bold Accusation About Pelicans Star Zion Williamson's Stunning Body Transformation - Pro Football & Sports Network,Ex-NFL LB Makes Bold Accusation About Pelicans Star Zion Williamson's Stunning Body TransformationPro Football & Sports Network NBA star Zion Williamson shows off body transformation after intense summer trainingFox News Zion: Pels boss Dumars has high standa…,https://slashdot.org/firehose.pl?op=view&amp;id=179526630,,2025-09-25T06:12:12Z,The Fine Print: The following comments are owned by whoever posted them. We are not responsible for them in any way.,sports
"{'id': None, 'name': 'ClutchPoints'}",Josh Davis,Phillies make never-before-seen history in win over Marlins,"The Philadelphia Phillies make MLB history with 8 home runs and 10 strikeouts, as Jesus Luzardo issues 0 walks in dominant win over Marlins.",https://clutchpoints.com/mlb/philadelphia-phillies/phillies-news-historic-win-marlins-2025-luzardo,https://wp.clutchpoints.com/wp-content/uploads/2025/09/Edmundo-Sosa-and-Kyle-Schwarber.jpg,2025-09-25T06:06:26Z,"The Philadelphia Phillies didnt just win on Wednesday nightthey rewrote history. In an 11-1 blowout victory over the Miami Marlins at Citizens Bank Park, the Phillies became the first team in MLB his… [+1982 chars]",sports
"{'id': None, 'name': 'Notebookcheck.net'}",Abid Ahsan Shanto,Affordable Redmi Bluetooth Speaker 2 launches with compact and water-resistant design,"Xiaomi has launched a new affordable wireless speaker in China, the Redmi Bluetooth Speaker 2. It has multiple playback modes, features a small and lightweight design, and sports an IP67 water-resistant rating.",https://www.notebookcheck.net/Affordable-Redmi-Bluetooth-Speaker-2-launches-with-compact-and-water-resistant-design.1123836.0.html,https://www.notebookcheck.net/fileadmin/Notebooks/News/_nc5/Xiaomi-Redmi-Bluetooth-Speaker-2-launch.jpg,2025-09-25T06:06:00Z,"The Redmi Bluetooth Speaker 2 is a new addition to Xiaomi's growing portfolio of accessories. This affordable wireless speaker features a compact and lightweight design, but as Xiaomi claims, it can … [+1245 chars]",sports
"{'id': 'abc-news-au', 'name': 'ABC News (AU)'}",ABC News,Wallabies announce Bledisloe Cup side as All Blacks lose captain,"Wallabies prop James Slipper will notch an important milestone against New Zealand on Saturday, while James O'Connor will start at fly half.",https://www.abc.net.au/news/2025-09-25/wallabies-vs-all-blacks-bledisloe-cup-team-lists/105814670,https://live-production.wcms.abc-cdn.net.au/5f951724808f2b96745302d8aca68cb8?impolicy=wcms_watermark_news&cropH=1745&cropW=3102&xPos=1298&yPos=204&width=862&height=485&imformat=generic,2025-09-25T06:02:36Z,"The Wallabies have named the team it hopes will win a Test match at Eden Park for the first time since 1986.
James Slipper will become the first Wallabies player to notch 150 Tests, further extendin… [+6600 chars]",sports
"{'id': None, 'name': 'ETF Daily News'}",MarketBeat News,Evercore ISI Lowers Academy Sports and Outdoors (NASDAQ:ASO) Price Target to $50.00,"Academy Sports and Outdoors (NASDAQ:ASO – Get Free Report) had its price target decreased by research analysts at Evercore ISI from $55.00 to $50.00 in a report issued on Tuesday,Benzinga reports. The brokerage presently has an “in-line” rating on the stock. …",https://www.etfdailynews.com/2025/09/25/evercore-isi-lowers-academy-sports-and-outdoors-nasdaqaso-price-target-to-50-00/,https://www.americanbankingnews.com/wp-content/timthumb/timthumb.php?src=https://www.marketbeat.com/logos/academy-sports-and-outdoors-inc-logo-1200x675.png?v=20240209150026&w=240&h=240&zc=2,2025-09-25T06:00:58Z,"Academy Sports and Outdoors (NASDAQ:ASO – Get Free Report) had its price target decreased by research analysts at Evercore ISI from $55.00 to $50.00 in a report issued on Tuesday,Benzinga reports. Th… [+4248 chars]",sports
"{'id': None, 'name': 'Dramabeans.com'}",tccolb,"News bites: September 24, 2025","Hwang In-yub, Hyeri ENA has confirmed casting for Your Dream (roughly translated), pairing a film director Hwang In-yub (Family by Choice) and reporter Hyeri (Friendly Rivalry). Directed by PD Yoo Sun-dong (Unmasked, The Uncanny Counter) with Jung Eun-bi (Doo…",https://dramabeans.com/2025/09/news-bites-september-24-2025/,https://dramabeans.com/wp-content/uploads/2025/09/BF.41826468.1.jpg,2025-09-25T06:00:55Z,"News bites: September 24, 2025
Hwang In-yub, Hyeri
<ul><li>ENA has confirmed casting for Your Dream (roughly translated), pairing a film director Hwang In-yub (Family by Choice) and reporter Hyeri … [+2547 chars]",sports
"{'id': None, 'name': 'Forbes'}","Justin Birnbaum, Forbes Staff, 
 Justin Birnbaum, Forbes Staff
 https://www.forbes.com/sites/justinbirnbaum/",The Highest-Paid Golfers At The 2025 Ryder Cup,"Forbes' list of the Ryder Cup's highest-paid golfers features Jon Rahm, Scottie Scheffler and three other players earning big money on and off the course.",https://www.forbes.com/sites/justinbirnbaum/2025/09/25/the-highest-paid-golfers-at-the-2025-ryder-cup/,https://imageio.forbes.com/specials-images/imageserve/68d3feca6c53d4cb270eaeec/0x0.jpg?format=jpg&height=900&width=1600&fit=bounds,2025-09-25T06:00:00Z,"The biennial competition between the U.S. and Europe offers no prize money, but that hardly matters for these five players, who collected a combined $358 million over the past 12 months.
Heading int… [+9219 chars]",sports
"{'id': None, 'name': 'The Quietus'}",Luke Turner,Low Culture Essay: Arusa Qureshi on the Tony Hawk Pro Skater Soundtracks,"Arusa Qureshi was never allowed a skateboard, but the soundtracks to Tony Hawk's Pro Skater series of computer games were a vital introduction to music – one that, she argues, was far more effective than today's algorithm-driven discovery mechanisms
When I wa…",https://thequietus.com/subscriber-area/low-culture-essay/low-culture-essay-arusa-qureshi-on-the-tony-hawk-pro-skater-soundtracks/,https://thequietus.com/app/uploads/2025/09/tony-hawk-1024x576.jpg,2025-09-25T06:00:00Z,"Arusa Qureshi was never allowed a skateboard, but the soundtracks to Tony Hawk's Pro Skater series of computer games were a vital introduction to music one that, she argues, was far more effective th… [+3994 chars]",sports
"{'id': None, 'name': 'The Football Faithful'}",,Aston Villa vs Bologna – Match Preview and Team News,Aston Villa will be looking for a vital victory to kickstart their season on Thursday when they begin their Europa League campaign at home to Italian side Bologna. Unai Emery’s side remain winless i...,https://thefootballfaithful.com/aston-villa-vs-bologna-match-preview-and-team-news-2/,https://photobooth-api.onefootball.com/api/screenshot/%2Fv2%2Fphotobooth%2Fcms%2Fen%2F41714599%3Fdate=2025-09-25,2025-09-25T06:00:00Z,"Aston Villa will be looking for a vital victory to kickstart their season on Thursday when they begin their Europa League campaign at home to Italian side Bologna.
Unai Emerys side remain winless in… [+2373 chars]",sports
"{'id': None, 'name': 'New Zealand Herald'}",Christopher Reive,Women’s Rugby World Cup: Why Black Ferns and France have plenty to play for in battle for bronze,"'We didn’t execute like we usually do against Canada, so that’s a huge focus.'",https://www.nzherald.co.nz/sport/rugby/black-ferns/womens-rugby-world-cup-why-black-ferns-and-france-have-plenty-to-play-for-in-battle-for-bronze/RFBEX4ZZPRE6NOSNBJVRYLEKWM/,https://www.nzherald.co.nz/resizer/v2/BN3TSXNF65AELG7KA6IKKVQCLI.jpg?auth=41ee6bf17768d560778c16e244181128b81ab8348bdc40f13da10dbbd5aa29d9&width=1200&height=675&quality=70&smart=true,2025-09-25T06:00:00Z,"We let it play up for a day or two, but now weve got a job to do. We want to leave this tournament only losing one game, although a very, very important game. 
I suppose the beauty about making a se… [+1887 chars]",sports
"{'id': None, 'name': 'The Football Faithful'}",,Aston Villa vs Bologna – Predicted lineup and team news,Aston Villa begin their Europa League campaign on Thursday night in desperate need of a positive result to ignite their season.A dismal start to their Premier League campaign has left the club in cris...,https://thefootballfaithful.com/aston-villa-vs-bologna-predicted-lineup-and-team-news/,https://photobooth-api.onefootball.com/api/screenshot/%2Fv2%2Fphotobooth%2Fcms%2Fen%2F41714602%3Fdate=2025-09-25,2025-09-25T06:00:00Z,"Aston Villa begin their Europa League campaign on Thursday night in desperate need of a positive result to ignite their season.
A dismal start to their Premier League campaign has left the club in c… [+1712 chars]",sports
"{'id': None, 'name': 'The Football Faithful'}",,Barcelona XI vs Real Oviedo – Predicted lineup and team news,Barcelona travel to Estadio Carlos Tartiere to take on Real Oviedo on Thursday. Both teams are eager to secure crucial points.Barcelona XI vs Real Oviedo – Predicted lineup and team newsBarcelona Te...,https://thefootballfaithful.com/barcelona-xi-vs-real-oviedo-predicted-lineup-and-team-news/,https://photobooth-api.onefootball.com/api/screenshot/%2Fv2%2Fphotobooth%2Fcms%2Fen%2F41714601%3Fdate=2025-09-25,2025-09-25T06:00:00Z,"Barcelona travel to Estadio Carlos Tartiere to take on Real Oviedo on Thursday. Both teams are eager to secure crucial points.
Barcelona XI vs Real Oviedo Predicted lineup and team news
The La Liga… [+1644 chars]",sports
"{'id': None, 'name': 'The Football Faithful'}",,Real Oviedo vs Barcelona – Match preview and team news,Barcelona and Real Oviedo go head-to-head in La Liga on Thursday evening. Both sides will be looking for a positive result in what promises to be an intriguing encounter at Estadio Carlos Tartiere.Rea...,https://thefootballfaithful.com/real-oviedo-vs-barcelona-match-preview-and-team-news/,https://photobooth-api.onefootball.com/api/screenshot/%2Fv2%2Fphotobooth%2Fcms%2Fen%2F41714582%3Fdate=2025-09-25,2025-09-25T05:55:00Z,"Barcelona and Real Oviedo go head-to-head in La Liga on Thursday evening. Both sides will be looking for a positive result in what promises to be an intriguing encounter at Estadio Carlos Tartiere.
… [+3202 chars]",sports
"{'id': None, 'name': 'Slashdot.org'}",feedfeeder,Mariners clinch AL West title for 1st time in 24 years with 9-2 win over Rockies - KOMO,"Mariners clinch AL West title for 1st time in 24 years with 9-2 win over RockiesKOMO Raleigh hits Nos. 59, 60 as M's clinch AL WestESPN Cal Raleigh hits MLB-leading 59th and 60th homers to help the Mariners wrap up AL WestAP News At long last, you can call Ma…",https://slashdot.org/firehose.pl?op=view&amp;id=179526494,,2025-09-25T05:52:17Z,The Fine Print: The following comments are owned by whoever posted them. We are not responsible for them in any way.,sports
"{'id': None, 'name': 'ETF Daily News'}",MarketBeat News,The Goldman Sachs Group Initiates Coverage on DICK’S Sporting Goods (NYSE:DKS),"Stock analysts at The Goldman Sachs Group began coverage on shares of DICK’S Sporting Goods (NYSE:DKS – Get Free Report) in a research note issued to investors on Tuesday, MarketBeat Ratings reports. The firm set a “buy” rating and a $274.00 price target on t…",https://www.etfdailynews.com/2025/09/25/the-goldman-sachs-group-initiates-coverage-on-dicks-sporting-goods-nysedks/,https://www.americanbankingnews.com/wp-content/timthumb/timthumb.php?src=https://www.marketbeat.com/logos/dicks-sporting-goods-inc-logo-1200x675.png?v=20221109153449&w=240&h=240&zc=2,2025-09-25T05:50:43Z,"Stock analysts at The Goldman Sachs Group began coverage on shares of DICK’S Sporting Goods (NYSE:DKS – Get Free Report) in a research note issued to investors on Tuesday, MarketBeat Ratings reports.… [+5743 chars]",sports
"{'id': None, 'name': 'Latest News in Nigeria & Breaking Naija News 24/7 | LEGIT.NG'}",Eniola Lasaki,"Rihanna & A$AP Rocky Welcomes Their First Daughter, Her Third Child, Actress Taraji Says: ""I Told U""","Rihanna has announced the birth of her third child, a baby girl named Rocki Irish Mayers, with a touching photo shared on her official social media.",https://www.legit.ng/entertainment/celebrities/1675650-rihanna-aap-rocky-welcomes-daughter-child-actress-taraji-i-told-u/,https://cdn.legit.ng/images/1200x675/1237e2b7954ef2ba.jpeg?v=1,2025-09-25T05:50:03Z,<ul><li>It's raining babies in the international music space as Rihanna has just announced the birth of her third child</li><li>Riri shared the uplifting news via her official Instagram page and reve… [+3372 chars],sports
"{'id': None, 'name': 'PerthNow'}",Tegwen Bescoby,Perth mum and OnlyFans creator Lucy Banks tells of moment her son learnt of her content on adult website,A Perth mother who spent years as an OnlyFans star has revealed the stomach-dropping moment her 10-year-old discovered her raunchy career.,https://www.perthnow.com.au/entertainment/influencers/perth-mum-and-onlyfans-creator-lucy-banks-tells-of-moment-her-son-learnt-of-her-content-on-adult-website-c-20139326,https://images.perthnow.com.au/publication/C-20139326/d9ccb0edbdd0ae44d535a341c6184bfe8f3fa79f-16x9-x1y0w2446h1376.jpg?imwidth=1200,2025-09-25T05:44:46Z,"A Perth mother who spent years as an OnlyFans star has revealed the stomach-dropping moment her 10-year-old discovered her raunchy career.
Lucy Banks, 34, transitioned from corporate banking to sell… [+3514 chars]",sports
"{'id': None, 'name': 'ETF Daily News'}",MarketBeat News,Analysts Set DraftKings Inc. (NASDAQ:DKNG) Target Price at $55.12,"DraftKings Inc. (NASDAQ:DKNG – Get Free Report) has been assigned an average recommendation of “Moderate Buy” from the twenty-six brokerages that are covering the stock, Marketbeat reports. One analyst has rated the stock with a hold recommendation and twenty…",https://www.etfdailynews.com/2025/09/25/analysts-set-draftkings-inc-nasdaqdkng-target-price-at-55-12/,https://www.americanbankingnews.com/wp-content/timthumb/timthumb.php?src=https://www.marketbeat.com/logos/draftkings-inc-logo-1200x675.png?v=20231227085909&w=240&h=240&zc=2,2025-09-25T05:42:55Z,"DraftKings Inc. (NASDAQ:DKNG – Get Free Report) has been assigned an average recommendation of “Moderate Buy” from the twenty-six brokerages that are covering the stock, Marketbeat reports. One analy… [+5426 chars]",sports
"{'id': None, 'name': 'ETF Daily News'}",MarketBeat News,Head-To-Head Comparison: Trans-Lux (OTCMKTS:TNLX) and BIO-key International (NASDAQ:BKYI),"Insider and Institutional Ownership 26.5% of BIO-key International shares are owned by institutional investors. Comparatively, 11.9% of Trans-Lux shares are owned by institutional investors. 3.7% of BIO-key International shares are owned by company insiders. …",https://www.etfdailynews.com/2025/09/25/head-to-head-comparison-trans-lux-otcmktstnlx-and-bio-key-international-nasdaqbkyi/,https://www.americanbankingnews.com/wp-content/timthumb/timthumb.php?src=https://www.marketbeat.com/logos/trans-lux-co-logo-1200x675.png&w=240&h=240&zc=2,2025-09-25T05:42:53Z,"Insider and Institutional Ownership
26.5% of BIO-key International shares are owned by institutional investors. Comparatively, 11.9% of Trans-Lux shares are owned by institutional investors. 3.7% of… [+5053 chars]",sports
"{'id': None, 'name': 'CNA'}",,Undergraduate accused of molesting women on public transport pleads for bail to resume internship but fails,"He pleaded for bail, saying he wanted to resume his internship to provide for his family and that his late father's only wish was for him to complete university.",https://www.channelnewsasia.com/singapore/undergrad-molest-public-transport-internship-bail-5368336,"https://dam.mediacorp.sg/image/upload/s--6tqAEi5C--/c_fill,g_auto,h_676,w_1200/fl_relative,g_south_east,l_mediacorp:cna:watermark:2021-08:cna,w_0.1/f_auto,q_auto/v1/mediacorp/cna/image/2025/09/25/6244689239736437252.jpg?itok=be2nU5Jc",2025-09-25T05:42:01Z,"SINGAPORE: A university undergraduate who faces charges of molesting women on public transport and committing voyeurism was remanded earlier this month for allegedly offending while on bail.
The 24-… [+7062 chars]",sports
"{'id': None, 'name': 'Sporting News'}",Hunter Cookston,"Mariners superstar Cal Raleigh delivers perfect 8-word playoff response, caps historic night","The Seattle Mariners have won the AL West for the first time in a long time. Now, Cal Raleigh has a very simple message for the fans.",https://www.sportingnews.com/us/mlb/seattle-mariners/news/mariners-superstar-cal-raleigh-delivers-perfect-8-word-playoff-response-caps-historic-night/862af81cd91a924c288a3981,https://library.sportingnews.com/styles/crop_style_16_9_desktop_webp/s3/2025-09/USATSI_27155806.jpg.webp?itok=LYBHkWhr,2025-09-25T05:40:59Z,"The Seattle Mariners are having one of their best seasons in over two decades. Coming into the year, it was clear they had a strong ballclub but theyve been more than just competitive; theyve been on… [+1821 chars]",sports
"{'id': None, 'name': 'Prtimes.jp'}",,『RIZIN.51』大会冒頭6試合を「ABEMA」で無料放送決定！大会前日の公開計量を9月27日（土）15時15分より無料生中継,"[ABEMA]
[画像1: https://prcdn.freetls.fastly.net/release_image/64643/1975/64643-1975-de79e59ee53cdce4ec28fb782b59f703-1920x1080.jpg?width=536&quality=85%2C75&format=jpeg&auto=webp&fit=bound...",https://prtimes.jp/main/html/rd/p/000001975.000064643.html,https://prcdn.freetls.fastly.net/release_image/64643/1975/64643-1975-de79e59ee53cdce4ec28fb782b59f703-1920x1080.jpg?format=jpeg&auto=webp&fit=bounds&width=2400&height=1260,2025-09-25T05:40:02Z,"ABEMARIZIN2025928IGRIZIN.51ABEMA PPV 42RIZIN.519271515
ABEMA41 vs. 2 vs. 69271515
92723595,0001928092823595,5009290103213,300ABEMAABEMA21,100URLhttps://abema.tv/lp/cashback-rizin51-20250928
WINTIC… [+723 chars]",sports
"{'id': None, 'name': 'Prtimes.jp'}",,『Prime Video Boxing 14』 那須川天心いよいよ世界挑戦！ WBC世界バンタム級王座決定戦　那須川天心対井上拓真,"[アマゾンジャパン合同会社]
[画像: https://prcdn.freetls.fastly.net/release_image/4612/2054/4612-2054-7261bc772a0e17127f6353e73bc5fefb-1500x844.png?width=536&quality=85%2C75&format=jpeg&auto=webp&fit=bounds&am...",https://prtimes.jp/main/html/rd/p/000002054.000004612.html,https://prcdn.freetls.fastly.net/release_image/4612/2054/4612-2054-7261bc772a0e17127f6353e73bc5fefb-1500x844.png?format=jpeg&auto=webp&fit=bounds&width=2400&height=1260,2025-09-25T05:40:02Z,"Prime VideoPrime Video Boxing 1420251124=TOYOTA ARENA TOKYOWBC1WBAWBC2
Prime Video Boxing 14Amazon
Prime Video20224WBAIBF546M.TWBCIBF20222024
1472KO20234Prime VideoWBCWBAPrime Video202345
7426
P… [+1850 chars]",sports
"{'id': None, 'name': 'BBC News'}",,Rugby groundswoman to be part of history at final,"Cheryl Hill, of Leicester Tigers, is one of 15 women tending to the Twickenham pitch.",https://www.bbc.com/news/articles/cwy9pgpp2rro,https://ichef.bbci.co.uk/news/1024/branded_news/54b5/live/466a1780-9940-11f0-b10d-bf44e675faa1.png,2025-09-25T05:36:25Z,"Isaac Ashe, East Midlands
Cheryl Hill is Leicester Tigers' longest-serving groundskeeper
A woman who is part of the first all-female grounds team set to take to the lawn at the Rugby World Cup fina… [+3517 chars]",sports
"{'id': None, 'name': 'Slashdot.org'}",feedfeeder,What to watch when Seahawks play Cardinals in Week 4 - The Seattle Times,"What to watch when Seahawks play Cardinals in Week 4The Seattle Times Seahawks vs. Cardinals: Three must-know storylines for Thursday's Week 4 prime-time gameNFL.com NFL DFS picks, Thursday Night Football: Seahawks vs. Cardinals daily fantasy advice for Draft…",https://slashdot.org/firehose.pl?op=view&amp;id=179526372,,2025-09-25T05:32:10Z,The Fine Print: The following comments are owned by whoever posted them. We are not responsible for them in any way.,sports
"{'id': None, 'name': 'ETF Daily News'}",MarketBeat News,Roku (NASDAQ:ROKU) & iHeartMedia (NASDAQ:IHRT) Critical Review,"iHeartMedia (NASDAQ:IHRT – Get Free Report) and Roku (NASDAQ:ROKU – Get Free Report) are both consumer discretionary companies, but which is the better investment? We will compare the two businesses based on the strength of their institutional ownership, anal…",https://www.etfdailynews.com/2025/09/25/roku-nasdaqroku-iheartmedia-nasdaqihrt-critical-review/,https://www.americanbankingnews.com/wp-content/timthumb/timthumb.php?src=https://www.marketbeat.com/logos/roku-inc-logo-1200x675.png?v=20221110140549&w=240&h=240&zc=2,2025-09-25T05:26:49Z,"iHeartMedia (NASDAQ:IHRT – Get Free Report) and Roku (NASDAQ:ROKU – Get Free Report) are both consumer discretionary companies, but which is the better investment? We will compare the two businesses … [+5559 chars]",sports
"{'id': None, 'name': 'BBC News'}",Joe Rindl,Weekly sports quiz: What's Zola's Ryder Cup role?,How much attention have you paid to what's happened in the world of sport over the past seven days?,https://www.bbc.com/sport/articles/ckg3zqx3jkzo,https://ichef.bbci.co.uk/ace/branded_sport/1200/cpsprodpb/0967/live/35a13120-9938-11f0-858a-a904eacbef23.jpg,2025-09-25T05:20:37Z,"So much has happened over the past seven days, including Ballon d'Or ceremonies, the end of the World Athletics Championships and Scottish hat-tricks in the Bundesliga.
About 7% of quizzers got full… [+64 chars]",sports
"{'id': None, 'name': 'BBC News'}",,Sir Chris Hoy launches scholarship for student athletes,The funding will support University of Edinburgh students who are training and competing while studying.,https://www.bbc.com/news/articles/c39rpden2n2o,https://ichef.bbci.co.uk/news/1024/branded_news/dbff/live/6ee1d0f0-9958-11f0-af62-91486a511a31.jpg,2025-09-25T05:15:41Z,"A scholarship for young athletes who are also in university has been launched by Sir Chris Hoy to help them develop their ""exceptional talent"" in sport and academia.
The six-time Olympic champion la… [+2234 chars]",sports
"{'id': None, 'name': 'New York Post'}",David Russell,"Former Packers lineman, college star Bill Ferrario dead at 47 — two days after birthday","A former college football star who played two seasons for the Packers was found dead in his Wisconsin home Wednesday, two days after his 47th birthday.",https://nypost.com/2025/09/25/sports/former-packers-lineman-wisconsin-badgers-star-bill-ferrario-dead-at-47-two-days-after-birthday/,https://nypost.com/wp-content/uploads/sites/2/2025/09/Comp_Untitled-2-4.jpg?quality=75&strip=all&w=1024,2025-09-25T05:15:18Z,"Former Packers lineman Bill Ferrario was found dead in his Wisconsin home on Wednesday two days after his 47th birthday.
Ferrario, who starred as a four-year starter at the University of Wisconsin, … [+2668 chars]",sports
"{'id': None, 'name': 'New York Post'}",NY Post Sports,"Former Packers lineman, college star Bill Ferrario dead at 47 — two days after birthday","A former college football star who played two seasons for the Packers was found dead in his Wisconsin home Wednesday, two days after his 47th birthday.",https://nypost.com/2025/09/25/sports/former-packers-lineman-wisconsin-badgers-star-bill-ferrario-dead-at-47-two-days-after-birthday/?utm_source=yahoo&amp;utm_campaign=nypost&amp;utm_medium=referral,https://s.yimg.com/ny/api/res/1.2/ebMurMzwiLfFupTor_E67A--/YXBwaWQ9aGlnaGxhbmRlcjt3PTEyMDA7aD04MDA7Y2Y9d2VicA--/https://media.zenfs.com/en/ny_post_sports_articles_389/43239f86c0db50783e0113773800b7b1,2025-09-25T05:15:18Z,"Former Packers lineman Bill Ferrario was found dead in his Wisconsin home on Wednesday two days after his 47th birthday.
Ferrario, who starred as a four-year starter at the University of Wisconsin, … [+2647 chars]",sports
"{'id': None, 'name': 'Sporting News'}",Hunter Cookston,"Steelers predicted to replace Aaron Rodgers with 'breakout star' 2,000 yard passer and 22-TD QB","The Steelers could very well go into a rebuild type of year, however, it seems like they are going to go with an up and coming name.",https://www.sportingnews.com/us/nfl/pittsburgh-steelers/news/steelers-predicted-replace-aaron-rodgers-breakout-star-2000-yard-passer-and-22-td-qb/7928a3dc142cebb6ad6de53a,https://library.sportingnews.com/styles/crop_style_16_9_desktop_webp/s3/2025-09/USATSI_27139609.jpg.webp?itok=kJFU4oB-,2025-09-25T05:12:56Z,"The Pittsburgh Steelers are off to a 2-1 start this season, and they are looking to make the most of quarterback Aaron Rodgers likely final year in the league. Rodgers has been extremely vocal about … [+1774 chars]",sports
"{'id': None, 'name': 'ETF Daily News'}",MarketBeat News,Rackspace Technology (NASDAQ:RXT) & Verify Smart (OTCMKTS:VSMR) Head to Head Analysis,"Rackspace Technology (NASDAQ:RXT – Get Free Report) and Verify Smart (OTCMKTS:VSMR – Get Free Report) are both small-cap business services companies, but which is the superior investment? We will compare the two businesses based on the strength of their insti…",https://www.etfdailynews.com/2025/09/25/rackspace-technology-nasdaqrxt-verify-smart-otcmktsvsmr-head-to-head-analysis/,https://www.americanbankingnews.com/wp-content/timthumb/timthumb.php?src=https://www.marketbeat.com/logos/verify-smart-corp-logo-1200x675.png?v=20220919143404&w=240&h=240&zc=2,2025-09-25T05:10:53Z,"Rackspace Technology (NASDAQ:RXT – Get Free Report) and Verify Smart (OTCMKTS:VSMR – Get Free Report) are both small-cap business services companies, but which is the superior investment? We will com… [+5476 chars]",sports
"{'id': None, 'name': 'ETF Daily News'}",MarketBeat News,Promising Casino Stocks To Watch Today – September 23rd,"Richtech Robotics, Sharplink Gaming, and Flutter Entertainment are the three Casino stocks to watch today, according to MarketBeat’s stock screener tool. Casino stocks are shares of publicly traded companies that develop, own and operate casino resorts and ga…",https://www.etfdailynews.com/2025/09/25/promising-casino-stocks-to-watch-today-september-23rd/,https://www.americanbankingnews.com/wp-content/timthumb/timthumb.php?src=https://www.marketbeat.com/logos/richtech-robotics-inc-logo-1200x675.png?v=20231128141749&w=240&h=240&zc=2,2025-09-25T05:07:25Z,"Richtech Robotics, Sharplink Gaming, and Flutter Entertainment are the three Casino stocks to watch today, according to MarketBeat’s stock screener tool. Casino stocks are shares of publicly traded c… [+2002 chars]",sports
"{'id': None, 'name': 'ETF Daily News'}",MarketBeat News,Top Apparel Stocks To Follow Today – September 23rd,"Costco Wholesale, Berkshire Hathaway, lululemon athletica, Walmart, PDD, JD.com, and NIKE are the seven Apparel stocks to watch today, according to MarketBeat’s stock screener tool. Apparel stocks are the on-hand supply of garments and related accessories tha…",https://www.etfdailynews.com/2025/09/25/top-apparel-stocks-to-follow-today-september-23rd/,https://www.americanbankingnews.com/wp-content/timthumb/timthumb.php?src=https://www.marketbeat.com/logos/costco-logo-1200x675.jpg&w=240&h=240&zc=2,2025-09-25T05:07:17Z,"Costco Wholesale, Berkshire Hathaway, lululemon athletica, Walmart, PDD, JD.com, and NIKE are the seven Apparel stocks to watch today, according to MarketBeat’s stock screener tool. Apparel stocks ar… [+4210 chars]",sports
"{'id': None, 'name': 'BBC News'}",,'Is it to do with sheep?' The meaning of the Freedom of the City of London,BBC presenter Robert Elms is the latest person to be given the honour but what actually is it?,https://www.bbc.com/news/articles/c9wdvr4npyqo,https://ichef.bbci.co.uk/news/1024/branded_news/f0de/live/c0312290-97d1-11f0-9dd8-57dfaa725755.jpg,2025-09-25T05:05:50Z,"Hollywood actor Damian Lewis, who became a freeman in 2013, made the most of the honour
BBC Radio London presenter Robert Elms is to become the latest person to receive the Freedom of the City of Lo… [+7121 chars]",sports
"{'id': None, 'name': 'Sankakucomplex.com'}",BlackAshes,Japanese Program Features the Struggles of an M-Cup Bust Woman,"A Japanese variety program recently spotlighted a woman with an M-cup, 130cm bust, sparking conversation online about the burdens that come with extreme proportions, from childhood bullying and school avoidance to workplace discomfort as an adult. A segment o…",https://news.sankakucomplex.com/2025/09/25/japanese-program-features-the-struggles-of-an-m-cup-bust-woman/,https://news.sankakucomplex.com/wp-content/uploads/2025/09/Japan-TV-Program-MCup-Woman-2025-Thumb.jpg,2025-09-25T05:00:12Z,"A Japanese variety program recently spotlighted a woman with an M-cup, 130cm bust, sparking conversation online about the burdens that come with extreme proportions, from childhood bullying and schoo… [+2015 chars]",sports
"{'id': 'the-irish-times', 'name': 'The Irish Times'}",David Gorman,Katie McCabe tops Irish player ratings on EA Sports FC 26,Aggression rating of 94 fuels Dubliner’s overall 87,https://www.irishtimes.com/sport/soccer/2025/09/25/katie-mccabe-tops-irish-player-ratings-on-ea-sports-fc-26/,https://www.irishtimes.com/resizer/v2/6FNRU2I6SBAINPCO6KGOVXVIGY.jpeg?smart=true&auth=ba53c5ede0b86f8360d4bb09b188e5b0bf589eb9d4e6a2170cab851fcb8ab5b2&width=1200&height=630,2025-09-25T05:00:01Z,"Katie McCabe is the best left back in the world. Or at least according to EA Sports FC 26, where her rating ties the top rating of 87 for a left back in the game with Frances Sakina Karchaoui but McC… [+4424 chars]",sports
"{'id': None, 'name': 'The Peoples Person'}",,Rashford: Barcelona not in permanent talks for Man United loanee,"Marcus Rashford’s time at Manchester United is all but over. The Mancunian lad, who joined the club as a seven year old, was once considered the next big thing to emerge out of Carrington.Rashford e...",https://thepeoplesperson.com/2025/09/25/rashford-barcelona-not-in-permanent-talks-for-man-united-loanee-299357/,https://photobooth-api.onefootball.com/api/screenshot/%2Fv2%2Fphotobooth%2Fcms%2Fen%2F41714476%3Fdate=2025-09-25,2025-09-25T05:00:00Z,"Marcus Rashfords time at Manchester United is all but over. The Mancunian lad, who joined the club as a seven year old, was once considered the next big thing to emerge out of Carrington.
Rashford e… [+2918 chars]",sports
"{'id': None, 'name': 'Twistedsifter.com'}",Ashley Ashbee,"A Parent Of A Player Kept Claiming He Could Be A Better Referee, So The Referee Let Him Try It",That will teach him.,http://twistedsifter.com/2025/09/a-parent-of-a-player-kept-claiming-he-could-be-a-better-referee-so-the-referee-let-him-try-it/,https://twistedsifter.com/wp-content/uploads/2025/09/TS-2025-09-05T204016.103.jpg,2025-09-25T04:55:37Z,"Pexels/Reddit
Some parents are so arrogant and entitled, but there’s usually nothing you can do about it.
Not in this story.
Check out how this referee put a rude dad in his place.
I am a referee… [+1587 chars]",sports
"{'id': None, 'name': 'Slashdot.org'}",feedfeeder,Cal Raleigh hits home run No. 60! A monthly breakdown of the slugger's historic 2025 campaign - ESPN,Cal Raleigh hits home run No. 60! A monthly breakdown of the slugger's historic 2025 campaignESPN Cal HAMMERS No. 59 to kickstart first-inning power surgeMLB.com Cal Raleigh home run tracker: Mariners' slugger reaches 60 home runs as Seattle clinches AL West …,https://slashdot.org/firehose.pl?op=view&amp;id=179526098,,2025-09-25T04:52:05Z,The Fine Print: The following comments are owned by whoever posted them. We are not responsible for them in any way.,sports
"{'id': 'the-times-of-india', 'name': 'The Times of India'}",Sabi Hussain,"Asiad & CWG 2026: No personal coaches or support staff, even at ‘own cost’","India's sports ministry has set strict selection criteria for the Commonwealth and Asian Games 2026, prioritizing athletes with medal-winning potential. Only those ranked among Asia's top six individually or whose teams rank in the top eight continentally wil…",https://timesofindia.indiatimes.com/sports/more-sports/asiad-cwg-2026-no-personal-coaches-or-support-staff-even-at-own-cost/articleshow/124104939.cms,"https://static.toiimg.com/thumb/msid-124104999,width-1070,height-580,imgsize-300580,resizemode-75,overlay-toi_sw,pt-32,y_pad-40/photo.jpg",2025-09-25T04:48:41Z,Karishma Tanna's charming snaps,sports
"{'id': None, 'name': 'Yahoo Entertainment'}","Caroline Fenton,Cassandra Negley","WNBA semifinals heat up, Sandy Brondello let go and Angel Reese skips exit interview","Hoops 360 co-hosts Caroline Fenton, Cassandra Negley and Isis “Ice” Young preview both game 3 matchups of the WNBA semifinals and give their takes on how each game will shake out.",https://sports.yahoo.com/wnba/article/wnba-semifinals-heat-up-sandy-brondello-let-go-and-angel-reese-skips-exit-interview-044249966.html,https://s.yimg.com/ny/api/res/1.2/1i0ukKKmj9e8Ygfg8MGcVw--/YXBwaWQ9aGlnaGxhbmRlcjt3PTEyMDA7aD02NzU7Y2Y9d2VicA--/https://s.yimg.com/os/creatr-uploaded-images/2025-09/1ce0c6c0-99c7-11f0-bde1-c83fe1bcee27,2025-09-25T04:42:49Z,"Hoops 360 co-hosts Caroline Fenton, Cassandra Negley and Isis Ice Young preview both game 3 matchups of the WNBA semifinals and give their takes on how each game will shake out. They also all weigh i… [+823 chars]",sports
"{'id': 'espn', 'name': 'ESPN'}",David Schoenfield,Raleigh hits home run No. 60! A monthly breakdown of the historic campaign,The Mariners slugger just joined an elite club by mashing his 60th homer. Here's a look back at the road that got him here.,https://www.espn.com/mlb/story/_/id/46346548/mlb-2025-cal-raleigh-mariners-60-home-runs-record-history,https://a.espncdn.com/combiner/i?img=%2Fphoto%2F2025%2F0923%2Fr1549878_1296x729_16%2D9.jpg,2025-09-25T04:35:25Z,"The list of MLB players who never hit 60 home runs in a single season includes many of the game's all-time greatest sluggers: Willie Mays, Albert Pujols, Ken Griffey Jr., Alex Rodriguez, Jim Thome an… [+10388 chars]",sports
"{'id': 'the-times-of-india', 'name': 'The Times of India'}",Barinderjit Saluja,Gym owner shot multiple times outside gym in Mohali,"In Mohali's Phase 2, a gym owner named Vicky was shot and injured early Thursday morning. Two unidentified assailants on a sports bike opened fire on him while he was in his car outside his gym, firing at least five rounds.",https://timesofindia.indiatimes.com/city/ludhiana/gym-owner-shot-multiple-times-outside-gym-in-mohali/articleshow/124104774.cms,"https://static.toiimg.com/thumb/msid-124104772,width-1070,height-580,imgsize-86492,resizemode-75,overlay-toi_sw,pt-32,y_pad-40/photo.jpg",2025-09-25T04:33:30Z,Karishma Tanna's charming snaps,sports
"{'id': None, 'name': 'Independent.ie'}",Brian Keogh at Bethpage,Keegan Bradley’s underdog story can ignite powerful crowd synergy in New York,"Call it schmaltz if you like, but there’s something about Keegan Bradley’s story that has Europe on guard.",https://www.independent.ie/sport/golf/keegan-bradleys-underdog-story-can-ignite-powerful-crowd-synergy-in-new-york/a1114589364.html,https://focus.independent.ie/thumbor/ccBecuwaIG1eXMYHSGOocCR23Hk=/0x0:3238x2158/629x0/prod-mh-ireland/2a0332fd-b0dd-465f-a4bc-c5402dd97961/81c28176-81db-48d0-bb38-4a96d5c7b1fb/GettyImages_2236453884.jpg,2025-09-25T04:30:00Z,"Call it schmaltz if you like, but theres something about Keegan Bradleys story that has Europe on guard.
When it comes to heralding the American sports underdog, the USA is the undisputed world cham… [+73 chars]",sports
"{'id': None, 'name': 'Independent.ie'}",Rory McGinn,EU imported close to half a trillion in high-tech products last year,Last year the EU imported close to half a trillion in high-tech products but that still a slight decrease when compared to 2023.,https://www.independent.ie/business/eu-imported-close-to-half-a-trillion-in-high-tech-products-last-year/a1753581991.html,https://focus.independent.ie/thumbor/OiFJQOuPHYLpvP2jjQas-gqqYoA=/0x0:3237x2158/629x0/prod-mh-ireland/b03ae157-99f2-4de5-b74f-bd7bda4173fc/0fdc0770-6f95-4244-b444-7a52a0c35f59/b03ae157-99f2-4de5-b74f-bd7bda4173fc.jpg,2025-09-25T04:30:00Z,Last year the EU imported close to half a trillion in high-tech products but that still a slight decrease when compared to 2023.The extra EU trade balance in high-tech products went from a deficit of… [+2149 chars],sports
"{'id': None, 'name': 'BBC News'}",,"Martial arts champion is role model, says teacher","Lana Strickland, from Stilton, won six world championship kickboxing and taekwondo medals.",https://www.bbc.com/news/articles/c4gk9e288eeo,https://ichef.bbci.co.uk/news/1024/branded_news/0efe/live/36a63810-99c7-11f0-8a77-13b9382bfc21.jpg,2025-09-25T04:22:39Z,"Shariqua Ahmedin Peterborough
Lana, pictured with dad Alan Strickland, said she got a lot of support from complete strangers through her fundraiser page
A 16-year-old who has won six medals at a ma… [+2319 chars]",sports
"{'id': 'marca', 'name': 'Marca'}",marca.com,Bill Belichick's Tar Heel nightmare: Urban Meyer says the end is already near,"Bill Belichick&apos;s move to college football was supposed to be bold. Instead, four games into his first season at North Carolina, the results look more like a warning sign than",https://www.marca.com/en/ncaa/2025/09/25/68d4c371e2704ee24a8b45a9.html,https://e01-phantom-marca.uecdn.es/f649421d819457ce3bf04fe27b98bda5/resize/1200/f/webp/assets/multimedia/imagenes/2025/09/25/17587739729891.jpg,2025-09-25T04:22:25Z,"Bill Belichick's move to college football was supposed to be bold. Instead, four games into his first season atNorth Carolina, the results look more like a warning sign than a turning point.
The Tar… [+2490 chars]",sports
"{'id': None, 'name': 'STLtoday.com'}",Derrick Goold St. Louis Post-Dispatch,"Cardinals eliminated, officially, by Andrew Knizner's 8th-inning triple to lift Giants",Former backup catcher twice breaks tie and his late-game triple sends San Francisco to a 4-3 victory late Wednesday night that drops Cardinals to 78-81.,https://www.stltoday.com/sports/professional/mlb/cardinals/article_34839940-0050-4e25-90fa-bf072a9b248a.html,https://bloximages.newyork1.vip.townnews.com/stltoday.com/content/tncms/assets/v3/editorial/3/48/34839940-0050-4e25-90fa-bf072a9b248a/68d4c3258e6ba.preview.jpg?crop=1763%2C926%2C0%2C124&resize=1200%2C630&order=crop%2Cresize,2025-09-25T04:15:00Z,"SAN FRANCISCO At the same ballpark where more than a decade ago seasons came to a chilly end in late October, the Cardinals were eliminated with a week to go in September.
The Cardinals conjured one… [+12876 chars]",sports
"{'id': None, 'name': 'Slashdot.org'}",feedfeeder,WHOA: Zion Williamson Showed Up to Pelicans Camp Looking WAY Different - Bleacher Nation,WHOA: Zion Williamson Showed Up to Pelicans Camp Looking WAY DifferentBleacher Nation NBA star Zion Williamson shows off body transformation after intense summer trainingFox News Zion: Pels boss Dumars has high standard for meESPN Zion Williamson touts fitnes…,https://slashdot.org/firehose.pl?op=view&amp;id=179525800,,2025-09-25T04:12:22Z,The Fine Print: The following comments are owned by whoever posted them. We are not responsible for them in any way.,sports
"{'id': None, 'name': 'Yahoo Entertainment'}",Kari Anderson,Mariners clinch AL West title as Cal Raleigh hits his 60th homer of season,"On Wednesday, Seattle secured just its fourth playoff berth since 1999.",https://sports.yahoo.com/mlb/breaking-news/article/mariners-clinch-al-west-title-as-cal-raleigh-hits-his-60th-homer-of-season-040907913.html,https://s.yimg.com/ny/api/res/1.2/y0TN5pa0pc1oGFo3NpJ4EA--/YXBwaWQ9aGlnaGxhbmRlcjt3PTEyMDA7aD04MDA7Y2Y9d2VicA--/https://s.yimg.com/os/creatr-uploaded-images/2025-09/13b56f30-99c5-11f0-bfff-28687bbf6856,2025-09-25T04:09:07Z,"For the first time in 24 years, the Seattle Mariners will end the season on top of the AL West. The Mariners clinched the AL West division title Wednesday night with a 9-1 win over the Colorado Rocki… [+2919 chars]",sports
"{'id': None, 'name': 'Yahoo Entertainment'}",Kari Anderson,Mariners clinch AL West title as Cal Raleigh hits his 59th and 60th homers of season,"On Wednesday, Seattle secured just its fourth playoff berth since 1999.",https://sports.yahoo.com/mlb/breaking-news/article/mariners-clinch-al-west-title-as-cal-raleigh-hits-his-59th-and-60th-homers-of-season-040907174.html,https://s.yimg.com/ny/api/res/1.2/y0TN5pa0pc1oGFo3NpJ4EA--/YXBwaWQ9aGlnaGxhbmRlcjt3PTEyMDA7aD04MDA7Y2Y9d2VicA--/https://s.yimg.com/os/creatr-uploaded-images/2025-09/13b56f30-99c5-11f0-bfff-28687bbf6856,2025-09-25T04:09:07Z,"For the first time in 24 years, the Seattle Mariners will finish the season on top of the AL West. The Mariners clinched the AL West division title Wednesday with a 9-2 win over the Colorado Rockies,… [+2741 chars]",sports
"{'id': None, 'name': 'AdExchanger'}",AdExchanger,SMBs Drive AI-Fueled Ad Growth; Advertisers Pull Spots From Anti-Kimmel TV Affiliates,"AI-enabled advertising could reduce ad loads on pages; Jimmy Kimmel is (still) causing a stir; and Microsoft is building an AI marketplace to ensure fair compensation for publishers.
The post SMBs Drive AI-Fueled Ad Growth; Advertisers Pull Spots From Anti-Ki…",http://www.adexchanger.com/daily-news-roundup/thursday-25092025/,https://www.adexchanger.com/wp-content/uploads/2025/08/ai-ad-campaign-thumbnail-1.png,2025-09-25T04:03:22Z,"Better Ads, Not More
AI-enabled advertising may not expand the overall size of the digital ad market, writes Eric Seufert at Mobile Dev Memo.
Instead, it could reduce ad loads on pages. Its more li… [+4732 chars]",sports
"{'id': None, 'name': 'ClutchPoints'}",Matty Breisch,Eagles vs. Buccaneers bold predictions for Week 4 of 2025 NFL season,"After a trio of strong showings to start the season, the Eagles and Buccaneers face off in a battle of unbeatens in Week 4.",https://clutchpoints.com/nfl/eagles-vs-buccaneers-bold-predictions-week-4-2025-nfl-season,https://wp.clutchpoints.com/wp-content/uploads/2025/09/Eagles-vs.-Buccaneers-bold-predictions-for-Week-4-of-2025-NFL-season.jpg,2025-09-25T04:03:09Z,"For the fourth week in a row, the Philadelphia Eagles will put their undefeated streak on the line against an opponent fully committed to besting the reigning Super Bowl champions: the Tampa Bay Bucc… [+6628 chars]",sports
"{'id': None, 'name': 'Digiday'}",Sam Bradley,Nexxen and Hisense open up smart TV programmatic floodgates,"Smart TV ad units are dominated by movie and streamer commercials. They could soon host a much larger variety of brands, following a deal between Nexxen and Hisense’s VIDAA business.",http://digiday.com/media-buying/nexxen-and-hisense-open-up-smart-tv-programmatic-floodgates/,https://digiday.com/wp-content/uploads/sites/3/2025/02/tv-cash-digiday.webp,2025-09-25T04:01:00Z,"Now that they’ve found ways to monetize the data coming off the smart sets they sell, original equipment TV manufacturers (OEMs) want to make sure theyre getting their share of the cash migrating fro… [+5765 chars]",sports
"{'id': 'abc-news-au', 'name': 'ABC News (AU)'}",ABC News,'It's a way of life': Snoop Dogg ready for AFL grand final,"Snoop Dogg has strutted into the MCG for his official appearance ahead of a fascinating, somewhat controversial, AFL grand-final entertainment set.",https://www.abc.net.au/news/2025-09-25/snoop-dogg-afl-grand-final/105816718,https://live-production.wcms.abc-cdn.net.au/38347e35373fc1455f5d354a57e0346b?impolicy=wcms_watermark_news&cropH=2756&cropW=4900&xPos=0&yPos=0&width=862&height=485&imformat=generic,2025-09-25T04:00:39Z,"After nailing two goals on the MCG, Snoop Dogg is taking his duty as grand-final headliner seriously, saying AFL is ""part of your DNA"".
The wave of controversy that followed after the AFL's announce… [+2261 chars]",sports
"{'id': None, 'name': 'Search Engine Journal'}",Thryv,"Get Found Without Paying for Ads via @sejournal, @thryv","This stack is built for small teams and busy owners who want clarity, shortcuts, and strategies that work.
The post Get Found Without Paying for Ads appeared first on Search Engine Journal.",https://www.searchenginejournal.com/rundowns/get-found-without-paying-ads/,https://www.searchenginejournal.com/wp-content/uploads/2025/09/3b-791.png,2025-09-25T04:00:33Z,"All businesses, large or small, must establish a level of authority for the products and/or services they offer in the minds and hearts of their target audience if they expect to convince them to eng… [+14799 chars]",sports
"{'id': None, 'name': 'Yahoo Entertainment'}","Matt Harmon,Nate Tice",Week 4 Fantasy Film Room: Why there’s MAJOR red flags for these important fantasy offenses,"It’s another edition of the Fantasy Film Room as Nate Tice joins Matt Harmon to do a deep dive on what went wrong for the Atlanta Falcons offense this past Sunday. Given many fantasy managers heavy reliance on Bijan Robinson and Drake London, the two go under…",https://sports.yahoo.com/fantasy/article/week-4-fantasy-film-room-why-theres-major-red-flags-for-these-important-fantasy-offenses-040023141.html,https://s.yimg.com/ny/api/res/1.2/t4OQFxHpAuPyenrOmvQHdg--/YXBwaWQ9aGlnaGxhbmRlcjt3PTEyMDA7aD02NzU7Y2Y9d2VicA--/https://s.yimg.com/os/creatr-uploaded-images/2025-09/08f0ce40-99a8-11f0-97ff-d9f373f75738,2025-09-25T04:00:23Z,Its another edition of the Fantasy Film Room as Nate Tice joins Matt Harmon to do a deep dive on what went wrong for the Atlanta Falcons offense this past Sunday. Given many fantasy managers heavy re… [+756 chars],sports
"{'id': None, 'name': 'New Zealand Herald'}",Liam Napier,All Blacks v Australia: Scott Robertson resists urge for selection panic in quest to restore pride,Scott Robertson regains starters but refuses to panic after the All Blacks' biggest loss.,https://www.nzherald.co.nz/sport/rugby/all-blacks/all-blacks-v-australia-scott-robertson-resists-urge-for-selection-panic-in-quest-to-restore-pride/KCSJYJ26UNCK3KC7TD2BA4IMNI/,https://www.nzherald.co.nz/resizer/v2/UZDAO67FOBDNXBYUGDABLKEZM4.JPG?auth=70aa6fc9404921dffe3a76c1f78aacc9cc6ee2d31f251c02f015992b3eabd6ae&width=1200&height=675&quality=70&focal=696%2C297&smart=false,2025-09-25T04:00:00Z,"Starting halfback Cam Roigard and hooker Codie Taylor were always going to be reinstated once fit. 
And after a selection oversight in recent weeks, Robertson has belatedly turned to Caleb Clarke on… [+4096 chars]",sports
"{'id': None, 'name': 'Yahoo Entertainment'}",Associated Press,Asian Sports Headlines at 4:10 a.m. GMT,Savea to captain New Zealand; James Slipper to reach 150 tests for Australia in Bledisloe 1,https://sports.yahoo.com/article/asian-sports-headlines-4-10-040000463.html,https://s.yimg.com/cv/apiv2/social/images/yahoo_default_logo-1200x1200.png,2025-09-25T04:00:00Z,Savea to captain New Zealand; James Slipper to reach 150 tests for Australia in Bledisloe 1,sports
"{'id': None, 'name': 'Stwnewspress.com'}","Stillwater NewsPress, Okla.","OSU players, coaches, fans and the college football world react to the firing of Mike Gundy","When Oklahoma State athletics director Chad Weiberg fired football head coach Mike Gundy Tuesday, he knew not everyone would agree with the decision. “That’s the case with almost every decision I make, right?” Weiberg said Tuesday afternoon. “So that just com…",https://www.stwnewspress.com/sports/osu-players-coaches-fans-and-the-college-football-world-react-to-the-firing-of-mike/article_9a239cc2-1ef4-408d-96e5-c6d36599e1ac.html,https://s.yimg.com/cv/apiv2/social/images/yahoo_default_logo-1200x1200.png,2025-09-25T03:59:00Z,"When Oklahoma State athletics director Chad Weiberg fired football head coach Mike Gundy Tuesday, he knew not everyone would agree with the decision.
Thats the case with almost every decision I make… [+5885 chars]",sports
"{'id': 'fox-sports', 'name': 'Fox Sports'}",,60 Homers For Cal Raleigh! Mariners Slugger Joins Some Heavy Hitters,The Big Dumper keeps dumping – and the Mariners' slugger has now reached yet another notable home-run milestone.,https://www.foxsports.com/stories/mlb/seattle-mariners-cal-raleigh-60-home-runs-big-dumper,https://a57.foxsports.com/statics.foxsports.com/www.foxsports.com/content/uploads/2025/09/1408/814/raleigh1.jpg?ve=1&tl=1,2025-09-25T03:58:34Z,"The Big Dumper keeps dumping and the Mariners' slugger has now reached yet another notable home-run milestone.
Cal Raleigh hammered his 59th and 60th homer on the season in Wednesday's game against … [+2308 chars]",sports
"{'id': None, 'name': 'Knowyourmeme.com'}",doughwar,Basketball Stars,Basketball Stars is a fast-paced sports game that brings the excitement of competitive basketball to mobile and web platforms. Players can choose from a va,https://knowyourmeme.com/memes/sites/basketball-stars,https://i.kym-cdn.com/entries/icons/original/000/055/346/basketballstarsgame.jpg,2025-09-25T03:51:51Z,"About
Basketball Stars is a fast-paced sports game that brings the excitement of competitive basketball to mobile and web platforms. Players can choose from a variety of modes, including one-on-one … [+2710 chars]",sports
"{'id': 'al-jazeera-english', 'name': 'Al Jazeera English'}",Aisyah Llewellyn,Indonesia’s thrifty window shoppers cast doubt on economic success story,'Rohana' and 'Rojali' are the latest internet buzzwords to describe Indonesians visiting malls to do anything but spend.,https://www.aljazeera.com/economy/2025/9/25/indonesias-thrifty-window-shoppers-cast-doubt-on-economic-success-story,https://www.aljazeera.com/wp-content/uploads/2025/09/AFP__20240417__34PL2LK__v1__MidRes__IndonesiaEconomyTechnologyApple-1758610240_ca291c-1758692559.jpg?resize=1200%2C630&quality=80,2025-09-25T03:49:29Z,"Medan, Indonesia Delima, a sales representative in Indonesias fourth-largest city, used to collapse the moment she got home after spending the whole day on her feet serving customers.
But recently, … [+6477 chars]",sports
"{'id': None, 'name': 'Reading Eagle'}","Reading Eagle, Pa.",Penn State’s Nick Dawkins is named semifinalist for Campbell Trophy,"Penn State center Nick Dawkins has been named a semifinalist for the William V. Campbell Trophy, presented annually to college football’s top scholar-athlete. The 6-4, 295-pound Dawkins is one of 177 players nominated by their respective schools across all di…",https://www.readingeagle.com/2025/09/24/penn-states-nick-dawkins-is-named-semifinalist-for-campbell-trophy/,https://s.yimg.com/cv/apiv2/social/images/yahoo_default_logo-1200x1200.png,2025-09-25T03:47:00Z,"Penn State center Nick Dawkins has been named a semifinalist for the William V. Campbell Trophy, presented annually to college footballs top scholar-athlete.
The 6-4, 295-pound Dawkins is one of 177… [+1374 chars]",sports
"{'id': None, 'name': 'Reading Eagle'}","Reading Eagle, Pa.","NBC’s Todd Blackledge offers his take, keys to Penn State-Oregon showdown","Todd Blackledge has called several Penn State and Oregon football games over the last two seasons in his role as NBC Sports game analyst. He’s expecting to call an epic showdown when the third-ranked Nittany Lions (0-0 Big Ten, 3-0) and the No. 6 Ducks (1-0, …",https://www.readingeagle.com/2025/09/24/nbcs-todd-blackledge-offers-his-take-keys-to-penn-state-oregon-showdown/,https://s.yimg.com/cv/apiv2/social/images/yahoo_default_logo-1200x1200.png,2025-09-25T03:47:00Z,"Todd Blackledge has called several Penn State and Oregon football games over the last two seasons in his role as NBC Sports game analyst.
Hes expecting to call an epic showdown when the third-ranked… [+4684 chars]",sports
"{'id': None, 'name': 'Reading Eagle'}",Michelle Lynch,"Rick Perez, three-time state-winning basketball coach, returning to Reading High",Rick Perez is back. The three-time PIAA winning basketball coach was approved by the Reading School District board of directors on Wednesday night as the boys head basketball coach. Perez coached the Red Knights for 12 seasons before resigning in late October…,https://www.readingeagle.com/2025/09/24/rick-perez-three-time-state-winning-basketball-coach-returning-to-reading-high/,https://www.readingeagle.com/wp-content/uploads/2025/09/TMC-L-Perez.jpg?w=1024&h=615,2025-09-25T03:47:00Z,"Rick Perez is back.
The three-time PIAA winning basketball coach was approved by the Reading School District board of directors on Wednesday night as the boys head basketball coach.
Perez coached t… [+2834 chars]",sports
"{'id': None, 'name': 'The Star Online'}",Ananda Teresia,"Over 1,000 Indonesians sick from school meals in more food poisoning outbreaks","JAKARTA (Reuters) -More than 1,000 children in Indonesia's West Java have suffered food poisoning this week from school lunches, authorities said, the latest in a series of outbreaks and another setback for the president's multi-billion-dollar free meals prog…",https://www.thestar.com.my/news/world/2025/09/25/over-1000-indonesians-sick-from-school-meals-in-more-food-poisoning-outbreaks,https://apicms.thestar.com.my/uploads/images/2025/09/25/3538757.jpg,2025-09-25T03:41:00Z,"JAKARTA (Reuters) -More than 1,000 children in Indonesia's West Java have suffered food poisoning this week from school lunches, authorities said, the latest in a series of outbreaks and another setb… [+2678 chars]",sports
"{'id': 'breitbart-news', 'name': 'Breitbart News'}","Dylan Gwinn, Dylan Gwinn",Redmond: Breitbart Sports Ryder Cup Preview,"The 45th Ryder Cup commences Friday morning at the Bethpage Black course in Farmingdale, NY. This has been a highly anticipated event, mainly due to the likelihood of some real uncivilized behavior from the ethnic mishmash denizens of New York.
The post Redmo…",https://www.breitbart.com/sports/2025/09/24/redmond-breitbart-sports-ryder-cup-preview/,https://media.breitbart.com/media/2025/09/Harry-How_Getty-Images-4-640x335.jpg,2025-09-25T03:32:10Z,"The 45th Ryder Cup commences Friday morning at the Bethpage Black course in Farmingdale, NY. This has been a highly anticipated event, mainly due to the likelihood of some real uncivilized behavior f… [+4816 chars]",sports
"{'id': None, 'name': 'Sporting News'}",Jeff Hauser,FOX Sports analyst says Florida doesn't have enough money to fire Billy Napier,Don't expect the Gators to make a coaching change anytime soon.,https://www.sportingnews.com/us/ncaa-football/florida/news/fox-sports-analyst-says-florida-doesnt-have-enough-money-fire-billy-napier/8a3fd42b0ac8ad96646d30c7,https://library.sportingnews.com/styles/crop_style_16_9_desktop_webp/s3/2024-06/Billy%20Napier%20032424%20FTR.jpg.webp?itok=R6nHVCpE,2025-09-25T03:17:37Z,"Billy Napiers tenure at Florida has reached a pivotal crossroads, and the pressure is mounting in Gainesville. 
Now in his fourth season, Napier finds himself in a familiar narrative for Gators fans… [+1967 chars]",sports
"{'id': None, 'name': 'TODAY'}",Liz Calvarioeditor/reporter,"Sister Jean, Longtime Loyola University Chaplain, Retires at 106","Longtime chaplain for Loyola Chicago’s men’s basketball team, Sister Jean, has retired at 106 because of health concerns.",https://www.today.com/health/news/sister-jean-loyola-chicago-chaplain-retires-rcna233585,"https://media-cldnry.s-nbcnews.com/image/upload/t_social_share_1200x630_center,f_auto,q_auto:best/rockcms/2025-09/sister-jean-lc-250924-19e11c.jpg",2025-09-25T03:16:45Z,"Longtime chaplain for Loyola Chicagos mens basketball team, Sister Jean, has retired at 106 because of health concerns. The schools student newspaper, The Loyola Phoenix, announced her retirement ear… [+2368 chars]",sports
"{'id': None, 'name': 'MMA Mania'}",Tim Bissell,"UFC Perth odds: Best betting props, parlays and picks | Ulberg vs. Reyes","UFC Perth is live this weekend (Sat., Sept. 27, 2025), featuring a main event of Carlos Ulberg vs. Dominick Reyes. Checkout the odds for that fight (and much more) right here.",https://www.mmamania.com/ufc-odds/390002/ufc-perth-odds-best-betting-props-parlays-and-picks-ulberg-vs-reyes,https://platform.mmamania.com/wp-content/uploads/sites/110/2025/09/gettyimages-2209984642.jpg?quality=90&strip=all&crop=0%2C10.732984293194%2C100%2C78.534031413613&w=1200,2025-09-25T03:15:00Z,"UFC Perth goes down this weekend (Sat., Sept. 27, 2025) inside RAC Arena in Perth, Australia. The main event features two rising Light Heavyweights with Carlos Ulberg vs. Dominick Reyes, while Jimmy … [+24666 chars]",sports
"{'id': None, 'name': 'Yahoo Entertainment'}",MARCUS HARTMAN,Top-ranked Ohio State altering travel plans for Big Ten opener at Washington,"Ohio State is changing things up for its second regular season trip to the West Coast in two years. Coach Ryan Day said the top-ranked Buckeyes planned to leave Thursday after practice to prepare for Washington. “We think that’s the best way to go,” said Day,…",https://sports.yahoo.com/article/top-ranked-ohio-state-altering-031447411.html,https://s.yimg.com/ny/api/res/1.2/n8I239sYeTiPEpQ32aWkvw--/YXBwaWQ9aGlnaGxhbmRlcjt3PTEyMDA7aD04MDA7Y2Y9d2VicA--/https://media.zenfs.com/en/ap.org/4d51cfb4483bd790cbdcabf5e747c550,2025-09-25T03:14:47Z,"COLUMBUS, Ohio (AP) Ohio State is changing things up for its second regular season trip to the West Coast in two years.
Coach Ryan Day said the top-ranked Buckeyes planned to leave Thursday after pr… [+4391 chars]",sports
"{'id': 'the-times-of-india', 'name': 'The Times of India'}",Nishtha Awasthi,"Nazara Technologies shares approach record date for 1:1 bonus issue, 1:2 stock split. What it means for investors?","Nazara Technologies investors, take note. September 25 is the last day to buy shares for the bonus issue and stock split. Shares will trade ex-bonus and ex-split from September 26. The company announced a 1:1 bonus and a 1:2 stock split. This aims to improve …",https://economictimes.indiatimes.com/markets/stocks/news/nazara-technologies-shares-approach-record-date-for-11-bonus-issue-12-stock-split-what-it-means-for-investors/articleshow/124103663.cms,"https://img.etimg.com/thumb/msid-124103654,width-1200,height-630,imgsize-36242,overlay-etmarkets/articleshow.jpg",2025-09-25T03:05:55Z,"Investors eyeing Nazara Technologies shares must act today, as September 25 marks the last date to buy shares to qualify for the companys 1:1 bonus issue and 1:2 stock split. The shares will trade ex… [+3175 chars]",sports
"{'id': None, 'name': 'Deseret News'}",Eva Terry,Meet Lincoln Knowles: Utah’s record-breaking free soloist,"21-year-old Lincoln Knowles free soloed the tallest bolted big wall in North America, and he's nowhere close to being done.",https://www.deseret.com/utah/2025/09/24/lincoln-knowles-free-soloist-squawstruck/,https://www.deseret.com/resizer/v2/KPYHOHE65RGPJP7B3IK3LPNJFI.JPG?focal=0%2C0&auth=60fa3a6f65b0714838403fa93fa26f92c5ccceae7dd682eae6753ada3b9470da&width=1200&height=630,2025-09-25T03:00:01Z,"At the base of Rock Canyon in Provo, Utah, towers the tallest bolted big wall in North America. Squawstruck stretches 1,900 feet into the air and puts climbers through 22 continuous stretches of clim… [+12725 chars]",sports
"{'id': None, 'name': 'Barca Blaugranes'}",Renato Gonçalves,"Real Oviedo vs Barcelona, La Liga: Team News, Match Preview",Barça look to continue building momentum against a struggling newly-promoted team,https://www.barcablaugranes.com/barcelona-la-liga/101952/real-oviedo-barcelona-la-liga-team-news-match-preview-lineups-score-prediction,https://platform.barcablaugranes.com/wp-content/uploads/sites/21/2025/09/gettyimages-2236694078.jpg?quality=90&strip=all&crop=0%2C10.732984293194%2C100%2C78.534031413613&w=1200,2025-09-25T03:00:00Z,"*Standings at time of writing
Competition/Round: 2025-26 La Liga, Matchday 6
Barcelona Outs &amp; Doubts: Marc-André ter Stegen, Alejandro Balde, Gavi, Lamine Yamal, Fermín López (out)
Oviedo Outs… [+3376 chars]",sports
"{'id': None, 'name': 'Bright Side of the Sun'}",John Voita,Devin Booker explains what went wrong with the Suns when talent wasn’t enough,"Last season was the nightmare scenario for the Phoenix Suns. You know it, I know it, the organization knows it. If someone were asked to draw the worst-case outcome for a team overflowing with talent and carrying the largest payroll in NBA history, last seaso…",https://www.brightsideofthesun.com/suns-news/89634/phoenix-suns-devin-booker-reflects-siloed-season-top-heavy-roster-lessons-kevin-durant-bradley-beal,https://platform.brightsideofthesun.com/wp-content/uploads/sites/45/2025/09/gettyimages-2233417261.jpg?quality=90&strip=all&crop=0%2C9.2752635270097%2C100%2C34.904013961606&w=1200,2025-09-25T03:00:00Z,"Last season was the nightmare scenario for the Phoenix Suns. You know it, I know it, the organization knows it. If someone were asked to draw the worst-case outcome for a team overflowing with talent… [+2752 chars]",sports
"{'id': None, 'name': 'New Zealand Herald'}",Ben Francis,All Blacks v Wallabies: Justin Harrison on feeling of winning Bledisloe Cup,The Wallabies will need to create history if they're to reclaim the Bledisloe Cup.,https://www.nzherald.co.nz/sport/rugby/all-blacks/all-blacks-v-wallabies-justin-harrison-on-the-feeling-of-winning-bledisloe-cup/A3ASNQCEMNBAHBLGQLR57AZ46Q/,https://www.nzherald.co.nz/resizer/v2/LLPSFYMHGJA6XARHN2H3OMZ7JY.jpg?auth=f8a9a63b9796bf202f0936ebdc1d07b4da924b0a0ec1f190e885c39f57a3ed36&width=1200&height=675&quality=70&focal=1348%2C453&smart=false,2025-09-25T03:00:00Z,"But in stoppage time, All Blacks captain Reuben Thorne gave away a penalty and Burke slotted the match-winning kick from nearly the exact same spot from his previous miss.
Harrison remembers both te… [+2787 chars]",sports
"{'id': 'the-times-of-india', 'name': 'The Times of India'}",AP,"Trump administration to hold back grants from NYC, Chicago, Fairfax schools over bathroom policies","Three major US school districts face a $24 million funding cut. This is after they missed a deadline regarding transgender student policies. The Education Department wanted changes to restroom and sports access. New York City, Chicago, and Fairfax County are …",https://economictimes.indiatimes.com/news/international/world-news/trump-administration-to-hold-back-grants-from-nyc-chicago-fairfax-schools-over-bathroom-policies/articleshow/124103487.cms,"https://img.etimg.com/thumb/msid-124103525,width-1200,height-630,imgsize-183800,overlay-economictimes/articleshow.jpg",2025-09-25T02:55:45Z,"Three of the nation's largest public school districts stand to lose $24 million after missing a Trump administration deadline to agree to change policies supporting transgender students, officials sa… [+5276 chars]",sports
"{'id': None, 'name': 'Slashdot.org'}",feedfeeder,"Cleveland Guardians, Detroit Tigers starting lineups for Sept. 24, 2025: Game 158 - Cleveland.com","Cleveland Guardians, Detroit Tigers starting lineups for Sept. 24, 2025: Game 158Cleveland.com MLB playoffs 2025 tracker: Yankees tie Blue Jays atop AL East, Guardians take lead in AL Central — standings, schedule, clinch scenarios and more with 4 games to go…",https://slashdot.org/firehose.pl?op=view&amp;id=179525190,,2025-09-25T02:52:30Z,"""Can you program?"" ""Well, I'm literate, if that's what you mean!""",sports
"{'id': 'espn', 'name': 'ESPN'}",,Guardians overtake Tigers with historical surge,"The Guardians became the first MLB team to overcome a deficit of 15 1/2 games and take the lead in either division or league play, beating Detroit to take a one-game lead.",https://www.espn.com/mlb/story/_/id/46371907/guardians-overtake-tigers-historical-surge-lead-al-central,https://a1.espncdn.com/combiner/i?img=%2Fphoto%2F2025%2F0925%2Fr1550703_1296x729_16%2D9.jpg,2025-09-25T02:50:39Z,"Sep 24, 2025, 10:37 PM ET
CLEVELAND -- George Valera hit a two-run homer in the third inning, Jose Ramírez had a two-run double in the seventh and the Cleveland Guardians became the first major leag… [+1589 chars]",sports
"{'id': None, 'name': 'Newsnationnow.com'}",Michael Ramsey,"Feds bust Mexican cartel’s drug, laundering operation in Midwest","High-ranking Sinaloa Cartel members are among defendants charged with trafficking fentanyl, methamphetamine and cocaine through Southern Illinois.",https://www.newsnationnow.com/us-news/immigration/border-coverage/cartels/sinaloa-cartel-illinois-midwest/,https://media.zenfs.com/en/newsnation_articles_600/2356813ea82188ecf20ab2e558babdd6,2025-09-25T02:48:11Z,"(NewsNation)  A superseding indictment unsealed Wednesday links the trafficking of fentanyl and other illegal drugs in the Midwest with the Sinaloa cartel in Mexico, federal prosecutors said.
High-r… [+1503 chars]",sports
"{'id': None, 'name': 'CNET'}",Gael Cooper,"Today's NYT Mini Crossword Answers for Thursday, Sept. 25","Here's today's NYT Mini Crossword answer. These answers will help you solve New York Times' popular crossword game, Mini Crossword, every day!",https://www.cnet.com/tech/gaming/todays-nyt-mini-crossword-answers-for-thursday-sept-25/,https://www.cnet.com/a/img/resize/4a7dc34963db8f9a51abae1ab77ec99b498be36f/hub/2024/07/25/50d61b9b-1c76-4678-9a92-f6eca531f4a8/nyt-mini-crossword-234876.jpg?auto=webp&fit=crop&height=675&width=1200,2025-09-25T02:44:00Z,"Looking for the most recent Mini Crossword answer? Click here for today's Mini Crossword hints, as well as our daily answers and hints for The New York Times Wordle, Strands, Connections and Connecti… [+1102 chars]",sports
"{'id': None, 'name': 'GlobeNewswire'}",Canadian Premier League,A New Era for Soccer in Quebec: Canadian Premier League Set to Kick Off in Province in 2026,Montreal-area club to debut during CPL’s eighth season in April 2026; club branding & identity to be revealed Wednesday night Montreal-area club to debut during CPL’s eighth season in April 2026; club branding & identity to be revealed Wednesday night,https://www.globenewswire.com/news-release/2025/09/25/3155952/0/en/A-New-Era-for-Soccer-in-Quebec-Canadian-Premier-League-Set-to-Kick-Off-in-Province-in-2026.html,https://ml.globenewswire.com/Resource/Download/c7c3ef48-9f90-4800-8d8c-e8dcf2241607,2025-09-25T02:44:00Z,"TORONTO, Sept. 24, 2025 (GLOBE NEWSWIRE) -- The Canadian Premier League (CPL) today announced that Quebec will welcome its first-ever CPL club in 2026, bringing the leagues dynamic brand of professio… [+7688 chars]",sports
"{'id': None, 'name': 'Motorsport.com'}",Matt Weaver,NASCAR TV ratings from New Hampshire,"As always, there is much to filter this data through",https://www.motorsport.com/nascar-cup/news/nascar-tv-ratings-from-new-hampshire-/10762194/,https://cdn-4.motorsport.com/images/amp/6VRzLLv6/s6/chase-elliott-hendrick-motorsp.jpg,2025-09-25T02:40:41Z,"National Football League TV ratings continue to set what the networks state as records on Sundays, three weeks into the 2025 season, and NASCAR continued a corresponding swoon.
The Cup Series race a… [+1105 chars]",sports
"{'id': 'fox-sports', 'name': 'Fox Sports'}",,Baker Mayfield Happy to Show Off Personality: 'If I Just Be Myself ... That's OK',"Where does Baker Mayfield's confidence at the podium come from? Well, he told FOX Sports' ""Rearview"" that it actually comes from a place of vulnerability.",https://www.foxsports.com/stories/nfl/baker-mayfield-press-conference-mentality-i-dont-have-all-figured-out,https://a57.foxsports.com/statics.foxsports.com/www.foxsports.com/content/uploads/2025/09/1408/814/artboard-1rearview-1.jpg?ve=1&tl=1,2025-09-25T02:40:28Z,"Baker Mayfield has seen a lot in his NFL career from winning playoff games to being released. Throughout all of that, his personality has remained consistent.
The Buccaneers quarterback's personalit… [+3931 chars]",sports
"{'id': None, 'name': 'Prtimes.jp'}",,英字ライフスタイルマガジン【Tokyo Weekender】、レスリー・キー撮り下ろしの記念号『The Icons Issue』を9月26日(金)発行,"[ENGAWA株式会社]
[画像1: https://prcdn.freetls.fastly.net/release_image/17308/217/17308-217-496b1601e33817b93a51b55b46e0b497-3840x2670.jpg?width=536&quality=85%2C75&format=jpeg&auto=webp&fit=bounds&...",https://prtimes.jp/main/html/rd/p/000000217.000017308.html,https://prcdn.freetls.fastly.net/release_image/17308/217/17308-217-496b1601e33817b93a51b55b46e0b497-3840x2670.jpg?format=jpeg&auto=webp&fit=bounds&width=2400&height=1260,2025-09-25T02:40:02Z,"Tokyo WeekenderENGAWA 202592620253
55The Icons Issue
55
&amp;
An imperfect portrait would have been fine, but I didnt even try, and before I knew it, she was gone. It made me realize life is too … [+1758 chars]",sports
"{'id': 'the-irish-times', 'name': 'The Irish Times'}",Joe Brennan,Glenveagh home completions more than double in first half,Homebuilder’s revenue jumped 124 per cent,https://www.irishtimes.com/business/2025/09/25/glenveagh-home-completions-more-than-double-in-first-half/,https://www.irishtimes.com/resizer/v2/PCUHDZQZGFG6LIKX2TX23DSA4A.JPG?smart=true&auth=ee2ba20d9c67d36d506d2c7af367855ae6e947e7c78c68d52793dfe7f96c76e6&width=1200&height=630,2025-09-25T06:49:17Z,"Glenveagh Properties said its home completions and revenue more than doubled in the first half and it reiterated that it is on course to finish 2,600 units for the full year. 
The Dublin-listed comp… [+2137 chars]",business
"{'id': None, 'name': 'ETF Daily News'}",MarketBeat News,Telsey Advisory Group Reaffirms Outperform Rating for Five Below (NASDAQ:FIVE),"Telsey Advisory Group restated their outperform rating on shares of Five Below (NASDAQ:FIVE – Free Report) in a research note issued to investors on Wednesday,Benzinga reports. They currently have a $170.00 price objective on the specialty retailer’s stock. F…",https://www.etfdailynews.com/2025/09/25/telsey-advisory-group-reaffirms-outperform-rating-for-five-below-nasdaqfive/,https://www.americanbankingnews.com/wp-content/timthumb/timthumb.php?src=https://www.marketbeat.com/logos/five-below-inc-logo.png?v=20250604112317&w=240&h=240&zc=2,2025-09-25T06:46:46Z,"Telsey Advisory Group restated their outperform rating on shares of Five Below (NASDAQ:FIVE – Free Report) in a research note issued to investors on Wednesday,Benzinga reports. They currently have a … [+5472 chars]",business
"{'id': None, 'name': 'ETF Daily News'}",MarketBeat News,Assembly Biosciences (NASDAQ:ASMB) Coverage Initiated by Analysts at JMP Securities,"JMP Securities began coverage on shares of Assembly Biosciences (NASDAQ:ASMB – Free Report) in a report issued on Wednesday morning, Marketbeat.com reports. The brokerage issued a market outperform rating and a $38.00 target price on the biopharmaceutical com…",https://www.etfdailynews.com/2025/09/25/assembly-biosciences-nasdaqasmb-coverage-initiated-by-analysts-at-jmp-securities/,https://www.americanbankingnews.com/wp-content/timthumb/timthumb.php?src=https://www.marketbeat.com/logos/assembly-biosciences-inc-logo.jpg?v=20230103150709&w=240&h=240&zc=2,2025-09-25T06:46:46Z,"JMP Securities began coverage on shares of Assembly Biosciences (NASDAQ:ASMB – Free Report) in a report issued on Wednesday morning, Marketbeat.com reports. The brokerage issued a market outperform r… [+4226 chars]",business
"{'id': None, 'name': 'ETF Daily News'}",MarketBeat News,Cipher Mining (NASDAQ:CIFR) Coverage Initiated at Arete Research,"Arete Research assumed coverage on shares of Cipher Mining (NASDAQ:CIFR – Free Report) in a research report report published on Wednesday morning,Benzinga reports. The firm issued a buy rating and a $24.00 price target on the stock. CIFR has been the subject …",https://www.etfdailynews.com/2025/09/25/cipher-mining-nasdaqcifr-coverage-initiated-at-arete-research/,https://www.americanbankingnews.com/wp-content/timthumb/timthumb.php?src=https://www.marketbeat.com/logos/cipher-mining-inc-logo.jpg?v=20240515135015&w=240&h=240&zc=2,2025-09-25T06:46:46Z,"Arete Research assumed coverage on shares of Cipher Mining (NASDAQ:CIFR – Free Report) in a research report report published on Wednesday morning,Benzinga reports. The firm issued a buy rating and a … [+5460 chars]",business
"{'id': None, 'name': 'ETF Daily News'}",MarketBeat News,Cellebrite DI (NASDAQ:CLBT) Given New $23.00 Price Target at JPMorgan Chase & Co.,"Cellebrite DI (NASDAQ:CLBT – Free Report) had its price target increased by JPMorgan Chase & Co. from $20.00 to $23.00 in a report issued on Wednesday,Benzinga reports. JPMorgan Chase & Co. currently has an overweight rating on the stock. A number of other br…",https://www.etfdailynews.com/2025/09/25/cellebrite-di-nasdaqclbt-given-new-23-00-price-target-at-jpmorgan-chase-co/,https://www.americanbankingnews.com/wp-content/timthumb/timthumb.php?src=https://www.marketbeat.com/logos/cellebrite-di-ltd-logo.png?v=20210909090630&w=240&h=240&zc=2,2025-09-25T06:46:46Z,"Cellebrite DI (NASDAQ:CLBT – Free Report) had its price target increased by JPMorgan Chase &amp; Co. from $20.00 to $23.00 in a report issued on Wednesday,Benzinga reports. JPMorgan Chase &amp; Co. c… [+4329 chars]",business
"{'id': None, 'name': 'ETF Daily News'}",MarketBeat News,UBS Group Reaffirms Sell Rating for Tesla (NASDAQ:TSLA),"UBS Group reissued their sell rating on shares of Tesla (NASDAQ:TSLA – Free Report) in a report released on Monday,MarketScreener reports. Several other brokerages also recently issued reports on TSLA. CICC Research raised their target price on shares of Tesl…",https://www.etfdailynews.com/2025/09/25/ubs-group-reaffirms-sell-rating-for-tesla-nasdaqtsla/,https://www.americanbankingnews.com/wp-content/timthumb/timthumb.php?src=https://www.marketbeat.com/logos/tesla-inc-logo.png?v=20221020135629&w=240&h=240&zc=2,2025-09-25T06:46:45Z,"UBS Group reissued their sell rating on shares of Tesla (NASDAQ:TSLA – Free Report) in a report released on Monday,MarketScreener reports.
Several other brokerages also recently issued reports on TS… [+5455 chars]",business
"{'id': None, 'name': 'TheJournal.ie'}",Jane Moore,The 8 at 8: Thursday,"No First Home Scheme expansion in the budget, ESRI gives government a spending warning and Palestinian leader to address UN.",https://www.thejournal.ie/8-at-8-thursday-118-6826229-Sep2025/,https://img2.thejournal.ie/article/6826229/river/?height=400&version=6826240,2025-09-25T06:45:38Z,"GOOD MORNING.
Heres all the news you need to know as you start the day. 
First Home Scheme
1. Taoiseach Micheál Martin has ruled out the expansion of the First Home Scheme to second-hand homes in … [+1994 chars]",business
"{'id': None, 'name': 'ETF Daily News'}",MarketBeat News,"United Community Banks, Inc. (NASDAQ:UCB) Receives $34.57 Consensus Target Price from Analysts","United Community Banks, Inc. (NASDAQ:UCB – Get Free Report) has been assigned a consensus rating of “Hold” from the seven brokerages that are currently covering the company, Marketbeat Ratings reports. Four equities research analysts have rated the stock with…",https://www.etfdailynews.com/2025/09/25/united-community-banks-inc-nasdaqucb-receives-34-57-consensus-target-price-from-analysts/,https://www.americanbankingnews.com/wp-content/timthumb/timthumb.php?src=https://www.marketbeat.com/logos/united-community-banks-inc-logo-1200x675.png?v=20240923134018&w=240&h=240&zc=2,2025-09-25T06:44:57Z,"United Community Banks, Inc. (NASDAQ:UCB – Get Free Report) has been assigned a consensus rating of “Hold” from the seven brokerages that are currently covering the company, Marketbeat Ratings report… [+4793 chars]",business
"{'id': None, 'name': 'ETF Daily News'}",MarketBeat News,"Brokerages Set The Bancorp, Inc. (NASDAQ:TBBK) Target Price at $62.00","The Bancorp, Inc. (NASDAQ:TBBK – Get Free Report) has received a consensus recommendation of “Buy” from the seven ratings firms that are covering the stock, Marketbeat.com reports. One analyst has rated the stock with a hold recommendation, five have given a …",https://www.etfdailynews.com/2025/09/25/brokerages-set-the-bancorp-inc-nasdaqtbbk-target-price-at-62-00/,https://www.americanbankingnews.com/wp-content/timthumb/timthumb.php?src=https://www.marketbeat.com/logos/the-bancorp-inc-logo-1200x675.jpg&w=240&h=240&zc=2,2025-09-25T06:44:56Z,"The Bancorp, Inc. (NASDAQ:TBBK – Get Free Report) has received a consensus recommendation of “Buy” from the seven ratings firms that are covering the stock, Marketbeat.com reports. One analyst has ra… [+4873 chars]",business
"{'id': None, 'name': 'ETF Daily News'}",MarketBeat News,Torrid Holdings Inc. (NYSE:CURV) Given Consensus Rating of “Reduce” by Analysts,"Torrid Holdings Inc. (NYSE:CURV – Get Free Report) has received an average rating of “Reduce” from the five analysts that are presently covering the stock, Marketbeat.com reports. Two investment analysts have rated the stock with a sell recommendation, two ha…",https://www.etfdailynews.com/2025/09/25/torrid-holdings-inc-nysecurv-given-consensus-rating-of-reduce-by-analysts/,https://www.americanbankingnews.com/wp-content/timthumb/timthumb.php?src=https://www.marketbeat.com/logos/torrid-holdings-inc-logo-1200x675.png?v=20221214150907&w=240&h=240&zc=2,2025-09-25T06:44:56Z,"Torrid Holdings Inc. (NYSE:CURV – Get Free Report) has received an average rating of “Reduce” from the five analysts that are presently covering the stock, Marketbeat.com reports. Two investment anal… [+5373 chars]",business
"{'id': None, 'name': 'ETF Daily News'}",MarketBeat News,Morgan Stanley Direct Lending Fund (NYSE:MSDL) Receives $19.30 Consensus Target Price from Brokerages,"Morgan Stanley Direct Lending Fund (NYSE:MSDL – Get Free Report) has received an average recommendation of “Hold” from the six brokerages that are presently covering the firm, Marketbeat Ratings reports. One investment analyst has rated the stock with a sell …",https://www.etfdailynews.com/2025/09/25/morgan-stanley-direct-lending-fund-nysemsdl-receives-19-30-consensus-target-price-from-brokerages/,https://www.americanbankingnews.com/wp-content/timthumb/timthumb.php?src=https://www.marketbeat.com/logos/morgan-stanley-direct-lending-logo-1200x675.jpg?v=20250207060207&w=240&h=240&zc=2,2025-09-25T06:44:56Z,"Morgan Stanley Direct Lending Fund (NYSE:MSDL – Get Free Report) has received an average recommendation of “Hold” from the six brokerages that are presently covering the firm, Marketbeat Ratings repo… [+5894 chars]",business
"{'id': None, 'name': 'ETF Daily News'}",MarketBeat News,Head-To-Head Survey: Sunrise Realty Trust (NASDAQ:SUNS) vs. RE/MAX (NYSE:RMAX),"Sunrise Realty Trust (NASDAQ:SUNS – Get Free Report) and RE/MAX (NYSE:RMAX – Get Free Report) are both small-cap finance companies, but which is the better investment? We will compare the two businesses based on the strength of their dividends, risk, valuatio…",https://www.etfdailynews.com/2025/09/25/head-to-head-survey-sunrise-realty-trust-nasdaqsuns-vs-re-max-nysermax/,https://www.americanbankingnews.com/wp-content/timthumb/timthumb.php?src=https://www.marketbeat.com/logos/remax-holdings-inc-logo-1200x675.jpg&w=240&h=240&zc=2,2025-09-25T06:44:55Z,"Sunrise Realty Trust (NASDAQ:SUNS – Get Free Report) and RE/MAX (NYSE:RMAX – Get Free Report) are both small-cap finance companies, but which is the better investment? We will compare the two busines… [+4653 chars]",business
"{'id': None, 'name': 'ETF Daily News'}",MarketBeat News,Prairie Operating Co. (NASDAQ:PROP) Receives Average Recommendation of “Moderate Buy” from Analysts,"Shares of Prairie Operating Co. (NASDAQ:PROP – Get Free Report) have been given an average rating of “Moderate Buy” by the five analysts that are presently covering the firm, Marketbeat Ratings reports. Two equities research analysts have rated the stock with…",https://www.etfdailynews.com/2025/09/25/prairie-operating-co-nasdaqprop-receives-average-recommendation-of-moderate-buy-from-analysts/,https://www.americanbankingnews.com/wp-content/timthumb/timthumb.php?src=https://www.marketbeat.com/logos/prairie-operating-co-logo-1200x675.png?v=20240529085146&w=240&h=240&zc=2,2025-09-25T06:44:55Z,"Shares of Prairie Operating Co. (NASDAQ:PROP – Get Free Report) have been given an average rating of “Moderate Buy” by the five analysts that are presently covering the firm, Marketbeat Ratings repor… [+4876 chars]",business
"{'id': None, 'name': 'ETF Daily News'}",MarketBeat News,Brookdale Senior Living Inc. (NYSE:BKD) Given Average Recommendation of “Hold” by Analysts,"Shares of Brookdale Senior Living Inc. (NYSE:BKD – Get Free Report) have been assigned a consensus recommendation of “Hold” from the five research firms that are presently covering the company, MarketBeat.com reports. One research analyst has rated the stock …",https://www.etfdailynews.com/2025/09/25/brookdale-senior-living-inc-nysebkd-given-average-recommendation-of-hold-by-analysts/,https://www.americanbankingnews.com/wp-content/timthumb/timthumb.php?src=https://www.marketbeat.com/logos/brookdale-senior-living-inc-logo-1200x675.jpg?v=20221209113910&w=240&h=240&zc=2,2025-09-25T06:44:53Z,"Shares of Brookdale Senior Living Inc. (NYSE:BKD – Get Free Report) have been assigned a consensus recommendation of “Hold” from the five research firms that are presently covering the company, Marke… [+3637 chars]",business
"{'id': None, 'name': 'ETF Daily News'}",MarketBeat News,Comparing Schroders (OTCMKTS:SHNWF) and Ameriprise Financial (NYSE:AMP),"Schroders (OTCMKTS:SHNWF – Get Free Report) and Ameriprise Financial (NYSE:AMP – Get Free Report) are both finance companies, but which is the better business? We will contrast the two companies based on the strength of their risk, institutional ownership, ea…",https://www.etfdailynews.com/2025/09/25/comparing-schroders-otcmktsshnwf-and-ameriprise-financial-nyseamp/,https://www.americanbankingnews.com/wp-content/timthumb/timthumb.php?src=https://www.marketbeat.com/logos/ameriprise-financial-inc-logo-1200x675.jpg&w=240&h=240&zc=2,2025-09-25T06:44:52Z,"Schroders (OTCMKTS:SHNWF – Get Free Report) and Ameriprise Financial (NYSE:AMP – Get Free Report) are both finance companies, but which is the better business? We will contrast the two companies base… [+5647 chars]",business
"{'id': None, 'name': 'ETF Daily News'}",MarketBeat News,Comparing Equinor ASA (NYSE:EQNR) and RGC Resources (NASDAQ:RGCO),"Equinor ASA (NYSE:EQNR – Get Free Report) and RGC Resources (NASDAQ:RGCO – Get Free Report) are both energy companies, but which is the better business? We will compare the two companies based on the strength of their institutional ownership, earnings, valuat…",https://www.etfdailynews.com/2025/09/25/comparing-equinor-asa-nyseeqnr-and-rgc-resources-nasdaqrgco/,https://www.americanbankingnews.com/wp-content/timthumb/timthumb.php?src=https://www.marketbeat.com/logos/rgc-resources-inc-logo-1200x675.png&w=240&h=240&zc=2,2025-09-25T06:44:51Z,"Equinor ASA (NYSE:EQNR – Get Free Report) and RGC Resources (NASDAQ:RGCO – Get Free Report) are both energy companies, but which is the better business? We will compare the two companies based on the… [+5458 chars]",business
"{'id': None, 'name': 'ETF Daily News'}",MarketBeat News,Financial Comparison: Japan Tob (OTCMKTS:JAPAY) & British American Tobacco (OTCMKTS:BTAFF),"Japan Tob (OTCMKTS:JAPAY – Get Free Report) and British American Tobacco (OTCMKTS:BTAFF – Get Free Report) are both consumer staples companies, but which is the superior stock? We will contrast the two companies based on the strength of their profitability, d…",https://www.etfdailynews.com/2025/09/25/financial-comparison-japan-tob-otcmktsjapay-british-american-tobacco-otcmktsbtaff/,https://www.americanbankingnews.com/wp-content/timthumb/timthumb.php?src=https://www.marketbeat.com/logos/british-american-tobacco-plc-logo-1200x675.png?v=20250209155532&w=240&h=240&zc=2,2025-09-25T06:44:48Z,"Japan Tob (OTCMKTS:JAPAY – Get Free Report) and British American Tobacco (OTCMKTS:BTAFF – Get Free Report) are both consumer staples companies, but which is the superior stock? We will contrast the t… [+4816 chars]",business
"{'id': None, 'name': 'Freerepublic.com'}",Free Republic,"AMERICA PRAYER VIGIL (September 25, 2025) *PRAYER*","Join with fellow FREEPERS to pray for AMERICA: For those in Authority in Government, Family, Military, Business, Agri-Business; End to Sex Slavery; Healthcare, Education, Churches, and the Media.Forum threads labeled [Prayer] are closed to debate of any kind.",https://freerepublic.com/focus/f-religion/4342518/posts,,2025-09-25T06:44:27Z,"FATHER GOD, 
 Blessed is the one whose transgressions are forgiven, whose sins are covered. Blessed is the one whose sin the Lord does not count against them and in whose spirit is no deceit. (Psalm… [+1777 chars]",business
"{'id': None, 'name': 'Biztoc.com'}",reuters.com,"Global investors, blindsided by stunning US comeback, jump back in",,https://biztoc.com/x/3e10fb4bd39f6efd,https://biztoc.com/cdn/3e10fb4bd39f6efd_s.webp,2025-09-25T06:42:43Z,"{ window.open(this.href, '_blank'); }, 200); return false;""&gt;Why is Bloom Energy stock a sell despite AI hype? { window.open(this.href, '_blank'); }, 200); return false;""&gt;How is Honda's EV pullb… [+751 chars]",business
"{'id': None, 'name': 'ETF Daily News'}",MarketBeat News,JMP Securities Boosts CrowdStrike (NASDAQ:CRWD) Price Target to $550.00,"CrowdStrike (NASDAQ:CRWD – Get Free Report) had its price target lifted by analysts at JMP Securities from $500.00 to $550.00 in a note issued to investors on Tuesday,Benzinga reports. The brokerage presently has a “market outperform” rating on the stock. JMP…",https://www.etfdailynews.com/2025/09/25/jmp-securities-boosts-crowdstrike-nasdaqcrwd-price-target-to-550-00/,https://www.americanbankingnews.com/wp-content/timthumb/timthumb.php?src=https://www.marketbeat.com/logos/crowdstrike-holdings-inc-logo-1200x675.png?v=20240415153340&w=240&h=240&zc=2,2025-09-25T06:42:42Z,"CrowdStrike (NASDAQ:CRWD – Get Free Report) had its price target lifted by analysts at JMP Securities from $500.00 to $550.00 in a note issued to investors on Tuesday,Benzinga reports. The brokerage … [+6007 chars]",business
"{'id': None, 'name': 'ETF Daily News'}",MarketBeat News,Rivian Automotive (NASDAQ:RIVN) Trading Up 1.9% Following Analyst Upgrade,"Rivian Automotive, Inc. (NASDAQ:RIVN – Get Free Report)’s stock price rose 1.9% during trading on Tuesday after Mizuho raised their price target on the stock from $12.00 to $14.00. Mizuho currently has a neutral rating on the stock. Rivian Automotive traded a…",https://www.etfdailynews.com/2025/09/25/rivian-automotive-nasdaqrivn-trading-up-1-9-following-analyst-upgrade/,https://www.americanbankingnews.com/wp-content/timthumb/timthumb.php?src=https://www.marketbeat.com/logos/rivian-automotive-inc-logo-1200x675.png?v=20240209145309&w=240&h=240&zc=2,2025-09-25T06:42:42Z,"Rivian Automotive, Inc. (NASDAQ:RIVN – Get Free Report)’s stock price rose 1.9% during trading on Tuesday after Mizuho raised their price target on the stock from $12.00 to $14.00. Mizuho currently h… [+5591 chars]",business
"{'id': None, 'name': 'ETF Daily News'}",MarketBeat News,HC Wainwright Reiterates Buy Rating for Ionis Pharmaceuticals (NASDAQ:IONS),"Ionis Pharmaceuticals (NASDAQ:IONS – Get Free Report)‘s stock had its “buy” rating restated by equities researchers at HC Wainwright in a research report issued to clients and investors on Tuesday,Benzinga reports. They presently have a $95.00 target price on…",https://www.etfdailynews.com/2025/09/25/hc-wainwright-reiterates-buy-rating-for-ionis-pharmaceuticals-nasdaqions/,https://www.americanbankingnews.com/wp-content/timthumb/timthumb.php?src=https://www.marketbeat.com/logos/ionis-pharmaceuticals-inc-logo-1200x675.png?v=20221114145542&w=240&h=240&zc=2,2025-09-25T06:42:42Z,"Ionis Pharmaceuticals (NASDAQ:IONS – Get Free Report)‘s stock had its “buy” rating restated by equities researchers at HC Wainwright in a research report issued to clients and investors on Tuesday,Be… [+6192 chars]",business
"{'id': None, 'name': 'Biztoc.com'}",theguardian.com,Co-op reveals cyber-attack cost it £80m in profits; government ponders support for JLR suppliers – business live,"Rolling coverage of the latest economic and financial news
The £80m cost of this year’s cyber-crime attack has pushed the Co-operative Group into a loss, today’s financial results show.
The Co-op has reported a pre-tax loss of £50m for the first half of this …",https://biztoc.com/x/d71f203c1d8b45df,https://biztoc.com/cdn/d71f203c1d8b45df_s.webp,2025-09-25T06:42:42Z,"Rolling coverage of the latest economic and financial newsThe £80m cost of this years cyber-crime attack has pushed the Co-operative Group into a loss, todays financial results show.The Co-op has rep… [+146 chars]",business
"{'id': None, 'name': 'Biztoc.com'}",cnn.com,"Inflation could be a third lower without tariffs, financial decision makers say",,https://biztoc.com/x/e7f47b1cbcaec218,https://biztoc.com/cdn/950/og.png,2025-09-25T06:42:31Z,"{ window.open(this.href, '_blank'); }, 200); return false;""&gt;Why is Bloom Energy stock a sell despite AI hype? { window.open(this.href, '_blank'); }, 200); return false;""&gt;How is Honda's EV pullb… [+735 chars]",business
"{'id': None, 'name': 'Biztoc.com'}",reuters.com,Big European banks form company to launch euro stablecoin,,https://biztoc.com/x/878d985cc286cc83,https://biztoc.com/cdn/878d985cc286cc83_s.webp,2025-09-25T06:42:24Z,"{ window.open(this.href, '_blank'); }, 200); return false;""&gt;Why is Bloom Energy stock a sell despite AI hype? { window.open(this.href, '_blank'); }, 200); return false;""&gt;How is Honda's EV pullb… [+767 chars]",business
"{'id': 'rte', 'name': 'RTE'}",RTÉ News,Half year profits and revenues Glenveagh Properties soar,"Home builder Glenveagh Properties has today reported higher half year revenues and profits and said it was on track to deliver up to 2,600 home completions for the full year.",https://www.rte.ie/news/business/2025/0925/1535225-glenveagh-properties-h1-results/,https://www.rte.ie/images/00167d4d-1600.jpg,2025-09-25T06:42:13Z,"Home builder Glenveagh Properties has today reported higher half year revenues and profits and said it was on track to deliver up to 2,600 home completions for the full year.
Glenveagh said its reve… [+2223 chars]",business
"{'id': 'the-times-of-india', 'name': 'The Times of India'}",ETtech,Jaguar Land Rover cyberattack rings up £2 billion bill for Tata Motors: All you need to know,"Tata Motors shares fell 3.4% to an intraday low of Rs 659.55 after reports emerged of a major cyberattack on its UK-based unit, Jaguar Land Rover (JLR). The attack, which happened on September 2, halted production at key sites. A hacker group called “Scattere…",https://economictimes.indiatimes.com/tech/technology/jaguar-land-rover-cyberattack-rings-up-2-billion-bill-for-tata-motors-all-you-need-to-know/articleshow/124106699.cms,"https://img.etimg.com/thumb/width-1200,height-900,imgsize-227134,resizemode-75,msid-124106699/tech/technology/jaguar-land-rover-cyberattack-rings-up-2-billion-bill-for-tata-motors-all-you-need-to-know.jpg",2025-09-25T06:42:02Z,"Tata Motors shares dropped 3.4% to an intraday low of Rs 659.55 on the BSE during early trading on Thursday. The fall came after reports suggested that Jaguar Land Rover (JLR), the Tata-owned British… [+2528 chars]",business
"{'id': None, 'name': 'Classmethod.jp'}",Jiraporn (Jiw),Unlock the Full Potential of AWS: A Deep Dive into Classmethod Members Service,"Learn how Classmethod Members helps reduce AWS costs, enhance security, and streamline operations with free 24/7 expert support and a dedicated management portal.",https://dev.classmethod.jp/articles/unlock-the-full-potential-of-aws-a-deep-dive-into-classmethod-members/,https://devio2024-media.developers.io/image/upload/v1758697575/user-gen-eyecatch/tvtx8nqruy1m4xdmswwy.png,2025-09-25T06:41:36Z,"Amazon Web Services (AWS) provides an exceptional platform for innovation; however, managing its costs, security, and operations can be a complex task. Many companies find themselves asking: Are we s… [+7032 chars]",business
"{'id': None, 'name': 'ETF Daily News'}",MarketBeat News,Huntington Bancshares (NASDAQ:HBANM) Shares Up 0.4% – Here’s Why,"Huntington Bancshares Incorporated (NASDAQ:HBANM – Get Free Report)’s share price shot up 0.4% during trading on Wednesday . The stock traded as high as $23.74 and last traded at $23.73. 3,118 shares changed hands during trading, a decline of 73% from the ave…",https://www.etfdailynews.com/2025/09/25/huntington-bancshares-nasdaqhbanm-shares-up-0-4-heres-why/,https://www.americanbankingnews.com/wp-content/timthumb/timthumb.php?src=https://www.marketbeat.com/logos/huntington-bancshares-incorporated-logo-1200x675.png&w=240&h=240&zc=2,2025-09-25T06:40:52Z,"Huntington Bancshares Incorporated (NASDAQ:HBANM – Get Free Report)’s share price shot up 0.4% during trading on Wednesday . The stock traded as high as $23.74 and last traded at $23.73. 3,118 shares… [+1474 chars]",business
"{'id': None, 'name': 'ETF Daily News'}",MarketBeat News,Ascend Wellness (OTC:AAWH) Shares Up 1.7% – Should You Buy?,"Ascend Wellness Holdings, Inc. (OTC:AAWH – Get Free Report) rose 1.7% during mid-day trading on Wednesday . The company traded as high as $0.66 and last traded at $0.64. Approximately 186,976 shares traded hands during trading, an increase of 15% from the ave…",https://www.etfdailynews.com/2025/09/25/ascend-wellness-otcaawh-shares-up-1-7-should-you-buy/,https://www.americanbankingnews.com/wp-content/timthumb/timthumb.php?src=https://www.marketbeat.com/logos/ascend-wellness-holdings-inc-logo-1200x675.gif?v=20211213081141&w=240&h=240&zc=2,2025-09-25T06:40:52Z,"Ascend Wellness Holdings, Inc. (OTC:AAWH – Get Free Report) rose 1.7% during mid-day trading on Wednesday . The company traded as high as $0.66 and last traded at $0.64. Approximately 186,976 shares … [+1562 chars]",business
"{'id': None, 'name': 'ETF Daily News'}",MarketBeat News,Pinelawn Cemetery (OTC:PLWN) Stock Price Up 25% – Here’s What Happened,"Pinelawn Cemetery (OTC:PLWN – Get Free Report) shares were up 25% during mid-day trading on Wednesday . The company traded as high as $700.00 and last traded at $700.00. Approximately 5 shares were traded during trading, a decline of 95% from the average dail…",https://www.etfdailynews.com/2025/09/25/pinelawn-cemetery-otcplwn-stock-price-up-25-heres-what-happened/,https://www.americanbankingnews.com/wp-content/timthumb/timthumb.php?src=https://www.marketbeat.com/logos/pinelawn-cemetery-logo-1200x675.jpg?v=20220811153812&w=240&h=240&zc=2,2025-09-25T06:40:52Z,Pinelawn Cemetery (OTC:PLWN – Get Free Report) shares were up 25% during mid-day trading on Wednesday . The company traded as high as $700.00 and last traded at $700.00. Approximately 5 shares were t… [+757 chars],business
"{'id': None, 'name': 'ETF Daily News'}",MarketBeat News,Banco BPM (OTCMKTS:BNCZF) Shares Down 1.5% – Here’s Why,"Banco BPM S.p.A. (OTCMKTS:BNCZF – Get Free Report)’s share price was down 1.5% during mid-day trading on Wednesday . The stock traded as low as $14.70 and last traded at $14.70. Approximately 1,000 shares were traded during mid-day trading, a decline of 27% f…",https://www.etfdailynews.com/2025/09/25/banco-bpm-otcmktsbnczf-shares-down-1-5-heres-why/,https://www.americanbankingnews.com/wp-content/timthumb/timthumb.php?src=https://www.marketbeat.com/logos/banco-bpm-spa-logo-1200x675.png&w=240&h=240&zc=2,2025-09-25T06:40:50Z,"Banco BPM S.p.A. (OTCMKTS:BNCZF – Get Free Report)’s share price was down 1.5% during mid-day trading on Wednesday . The stock traded as low as $14.70 and last traded at $14.70. Approximately 1,000 s… [+1098 chars]",business
"{'id': None, 'name': 'ETF Daily News'}",MarketBeat News,Tokyu Fudosan (OTCMKTS:TTUUF) Trading Up 19% – Here’s Why,"Tokyu Fudosan Holdings Co. (OTCMKTS:TTUUF – Get Free Report)’s stock price shot up 19% on Wednesday . The company traded as high as $8.32 and last traded at $8.32. 1,018 shares changed hands during trading, a decline of 10% from the average session volume of …",https://www.etfdailynews.com/2025/09/25/tokyu-fudosan-otcmktsttuuf-trading-up-19-heres-why/,https://www.americanbankingnews.com/wp-content/timthumb/timthumb.php?src=https://www.marketbeat.com/logos/tokyu-fudosan-holdings-co-logo-1200x675.jpg?v=20230303115229&w=240&h=240&zc=2,2025-09-25T06:40:48Z,"Tokyu Fudosan Holdings Co. (OTCMKTS:TTUUF – Get Free Report)’s stock price shot up 19% on Wednesday . The company traded as high as $8.32 and last traded at $8.32. 1,018 shares changed hands during t… [+984 chars]",business
"{'id': None, 'name': 'Rlsbb.to'}",Damon,There Will Be Blood 2007 1080p ATVP WEB-DL H264-PiRaTeS,"Won 2 Oscars 114 wins & 138 nominations total See more awards » Plot: A story of family, religion, hatred, oil and madness, focusing on a turn-of-the-century prospector in the early days of the business. Genre: DramaIMDB Rating Live: IMDB Rating: 8.2/10 From …",https://post.rlsbb.to/there-will-be-blood-2007-1080p-atvp-web-dl-h264-pirates/,,2025-09-25T06:40:19Z,"Won 2 Oscars 114 wins &amp; 138 nominations total See more awards »
Plot: A story of family, religion, hatred, oil and madness, focusing on a turn-of-the-century prospector in the early days of the … [+938 chars]",business
"{'id': None, 'name': 'Insurance Journal'}",admin,"People Moves: Howden US Appoints Peterson to Lead Construction, Infrastructure and Surety; Sokol Named Head of Excess Casualty for ICW Specialty","Howden US, headquartered in Columbia, South Carolina, appointed Mark Peterson as head of its construction, infrastructure and surety practice. Peterson joins Mike Parrish’s Howden US team and works closely with Naresh Dade, global head of construction, as par…",https://www.insurancejournal.com/news/national/2025/09/25/840427.htm,https://www.insurancejournal.com/app/uploads/2025/09/JakeSokol_headshot-scaled-e1758730796316.jpg,2025-09-25T06:40:19Z,"Howden US, headquartered in Columbia, South Carolina, appointed Mark Peterson as head of its construction, infrastructure and surety practice. Peterson joins Mike Parrish’s Howden US team and works c… [+1783 chars]",business
"{'id': None, 'name': 'ETF Daily News'}",MarketBeat News,IREN (NASDAQ:IREN) Coverage Initiated at Arete Research,"Arete Research started coverage on shares of IREN (NASDAQ:IREN – Free Report) in a research note released on Wednesday morning,Benzinga reports. The firm issued a buy rating and a $78.00 price objective on the stock. IREN has been the topic of several other r…",https://www.etfdailynews.com/2025/09/25/iren-nasdaqiren-coverage-initiated-at-arete-research/,https://www.americanbankingnews.com/wp-content/timthumb/timthumb.php?src=https://www.marketbeat.com/logos/iren-limited-logo.png?v=20250721171954&w=240&h=240&zc=2,2025-09-25T06:38:51Z,"Arete Research started coverage on shares of IREN (NASDAQ:IREN – Free Report) in a research note released on Wednesday morning,Benzinga reports. The firm issued a buy rating and a $78.00 price object… [+4380 chars]",business
"{'id': None, 'name': 'ETF Daily News'}",MarketBeat News,ODDITY Tech (NASDAQ:ODD) Coverage Initiated by Analysts at Jefferies Financial Group,"Jefferies Financial Group initiated coverage on shares of ODDITY Tech (NASDAQ:ODD – Free Report) in a research note published on Wednesday morning, Marketbeat Ratings reports. The firm issued a buy rating and a $78.00 target price on the stock. Several other …",https://www.etfdailynews.com/2025/09/25/oddity-tech-nasdaqodd-coverage-initiated-by-analysts-at-jefferies-financial-group/,https://www.americanbankingnews.com/wp-content/timthumb/timthumb.php?src=https://www.marketbeat.com/logos/oddity-tech-ltd-logo.jpg?v=20230728122711&w=240&h=240&zc=2,2025-09-25T06:38:50Z,"Jefferies Financial Group initiated coverage on shares of ODDITY Tech (NASDAQ:ODD – Free Report) in a research note published on Wednesday morning, Marketbeat Ratings reports. The firm issued a buy r… [+4221 chars]",business
"{'id': None, 'name': 'ETF Daily News'}",MarketBeat News,BMO Capital Markets Has Lowered Expectations for Paychex (NASDAQ:PAYX) Stock Price,"Paychex (NASDAQ:PAYX – Free Report) had its price objective reduced by BMO Capital Markets from $160.00 to $143.00 in a research report released on Wednesday, MarketBeat.com reports. They currently have a market perform rating on the business services provide…",https://www.etfdailynews.com/2025/09/25/bmo-capital-markets-has-lowered-expectations-for-paychex-nasdaqpayx-stock-price/,https://www.americanbankingnews.com/wp-content/timthumb/timthumb.php?src=https://www.marketbeat.com/logos/paychex-inc-logo.png?v=20221024140257&w=240&h=240&zc=2,2025-09-25T06:38:50Z,"Paychex (NASDAQ:PAYX – Free Report) had its price objective reduced by BMO Capital Markets from $160.00 to $143.00 in a research report released on Wednesday, MarketBeat.com reports. They currently h… [+6009 chars]",business
"{'id': None, 'name': 'ETF Daily News'}",MarketBeat News,Seres Therapeutics (NASDAQ:MCRB) Price Target Raised to $22.00 at Canaccord Genuity Group,"Seres Therapeutics (NASDAQ:MCRB – Free Report) had its price objective increased by Canaccord Genuity Group from $14.00 to $22.00 in a report released on Wednesday,Benzinga reports. They currently have a buy rating on the biotechnology company’s stock. Seres …",https://www.etfdailynews.com/2025/09/25/seres-therapeutics-nasdaqmcrb-price-target-raised-to-22-00-at-canaccord-genuity-group/,https://www.americanbankingnews.com/wp-content/timthumb/timthumb.php?src=https://www.marketbeat.com/logos/seres-therapeutics-inc-logo.png&w=240&h=240&zc=2,2025-09-25T06:38:50Z,"Seres Therapeutics (NASDAQ:MCRB – Free Report) had its price objective increased by Canaccord Genuity Group from $14.00 to $22.00 in a report released on Wednesday,Benzinga reports. They currently ha… [+2756 chars]",business
"{'id': None, 'name': 'ETF Daily News'}",MarketBeat News,Valley National Bancorp (NASDAQ:VLY) Rating Increased to Buy at Jefferies Financial Group,"Jefferies Financial Group upgraded shares of Valley National Bancorp (NASDAQ:VLY – Free Report) from a hold rating to a buy rating in a research note issued to investors on Wednesday morning, MarketBeat Ratings reports. Jefferies Financial Group currently has…",https://www.etfdailynews.com/2025/09/25/valley-national-bancorp-nasdaqvly-rating-increased-to-buy-at-jefferies-financial-group/,https://www.americanbankingnews.com/wp-content/timthumb/timthumb.php?src=https://www.marketbeat.com/logos/valley-national-bancorp-logo.jpg?v=20221111152406&w=240&h=240&zc=2,2025-09-25T06:38:50Z,"Jefferies Financial Group upgraded shares of Valley National Bancorp (NASDAQ:VLY – Free Report) from a hold rating to a buy rating in a research note issued to investors on Wednesday morning, MarketB… [+5278 chars]",business
"{'id': None, 'name': 'ETF Daily News'}",MarketBeat News,"American Rebel Stock Scheduled to Reverse Split on Friday, October 3rd (NASDAQ:AREB)","American Rebel Holdings, Inc. (NASDAQ:AREB – Free Report)’s stock is going to reverse split on Friday, October 3rd. The 1-20 reverse split was recently announced. The number of shares owned by shareholders will be adjusted after the market closes on Thursday,…",https://www.etfdailynews.com/2025/09/25/american-rebel-stock-scheduled-to-reverse-split-on-friday-october-3rd-nasdaqareb/,https://www.americanbankingnews.com/wp-content/timthumb/timthumb.php?src=https://www.marketbeat.com/logos/american-rebel-holdings-inc-logo-1200x675.png?v=20250115143644&w=240&h=240&zc=2,2025-09-25T06:38:50Z,"American Rebel Holdings, Inc. (NASDAQ:AREB – Free Report)’s stock is going to reverse split on Friday, October 3rd. The 1-20 reverse split was recently announced. The number of shares owned by shareh… [+981 chars]",business
"{'id': None, 'name': 'BBC News'}",BBC,Co-op says cyber attack cost it £206m in sales,"The retailer's IT networks were infiltrated by hackers in April, leading to payment problems and shortages of goods in shops.",https://www.bbc.com/news/articles/ckgq9dke4e5o?xtor=AL-72-%5Bpartner%5D-%5Byahoo.north.america%5D-%5Bheadline%5D-%5Bnews%5D-%5Bbizdev%5D-%5Bisapi%5D,https://media.zenfs.com/en/bbc_us_articles_995/a1062d3ca3b2e39b6605c406ae4efa88,2025-09-25T06:36:58Z,"The Co-op has said the cyber attack it suffered earlier this year cost it at least £206m in lost revenues.
The retailer's IT networks were infiltrated by hackers in April, resulted in payment proble… [+1139 chars]",business
"{'id': None, 'name': 'Naftemporiki.gr'}",Αλεξία Σωτηρίου,Trikalinos seeks expansion to the Japanese market,"Greek company Trikalinos continues its growth path in international markets, with an emphasis on Japan – one of the most demanding and high-quality markets in the world.
As part of…
Trikalinos seeks expansion to the Japanese market - Η ΝΑΥΤΕΜΠΟΡΙΚΗ",https://www.naftemporiki.gr/english/2010789/trikalinos-seeks-expansion-to-the-japanese-market/,https://www.naftemporiki.gr/wp-content/uploads/2023/06/trikalinos_bottarga_box.jpg,2025-09-25T06:36:42Z,"Greek company Trikalinos continues its growth path in international markets, with an emphasis on Japan one of the most demanding and high-quality markets in the world.
As part of its strategy to exp… [+872 chars]",business
"{'id': None, 'name': 'ETF Daily News'}",MarketBeat News,lululemon athletica’s (LULU) “Neutral” Rating Reaffirmed at Robert W. Baird,"lululemon athletica (NASDAQ:LULU – Get Free Report)‘s stock had its “neutral” rating reiterated by research analysts at Robert W. Baird in a research note issued to investors on Tuesday, MarketBeat.com reports. They presently have a $195.00 price target on th…",https://www.etfdailynews.com/2025/09/25/lululemon-athleticas-lulu-neutral-rating-reaffirmed-at-robert-w-baird/,https://www.americanbankingnews.com/wp-content/timthumb/timthumb.php?src=https://www.marketbeat.com/logos/lululemon-logo-1200x675.jpg&w=240&h=240&zc=2,2025-09-25T06:36:42Z,"lululemon athletica (NASDAQ:LULU – Get Free Report)‘s stock had its “neutral” rating reiterated by research analysts at Robert W. Baird in a research note issued to investors on Tuesday, MarketBeat.c… [+5286 chars]",business
"{'id': None, 'name': 'ETF Daily News'}",MarketBeat News,FibroGen’s (FGEN) Buy Rating Reaffirmed at HC Wainwright,"HC Wainwright restated their buy rating on shares of FibroGen (NASDAQ:FGEN – Free Report) in a report released on Wednesday,Benzinga reports. HC Wainwright currently has a $43.00 price target on the biopharmaceutical company’s stock. Separately, Wall Street Z…",https://www.etfdailynews.com/2025/09/25/fibrogens-fgen-buy-rating-reaffirmed-at-hc-wainwright/,https://www.americanbankingnews.com/wp-content/timthumb/timthumb.php?src=https://www.marketbeat.com/logos/fibrogen-inc-logo.png?v=20221129191540&w=240&h=240&zc=2,2025-09-25T06:32:53Z,"HC Wainwright restated their buy rating on shares of FibroGen (NASDAQ:FGEN – Free Report) in a report released on Wednesday,Benzinga reports. HC Wainwright currently has a $43.00 price target on the … [+4412 chars]",business
"{'id': None, 'name': 'ETF Daily News'}",MarketBeat News,Hub Group (NASDAQ:HUBG) Given New $42.00 Price Target at Susquehanna,"Hub Group (NASDAQ:HUBG – Free Report) had its price objective reduced by Susquehanna from $47.00 to $42.00 in a research report sent to investors on Wednesday,Benzinga reports. They currently have a positive rating on the transportation company’s stock. A num…",https://www.etfdailynews.com/2025/09/25/hub-group-nasdaqhubg-given-new-42-00-price-target-at-susquehanna/,https://www.americanbankingnews.com/wp-content/timthumb/timthumb.php?src=https://www.marketbeat.com/logos/hub-group-inc-logo.JPG&w=240&h=240&zc=2,2025-09-25T06:32:52Z,"Hub Group (NASDAQ:HUBG – Free Report) had its price objective reduced by Susquehanna from $47.00 to $42.00 in a research report sent to investors on Wednesday,Benzinga reports. They currently have a … [+5112 chars]",business
"{'id': None, 'name': 'ETF Daily News'}",MarketBeat News,uniQure (NASDAQ:QURE) Price Target Raised to $68.00 at Leerink Partners,"uniQure (NASDAQ:QURE – Free Report) had its price objective lifted by Leerink Partners from $48.00 to $68.00 in a research note issued to investors on Wednesday,Benzinga reports. They currently have an outperform rating on the biotechnology company’s stock. A…",https://www.etfdailynews.com/2025/09/25/uniqure-nasdaqqure-price-target-raised-to-68-00-at-leerink-partners/,https://www.americanbankingnews.com/wp-content/timthumb/timthumb.php?src=https://www.marketbeat.com/logos/uniqure-logo.png?v=20240523095709&w=240&h=240&zc=2,2025-09-25T06:32:52Z,"uniQure (NASDAQ:QURE – Free Report) had its price objective lifted by Leerink Partners from $48.00 to $68.00 in a research note issued to investors on Wednesday,Benzinga reports. They currently have … [+3659 chars]",business
"{'id': None, 'name': 'ETF Daily News'}",MarketBeat News,Maplebear (NASDAQ:CART) Given New $56.00 Price Target at Stifel Nicolaus,"Maplebear (NASDAQ:CART – Free Report) had its price objective reduced by Stifel Nicolaus from $64.00 to $56.00 in a research report sent to investors on Wednesday,Benzinga reports. They currently have a buy rating on the stock. CART has been the subject of se…",https://www.etfdailynews.com/2025/09/25/maplebear-nasdaqcart-given-new-56-00-price-target-at-stifel-nicolaus/,https://www.americanbankingnews.com/wp-content/timthumb/timthumb.php?src=https://www.marketbeat.com/logos/instacart-(maplebear-inc)-logo.png?v=20230920074015&w=240&h=240&zc=2,2025-09-25T06:32:52Z,"Maplebear (NASDAQ:CART – Free Report) had its price objective reduced by Stifel Nicolaus from $64.00 to $56.00 in a research report sent to investors on Wednesday,Benzinga reports. They currently hav… [+4838 chars]",business
"{'id': None, 'name': 'ETF Daily News'}",MarketBeat News,JMP Securities Forecasts Strong Price Appreciation for Upwork (NASDAQ:UPWK) Stock,"Upwork (NASDAQ:UPWK – Free Report) had its target price increased by JMP Securities from $20.00 to $27.00 in a report issued on Wednesday,Benzinga reports. The firm currently has a market outperform rating on the stock. A number of other analysts have also re…",https://www.etfdailynews.com/2025/09/25/jmp-securities-forecasts-strong-price-appreciation-for-upwork-nasdaqupwk-stock/,https://www.americanbankingnews.com/wp-content/timthumb/timthumb.php?src=https://www.marketbeat.com/logos/upwork-inc-logo.png?v=20240426161304&w=240&h=240&zc=2,2025-09-25T06:32:50Z,"Upwork (NASDAQ:UPWK – Free Report) had its target price increased by JMP Securities from $20.00 to $27.00 in a report issued on Wednesday,Benzinga reports. The firm currently has a market outperform … [+5273 chars]",business
"{'id': None, 'name': 'ETF Daily News'}",MarketBeat News,Biogen’s (BIIB) “Outperform” Rating Reiterated at William Blair,"William Blair reiterated their outperform rating on shares of Biogen (NASDAQ:BIIB – Free Report) in a research note released on Wednesday,RTT News reports. Several other brokerages have also issued reports on BIIB. Citigroup reaffirmed a “neutral” rating on s…",https://www.etfdailynews.com/2025/09/25/biogens-biib-outperform-rating-reiterated-at-william-blair/,https://www.americanbankingnews.com/wp-content/timthumb/timthumb.php?src=https://www.marketbeat.com/logos/biogen-inc-logo.jpg?v=20221024141534&w=240&h=240&zc=2,2025-09-25T06:32:50Z,"William Blair reiterated their outperform rating on shares of Biogen (NASDAQ:BIIB – Free Report) in a research note released on Wednesday,RTT News reports.
Several other brokerages have also issued … [+4947 chars]",business
"{'id': None, 'name': 'soompi'}",P Talwar,1 Sweet And 3 Frustrating Moments In Episodes 5-6 Of “My Youth”,"The recent episodes of “My Youth” delivered a blend of sweet romance and heart-wrenching twists. Sunwoo Hae (Song Joong Ki) has finally decided not to hide his feelings for Sung Je Yeon (Chun Woo Hee). While Je Yeon’s heart betrays her with skipped beats, she…",http://www.soompi.com/article/1786184wpp/1-sweet-and-3-frustrating-moments-in-episodes-5-6-of-my-youth,https://0.soompi.io/wp-content/uploads/2025/09/23154316/My-Youth-11.jpg,2025-09-25T06:32:06Z,The recent episodes of My Youth delivered a blend of sweet romance and heart-wrenching twists. Sunwoo Hae (Song Joong Ki) has finally decided not to hide his feelings for Sung Je Yeon (Chun Woo Hee).… [+7527 chars],business
"{'id': None, 'name': 'Nep123.com'}",Editor,Nepal Telecom Dealers Protest at Regional Offices Demanding Fulfillment of Demands!   ,"Nepal Telecom Dealers Protest Over Commission Issues Nepal Telecom (NTC) dealers across Nepal are staging a protest starting today at the Nepal Telecom Bagmati Provincial Directorate in Tripureshwor, Kathmandu. The dealers are demonstrating against alleged fa…",https://nep123.com/nepal-telecom-dealers-protest-at-regional-offices-demanding-fulfillment-of-demands-%f0%9f%93%a2-%f0%9f%87%b3%f0%9f%87%b5-%f0%9f%92%b0/,https://nep123.com/wp-content/uploads/2025/09/basantapur_featured.jpg,2025-09-25T06:31:46Z,"Nepal Telecom (NTC) dealers across Nepal are staging a protest starting today at the Nepal Telecom Bagmati Provincial Directorate in Tripureshwor, Kathmandu. The dealers are demonstrating against all… [+2085 chars]",business
"{'id': None, 'name': 'Biztoc.com'}",reuters.com,Nippon Steel sees small gap with Washington over US Steel's golden share authority,,https://biztoc.com/x/fa4d24b6c71f9d57,https://biztoc.com/cdn/fa4d24b6c71f9d57_s.webp,2025-09-25T06:31:25Z,"{ window.open(this.href, '_blank'); }, 200); return false;""&gt;Why is Bloom Energy stock a sell despite AI hype? { window.open(this.href, '_blank'); }, 200); return false;""&gt;How is Honda's EV pullb… [+781 chars]",business
"{'id': None, 'name': 'ETF Daily News'}",MarketBeat News,Kirby (NYSE:KEX) Earns Neutral Rating from Analysts at Citigroup,"Citigroup started coverage on shares of Kirby (NYSE:KEX – Free Report) in a research report report published on Monday, MarketBeat reports. The brokerage issued a neutral rating and a $91.00 price objective on the shipping company’s stock. KEX has been the to…",https://www.etfdailynews.com/2025/09/25/kirby-nysekex-earns-neutral-rating-from-analysts-at-citigroup/,https://www.americanbankingnews.com/wp-content/timthumb/timthumb.php?src=https://www.marketbeat.com/logos/kirby-co-logo.png?v=20240515132813&w=240&h=240&zc=2,2025-09-25T06:30:42Z,"Citigroup started coverage on shares of Kirby (NYSE:KEX – Free Report) in a research report report published on Monday, MarketBeat reports. The brokerage issued a neutral rating and a $91.00 price ob… [+3895 chars]",business
"{'id': 'the-times-of-india', 'name': 'The Times of India'}",Shivendra Kumar,Listed REITs deliver up to 29% returns in 1-yr versus realty stocks’ 35% fall. Will equity status add to the mojo?,"Indian REITs are outperforming realty stocks, delivering returns up to 29% even as the Nifty Realty index slipped 20%. SEBI's equity status reclassification is expected to further boost REITs by attracting mutual fund investments and improving liquidity. Expe…",https://economictimes.indiatimes.com/markets/digital-real-estate/realty-news/listed-reits-deliver-up-to-29-returns-in-1-yr-versus-realty-stocks-35-fall-will-equity-status-add-to-the-mojo/articleshow/124106728.cms,"https://img.etimg.com/thumb/msid-124106768,width-1200,height-630,imgsize-47438,overlay-etmarkets/articleshow.jpg",2025-09-25T06:30:05Z,"REITs, or Real Estate Investment Trusts, recently made news after receiving equity status from capital markets regulator Sebi. Beyond the headlines, listed REITs have quietly delivered strong perform… [+4882 chars]",business
"{'id': None, 'name': 'ETF Daily News'}",MarketBeat News,FedEx Corporation (NYSE:FDX) Receives $275.85 Average PT from Analysts,"FedEx Corporation (NYSE:FDX – Get Free Report) has earned a consensus rating of “Moderate Buy” from the twenty-seven analysts that are presently covering the firm, Marketbeat Ratings reports. One equities research analyst has rated the stock with a sell recom…",https://www.etfdailynews.com/2025/09/25/fedex-corporation-nysefdx-receives-275-85-average-pt-from-analysts/,https://www.americanbankingnews.com/wp-content/timthumb/timthumb.php?src=https://www.marketbeat.com/logos/fedex-logo-1200x675.jpg&w=240&h=240&zc=2,2025-09-25T06:28:58Z,"FedEx Corporation (NYSE:FDX – Get Free Report) has earned a consensus rating of “Moderate Buy” from the twenty-seven analysts that are presently covering the firm, Marketbeat Ratings reports. One equ… [+5924 chars]",business
"{'id': None, 'name': 'ETF Daily News'}",MarketBeat News,Brunswick Corporation (NYSE:BC) Receives $66.75 Average Target Price from Analysts,"Shares of Brunswick Corporation (NYSE:BC – Get Free Report) have been given an average recommendation of “Hold” by the fifteen research firms that are presently covering the company, Marketbeat.com reports. Eight research analysts have rated the stock with a …",https://www.etfdailynews.com/2025/09/25/brunswick-corporation-nysebc-receives-66-75-average-target-price-from-analysts/,https://www.americanbankingnews.com/wp-content/timthumb/timthumb.php?src=https://www.marketbeat.com/logos/brunswick-co-logo-1200x675.png?v=20240424114757&w=240&h=240&zc=2,2025-09-25T06:28:58Z,"Shares of Brunswick Corporation (NYSE:BC – Get Free Report) have been given an average recommendation of “Hold” by the fifteen research firms that are presently covering the company, Marketbeat.com r… [+4890 chars]",business
"{'id': None, 'name': 'ETF Daily News'}",MarketBeat News,Vistra Corp. (NYSE:VST) Receives Average Recommendation of “Buy” from Brokerages,"Shares of Vistra Corp. (NYSE:VST – Get Free Report) have been given an average rating of “Buy” by the seventeen analysts that are covering the firm, MarketBeat reports. Two investment analysts have rated the stock with a hold rating, twelve have assigned a bu…",https://www.etfdailynews.com/2025/09/25/vistra-corp-nysevst-receives-average-recommendation-of-buy-from-brokerages/,https://www.americanbankingnews.com/wp-content/timthumb/timthumb.php?src=https://www.marketbeat.com/logos/vistra-energy-corp-logo-1200x675.jpg&w=240&h=240&zc=2,2025-09-25T06:28:58Z,"Shares of Vistra Corp. (NYSE:VST – Get Free Report) have been given an average rating of “Buy” by the seventeen analysts that are covering the firm, MarketBeat reports. Two investment analysts have r… [+5236 chars]",business
"{'id': None, 'name': 'ETF Daily News'}",MarketBeat News,Contrasting Radio One (NASDAQ:UONEK) & Television Broadcasts (OTCMKTS:TVBCY),"Risk and Volatility Radio One has a beta of 0.74, indicating that its stock price is 26% less volatile than the S&P 500. Comparatively, Television Broadcasts has a beta of 1.06, indicating that its stock price is 6% more volatile than the S&P 500. Profitabili…",https://www.etfdailynews.com/2025/09/25/contrasting-radio-one-nasdaquonek-television-broadcasts-otcmktstvbcy/,https://www.americanbankingnews.com/wp-content/timthumb/timthumb.php?src=https://www.marketbeat.com/logos/television-broadcasts-limited-logo-1200x675.jpg?v=20240606105958&w=240&h=240&zc=2,2025-09-25T06:28:57Z,"Risk and Volatility
Radio One has a beta of 0.74, indicating that its stock price is 26% less volatile than the S&amp;P 500. Comparatively, Television Broadcasts has a beta of 1.06, indicating that … [+5343 chars]",business
"{'id': None, 'name': 'ETF Daily News'}",MarketBeat News,Head to Head Comparison: AON (NYSE:AON) versus Hannover Ruck (OTCMKTS:HVRRY),"AON (NYSE:AON – Get Free Report) and Hannover Ruck (OTCMKTS:HVRRY – Get Free Report) are both large-cap finance companies, but which is the better investment? We will contrast the two companies based on the strength of their analyst recommendations, risk, ins…",https://www.etfdailynews.com/2025/09/25/head-to-head-comparison-aon-nyseaon-versus-hannover-ruck-otcmktshvrry/,https://www.americanbankingnews.com/wp-content/timthumb/timthumb.php?src=https://www.marketbeat.com/logos/hannover-rück-se-logo-1200x675.png?v=20221103141220&w=240&h=240&zc=2,2025-09-25T06:28:57Z,"AON (NYSE:AON – Get Free Report) and Hannover Ruck (OTCMKTS:HVRRY – Get Free Report) are both large-cap finance companies, but which is the better investment? We will contrast the two companies based… [+5158 chars]",business
"{'id': None, 'name': 'ETF Daily News'}",MarketBeat News,"Zentalis Pharmaceuticals, Inc. (NASDAQ:ZNTL) Receives Consensus Recommendation of “Moderate Buy” from Analysts","Shares of Zentalis Pharmaceuticals, Inc. (NASDAQ:ZNTL – Get Free Report) have received an average recommendation of “Moderate Buy” from the five brokerages that are currently covering the firm, Marketbeat.com reports. Three analysts have rated the stock with …",https://www.etfdailynews.com/2025/09/25/zentalis-pharmaceuticals-inc-nasdaqzntl-receives-consensus-recommendation-of-moderate-buy-from-analysts/,https://www.americanbankingnews.com/wp-content/timthumb/timthumb.php?src=https://www.marketbeat.com/logos/zentalis-pharmaceuticals-inc-logo-1200x675.png?v=20240509152328&w=240&h=240&zc=2,2025-09-25T06:28:57Z,"Shares of Zentalis Pharmaceuticals, Inc. (NASDAQ:ZNTL – Get Free Report) have received an average recommendation of “Moderate Buy” from the five brokerages that are currently covering the firm, Marke… [+4349 chars]",business
"{'id': None, 'name': 'ETF Daily News'}",MarketBeat News,"Cabaletta Bio, Inc. (NASDAQ:CABA) Receives Average Recommendation of “Buy” from Analysts","Cabaletta Bio, Inc. (NASDAQ:CABA – Get Free Report) has been assigned an average rating of “Buy” from the nine research firms that are presently covering the stock, MarketBeat Ratings reports. One equities research analyst has rated the stock with a hold reco…",https://www.etfdailynews.com/2025/09/25/cabaletta-bio-inc-nasdaqcaba-receives-average-recommendation-of-buy-from-analysts/,https://www.americanbankingnews.com/wp-content/timthumb/timthumb.php?src=https://www.marketbeat.com/logos/cabaletta-bio-inc-logo-1200x675.png?v=20240515131150&w=240&h=240&zc=2,2025-09-25T06:28:57Z,"Cabaletta Bio, Inc. (NASDAQ:CABA – Get Free Report) has been assigned an average rating of “Buy” from the nine research firms that are presently covering the stock, MarketBeat Ratings reports. One eq… [+3753 chars]",business
"{'id': None, 'name': 'ETF Daily News'}",MarketBeat News,"Core & Main, Inc. (NYSE:CNM) Receives Average Rating of “Moderate Buy” from Analysts","Shares of Core & Main, Inc. (NYSE:CNM – Get Free Report) have earned a consensus rating of “Moderate Buy” from the ten brokerages that are covering the company, MarketBeat Ratings reports. Four equities research analysts have rated the stock with a hold recom…",https://www.etfdailynews.com/2025/09/25/core-main-inc-nysecnm-receives-average-rating-of-moderate-buy-from-analysts/,https://www.americanbankingnews.com/wp-content/timthumb/timthumb.php?src=https://www.marketbeat.com/logos/core--main-inc-logo-1200x675.png?v=20240119115939&w=240&h=240&zc=2,2025-09-25T06:28:55Z,"Shares of Core &amp; Main, Inc. (NYSE:CNM – Get Free Report) have earned a consensus rating of “Moderate Buy” from the ten brokerages that are covering the company, MarketBeat Ratings reports. Four e… [+5841 chars]",business
"{'id': None, 'name': 'ETF Daily News'}",MarketBeat News,Fiverr International (NYSE:FVRR) Receives Consensus Recommendation of “Moderate Buy” from Analysts,"Shares of Fiverr International (NYSE:FVRR – Get Free Report) have been given an average rating of “Moderate Buy” by the twelve research firms that are covering the stock, Marketbeat Ratings reports. Four equities research analysts have rated the stock with a …",https://www.etfdailynews.com/2025/09/25/fiverr-international-nysefvrr-receives-consensus-recommendation-of-moderate-buy-from-analysts-2/,https://www.americanbankingnews.com/wp-content/timthumb/timthumb.php?src=https://www.marketbeat.com/logos/fiverr-international-ltd-logo-1200x675.png?v=20240521133300&w=240&h=240&zc=2,2025-09-25T06:28:47Z,"Shares of Fiverr International (NYSE:FVRR – Get Free Report) have been given an average rating of “Moderate Buy” by the twelve research firms that are covering the stock, Marketbeat Ratings reports. … [+4623 chars]",business
"{'id': None, 'name': 'ETF Daily News'}",MarketBeat News,Jefferies Financial Group Has Lowered Expectations for Lithium Americas (NYSE:LAC) Stock Price,"Lithium Americas (NYSE:LAC – Free Report) had its target price reduced by Jefferies Financial Group from $8.00 to $7.00 in a report published on Wednesday morning, MarketBeat.com reports. They currently have a buy rating on the stock. Separately, Cormark upgr…",https://www.etfdailynews.com/2025/09/25/jefferies-financial-group-has-lowered-expectations-for-lithium-americas-nyselac-stock-price/,https://www.americanbankingnews.com/wp-content/timthumb/timthumb.php?src=https://www.marketbeat.com/logos/lithium-americas-corp-logo.PNG?v=20210129121017&w=240&h=240&zc=2,2025-09-25T06:26:44Z,"Lithium Americas (NYSE:LAC – Free Report) had its target price reduced by Jefferies Financial Group from $8.00 to $7.00 in a report published on Wednesday morning, MarketBeat.com reports. They curren… [+3137 chars]",business
"{'id': None, 'name': 'ETF Daily News'}",MarketBeat News,Packaging Corporation of America (NYSE:PKG) Coverage Initiated at JPMorgan Chase & Co.,"JPMorgan Chase & Co. initiated coverage on shares of Packaging Corporation of America (NYSE:PKG – Free Report) in a research report released on Wednesday morning, Marketbeat reports. The brokerage issued an overweight rating and a $242.00 target price on the …",https://www.etfdailynews.com/2025/09/25/packaging-corporation-of-america-nysepkg-coverage-initiated-at-jpmorgan-chase-co/,https://www.americanbankingnews.com/wp-content/timthumb/timthumb.php?src=https://www.marketbeat.com/logos/packaging-co-of-america-logo.png?v=20240108101128&w=240&h=240&zc=2,2025-09-25T06:26:44Z,"JPMorgan Chase &amp; Co. initiated coverage on shares of Packaging Corporation of America (NYSE:PKG – Free Report) in a research report released on Wednesday morning, Marketbeat reports. The brokerag… [+5941 chars]",business
"{'id': None, 'name': 'ETF Daily News'}",MarketBeat News,UBS Group Issues Pessimistic Forecast for Conagra Brands (NYSE:CAG) Stock Price,"Conagra Brands (NYSE:CAG – Free Report) had its target price lowered by UBS Group from $20.00 to $19.00 in a report issued on Wednesday morning,Benzinga reports. The brokerage currently has a neutral rating on the stock. A number of other brokerages have also…",https://www.etfdailynews.com/2025/09/25/ubs-group-issues-pessimistic-forecast-for-conagra-brands-nysecag-stock-price/,https://www.americanbankingnews.com/wp-content/timthumb/timthumb.php?src=https://www.marketbeat.com/logos/conagra-brands-inc-logo.jpg?v=20221104063928&w=240&h=240&zc=2,2025-09-25T06:26:43Z,"Conagra Brands (NYSE:CAG – Free Report) had its target price lowered by UBS Group from $20.00 to $19.00 in a report issued on Wednesday morning,Benzinga reports. The brokerage currently has a neutral… [+4912 chars]",business
"{'id': None, 'name': 'ETF Daily News'}",MarketBeat News,Freeport-McMoRan (NYSE:FCX) Cut to “Neutral” at Bank of America,"Bank of America lowered shares of Freeport-McMoRan (NYSE:FCX – Free Report) from a buy rating to a neutral rating in a research report released on Wednesday, MarketBeat reports. They currently have $42.00 price target on the natural resource company’s stock. …",https://www.etfdailynews.com/2025/09/25/freeport-mcmoran-nysefcx-cut-to-neutral-at-bank-of-america/,https://www.americanbankingnews.com/wp-content/timthumb/timthumb.php?src=https://www.marketbeat.com/logos/freeport-mcmoran-inc-logo.jpg?v=20221021152158&w=240&h=240&zc=2,2025-09-25T06:26:43Z,"Bank of America lowered shares of Freeport-McMoRan (NYSE:FCX – Free Report) from a buy rating to a neutral rating in a research report released on Wednesday, MarketBeat reports. They currently have $… [+5228 chars]",business
"{'id': None, 'name': 'ETF Daily News'}",MarketBeat News,Citigroup (NYSE:C) Price Target Raised to $112.00,"Citigroup (NYSE:C – Free Report) had its target price lifted by Truist Financial from $105.00 to $112.00 in a research report report published on Wednesday,Benzinga reports. The firm currently has a buy rating on the stock. C has been the topic of several oth…",https://www.etfdailynews.com/2025/09/25/citigroup-nysec-price-target-raised-to-112-00/,https://www.americanbankingnews.com/wp-content/timthumb/timthumb.php?src=https://www.marketbeat.com/logos/citigroup-inc-logo.png&w=240&h=240&zc=2,2025-09-25T06:26:43Z,"Citigroup (NYSE:C – Free Report) had its target price lifted by Truist Financial from $105.00 to $112.00 in a research report report published on Wednesday,Benzinga reports. The firm currently has a … [+5785 chars]",business
"{'id': None, 'name': 'Yahoo Entertainment'}",Reuters,Nippon Steel sees small gap with Washington over US Steel's golden share authority,TOKYO (Reuters) -There is a small gap between Nippon Steel and the U.S. government over the authority of a golden share tied to its acquisition of U.S. Steel...,https://finance.yahoo.com/news/nippon-steel-sees-small-gap-062635788.html,https://media.zenfs.com/en/reuters-finance.com/b20f8b27048103263aad646b510b377a,2025-09-25T06:26:35Z,"TOKYO (Reuters) -There is a small gap between Nippon Steel and the U.S. government over the authority of a golden share tied to its acquisition of U.S. Steel, the Japanese steelmaker's president said… [+1736 chars]",business
"{'id': None, 'name': 'BBC News'}",Lauren McCann,Henderson 'rejuvenated' by 'exciting' Ulster side,"Ulster's Iain Henderson says that whilst last season ""doesn't sit well"" with him ""there's no reason this season can be so different"" for the province.",https://www.bbc.com/sport/rugby-union/articles/c80gxdydjpno,https://ichef.bbci.co.uk/ace/branded_sport/1200/cpsprodpb/8919/live/3f0c0a40-995c-11f0-aca3-edea9c285f2c.jpg,2025-09-25T06:25:10Z,"There have been a number of new additions to the coaching and playing staff for Ulster ahead of the new campaign as they aim to muscle their way back into the top eight.
Juarno Augustus has been sig… [+1525 chars]",business
"{'id': 'the-times-of-india', 'name': 'The Times of India'}",Global Desk,"Top 10 MBA programs in the world: US schools take six spots in QS 2026 rankings, Wharton ranked number 1","American B-schools are still the best for MBA programs. The latest QS World University Rankings show this. Wharton School is number one in the world. It is the first time since 2020. Harvard, MIT Sloan, and Stanford are also top schools. US schools have great…",https://economictimes.indiatimes.com/news/international/us/top-10-mba-programs-in-the-world-us-schools-take-six-spots-in-qs-2026-rankings-wharton-ranked-number-1/articleshow/124106377.cms,"https://img.etimg.com/thumb/msid-124106611,width-1200,height-630,imgsize-141160,overlay-economictimes/articleshow.jpg",2025-09-25T06:22:19Z,"American business schools continue to display their dominance in global MBA education, securing nearly half of the top 30 spots in the latest QS World University Rankings. The United States leads wit… [+2472 chars]",business
"{'id': None, 'name': 'BBC News'}",,Co-op says cyber attack cost it £206m in revenue,"The retailer's IT networks were infiltrated by hackers in April, leading to payment problems and shortages of goods in shops.",https://www.bbc.com/news/articles/ckgq9dke4e5o,https://ichef.bbci.co.uk/news/1024/branded_news/9490/live/665f80e0-9925-11f0-9a4d-cda90a899290.jpg,2025-09-25T06:21:02Z,"The Co-op has said the cyber attack it suffered earlier this year cost it at least £206m in lost revenues.
The retailer's IT networks were infiltrated by hackers in April, resulted in payment proble… [+621 chars]",business
"{'id': None, 'name': 'Incourage.me'}",Kayla Craig,God Turns Wasteland into Holy Ground,"Sometimes life feels like a wasteland. Maybe you’re holding onto pain from a relationship that didn’t turn out as you hoped. Or perhaps you’re burdened by the death of a dream or discouraged by unanswered prayers. Maybe the daily routine of groceries, bills, …",https://www.incourage.me/2025/09/god-turns-wasteland-into-holy-ground.html,https://www.incourage.me/wp-content/uploads/2025/09/2025-09-25-Craig_TALL.jpg,2025-09-25T06:20:51Z,Sometimes life feels like a wasteland. Maybe youre holding onto pain from a relationship that didnt turn out as you hoped. Or perhaps youre burdened by the death of a dream or discouraged by unanswer… [+3134 chars],business
"{'id': None, 'name': 'The Star Online'}",The Star Online,"Health Ministry proposes adding fresh produce to Sara, says Dzulkefly","CYBERJAYA: The Health Ministry will propose to the Cabinet that fruits and fresh produce be included in the Sumbangan Asas Rahmah (Sara) redemption list to promote healthier eating, said Datuk Seri Dr Dzulkefly Ahmad. Read full story",https://www.thestar.com.my/news/nation/2025/09/25/health-ministry-proposes-adding-fresh-produce-to-sara-says-dzulkefly,https://apicms.thestar.com.my/uploads/images/2025/09/25/3539110.JPG,2025-09-25T06:49:00Z,"CYBERJAYA: The Health Ministry will propose to the Cabinet that fruits and fresh produce be included in the Sumbangan Asas Rahmah (Sara) redemption list to promote healthier eating, said Datuk Seri D… [+2116 chars]",health
"{'id': None, 'name': 'New Atlas'}",Bronwyn Thompson,Apple cider vinegar controversy undermines weight-loss claims,"A headline-grabbing study that helped fuel the apple cider vinegar (ACV) boom has now been pulled from the scientific record, striking a blow to the authors, the wellness community and journal publisher BMJ Group. The research, which claimed that a daily teas…",https://newatlas.com/diet-nutrition/apple-cider-vinegar-controversy/,https://assets.newatlas.com/dims4/default/6f4d72b/2147483647/strip/true/crop/5400x2835+0+383/resize/1200x630!/quality/90/?url=https%3A%2F%2Fnewatlas-brightspot.s3.amazonaws.com%2Fec%2F49%2F418c63364656ac92c97a3c4a7882%2Fdepositphotos-360456462-xl.jpg&na.image_optimisation=0,2025-09-25T06:47:00Z,"A headline-grabbing study that helped fuel the apple cider vinegar (ACV) boom has now been pulled from the scientific record, striking a blow to the authors, the wellness community and journal publis… [+8941 chars]",health
"{'id': None, 'name': 'Protothema.gr'}",Christine Giannou,"Kerameus to ProtoThema: “’13-Hour workday’ is fake news, just like the six-day workweek — Digital work card recorded 1.5 million extra overtime hours”","Minister of Labour and Social Security Niki Kerameus presented the main changes introduced by the new labour bill in an interview with ProtoThema and Giorgos Evgenidis, focusing on the “13-hour workday” regulation and the expansion of the digital work card
Th…",https://en.protothema.gr/2025/09/25/kerameus-to-protothema-13-hour-workday-is-fake-news-just-like-the-six-day-workweek-digital-work-card-recorded-1-5-million-extra-overtime-hours/,https://en.protothema.gr/wp-content/uploads/2025/09/Screenshot-2025-09-25-at-9.45.19-AM.png,2025-09-25T06:46:53Z,"Regarding the 13-hour workday, she explained that this provision applies exclusively to three days per month, requires the workers consent, and prohibits dismissal in case of refusal. She noted that … [+2103 chars]",health
"{'id': None, 'name': 'Freerepublic.com'}",Daily Mail UK,"Star Trek legend William Shatner, 94, rushed to hospital in ambulance after medical emergency","Star Trek legend William Shatner was hospitalized for a medical emergency involving his blood sugar late Wednesday afternoon, sources with direct knowledge said. Shatner, 94, who is beloved by Trekkies as the show's lead character Captain Kirk, is said to hav…",https://freerepublic.com/focus/f-chat/4342519/posts,,2025-09-25T06:46:34Z,"Skip to comments.
Star Trek legend William Shatner, 94, rushed to hospital in ambulance after medical emergencyDaily Mail UK ^
 | September 25, 2025
 | SAMEER SURI
Posted on 09/24/2025 11:46:34 P… [+1799 chars]",health
"{'id': None, 'name': 'ComputerWeekly.com'}",Kim Loohuis,Netherlands establishes cyber resilience network to strengthen public-private digital defence,Network will connect organisations in a cyber crime defence initiative that goes way beyond information sharing,https://www.computerweekly.com/news/366631894/Netherlands-establishes-cyber-resilience-network-to-strengthen-public-private-digital-defence,https://www.computerweekly.com/visuals/LeMagIT/hero_article/security-threat-cyber-attack-1-adobe.jpeg,2025-09-25T06:45:00Z,"The Netherlands has launched a Cyber Resilience Network, a public-private partnership aimed at fundamentally overhauling the nations approach to digital defence.  
The initiative, detailed in a comp… [+7265 chars]",health
"{'id': 'the-times-of-india', 'name': 'The Times of India'}",Faizan Haidar,Housing sale dip by 9% Y-o-Y during July-September in top 7 cities,"Housing sales in the top 7 cities are expected to dip by 9% year-over-year in Q3 2025 due to high prices and geopolitical tensions. Despite the sales volume decline, the total sales value increased by 14%, driven by luxury segment growth.",https://economictimes.indiatimes.com/industry/services/property-/-cstruction/housing-sale-dip-by-9-y-o-y-during-july-september-in-top-7-cities/articleshow/124107146.cms,"https://img.etimg.com/thumb/msid-124107082,width-1200,height-630,imgsize-45870,overlay-economictimes/articleshow.jpg",2025-09-25T06:44:57Z,"Housing sales are expected to dip by 9% Y-o-Y during July-September in top 7 cities, as steep prices, geopolitical tension continue to impact sale in 2025. According to Anarock data, in 2023 and 2024… [+2529 chars]",health
"{'id': None, 'name': 'ETF Daily News'}",MarketBeat News,Nestle SA (OTCMKTS:NSRGY) Receives Consensus Recommendation of “Hold” from Analysts,"Nestle SA (OTCMKTS:NSRGY – Get Free Report) has earned an average recommendation of “Hold” from the six analysts that are covering the firm, MarketBeat reports. One equities research analyst has rated the stock with a sell rating, four have given a hold ratin…",https://www.etfdailynews.com/2025/09/25/nestle-sa-otcmktsnsrgy-receives-consensus-recommendation-of-hold-from-analysts/,https://www.americanbankingnews.com/wp-content/timthumb/timthumb.php?src=https://www.marketbeat.com/logos/nestlé-sa-logo-1200x675.png?v=20221020142936&w=240&h=240&zc=2,2025-09-25T06:44:56Z,"Nestle SA (OTCMKTS:NSRGY – Get Free Report) has earned an average recommendation of “Hold” from the six analysts that are covering the firm, MarketBeat reports. One equities research analyst has rate… [+3090 chars]",health
"{'id': None, 'name': 'ETF Daily News'}",MarketBeat News,GelStat (OTCMKTS:GSAC) and Prelude Therapeutics (NASDAQ:PRLD) Head to Head Review,"Prelude Therapeutics (NASDAQ:PRLD – Get Free Report) and GelStat (OTCMKTS:GSAC – Get Free Report) are both small-cap medical companies, but which is the superior stock? We will compare the two companies based on the strength of their analyst recommendations, …",https://www.etfdailynews.com/2025/09/25/gelstat-otcmktsgsac-and-prelude-therapeutics-nasdaqprld-head-to-head-review/,https://www.americanbankingnews.com/wp-content/timthumb/timthumb.php?src=https://www.marketbeat.com/logos/gelstat-corp-logo-1200x675.png&w=240&h=240&zc=2,2025-09-25T06:44:53Z,"Prelude Therapeutics (NASDAQ:PRLD – Get Free Report) and GelStat (OTCMKTS:GSAC – Get Free Report) are both small-cap medical companies, but which is the superior stock? We will compare the two compan… [+4735 chars]",health
"{'id': None, 'name': 'Biztoc.com'}",theguardian.com,"The truth behind Trump's claims about autism and paracetamol, or Tylenol – video","Global health agencies and regulators have dismissed unscientific advice from Donald Trump, who made an unproven link between autism and the use of everyday painkillers and vaccines. But the science wasn’t the only problem with that press conference. Matilda …",https://biztoc.com/x/97eb20779374b485,https://biztoc.com/cdn/97eb20779374b485_s.webp,2025-09-25T06:42:22Z,"Global health agencies and regulators have dismissed unscientific advice from Donald Trump, who made an unproven link between autism and the use of everyday painkillers and vaccines. But the science … [+145 chars]",health
"{'id': None, 'name': 'Lse.ac.uk'}",,Models of oversight systems to regulate assisted dying,"Haitink, Patricia and Jackson, Emily ORCID: 0000-0002-2052-2776 (2025) Models of oversight systems to regulate assisted dying. In: White, Ben P., (ed.) Research Handbook on Voluntary Assisted Dying Law, Regulation and Practice. Research Handbooks in Health an…",http://eprints.lse.ac.uk/129595/,,2025-09-25T06:42:02Z,"Haitink, Patricia and Jackson, EmilyORCID: 0000-0002-2052-2776 
(2025)
Models of oversight systems to regulate assisted dying.
In: White, Ben P., (ed.)
 Research Handbook on Voluntary Assisted Dy… [+953 chars]",health
"{'id': None, 'name': 'ETF Daily News'}",MarketBeat News,Jamieson Wellness (OTCMKTS:JWLLF) Trading Down 1.5% – Should You Sell?,"Shares of Jamieson Wellness Inc. (OTCMKTS:JWLLF – Get Free Report) traded down 1.5% during trading on Wednesday . The company traded as low as $26.38 and last traded at $26.38. 2,805 shares changed hands during trading, a decline of 25% from the average sessi…",https://www.etfdailynews.com/2025/09/25/jamieson-wellness-otcmktsjwllf-trading-down-1-5-should-you-sell/,https://www.americanbankingnews.com/wp-content/timthumb/timthumb.php?src=https://www.marketbeat.com/logos/jamieson-wellness-inc-logo-1200x675.png?v=20250509054403&w=240&h=240&zc=2,2025-09-25T06:40:48Z,"Shares of Jamieson Wellness Inc. (OTCMKTS:JWLLF – Get Free Report) traded down 1.5% during trading on Wednesday . The company traded as low as $26.38 and last traded at $26.38. 2,805 shares changed h… [+1562 chars]",health
"{'id': 'the-times-of-india', 'name': 'The Times of India'}",ET Online,What does Bollywood's famous astrologer charge for a 10-minute consultation? He claims Ajay Devgn entered Rs 500 crore club after name change,"Bollywood stars often seek guidance from astrologers and numerologists for career and personal decisions. Sanjay B. Jumaani, a renowned numerologist, recently claimed his advice helped Ajay Devgn's career. Jumaani offers various consultation packages, advisin…",https://economictimes.indiatimes.com/magazines/panache/what-does-bollywoods-famous-astrologer-charge-for-a-10-minute-consultation-he-claims-ajay-devgn-entered-rs-500-crore-club-after-name-change/articleshow/124106218.cms,"https://img.etimg.com/thumb/msid-124107245,width-1200,height-630,imgsize-81588,overlay-etpanache/articleshow.jpg",2025-09-25T06:40:05Z,"Astrology and Bollywood have shared a close bond for decades. From choosing auspicious release dates for films to changing spellings of names and titles, reportedly, many in the Hindi film industry r… [+2825 chars]",health
"{'id': 'the-times-of-india', 'name': 'The Times of India'}",Reuters,Japan's 40-year bond yield drops to over a month low after strong auction,Japan's 40-year bond yield decreased to a one-month low. This happened after strong demand at an auction. Easing concerns about Japan's public finances supported this. The auction received bids 2.6 times the amount sold. Super-long JGB yields have been fallin…,https://economictimes.indiatimes.com/markets/bonds/japans-40-year-bond-yield-drops-to-over-a-month-low-after-strong-auction/articleshow/124107013.cms,"https://img.etimg.com/thumb/msid-124107077,width-1200,height-630,imgsize-409410,overlay-etmarkets/articleshow.jpg",2025-09-25T06:39:08Z,"Japan's 40-year bond yield tanked to a more than one-month low on Thursday after an auction saw strong demand, underpinned by easing concerns around the nation's public finances.The 40-year JGB yield… [+1791 chars]",health
"{'id': 'the-times-of-india', 'name': 'The Times of India'}",PTI,S&P assigns 'BBB-' rating to Bank of Maharashtra on strong financial parameters,"S&P Global Ratings has assigned Bank of Maharashtra a 'BBB-' rating with a 'Stable' outlook, highlighting the bank's strong financial health and governance. This investment-grade rating, three notches above Fitch's, is expected to lower funding costs and impr…",https://economictimes.indiatimes.com/industry/banking/finance/banking/sp-assigns-bbb-rating-to-bank-of-maharashtra-on-strong-financial-parameters/articleshow/124107002.cms,"https://img.etimg.com/thumb/msid-124107025,width-1200,height-630,imgsize-12910,overlay-economictimes/articleshow.jpg",2025-09-25T06:38:31Z,"State-owned Bank of Maharashtra (BoM) on Thursday said global rating agency S&amp;P has assigned it 'BBB-' rating with a 'Stable' outlook, underscoring the bank's strong financial fundamentals.The in… [+1471 chars]",health
"{'id': None, 'name': 'Slashdot.org'}",feedfeeder,"William Shatner Suffers Medical Emergency, Rushed to Hospital - TMZ","William Shatner Suffers Medical Emergency, Rushed to HospitalTMZ ‘Star Trek’ icon William Shatner rushed to hospital after suffering medical emergency at LA homeNew York Post Emma Watson Breaks Down Over ‘Bone-Breakingly Painful’ Hollywood StrugglesThe Daily …",https://slashdot.org/firehose.pl?op=view&amp;id=179526770,,2025-09-25T06:32:31Z,The Fine Print: The following comments are owned by whoever posted them. We are not responsible for them in any way.,health
"{'id': 'abc-news-au', 'name': 'ABC News (AU)'}",ABC News,SA government grapples with whether it should issue daily bloom updates during summer,"South Australia's Premier says the government is grappling with whether it should give daily updates on the bloom's location during summer, and says it has been ""actively engaged"" in conversations with the federal government since its emergence.",https://www.abc.net.au/news/2025-09-25/algal-bloom-persists-on-adelaide-metropolitan-beaches/105815614,https://live-production.wcms.abc-cdn.net.au/bf668cb18cf04d16061f5df27bd9e7bf?impolicy=wcms_watermark_news&cropH=2592&cropW=4608&xPos=0&yPos=0&width=862&height=485&imformat=generic,2025-09-25T06:31:33Z,"South Australia's Premier says the government is grappling with whether it should give daily updates on the bloom's location during summer, and says it has been ""actively engaged"" in conversations wi… [+5227 chars]",health
"{'id': None, 'name': 'Biztoc.com'}",theweek.com,Climate change is making us eat more sugar,"Climate change may be giving us a sweet tooth. New research shows there has been an increase in sugar consumption as temperatures rise. This poses a risk to public health, as people are drawn to low-nutrient soft drinks in an effort to stay cool.
Sugar, we’re…",https://biztoc.com/x/bac8ba140241e796,https://biztoc.com/cdn/bac8ba140241e796_s.webp,2025-09-25T06:31:22Z,"Climate change may be giving us a sweet tooth. New research shows there has been an increase in sugar consumption as temperatures rise. This poses a risk to public health, as people are drawn to low-… [+142 chars]",health
"{'id': None, 'name': 'Geeky Gadgets'}",Roland Hutchinson,Fixing iOS 26 Battery Drain and Overheating: A Complete Guide,"The release of iOS 26 has brought a wave of unexpected challenges for many iPhone users, including rapid battery drain, overheating, and screen unresponsiveness. These issues extend beyond the typical adjustment period that follows a major software update, le…",https://www.geeky-gadgets.com/iios-26-battery-drain/,https://www.geeky-gadgets.com/wp-content/uploads/2025/09/iphone-battery-drain-ios-26-update_optimized.jpg,2025-09-25T06:30:48Z,"The release of iOS 26 has brought a wave of unexpected challenges for many iPhone users, including rapid battery drain, overheating, and screen unresponsiveness. These issues extend beyond the typica… [+5511 chars]",health
"{'id': None, 'name': 'Whitecoatinvestor.com'}",Megan Scott,The Resident Episode,"Answering questions from the residents in the audience who are wondering about saving vs. investing, buying houses, physician loans, and Roth IRAs. 
The post The Resident Episode appeared first on The White Coat Investor - Investing & Personal Finance for Doc…",https://www.whitecoatinvestor.com/the-resident-episode-438/,https://www.whitecoatinvestor.com/wp-content/uploads/2025/09/The-Resident-Episode-438.png,2025-09-25T06:30:35Z,"Our host today is our friend, Dr. Margaret Curtis. She is answering questions from the residents in the audience. We discuss saving vs. investing, buying houses, physician loans, and Roth IRAs. Then … [+13637 chars]",health
"{'id': None, 'name': 'Creative Boom'}",Garrick Webster,Deliciously Drawn: Five food illustrators who'll make you hungry,"Have a snack handy because the artists we're looking at today specialise in making people hungry.

Like feeling the breeze on your face or the kick of a bass drum through your soul, the taste and t...",https://www.creativeboom.com/inspiration/in-focus-five-fabulous-food-illustrators/,https://www.creativeboom.com/upload/articles/58/582b9e9473431e3bb3ca8f3212a641b89db0863d_800.jpg,2025-09-25T06:30:00Z,"Like feeling the breeze on your face or the kick of a bass drum through your soul, the taste and texture of food is something everyone can relate to. Enjoying a meal is an integral part of what it me… [+8549 chars]",health
"{'id': None, 'name': 'Boredpanda.com'}",Dominyka Proškėnaitė,"Husband Poses As Pregnant Wife To Message Her Ex, Calls It A “Loyalty Test”",Can a relationship survive deceit this deep?,https://www.boredpanda.com/husband-catfishes-pregnant-wife-ex-test-loyalty/,https://www.boredpanda.com/blog/wp-content/uploads/2025/09/husband-catfishes-pregnant-wife-ex-test-loyalty-fb.png,2025-09-25T06:29:57Z,"What a beautiful phrase, to fall in love. It highlights that in order to experience the most powerful feeling the human experience has to offer, you need to let go of control and fully trust another … [+9051 chars]",health
"{'id': 'the-times-of-india', 'name': 'The Times of India'}",ET Online,"GST reforms will continue, PM Modi says","Prime Minister Narendra Modi emphasized the advantages of lowered GST rates and affirmed the ongoing nature of GST reforms to bolster India's economic growth. He highlighted that these structural reforms will simplify GST registration, reduce tax disputes, an…",https://economictimes.indiatimes.com/news/economy/policy/gst-reforms-will-continue-pm-modi-says/articleshow/124106356.cms,"https://img.etimg.com/thumb/msid-124106645,width-1200,height-630,imgsize-138742,overlay-economictimes/articleshow.jpg",2025-09-25T06:25:53Z,"Prime Minister Narendra Modi on Thursday reiterated that GST reforms will continue further, highlighting the benefits of new GST rate cut.""We have increased the income and savings of the people of In… [+1404 chars]",health
"{'id': 'rte', 'name': 'RTE'}",RTÉ News,Chickenpox vaccine to be made free for children aged one,The Health Service Executive has announced that the chickenpox vaccine will be made available free of charge for all babies born on or after 1 October last year.,https://www.rte.ie/news/health/2025/0925/1535218-chickenpox-vaccine/,https://www.rte.ie/images/00233860-1600.jpg,2025-09-25T06:19:43Z,"The Health Service Executive has announced that the chickenpox vaccine will be made available free of charge for all babies born on or after 1 October last year.
The vaccine will be available once a… [+1528 chars]",health
"{'id': None, 'name': 'The Local Germany'}",Tom Pugh,Today in Germany: A roundup of the latest news on Thursday,"The Bundestag is set to vote on judges at the Federal Constitutional Court, German Chancellor defends his reform agenda, business sentiment dropped suddenly in September and more news on Thursday, September 25th.",https://www.thelocal.de/20250925/today-in-germany-a-roundup-of-the-latest-news-on-thursday-89,https://assets.thelocal.com/cdn-cgi/rs:fit:1200/quality:75/plain/https://apiwp.thelocal.com/wp-content/uploads/2025/09/watermarks-logo-AFP__20250924__76KL7YD__v1__MidRes__GermanyPoliticsBudget.jpg@webp,2025-09-25T06:18:33Z,"The Bundestag is set to vote on judges at the Federal Constitutional Court, German Chancellor defends his reform agenda, business sentiment dropped suddenly in September and more news on Thursday, Se… [+7320 chars]",health
"{'id': None, 'name': 'Breaking NEWS in KENYA for Today Right Now & Kenyan News | TUKO'}",William Osoro,Azziad Nasenya: Video of TikToker’s Fancy Kileleshwa Home Surfaces After Getting Auctioned,"Footage of Azziad Nasenya’s Kileleshwa home resurfaced online as the apartment went up for auction, sparking mixed reactions and offers of support from fans.",https://www.tuko.co.ke/entertainment/celebrities/604210-azziad-nasenya-video-tiktokers-fancy-home-surfaces-auctioned/,https://cdn.tuko.co.ke/images/1200x675/ff03886080099c95.jpeg?v=1,2025-09-25T06:16:52Z,"<ul><li>Azziad Nasenyas Kileleshwa apartment has attracted attention after footage of the home resurfaced online amid news of its auction</li><li>The property, located at Platinum Oak Residency, boas… [+3684 chars]",health
"{'id': None, 'name': 'ETF Daily News'}",MarketBeat News,"LifeStance Health Group, Inc. (NASDAQ:LFST) Given Average Rating of “Moderate Buy” by Brokerages","LifeStance Health Group, Inc. (NASDAQ:LFST – Get Free Report) has been given an average recommendation of “Moderate Buy” by the seven ratings firms that are covering the stock, Marketbeat.com reports. One investment analyst has rated the stock with a sell rec…",https://www.etfdailynews.com/2025/09/25/lifestance-health-group-inc-nasdaqlfst-given-average-rating-of-moderate-buy-by-brokerages/,https://www.americanbankingnews.com/wp-content/timthumb/timthumb.php?src=https://www.marketbeat.com/logos/lifestance-health-group-inc-logo-1200x675.jpg?v=20221128112745&w=240&h=240&zc=2,2025-09-25T06:12:45Z,"LifeStance Health Group, Inc. (NASDAQ:LFST – Get Free Report) has been given an average recommendation of “Moderate Buy” by the seven ratings firms that are covering the stock, Marketbeat.com reports… [+5688 chars]",health
"{'id': None, 'name': 'Economictimes.com'}",ET Online,Mallika Sherawat’s proven fitness strategy for strength and glow at 48,"In today’s world of viral fitness trends and quick-fix diets, many look for shortcuts to stay toned. Bollywood actress Mallika Sherawat has consistently drawn attention for her fit physique. In a recent Instagram post, she shared the approach that keeps her h…",https://m.economictimes.com/news/india/mallika-sherawats-proven-fitness-strategy-for-strength-and-glow-at-48/the-iyengar-yoga-routine-that-keeps-mallika-sherawat-in-shape/slideshow/124106436.cms,"https://img.etimg.com/thumb/msid-124106436,width-1070,height-580,overlay-economictimes/slideshow.jpg",2025-09-25T06:12:31Z,"Sep 25, 2025, 11:43:52 AM IST
In today’s world of viral fitness trends
 and quick-fix diets, many look for shortcuts to stay toned. Bollywood actress Mallika Sherawat
 has consistently drawn atten… [+2978 chars]",health
"{'id': None, 'name': 'ETF Daily News'}",MarketBeat News,Shore Capital Reaffirms “House Stock” Rating for Anpario (LON:ANP),"Anpario (LON:ANP – Get Free Report)‘s stock had its “house stock” rating reissued by equities research analysts at Shore Capital in a research note issued to investors on Tuesday, MarketBeat.com reports. Anpario Stock Down 0.9% ANP opened at GBX 497.45 on Tue…",https://www.etfdailynews.com/2025/09/25/shore-capital-reaffirms-house-stock-rating-for-anpario-lonanp/,https://www.americanbankingnews.com/wp-content/timthumb/timthumb.php?src=https://www.marketbeat.com/logos/anpario-plc-logo-1200x675.png&w=240&h=240&zc=2,2025-09-25T06:10:56Z,"Anpario (LON:ANP – Get Free Report)‘s stock had its “house stock” rating reissued by equities research analysts at Shore Capital in a research note issued to investors on Tuesday, MarketBeat.com repo… [+1680 chars]",health
"{'id': None, 'name': 'ETF Daily News'}",MarketBeat News,Kooth (LON:KOO) Price Target Lowered to GBX 430 at Canaccord Genuity Group,"Kooth (LON:KOO – Get Free Report) had its price target cut by Canaccord Genuity Group from GBX 490 to GBX 430 in a note issued to investors on Tuesday, Marketbeat.com reports. The firm presently has a “buy” rating on the stock. Canaccord Genuity Group’s price…",https://www.etfdailynews.com/2025/09/25/kooth-lonkoo-price-target-lowered-to-gbx-430-at-canaccord-genuity-group/,https://www.americanbankingnews.com/wp-content/timthumb/timthumb.php?src=https://www.marketbeat.com/logos/kooth-plc-logo-1200x675.png?v=20230106073246&w=240&h=240&zc=2,2025-09-25T06:10:55Z,"Kooth (LON:KOO – Get Free Report) had its price target cut by Canaccord Genuity Group from GBX 490 to GBX 430 in a note issued to investors on Tuesday, Marketbeat.com reports. The firm presently has … [+1782 chars]",health
"{'id': None, 'name': 'ETF Daily News'}",MarketBeat News,System1 Group (LON:SYS1) Lowered to “Speculative Buy” Rating by Canaccord Genuity Group,"System1 Group (LON:SYS1 – Get Free Report) was downgraded by research analysts at Canaccord Genuity Group to a “speculative buy” rating in a report issued on Tuesday, Marketbeat Ratings reports. They currently have a GBX 550 price objective on the stock, down…",https://www.etfdailynews.com/2025/09/25/system1-group-lonsys1-lowered-to-speculative-buy-rating-by-canaccord-genuity-group/,https://www.americanbankingnews.com/wp-content/timthumb/timthumb.php?src=https://www.marketbeat.com/logos/system1-group-plc-logo-1200x675.jpg?v=20220222082218&w=240&h=240&zc=2,2025-09-25T06:10:54Z,"System1 Group (LON:SYS1 – Get Free Report) was downgraded by research analysts at Canaccord Genuity Group to a “speculative buy” rating in a report issued on Tuesday, Marketbeat Ratings reports. They… [+2001 chars]",health
"{'id': None, 'name': 'ETF Daily News'}",MarketBeat News,B. Riley Forecasts Strong Price Appreciation for Harrow (NASDAQ:HROW) Stock,"Harrow (NASDAQ:HROW – Get Free Report) had its target price lifted by stock analysts at B. Riley from $65.00 to $70.00 in a note issued to investors on Tuesday,Benzinga reports. The firm presently has a “buy” rating on the stock. B. Riley’s target price sugge…",https://www.etfdailynews.com/2025/09/25/b-riley-forecasts-strong-price-appreciation-for-harrow-nasdaqhrow-stock/,https://www.americanbankingnews.com/wp-content/timthumb/timthumb.php?src=https://www.marketbeat.com/logos/harrow-inc-logo-1200x675.jpg?v=20240522160758&w=240&h=240&zc=2,2025-09-25T06:10:51Z,"Harrow (NASDAQ:HROW – Get Free Report) had its target price lifted by stock analysts at B. Riley from $65.00 to $70.00 in a note issued to investors on Tuesday,Benzinga reports. The firm presently ha… [+4351 chars]",health
"{'id': None, 'name': 'The Conversation Africa'}","Nicholas Wood, Professor, The Children's Hospital at Westmead Clinical School and Sydney Infectious Diseases Institute, University of Sydney, Kristine Macartney, Professor, Discipline of Paediatrics and Child Health, University of Sydney, Lucy Deng, Paediatrician, National Centre for Immunisation Research and Surveillance; Clinical Senior Lecturer, Children's Hospital Westmead Clinical School, University of Sydney",Babies can get hepatitis B at birth. Here’s why Trump is wrong about delaying the vaccine,"If a newborn is exposed to hepatitis B at birth, there’s a 90% chance they’ll develop a lifelong infection.",https://theconversation.com/babies-can-get-hepatitis-b-at-birth-heres-why-trump-is-wrong-about-delaying-the-vaccine-265970,https://images.theconversation.com/files/692805/original/file-20250924-56-8mlrt0.jpg?ixlib=rb-4.1.0&rect=0%2C440%2C5243%2C2621&q=45&auto=format&w=1356&h=668&fit=crop,2025-09-25T06:10:17Z,"Cavan Images/Getty
United States President Donald Trump this week claimed children should not be vaccinated against hepatitis B until they are 12 years old, rather than at birth. He also said the vi… [+5601 chars]",health
"{'id': None, 'name': 'Times of Malta'}",Contributors,"Tiny warriors, big battles","In neonatal intensive care, the baby is not just a patient requiring medical care. That baby is the hopes and dreams of a loving family, says Ryan Farrugia",https://timesofmalta.com/article/tiny-warriors-big-battles.1116732,https://cdn-attachments.timesofmalta.com/5f2abf3d8620ad363ac5c21bc5cdd1c5b04f2458-1758715518-c475ba7a-1200x630.jpg,2025-09-25T06:05:00Z,"The birth of a newborn is among life’s most joyful moments. Yet, for some parents that joy is shadowed by fear and anxiety when their baby needs to be transferred at birth into neonatal intensive car… [+4609 chars]",health
"{'id': None, 'name': 'ETF Daily News'}",MarketBeat News,Option Care Health’s (OPCH) “Outperform” Rating Reiterated at Barrington Research,"Option Care Health (NASDAQ:OPCH – Get Free Report)‘s stock had its “outperform” rating reaffirmed by analysts at Barrington Research in a research note issued to investors on Tuesday,Benzinga reports. They presently have a $38.00 target price on the stock. Ba…",https://www.etfdailynews.com/2025/09/25/option-care-healths-opch-outperform-rating-reiterated-at-barrington-research/,https://www.americanbankingnews.com/wp-content/timthumb/timthumb.php?src=https://www.marketbeat.com/logos/option-care-health-inc-logo-1200x675.png?v=20240206085412&w=240&h=240&zc=2,2025-09-25T06:04:44Z,"Option Care Health (NASDAQ:OPCH – Get Free Report)‘s stock had its “outperform” rating reaffirmed by analysts at Barrington Research in a research note issued to investors on Tuesday,Benzinga reports… [+5540 chars]",health
"{'id': None, 'name': 'ETF Daily News'}",MarketBeat News,Evercore ISI Issues Pessimistic Forecast for Dollar Tree (NASDAQ:DLTR) Stock Price,"Dollar Tree (NASDAQ:DLTR – Get Free Report) had its price objective dropped by analysts at Evercore ISI from $108.00 to $105.00 in a research report issued on Tuesday,Benzinga reports. The brokerage presently has an “in-line” rating on the stock. Evercore ISI…",https://www.etfdailynews.com/2025/09/25/evercore-isi-issues-pessimistic-forecast-for-dollar-tree-nasdaqdltr-stock-price/,https://www.americanbankingnews.com/wp-content/timthumb/timthumb.php?src=https://www.marketbeat.com/logos/dollar-tree-inc-logo-1200x675.jpg?v=20240202151255&w=240&h=240&zc=2,2025-09-25T06:04:43Z,"Dollar Tree (NASDAQ:DLTR – Get Free Report) had its price objective dropped by analysts at Evercore ISI from $108.00 to $105.00 in a research report issued on Tuesday,Benzinga reports. The brokerage … [+6129 chars]",health
"{'id': None, 'name': 'New Atlas'}",Paul McClure,Promising anti-aging drug fails to live up to the hype,"Animal studies say rapamycin can slow aging – but does it work in humans? A new review finds the evidence for the off-label, low-dose use of the drug in healthy adults is thin, inconsistent, and far from conclusive.Continue ReadingCategory: Aging Well, Wellne…",https://newatlas.com/aging/rapamycin-anti-aging-review-human-studies/,https://assets.newatlas.com/dims4/default/54c1865/2147483647/strip/true/crop/2000x1050+0+38/resize/1200x630!/quality/90/?url=https%3A%2F%2Fnewatlas-brightspot.s3.amazonaws.com%2F2d%2F0f%2Ff2d9f3894223bafb841cfff17f25%2Fdepositphotos-7808208-l.jpg&na.image_optimisation=0,2025-09-25T06:03:00Z,"Animal studies say rapamycin can slow aging but does it work in humans? A new review finds the evidence for the off-label, low-dose use of the drug in healthy adults is thin, inconsistent, and far fr… [+4222 chars]",health
"{'id': None, 'name': 'TheJournal.ie'}",Ciaran Brennan,Opinion: The idea that cars give us freedom is a myth sold by advertisers,"Car makers peddle the idea that cars signify freedom, but they really aren’t the solution to our transport problems, writes Ciaran Brennan.",https://www.thejournal.ie/readme/idea-cars-give-freedom-myth-opinion-ciaran-brennan-6817872-Sep2025/,https://img2.thejournal.ie/article/6817872/river/?height=400&version=6818370,2025-09-25T06:00:16Z,"IRELAND HAS A love affairs with cars.
Car ownerships are rising. In June, new car registrations were up 63.5% compared with the same period the previous year and 3.5% year-to-date. The figures for A… [+5739 chars]",health
"{'id': None, 'name': 'Naturalnews.com'}",Finn Heartley,Trump and Putin push for Ukraine peace deal as Zelensky clings to power â will diplomacy prevail?,"Trump-Putin Alignment: Trump has shifted from demanding an immediate ceasefire to pursuing a broader diplomatic deal, recognizing Russia’s military dominance and Ukraine’s weakening position, while Putin shows openness to talks if Ukraine abandons NATO ambiti…",https://www.naturalnews.com/2025-09-25-trump-and-putin-push-for-ukraine-peace-deal-as-zelensky-clings-to-power.html,https://www.naturalnews.com/wp-content/uploads/sites/91/2025/09/2025-09-24-BBN-Interview-with-McGovern.jpg,2025-09-25T06:00:00Z,"<ul><li>Trump-Putin Alignment: Trump has shifted from demanding an immediate ceasefire to pursuing a broader diplomatic deal, recognizing Russias military dominance and Ukraines weakening position, w… [+4836 chars]",health
"{'id': None, 'name': 'Naturalnews.com'}",Ramon Tomey,Canadian children’s author plansÂ to undergo EUTHANASIA amid dementia battle,"Beloved Canadian children’s author Robert Munsch, 80, plans to undergo medically assisted death – approved under Canada’s euthanasia laws – as his dementia progresses. Diagnosed with dementia and Parkinson’s, Munsch fears losing his mind and independence. Pro…",https://www.naturalnews.com/2025-09-25-canadian-author-plans-undergo-medically-assisted-suicide.html,https://www.naturalnews.com/wp-content/uploads/sites/91/2025/09/Euthanasia.jpg,2025-09-25T06:00:00Z,"<ul><li>Beloved Canadian children's author Robert Munsch, 80, plans to undergo medically assisted death approved under Canada's euthanasia laws as his dementia progresses.</li><li>Diagnosed with deme… [+4605 chars]",health
"{'id': None, 'name': 'Naturalnews.com'}",Ava Grace,A deadly resurgence: Congo’s latest Ebola outbreak tests global health systems,"A significant and deadly Ebola outbreak is occurring in the Democratic Republic of the Congo’s Kasai province, with a rapid 63 percent increase in fatalities over three days, including the deaths of healthcare workers. The epicenter is the Bulape health zone,…",https://www.naturalnews.com/2025-09-25-congos-latest-ebola-outbreak-tests-global-health-systems.html,https://www.naturalnews.com/wp-content/uploads/sites/91/2025/09/Ebola-Virus-Definition.jpg,2025-09-25T06:00:00Z,"<ul><li>A significant and deadly Ebola outbreak is occurring in the Democratic Republic of the Congo's Kasai province, with a rapid 63 percent increase in fatalities over three days, including the de… [+6337 chars]",health
"{'id': None, 'name': 'Naturalnews.com'}",Evangelyn Rodriguez,Urinary stones: Tips for prevention and holistic relief,"Urinary stones develop from crystallized minerals (calcium oxalate, uric acid) in concentrated urine, causing severe pain, nausea, vomiting and blood in urine. Dehydration, high-oxalate diets, excessive vitamin D and thyroid meds, processed sugars, animal pro…",https://www.naturalnews.com/2025-09-25-tips-for-prevention-holistic-relief-urinary-stones.html,https://www.naturalnews.com/wp-content/uploads/sites/91/2025/09/kidneys-1.jpg,2025-09-25T06:00:00Z,"<ul><li>Urinary stones develop from crystallized minerals (calcium oxalate, uric acid) in concentrated urine, causing severe pain, nausea, vomiting and blood in urine.</li><li>Dehydration, high-oxala… [+5513 chars]",health
"{'id': None, 'name': 'The Week Magazine'}","theweekonlineeditors@futurenet.com (Devika Rao, The Week US) , Devika Rao, The Week US",Climate change is making us eat more sugar,Sweets make the heat feel more manageable,https://theweek.com/health/climate-change-sugar-consumption-increase,https://cdn.mos.cms.futurecdn.net/fgXZZpACuRvXhfz98ZGJ2b.jpg,2025-09-25T06:00:00Z,"Climate change may be giving us a sweet tooth. New research shows there has been an increase in sugar consumption as temperatures rise. This poses a risk to public health, as people are drawn to low-… [+3565 chars]",health
"{'id': None, 'name': 'Naturalnews.com'}",Kevin Hughes,Gary Null’s âSupercharge Your Healthâ unlocks the secrets to vibrant health,"Gary Null emphasizes that individuals must take charge of their health by making conscious choices in diet, exercise and lifestyle. This approach is crucial in today’s fast-paced world where convenience often overshadows nutrition and sedentary habits prevail…",https://www.naturalnews.com/2025-09-25-supercharge-your-health-unlocks-secrets-vibrant-health.html,https://www.naturalnews.com/wp-content/uploads/sites/91/2025/09/Eating-Fiber-Health-Nutrition-Supplements-Water-Apple.jpg,2025-09-25T06:00:00Z,"<ul><li>Gary Null emphasizes that individuals must take charge of their health by making conscious choices in diet, exercise and lifestyle. This approach is crucial in today's fast-paced world where … [+7060 chars]",health
"{'id': None, 'name': 'Naturalnews.com'}",Cassie B.,"Air pollution is silently destroying childrenâs eyesight, driving surge in myopia","A new study links air pollution to rising childhood nearsightedness. Nitrogen dioxide and PM2.5 are identified as key culprits damaging children’s developing eyes. Younger children are most vulnerable, indicating a critical window for intervention. Reducing t…",https://www.naturalnews.com/2025-09-25-air-pollution-eyesight-surge-myopia.html,https://www.naturalnews.com/wp-content/uploads/sites/91/2025/09/Child-Girl-Glasses-Eye-Vision-Test.jpg,2025-09-25T06:00:00Z,<ul><li>A new study links air pollution to rising childhood nearsightedness.</li><li>Nitrogen dioxide and PM2.5 are identified as key culprits damaging children's developing eyes.</li><li>Younger chi… [+4302 chars],health
"{'id': None, 'name': 'Naturalnews.com'}",Finn Heartley,"Growing coalition challenges Israel at ICJ over Gaza, as regional and global powers monitor escalation","Spain deploys warship – Spain sent the Fuhrer P-46 to protect humanitarian flotillas attempting to deliver aid to Gaza, signaling defiance against Israel’s blockade and bombardment of starving Palestinians. Indonesia pledges troops – The Muslim-majority natio…",https://www.naturalnews.com/2025-09-25-growing-coalition-challenges-israel-at-icj-over-gaza.html,https://www.naturalnews.com/wp-content/uploads/sites/91/2025/09/2025-09-25-BBN-MILITARY-INTERVENTION.jpg,2025-09-25T06:00:00Z,"<ul><li>Spain deploys warship Spain sent the Fuhrer P-46 to protect humanitarian flotillas attempting to deliver aid to Gaza, signaling defiance against Israels blockade and bombardment of starving P… [+4591 chars]",health
"{'id': None, 'name': 'Naturalnews.com'}",Belle Carter,A revolutionary approach to health and weight loss: “Smart Fat” by Dr. Steven Masley and Dr. Jonny Bowden,"Dr. Steven Masley and Dr. Jonny Bowden challenge conventional dietary wisdom with their book “Smart Fat: Eat More Fat. Lose More Weight. Get Healthy Now,” advocating for a scientifically-backed approach that emphasizes the importance of consuming the right ty…",https://www.naturalnews.com/2025-09-25-smart-fat-by-steven-masley-jonny-bowden.html,https://www.naturalnews.com/wp-content/uploads/sites/91/2025/09/Fat-Healthy-Avocado-Fish-Egg-Oil-Olive.jpg,2025-09-25T06:00:00Z,"<ul><li>Dr. Steven Masley and Dr. Jonny Bowden challenge conventional dietary wisdom with their book ""Smart Fat: Eat More Fat. Lose More Weight. Get Healthy Now,"" advocating for a scientifically-back… [+5725 chars]",health
"{'id': None, 'name': 'Naturalnews.com'}",S.D. Wells,The Vaccine âTITANTICâ is SINKING as the autism link is coming to the surface like a huge glacier thatâs been buried for decades,"Oh, the holy grail of medicine, vaccines, may not be “all that” after all, and the vaccine cult is coming apart at the seams as they are forced to reconsider their faith-based medicine protocol. Yes, the “safe and effective” ship is sinking, and the pro-jab f…",https://www.naturalnews.com/2025-09-25-vaccine-titantic-is-sinking-autism-link-is-coming-to-surface.html,https://www.naturalnews.com/wp-content/uploads/sites/91/2025/09/titantic.jpg,2025-09-25T06:00:00Z,"Oh, the holy grail of medicine, vaccines, may not be all that after all, and the vaccine cult is coming apart at the seams as they are forced to reconsider their faith-based medicine protocol. Yes, t… [+5068 chars]",health
"{'id': None, 'name': 'Naturalnews.com'}",Belle Carter,"Google admits Biden admin pressured the company to censor COVID content, reverses bans after years of denial","Google has formally acknowledged that the Biden administration pressured the company to remove lawful content related to the Wuhan coronavirus and elections, despite the content not violating its own policies. The tech company disclosed that senior Biden admi…",https://www.naturalnews.com/2025-09-25-google-admits-biden-admin-pressured-covid-censorship.html,https://www.naturalnews.com/wp-content/uploads/sites/91/2025/09/Editorial-Use-Google-Office.jpg,2025-09-25T06:00:00Z,"<ul><li>Google has formally acknowledged that the Biden administration pressured the company to remove lawful content related to the Wuhan coronavirus and elections, despite the content not violating… [+6603 chars]",health
"{'id': None, 'name': 'Naturalnews.com'}",Evangelyn Rodriguez,Study links daily AVOCADO consumption to improved diet quality,"Eating one avocado a day significantly increased adherence to U.S. dietary guidelines, according to a recent study. Participants replaced refined grains, sodium-heavy foods and processed snacks with avocados, boosting fiber and healthy fat intake. Better diet…",https://www.naturalnews.com/2025-09-25-daily-avocado-consumption-linked-to-improved-diet.html,https://www.naturalnews.com/wp-content/uploads/sites/91/2025/09/Hands-slicing-an-avocado-on-a-cutting-board-1.jpg,2025-09-25T06:00:00Z,"<ul><li>Eating one avocado a day significantly increased adherence to U.S. dietary guidelines, according to a recent study.</li><li>Participants replaced refined grains, sodium-heavy foods and proces… [+5114 chars]",health
"{'id': None, 'name': 'Naturalnews.com'}",Ramon Tomey,Ballistics matching under scrutiny from courts across America,"Courts and studies increasingly expose firearms analysis as unreliable, subjective and lacking empirical support. Judges in Illinois and Maryland have barred or restricted such testimony due to its high error rates. Examiners falsely claim guns leave unique m…",https://www.naturalnews.com/2025-09-25-ballistics-matching-under-scrutiny-by-us-courts.html,https://www.naturalnews.com/wp-content/uploads/sites/91/2025/09/Bullet-Casings-Evidence.jpg,2025-09-25T06:00:00Z,"<ul><li>Courts and studies increasingly expose firearms analysis as unreliable, subjective and lacking empirical support. Judges in Illinois and Maryland have barred or restricted such testimony due … [+6174 chars]",health
"{'id': None, 'name': 'Naturalnews.com'}",Cassie B.,"Your morning coffee or tea is loaded with microplastics, new study reveals","Every tested beverage—coffee, tea, juices, and soft drinks—contains microplastics, with hot drinks having the highest concentrations. Hot tea in disposable cups averaged 22 microplastics per cup, while expensive tea bags leached up to 30 microplastics. Daily …",https://www.naturalnews.com/2025-09-25-coffee-tea-microplastics-study-reveals.html,https://www.naturalnews.com/wp-content/uploads/sites/91/2025/09/Man-Morning-Coffee.jpg,2025-09-25T06:00:00Z,"<ul><li>Every tested beveragecoffee, tea, juices, and soft drinkscontains microplastics, with hot drinks having the highest concentrations.</li><li>Hot tea in disposable cups averaged 22 microplastic… [+4328 chars]",health
"{'id': None, 'name': 'Naturalnews.com'}",Kevin Hughes,Unlocking the power of self-healing with Robert Ornstein and David Sobel’s “The Healing Brain”,"Robert Ornstein and David Sobel argue in “The Healing Brain” that the brain is a powerful internal pharmacy, constantly producing and releasing chemicals that can heal both the body and mind. This concept challenges traditional views of health and emphasizes …",https://www.naturalnews.com/2025-09-25-the-healing-brain-robert-ornstein-david-sobel.html,https://www.naturalnews.com/wp-content/uploads/sites/91/2025/09/Brain-Cognition-Power-Mind-Conscious-Neuron-Energy.jpg,2025-09-25T06:00:00Z,"<ul><li>Robert Ornstein and David Sobel argue in ""The Healing Brain"" that the brain is a powerful internal pharmacy, constantly producing and releasing chemicals that can heal both the body and mind.… [+6974 chars]",health
"{'id': None, 'name': 'Naturalnews.com'}",S.D. Wells,Trump Derangement Syndrome in FULL EFFECT as lunatic Libtards who are pregnant are now taking Tylenol by the handful,"A fresh controversy erupted on Monday after President Donald Trump warned that acetaminophen (Tylenol) use during pregnancy may be linked to an increased risk of autism and attention-deficit hyperactivity disorder (ADHD). Speaking publicly, Trump advised expe…",https://www.naturalnews.com/2025-09-25-tds-pregnant-libtards-now-taking-tylenol-by-the-handful.html,https://www.naturalnews.com/wp-content/uploads/sites/91/2025/09/Pregnant-Woman-Refusing-Pills.jpg,2025-09-25T06:00:00Z,A fresh controversy erupted on Monday after President Donald Trump warned that acetaminophen (Tylenol) use during pregnancy may be linked to an increased risk of autism and attention-deficit hyperact… [+4186 chars],health
"{'id': None, 'name': 'Naturalnews.com'}",Willow Tohi,"Lifestyle over genes: Cancer prevention shifts focus to diet, immunity and non-invasive screening","Cellular dysfunction shaped by inflammation, diet and environment is the root cause of cancer. Personal choices, such as smoking and obesity, have a significant impact on cancer risk. Obesity is a significant risk factor for cancer. Excess weight creates a fe…",https://www.naturalnews.com/2025-09-25-cancer-prevention-diet-immunity-non-invasive-screening.html,https://www.naturalnews.com/wp-content/uploads/sites/91/2025/09/Cancer-Virus-Tumors-Cells.jpg,2025-09-25T06:00:00Z,"<ul><li>Cellular dysfunction shaped by inflammation, diet and environment is the root cause of cancer. Personal choices, such as smoking and obesity, have a significant impact on cancer risk.</li><li… [+5691 chars]",health
"{'id': None, 'name': 'Naturalnews.com'}",Willow Tohi,"Wakefield vindicated? Trumpâs vaccine overhaul sparks backlash, rekindles autism debate",President Trump advocates splitting MMR vaccine into three separate doses and delaying hepatitis B shots until age 12. Robert F. Kennedy Jr. pushes for autism research into vaccines while facing criticism from medical experts. Wakefield’s controversial 1998 s…,https://www.naturalnews.com/2025-09-25-trumps-vaccine-overhaul-sparks-backlash-rekindles-autism-debate.html,https://www.naturalnews.com/wp-content/uploads/sites/91/2025/09/Baby-Asian-Vaccine-Polio-Doctor-Illness-Mmr.jpg,2025-09-25T06:00:00Z,<ul><li>President Trump advocates splitting MMR vaccine into three separate doses and delaying hepatitis B shots until age 12.</li><li>Robert F. Kennedy Jr. pushes for autism research into vaccines w… [+8044 chars],health
"{'id': None, 'name': 'Naturalnews.com'}",Patrick Lewis,Gaza civilians wrestle with impossible choices as displacement surges,"Over 250,000 Palestinians have been displaced from Gaza City in the past month due to intensified Israeli military offensives, while nearly 900,000 remain, fearing permanent displacement or lacking the means to leave. Many civilians face impossible choices be…",https://www.naturalnews.com/2025-09-25-gaza-civilians-wrestle-impossible-choices-displacement-surges.html,https://www.naturalnews.com/wp-content/uploads/sites/91/2025/09/Gaza-Map.jpg,2025-09-25T06:00:00Z,"<ul><li>Over 250,000 Palestinians have been displaced from Gaza City in the past month due to intensified Israeli military offensives, while nearly 900,000 remain, fearing permanent displacement or l… [+5151 chars]",health
"{'id': None, 'name': 'ETF Daily News'}",MarketBeat News,Analyzing NextPlat (NASDAQ:NXPL) and Cars.com (NYSE:CARS),"NextPlat (NASDAQ:NXPL – Get Free Report) and Cars.com (NYSE:CARS – Get Free Report) are both small-cap retail/wholesale companies, but which is the better business? We will compare the two companies based on the strength of their earnings, institutional owner…",https://www.etfdailynews.com/2025/09/25/analyzing-nextplat-nasdaqnxpl-and-cars-com-nysecars/,https://www.americanbankingnews.com/wp-content/timthumb/timthumb.php?src=https://www.marketbeat.com/logos/carscom-inc-logo-1200x675.jpg&w=240&h=240&zc=2,2025-09-25T05:58:44Z,"NextPlat (NASDAQ:NXPL – Get Free Report) and Cars.com (NYSE:CARS – Get Free Report) are both small-cap retail/wholesale companies, but which is the better business? We will compare the two companies … [+6037 chars]",health
"{'id': None, 'name': 'ETF Daily News'}",MarketBeat News,Tryg A/S (OTCMKTS:TGVSF) Trading Up 8.8% – Time to Buy?,"Shares of Tryg A/S (OTCMKTS:TGVSF – Get Free Report) traded up 8.8% during mid-day trading on Wednesday . The stock traded as high as $22.93 and last traded at $22.93. 292 shares were traded during mid-day trading, a decline of 84% from the average session vo…",https://www.etfdailynews.com/2025/09/25/tryg-a-s-otcmktstgvsf-trading-up-8-8-time-to-buy/,https://www.americanbankingnews.com/wp-content/timthumb/timthumb.php?src=https://www.marketbeat.com/logos/tryg-as-logo-1200x675.png&w=240&h=240&zc=2,2025-09-25T05:56:49Z,Shares of Tryg A/S (OTCMKTS:TGVSF – Get Free Report) traded up 8.8% during mid-day trading on Wednesday . The stock traded as high as $22.93 and last traded at $22.93. 292 shares were traded during m… [+1111 chars],health
"{'id': None, 'name': 'ScienceAlert'}",Carly Cassella,Breakthrough Gene Therapy Slows Huntington's Disease by 75%,Researchers in the United Kingdom say they have successfully trialed what could become the world's first gene therapy for Huntington's disease – a fatal neurodegenerative disorder that is typically inherited.,https://www.sciencealert.com/breakthrough-gene-therapy-slows-huntingtons-disease-by-75,https://www.sciencealert.com/images/2025/09/HuntingtonsTherapy.jpg,2025-09-25T05:56:10Z,Researchers in the United Kingdom say they have successfully trialed what could become the world's first gene therapy for Huntington's disease a fatal neurodegenerative disorder that is typically inh… [+4133 chars],health
"{'id': None, 'name': 'CounterPunch'}",Thomas Knapp,"Trump, RFK Jr. May Be Right About Acetaminophen, But Why The Rush?","Tell me if you’ve heard this one before: A senile reality TV star and a publicity-seeking nepo baby walk into a press conference and announce that a widely used pain reliever may cause autism … Punch line? No punch line. It really happened, though few would h…",https://www.counterpunch.org/2025/09/25/trump-rfk-jr-may-be-right-about-acetaminophen-but-why-the-rush/,https://www.counterpunch.org/wp-content/uploads/2025/09/Trump_Kennedy_sign_54175168768.jpg,2025-09-25T05:54:36Z,"Photograph Source: Michael Stokes – CC BY 2.0
Tell me if you’ve heard this one before: A senile reality TV star and a publicity-seeking nepo baby walk into a press conference and announce that a wid… [+2781 chars]",health
"{'id': None, 'name': 'EURACTIV'}",Sofia Mandilara,Who killed the Brussels effect?,"In today’s edition: Ursula von der Leyen says NATO should shoot down Russian jets, ex-Palestinian PM casts doubt on the EU’s ‘Donor Group’ plan for Gaza, a Slovak MEP mocks the EU transport debate with an Instagram stunt, and the Brussels effect fades as the …",https://www.euractiv.com/news/rapporteur-who-killed-the-brussels-effect/,https://www.euractiv.com/content/uploads/sites/2/2025/09/Rapporteur-LOGO-1200-x-800-px-1-1.png,2025-09-25T05:47:34Z,"Welcome to Rapporteur, the newsletter formerly known as The Capitals. Im Eddy Wax, joined by Nicoletta Ionta in Brussels. Each day well bring you up to speed on the stories shaping the EU and Europea… [+13576 chars]",health
"{'id': None, 'name': 'ETF Daily News'}",MarketBeat News,American Public Education (NASDAQ:APEI) Hits New 1-Year High on Analyst Upgrade,"American Public Education, Inc. (NASDAQ:APEI – Get Free Report) reached a new 52-week high on Tuesday after Barrington Research raised their price target on the stock from $36.00 to $40.00. Barrington Research currently has an outperform rating on the stock. …",https://www.etfdailynews.com/2025/09/25/american-public-education-nasdaqapei-hits-new-1-year-high-on-analyst-upgrade/,https://www.americanbankingnews.com/wp-content/timthumb/timthumb.php?src=https://www.marketbeat.com/logos/american-public-education-inc-logo-1200x675.png?v=20221215091220&w=240&h=240&zc=2,2025-09-25T05:46:42Z,"American Public Education, Inc. (NASDAQ:APEI – Get Free Report) reached a new 52-week high on Tuesday after Barrington Research raised their price target on the stock from $36.00 to $40.00. Barringto… [+4795 chars]",health
"{'id': None, 'name': 'The Indian Express'}",Entertainment Desk,"‘Meat-lover’ Dharmendra turns vegetarian with second wife Hema Malini, reveals daughter Esha Deol: ‘My mom can’t handle the smell of non-veg food’","Actor Esha Deol revealed that her father, veteran star Dharmendra, is a meat-lover but becomes a vegetarian around her mother Hema Malini.",https://indianexpress.com/article/entertainment/bollywood/meat-lover-dharmendra-turns-vegetarian-with-second-wife-hema-malini-reveals-daughter-esha-deol-my-mom-cant-handle-the-smell-of-non-veg-food-10270145/,https://images.indianexpress.com/2025/09/esha-deol.jpg,2025-09-25T05:46:11Z,"Esha Deol was born into a multi-cultural family – her father, veteran superstar Dharmendra is a Punjabi and mother Hema Malini is a South Indian. When it comes to her dietary habits, they are highly … [+2164 chars]",health
"{'id': 'abc-news', 'name': 'ABC News'}","JACK BROOK Associated Press, SOPHIE BATES /REPORT FOR AMERICA Associated Press",Louisiana's $3B power upgrade for Meta project raises questions about who should pay,"Meta is racing to construct its largest data center yet, a $10 billion facility in northeast Louisiana as big as 70 football fields and requiring more than twice the electricity of New Orleans",https://abcnews.go.com/Technology/wireStory/louisianas-3b-power-upgrade-meta-project-raises-questions-125915973,https://s.abcnews.com/images/US/abc_news_default_2000x2000_update_16x9_992.jpg,2025-09-25T05:45:29Z,"HOLLY RIDGE, La. -- In a rural corner of Louisiana, Meta is building one of the world's largest data centers, a $10 billion behemoth as big as 70 football fields that will consume more power in a day… [+5622 chars]",health
"{'id': None, 'name': 'ETF Daily News'}",MarketBeat News,BMO Capital Markets Upgrades Primerica (NYSE:PRI) to “Outperform”,"Primerica (NYSE:PRI – Get Free Report) was upgraded by investment analysts at BMO Capital Markets from a “market perform” rating to an “outperform” rating in a research report issued to clients and investors on Tuesday, MarketBeat.com reports. The brokerage c…",https://www.etfdailynews.com/2025/09/25/bmo-capital-markets-upgrades-primerica-nysepri-to-outperform/,https://www.americanbankingnews.com/wp-content/timthumb/timthumb.php?src=https://www.marketbeat.com/logos/primerica-logo-1200x675.jpg&w=240&h=240&zc=2,2025-09-25T05:44:45Z,Primerica (NYSE:PRI – Get Free Report) was upgraded by investment analysts at BMO Capital Markets from a “market perform” rating to an “outperform” rating in a research report issued to clients and i… [+4681 chars],health
"{'id': 'abc-news-au', 'name': 'ABC News (AU)'}",Shalailah Medhora,TGA approves a new brain stimulation device for treating depression,"Some international users of Flow Neuroscience's device have labelled the wearable tech as a game-changer in treating depression, but not everyone is convinced.",https://www.abc.net.au/news/2025-09-25/brain-stimulator-device-approved-for-treatment-of-depression/105816064,https://live-production.wcms.abc-cdn.net.au/d6e6b6316ccb5845b520fdbcc6dd711e?impolicy=wcms_watermark_news&cropH=1152&cropW=2048&xPos=0&yPos=142&width=862&height=485&imformat=generic,2025-09-25T05:44:22Z,"A new piece of wearable technology that emits small electrical pulses into the user's brain to ease the symptoms of depression has been approved for use in Australia.
The Therapeutic Goods Administr… [+4320 chars]",health
"{'id': None, 'name': 'Rediff.com'}",DEEPA GAHLOT,Two Much With Kajol And Twinkle Review,"Because the four -- Kajol, Twinkle, Aamir and Salman -- have worked together in the past, their banter has the high spirits of a college reunion, observes Deepa Gahlot.",https://www.rediff.com/movies/review/two-much-with-kajol-and-twinkle-review/20250925.htm,https://im.rediff.com/movies/2025/sep/25kajol-twinkle1.jpg,2025-09-25T05:44:04Z,"Because Kajol, Twinkle, Aamir and Salman have worked together in the past, their banter has the high spirits of a college reunion, observes Deepa Gahlot.
It could be argued that another Bollywood ta… [+2894 chars]",health
"{'id': None, 'name': 'New York Post'}",Richard Pollina,‘Star Trek’ icon William Shatner rushed to hospital after suffering medical emergency at LA home,"The actor, best known for his role as Captain James T. Kirk on ""Star Trek,"" was the one to make the call to emergency medical service workers after realizing something was wrong.",https://nypost.com/2025/09/25/entertainment/william-shatner-rushed-to-hospital-after-suffering-medical-emergency-at-la-home/,https://nypost.com/wp-content/uploads/sites/2/2025/09/newspress-collage-y4na5dea5-1758778544078.jpg?quality=75&strip=all&1758764192&w=1024,2025-09-25T05:43:44Z,"Beloved Hollywood icon William Shatner was rushed to the hospital after he experienced a medical emergency on Wednesday afternoon. 
Shatner, 94, had an issue with his blood sugar while at his Los An… [+3423 chars]",health
"{'id': None, 'name': 'ETF Daily News'}",MarketBeat News,"Analysts Set Owens & Minor, Inc. (NYSE:OMI) Target Price at $7.63","Owens & Minor, Inc. (NYSE:OMI – Get Free Report) has received a consensus rating of “Hold” from the eight analysts that are covering the firm, Marketbeat reports. Three investment analysts have rated the stock with a sell rating, one has issued a hold rating,…",https://www.etfdailynews.com/2025/09/25/analysts-set-owens-minor-inc-nyseomi-target-price-at-7-63/,https://www.americanbankingnews.com/wp-content/timthumb/timthumb.php?src=https://www.marketbeat.com/logos/owens--minor-inc-logo-1200x675.png?v=20240515094850&w=240&h=240&zc=2,2025-09-25T05:42:56Z,"Owens &amp; Minor, Inc. (NYSE:OMI – Get Free Report) has received a consensus rating of “Hold” from the eight analysts that are covering the firm, Marketbeat reports. Three investment analysts have r… [+5102 chars]",health
"{'id': None, 'name': 'ETF Daily News'}",MarketBeat News,Brokerages Set Hamilton Lane Inc. (NASDAQ:HLNE) Price Target at $166.43,"Hamilton Lane Inc. (NASDAQ:HLNE – Get Free Report) has earned a consensus rating of “Hold” from the eight ratings firms that are covering the company, Marketbeat reports. Seven analysts have rated the stock with a hold rating and one has assigned a strong buy…",https://www.etfdailynews.com/2025/09/25/brokerages-set-hamilton-lane-inc-nasdaqhlne-price-target-at-166-43/,https://www.americanbankingnews.com/wp-content/timthumb/timthumb.php?src=https://www.marketbeat.com/logos/hamilton-lane-inc-logo-1200x675.png&w=240&h=240&zc=2,2025-09-25T05:42:55Z,"Hamilton Lane Inc. (NASDAQ:HLNE – Get Free Report) has earned a consensus rating of “Hold” from the eight ratings firms that are covering the company, Marketbeat reports. Seven analysts have rated th… [+5616 chars]",health
"{'id': None, 'name': 'ETF Daily News'}",MarketBeat News,Head to Head Analysis: Spectral AI (NASDAQ:MDAI) and iRadimed (NASDAQ:IRMD),"iRadimed (NASDAQ:IRMD – Get Free Report) and Spectral AI (NASDAQ:MDAI – Get Free Report) are both small-cap medical companies, but which is the superior business? We will contrast the two companies based on the strength of their profitability, valuation, earn…",https://www.etfdailynews.com/2025/09/25/head-to-head-analysis-spectral-ai-nasdaqmdai-and-iradimed-nasdaqirmd/,https://www.americanbankingnews.com/wp-content/timthumb/timthumb.php?src=https://www.marketbeat.com/logos/spectral-ai-inc-logo-1200x675.png?v=20231019114215&w=240&h=240&zc=2,2025-09-25T05:42:54Z,"iRadimed (NASDAQ:IRMD – Get Free Report) and Spectral AI (NASDAQ:MDAI – Get Free Report) are both small-cap medical companies, but which is the superior business? We will contrast the two companies b… [+4448 chars]",health
"{'id': None, 'name': 'ETF Daily News'}",MarketBeat News,Comparing Main Street Capital (NYSE:MAIN) & Chicago Atlantic BDC (NASDAQ:LIEN),"Chicago Atlantic BDC (NASDAQ:LIEN – Get Free Report) and Main Street Capital (NYSE:MAIN – Get Free Report) are both finance companies, but which is the better business? We will contrast the two companies based on the strength of their analyst recommendations,…",https://www.etfdailynews.com/2025/09/25/comparing-main-street-capital-nysemain-chicago-atlantic-bdc-nasdaqlien/,https://www.americanbankingnews.com/wp-content/timthumb/timthumb.php?src=https://www.marketbeat.com/logos/main-street-capital-co-logo-1200x675.png?v=20240424133247&w=240&h=240&zc=2,2025-09-25T05:42:53Z,"Chicago Atlantic BDC (NASDAQ:LIEN – Get Free Report) and Main Street Capital (NYSE:MAIN – Get Free Report) are both finance companies, but which is the better business? We will contrast the two compa… [+6599 chars]",health
"{'id': None, 'name': 'ETF Daily News'}",MarketBeat News,First Financial Bancorp. (NASDAQ:FFBC) versus Lakeland Financial (NASDAQ:LKFN) Head-To-Head Contrast,"Lakeland Financial (NASDAQ:LKFN – Get Free Report) and First Financial Bancorp. (NASDAQ:FFBC – Get Free Report) are both finance companies, but which is the better investment? We will contrast the two businesses based on the strength of their analyst recommen…",https://www.etfdailynews.com/2025/09/25/first-financial-bancorp-nasdaqffbc-versus-lakeland-financial-nasdaqlkfn-head-to-head-contrast/,https://www.americanbankingnews.com/wp-content/timthumb/timthumb.php?src=https://www.marketbeat.com/logos/first-financial-bancorp-(ohio)-logo-1200x675.jpg&w=240&h=240&zc=2,2025-09-25T05:42:52Z,"Lakeland Financial (NASDAQ:LKFN – Get Free Report) and First Financial Bancorp. (NASDAQ:FFBC – Get Free Report) are both finance companies, but which is the better investment? We will contrast the tw… [+6920 chars]",health
"{'id': None, 'name': 'ETF Daily News'}",MarketBeat News,Veeva Systems (NYSE:VEEV) versus Alternate Health (OTCMKTS:AHGIF) Head-To-Head Survey,"Veeva Systems (NYSE:VEEV – Get Free Report) and Alternate Health (OTCMKTS:AHGIF – Get Free Report) are both medical companies, but which is the better stock? We will compare the two companies based on the strength of their profitability, institutional ownersh…",https://www.etfdailynews.com/2025/09/25/veeva-systems-nyseveev-versus-alternate-health-otcmktsahgif-head-to-head-survey/,https://www.americanbankingnews.com/wp-content/timthumb/timthumb.php?src=https://www.marketbeat.com/logos/alternate-health-corp-logo-1200x675.png&w=240&h=240&zc=2,2025-09-25T05:42:51Z,"Veeva Systems (NYSE:VEEV – Get Free Report) and Alternate Health (OTCMKTS:AHGIF – Get Free Report) are both medical companies, but which is the better stock? We will compare the two companies based o… [+5019 chars]",health
"{'id': None, 'name': 'The-independent.com'}",Ellie Muir,The stinky truth about modern deodorant – and why doctors are worried,"As personal hygiene companies launch all-body sprays and antiperspirants, Ellie Muir explores the bizarre marketing around the products and why we shouldn’t be too quick to spray our crotches",https://www.the-independent.com/life-style/deodorant-whole-body-natural-akt-fussy-sure-b2832950.html,https://static.the-independent.com/2025/09/24/15/05/deo.jpg?width=1200&height=800&crop=1200:800,2025-09-25T05:42:48Z,"Your support helps us to tell the story
From reproductive rights to climate change to Big Tech, The Independent is on the ground when the story is developing. Whether it's investigating the financia… [+7897 chars]",health
"{'id': None, 'name': 'ETF Daily News'}",MarketBeat News,Top Electric Vehicle Stocks To Consider – September 23rd,"Tesla, Plug Power, Baidu, NIO, Rivian Automotive, QuantumScape, and Lucid Group are the seven Electric Vehicle stocks to watch today, according to MarketBeat’s stock screener tool. Electric vehicle (EV) stocks are the publicly traded shares of companies invol…",https://www.etfdailynews.com/2025/09/25/top-electric-vehicle-stocks-to-consider-september-23rd/,https://www.americanbankingnews.com/wp-content/timthumb/timthumb.php?src=https://www.marketbeat.com/logos/tesla-inc-logo-1200x675.png?v=20221020135629&w=240&h=240&zc=2,2025-09-25T05:38:42Z,"Tesla, Plug Power, Baidu, NIO, Rivian Automotive, QuantumScape, and Lucid Group are the seven Electric Vehicle stocks to watch today, according to MarketBeat’s stock screener tool. Electric vehicle (… [+4477 chars]",health
"{'id': None, 'name': 'Yahoo Entertainment'}",Simply Wall St,High Growth Tech Stocks in Europe for September 2025,"As of September 2025, the European market has been navigating a mixed landscape, with the pan-European STOXX Europe 600 Index ending slightly lower amid...",https://finance.yahoo.com/news/high-growth-tech-stocks-europe-053831047.html,https://media.zenfs.com/en/simply_wall_st__316/2bc7e9c938f83604e86f7ffd61b40d2a,2025-09-25T05:38:31Z,"As of September 2025, the European market has been navigating a mixed landscape, with the pan-European STOXX Europe 600 Index ending slightly lower amid various monetary policy decisions and economic… [+6065 chars]",health
"{'id': None, 'name': 'Starweekly.com.au'}",jimjin,Stair Void death in Greenvale,WorkSafe has charged a building company and its sole director after the death of a worker at a residential construction site in Greenvale The 60-year-old electrician died after falling from scaffolding on the third level of a building through an internal stai…,https://northern.starweekly.com.au/news/stair-void-death-in-greenvale/,https://northern.starweekly.com.au/wp-content/uploads/sites/5/2025/09/WorkSafe_218360_01.jpg,2025-09-25T05:38:09Z,"WorkSafe has charged a building company and its sole director after the death of a worker at a residential construction site in Greenvale
The 60-year-old electrician died after falling from scaffold… [+1227 chars]",health
"{'id': None, 'name': 'ETF Daily News'}",MarketBeat News,Health Care Select Sector SPDR Fund Target of Unusually High Options Trading (NYSEARCA:XLV),"Health Care Select Sector SPDR Fund (NYSEARCA:XLV – Get Free Report) was the target of unusually large options trading on Wednesday. Investors bought 48,281 put options on the stock. This is an increase of approximately 88% compared to the typical daily volum…",https://www.etfdailynews.com/2025/09/25/health-care-select-sector-spdr-fund-target-of-unusually-high-options-trading-nysearcaxlv/,https://www.americanbankingnews.com/wp-content/timthumb/timthumb.php?src=https://www.marketbeat.com/logos/health-care-select-sector-spdr-fund-logo-1200x675.jpg?v=20210827104842&w=240&h=240&zc=2,2025-09-25T05:36:57Z,"Health Care Select Sector SPDR Fund (NYSEARCA:XLV – Get Free Report) was the target of unusually large options trading on Wednesday. Investors bought 48,281 put options on the stock. This is an incre… [+2540 chars]",health
"{'id': None, 'name': 'Fijivillage'}",Priya Nand,Miss I-Tech Pacific advocates for greater awareness on women’s reproductive health,"Hibiscus Festival Queen contestant, Miss I-Tech Pacific Salanieta Galo has called for increased attention and awareness on women’s health, with a pa",https://www.fijivillage.com/news/-Miss-I-Tech-Pacific-advocates-for-greater-awareness-on-womens-reproductive-health-r584xf/,https://www.fijivillage.com/news_images/79632239368d4d33169525533c36ca.jpg,2025-09-25T05:34:49Z,"Hibiscus Festival Queen contestant, Miss I-Tech Pacific Salanieta Galo has called for increased attention and awareness on womens health, with a particular focus on reproductive health.
While speaki… [+1223 chars]",health
"{'id': 'abc-news-au', 'name': 'ABC News (AU)'}",Brett Worthington,"As the Liberals jostle for influence at home, Albanese plays global statesman","Welcome back to your weekly federal politics update, where Brett Worthington gets you up to speed on the happenings from Parliament House.",https://www.abc.net.au/news/2025-09-25/hastie-ley-trump-un-palestine-cop-turkiye-bradfield-byelection/105814488,https://live-production.wcms.abc-cdn.net.au/ddea30487cf42934d8dbb027362422c1?impolicy=wcms_watermark_news&cropH=658&cropW=1170&xPos=0&yPos=160&width=862&height=485&imformat=generic,2025-09-25T06:25:12Z,"Welcome back to your weekly federal politics update, where Brett Worthington gets you up to speed on the happenings from Parliament House.
Andrew Hastie brought a literal interpretation to his job t… [+7620 chars]",politics
"{'id': None, 'name': 'The Conversation Africa'}","Ben Wellings, Associate Professor in Politics and International Relations, Monash University",Albanese and Starmer to meet for a frank exchange of views (and possibly some political advice),The Australian prime minister will meet with his British counterpart – and may off some advice on fending off an electoral challenge from the right.,https://theconversation.com/albanese-and-starmer-to-meet-for-a-frank-exchange-of-views-and-possibly-some-political-advice-265751,https://images.theconversation.com/files/692640/original/file-20250924-56-c9lfv0.jpg?ixlib=rb-4.1.0&rect=0%2C689%2C8256%2C4128&q=45&auto=format&w=1356&h=668&fit=crop,2025-09-25T06:15:19Z,"Fresh from his time at the UN General Assembly in New York, Prime Minister Anthony Albanese’s world tour now takes him to London. There he will be primed to give some political advice to his beleague… [+6054 chars]",politics
"{'id': 'the-times-of-india', 'name': 'The Times of India'}",ANI,"""Shook hands with Pakistan even during Kargil War,"" Shashi Tharoor wants Indian cricketers to play in the spirit of the game","As India and Pakistan potentially face off in the Asia Cup final, Shashi Tharoor addresses the handshake controversy, advocating for sportsmanship despite political tensions. The BCCI has lodged complaints against Pakistani players for provocative actions dur…",https://economictimes.indiatimes.com/news/politics-and-nation/shook-hands-with-pakistan-even-during-kargil-war-shashi-tharoor-wants-indian-cricketers-to-play-in-the-spirit-of-the-game/articleshow/124106117.cms,"https://img.etimg.com/thumb/msid-124107649,width-1200,height-630,imgsize-51326,overlay-economictimes/articleshow.jpg",2025-09-25T05:54:49Z,"With India and Pakistan likely to face up in the Asia Cup final on Sunday, Congress MP Shashi Tharoor has weighed in on the controversy surrounding Indian players refusing to shake hands with their P… [+3400 chars]",politics
"{'id': None, 'name': 'International Business Times'}",Rose TROUP BUCHANAN,'Morgue Is Full': How Kenyan Starvation Cult Kept Killing,The discovery of body parts and skeletons strewn around an isolated village in coastal Kenya has stoked fears that a doomsday starvation cult which claimed hundreds of lives has survived despite a major police operation.,https://www.ibtimes.com/morgue-full-how-kenyan-starvation-cult-kept-killing-3784414,https://d.ibtimes.com/en/full/4623661/relatives-mourn-victims-shakahola-massacre-amid-reports-fresh-atrocities-blamed-kenyan-death.jpg,2025-09-25T05:51:19Z,The discovery of body parts and skeletons strewn around an isolated village in coastal Kenya has stoked fears that a doomsday starvation cult which claimed hundreds of lives has survived despite a ma… [+4840 chars],politics
"{'id': None, 'name': 'Ibtimes.com.au'}",Rose TROUP BUCHANAN,'Morgue Is Full': How Kenyan Starvation Cult Kept Killing,The discovery of body parts and skeletons strewn around an isolated village in coastal Kenya has stoked fears that a doomsday starvation cult which claimed hundreds of lives has survived despite a major police operation.,https://www.ibtimes.com.au/morgue-full-how-kenyan-starvation-cult-kept-killing-1860612,https://d.ibtimes.com.au/en/full/1889220/relatives-mourn-victims-shakahola-massacre-amid-reports-fresh-atrocities-blamed-kenyan-death.jpg,2025-09-25T05:51:11Z,The discovery of body parts and skeletons strewn around an isolated village in coastal Kenya has stoked fears that a doomsday starvation cult which claimed hundreds of lives has survived despite a ma… [+4840 chars],politics
"{'id': None, 'name': 'The-independent.com'}",Paul Farrell,What Jimmy Kimmel said in his first monologue on return from suspension,Jimmy Kimmel has returned to his late-night show after a suspension following remarks about Charlie Kirk's killing,https://www.the-independent.com/news/world/americas/us-politics/jimmy-kimmel-return-full-monologue-video-b2833309.html,https://static.the-independent.com/2025/09/24/07/Jimmy_Kimmel_36622.jpg?width=1200&height=800&crop=1200:800,2025-09-25T05:39:12Z,"Your support helps us to tell the story
From reproductive rights to climate change to Big Tech, The Independent is on the ground when the story is developing. Whether it's investigating the financia… [+8913 chars]",politics
"{'id': None, 'name': 'The-independent.com'}",Kevin E G Perry,Jimmy Kimmel’s ratings hit 6.3 million despite ongoing boycott from local stations,"Before being taken off the air, Kimmel’s show was averaging about 1.77 million viewers during the second quarter of this year",https://www.the-independent.com/arts-entertainment/tv/news/jimmy-kimmel-ratings-youtube-viewership-return-monologue-b2833304.html,"https://static.the-independent.com/2025/09/24/17/17/TOPSHOT-US-ENTERTAINMENT-POLITICS-KIMMEL-9dnqd4dk.jpeg?trim=0,1,0,1&width=1200&height=800&crop=1200:800",2025-09-25T05:33:14Z,"Your support helps us to tell the story
From reproductive rights to climate change to Big Tech, The Independent is on the ground when the story is developing. Whether it's investigating the financia… [+4397 chars]",politics
"{'id': None, 'name': 'Dumblittleman.com'}",Rachel Thompson,Riyadh Comedy Festival Cancels Tom Dillon Like a Bad Joke,"The Riyadh Comedy Festival 2025 pulled a move that has the comedy world buzzing. Organizers canceled Tim Dillon like a bad joke, and the news spread fast. Dillon was set to headline at Boulevard City in Riyadh, Saudi Arabia. But after he joked about slavery a…",https://www.dumblittleman.com/riyadh-comedy-festival-cancels-tom-dillon-like-a-bad-joke/,https://www.dumblittleman.com/wp-content/uploads/2025/09/281.jpg,2025-09-25T05:21:19Z,"The Riyadh Comedy Festival 2025 pulled a move that has the comedy world buzzing. Organizers canceled Tim Dillon like a bad joke, and the news spread fast. Dillon was set to headline at Boulevard City… [+9483 chars]",politics
"{'id': None, 'name': 'CNBC'}",,UK bank bosses demand policy stability ahead of critical budget,"Markets are growing ""impatient"" for reforms and clarity ahead of expected tax rises.",https://www.cnbc.com/2025/09/25/uk-bank-bosses-demand-policy-stability-ahead-of-critical-budget.html,https://image.cnbcfm.com/api/v1/image/108173709-1752817102830-gettyimages-1945516328-london-1871.jpeg?v=1758710089&w=1920&h=1080,2025-09-25T05:14:41Z,"The City of London financial district at sunrise.
Bank chiefs in London are calling for greater policy clarity and stability amid fears that looming tax hikes in the forthcoming U.K. budget could hi… [+4646 chars]",politics
"{'id': None, 'name': 'Independent.ie'}",Irish Independent,"The Indo Daily: Trump, Connolly and the role of Hamas: A political storm in Ireland, a diplomatic shift at the UN","At the UN, global powers are cooling on Israel, but Donald Trump made sure MAGA’s support was loud and clear on a global stage.",https://www.independent.ie/podcasts/the-indo-daily/the-indo-daily-trump-connolly-and-the-role-of-hamas-a-political-storm-in-ireland-a-diplomatic-shift-at-the-un/a912989100.html,https://focus.independent.ie/thumbor/iYUxQfFjCaRBELX4h5-aH8jx9DI=/0x0:3000x2000/629x0/prod-mh-ireland/98eb6cb7-8d0f-497a-9b6f-5aa8795d34ba/c49d3f92-8fb9-469c-846d-ddbedcf4343e/98eb6cb7-8d0f-497a-9b6f-5aa8795d34ba.jpg,2025-09-25T05:13:22Z,"At the UN, global powers are cooling on Israel, but Donald Trump made sure MAGAs support was loud and clear on a global stage.The 56-minute speech by Trump was a rebuke to the world body and a return… [+1521 chars]",politics
"{'id': None, 'name': 'Memeorandum.com'}",,The ICE Shooter's Politics (Ken Klippenstein),"Ken Klippenstein:
The ICE Shooter's Politics  —  Joshua Jahn's friends speak … The deadly sniper attack on a Dallas ICE facility this morning seemed straightforward, with “ANTI-ICE” engraved on unspent shell casings recovered on site, per the FBI.  But after …",https://www.memeorandum.com/250925/p2,"https://substackcdn.com/image/fetch/$s_!tMVF!,w_1200,h_600,c_fill,f_jpg,q_auto:good,fl_progressive:steep,g_auto/https%3A%2F%2Fsubstack-post-media.s3.amazonaws.com%2Fpublic%2Fimages%2F0e5af3f0-690c-43c0-ac7e-4eda33a2b59e_720x540.webp",2025-09-25T05:10:00Z,"memeorandum is an auto-generated summary of the stories that US political commentators are discussing online right now.
Unlike sister sites Techmeme and Mediagazer, it is not a human-edited news out… [+72 chars]",politics
"{'id': None, 'name': 'New Zealand Herald'}",John Weekes,"Talley’s defamation trial: Auditor’s report leaked to TV station, company still secured Countdown deal","Boss gets grilled, Blenheim 'bullying' claims and firm's empathy for injured man queried.",https://www.nzherald.co.nz/business/talleys-defamation-trial-auditors-report-leaked-to-tv-station-company-still-secured-countdown-deal/JEUKHLWBF5AJPJ545MHQ4G2QLA/,https://www.nzherald.co.nz/resizer/v2/Q5D4VRFDPBEZZFTNZE5ROSBP7Y.JPG?auth=a1dc4b7a6de4dff67c8b09aa76ece4e1c2a6b225c9b5de2bf9ed1c24b7925cd2&width=1200&height=675&quality=70&smart=true,2025-09-25T05:04:21Z,"The court heard discussion about whether the food processing companys support for the injured man was adequate.
TVNZ counsel Erik Nilsson cross-examined Rebecca Plum, head of the injury management u… [+3547 chars]",politics
"{'id': 'the-irish-times', 'name': 'The Irish Times'}",Richard Cantillon,Politics at the centre of mooted deal to create Europe’s third biggest bank,Merger of Spain’s BBVA and Sabadell faces opposition from government,https://www.irishtimes.com/business/2025/09/25/politics-at-the-centre-of-mooted-deal-to-create-europes-third-biggest-bank/,https://www.irishtimes.com/resizer/v2/NI7MPKNSZC2BWNKP6OGZHXODCU.jpg?smart=true&auth=f8068cc0f09ba96dd8a278cda6fce47290c489f65198e94471e5b9cae7bab7c1&width=1200&height=630,2025-09-25T05:00:01Z,"Efforts by Spanish lender BBVA to create Europes third-biggest lender appear to be coming to a head, but whether the deal will go through remains an open question.
The Basque bank first announced it… [+1707 chars]",politics
"{'id': 'the-irish-times', 'name': 'The Irish Times'}",Newton Emerson,Newton Emerson: Campaign to free Bailey the cocker spaniel from prison sparked a debate worth having,Bailey’s story has highlighted an odd feature of Northern Ireland politics: prison issues are normally a dog that does not bark,https://www.irishtimes.com/opinion/2025/09/25/campaign-to-free-bailey-the-cocker-spaniel-from-prison-sparked-a-debate-worth-having/,https://www.irishtimes.com/resizer/v2/JZTLODBKINHWJDWUHWOODFBPTI.png?smart=true&auth=f2253a306b6384b88b8793e12f74fb82b77e36eeb077a2515223e9b5e50511ea&width=1200&height=630,2025-09-25T05:00:01Z,"Bailey the cocker spaniel has been released from Magilligan Prison in Co Derry.
One of three rehabilitation support dogs in the Northern Ireland prison system, he has been at the centre of an increa… [+5111 chars]",politics
"{'id': None, 'name': 'Freerepublic.com'}",The Hollywood Reporter,Jimmy Kimmel Did Not Say Exactly What You Think He Said,"Jimmy Kimmel’s comment about the Charlie Kirk shooting suspect was a mess, and a miss, which gets less clear the more you look at it.Never has a snarky, clumsily worded and insensitive-sounding aside caused so much trouble. Jimmy Kimmel’s comment about Charli…",https://freerepublic.com/focus/f-news/4342515/posts,,2025-09-25T04:53:32Z,"Skip to comments.
Jimmy Kimmel Did Not Say Exactly What You Think He SaidThe Hollywood Reporter ^
 | James Hibberd
 | September 18, 2025
Posted on 09/24/2025 9:53:32 PM PDT by nickcarraway
 Jimm… [+7093 chars]",politics
"{'id': None, 'name': 'Freerepublic.com'}",The Hollywood Reporter,Jimmy Kimmel Did Not Say Exactly What You Think He Said,"Jimmy Kimmel’s comment about the Charlie Kirk shooting suspect was a mess, and a miss, which gets less clear the more you look at it.Never has a snarky, clumsily worded and insensitive-sounding aside caused so much trouble. Jimmy Kimmel’s comment about Charli…",https://freerepublic.com/focus/f-bloggers/4342515/posts,,2025-09-25T04:53:32Z,"Skip to comments.
Jimmy Kimmel Did Not Say Exactly What You Think He SaidThe Hollywood Reporter ^
 | James Hibberd
 | September 18, 2025
Posted on 09/24/2025 9:53:32 PM PDT by nickcarraway
 Jimm… [+11337 chars]",politics
"{'id': None, 'name': 'Freerepublic.com'}",Real Clear Politics,How Many Illegal Immigrants Have Left The Country?,"About a month ago, Department of Homeland Security Secretary Kristi Noem held a press conference to announce that about “1.6 million illegal immigrants have left the United States population.”That’s a fraction of the number of people who arrived in the years …",https://freerepublic.com/focus/f-news/4342513/posts,,2025-09-25T04:40:25Z,"Skip to comments.
How Many Illegal Immigrants Have Left The Country?Real Clear Politics ^
 | 09/24/2025
 | Billy King
Posted on 09/24/2025 9:40:25 PM PDT by SeekAndFind
About a month ago, Depart… [+5843 chars]",politics
"{'id': 'al-jazeera-english', 'name': 'Al Jazeera English'}",Al Jazeera,"Russia-Ukraine war: List of key events, day 1,309","Here are the key events on day 1,309 of Russia’s war on Ukraine.",https://www.aljazeera.com/news/2025/9/25/russia-ukraine-war-list-of-key-events-day-1309,https://www.aljazeera.com/wp-content/uploads/2025/09/AFP__20250924__2237113266__v3__HighRes__WorldLeadersGatherForThe80thSessionOfTheUnit-1758771053.jpg?resize=1920%2C1440,2025-09-25T04:39:47Z,"Here is how things stand on Thursday, September 25 :
Fighting
<ul><li>At least two people were killed by a daytime Ukrainian drone attack on the Russian city of Novorossiysk on Wednesday, according… [+2602 chars]",politics
"{'id': None, 'name': 'Freerepublic.com'}",The Economic Collapse Blog,This Is The Number One Challenge That Americans Believe They Are Facing In 2025,"We sure have seen a lot of really crazy things happen so far this year. But in the minds of most Americans, there is one crisis that far outweighs everything else. As I have been documenting for years, our standard of living has been collapsing as the cost of…",https://freerepublic.com/focus/f-bloggers/4342512/posts,,2025-09-25T04:35:29Z,"Skip to comments.
This Is The Number One Challenge That Americans Believe They Are Facing In 2025The Economic Collapse Blog ^
 | 09/24/2025
 | Michael Snyder
Posted on 09/24/2025 9:35:29 PM PDT b… [+7233 chars]",politics
"{'id': None, 'name': 'Independent.ie'}","Mary Regan, Tabitha Monahan and Maeve McTaggart",Taoiseach rejects change to presidential nominations after Steen and Sheridan cry foul,The Taoiseach has rejected suggestions that the nomination process for the presidential election is “anti-democratic” after a failure of Independent candidates to get on the ballot prompted calls for changes to the rules.,https://www.independent.ie/irish-news/politics/taoiseach-rejects-change-to-presidential-nominations-after-steen-and-sheridan-cry-foul/a1739462381.html,https://focus.independent.ie/thumbor/PctKMgrlBdlreXOfDDu3ytpQbZg=/629x460/smart/prod-mh-ireland/21a80f7e-122c-4493-841e-7b734ed07098/28407e73-bc15-40db-976e-14b97e6214e9/d8409332-a0c1-459e-a934-25f011f2575a.jpg,2025-09-25T04:30:00Z,"Independent Ireland calls for referendum on process
The Taoiseach has rejected suggestions that the nomination process for the presidential election is anti-democratic after a failure of Independent… [+256 chars]",politics
"{'id': None, 'name': 'Independent.ie'}",Letters to the Editor,Letters: Donald Trump’s climate-change denial leaves us weaker in the midst of a global crisis,"In his address to the United Nations General Assembly, Donald Trump portrayed climate agreements as a “globalist concept” that forces successful nations to “inflict pain on themselves”.",https://www.independent.ie/opinion/letters/letters-donald-trumps-climate-change-denial-leaves-us-weaker-in-the-midst-of-a-global-crisis/a948323257.html,https://focus.independent.ie/thumbor/hI1Bf72QGZQyVhAVSbjk1RSVAN4=/0x18:3179x2137/629x0/prod-mh-ireland/6a45daa8-b514-4537-bef7-15db40f74aad/4bae5bcd-d66f-40f3-b185-90e46ea51aee/6a45daa8-b514-4537-bef7-15db40f74aad.jpg,2025-09-25T04:30:00Z,"In his address to the United Nations General Assembly, Donald Trump portrayed climate agreements as a globalist concept that forces successful nations to inflict pain on themselves.This framing is de… [+4856 chars]",politics
"{'id': None, 'name': 'Independent.ie'}",Eilis O'Hanlon,Beating heart of Katherine Zappone’s tender memoir poignantly touches on grief but frustrates on politics,"Political memoirs are a curious subgenre of publishing. Former taoisigh or prime ministers get the big bucks, but sales rarely cover the cost of those huge advances, and the resulting books are often disappointingly reticent.",https://www.independent.ie/entertainment/books/book-reviews/beating-heart-of-katherine-zappones-tender-memoir-poignantly-touches-on-grief-but-frustrates-on-politics/a173138099.html,https://focus.independent.ie/thumbor/SQRLYc5I4gYRDI245xMkePSMhpY=/1x0:3236x2157/629x0/prod-mh-ireland/b60ba47a-ac03-400a-83ca-055ea4e4fb0e/d9e33fd3-ec42-47d9-88fe-9e4eaac957ac/ttyImages_474524904.jpg,2025-09-25T04:30:00Z,"Love in a Time of Politics charts how the former government minister cared for her wife after her brain haemorrhage whilst trying to juggle her political duties
Political memoirs are a curious subge… [+496 chars]",politics
"{'id': None, 'name': 'Independent.ie'}","Mary Regan, Tabitha Monahan and Maeve McTaggart",Taoiseach rejects change to presidential nominations after Steen and Sheridan cry foul,The Taoiseach has rejected suggestions that the nomination process for the presidential election is “anti-democratic” after a failure of Independent candidates to get on the ballot prompted calls for changes to the rules.,https://www.independent.ie/irish-news/taoiseach-rejects-change-to-presidential-nominations-after-steen-and-sheridan-cry-foul/a1739462381.html,https://focus.independent.ie/thumbor/F-AyE7GMhb-cTZhHuzM0SNH3JXM=/629x460/smart/prod-mh-ireland/21a80f7e-122c-4493-841e-7b734ed07098/52d159a9-e503-458c-b627-522cb3cc4a5b/d8409332-a0c1-459e-a934-25f011f2575a.jpg,2025-09-25T04:30:00Z,"Independent Ireland calls for referendum on process
The Taoiseach has rejected suggestions that the nomination process for the presidential election is anti-democratic after a failure of Independent… [+256 chars]",politics
"{'id': 'cnn', 'name': 'CNN'}","Natasha Bertrand, Kylie Atwood",NATO divided on how to respond to repeated Russian incursions | CNN Politics,"NATO allies are divided over whether the alliance should make it a policy to shoot down Russian jets that violate NATO’s airspace, with some countries including the US, Poland, and Baltic nations signaling that future violations should be met with force, whil…",https://www.cnn.com/2025/09/25/politics/nato-divided-repeated-russian-incursions-response,"https://media.cnn.com/api/v1/images/stellar/prod/gettyimages-2234040520.jpg?c=16x9&q=w_800,c_fill",2025-09-25T04:22:40Z,"NATO allies are divided over whether the alliance should make it a policy to shoot down Russian jets that violate NATOs airspace, with some countries including the US, Poland and Baltic nations signa… [+6901 chars]",politics
"{'id': None, 'name': 'Biztoc.com'}",youtube.com,Nepal’s Gen Z Charts a New Political Path #nepal #politics,"Angered by corruption, Nepal’s Gen Z ousted its government and turned to Discord for a new leader.
Read more about Asia's deadliest protest this year: http://
bloom.bg/4mzaDqS
--------
Subscribe to our YouTube channel: https://bit.ly/2TwO8Gm
Subscribe to Bloo…",https://biztoc.com/x/fe57842f1d44ee9d,https://biztoc.com/cdn/fe57842f1d44ee9d_s.webp,2025-09-25T04:17:08Z,"Angered by corruption, Nepals Gen Z ousted its government and turned to Discord for a new leader.Read more about Asia's deadliest protest this year: http://bloom.bg/4mzaDqS--------Subscribe to our Yo… [+127 chars]",politics
"{'id': None, 'name': 'EURACTIV'}",Inés Fernández-Pontes,Meet the far-right catalan party that threatens Sanchez’s coalition,"Although Aliança Catalana is formally separatist, its rise rests on immigration",https://www.euractiv.com/news/meet-the-far-right-catalan-party-that-threatens-sanchez-coalition/,https://www.euractiv.com/content/uploads/sites/2/2025/09/GettyImages-2234717466.jpg,2025-09-25T04:05:51Z,"MADRID Catalonias far-right Aliança Catalana is upending regional politics, with polls showing its rise threatens Junts, the separatists propping up Prime Minister Pedro Sánchezs fragile coalition.
… [+3927 chars]",politics
"{'id': None, 'name': 'Digiday'}",Seb Joseph,Google’s ad tech breakup is now a political hot potato – and Europe’s holding it first,The first move to break up Google's monopoly over online advertising may not come from the U.S. – and that’s a problem.,http://digiday.com/marketing/googles-ad-tech-breakup-is-now-a-political-hot-potato-and-europes-holding-it-first/,https://digiday.com/wp-content/uploads/sites/3/2023/03/hot-potato-digiday.jpg,2025-09-25T04:01:00Z,"The question of how to rein in Googles dominance of digital advertising is now running on two tracks: one in a courtroom in the U.S., the other in Brussels. Attention has largely followed the America… [+5237 chars]",politics
"{'id': None, 'name': 'Americanthinker.com'}",,A Tribute to Robert Redford,"I first heard about Robert Redford from my austere, taciturn school librarian. I had approached her to inquire about a book; she was browsing through the latest Reader's Digest, which had Redford on the cover.",https://www.americanthinker.com/articles/2025/09/a_tribute_to_robert_redford.html,https://images.americanthinker.com/sb/sbvjic1qyelvvs6mr4xs_800.jpg,2025-09-25T04:00:00Z,"I first heard about Robert Redford from my austere, taciturn school librarian. I had approached her to inquire about a book; she was browsing through the latest Reader's Digest, which had Redford on … [+8041 chars]",politics
"{'id': None, 'name': 'Americanthinker.com'}",,Charlie Kirk’s Assassination is Beginning to Fuel a GOP Election Triumph,"The assassination of Charlie Kirk has changed American politics, reshaping voter energy and fueling Republican momentum in ways that few could have predicted.

His death at Utah Valley University earlier this month was a brutal reminder o...",https://www.americanthinker.com/articles/2025/09/charlie_kirk_s_assassination_is_beginning_to_fuel_a_gop_election_triumph.html,https://images.americanthinker.com/nm/nm2awopzjs85pwb4wfdr_800.jpg,2025-09-25T04:00:00Z,"The assassination of Charlie Kirk has changed American politics, reshaping voter energy and fueling Republican momentum in ways that few could have predicted.
His death at Utah Valley University ear… [+8467 chars]",politics
"{'id': None, 'name': 'Americanthinker.com'}",,The Next Terror Calamity Won’t Be Stopped if Blue States Keep Defying Federal Law,"Photo Credit:Free image, Pixabay license.
 
 PixabayA sabotage plot in New York—suspected to bear China’s fingerprints—was foiled by local and federal cooperation. In blue states like California, obstruction is the new currency—and it endangers the entire Rep…",https://www.americanthinker.com/articles/2025/09/the_next_terror_calamity_won_t_be_stopped_if_blue_states_keep_defying_federal_law.html,https://images.americanthinker.com/bj/bjxzo88csvcpe6lrgw3t_800.jpg,2025-09-25T04:00:00Z,Secret Service agents believe they have uncovered a plot that could have compromised the nation’s largest city’s telecommunications network—and law enforcement functions—in preparation for the arriva… [+8196 chars],politics
"{'id': None, 'name': 'Chinadigitaltimes.net'}",Cindy Carter,Translations: “Lying Down” Vloggers Banned for Espousing the Simple Life,"Some popular social media accounts that depict “lying down”—eschewing the rat race in favor of a more frugal, less ambitious, low-consumption lifestyle—have recently been deplatformed, to the dismay of their many fans. Although the bans were ostensibly for “v…",https://chinadigitaltimes.net/2025/09/translations-lying-down-vloggers-banned-for-espousing-the-simple-life/,https://chinadigitaltimes.net/wp-content/uploads/2021/08/CDT-logo.png,2025-09-25T03:48:05Z,"Some popular social media accounts that depict lying downeschewing the rat race in favor of a more frugal, less ambitious, low-consumption lifestylehave recently been deplatformed, to the dismay of t… [+12583 chars]",politics
"{'id': None, 'name': 'International Business Times'}","Nicolas Gaudichet, Eleonore Dermy and Guillaume Daudin with Acil Tabbara in Beirut",France's Sarkozy Set To Learn Fate In Libya Case,"A Paris court is to issue its verdict Thursday in the trial of former French president Nicolas Sarkozy on charges of accepting illegal campaign financing from late Libyan dictator Moamer Kadhafi, with prosecutors demanding a seven-year prison sentence.",https://www.ibtimes.com/frances-sarkozy-set-learn-fate-libya-case-3784402,https://d.ibtimes.com/en/full/4623622/former-french-president-nicolas-sarkozy-has-faced-litany-legal-problems-since-his-sole-term.jpg,2025-09-25T03:42:09Z,"A Paris court is to issue its verdict Thursday in the trial of former French president Nicolas Sarkozy on charges of accepting illegal campaign financing from late Libyan dictator Moamer Kadhafi, wit… [+3651 chars]",politics
"{'id': 'fox-news', 'name': 'Fox News'}",,"Hit-and-run driver kills tourist in NYC after striking couple on street, say witnesses",A person died and another was hospitalized after being struck by a vehicle in Midtown Manhattan Wednesday afternoon.,https://www.foxnews.com/us/hit-and-run-driver-kills-german-tourist-midtown-manhattan-after-striking-couple-street,https://static.foxnews.com/foxnews.com/content/uploads/2025/09/hit-run-manhattan-main.jpg,2025-09-25T03:38:25Z,"A hit-and-run in the heart of Midtown Manhattan Wednesday has left one person dead and another hospitalized, police have confirmed.
The tragic incident happened just before 2:40 p.m, police told Fox… [+1931 chars]",politics
"{'id': None, 'name': 'Digital Journal'}",AFP,France’s Sarkozy set to learn fate in Libya case,"A Paris court is to issue its verdict Thursday in the trial of former French president Nicolas Sarkozy on charges of accepting illegal campaign financing from late Libyan dictator Moamer Kadhafi, with prosecutors demanding a seven-year prison sentence. The ru…",https://www.digitaljournal.com/world/frances-sarkozy-set-to-learn-fate-in-libya-case/article,https://www.digitaljournal.com/wp-content/uploads/2025/09/d24ce62e13020befa5efc39785ce14fbb69e1d73.jpg,2025-09-25T03:38:13Z,"Former French President Nicolas Sarkozy has faced a litany of legal problems since his sole term in office between 2007 and 2012 - Copyright AFP Hugo MATHY
A Paris court is to issue its verdict Thur… [+3853 chars]",politics
"{'id': None, 'name': 'Variety'}",Jack Dunn,‘South Park’: Trump Terrorizes FCC Chair Brendan Carr While Kyle’s Mom Goes to Israel to Yell at Netanyahu,"In the fifth episode of “South Park” Season 27, Kyle and his mother go to war with prediction market apps while Donald Trump inadvertently terrorizes FCC chair Brendan Carr while trying to kill his butt baby with Satan. South Park Elementary is once again eng…",https://variety.com/2025/tv/news/south-park-trump-fcc-brendan-carr-israel-netanyahu-1236528745/,https://variety.com/wp-content/uploads/2025/09/Screenshot-2025-09-24-at-7.42.35 PM.jpg?crop=0px%2C0px%2C1561px%2C878px&resize=1000%2C563,2025-09-25T03:05:53Z,"In the fifth episode of “South Park” Season 27, Kyle and his mother go to war with prediction market apps while Donald Trump inadvertently terrorizes FCC chair Brendan Carr while trying to kill his b… [+4082 chars]",politics
"{'id': None, 'name': 'The Indian Express'}",Vikas Pathak,"Mandal to ‘Nyay Sankalp’: Eye on Bihar polls, INDIA rejigs caste math, bets big on EBC push","Unveiling Atipichhda Nyay Sankalp, Opposition alliance looks to wean EBCs from Nitish, boost Rahul's social justice credentials, and expand RJD's backward base beyond Yadavs",https://indianexpress.com/article/political-pulse/mandal-nyay-sankalp-bihar-polls-india-caste-math-ebc-push-10269977/,https://images.indianexpress.com/2025/09/CWC.png,2025-09-25T03:05:05Z,"Barely one-and-a-half months before the Bihar Assembly elections, the Opposition INDIA bloc made its most decisive bid yet to woo the Extremely Backward Classes (EBCs) Wednesday as it released its At… [+4301 chars]",politics
"{'id': None, 'name': 'Artfulparent.com'}",Tony Moorcroft,"If someone brings up these 10 topics in a conversation, they probably have below-average social skills","Some people light up a room when they walk in. Others… well, they start talking and you can feel the oxygen leave. In my sixties, I’ve seen enough dinner tables and park benches to notice a pattern. People with shaky social radar tend to bring up the same kin…",https://artfulparent.com/d-if-someone-brings-up-these-10-topics-in-a-conversation-they-probably-have-below-average-social-skills/,https://artfulparent.com/wp-content/uploads/2025/09/Posts-1600840-2025-09-25T100220.356.png,2025-09-25T03:03:08Z,"Some people light up a room when they walk in. Others well, they start talking and you can feel the oxygen leave.
In my sixties, Ive seen enough dinner tables and park benches to notice a pattern. P… [+10327 chars]",politics
"{'id': None, 'name': 'The Conversation Africa'}","Michelle Grattan, Professorial Fellow, University of Canberra",Politics with Michelle Grattan: former diplomat Ian Parmeter on an Israel-led ‘one-state solution’,"The former Australian ambassador turned scholar says despite more countries recognising Palestine as a state, a peaceful two-state solution is slipping away.",https://theconversation.com/politics-with-michelle-grattan-former-diplomat-ian-parmeter-on-an-israel-led-one-state-solution-265981,https://images.theconversation.com/files/692796/original/file-20250924-56-60ldn2.jpg?ixlib=rb-4.1.0&rect=0%2C659%2C5897%2C2948&q=45&auto=format&w=1356&h=668&fit=crop,2025-09-25T02:52:18Z,"International politics is centre stage again, with world leaders in New York this week for the 80th session of the United Nations General Assembly. On the forefront of the agenda has been the recogni… [+4107 chars]",politics
"{'id': None, 'name': 'New York Post'}",Natalie O'Neill,"Mom who lost daughter, 15, to suicide after online bullying urges UN General Assembly to support laws banning kids’ from social media: ‘Died from a thousand cuts’","“Afterwards, police confirmed her phone history was full of Snapchat, Instagram and TikTok videos and images related to suicide, death and mental illness.""",https://nypost.com/2025/09/24/world-news/mom-who-lost-daughter-15-to-suicide-after-online-bullying-urges-un-general-assembly-to-support-laws-banning-kids-from-social-media/,https://nypost.com/wp-content/uploads/sites/2/2025/09/112055927.jpg?quality=75&strip=all&w=1024,2025-09-25T02:51:33Z,A heartbroken mom who lost her 15-year-old daughter to suicide after cruel online bullying urged world leaders to support legislation banning kids use of social media during a UN General Assembly in … [+3723 chars],politics
"{'id': None, 'name': 'Freerepublic.com'}",Brian Cate Substack,The Thrill Is Gone,"And it’s never coming back…“I’m so awesome I’m singlehandedly holding back the wave of long-anticipated-but-never-seeming-to-arrive-tidal-wave-of-white-male-right-wing-domestic-terrorism! I’m so noble, no one will ever know it was ME holding them back, gettin…",https://freerepublic.com/focus/f-bloggers/4342500/posts,,2025-09-25T02:48:42Z,"Skip to comments.
The Thrill Is GoneBrian Cate Substack ^
 | 24 Sep 2025
 | Brian Cates
Posted on 09/24/2025 7:48:42 PM PDT by Rummyfan
And its never coming back
Im so awesome Im singlehandedly… [+1398 chars]",politics
"{'id': None, 'name': 'Bleeding Cool News'}",Ray Flook,"South Park S27E05 Thoughts: FCC, Trump/JD Vance, Israel/Gaza & More","As much as we would've loved getting a new episode last week, there's just something that feels right about Trey Parker and Matt Stone's South Park returning the night after late-night host Jimmy Kimmel returned to ABC after a controversial six-day suspension…",https://bleedingcool.com/tv/south-park-s27e05-thoughts-fcc-trump-jd-vance-israel-gaza-more/,https://bleedingcool.com/wp-content/uploads/2025/09/MixCollage-24-Sep-2025-10-37-PM-271.jpg,2025-09-25T02:47:04Z,"Posted in: Comedy Central, Opinion, TV, TV | Tagged: south park
South Park S27E05: ""Conflict of Interest"" hit hard, from a dig at FCC Chair Brendan Carr to JD Vance, Trump/abortion, Israel/Gaza, and… [+6015 chars]",politics
"{'id': 'nbc-news', 'name': 'NBC News'}","Monica Alba, Zoë Richards",White House lays groundwork for mass government firings if there's a shutdown,The Office of Management and Budget says in a memo that agencies should prepare reduction-in-force plans to accompany furloughs if a spending bill isn't passed next week.,https://www.nbcnews.com/politics/white-house/white-house-omb-memo-mass-firings-government-shutdown-congress-rcna233590,"https://media-cldnry.s-nbcnews.com/image/upload/t_nbcnews-fp-1200-630,f_auto,q_auto:best/rockcms/2025-09/250924-Russell-Vought-ac-931p-01f36b.jpg",2025-09-25T02:46:47Z,The White House is raising the stakes of a potential government shutdown by drafting a request for federal agencies to prepare reduction in force plans in case Congress doesnt pass a spending bill be… [+2577 chars],politics
"{'id': 'fox-news', 'name': 'Fox News'}",,White House tells federal agencies to prepare layoff plans as government shutdown looms,"The White House budget office directed federal agencies to prepare reduction-in-force plans, warning shutdowns would target programs not required to continue.",https://www.foxnews.com/politics/white-house-tells-federal-agencies-prepare-layoff-plans-government-shutdown-looms,https://static.foxnews.com/foxnews.com/content/uploads/2025/06/congress.png,2025-09-25T02:44:02Z,"The White House Office of Management and Budget (OMB) is telling federal agencies to draw up reduction-in-force (RIF) plans ahead of a possible government shutdown on Oct. 1, according to an internal… [+1926 chars]",politics
"{'id': None, 'name': 'New York Post'}",Victor Nava,Senate GOP leader John Thune ‘very concerned’ about Trump admin’s Tylenol warning,"“I think that science ought to guide these discussions, these conversations and our decision making around our health,” Thune argued. “There are studies out there that they reference – but again, I think there are an awful lot of people in the medical communi…",https://nypost.com/2025/09/24/us-news/senate-gop-leader-john-thune-very-concerned-about-trump-admins-tylenol-warning-we-ought-to-be-very-guarded-in-making-broad-assertions/,https://nypost.com/wp-content/uploads/sites/2/2025/09/112072421.jpg?quality=75&strip=all&w=1024,2025-09-25T02:34:32Z,"Senate Majority Leader John Thune voiced his reservations Wednesday with the Trump administration linking Tylenol use in pregnancy to autism in children, indicating he was very concerned about the im… [+3147 chars]",politics
"{'id': None, 'name': 'Activistpost.com'}",Editor,The Death Cult,"Issue #240 Every creature is better alive than dead, men and moose and pine trees, and he who understands it aright will rather preserve its life than destroy it. ~ Henry David Thoreau We will turn our hearts into steel….We will make our hearts cruel, hard, a…",https://www.activistpost.com/the-death-cult/,https://www.activistpost.com/wp-content/uploads/2025/09/Activist-Website-Images-4.jpg,2025-09-25T02:34:00Z,"Issue #240
Every creature is better alive than dead, men and moose and pine trees, and he who understands it aright will rather preserve its life than destroy it. ~ Henry David Thoreau
We will turn… [+8774 chars]",politics
"{'id': 'fox-news', 'name': 'Fox News'}",,Dearborn mayor refuses to apologize for telling Christian minister he was 'not welcome here',"Christian minister Ted Barham again told Mayor Hammoud “God bless you"" in a Dearborn City Council meeting after their viral clash where Hammoud said he was “not welcome.""",https://www.foxnews.com/us/dearborn-mayor-refuses-apologize-telling-christian-minister-not-welcome-here,https://static.foxnews.com/foxnews.com/content/uploads/2025/09/dearborn-mayor-doubles-down-against-christian-minister.jpg,2025-09-25T02:32:11Z,"At Dearborn, Michigans first city council meeting since his clash with a local Christian minister went viral after a heated exchange over a controversial honorary street sign naming, Mayor Abdullah H… [+4705 chars]",politics
"{'id': None, 'name': 'Globalsecurity.org'}",John Pike,We must ensure AI strengthens peace and security: UK Statement at the UN Security Council,"Statement by The Rt Hon David Lammy, Lord Chancellor and Secretary of State for Justice and Deputy Prime Minister, at the UN Security Council meeting on Artificial Intelligence.",https://www.globalsecurity.org/military/library/news/2025/09/mil-250924-ukfcdo01.htm,,2025-09-25T02:30:30Z,"Speech
Statement by The Rt Hon David Lammy, Lord Chancellor and Secretary of State for Justice and Deputy Prime Minister, at the UN Security Council meeting on Artificial Intelligence.
From: Foreig… [+3241 chars]",politics
"{'id': None, 'name': 'Biztoc.com'}",benzinga.com,Tim Cook's Visit To Japan: From Meetings With Fumio Kishida And The Digital Minister To Hugging Pikachu — What's Apple CEO Doing In Tokyo?,"Apple Inc. (NASDAQ:AAPL) CEO Tim Cook is in Japan this week, blending politics, pop culture and product promotion ahead of the grand reopening of Apple Ginza, the company's flagship Tokyo store.
Apple shares fell 0.83% on Wednesday but have risen 5.11% over t…",https://biztoc.com/x/8c762bb722df0e9f,https://biztoc.com/cdn/8c762bb722df0e9f_s.webp,2025-09-25T02:25:27Z,"Apple Inc. (NASDAQ:AAPL) CEO Tim Cook is in Japan this week, blending politics, pop culture and product promotion ahead of the grand reopening of Apple Ginza, the company's flagship Tokyo store.Apple… [+143 chars]",politics
"{'id': None, 'name': 'Freerepublic.com'}",CNN,Trump White House hangs image of Biden autopen signature in new ‘Presidential Walk of Fame’,"President Donald Trump has introduced a “Presidential Walk of Fame” along a noticeable walkway outside the West Wing of the White House. “The Presidential Walk of Fame has arrived on the West Wing Colonnade,” special assistant to the president and communicati…",https://freerepublic.com/focus/f-news/4342497/posts,,2025-09-25T02:21:58Z,"Skip to comments.
Trump White House hangs image of Biden autopen signature in new Presidential Walk of FameCNN ^
 | September 24, 2025
 | Alejandra Jaramillo
Posted on 09/24/2025 7:21:58 PM PDT b… [+2559 chars]",politics
"{'id': None, 'name': 'Crikey'}",Cochon Truffier,"The Guardian’s pricey sweaters stick it to the man, Optus hires a veteran lobbyist, and Peter Thiel’s Antichrist address","Plus where do Australia's politicians travel most? We have the list.
The post The Guardian’s pricey sweaters stick it to the man, Optus hires a veteran lobbyist, and Peter Thiel’s Antichrist address appeared first on Crikey.",http://www.crikey.com.au/2025/09/25/crikey-tips-optusguardian-peter-thiel-antichrist/,https://www.crikey.com.au/wp-content/uploads/sites/3/2025/09/tips25sep.jpg?quality=70&w=1024,2025-09-25T02:15:55Z,"Crikey is an independent Australian source for news, investigations, analysis and opinion focusing on politics, media, economics, health, international affairs, the climate, business, society and cul… [+4 chars]",politics
"{'id': None, 'name': 'Biztoc.com'}",unherd.com,Faith is the new Successor Ideology,"Six years ago, the writer Wesley Yang coined “the Successor Ideology” to describe the tangle of woke identity and grievance politics that overran Western cultural institutions. The term was potent because it captured the sense that something fundamental had c…",https://biztoc.com/x/ba70068d9c38bef4,https://biztoc.com/cdn/ba70068d9c38bef4_s.webp,2025-09-25T02:14:30Z,"Six years ago, the writer Wesley Yang coined the Successor Ideology to describe the tangle of woke identity and grievance politics that overran Western cultural institutions. The term was potent beca… [+143 chars]",politics
"{'id': None, 'name': 'Advocate.com'}",Trudy Ring,Ryan Walters wants Turning Point chapters in Oklahoma high schools — or will he resign before it happens?,"Ryan Walters, the right-wing extremist who’s Oklahoma superintendent of public instruction, has a new big idea: Turning Point USA chapters in all the state’s high schools.",https://www.advocate.com/news/ryan-walters-turning-point,https://www.advocate.com/media-library/ryan-walters.jpg?id=52517404&width=1200&height=600&coordinates=0%2C39%2C0%2C39,2025-09-25T02:14:15Z,"Ryan Walters, the right-wing extremist whos Oklahoma superintendent of public instruction, has a new big idea: Turning Point USA chapters in all the states high schools.
Keep up with the latest in L… [+5090 chars]",politics
"{'id': 'breitbart-news', 'name': 'Breitbart News'}","Jasmyn Jordan, Jasmyn Jordan",Tom Tiffany Launches Campaign for Wisconsin Governor with Promise to ‘Clean Up the Bull’ in Madison,"Rep. Tom Tiffany (R-WI) announced Tuesday he is running for governor of Wisconsin, releasing a campaign video highlighting his upbringing on a dairy farm and his vision for the state’s future.
The post Tom Tiffany Launches Campaign for Wisconsin Governor with…",https://www.breitbart.com/politics/2025/09/24/tom-tiffany-launches-campaign-for-wisconsin-governor-with-promise-to-clean-up-the-bull-in-madison/,https://media.breitbart.com/media/2025/09/Tom-Tiffany-640x335.jpeg,2025-09-25T02:12:30Z,"Rep. Tom Tiffany (R-WI) announced Tuesday he is running for governor of Wisconsin, releasing a campaign video highlighting his upbringing on a dairy farm and his vision for the states future.
Rep. T… [+2104 chars]",politics
"{'id': None, 'name': 'The Daily Caller'}",Hailey Gomez,‘She’s Not The Hero’: Fmr Dem Rep Advises Kamala What To Do Instead Of ‘Blaming’ And Complaining,"Harold Ford Jr. said Harris should be thanking Democrats for her 2024 presidential nomination instead of ""blaming"" them and ""making excuses.""",https://dailycaller.com/2025/09/24/harold-ford-jr-the-five-kamala-harris-book-tour-democrats/,"https://images.dailycaller.com/image/width=1280,height=549,fit=cover,format=webp,f=auto/https://cdn01.dailycaller.com/wp-content/uploads/2025/09/Screenshot-2025-09-24-at-4.23.36%e2%80%afPM-e1758756307310.png",2025-09-25T02:11:38Z,Former Democrat Tennessee Rep. Harold Ford Jr. said Wednesday on Fox News’ “The Five” that former Vice President Kamala Harris should thank Democrats for her 2024 presidential nomination instead of “… [+4978 chars],politics
"{'id': None, 'name': 'The Indian Express'}",Neerja Chowdhury,"Wheels within wheels in Bihar: Amid NDA vs INDIA, why polls may rejig lines between allies","There may be a flip side to an NDA victory crafted by Nitish Kumar, as far as BJP is concerned. It could strengthen his bargaining position vis-a-vis his senior ally in Delhi.",https://indianexpress.com/article/political-pulse/wheels-within-wheels-bihar-nda-vs-india-polls-rejig-lines-allies-10269965/,https://images.indianexpress.com/2025/08/Nitish-Kumar-2.jpg,2025-09-25T02:05:54Z,"Complex are the ways of coalition politics in India. It is hardly surprising then that Bihar should today present such a curious scenario marked with contradictions, even as all-out attempts are bein… [+7386 chars]",politics
"{'id': None, 'name': 'New Zealand Herald'}","Chris Knox, Jaime Lyth",Parliament launches inquiry into National MP Carl Bates’ undeclared 25 properties,Parliament’s Registrar has ruled an inquiry into Bates is warranted.,https://www.nzherald.co.nz/nz/parliament-launches-inquiry-into-national-mp-carl-bates-undeclared-25-properties/7WKKCGJMB5FDPFXEUUAMK5BT3U/,https://www.nzherald.co.nz/resizer/v2/YXQHDNK5M5GNFOEN7NBN6QSUIA.JPG?auth=b34be9124d35f36daeaca6d65d25eb36ec27ae3974c0943ef00c6d63d1ca6553&width=1200&height=675&quality=70&focal=1063%2C396&smart=false,2025-09-25T01:57:25Z,The registrars preliminary review took account of the degree of importance of the matter under inquiry; whether the matter may involve a breach of the obligations to make a return; and whether the ma… [+1838 chars],politics
"{'id': None, 'name': 'Freerepublic.com'}",Breitbart,Trump to Sign Executive Order Dismantling ‘Domestic Terrorism Networks’,President Donald Trump revealed that he will sign an executive order to “dismantle” left-wing domestic terrorism networks after a man shot at a U.S. Immigration and Customs Enforcement (ICE) facility in Dallas with “anti-ICE” writings on his shell casings.In …,https://freerepublic.com/focus/f-news/4342492/posts,,2025-09-25T01:56:33Z,"Skip to comments.
Trump to Sign Executive Order Dismantling Domestic Terrorism NetworksBreitbart ^
 | 24 Sep 2025
 | Elizabeth Weibel
Posted on 09/24/2025 6:56:33 PM PDT by SoConPubbie
President… [+2532 chars]",politics
"{'id': None, 'name': 'Biztoc.com'}",thestreet.com,"Fed chair cites dual risks over jobs, inflation as politics loom","Allegations that the Federal Reserve's policymaking has been tainted by left-leaning political pressures are pure poppycock.
According to Fed Chair Jerome Powell, the turgid political relationship between the independent central bank and the White House has n…",https://biztoc.com/x/a0738a5d181bb680,https://biztoc.com/cdn/a0738a5d181bb680_s.webp,2025-09-25T01:52:11Z,"Allegations that the Federal Reserve's policymaking has been tainted by left-leaning political pressures are pure poppycock.According to Fed Chair Jerome Powell, the turgid political relationship bet… [+140 chars]",politics
"{'id': None, 'name': 'Biztoc.com'}",newsweek.com,"Regardless of Politics, Leaders Say Sustainable Policies 'Make Sense'","""Whatever your political beliefs, these are just good projects, good opportunities,"" Brad Pliema said.",https://biztoc.com/x/172df69636d66da5,https://biztoc.com/cdn/950/og.png,2025-09-25T01:51:52Z,"""Whatever your political beliefs, these are just good projects, good opportunities,"" Brad Pliema said.
This story appeared on newsweek.com, 2025-09-25 01:47:49.",politics
"{'id': 'the-times-of-india', 'name': 'The Times of India'}",ETtech,Swiggy Instamart’s inventory pivot; Smaller UPI firms gain share,Happy Thursday! Swiggy may follow its rival Eternal’s footsteps and switch to an inventory-led model for its quick commerce service. This and more in today’s ETtech Morning Dispatch.,https://economictimes.indiatimes.com/tech/newsletters/morning-dispatch/swiggy-instamarts-inventory-pivot-smaller-upi-firms-gain-share/articleshow/124102564.cms,"https://img.etimg.com/thumb/msid-124102564,width-1070,height-580,imgsize-211536,overlay-ettech/editionshow.jpg",2025-09-25T01:37:07Z,Happy Thursday! Swiggy's recent move to restructure its Instamart business may be a step towards a larger pivot. This and more in todays ETtech Morning Dispatch.Also in the letter:H-1B chaos continue… [+5493 chars],politics
"{'id': 'fox-news', 'name': 'Fox News'}",,Violet Affleck demands clean air at UN but is 'powerless over dad getting off cigarettes': expert,Violet Affleck spoke at a UN panel on healthy indoor air while experts note the irony of her father Ben Affleck's smoking outside.,https://www.foxnews.com/entertainment/violet-affleck-demands-clean-air-un-powerless-over-dad-getting-off-cigarettes-expert,https://static.foxnews.com/foxnews.com/content/uploads/2025/09/affleck-un-masks-clean-air.jpg,2025-09-25T01:35:41Z,"Violet Affleck took the stage at the United Nations (U.N.) to demand clean air and as her father, Hollywood star Ben Affleck, wrestles with his smoking habit.
Wearing a KN95 mask, the 19-year-old Ya… [+2356 chars]",politics
"{'id': None, 'name': 'The Advocate'}",Sean Ford,"West Coast towns face danger with open drains, councillor says","Open drains pose safety risks in Strahan, Rosebery and more, councillor says. Liz Hamer urges modern upgrades.",https://www.theadvocate.com.au/story/9071960/west-coast-towns-face-danger-with-open-drains-councillor-says/,https://www.theadvocate.com.au/images/transform/v1/crop/frm/f35ndb3GgpgdJDz6gtVeqN/ad2ced4e-6f87-4ee5-88e7-9cbebf5381d0.jpg/r0_36_1920_1044_w1200_h630_fmax.jpg,2025-09-25T01:25:56Z,"Open drains in a series of towns are dangerous and should be brought up to modern standards, a councillor says.
Subscribe today for the news that matters
Loginor signup to continue reading
All art… [+3523 chars]",politics
"{'id': None, 'name': 'KQED'}",Scott Shafer,Groundbreaking Journalist Belva Davis Dies at 92,"Davis, a legend of Bay Area journalism, was the first Black woman to be hired as a TV journalist on the West Coast.",https://www.kqed.org/news/11962918/groundbreaking-journalist-belva-davis-dies-at-92,https://ww2.kqed.org/app/uploads/sites/10/2023/10/231024-Belva-Davis-Getty-CAG-KQED-1020x671.jpg,2025-09-25T01:25:03Z,"During an interview at Google in 2011, Davis recalled the treatment she and others including her radio news director, Louis Freeman, received that week, such as being denied press passes.
“We were i… [+7286 chars]",politics
"{'id': None, 'name': 'Lawyersgunsmoneyblog.com'}",Scott Lemieux,Bobby Kennedy to “do his own research” on medication abortions,"While not surprising, this is still extremely bad: While the country is distracted by Donald Trump’s obscene lie that Tylenol during pregnancy causes autism, the administration is making their next major move against abortion pills. The Department of Health a…",https://www.lawyersgunsmoneyblog.com/2025/09/bobby-kennedy-to-do-his-own-research-on-medication-abortions,https://www.lawyersgunsmoneyblog.com/wp-content/uploads/2025/09/rfk-mcd-1024x599.png,2025-09-25T01:24:42Z,"While the country is distracted by Donald Trumps obscene lie that Tylenol during pregnancy causes autism, the administration is making their next major move against abortion pills. The Department of … [+1721 chars]",politics
"{'id': None, 'name': 'Yahoo Entertainment'}",Ben Simon,Canada's Indigenous wary of mining push in rich 'Ring of Fire',"Growing up in northern Canada, Sol Mamakwa said his Indigenous community knew their land held valuable minerals, but he didn't understand the scale of the...",https://www.yahoo.com/news/articles/canadas-indigenous-wary-mining-push-012400175.html,https://media.zenfs.com/en/afp.com/a2635a84bb95e47b67280f6a9d6cf4a2,2025-09-25T01:24:00Z,"Growing up in northern Canada, Sol Mamakwa said his Indigenous community knew their land held valuable minerals, but he didn't understand the scale of the potential riches until later in life.
""My g… [+4040 chars]",politics
"{'id': None, 'name': 'Mypeoplesreview.com'}",People's Review,Old parties facing existential crisis after Gen Z protest,"By Our Reporter The Gen Z revolt shook Nepal’s politics in ways that few revolutions have. The protests did not […]
The post Old parties facing existential crisis after Gen Z protest appeared first on Peoples' Review.",https://mypeoplesreview.com/2025/09/25/old-parties-facing-existential-crisis-after-gen-z-protest/,https://mypeoplesreview.com/wp-content/uploads/2025/09/Oli-Deuba-and-prachanda.jpg,2025-09-25T01:23:43Z,"By Our Reporter
The Gen Z revolt shook Nepal's politics in ways that few revolutions have. The protests did not just topple the UML-Nepali Congress coalition government, they dissolved the lower hou… [+3436 chars]",politics
"{'id': 'the-times-of-india', 'name': 'The Times of India'}",AP,"China's Xi takes a step back, putting a lieutenant in the limelight at UN meeting","Xi Jinping is reducing overseas trips, delegating tasks to loyalists like Premier Li Qiang, who addressed the U.N. General Assembly. This shift reflects Xi's confidence in China's global influence, with foreign leaders now visiting Beijing. While Li takes on …",https://economictimes.indiatimes.com/news/international/world-news/chinas-xi-takes-a-step-back-putting-a-lieutenant-in-the-limelight-at-un-meeting/articleshow/124102503.cms,"https://img.etimg.com/thumb/msid-124102520,width-1200,height-630,imgsize-109158,overlay-economictimes/articleshow.jpg",2025-09-25T01:22:06Z,"It would have been natural for Chinese leader Xi Jinping to address the U.N. General Assembly in the 80th anniversary year of the founding of the United Nations. But he won't.Instead, Premier Li Qian… [+4677 chars]",politics
"{'id': 'cbs-news', 'name': 'CBS News'}",Camilo  Montoya-Galvez,"ICE head says deadly Dallas facility shooting was an ""indiscriminate"" attack","Todd Lyons, head of U.S. Immigration and Customs Enforcement, said the shooter ""fired indiscriminately"" into the ICE field office in Dallas and vehicles stationed there.",https://www.cbsnews.com/news/ice-todd-lyons-dallas-shooting-indiscriminate-attack/,https://assets1.cbsnewsstatic.com/hub/i/r/2025/09/25/39c853cd-a740-451a-8008-270d8393de25/thumbnail/1200x630/068f201291753c576d15c397e55b3392/ap25267531793975.jpg,2025-09-25T01:20:35Z,"The head of U.S. Immigration and Customs Enforcement said the shooting at a Dallas processing facility that left one detainee dead on Wednesday ""could have been worse,"" telling CBS News the sniper's … [+2554 chars]",politics
"{'id': None, 'name': 'Slashdot.org'}",feedfeeder,HHS Reposts Tylenol’s Own Old Tweet Warning on Pregnancy Use - Bloomberg.com,"HHS Reposts Tylenol’s Own Old Tweet Warning on Pregnancy UseBloomberg.com Thune breaks with Trump admin over Tylenol, government role in free speechPolitico Trump’s Tylenol Advice and the Politics of ‘Tough It Out’The New York Times What the research says abo…",https://slashdot.org/firehose.pl?op=view&amp;id=179523918,,2025-09-25T01:12:50Z,The Fine Print: The following comments are owned by whoever posted them. We are not responsible for them in any way.,politics
"{'id': None, 'name': 'The Indian Express'}",Ritika Chopra,"‘Trump sees China as economic rival, not in geopolitical sense…in this vision, India no longer enjoys priority’","Ashley J Tellis, former senior adviser to the US ambassador to India, speaks to Ritika Chopra on how New Delhi can navigate the new realities under Trump. Edited excerpts",https://indianexpress.com/article/explained/explained-global/interview-tellis-trump-china-economic-rival-geopolitical-india-10269244/,https://images.indianexpress.com/2025/09/Trump-Tellis-interview.jpg,2025-09-25T01:01:30Z,"When things seemed to be coming back on track, came another twist the $100,000 fee on new H-1B petitions. Is this for leverage in trade talks or a deeper shift in how Washington views skilled immigra… [+9771 chars]",politics
"{'id': 'fox-news', 'name': 'Fox News'}",,Youngkin urges Turning Point crowd to carry on Kirk’s fight for faith and freedom,"During one of the first Turning Point USA events since Charlie Kirk’s assassination, Gov. Glenn Youngkin shared a message of hope, telling students, “you are the next Charlie Kirk.""",https://www.foxnews.com/politics/youngkin-urges-turning-point-crowd-carry-kirks-fight-faith-freedom,https://static.foxnews.com/foxnews.com/content/uploads/2025/09/tpusa-event-youngkin.png,2025-09-25T01:01:29Z,"During one of the first Turning Point USA events since Charlie Kirks assassination, Republican Gov. Glenn Youngkin shared a message of hope and faith, telling students, ""All of you are the next Charl… [+3001 chars]",politics
"{'id': 'fox-news', 'name': 'Fox News'}",,Longtime Trump advisor to depart the White House at month’s end,"Taylor Budowich, Trump’s deputy chief of staff for communications and personnel, is set to depart the White House at month’s end after overseeing messaging and staffing.",https://www.foxnews.com/politics/longtime-trump-advisor-depart-white-house-months-end,https://static.foxnews.com/foxnews.com/content/uploads/2025/09/budowich-stepping-down-from-trump-wh-post.jpg,2025-09-25T01:00:49Z,"Taylor Budowich, White House deputy chief of staff for communications and personnel, is set to leave the administration at the end of the month, Fox News has confirmed.
Budowichs exit marks the most… [+3257 chars]",politics
"{'id': 'breitbart-news', 'name': 'Breitbart News'}","Elizabeth Weibel, Elizabeth Weibel",Democrat Abigail Spanberger Slammed for 'Let Your Rage Fuel You' Comments,"Virginia Democrat gubernatorial candidate Abigail Spanberger was criticized for comments made in a video posted to social media, calling for supporters to let their ""rage fuel"" them.
The post Democrat Abigail Spanberger Slammed for ‘Let Your Rage Fuel You’ Co…",https://www.breitbart.com/politics/2025/09/24/democrat-abigail-spanberger-slammed-let-rage-fuel-you-comments/,https://media.breitbart.com/media/2025/09/Fairfax-Virginia-Abigail-Spanberger-sept-19-2025-getty-640x335.jpg,2025-09-25T00:56:41Z,"Virginia Democrat gubernatorial candidate Abigail Spanberger was criticized for comments made in a video posted to social media, calling for supporters to let their “rage fuel” them.
In the video, s… [+3286 chars]",politics
"{'id': None, 'name': 'Politicalwire.com'}",Taegan Goddard,Democrats Must Drop ‘Planetary Emergency’ Talk,"Sen. Brian Schatz (D-HI) said that his party needed to change the way it talked about climate change if Democrats hoped to win over new voters, the New York Times reports. Said Schatz: “You could",https://politicalwire.com/2025/09/24/democrats-must-drop-planetary-emergency-talk/,https://politicalwire.com/wp-content/uploads/2018/02/PW-podcast-logo.jpg,2025-09-25T00:48:00Z,"“There are a lot of blogs and news sites claiming to understand politics, but only a few actually do. Political Wire is one of them.”
 Chuck Todd, host of “Meet the Press”
“Concise. Relevant. To th… [+594 chars]",politics
"{'id': None, 'name': 'Freerepublic.com'}",Daily Mail UK,Hillary Clinton slams Christian white men on Morning Joe two weeks after Charlie Kirk assassination,"Hillary Clinton hit out at white Christian men just two weeks after Charlie Kirk's assassination. The former first lady found fault with Christian conservatism during an appearance on MSNBC's Morning Joe Wednesday, saying she disapproved of the ideology becau…",https://freerepublic.com/focus/f-religion/4342465/posts,,2025-09-25T00:42:13Z,"Skip to comments.
Hillary Clinton slams Christian white men on Morning Joe two weeks after Charlie Kirk assassinationDaily Mail UK ^
 | September 24, 2025
 | Alex Hammer
Posted on 09/24/2025 5:42… [+2983 chars]",politics
"{'id': None, 'name': 'Thegatewaypundit.com'}",Cassandra MacDonald,Nearly 8 in 10 Voters Say the United States is in Political Crisis After the Assassination of Charlie Kirk,"Nearly eight in ten voters believe that the United States is in a political crisis in the wake of the assassination of conservative icon Charlie Kirk.
The post Nearly 8 in 10 Voters Say the United States is in Political Crisis After the Assassination of Charl…",https://www.thegatewaypundit.com/2025/09/nearly-8-10-voters-say-united-states-is/,https://www.thegatewaypundit.com/wp-content/uploads/2025/09/thumbnail-20.jpg,2025-09-25T00:40:32Z,"Nearly eight in ten voters believe that the United States is in a political crisis in the wake of the assassination of conservative icon Charlie Kirk.
According to a Quinnipiac University national p… [+2397 chars]",politics
"{'id': None, 'name': 'Slashdot.org'}",feedfeeder,Trump faces Republican backlash over Kennedy’s autism and vaccine claims - The Guardian,"Trump faces Republican backlash over Kennedy’s autism and vaccine claimsThe Guardian Trump’s Tylenol Advice and the Politics of ‘Tough It Out’The New York Times Doctors still recommend Tylenol for fevers or pain in pregnancy, say Trump's ""tough it out"" commen…",https://slashdot.org/firehose.pl?op=view&amp;id=179523636,,2025-09-25T00:33:16Z,The Fine Print: The following comments are owned by whoever posted them. We are not responsible for them in any way.,politics
"{'id': None, 'name': 'Hollywood Reporter'}",Winston Cho,Disney Hit With Legal Salvo From Shareholders Over Kimmel Suspension,"The entertainment giant may soon have to turn over documents and communications dealing with the late-night host's sidelining, including company moderation polices and copies of deals with affiliate stations addressing their right to pre-empt programming.",http://www.hollywoodreporter.com/business/business-news/disney-hit-legal-salvo-shareholders-jimmy-kimmel-suspension-1236379327/,https://www.hollywoodreporter.com/wp-content/uploads/2024/12/GettyImages-2179288051.jpg?crop=0px%2C103px%2C2939px%2C1645px&resize=1440%2C810,2025-09-25T00:31:53Z,"A group of Disney shareholders are exercising their right to demand materials related to the company’s decision last week to suspend Jimmy Kimmel‘s late-night show, a precursor to a potential lawsuit… [+3091 chars]",politics
"{'id': None, 'name': 'Freerepublic.com'}",Nashville Banner,"Sara Jane Moore, Who Tried to Kill President Ford, Dies in Franklin at 95","Sara Jane Moore, the would-be assassin of President Gerald Ford, died Wednesday at a nursing facility in Franklin. She was 95. Moore’s death came two days after the 50th anniversary of her attempt to kill Ford outside the St. Francis Hotel in San Francisco in…",https://freerepublic.com/focus/f-news/4342463/posts,,2025-09-25T00:30:26Z,"Skip to comments.
Sara Jane Moore, Who Tried to Kill President Ford, Dies in Franklin at 95Nashville Banner ^
 | 9/24/25
 | Demetria Kalodimos and Steve Cavendish
Posted on 09/24/2025 5:30:26 PM … [+3781 chars]",politics
"{'id': None, 'name': 'Freerepublic.com'}",Nashville Banner,"Sara Jane Moore, Who Tried to Kill President Ford, Dies in Franklin at 95","Sara Jane Moore, the would-be assassin of President Gerald Ford, died Wednesday at a nursing facility in Franklin. She was 95. Moore’s death came two days after the 50th anniversary of her attempt to kill Ford outside the St. Francis Hotel in San Francisco in…",https://freerepublic.com/focus/f-chat/4342463/posts,,2025-09-25T00:30:26Z,"Skip to comments.
Sara Jane Moore, Who Tried to Kill President Ford, Dies in Franklin at 95Nashville Banner ^
 | 9/24/25
 | Demetria Kalodimos and Steve Cavendish
Posted on 09/24/2025 5:30:26 PM … [+5580 chars]",politics
"{'id': None, 'name': 'Livemint'}",Dhirendra Kumar,India spots a blueprint to pursue greater access to Japanese market,"India is preparing to review its 2011 pact with Japan as India's exports to its long-time partner have stayed stagnant, while Japanese imports into the country have doubled. New Delhi seeks a pact modelled on the Japan-US deal, allowing American products grea…",https://www.livemint.com/industry/japan-trade-deal-us-model-rice-exports-trade-deficit-duty-free-access-agri-pharma-it-services-asean-korea-china-auto-11758709041059.html,https://www.livemint.com/lm-img/img/2025/09/24/1600x900/logo/2-0-82686814-RICE1-4Cnew--0_1681460298075_1758717135470.jpg,2025-09-25T00:20:07Z,New Delhi: India is set to pursue a new trade deal with Japan seeking greater market accessmodelled on the East Asian giants pact with the USas New Delhi seeks to correct the trade gap with its long-… [+4738 chars],politics
"{'id': None, 'name': 'New Zealand Herald'}",Audrey Young,Why Mood of the Boardroom winner Erica Stanford is more popular outside caucus than in it – Audrey Young,OPINION: There’s a world of difference between being a good minister and a good leader.,https://www.nzherald.co.nz/nz/politics/why-mood-of-the-boardroom-winner-erica-stanford-is-more-popular-outside-caucus-than-in-it-audrey-young/CPNMKSKB3JHFHNXD5SPRCWY5FM/,https://www.nzherald.co.nz/resizer/v2/MO2ZDC34XFAW7KK662NT3ZIK4Q.webp?auth=6225b738c133bbce3eafec11fd0acac8d24c1a8e5915eab8aec64b0476266eba&width=1200&height=675&quality=70&focal=556%2C302&smart=false,2025-09-25T00:18:07Z,"But while Bishop and Willis cant be discounted, their stocks have fallen. Bishop, who is the smartest guy in Cabinet, is probably not flavour of the month in Auckland as he pushes the Governments mov… [+8255 chars]",politics
"{'id': None, 'name': 'Israelnationalnews.com'}",Israel National News,Gantz: Unilateral Palestinian statehood is a reward for terror,"In an op-ed for the New York Times, former Defense Minister Benny Gantz warns that Western recognition of Palestinian statehood rewards terror and defies Israel’s bipartisan security consensus.",https://www.israelnationalnews.com/news/415372,https://2.a7.org/files/pictures/000/1197275.jpg,2025-09-25T00:17:21Z,"Former Defense Minister Benny Gantz issued a stark warning to the international community in a New York Times op-ed, asserting that growing Western support for unilateral recognition of Palestinian s… [+1604 chars]",politics
"{'id': 'cbs-news', 'name': 'CBS News'}",Joe  Walsh,Judge rules Trump admin. can't require states to cooperate with ICE to get FEMA grants,"The Trump administration faced a legal setback in its push to cut off funding to ""sanctuary"" cities and states",https://www.cbsnews.com/news/trump-administration-immigration-fema-grants-ruling-sanctuary-state/,https://assets1.cbsnewsstatic.com/hub/i/r/2025/08/27/baefd089-d6b7-40d2-9aa6-7a9e4a9625f8/thumbnail/1200x630/ef89d6440b975ac128fd6d43a5e8ffee/gettyimages-2176966215.jpg,2025-09-25T00:12:04Z,A federal judge ruled Wednesday it is unconstitutional for the Trump administration to require states to cooperate with immigration enforcement in order to get some Federal Emergency Management Agenc… [+3456 chars],politics
"{'id': None, 'name': 'New York Post'}",Ryan King,Dem leaders beg Trump for meeting as GOP stands firm in shutdown fight: ‘We know we’re not going to get everything’,Democratic leaders attempted to ramp up pressure on President Trump to meet with them after he gave them the cold shoulder on Tuesday and canceled plans to discuss their demands to avert a government shutdown.,https://nypost.com/2025/09/24/us-news/dem-leaders-beg-trump-for-meeting-as-gop-stands-firm-in-shutdown-fight-we-know-were-not-going-to-get-everything/,https://nypost.com/wp-content/uploads/sites/2/2025/09/newspress-collage-vul42rdz4-1758746105987.jpg?quality=75&strip=all&1758731734&w=1024,2025-09-25T00:00:39Z,WASHINGTON Democratic leaders attempted to ramp up pressure on President Trump to meet with them after he gave them the cold shoulder on Tuesday and canceled prior plans to discuss their demands to a… [+4172 chars],politics
"{'id': None, 'name': 'Antiwar.com'}",Ted Galen Carpenter,Moldova: The Next Front in the West’s Confrontation With Russia?,"Moldova’s September 28, 2025, parliamentary elections are shaping up to be another highly contentious struggle between pro-Russia and anti-Russia factions.  Both the European Union and Moscow also are accusing each other of illicit election meddling to put th…",https://original.antiwar.com/ted_galen_carpenter/2025/09/24/moldova-the-next-front-in-the-wests-confrontation-with-russia/,https://dyn3qbr4ue2vr.cloudfront.net/2025/09/FireShot-Pro-Webpage-Screenshot-3620-file-20230313-18-68mdtq.jpg-JPEG-Image-1536-×-1024-pixels-—-Scaled-87-images.theconversation.com_.png,2025-09-25T00:00:04Z,"Moldovas September 28, 2025, parliamentary elections are shaping up to be another highly contentious struggle between pro-Russia and anti-Russia factions.  Both the European Union and Moscow also are… [+6594 chars]",politics
"{'id': None, 'name': 'New Zealand Herald'}",Tim McCready,Mood of the Boardroom: Peters rises as Seymour and Greens slip with CEOs,Business leaders give the shared deputy role a score of 3.07 out of five.,https://www.nzherald.co.nz/business/business-reports/mood-of-the-boardroom/mood-of-the-boardroom-peters-rises-as-seymour-and-greens-slip-with-ceos/L6JA3JQYPRCITORUHCPU4XWPZE/,https://www.nzherald.co.nz/resizer/v2/3UOUMM4Y5NHRBATUHOB3XUEGYY.jpg?auth=64dd789fd391eed96559040962939db38a57845664d75cd616f72f6c073dc050&width=1200&height=675&quality=70&smart=true,2025-09-25T00:00:00Z,"An engineering CEO was also critical, saying the arrangement doesnt work too much competing with own agendas and too many egos. Minor parties have too much to say on policy setting in New Zealand.
S… [+5401 chars]",politics
"{'id': None, 'name': 'ArchDaily'}",Rene Submissions,Buildner and Dubai Celebrate Global Visionaries in €250K House of the Future Contest,"Buildner, in partnership with the Government of Dubai, has announced the results of the 2024/25 House of the Future competition. Following the success of its inaugural edition in 2023, this second edition invited architects and designers worldwide to develop …",https://www.archdaily.com/1034293/buildner-and-dubai-celebrate-global-visionaries-in-eu250k-house-of-the-future-contest,https://images.adsttc.com/media/images/68d1/007f/21de/2d36/b10f/3407/large_jpg/buildner-and-dubai-celebrate-global-visionaries-in-eu250k-house-of-the-future-contest_49.jpg?1758527632,2025-09-25T06:45:00Z,"Buildner, in partnership with the Government of Dubai, has announced the results of the 2024/25 House of the Future competition. Following the success of its inaugural edition in 2023, this second ed… [+17682 chars]",climate
"{'id': None, 'name': 'Biztoc.com'}",theguardian.com,"Countries' new climate targets must go 'further, faster', says UN chief Guterres – video",United Nations secretary general António Guterres has called on all countries that are party to the Paris climate agreement to set climate plans for the year 2035 that achieve faster and deeper emission reduction cuts. Hosting a climate leaders' summit on the…,https://biztoc.com/x/bae8d2649993ee68,https://biztoc.com/cdn/bae8d2649993ee68_s.webp,2025-09-25T06:42:45Z,United Nations secretary general António Guterres has called on all countries that are party to the Paris climate agreement to set climate plans for the year 2035 that achieve faster and deeper emiss… [+149 chars],climate
"{'id': None, 'name': 'Sectionhiker.com'}",Philip Werner,Beginner Day Hiking Gear List: The 10 Essentials,"If you’re a beginner hiker, what day-hiking gear do you need to get started? That’s a question I’m frequently asked. The truth is, you don’t need much, especially if you stick to the local trails in your town or those in a nearby state park, where you might w…",https://sectionhiker.com/beginner-day-hiking-gear-list-the-10-essentials/,https://sectionhiker.com/wp-content/uploads/thumbskeep/2025/09/Beginner-Day-Hiking-Gear-List.jpg,2025-09-25T06:30:20Z,"If you’re a beginner hiker, what day-hiking gear do you need to get started? That’s a question I’m frequently asked. The truth is, you don’t need much, especially if you stick to the local trails in … [+5470 chars]",climate
"{'id': 'the-times-of-india', 'name': 'The Times of India'}",ET Online,Himalayan states hit by record 765 heavy rainfall events this monsoon,"Himachal Pradesh, Uttarakhand, and Jammu & Kashmir experienced a record 765 heavy rainfall spells this monsoon, leading to landslides and widespread damage. The IMD data indicates 2025 has the highest number of such events in five years, with a sharp rise fro…",https://economictimes.indiatimes.com/news/india/himalayan-states-hit-by-record-765-heavy-rainfall-events-this-monsoon/articleshow/124106592.cms,"https://img.etimg.com/thumb/msid-124106661,width-1200,height-630,imgsize-205542,overlay-economictimes/articleshow.jpg",2025-09-25T06:24:20Z,"Himachal Pradesh, Uttarakhand, and Jammu &amp; Kashmir have faced a record 765 very heavy to extremely heavy rainfall spells this monsoon, triggering landslides, flash floods, and widespread damage t… [+1897 chars]",climate
"{'id': 'al-jazeera-english', 'name': 'Al Jazeera English'}",Kevin Doyle,"Italy, Spain send navy ships to protect Gaza flotilla after drone attacks",Italy and Spain intervene to ensure Gaza flotilla's safety in the Mediterranean after drones drop 'flashbang' devices.,https://www.aljazeera.com/news/2025/9/25/italy-spain-send-navy-ships-to-protect-gaza-flotilla-after-drone-attacks,https://www.aljazeera.com/wp-content/uploads/2025/09/afp_68c716690baf-1757877865.jpg?resize=1920%2C1440,2025-09-25T06:24:00Z,"Spanish Prime Minister Pedro Sanchez has said his countrys navy will join Italy in sending warships to protect the Global Sumud Flotilla, which has come under drone attack in international waters en … [+3019 chars]",climate
"{'id': None, 'name': 'ETF Daily News'}",MarketBeat News,UBS Group Has Lowered Expectations for Lennox International (NYSE:LII) Stock Price,"Lennox International (NYSE:LII – Get Free Report) had its price objective cut by equities researchers at UBS Group from $676.00 to $610.00 in a research report issued to clients and investors on Tuesday,Benzinga reports. The brokerage currently has a “neutral…",https://www.etfdailynews.com/2025/09/25/ubs-group-has-lowered-expectations-for-lennox-international-nyselii-stock-price/,https://www.americanbankingnews.com/wp-content/timthumb/timthumb.php?src=https://www.marketbeat.com/logos/lennox-international-inc-logo-1200x675.jpg?v=20221109151809&w=240&h=240&zc=2,2025-09-25T06:00:58Z,Lennox International (NYSE:LII – Get Free Report) had its price objective cut by equities researchers at UBS Group from $676.00 to $610.00 in a research report issued to clients and investors on Tues… [+6601 chars],climate
"{'id': None, 'name': 'Naturalnews.com'}",Kevin Hughes,"Trump slams globalism, climate “hoax” and weak immigration policies in fiery UN speech","President Donald Trump warned that uncontrolled migration is “destroying” Western nations, boasting about his administration’s mass deportations halting illegal crossings. He urged European leaders to tighten borders or risk national failure, citing record mi…",https://www.naturalnews.com/2025-09-25-trump-slams-globalism-climate-hoax-immigration-policies.html,https://www.naturalnews.com/wp-content/uploads/sites/91/2025/09/Trump-Speech.jpg,2025-09-25T06:00:00Z,"<ul><li>President Donald Trump warned that uncontrolled migration is ""destroying"" Western nations, boasting about his administration's mass deportations halting illegal crossings. He urged European l… [+7063 chars]",climate
"{'id': None, 'name': 'Naturalnews.com'}",Belle Carter,"Trump’s fiery UN speech targets immigration, climate change and global conflicts","Trump condemned the UN’s climate agenda as a “con job,” dismissed renewable energy as “all bankrupt” and vowed to withdraw from climate agreements to prioritize U.S. energy independence and fossil fuel jobs, arguing that climate policies destroy economies whi…",https://www.naturalnews.com/2025-09-25-trumps-un-speech-targets-immigration-climate-change-conflicts.html,https://www.naturalnews.com/wp-content/uploads/sites/91/2025/09/Trump-Speech.jpg,2025-09-25T06:00:00Z,"<ul><li>Trump condemned the UN's climate agenda as a ""con job,"" dismissed renewable energy as ""all bankrupt"" and vowed to withdraw from climate agreements to prioritize U.S. energy independence and f… [+4658 chars]",climate
"{'id': None, 'name': 'Theecologist.org'}",brendan,Climate causing heat deaths in Britain,"Climate causing heat deaths in Britain

 
 Channel

 News

 
brendan
25th September 2025


 
 Teaser Media",https://theecologist.org/2025/sep/25/climate-causing-heat-deaths-britain,https://theecologist.org/sites/default/files/styles/facebook/public/2025-09/01k5b44d4b0pfrp3fjgzmvbxjn.jpg?h=c6980913&itok=eJ-RBTgL,2025-09-25T06:00:00Z,"At least 1,147 people in the UK died from climate change-driven heatwaves over this summer, leading scientists and epidemiologists have found.
The UK saw its hottest summer on record this year, with… [+2734 chars]",climate
"{'id': None, 'name': 'The-independent.com'}",Inga Parkel,Emma Watson shares ‘most upsetting’ thing about JK Rowling rift,Harry Potter author’s relationship with the film’s stars has soured over their differing views on transgender rights,https://www.the-independent.com/arts-entertainment/films/news/emma-watson-jk-rowling-harry-potter-trans-feud-b2833314.html,"https://static.the-independent.com/2025/09/24/17/59/Emma-Watson-and-J-K--Rowling.png?trim=0,7,0,7&width=1200&height=800&crop=1200:800",2025-09-25T05:59:53Z,"Your support helps us to tell the story
From reproductive rights to climate change to Big Tech, The Independent is on the ground when the story is developing. Whether it's investigating the financia… [+3310 chars]",climate
"{'id': None, 'name': 'Hurriyet Daily News'}",hurriyetdailynews.com,Türkiye’s renewable energy share surpasses 60 pct: Erdoğan,"Türkiye has increased the share of renewable energy in its total installed capacity to over 60 percent as of this year, the Turkish president said Wednesday.",https://www.hurriyetdailynews.com/turkiyes-renewable-energy-share-surpasses-60-pct-erdogan-213962,https://image.hurimg.com/i/hurriyet/75/200x200/68d4d836373f05d2df627fc7.jpg,2025-09-25T05:51:00Z,"NEW YORK
Türkiye has increased the share of renewable energy in its total installed capacity to over 60 percent as of this year, the Turkish president said Wednesday.
While increasing the share of … [+1858 chars]",climate
"{'id': 'abc-news-au', 'name': 'ABC News (AU)'}",Brad Ryan and Laura Tingle,Key takeaways from day two at the UN's world leaders week,The world's most powerful people are meeting in New York this week. Here are the key takeaways from the UN summit's second day.,https://www.abc.net.au/news/2025-09-25/united-nations-general-assembly-day-two-takeaways/105814272,https://live-production.wcms.abc-cdn.net.au/92b6f8b4c876f452ca91ccd21124c51a?impolicy=wcms_watermark_news&cropH=450&cropW=800&xPos=0&yPos=42&width=862&height=485&imformat=generic,2025-09-25T05:50:43Z,"The world's most powerful people have converged in New York this week for the UN's annual gathering of leaders.
Here are some key takeaways from the second day of the summit.
Surprise from Albanese… [+5759 chars]",climate
"{'id': None, 'name': 'Digital Journal'}",AFP,"Nickel mining threatens Indonesia coral haven, NGOs warn","Nickel mining threatens one of the world’s most important marine biodiversity and coral hotspots in Indonesia, despite the government revoking several permits, a report warned Thursday. Analysis of recent and historic mining in the region showed a “domino eff…",https://www.digitaljournal.com/world/nickel-mining-threatens-indonesia-coral-haven-ngos-warn/article,https://www.digitaljournal.com/wp-content/uploads/2025/09/a97c2bb43d3361bd772144549fac6b34cea8b8f1.jpg,2025-09-25T05:42:35Z,"Watchdogs warned that nickel mining in Indonesia threatened coral reef hoptspots - Copyright AURIGA NUSANTARA/AFP Handout
Nickel mining threatens one of the world’s most important marine biodiversit… [+2623 chars]",climate
"{'id': None, 'name': 'International Business Times'}",AFP News,"Nickel Mining Threatens Indonesia Coral Haven, NGOs Warn","Nickel mining threatens one of the world's most important marine biodiversity and coral hotspots in Indonesia, despite the government revoking several permits, a report warned Thursday.",https://www.ibtimes.com/nickel-mining-threatens-indonesia-coral-haven-ngos-warn-3784411,https://d.ibtimes.com/en/full/4623652/watchdogs-warned-that-nickel-mining-indonesia-threatened-coral-reef-hoptspots.jpg,2025-09-25T05:42:10Z,"Nickel mining threatens one of the world's most important marine biodiversity and coral hotspots in Indonesia, despite the government revoking several permits, a report warned Thursday.
Analysis of … [+2501 chars]",climate
"{'id': None, 'name': 'Yahoo Entertainment'}",AFP,"Nickel mining threatens Indonesia coral haven, NGOs warn","Nickel mining threatens one of the world's most important marine biodiversity and coral hotspots in Indonesia, despite the government revoking several...",https://www.yahoo.com/news/articles/nickel-mining-threatens-indonesia-coral-053918355.html,https://media.zenfs.com/en/afp.com/85eb4485070ff1b7c239ebecbcb798a7,2025-09-25T05:39:18Z,"Nickel mining threatens one of the world's most important marine biodiversity and coral hotspots in Indonesia, despite the government revoking several permits, a report warned Thursday.
Analysis of … [+2510 chars]",climate
"{'id': None, 'name': 'CounterPunch'}",Imran Khalid,The Department of War: Trump’s Costly Contradictions,"Donald Trump’s decision to change the name of the Department of Defense to the Department of War, announced on September 5, 2025, has kicked up a storm of debate. This is more than a symbolic tweak. It exposes cracks in Trump’s foreign policy narrative. The e…",https://www.counterpunch.org/2025/09/25/the-department-of-war-trumps-costly-contradictions/,https://www.counterpunch.org/wp-content/uploads/2021/06/cp-default-share.png,2025-09-25T05:34:42Z,"Donald Trumps decision to change the name of the Department of Defense to the Department of War, announced on September 5, 2025, has kicked up a storm of debate. This is more than a symbolic tweak. I… [+5406 chars]",climate
"{'id': 'rte', 'name': 'RTE'}",RTÉ News,Spain to send warship to protect Gaza aid flotilla,Spain's Prime Minister Pedro Sanchez has said he will join Italy in sending a military warship to protect an international flotilla seeking to deliver aid to Gaza after it was attacked by drones off Greece.,https://www.rte.ie/news/world/2025/0925/1535210-flotilla-gaza/,https://www.rte.ie/images/002329a4-1600.jpg,2025-09-25T05:30:33Z,Spain's Prime Minister Pedro Sanchez has said he will join Italy in sending a military warship to protect an international flotilla seeking to deliver aid to Gaza after it was attacked by drones off … [+2616 chars],climate
"{'id': None, 'name': 'BusinessLine'}",PTI,"Curfew imposed in Ladakh after intense clashes; heavy security in towns, 50 detained","At least 50 people were detained as police and paramilitary forces strictly implemented curfew on Thursday in the violence-hit Leh, where four people were killed and over 80 others were injured when widespread clashes broke out a day before.",https://www.thehindubusinessline.com/news/curfew-imposed-in-ladakh-after-intense-clashes-heavy-security-in-towns-50-detained/article70092017.ece,https://bl-i.thgim.com/public/incoming/qa8oum/article70092018.ece/alternates/LANDSCAPE_1200/PTI09_25_2025_000023B.jpg,2025-09-25T05:26:05Z,"At least 50 people were detained as police and paramilitary forces strictly implemented curfew on Thursday in the violence-hit Leh, where four people were killed and over 80 others were injured when … [+4688 chars]",climate
"{'id': None, 'name': 'Biztoc.com'}",reuters.com,Turkey's nearshoring boom comes with a climate catch,,https://biztoc.com/x/237b5988e2c4519b,https://biztoc.com/cdn/237b5988e2c4519b_s.webp,2025-09-25T05:24:28Z,"{ window.open(this.href, '_blank'); }, 200); return false;""&gt;Why is the Fed warning about stock market valuations? { window.open(this.href, '_blank'); }, 200); return false;""&gt;How will Apple's ch… [+766 chars]",climate
"{'id': 'the-times-of-india', 'name': 'The Times of India'}",PTI,"Ladakh violence: Heavy security blanket, 50 detained, curfew imposed after intense clashes",Leh faced violence after protests for statehood turned chaotic. Police imposed a curfew and detained many people. The unrest followed clashes during a shutdown called by the Leh Apex Body. Sonam Wangchuk ended his hunger strike amidst the turmoil. Authorities…,https://economictimes.indiatimes.com/news/india/ladakh-violence-heavy-security-blanket-50-detained-curfew-imposed-after-intense-clashes/articleshow/124105572.cms,"https://img.etimg.com/thumb/msid-124105607,width-1200,height-630,imgsize-124210,overlay-economictimes/articleshow.jpg",2025-09-25T05:20:30Z,"Sept 25 At least 50 people were detained as police and paramilitary forces strictly implemented curfew on Thursday in the violence-hit Leh, where four people were killed and over 80 others were injur… [+4292 chars]",climate
"{'id': None, 'name': 'BBC News'}",,Camp fires and barbecues to be banned in Cairngorms,Scottish ministers have approved a new by-law for the UK's largest national park to reduce the risk of wildfires.,https://www.bbc.com/news/articles/cwylvl1znggo,https://ichef.bbci.co.uk/news/1024/branded_news/0c46/live/d1e07e50-3549-11ef-877e-751f0e3e517a.jpg,2025-09-25T05:16:03Z,"The ban is said to follow ""extensive"" consultation on the issue
Camp fires and barbecues will be banned in the UK's largest national park from next year in a bid to reduce the risk of wildfires.
Sc… [+2800 chars]",climate
"{'id': 'the-irish-times', 'name': 'The Irish Times'}",Sadhbh O'Neill,The drivers of obesity that also come with climate impacts,Thinking in a Climate Emergency: ultraprocessed foods are a leading cause of rising rates of obesity,https://www.irishtimes.com/environment/climate-crisis/2025/09/25/the-drivers-of-obesity-which-also-come-with-climate-impacts/,https://www.irishtimes.com/resizer/v2/LXILU5XCWCDRQLMCK43PWE5KVA.jpg?smart=true&auth=657304cbc7853ab3fb316712b7aba802c14f13cfdc4532abf700a1982b6035d8&width=1200&height=630,2025-09-25T05:14:00Z,"Obesity is a topic that invites judgment, including self-judgment and, if youre not careful, lots of body shaming too. 
But the rising rates of overweight and obesity are a sign something is terribl… [+5608 chars]",climate
"{'id': None, 'name': 'Antaranews.com'}",PR Wire,Envision Energy Tops S&P Global 2025 Tier 1 Cleantech Companies for Wind and Energy Storage Excellence,"Envision Energy, a global leader in green technology, has been named both a Tier 1 Wind Turbine Supplier and a Tier 1 Battery Energy Storage System Supplier ...",https://en.antaranews.com/news/382296/envision-energy-tops-sp-global-2025-tier-1-cleantech-companies-for-wind-and-energy-storage-excellence,https://cdn.antaranews.com/cache/1200x800/2024/03/17/cision-fix_4.jpg,2025-09-25T05:05:21Z,"Shanghai (ANTARA/PRNewswire)- Envision Energy, a global leader in green technology, has been named both a Tier 1 Wind Turbine Supplier and a Tier 1 Battery Energy Storage System Supplier on S&amp;P G… [+2716 chars]",climate
"{'id': None, 'name': 'EURACTIV'}",Laurine Augere,Europe’s Water Framework Directive and the Nickel Environmental Quality Standard risks undermining its Green Ambitions,"The European Union is on the brink of a costly misstep. Buried in the technicalities of water policy lies a proposal to halve the Environmental Quality Standard (EQS) for nickel in surface waters—from 4 micrograms per liter to 2. To most readers, such a chang…",https://www.euractiv.com/opinion/europes-water-framework-directive-and-the-nickel-environmental-quality-standard-risks-undermining-its-green-ambitions/,https://www.euractiv.com/content/uploads/sites/2/2025/09/Picture-3-oped-Nickel.jpg,2025-09-25T05:00:40Z,The European Union is on the brink of a costly misstep. Buried in the technicalities of water policy lies a proposal to halve the Environmental Quality Standard (EQS) for nickel in surface watersfrom… [+5125 chars],climate
"{'id': 'the-irish-times', 'name': 'The Irish Times'}",Finn McRedmond,Finn McRedmond: I’m sorry if reading Shakespeare is getting in the way of your kayaking lessons,What kind of 'experience' do we expect our students of English literature to have if not reading Shakespeare?,https://www.irishtimes.com/opinion/2025/09/25/finn-mcredmond-im-sorry-if-reading-shakespeare-is-getting-in-the-way-of-your-kayaking-lessons/,https://www.irishtimes.com/resizer/v2/5SRZ6VMF2NDI5LPZNV2TXNWHYY.jpg?smart=true&auth=fa6057b7e1deb7832c621df24656ecb85e91259e9f18e867198af116f0e6638b&width=1200&height=630,2025-09-25T05:00:01Z,Show me an English literature teacher who does not believe in the central importance of William Shakespeares work to a proper education and I will show you someone who should be in another line of wo… [+4979 chars],climate
"{'id': None, 'name': 'Insurance Journal'}",Admin,Xcel to Pay About $640 Million Over 2021 Colorado Wildfire,Utility Xcel Energy Inc. agreed to pay about $640 million to resolve claims that its power lines contributed to the 2021 ignition of the costliest wildfire in Colorado history. The company said in a filing Tuesday that it reached settlements …,https://www.insurancejournal.com/news/west/2025/09/25/840476.htm,https://www.insurancejournal.com/img/social/opengraph/ij-social-wildfire-1200x630.png,2025-09-25T05:00:00Z,"Utility Xcel Energy Inc. agreed to pay about $640 million to resolve claims that its power lines contributed to the 2021 ignition of the costliest wildfire in Colorado history.
The company said in a… [+3187 chars]",climate
"{'id': None, 'name': 'Wattsupwiththat.com'}",Eric Worrall,UNFCCC Chief Wants Artificial Intelligence AND the Paris Agreement,"""... To succeed in a fast-changing world, we must enhance the force-multipliers. ...""",https://wattsupwiththat.com/2025/09/24/unfccc-chief-wants-artificial-intelligence-and-the-paris-agreement/,https://i0.wp.com/wattsupwiththat.com/wp-content/uploads/2018/05/cropped-WUWT-logo.jpg?fit=512%2C512&quality=83&ssl=1,2025-09-25T05:00:00Z,"Essay by Eric Worrall
“… To succeed in a fast-changing world, we must enhance the force-multipliers. …”
UN Climate Chief at NY Climate Week: Defining the New Era of Climate Action; Getting Behind P… [+3480 chars]",climate
"{'id': None, 'name': 'The-independent.com'}",Helen Coffey,Wayward review – Toni Collette is at her spine-chilling best in this cultish thriller,This genre-bending Netflix show about a therapeutic school for troubled kids in a ‘progressive community’ combines psychedelic-fuelled secret ceremonies with the trials of being a misunderstood teen – and the horrors of small-town life,https://www.the-independent.com/arts-entertainment/tv/reviews/wayward-review-netflix-toni-collette-mae-martin-b2832820.html,"https://static.the-independent.com/2025/09/24/14/41/Wayward_n_S1_E1_00_46_30_15_R.jpg?trim=0,950,0,550&width=1200&height=800&crop=1200:800",2025-09-25T05:00:00Z,"Your support helps us to tell the story
From reproductive rights to climate change to Big Tech, The Independent is on the ground when the story is developing. Whether it's investigating the financia… [+4910 chars]",climate
"{'id': None, 'name': 'Newhumanist.org.uk'}",Dominic Hinde,Nuclear choices,"In an age of conflict and climate change, we must listen to the people of Fukushima and Hiroshima",https://newhumanist.org.uk/articles/6459/nuclear-choices#utm_source=rss,https://newhumanist.org.uk/images/na/Hinde-Hiroshima-peace-park-small.jpg,2025-09-25T05:00:00Z,"In an age of conflict and climate change, we must listen to the people of Fukushima and Hiroshima
Hiroshima's Peace Memorial Park. Credit: Dominic Hinde
At 8:15am on the morning of 6 August 1945, 6… [+15057 chars]",climate
"{'id': 'the-irish-times', 'name': 'The Irish Times'}",Jack Power,Pharma lobbyists cash in on Brussels red tape rampage,The European Commission headquarters has become more receptive to concerns of big business,https://www.irishtimes.com/world/europe/2025/09/25/pharma-lobbyists-cash-in-on-brussels-red-tape-rampage/,https://www.irishtimes.com/resizer/v2/NX5WDUCGCNEJVOOX6M7BUQDUV4.jpg?smart=true&auth=5c25015c8f722623d6e8ae9abadad062d59e0b76811b005aad867c464b12dc51&width=1200&height=630,2025-09-25T05:00:00Z,Brussels is probably second only to Washington DC when it comes to the number of lobbyists knocking about. Sit down in any cafe near the European Parliament or the European Commission and you wont be… [+5456 chars],climate
"{'id': None, 'name': 'The-independent.com'}",Lauren Taylor,"Tagliarini with crab, chilli and lemon: A pasta classic worth mastering","Sweet white crab, rich brown meat, a hit of chilli and a squeeze of lemon come together in this elegant dish that proves fresh, simple ingredients make the best pasta",https://www.the-independent.com/life-style/food-and-drink/recipes/crab-chilli-lemon-tagliarini-pasta-recipe-b2823726.html,https://static.the-independent.com/2025/09/10/10/04161443-1b20d933-ef6c-4997-aa7a-84b04ed6fe8d.jpg?width=1200&height=800&crop=1200:800,2025-09-25T05:00:00Z,"Your support helps us to tell the story
From reproductive rights to climate change to Big Tech, The Independent is on the ground when the story is developing. Whether it's investigating the financia… [+3283 chars]",climate
"{'id': None, 'name': 'Naftemporiki.gr'}",Γιάννα Βαρδαλαχάκη,Hellenic Chamber οf Commerce stresses need for renewal of coastal fleet,"The Hellenic Chamber οf Commerce stressed the need for the renewal of the Greek coastal shipping fleet with new ships that have a reduced environmental footprint in a period of…
Hellenic Chamber οf Commerce stresses need for renewal of coastal fleet - Η ΝΑΥΤΕ…",https://www.naftemporiki.gr/english/2010762/hellenic-chamber-of-commerce-stresses-need-for-renewal-of-coastal-fleet/,https://www.naftemporiki.gr/wp-content/uploads/2025/09/alexandratos.jpg,2025-09-25T04:54:07Z,"The Hellenic Chamber f Commerce stressed the need for the renewal of the Greek coastal shipping fleet with new ships that have a reduced environmental footprint in a period of twenty years.
As it is… [+558 chars]",climate
"{'id': 'techcrunch', 'name': 'TechCrunch'}",Connie Loizos,It isn't your imagination; Google Cloud is flooding the zone | TechCrunch,"While the industry's biggest players cement ever-tighter partnerships, Google is hellbent on capturing the next generation of AI companies before they become too big to court.",https://techcrunch.com/2025/09/24/it-isnt-your-imagination-google-cloud-is-flooding-the-zone/,"https://techcrunch.com/wp-content/uploads/2025/09/GettyImages-582759168.jpg?resize=1200,800",2025-09-25T04:43:02Z,"The $100 billion partnership between Nvidia and OpenAI, announced Monday, represents for now the latest mega-deal reshaping the AI infrastructure landscape. The agreement involves non-voting shares t… [+7857 chars]",climate
"{'id': None, 'name': 'International Business Times'}",Kaouthar Oudrhiri,Morocco High Atlas Whistle Language Strives For Survival,"In Morocco's High Atlas mountains, shepherds Hammou Amraoui and his son hardly need words to speak.",https://www.ibtimes.com/morocco-high-atlas-whistle-language-strives-survival-3784408,https://d.ibtimes.com/en/full/4623643/assinsg-language-replaces-spoken-words-sharp-whistles-that-can-carry-nearly-three-kilometres.jpg,2025-09-25T04:42:12Z,"In Morocco's High Atlas mountains, shepherds Hammou Amraoui and his son hardly need words to speak. Across peaks, they whistle at each other in a centuries-old language, now jeopardised by rural flig… [+3801 chars]",climate
"{'id': None, 'name': 'Yahoo Entertainment'}",Connie Loizos,It isn’t your imagination; Google Cloud is flooding the zone,"While the industry's biggest players cement ever-tighter partnerships, Google is hellbent on capturing the next generation of AI companies before they become...",https://finance.yahoo.com/news/isn-t-imagination-google-cloud-044136872.html,https://s.yimg.com/ny/api/res/1.2/mNeyfI.LJYo0YCX.2GHIeA--/YXBwaWQ9aGlnaGxhbmRlcjt3PTEyMDA7aD04MDA-/https://media.zenfs.com/en/techcrunch_finance_785/6cbf278bc455a0734988eaca19a0dc99,2025-09-25T04:41:36Z,"Image Credits:Viaframe
The $100 billion partnership between Nvidia and OpenAI, announced Monday, represents for now the latest mega-deal reshaping the AI infrastructure landscape. The agreement invo… [+7935 chars]",climate
"{'id': None, 'name': 'The-independent.com'}",Brittany Miller,Rihanna announces birth and name of her third baby,The Fenty Beauty founder revealed her third pregnancy at this year’s Met Gala,https://www.the-independent.com/life-style/rihanna-baby-name-rocki-asap-rocky-b2833295.html,https://static.the-independent.com/2025/09/24/21/48/GettyImages-2224984659.jpg?width=1200&height=800&crop=1200:800,2025-09-25T04:41:29Z,"Your support helps us to tell the story
From reproductive rights to climate change to Big Tech, The Independent is on the ground when the story is developing. Whether it's investigating the financia… [+3279 chars]",climate
"{'id': None, 'name': 'Times of Malta'}",Times Of Malta,Editorial: When politicians play doctor,"Donald Trump is relentless in his campaign of disinformation, attributing autism risks to paracetamol",https://timesofmalta.com/article/editorial-when-politicians-play-doctor.1116724,https://cdn-attachments.timesofmalta.com/953d79c865fd200458275b23462052cb8d73e932-1758711589-cf2f2f11-1200x630.jpeg,2025-09-25T04:41:00Z,You should never seek medical advice from a politician; the same way you wouldn’t take advice from a doctor if you needed to get your car fixed. There are many historic examples to show what happens … [+3853 chars],climate
"{'id': None, 'name': 'Naftemporiki.gr'}",Γιάννα Βαρδαλαχάκη,Mytilineos: Up to 25% of the energy produced from RES is lost,"The new CEO Study 2025 by the UN Global Compact in collaboration with Accenture demonstrated sustainability as a key factor for business resilience and growth.
Specifically, 88% of CEOs stated…
Mytilineos: Up to 25% of the energy produced from RES is lost - Η…",https://www.naftemporiki.gr/english/2010759/mytilineos-up-to-25-of-the-energy-produced-from-res-is-lost/,https://www.naftemporiki.gr/wp-content/uploads/2025/08/mytilineos-slider-e1754290426379.jpg,2025-09-25T04:36:05Z,"The new CEO Study 2025 by the UN Global Compact in collaboration with Accenture demonstrated sustainability as a key factor for business resilience and growth.
Specifically, 88% of CEOs stated that … [+1502 chars]",climate
"{'id': None, 'name': 'The Japan Times'}","Valerie Volcovici,Yukun Zhang","China leads nations with new climate plans, defying U.S. climate denial","China's reduction target marked the first time the world's biggest emitter pledged a cut in emissions, rather than just limiting their growth.",https://www.japantimes.co.jp/environment/2025/09/25/climate-change/china-climate-plans-us-denial/,https://www.japantimes.co.jp/japantimes/uploads/images/2025/09/25/495854.JPG?v=3.1,2025-09-25T04:34:00Z,"China led several countries in announcing new climate plans on Wednesday and offered a veiled rebuke of the U.S. president's anti-climate rhetoric a day earlier at the U.N. General Assembly.
Address… [+5691 chars]",climate
"{'id': None, 'name': 'Independent.ie'}",Jessie Pang and David Kirton,Typhoon Ragasa lashes China after killing 17 people across Taiwan,"Typhoon Ragasa, the world’s most powerful tropical cyclone this year, struck the southern Chinese city of Yangjiang yesterday after killing 17 people in Taiwan and lashing Hong Kong with ferocious winds and heavy rains.",https://www.independent.ie/world-news/asia-pacific/typhoon-ragasa-lashes-china-after-killing-17-people-across-taiwan/a1839728005.html,https://focus.independent.ie/thumbor/l59uf-ISBVLXvH7NczpBO8FXnxo=/629x460/smart/prod-mh-ireland/b1815114-3b6b-45e7-8057-b9cc73a87f55/5667851a-c841-41ab-a9ef-2fe79e07df5f/-AFTERMATH%20%286%29.jpg,2025-09-25T04:30:00Z,"Many residents say they did not get sufficient warning on Tuesday before lake overflowed
Typhoon Ragasa, the worlds most powerful tropical cyclone this year, struck the southern Chinese city of Yang… [+4671 chars]",climate
"{'id': None, 'name': 'The-independent.com'}",Jacob Stolworthy,Coronation Street legend had long rivalry with ‘unprofessional’ co-star,"‘We didn’t talk for two years,’ Ken Barlow actor says",https://www.the-independent.com/arts-entertainment/tv/news/ken-barlow-coronation-street-pat-phoenix-feud-william-roache-b2833293.html,https://static.the-independent.com/2025/09/23/08/newFile.jpg?width=1200&height=800&crop=1200:800,2025-09-25T04:28:45Z,"Your support helps us to tell the story
From reproductive rights to climate change to Big Tech, The Independent is on the ground when the story is developing. Whether it's investigating the financia… [+3400 chars]",climate
"{'id': 'al-jazeera-english', 'name': 'Al Jazeera English'}",John Power,"‘Underwhelming’: China’s new climate target falls far short, experts say","Pledge to cut emissions by 7-10 percent does not go far enough, though renewables rollout a cause for hope, expert say.",https://www.aljazeera.com/economy/2025/9/25/underwhelming-chinas-new-climate-target-falls-far-short-experts-say,https://www.aljazeera.com/wp-content/uploads/2025/09/GettyImages-498011232-1758759916.jpg?resize=1920%2C1440,2025-09-25T04:23:13Z,"Chinas new target for cutting greenhouse-gas emissions has been branded disappointing and underwhelming by climate experts, who warn the pledge falls far short of the action needed to avert climate c… [+5183 chars]",climate
"{'id': 'abc-news-au', 'name': 'ABC News (AU)'}",Sam Bradbrook,Ambitious plan to convert forestry waste into fuel for ships and planes,"With biofuels earmarked as a way to power the transport sector in the future, one industry says its waste can be converted into aviation and shipping fuel.",https://www.abc.net.au/news/2025-09-25/forestry-wood-waste-into-biofuel-ships-planes-climate-targets/105806578,https://live-production.wcms.abc-cdn.net.au/9f8b490693c6f37ca083d1a1b442ead0?impolicy=wcms_watermark_news&cropH=675&cropW=1200&xPos=0&yPos=220&width=862&height=485&imformat=generic,2025-09-25T04:21:00Z,"South Australia's forestry industry says it can turn its timber waste into aviation and shipping fuel as part of the country's move away from diesel fuels.
The federal government has placed the deve… [+3784 chars]",climate
"{'id': None, 'name': 'The-independent.com'}",Shahana Yasmin,Dave Franco and Alison Brie film pulled from Chinese theatres over ‘unauthorised’ change of gay couple to straight,Chinese distributor reportedly altered man’s face into woman’s to portray gay couple as heterosexual,https://www.the-independent.com/arts-entertainment/films/news/together-film-dave-franco-alison-brie-china-gay-couple-b2833278.html,"https://static.the-independent.com/2025/08/11/11/26/-j0sjw3wz.jpeg?trim=0,300,0,300&width=1200&height=800&crop=1200:800",2025-09-25T04:16:41Z,"Your support helps us to tell the story
From reproductive rights to climate change to Big Tech, The Independent is on the ground when the story is developing. Whether it's investigating the financia… [+4547 chars]",climate
"{'id': 'the-times-of-india', 'name': 'The Times of India'}",ET Online,Ladakh Protests: Why the peaceful land of cold desert is burning and what led to the violence,"Violence erupted in Ladakh during protests for statehood and Sixth Schedule extension, resulting in four deaths and numerous injuries. Climate activist Sonam Wangchuk halted his hunger strike as a curfew was imposed in Leh. The Centre alleges that provocative…",https://economictimes.indiatimes.com/news/india/ladakh-protests-why-the-peaceful-land-of-cold-desert-is-burning-and-what-led-to-the-violence/articleshow/124103787.cms,"https://img.etimg.com/thumb/msid-124104235,width-1200,height-630,imgsize-1566655,overlay-economictimes/articleshow.jpg",2025-09-25T04:02:06Z,"As the sun set on what is arguably the worst day of violence since 1989 in the cold desert region, the statehood for Ladakh movement descended into violence, arson and street clashes here on Wednesda… [+4486 chars]",climate
"{'id': None, 'name': 'Americanthinker.com'}",,It’s no wonder the US is so broke when any talk about cutting government spending is met with ‘progressive’ outrage,"It is sadly humorous to me, but not surprising, that Elizabeth Guevara, writing for Investopedia, can only seem to offer one solution for young people considering college, now that there is a cap on available federal student loans. From a new article...",https://www.americanthinker.com/blog/2025/09/it_s_no_wonder_the_us_is_so_broke_when_any_talk_about_cutting_government_spending_is_met_with_progressive_outrage.html,https://images.americanthinker.com/f8/f8aaiumljmmma19ch4bm_800.jpg,2025-09-25T04:00:00Z,"It is sadly humorous to me, but not surprising, that Elizabeth Guevara, writing for Investopedia, can only seem to offer one solution for young people considering college, now that there is a cap on … [+3944 chars]",climate
"{'id': None, 'name': 'Americanthinker.com'}",,India’s ethanol gambit: A muddled climate policy,"Indian authorities have accelerated a nationwide transition to a 20% ethanol blend in gasoline. Of the 1.46 billion people in India, many, including myself, were completely unaware that gasoline at the pumps was now a 20% blend.

This is because th...",https://www.americanthinker.com/blog/2025/09/india_s_ethanol_gambit_a_muddled_climate_policy.html,https://images.americanthinker.com/8u/8uifb9rfgnl4zwwplzqq_800.jpg,2025-09-25T04:00:00Z,"Indian authorities have accelerated a nationwide transition to a 20% ethanol blend in gasoline. Of the 1.46 billion people in India, many, including myself, were completely unaware that gasoline at t… [+4674 chars]",climate
"{'id': None, 'name': 'Ahouseinthehills.com'}",Caleb Wells,The Hidden Risks of DIY Electrical Work in Adelaide Homes,"It can be tempting to take electrical repairs into your own hands, especially when it looks like a quick way to save money. However, the risks of DIY electrical work in Adelaide homes often extend far beyond the surface. What may seem like a simple job can cr…",https://ahouseinthehills.com/the-hidden-risks-of-diy-electrical-work-in-adelaide-homes/,https://ahouseinthehills.com/wp-content/uploads/2025/09/pexels-karolina-grabowska-7285975-scaled.jpg,2025-09-25T03:58:22Z,"It can be tempting to take electrical repairs into your own hands, especially when it looks like a quick way to save money. However, the risks of DIY electrical work in Adelaide homes often extend fa… [+9897 chars]",climate
