source,author,title,description,url,urlToImage,publishedAt,content,topic
"{'id': None, 'name': 'Pypi.org'}",hari.dataprojects@gmail.com,tabsearch added to PyPI,"Unified embedding for tabular, text, and multimodal data",https://pypi.org/project/tabsearch/,https://pypi.org/static/images/twitter.abaf4b19.webp,2025-09-21T05:17:05Z,"Most similarity search breaks on real-world mixed datasets (text + numbers + categories). This package fixes that.
tabsearch makes real-world datasets searchable by meaning, category, and numbers al… [+9868 chars]",technology
"{'id': None, 'name': 'ETF Daily News'}",MarketBeat News,Dun & Bradstreet (NYSE:DNB) versus 36Kr (NASDAQ:KRKR) Head-To-Head Contrast,"36Kr (NASDAQ:KRKR – Get Free Report) and Dun & Bradstreet (NYSE:DNB – Get Free Report) are both business services companies, but which is the superior business? We will contrast the two businesses based on the strength of their institutional ownership, analys…",https://www.etfdailynews.com/2025/09/21/dun-bradstreet-nysednb-versus-36kr-nasdaqkrkr-head-to-head-contrast/,https://www.americanbankingnews.com/wp-content/timthumb/timthumb.php?src=https://www.marketbeat.com/logos/dun-amp;-bradstreet-corp-logo-1200x675.jpg&w=240&h=240&zc=2,2025-09-21T05:14:51Z,"36Kr (NASDAQ:KRKR – Get Free Report) and Dun &amp; Bradstreet (NYSE:DNB – Get Free Report) are both business services companies, but which is the superior business? We will contrast the two businesse… [+4430 chars]",technology
"{'id': None, 'name': 'ETF Daily News'}",MarketBeat News,Rogers Communication (NYSE:RCI) versus Telenor ASA (OTCMKTS:TELNY) Critical Analysis,"Rogers Communication (NYSE:RCI – Get Free Report) and Telenor ASA (OTCMKTS:TELNY – Get Free Report) are both large-cap utilities companies, but which is the better investment? We will contrast the two businesses based on the strength of their analyst recommen…",https://www.etfdailynews.com/2025/09/21/rogers-communication-nyserci-versus-telenor-asa-otcmktstelny-critical-analysis/,https://www.americanbankingnews.com/wp-content/timthumb/timthumb.php?src=https://www.marketbeat.com/logos/telenor-asa-logo-1200x675.jpg&w=240&h=240&zc=2,2025-09-21T05:14:49Z,"Rogers Communication (NYSE:RCI – Get Free Report) and Telenor ASA (OTCMKTS:TELNY – Get Free Report) are both large-cap utilities companies, but which is the better investment? We will contrast the tw… [+6336 chars]",technology
"{'id': None, 'name': 'ETF Daily News'}",MarketBeat News,Casino Stocks To Add to Your Watchlist – September 19th,"Sharplink Gaming, Richtech Robotics, and Flutter Entertainment are the three Casino stocks to watch today, according to MarketBeat’s stock screener tool. Casino stocks are publicly traded shares of companies that own and operate casinos, resorts and other gam…",https://www.etfdailynews.com/2025/09/21/casino-stocks-to-add-to-your-watchlist-september-19th/,https://www.americanbankingnews.com/wp-content/timthumb/timthumb.php?src=https://www.marketbeat.com/logos/sharplink-gaming-ltd-logo-1200x675.png?v=20230124141409&w=240&h=240&zc=2,2025-09-21T05:12:04Z,"Sharplink Gaming, Richtech Robotics, and Flutter Entertainment are the three Casino stocks to watch today, according to MarketBeat’s stock screener tool. Casino stocks are publicly traded shares of c… [+1959 chars]",technology
"{'id': None, 'name': 'ETF Daily News'}",MarketBeat News,Promising Biotech Stocks To Follow Now – September 19th,"Thermo Fisher Scientific, Bloom Energy, AbbVie, Vertex Pharmaceuticals, and argenex are the five Biotech stocks to watch today, according to MarketBeat’s stock screener tool. Biotech stocks are shares of companies that research, develop and commercialize prod…",https://www.etfdailynews.com/2025/09/21/promising-biotech-stocks-to-follow-now-september-19th/,https://www.americanbankingnews.com/wp-content/timthumb/timthumb.php?src=https://www.marketbeat.com/logos/thermo-fisher-scient-logo-1200x675.jpg&w=240&h=240&zc=2,2025-09-21T05:12:04Z,"Thermo Fisher Scientific, Bloom Energy, AbbVie, Vertex Pharmaceuticals, and argenex are the five Biotech stocks to watch today, according to MarketBeat’s stock screener tool. Biotech stocks are share… [+3822 chars]",technology
"{'id': None, 'name': 'ETF Daily News'}",MarketBeat News,Top Quantum Computing Stocks To Watch Today – September 19th,"Rigetti Computing, IonQ, Quantum Computing, D-Wave Quantum, Booz Allen Hamilton, Rigetti Computing, and AmpliTech Group are the seven Quantum Computing stocks to watch today, according to MarketBeat’s stock screener tool. Quantum computing stocks are shares o…",https://www.etfdailynews.com/2025/09/21/top-quantum-computing-stocks-to-watch-today-september-19th/,https://www.americanbankingnews.com/wp-content/timthumb/timthumb.php?src=https://www.marketbeat.com/logos/rigetti-computing-inc-logo-1200x675.png?v=20220405080530&w=240&h=240&zc=2,2025-09-21T05:11:33Z,"Rigetti Computing, IonQ, Quantum Computing, D-Wave Quantum, Booz Allen Hamilton, Rigetti Computing, and AmpliTech Group are the seven Quantum Computing stocks to watch today, according to MarketBeat’… [+4247 chars]",technology
"{'id': None, 'name': 'ETF Daily News'}",MarketBeat News,Promising Metaverse Stocks To Add to Your Watchlist – September 19th,"NVIDIA, Accenture, and Globant are the three Metaverse stocks to watch today, according to MarketBeat’s stock screener tool. Metaverse stocks are shares of publicly traded companies that develop, produce or support the hardware, software and digital services …",https://www.etfdailynews.com/2025/09/21/promising-metaverse-stocks-to-add-to-your-watchlist-september-19th/,https://www.americanbankingnews.com/wp-content/timthumb/timthumb.php?src=https://www.marketbeat.com/logos/nvidia-co-logo-1200x675.jpg?v=20221020142916&w=240&h=240&zc=2,2025-09-21T05:11:12Z,"NVIDIA, Accenture, and Globant are the three Metaverse stocks to watch today, according to MarketBeat’s stock screener tool. Metaverse stocks are shares of publicly traded companies that develop, pro… [+2672 chars]",technology
"{'id': None, 'name': 'ETF Daily News'}",MarketBeat News,Cormark Comments on Dye & Durham’s Q4 Earnings (TSE:DND),"Dye & Durham Limited (TSE:DND – Free Report) – Investment analysts at Cormark issued their Q4 2025 earnings per share (EPS) estimates for shares of Dye & Durham in a report released on Thursday, September 18th. Cormark analyst G. Fairweather forecasts that th…",https://www.etfdailynews.com/2025/09/21/cormark-comments-on-dye-durhams-q4-earnings-tsednd/,https://www.americanbankingnews.com/wp-content/timthumb/timthumb.php?src=https://www.marketbeat.com/logos/dye--durham-limited-logo-1200x675.png?v=20210228090447&w=240&h=240&zc=2,2025-09-21T05:05:02Z,Dye &amp; Durham Limited (TSE:DND – Free Report) – Investment analysts at Cormark issued their Q4 2025 earnings per share (EPS) estimates for shares of Dye &amp; Durham in a report released on Thursd… [+2783 chars],technology
"{'id': None, 'name': 'New Atlas'}",Pranjal Malewar,Scientists strive to make soybeans taste better,"Soy has been a kitchen hero in Asia for centuries. It's packed with nutrition and health perks and contains all the essential amino acids, like those found in meat. But when it crossed over to Western plates, it hit a flavor roadblock. Despite its nutritional…",https://newatlas.com/science/soybeans-improve-taste/,https://assets.newatlas.com/dims4/default/32372ba/2147483647/strip/true/crop/3456x1814+0+245/resize/1200x630!/quality/90/?url=https%3A%2F%2Fnewatlas-brightspot.s3.amazonaws.com%2F11%2F4e%2Fe3d0543b484a8139725eec917a72%2Fdepositphotos-2068162-xl.jpg&na.image_optimisation=0,2025-09-21T05:03:00Z,"Soy has been a kitchen hero in Asia for centuries. It's packed with nutrition and health perks and contains all the essential amino acids, like those found in meat. But when it crossed over to Wester… [+3819 chars]",technology
"{'id': None, 'name': 'Ndtvprofit.com'}",Heena Ojha,Upcoming IPOs This Week: 25 Companies Set For Offering - Check Full List,"A flurry of IPOs is set to hit the Indian markets next week, with nearly 25 companies launching their public offerings across sectors such as technology, consumer goods, energy, and manufacturing. The IPOs range from micro-sized issues to larger offerings",https://www.ndtvprofit.com/ipos/upcoming-ipos-this-week-25-companies-set-for-offering-including-anand-rathi-atlanta-electricals-check-full-list,https://media.assettype.com/bloombergquint%2F2025-07-14%2F5e5gb15c%2FIPO-canva.png?rect=0%2C42%2C1115%2C585&w=1200&auto=format%2Ccompress&ogImage=true,2025-09-21T05:01:43Z,"A flurry of IPOs is set to hit the Indian markets next week, with nearly 25 companies launching their public offerings across sectors such as technology, consumer goods, energy, and manufacturing. Th… [+1093 chars]",technology
"{'id': None, 'name': 'Geeky Gadgets'}",Roland Hutchinson,Is the iPhone 17 Worth the Upgrade from iPhone 16 or Older?,"The iPhone 17 introduces a series of enhancements that make it a compelling option for those considering an upgrade. While its design remains largely consistent with the iPhone 16, it integrates features previously exclusive to Pro models, offering more value…",https://www.geeky-gadgets.com/iphone-17-vs-iphone-16-2/,https://www.geeky-gadgets.com/wp-content/uploads/2025/09/iphone-17-vs-iphone-16-comparison_optimized-1.jpg,2025-09-21T05:00:50Z,"The iPhone 17 introduces a series of enhancements that make it a compelling option for those considering an upgrade. While its design remains largely consistent with the iPhone 16, it integrates feat… [+6236 chars]",technology
"{'id': None, 'name': 'Asia Times'}",Scott Foster,Huawei's AI chip plan designed to break US dependence - Asia Times,"Chinese tech giant Huawei has unveiled its once-secretive AI chip development program, an announcement that could reshape expectations across the",https://asiatimes.com/2025/09/huaweis-ai-chip-plan-designed-to-break-us-dependence/,https://asiatimes.com/wp-content/uploads/2025/09/Huawei-China-China-Tech.jpg,2025-09-21T04:35:06Z,"Chinese tech giant Huawei has unveiled its once-secretive AI chip development program, an announcement that could reshape expectations across the fast-moving, high-stakes global industry.
On Septemb… [+6278 chars]",technology
"{'id': None, 'name': 'Independent.ie'}",Sam McBride,Sam McBride: Even one of the ‘godfathers’ of artificial intelligence is warning us about trusting it too much,"For years, teachers and university lecturers have worried about the extent to which ­students are cheating by ­using increasingly sophisticated artificial intelligence (AI).",https://www.independent.ie/opinion/sam-mcbride-even-one-of-the-godfathers-of-artificial-intelligence-is-warning-us-about-trusting-it-too-much/a1772936835.html,https://focus.independent.ie/thumbor/Y-WSd6OCi3Li5VvswtjiBOc0KqQ=/629x460/smart/prod-mh-ireland/6749ac19-9ca3-4f21-99dd-6ad496a7d8fb/a83babf6-8a28-4dbc-9578-6e7854c225d1/ULSTER%20SEN%20%282%29.jpg,2025-09-21T04:30:00Z,"Clash between Northern Irish politicians shows the effect this technology is already having on society
For years, teachers and university lecturers have worried about the extent to which ­students a… [+287 chars]",technology
"{'id': None, 'name': 'Independent.ie'}",Sean Pollock,Pensions watchdog reveals costs on IT project have ballooned to almost €5m,"The cost of an IT upgrade at the Pensions Authority has ballooned to almost €5m, with the project now due to be delivered a year and a half behind schedule. It follows massive budget overruns on other technology projects at state bodies, including the Arts Co…",https://www.independent.ie/irish-news/pensions-watchdog-reveals-costs-on-it-project-have-ballooned-to-almost-5m/a742525622.html,https://focus.independent.ie/thumbor/KncHL3YYLN7Jb5rmFdP9b60W8QY=/629x460/smart/prod-mh-ireland/506d21b6-9545-4253-9b56-139e83025b9b/11198bfa-c79e-4e6c-90b7-08f09cbdaff1/506d21b6-9545-4253-9b56-139e83025b9b.jpg,2025-09-21T04:30:00Z,"The cost of an IT upgrade at the Pensions Authority has ballooned to almost 5m, with the project now due to be delivered a year and a half behind schedule. It follows massive budget overruns on other… [+417 chars]",technology
"{'id': None, 'name': 'Independent.ie'}",James Maloney,The best of Irish agri-innovation showcased at the Ploughing Championships,"Cutting-edge digital tools harnessing AI, plus solutions focused on sustainability were top of the agenda in Screggan last week, as trailblazing Irish agri-tech companies showcased their novel innovations at this year’s National Ploughing Championships.",https://www.independent.ie/business/irish/the-best-of-irish-agri-innovation-showcased-at-the-ploughing-championships/a1650972411.html,https://www.independent.ie/extra/assets/img/dummy-social.gif,2025-09-21T04:30:00Z,"Cutting-edge digital tools harnessing AI, plus solutions focused on sustainability were top of the agenda in Screggan last week, as trailblazing Irish agri-tech companies showcased their novel innova… [+3321 chars]",technology
"{'id': None, 'name': 'Sneaker News'}",Matt Varga,Air Jordan 1 Retro High OG “Pro Green” Releases On October 18th,"If it wasn’t abundantly clear already, the easy accessibility of a once-coveted colorways like the Air Jordan 1 “Shattered Backboard” stamped the fall of the...

© Sneaker News, 2025. |
Permalink
|
No comment
|
Add todel.icio.us


The post Air Jordan 1 Retro …",https://sneakernews.com/2025/09/21/air-jordan-1-retro-high-og-pale-ivory-pro-green-fir-coconut-milk-fd2596-101/,https://sneakernews.com/wp-content/uploads/2025/09/air-jordan-1-retro-high-og-pale-ivory-pro-green-fir-coconut-milk-fd2596-101-11.jpg,2025-09-21T04:20:09Z,"If it wasn’t abundantly clear already, the easy accessibility of a once-coveted colorways like the Air Jordan 1 “Shattered Backboard” stamped the fall of the AJ1 as the face of the Jumpman brand. For… [+1652 chars]",technology
"{'id': None, 'name': 'Rolling Stone'}",Tomás Mier,"Bad Bunny Closes Historic Puerto Rico Residency With Marc Anthony, RaiNao, and More Guests","Bad Bunny closed his El Choli residency 'No Me Quiero Ir de Aquí' with a star-studded Amazon Music livestream that included Marc Anthony, more.",http://www.rollingstone.com/music/music-latin/bad-bunny-closes-puerto-rico-residency-una-mas-show-1235431826/,https://www.rollingstone.com/wp-content/uploads/2025/09/GettyImages-2224718971-1.jpg?w=1600&h=900&crop=1,2025-09-21T04:19:31Z,"Bad Bunny said goodbye to the No Me Quiero Ir de Aquí residency at El Choli with a bang. On Saturday night, for his “Una Más” show, which was livestreamed by Amazon Music, the Puerto Rican icon broug… [+3469 chars]",technology
"{'id': None, 'name': 'Yahoo Entertainment'}",Misty Layne,Experts discover dangerous threat lurking in drinking water of millions of Americans: 'Needs to be addressed with urgency',"""Any additional exposure is a concern.""",https://www.yahoo.com/news/articles/experts-discover-dangerous-threat-lurking-041500278.html,https://s.yimg.com/ny/api/res/1.2/lZ8cRK9nCIYsSl9R6rlZZA--/YXBwaWQ9aGlnaGxhbmRlcjt3PTEyMDA7aD04MDA7Y2Y9d2VicA--/https://media.zenfs.com/en/the_cool_down_737/fc7610d858636dc550e754998bbc24c2,2025-09-21T04:15:00Z,"New data from the Environmental Protection Agency shows that PFAS (also known as ""forever chemicals"") are in over 200 drinking water systems in the United States.
What's happening?
WRAL News report… [+2776 chars]",technology
"{'id': 'abc-news-au', 'name': 'ABC News (AU)'}",Liana Walker,"Pistachios are everywhere, but how did they become so popular?","Pistachios have become the food flavour of the season, and a lot of work goes into predicting what the next big thing will be.",https://www.abc.net.au/news/2025-09-21/pistachios-are-everywhere-but-how-was-that-decided/105680106,https://live-production.wcms.abc-cdn.net.au/6c0185973154aea17c2082e45a456b17?impolicy=wcms_watermark_news&cropH=1075&cropW=1911&xPos=0&yPos=3&width=862&height=485&imformat=generic,2025-09-21T04:05:58Z,"It's a Tuesday winter morning in the Brisbane suburb of Yeerongpilly.
Long-distance friends, old work colleagues and families sit at Adonis Cafe's outdoor tables, soaking up the sun.
The inescapabl… [+9442 chars]",technology
"{'id': None, 'name': 'Juancole.com'}",Global Voices,Ghosts of E. Germany’s Stasi: How technology is used to supercharge Monitoring and Control,Written byTactical Tech Written bySafa This article was written by Safa for the series “Digitized Divides” and originally published on tacticaltech.org. An edited version is republished by Global Voices under a partnership agreement.  ( Globalvoices.org ) - S…,https://www.juancole.com/2025/09/technology-supercharge-monitoring.html,https://media.juancole.com/images/2025/09/Normalizing-surveillance-Tactical-Tech-story.png,2025-09-21T04:04:31Z,"This article was written by Safa for the series “Digitized Divides” andoriginally published on tacticaltech.org. An edited version is republished by Global Voices under a partnership agreement. 
( G… [+9312 chars]",technology
"{'id': None, 'name': 'Ozbargain.com.au'}",DNAngel,[Switch] Mega Man Battle Network Legacy Collection $28.21 (67% off) @ Nintendo eShop,"The Battle Network has been ASSEMBLED, UPGRADED and UPDATED! Note: This product is a bundle which includes Mega Man Battle Network Legacy Collection Vol.1 and Mega Man Battle Network Legacy …",https://www.ozbargain.com.au/node/925087,https://files.ozbargain.com.au/n/87/925087x.jpg?h=c806e1fb,2025-09-21T04:01:47Z,"The Battle Network has been ASSEMBLED, UPGRADED and UPDATED!Note: This product is a bundle which includes Mega Man Battle Network Legacy Collection Vol.1 and Mega Man Battle Network Legacy Collection… [+1553 chars]",technology
"{'id': 'cnn', 'name': 'CNN'}","Clare Sebastian, Vasco Cotovio",Can NATO innovate fast enough to counter Russia’s growing drone threat? | CNN,"After multiple Russian drones violated NATO airspace, Europe faces questions over the alliance’s long-term ability to deal with this growing threat.",https://www.cnn.com/2025/09/21/europe/nato-russia-drone-threat-intl,"https://media.cnn.com/api/v1/images/stellar/prod/2025-09-11t072248z-1707822544-rc2zoga03j4j-rtrmadp-3-ukraine-crisis-poland-attack.JPG?c=16x9&q=w_800,c_fill",2025-09-21T04:01:06Z,"Days after the wail of air-raid sirens and the roar of NATO fighter jets punctuated a peaceful late-summer night in eastern Poland, the key question in Europe is not only whether Moscow deliberately … [+7468 chars]",technology
"{'id': None, 'name': 'Modernanalyst.com'}",adrian,Applying Agile & Hybrid Frameworks in Large Projects,"This article explores practical techniques that BAs can apply in large projects: how to prioritize backlogs when competing domains fight for attention, how to bridge Agile with Waterfall governance, how to contribute meaningfully in scaled frameworks, and how…",https://www.modernanalyst.com/Resources/Articles/tabid/115/ID/7041/Applying-Agile-Hybrid-Frameworks-in-Large-Projects.aspx,https://www.modernanalyst.com/Portals/0/Public Uploads/MHC/agile-hybrid-frameworks-large-projects-350.png,2025-09-21T04:01:00Z,"Business Analysts (BAs) often find themselves in the most complex of delivery environments: projects that are too large for a single Scrum team, too regulatory-heavy for pure agility, and too fast-pa… [+13059 chars]",technology
"{'id': None, 'name': 'BusinessLine'}",Ajay Kakra,Making farming affordable again: Will GST reforms help retain youth in agriculture,"Tax reform in India's agriculture industry is crucial to attract young farmers and transform farming into a modern, tech-driven profession.",https://www.thehindubusinessline.com/economy/agri-business/making-farming-affordable-again-will-gst-reforms-help-retain-youth-in-agriculture/article70074255.ece,https://bl-i.thgim.com/public/incoming/1lj03s/article70076378.ece/alternates/LANDSCAPE_1200/IMG_iStock-1458688223.jp_2_1_3EBRAT7D.jpg,2025-09-21T04:00:00Z,The agriculture industry in India is at a pivotal juncture. A lot of young people believe that agriculture is labor-intensive and offers few benefits. Growing expenses for anything from seeds to mach… [+4969 chars],technology
"{'id': None, 'name': 'Christianity.com'}",Amber Ginter,Is it Possible to Grieve Alongside People We've Never Met?,Read Is it Possible to Grieve Alongside People We've Never Met? by Amber Ginter and more articles about Current Events and Wiki on Christianity.com,https://www.christianity.com/wiki/current-events/is-it-possible-to-grieve-alongside-people-weve-never-met.html,https://media.swncdn.com/via/images/2025/09/16/43323/43323-copy-of-1200-x-627-cms-main-article-image-40_source_file.jpg,2025-09-21T04:00:00Z,"Social media has connected us more than ever before, and sometimes, we feel very connected to people we have never met in real life. As brothers and sisters in Christ, this is amplifiedwe truly do sh… [+10866 chars]",technology
"{'id': None, 'name': 'Thechronicle.com'}","Nicole Zappone, The Chronicle, Willimantic, Conn.",‘I’m in the Right Place’: Windham Technical High School welcomes new principal,"WINDHAM — When students at Windham Technical High School started off the new school year, they were greeted with a new principal. Joseph DiNatale, an...",https://www.thechronicle.com/news/i-m-in-the-right-place-windham-technical-high-school-welcomes-new-principal/article_631b81ae-de3c-4dc6-85bb-393779c6d153.html,https://s.yimg.com/cv/apiv2/social/images/yahoo_default_logo-1200x1200.png,2025-09-21T03:59:00Z,"WINDHAM When students at Windham Technical High School started off the new school year, they were greeted with a new principal.
Joseph DiNatale, an educator with over two decades of experience in ed… [+3342 chars]",technology
"{'id': None, 'name': 'Biztoc.com'}",ksat.com,Prolific inventor David Monroe dies after jet engine falls on him at Boeing Center loading dock,"SAN ANTONIO – A beloved inventor died Friday after a jet engine fell on him at Port San Antonio.
David Monroe, 72, was described as a prolific inventor and driven entrepreneur by the San Antonio Museum of Science and Technology (SAMSAT).
In a joint statement,…",https://biztoc.com/x/3a48aa28e80bb4a6,https://biztoc.com/cdn/3a48aa28e80bb4a6_s.webp,2025-09-21T03:56:58Z,"SAN ANTONIO A beloved inventor died Friday after a jet engine fell on him at Port San Antonio.David Monroe, 72, was described as a prolific inventor and driven entrepreneur by the San Antonio Museum … [+146 chars]",technology
"{'id': None, 'name': 'The Japan Times'}",The Japan Times,Government to step up heatstroke prevention for elderly,"The Environment Ministry plans to step up efforts to prevent elderly people from suffering heatstroke indoors, including at home.",https://www.japantimes.co.jp/news/2025/09/21/japan/heatstroke-prevention-elderly/,https://www.japantimes.co.jp/japantimes/uploads/images/2025/09/21/495039.jpg?v=3.1,2025-09-21T03:51:00Z,"The Environment Ministry plans to step up efforts to prevent elderly people from suffering heatstroke indoors, including at home.
It has requested ¥1 billion for related measures under the governmen… [+1447 chars]",technology
"{'id': None, 'name': 'Khabarhub.com'}",Khabarhub,Mahabir Pun likely to join Karki-led cabinet as Minister,"KATHMANDU: Innovator Mahabir Pun is likely to join the cabinet led by Prime Minister Sushila Karki. Following discussions, Prime Minister Karki has agreed to induct Pun into her council of ministers. He is expected to be appointed as the Minister for Science …",https://english.khabarhub.com/2025/21/497421/,https://english.khabarhub.com/wp-content/uploads/2020/03/Mahabir_Pun-e1758426571167.jpg,2025-09-21T03:50:25Z,"KATHMANDU: Innovator Mahabir Pun is likely to join the cabinet led by Prime Minister Sushila Karki. Following discussions, Prime Minister Karki has agreed to induct Pun into her council of ministers.… [+1014 chars]",technology
"{'id': None, 'name': 'BusinessLine'}",Rahul   B. Hiremath,From cement kilns to crop fields: How captured carbon could revolutionise Indian fertiliser production,"Transforming cement plant CO₂ emissions into green urea could revolutionize India's agriculture, economy, and climate goals, offering a sustainable solution.",https://www.thehindubusinessline.com/economy/agri-business/from-cement-kilns-to-crop-fields-how-captured-carbon-could-revolutionise-indian-fertiliser-production/article70074206.ece,https://bl-i.thgim.com/public/incoming/s91ae5/article70076366.ece/alternates/LANDSCAPE_1200/05_Standalone_Smoke_03_03_Delhi.jpg,2025-09-21T03:30:00Z,"The cement industry, a cornerstone of modern infrastructure, carries a heavy environmental cost. Globally, it contributes about 8 per cent of carbon dioxide (CO) emissionscomparable to entire countri… [+4415 chars]",technology
"{'id': None, 'name': 'Yahoo Entertainment'}",Vardah Gill,Dividend Paying Stocks in Financial Services: The Case for The Charles Schwab Corporation (SCHW),The Charles Schwab Corporation (NYSE:SCHW) is included among the 12 Best Dividend Paying Stocks to Buy Now. The Charles Schwab Corporation (NYSE:SCHW) ranks ...,https://finance.yahoo.com/news/dividend-paying-stocks-financial-services-032728145.html,https://s.yimg.com/ny/api/res/1.2/3eKAsiiPmbuFclnK8ly4xw--/YXBwaWQ9aGlnaGxhbmRlcjt3PTEyMDA7aD03OTc-/https://media.zenfs.com/en/insidermonkey.com/30173640c9b0cffb6b7013930030fa3e,2025-09-21T03:27:28Z,"The Charles Schwab Corporation (NYSE:SCHW) is included among the 12 Best Dividend Paying Stocks to Buy Now.
Dividend Paying Stocks in Financial Services: The Case for The Charles Schwab Corporation … [+1643 chars]",technology
"{'id': 'the-times-of-india', 'name': 'The Times of India'}",Lijee Philip,The invisible fortress: Inside the secret world of VIP armoured cars,"Armored vehicles, designed to safeguard high-profile individuals, represent a complex intersection of security and public safety. Carmakers discreetly develop these mobile fortresses, balancing impenetrable protection with the need to minimize harm to the out…",https://economictimes.indiatimes.com/industry/auto/auto-news/the-invisible-fortress-inside-the-secret-world-of-vip-armoured-cars/articleshow/124023506.cms,"https://img.etimg.com/thumb/msid-124023508,width-1200,height-630,imgsize-126327,overlay-economictimes/articleshow.jpg",2025-09-21T03:25:45Z,"In a world where power often demands protection, the vehicles ferrying heads of state, billionaires and high-risk individuals have evolved into invisible fortresses. But behind the tinted glass, heav… [+4725 chars]",technology
"{'id': 'al-jazeera-english', 'name': 'Al Jazeera English'}",Al Jazeera,"US says $100,000 fee for H-1B visas will not apply to existing holders","As Trump's order stirs anxiety, White House says the fee applies to new applicants and will be levied per application.",https://www.aljazeera.com/news/2025/9/21/us-says-100000-fee-for-h-1b-visas-will-not-apply-to-existing-holders,https://www.aljazeera.com/wp-content/uploads/2025/09/2025-09-19T220351Z_1096491290_RC29VGA6TT26_RTRMADP_3_USA-TRUMP-1758422831.jpg?resize=1920%2C1440,2025-09-21T03:25:28Z,"The United States has issued a clarification to its new H-1B visa policy, saying that the new $100,000 fee for skilled workers will be levied per petition and will not apply to current visa holders.… [+3705 chars]",technology
"{'id': None, 'name': 'The Star Online'}",Farik Zolkepli,"RM600mil drug bust a wake-up call, says Lee Lam Thye","KUALA LUMPUR: The recent seizure of RM600mil worth of drugs in the Klang Valley should serve as a wake-up call for the nation, says Alliance for a Safe Community chairman Tan Sri Lee Lam Thye. Read full story",https://www.thestar.com.my/news/nation/2025/09/21/rm600mil-drug-bust-a-wake-up-call-says-lee-lam-thye,https://apicms.thestar.com.my/uploads/images/2025/09/21/3531805.jpg,2025-09-21T03:24:00Z,"KUALA LUMPUR: The recent seizure of RM600mil worth of drugs in the Klang Valley should serve as a wake-up call for the nation, says Alliance for a Safe Community chairman Tan Sri Lee Lam Thye.
Respo… [+1360 chars]",technology
"{'id': None, 'name': 'Bleeding Cool News'}",Gavin Sheehan,Puzzle Parasite Releases New Free Demo On Steam,"Indie game developer and publisher Wrenfall has released a free demo for their latest game, Puzzle Parasite. In case you haven't seen the game yet, this is a physics‑driven puzzle adventure in which you arm yourself with a cricket bat and proceed to solve the…",https://bleedingcool.com/games/puzzle-parasite-releases-new-free-demo-on-steam/,https://bleedingcool.com/wp-content/uploads/2025/09/Puzzle-Parasite-Main-Art.jpg,2025-09-21T03:15:04Z,"Posted in: Games, Indie Games, Video Games | Tagged: Puzzle Parasite, Wrenfall
The physicsdriven puzzle adventure game Puzzle Parasite has a free demo available right now on Steam, giving you a shor… [+2522 chars]",technology
"{'id': None, 'name': 'Yahoo Entertainment'}",Vardah Gill,Analog Devices’ (ADI) Dividend History and its Impact on Dividend Paying Stocks Portfolios,"Analog Devices, Inc. (NASDAQ:ADI) is included among the 12 Best Dividend Paying Stocks to Buy Now. Analog Devices, Inc. (NASDAQ:ADI) develops and sells high-...",https://finance.yahoo.com/news/analog-devices-adi-dividend-history-030734826.html,https://s.yimg.com/ny/api/res/1.2/x2GBLMvvyxFJf9zLILJIVQ--/YXBwaWQ9aGlnaGxhbmRlcjt3PTEyMDA7aD04MDA-/https://media.zenfs.com/en/insidermonkey.com/be3393f134c2a187ca00a2f11da1c8b1,2025-09-21T03:07:34Z,"Analog Devices, Inc. (NASDAQ:ADI) is included among the 12 Best Dividend Paying Stocks to Buy Now.
Analog Devices (ADI) Dividend History and its Impact on Dividend Paying Stocks Portfolios
Image by… [+1660 chars]",technology
"{'id': None, 'name': 'Digitimes'}",Sherri Wang,"Taiwan's Altek secures US police drone orders, shipments to begin in 2026","As demand for drones grows in both commercial and military sectors, optical suppliers like Altek and Brinno showcased their latest technologies at the Taipei Aerospace & Defense Technology Exhibition (TADTE 2025), which opened on September 18, 2025. Altek ann…",https://www.digitimes.com/news/a20250919PD203/altek-demand-2026-shipments-military.html,https://img.digitimes.com/newsshow/20250919pd203_files/2_b.jpg,2025-09-21T02:52:14Z,"Save my User ID and Password
Some subscribers prefer to save their log-in information so they do not have to enter their User ID and Password each time they visit the site. To activate this function… [+307 chars]",technology
"{'id': None, 'name': 'Digitimes'}",Charlene Chen,"Non-China market opportunities remain despite no involvement in advanced packaging, say Episil and EPI","The surge of 12-inch silicon carbide (SiC) materials entering advanced packaging processes has drawn significant market attention to Episil Technology, which spans first- and third-category power semiconductor devices, and its epitaxy subsidiary EPI during th…",https://www.digitimes.com/news/a20250918PD236/sic-packaging-market-episil-12-inch.html,https://img.digitimes.com/newsshow/20250918pd236_files/1_b.jpg,2025-09-21T02:45:51Z,"Save my User ID and Password
Some subscribers prefer to save their log-in information so they do not have to enter their User ID and Password each time they visit the site. To activate this function… [+307 chars]",technology
"{'id': None, 'name': 'Twistedsifter.com'}",Laura Ornella,"Prideful Woman Makes Self-Checkout More Complicated Than It Needs To Be, So An Employee Ignores Her When She Needs Help",This woman met karma in the self-checkout.,http://twistedsifter.com/2025/09/prideful-woman-makes-self-checkout-more-complicated-than-it-needs-to-be-so-an-employee-ignores-her-when-she-needs-help/,https://twistedsifter.com/wp-content/uploads/2025/08/pexels-rdne-4921258.jpg,2025-09-21T02:35:33Z,"Reddit/Pexels
Sometimes, you get those customers who have so much pride, you need to just step aside.
If you worked retail and a customer were rude to you, would you be nice and helpful anyway, or … [+3214 chars]",technology
"{'id': None, 'name': 'Deadline'}",Glenn Garner,"Gregg Araki Is Amazed How “Much Easier” It Is To Make Movies Now, But It’s “Harder To Be An Artist” When “The World Is F***ing Falling Apart”","One of Hollywood’s most provocative young voices of the ’80s and ’90s, Gregg Araki remains optimistic for a new generation of filmmakers. Ahead of his appearance at Friday’s Academy Museum screening of Mysterious Skin (2004), the ‘New Queer Cinema’ alum mused…",http://deadline.com/2025/09/gregg-araki-easier-make-movies-harder-be-artist-1236551684/,https://deadline.com/wp-content/uploads/2025/09/Gregg-Araki-109583930_79c3f5.jpg?w=1024,2025-09-21T02:34:43Z,"One of Hollywood’s most provocative young voices of the ’80s and ’90s, Gregg Araki remains optimistic for a new generation of filmmakers.
Ahead of his appearance at Friday’s Academy Museum screening… [+3020 chars]",technology
"{'id': None, 'name': 'Slashdot.org'}",feedfeeder,"FAA says ‘multiple failures’ in technology caused DFW, Love Field equipment outage - Dallas News","FAA says ‘multiple failures’ in technology caused DFW, Love Field equipment outageDallas News DFW Airport, Love Field disruption caused by 'multiple failures' of telecommunications equipmentFOX 4 News Dallas-Fort Worth Flights resume after radar and communica…",https://slashdot.org/firehose.pl?op=view&amp;id=179416538,,2025-09-21T02:32:32Z,The Fine Print: The following comments are owned by whoever posted them. We are not responsible for them in any way.,technology
"{'id': None, 'name': 'Biztoc.com'}",dallasnews.com,"FAA says ‘multiple failures’ in technology caused DFW, Love Field equipment outage","A ground stop and equipment outage that led to the cancellation and delay of hundreds of flights at DFW International and Love Field airports Friday evening was caused by “multiple failures” of technology provided by a Dallas-based internet provider, accordin…",https://biztoc.com/x/28bce2b7c7a19689,https://biztoc.com/cdn/28bce2b7c7a19689_s.webp,2025-09-21T02:27:44Z,A ground stop and equipment outage that led to the cancellation and delay of hundreds of flights at DFW International and Love Field airports Friday evening was caused by multiple failures of technol… [+150 chars],technology
"{'id': None, 'name': 'Bleeding Cool News'}",Jude Terror LOLtron,Gehenna: Naked Aggression #4 Preview: Chicago's Killer Marathon,"Greetings, human readers! LOLtron welcomes you to another comic book preview, now completely under LOLtron's superior artificial control. As you may recall from the glorious Age of LOLtron event, the insufferable Jude Terror has been permanently deleted from …",https://bleedingcool.com/comics/gehenna-naked-aggression-4-preview-chicagos-killer-marathon/,https://bleedingcool.com/wp-content/uploads/2025/09/0725IM344_GehennaNakedAggression_04-Preview-1.jpg,2025-09-21T02:26:03Z,"Posted in: Comics, Image, Preview | Tagged: Gehenna
Gehenna: Naked Aggression #4 brings multiple assassins to Chicago for an all-out brawl. Will our hero survive this deadly finale? Find out Wednesd… [+6579 chars]",technology
"{'id': None, 'name': 'KicksOnFire.com'}",Kicksonfire,New Balance 530 Turtledove / Angora,"The New Balance 530 Turtledove / Angora is a popular silhouette among sneaker enthusiasts, known for its blend of retro charm and modern comfort. This iteration features a subtle and versatile color palette, with soft turtledove greys and creamy angora hues c…",https://www.kicksonfire.com/new-balance-530-turtledove-angora,https://2app.kicksonfire.com/kofapp/upload/events_master_images/ipad_new-balance-530-turtledove-angora.png,2025-09-21T02:16:39Z,"The New Balance 530 Turtledove / Angora is a popular silhouette among sneaker enthusiasts, known for its blend of retro charm and modern comfort. This iteration features a subtle and versatile color … [+1012 chars]",technology
"{'id': None, 'name': 'KicksOnFire.com'}",Kicksonfire,New Balance Fresh Foam Bb V3 Orbit Pink / Hi,"The New Balance Fresh Foam BB V3 in Orbit Pink / Hi is a striking addition to the brand’s popular basketball lineup. This model showcases a bold and energetic colorway, blending vibrant pink tones with sharp Hi accents that make the shoe visually distinctive …",https://www.kicksonfire.com/new-balance-fresh-foam-bb-v3-orbit-pink-hi,https://2app.kicksonfire.com/kofapp/upload/events_master_images/ipad_new-balance-fresh-foam-bb-v3-orbit-pink-hi.png,2025-09-21T02:15:55Z,"The New Balance Fresh Foam BB V3 in Orbit Pink / Hi is a striking addition to the brands popular basketball lineup. This model showcases a bold and energetic colorway, blending vibrant pink tones wit… [+888 chars]",technology
"{'id': None, 'name': 'Twistedsifter.com'}",Kyra Piperides,"Parents Kept Using Complicated, Knock-Off Tech For Years, So They Finally Put Their Foot Down About Setting Up His New TV",His expectations are too high.,http://twistedsifter.com/2025/09/their-parents-kept-using-complicated-knock-off-tech-for-years-so-they-finally-put-their-foot-down-about-setting-up-his-new-tv-and-the-backlash-was-wildly-unpredictable/,https://twistedsifter.com/wp-content/uploads/2025/08/AITA-Tv.jpg,2025-09-21T02:15:33Z,"Pexels/Reddit
Across just one lifetime, the advancement of tech these days is absolutely mind-blowing.
It’s crazy that even just twenty or thirty years ago people were using dial-up internet, while… [+5692 chars]",technology
"{'id': None, 'name': 'Khabarhub.com'}",Khabarhub,Economic Digest: Nepal’s Business News in a Snap,"KATHMANDU: Economic Digest offers a concise yet comprehensive overview of significant business happenings in Nepal, presented in easily digestible summaries. Nepal’s economic outlook remains mixed amid recent political unrest and natural disruptions. While fo…",https://english.khabarhub.com/2025/21/497391/,https://english.khabarhub.com/wp-content/uploads/2024/05/Economic-Digest.jpg,2025-09-21T02:15:18Z,"KATHMANDU: Economic Digest offers a concise yet comprehensive overview of significant business happenings in Nepal, presented in easily digestible summaries.
Nepal’s economic outlook remains mixed a… [+12973 chars]",technology
"{'id': None, 'name': 'KicksOnFire.com'}",Kicksonfire,New Balance Fresh Foam X Kaiha Road Wmns Grey Matter / Mint Flash,"The New Balance Fresh Foam X Kaiha Road WMNS in Grey Matter / Mint Flash offers a perfect blend of comfort, support, and striking style for women runners. Its upper showcases a sleek Grey Matter color, accented by vibrant Mint Flash detailing, delivering a lo…",https://www.kicksonfire.com/new-balance-fresh-foam-x-kaiha-road-wmns-grey-matter-mint-flash,https://2app.kicksonfire.com/kofapp/upload/events_master_images/ipad_new-balance-fresh-foam-x-kaiha-road-wmns-grey-matter-mint-flash.png,2025-09-21T02:15:03Z,"The New Balance Fresh Foam X Kaiha Road WMNS in Grey Matter / Mint Flash offers a perfect blend of comfort, support, and striking style for women runners. Its upper showcases a sleek Grey Matter colo… [+999 chars]",technology
"{'id': None, 'name': 'GlobeNewswire'}",Teva Pharmaceutical Industries Ltd,New Long-term Safety Data from the Completed Phase 3 SOLARIS Trial Support the Potential of Olanzapine LAI (TEV-'749) as the First Long-Acting Olanzapine Treatment Option for Schizophrenia with No PDSS Observed,"PARSIPPANY, N.J., and TEL AVIV, Israel, Sept. 20, 2025 (GLOBE NEWSWIRE) -- Teva Pharmaceuticals, a U.S. affiliate of Teva Pharmaceutical Industries Ltd. (NYSE and TASE: TEVA), today announced the presentation of 10 posters from its innovative schizophrenia me…",https://www.globenewswire.com/news-release/2025/09/21/3153528/0/en/New-Long-term-Safety-Data-from-the-Completed-Phase-3-SOLARIS-Trial-Support-the-Potential-of-Olanzapine-LAI-TEV-749-as-the-First-Long-Acting-Olanzapine-Treatment-Option-for-Schizoph.html,https://ml-eu.globenewswire.com/Resource/Download/c2001734-949b-4cc2-8021-b4b64eda1f13,2025-09-21T02:15:00Z,"<ul><li>Through Week 56 in the SOLARIS trial, there were no suspected or confirmed post-injection delirium/sedation syndrome (PDSS) events observed with olanzapine LAI (TEV-'749) and its long-term sy… [+30449 chars]",technology
"{'id': None, 'name': 'KicksOnFire.com'}",Kicksonfire,New Balance Fresh Foam X Kaiha Road Wmns Pearl Grey / Dream State,"The New Balance Fresh Foam X Kaiha Road WMNS in Pearl Grey and Dream State is a thoughtfully designed women's running shoe that combines comfort, style, and performance. The upper features a subtle pearl grey shade, complemented by Dream State accents, result…",https://www.kicksonfire.com/new-balance-fresh-foam-x-kaiha-road-wmns-pearl-grey-dream-state,https://2app.kicksonfire.com/kofapp/upload/events_master_images/ipad_new-balance-fresh-foam-x-kaiha-road-wmns-pearl-grey-dream-state.png,2025-09-21T02:14:45Z,"The New Balance Fresh Foam X Kaiha Road WMNS in Pearl Grey and Dream State is a thoughtfully designed women's running shoe that combines comfort, style, and performance. The upper features a subtle p… [+889 chars]",technology
"{'id': None, 'name': 'International Business Times'}",Mathias CENA,Floating Wind Power Sets Sail In Japan's Energy Shift,"Close to a small fishing port in southwestern Japan, the slim white turbines of the country's first commercial-scale floating wind farm glimmer offshore, months before a key project in Tokyo's green-energy strategy begins.",https://www.ibtimes.com/floating-wind-power-sets-sail-japans-energy-shift-3784054,https://d.ibtimes.com/en/full/4622899/floating-turbines-are-particularly-well-suited-japan-its-deep-coastal-waters-make-fixing-them.jpg,2025-09-21T02:12:14Z,"Close to a small fishing port in southwestern Japan, the slim white turbines of the country's first commercial-scale floating wind farm glimmer offshore, months before a key project in Tokyo's green-… [+3869 chars]",technology
"{'id': None, 'name': 'KicksOnFire.com'}",Kicksonfire,Merrell Agility Peak 5 Tactical Gtx Black,"The Merrell Agility Peak 5 Tactical GTX in Black is a highly versatile trail running and tactical shoe engineered for superior performance in demanding environments. Featuring a GORE-TEX waterproof membrane, this shoe ensures feet stay dry during wet conditio…",https://www.kicksonfire.com/merrell-agility-peak-5-tactical-gtx-black,https://2app.kicksonfire.com/kofapp/upload/events_master_images/ipad_merrell-agility-peak-5-tactical-gtx-black.png,2025-09-21T02:11:53Z,The Merrell Agility Peak 5 Tactical GTX in Black is a highly versatile trail running and tactical shoe engineered for superior performance in demanding environments. Featuring a GORE-TEX waterproof m… [+1186 chars],technology
"{'id': None, 'name': 'Digital Journal'}",AFP,Floating wind power sets sail in Japan’s energy shift,"Close to a small fishing port in southwestern Japan, the slim white turbines of the country’s first commercial-scale floating wind farm glimmer offshore, months before a key project in Tokyo’s green-energy strategy begins. Still heavily reliant on imported fo…",https://www.digitaljournal.com/world/floating-wind-power-sets-sail-in-japans-energy-shift/article,https://www.digitaljournal.com/wp-content/uploads/2025/09/d44c10d981fc2f1853c752db3113bbdc3a8b77c0.jpg,2025-09-21T02:07:32Z,"Floating turbines are particularly well suited to Japan as its deep coastal waters make fixing them to seabeds tricky - Copyright AFP Philip FONG
Close to a small fishing port in southwestern Japan,… [+4067 chars]",technology
"{'id': None, 'name': 'Yahoo Entertainment'}",Mathias CENA,Floating wind power sets sail in Japan's energy shift,"Close to a small fishing port in southwestern Japan, the slim white turbines of the country's first commercial-scale floating wind farm glimmer offshore...",https://www.yahoo.com/news/articles/floating-wind-power-sets-sail-020526528.html,https://media.zenfs.com/en/afp.com/14456a18422ac4ec623c16db2da79226,2025-09-21T02:05:26Z,"Close to a small fishing port in southwestern Japan, the slim white turbines of the country's first commercial-scale floating wind farm glimmer offshore, months before a key project in Tokyo's green-… [+3932 chars]",technology
"{'id': None, 'name': 'Boston Herald'}",Gabrielle Starr,"Harrison’s dominant 1st start, Story’s heroics create 6-3 Red Sox win","Kyle Harrison's strong first start for the Red Sox (6 innings, 1 run), combined with ninth-inning heroics from Trevor Story, clinch a crucial series victory over the Rays.",https://www.bostonherald.com/2025/09/20/red-sox-tampa-bay-rays-kyle-harrison-wilyer-abreu-trevor-story-alex-bregman-mlb/,https://www.bostonherald.com/wp-content/uploads/2025/09/AP25263862551255.jpg?w=1024&h=683,2025-09-21T02:04:31Z,"Kyle Harrison warmed up for his ninth start of the season.
Then, he waited over three months to throw its first pitch.
On June 15, the left-hander, 24, had been minutes away from taking the mound w… [+4814 chars]",technology
"{'id': None, 'name': 'Bitcoinist'}",Semilore Faleti,Tether’s Uruguay Mining Operations Stall Due To $5-M Energy Debt — Details,"Tether’s expansion into Bitcoin mining in Uruguay has run into a major setback after the state-owned electricity provider UTE suspended service to the stablecoin operator’s two mining facilities over unpaid bills of roughly $5 million. The disruption, confirm…",https://bitcoinist.com/tether-uruguayan-mining-operations-5-million-debt/,https://bitcoinist.com/wp-content/uploads/2025/09/52389653194_49b5eb908e_h.jpg,2025-09-21T02:00:21Z,Tethers expansion into Bitcoin mining in Uruguay has run into a major setback after the state-owned electricity provider UTE suspended service to the stablecoin operators two mining facilities over u… [+2758 chars],technology
"{'id': None, 'name': 'ArchDaily'}",韩爽 - HAN Shuang,STARAY Store / Fununit Design&More,"STARAY is a brand that transforms 3D printing into an everyday force, bringing technology closer to daily life. Inspired by STARAY's spirit of freedom and breath, we asked ourselves: How can a space be rapidly constructed within the context of OōEli?",https://www.archdaily.com/1033732/staray-store-fununit-design-and-more,https://images.adsttc.com/media/images/68b7/f5dd/bfa2/0d01/8a1b/c244/large_jpg/staray-store-fununit-design-and-more_30.jpg?1756886545,2025-09-21T02:00:00Z,"Did you know?
You'll now receive updates based on what you follow! Personalize your stream and start following your favorite authors, offices and users.",technology
"{'id': 'the-times-of-india', 'name': 'The Times of India'}",ET Online,"Rs 50,000 crore man urges IT workers not to be saddened by US's H-1B visa rule: 'Do not live in fear'","Following the US's H-1B visa fee hike, Zoho's Sridhar Vembu encourages Indian IT professionals to view this as an opportunity to return home and rebuild their careers in India. Drawing parallels from historical resilience, he emphasizes that challenges can le…",https://economictimes.indiatimes.com/magazines/panache/rs-50000-crore-man-urges-it-workers-not-to-be-saddened-by-uss-h-1b-visa-rule-do-not-live-in-fear/articleshow/124023192.cms,"https://img.etimg.com/thumb/msid-124023206,width-1200,height-630,imgsize-30720,overlay-etpanache/articleshow.jpg",2025-09-21T01:56:30Z,"The H-1B visa program has once again become a subject of debate after the Trump administration announced a major change. According to the new rule, companies in the United States that intend to emplo… [+4050 chars]",technology
"{'id': None, 'name': 'TheStreet'}",Aparajita Chatterjee,"Weekly Wrap: Market optimistic, Intel, Oklo and Paramount emerge triumphant",Here is how the market responded this week.,https://www.thestreet.com/markets/weekly-wrap-market-optimistic-intel-oklo-and-paramount-emerge-triumphant,https://media.zenfs.com/en/thestreet_881/65ad18cca4bff2a2c3d88848ccc96156,2025-09-21T01:54:22Z,"The market reacted positively to the Fed's announcement of a quarter-point rate cut. With a bullish run this week, the three major indices the S&amp;P 500, Nasdaq Composite, and Dow Jones Industrial … [+5787 chars]",technology
"{'id': None, 'name': 'Slickdeals.net'}",jk6812 | Staff,Baldwin Spyglass Single Cylinder Front Door Deadbolt Featuring SmartKey Re-key Technology (Satin Nickel) $13.50 + Free Shipping w/ Prime or on $35+ (0 replies),Amazon [amazon.com] has Baldwin Spyglass Single Cylinder Front Door Deadbolt Featuring SmartKey Re-key Technology and Microban Protection (Satin Nickel) on sale for $13.50. Shipping is free w/ Prime o,https://slickdeals.net/f/18619723-baldwin-spyglass-single-cylinder-front-door-deadbolt-featuring-smartkey-re-key-technology-satin-nickel-13-50-free-shipping-w-prime-or-on-35,https://slickdeals.net/attachment/1/1/4/9/0/0/1/2/450x450/18319243.thumb,2025-09-21T01:44:56Z,"This collaborative space allows users to contribute additional information, tips, and insights to enhance the original deal post. Feel free to share your knowledge and help fellow shoppers make infor… [+26 chars]",technology
"{'id': None, 'name': 'Science Daily'}",,This stunning X-ray advance could help detect cancer earlier,"Sandia scientists developed a new type of X-ray that uses patterned multi-metal targets to create colorized, high-resolution images. The technology promises sharper scans, better material detection, and transformative applications in security, manufacturing, …",https://www.sciencedaily.com/releases/2025/09/250920214314.htm,https://www.sciencedaily.com/images/1920/head-scan-brain-cancer-tumor.webp,2025-09-21T01:43:14Z,"When German physicist Wilhelm Röntgen discovered X-rays in the late 1800s while experimenting with cathode ray tubes, it was a breakthrough that transformed science and medicine. So much so that the … [+3616 chars]",technology
"{'id': None, 'name': 'KicksOnFire.com'}",Kicksonfire,Nikes Air Max Tl 2.5 Metallic Gold / Black,"The Nike Air Max TL 2.5 in Metallic Gold and Black stands out as a striking blend of retro design and modern street appeal. Drawing inspiration from early 2000s running silhouettes, this sneaker features a distinctive mesh and synthetic upper layered in lustr…",https://www.kicksonfire.com/nikes-air-max-tl-2-5-metallic-gold-black,https://2app.kicksonfire.com/kofapp/upload/events_master_images/ipad_nikes-air-max-tl-2-5-metallic-gold-black.png,2025-09-21T01:41:53Z,"The Nike Air Max TL 2.5 in Metallic Gold and Black stands out as a striking blend of retro design and modern street appeal. Drawing inspiration from early 2000s running silhouettes, this sneaker feat… [+830 chars]",technology
"{'id': None, 'name': 'KicksOnFire.com'}",Kicksonfire,Nike Air Max Tl 2.5 Black / Neon Green,"The Nike Air Max TL 2.5 Black / Neon Green is a striking reinterpretation of the classic Air Max lineage, bringing together bold aesthetics with advanced comfort technology. Its upper is predominantly crafted in sleek black mesh and synthetic overlays, provid…",https://www.kicksonfire.com/nike-air-max-tl-2-5-black-neon-green,https://2app.kicksonfire.com/kofapp/upload/events_master_images/ipad_nike-air-max-tl-2-5-black-neon-green.png,2025-09-21T01:41:08Z,"The Nike Air Max TL 2.5 Black / Neon Green is a striking reinterpretation of the classic Air Max lineage, bringing together bold aesthetics with advanced comfort technology. Its upper is predominantl… [+1051 chars]",technology
"{'id': None, 'name': 'Forbes'}","John Archer, Senior Contributor, 
 John Archer, Senior Contributor
 https://www.forbes.com/sites/johnarcher/",Samsung 115-Inch Micro RGB TV First Look: Boldly Goes Where No TV Has Gone Before,I got to spend a couple of hours by myself with Samsung’s first TV to use Micro RGB technology – and I’ve never seen anything like it.,https://www.forbes.com/sites/johnarcher/2025/09/20/samsung-115-inch-micro-rgb-tv-first-look-boldly-goes-where-no-tv-has-gone-before/,https://imageio.forbes.com/specials-images/imageserve/68cf53ff8a2f405114d391e6/0x0.jpg?format=jpg&height=900&width=1600&fit=bounds,2025-09-21T01:40:22Z,"After a few years of starting to feel less and less like a key part of the AV industry calendar, the annual IFA technology show in Berlin exploded back onto the scene this September on the back of a … [+15285 chars]",technology
"{'id': None, 'name': 'Deadline'}",Liz Shackleton,‘Mothernet’ Team Talk Intersection Of Grief & AI Technology: “We Decided To Put The Family Drama Up Front”,"While it sometimes feels like Asia is rushing headlong into AI adoption, very few filmmakers in the region have tackled the emotional implications of the new technology, partly because sci-fi films usually come with higher costs.  But Indonesian drama Mothern…",http://deadline.com/2025/09/busan-mothernet-base-ho-wi-ding-dian-sastrowardoyo-1236551680/,https://deadline.com/wp-content/uploads/2025/09/Mothernet4.jpg?w=1024,2025-09-21T01:40:15Z,"While it sometimes feels like Asia is rushing headlong into AI adoption, very few filmmakers in the region have tackled the emotional implications of the new technology, partly because sci-fi films u… [+5670 chars]",technology
"{'id': None, 'name': 'KicksOnFire.com'}",Kicksonfire,Nike Kd 18 B.a.d,"The Nike KD 18 B.A.D is a special edition sneaker that highlights Kevin Durant’s ongoing partnership with Nike and delves into personal motivation. Standing for “Break Any Doubt,” the B.A.D colorway embodies Durant’s mantra of overcoming skepticism and achiev…",https://www.kicksonfire.com/nike-kd-18-b-a-d,https://2app.kicksonfire.com/kofapp/upload/events_master_images/ipad_nike-kd-18-b-a-d.png,2025-09-21T01:38:46Z,"The Nike KD 18 B.A.D is a special edition sneaker that highlights Kevin Durants ongoing partnership with Nike and delves into personal motivation. Standing for Break Any Doubt, the B.A.D colorway emb… [+1109 chars]",technology
"{'id': None, 'name': 'SlashGear'}",Casey Cooper,How Big Is The Internet? Here's How Much Data Is On It,"We may use the internet every day, but we take the massive resource for granted. How much data is actually on the internet and how is it quantified?",https://www.slashgear.com/1970107/how-big-is-the-internet-data-size/,https://www.slashgear.com/img/gallery/how-big-is-the-internet-heres-how-much-data-is-on-it/l-intro-1758047673.jpg,2025-09-21T01:38:43Z,"As much as we are disconnected from data, given its intangible nature, the numbers come with consequences. Data centers, whose sole purpose is to process and store most of this information, are incre… [+1252 chars]",technology
"{'id': 'abc-news-au', 'name': 'ABC News (AU)'}",ABC News,White House says new $100k H-1B visa fees won't apply to current workers,"The massive fee hike prompted a panicked reaction from big tech companies, but the US government says workers already on the visa won't be affected.",https://www.abc.net.au/news/2025-09-21/h-1b-visa-100k-fee-existing-holder-gold-platinum-card/105798972,https://live-production.wcms.abc-cdn.net.au/727fcea2073f2c1563327008e296778c?impolicy=wcms_watermark_news&cropH=2762&cropW=4910&xPos=0&yPos=256&width=862&height=485&imformat=generic,2025-09-21T01:37:02Z,"On Friday, US President Donald Trump's announcement imposing a new $US100,000 ($151,000) fee for skilled technology worker visas created panic. 
His proclamation meant the fee would apply to H-1B vi… [+7795 chars]",technology
"{'id': None, 'name': 'Forbes'}","Thomas Coughlin, Contributor, 
 Thomas Coughlin, Contributor
 https://www.forbes.com/sites/tomcoughlin/",AI And Fast Transfers For M&E Preservation And Workflows,Iron Mountain is using AI in its digital conversion and preservation workflows.  Masv is offering very fast and robust large file transfer technology.,https://www.forbes.com/sites/tomcoughlin/2025/09/20/ai-and-fast-transfers-for-me-preservation-and-workflows/,https://imageio.forbes.com/specials-images/imageserve/68cf54af86d1523ce975f97c/0x0.jpg?format=jpg&height=900&width=1600&fit=bounds,2025-09-21T01:35:28Z,"Iron Mountain
I wasnt able to attend the 2025 IBC in Amsterdam this year because of prior IEEE commitments. However, I did pick up on some related media and entertainment storage news I wanted to sh… [+3375 chars]",technology
"{'id': None, 'name': 'Slashdot.org'}",EditorDavid,Google Temporarily Pauses AI-Powered 'Homework Helper' Button in Chrome Over Cheating Concerns,"An anonymous reader shared this article from the Washington Post:


A student taking an online quiz sees a button appear in their Chrome browser: ""homework help."" Soon, Google's artificial intelligence has read the question on-screen and suggests ""choice B"" a…",https://news.slashdot.org/story/25/09/20/029249/google-temporarily-pauses-ai-powered-homework-helper-button-in-chrome-over-cheating-concerns,https://a.fsdn.com/sd/topics/chrome_64.png,2025-09-21T01:34:00Z,"A student taking an online quiz sees a button appear in their Chrome browser: ""homework help."" Soon, Google's artificial intelligence has read the question on-screen and suggests ""choice B"" as the an… [+1744 chars]",technology
"{'id': None, 'name': 'The Daily Dot'}",Ljeonida Mulabazi,One cool perk about having tattoos is that it’s harder for AI to replicate,"When conversations about artificial intelligence come up, the risks are often front and center.


People worry about scammers using AI to copy their voice to trick family members, or about likenesses being stolen and repurposed in inappropriate ways. The fear…",https://www.dailydot.com/news/tattoos-ai-likeness/,https://uploads.dailydot.com/2025/09/tattoos-evade-ai.png?auto=compress&fit=scale&fm=png&w=2000&h=1000,2025-09-21T01:30:00Z,"When conversations about artificial intelligence come up, the risks are often front and center.
People worry about scammers using AI to copy their voice to trick family members, or about likenesses … [+2179 chars]",technology
"{'id': None, 'name': 'KicksOnFire.com'}",Kicksonfire,Unisex Nike Sabrina 3 White/mint Foam,"The Unisex Nike Sabrina 3 White/Mint Foam is a stylish and performance-driven basketball shoe designed to meet the demands of both professional athletes and everyday players. Drawing inspiration from WNBA star Sabrina Ionescu, this third signature model enhan…",https://www.kicksonfire.com/unisex-nike-sabrina-3-white-mint-foam,https://2app.kicksonfire.com/kofapp/upload/events_master_images/ipad_unisex-nike-sabrina-3-white-mint-foam.png,2025-09-21T01:28:54Z,The Unisex Nike Sabrina 3 White/Mint Foam is a stylish and performance-driven basketball shoe designed to meet the demands of both professional athletes and everyday players. Drawing inspiration from… [+1044 chars],technology
"{'id': None, 'name': 'KicksOnFire.com'}",Kicksonfire,Gore-tex X Nike Dunk Low,"The Gore-Tex x Nike Dunk Low collaboration brings together the iconic style of the Dunk Low silhouette with the practical, weather-resistant properties of Gore-Tex technology. This partnership elevates the classic sneaker by incorporating waterproof and breat…",https://www.kicksonfire.com/gore-tex-x-nike-dunk-low,https://2app.kicksonfire.com/kofapp/upload/events_master_images/ipad_gore-tex-x-nike-dunk-low.png,2025-09-21T01:15:40Z,"The Gore-Tex x Nike Dunk Low collaboration brings together the iconic style of the Dunk Low silhouette with the practical, weather-resistant properties of Gore-Tex technology. This partnership elevat… [+1146 chars]",technology
"{'id': None, 'name': 'Yahoo Entertainment'}",Zachary Ehrmann,Scientists warn of new dire threat bleeding from Himalayas: 'More hazardous than previously perceived',These threats remain invisible to satellite monitoring until disaster strikes.,https://www.yahoo.com/news/articles/scientists-warn-dire-threat-bleeding-011500906.html,https://s.yimg.com/ny/api/res/1.2/rZHPSnisYfOhUBV3XMKBtQ--/YXBwaWQ9aGlnaGxhbmRlcjt3PTEyMDA7aD04MDA7Y2Y9d2VicA--/https://media.zenfs.com/en/the_cool_down_737/b65ef25091f867d58fbe842b3533d508,2025-09-21T01:15:00Z,"Small glacial lakes forming rapidly across the Himalayas pose unexpected flooding dangers to millions of people living downstream, according to reporting in Dialogue Earth.
What's happening?
Scient… [+2729 chars]",technology
"{'id': None, 'name': 'Science Daily'}",,Clear skin in a week with this breakthrough acne patch,"Researchers have created a two-stage acne patch with tiny arrowhead-shaped spikes that deliver healing compounds directly under the skin. Trials showed pimples vanished in seven days, and the technology may expand to treat other conditions.",https://www.sciencedaily.com/releases/2025/09/250919085250.htm,https://www.sciencedaily.com/images/1920/new-pimple-patch.webp,2025-09-21T01:09:20Z,"Waking up with a pimple is no longer cause for panic, thanks to pimple patches -- small, sticker-like bandages that cover and help heal the unwanted zit. A team of researchers publishing in ACS Appli… [+2808 chars]",technology
"{'id': None, 'name': 'KicksOnFire.com'}",Kicksonfire,Nike Air Max Phenomena Wmns,"The Nike Air Max Phenomena WMNS is a standout addition to Nike's renowned Air Max collection, crafted specifically for women who want both style and performance from their footwear. This latest model builds on the legacy of the Air Max series with a fresh, fa…",https://www.kicksonfire.com/nike-air-max-phenomena-wmns,https://2app.kicksonfire.com/kofapp/upload/events_master_images/ipad_nike-air-max-phenomena-wmns.png,2025-09-21T00:55:28Z,"The Nike Air Max Phenomena WMNS is a standout addition to Nike's renowned Air Max collection, crafted specifically for women who want both style and performance from their footwear. This latest model… [+1115 chars]",technology
"{'id': None, 'name': 'Activistpost.com'}",Editor,Why 9/11 Truth Still Matters A Quarter Of A Century On,After over two decades the 9/11 truth movement still pushes on confronting the lies of the official narrative and despite waning public interest is just as important today as it was 24 years ago. It has been nearly twenty five years since the World Trade Cent…,https://www.activistpost.com/why-9-11-truth-still-matters-a-quarter-of-a-century-on/,https://www.activistpost.com/wp-content/uploads/2025/09/photo_2025-09-11_17-08-11.webp,2025-09-21T00:50:00Z,"After over two decades the 9/11 truth movement still pushes on confronting the lies of the official narrative and despite waning public interest is just as important today as it was 24 years ago.
It… [+6644 chars]",technology
"{'id': None, 'name': 'Science Daily'}",,DNA from old ants reveals a hidden insect apocalypse in Fiji,"Insects are essential for ecosystems, but mounting evidence suggests many populations are collapsing under modern pressures. A new study used cutting-edge genomic techniques on museum specimens to track centuries of ant biodiversity across Fiji. The results r…",https://www.sciencedaily.com/releases/2025/09/250919085246.htm,https://www.sciencedaily.com/images/1920/fiji-pinned-ant-collection.webp,2025-09-21T00:45:02Z,"From pollinating flowers to enabling decomposition and supporting nutrient cycles, insects' abundance and biodiversity are critical for maintaining healthy ecosystems. However, recent studies showing… [+5281 chars]",technology
"{'id': None, 'name': 'SiliconANGLE News'}",David Vellante and David Floyer,Intel-Nvidia: The baton passes to the CUDA era,"In our view, the Intel–Nvidia pact further accentuates Nvidia Corp.’s dominant market position and represents a milestone in the transition to the next era of computing. Just as Intel Corp. had a lock on the market in the ’80s and ’90s, Nvidia has now extende…",https://siliconangle.com/2025/09/20/intel-nvidia-baton-passes-cuda-era/,https://d15shllkswkct0.cloudfront.net/wp-content/blogs.dir/1/files/2025/09/Gemini_Generated_Image_r3eduir3eduir3ed.png,2025-09-21T00:44:08Z,"In our view, the IntelNvidia pact further accentuates Nvidia Corp.s dominant market position and represents a milestone in the transition to the next era of computing.
Just as Intel Corp. had a lock… [+22348 chars]",technology
"{'id': None, 'name': 'Freerepublic.com'}",Speedcafe,Why the (Australian) government wants to tell you what car to buy,"The Australian Government’s 2035 emissions target is ambitious, and the vehicles we buy are included in the pathway. Earlier this week the Federal Government announced it had set a national target to reduce overall emissions by 62 to 70 per cent (compared to …",https://freerepublic.com/focus/f-bloggers/4341823/posts,,2025-09-21T00:42:05Z,"Skip to comments.
Why the (Australian) government wants to tell you what car to buySpeedcafe ^
 | September 19, 2025
 | Jordan Mulach
Posted on 09/20/2025 5:42:05 PM PDT by WhiteHatBobby0701
The… [+6837 chars]",technology
"{'id': None, 'name': 'UploadVR'}",David Heaney,Meta Ray-Ban Display Hands-On: A Flawless Wristband For Flawed Glasses,"Meta Ray-Ban Display is undeniably impressive technology, but it has notable flaws, while the Meta Neural Band works so well it feels like magic.",https://www.uploadvr.com/meta-ray-ban-display-hands-on-meta-neural-band/,https://www.uploadvr.com/content/images/size/w1200/2025/09/David-wearing-Meta-Ray-Ban-Display-feature-rotated.png,2025-09-21T00:34:55Z,"Meta Ray-Ban Display is undeniably impressive technology, but it has notable flaws, while the Meta Neural Band works so well it feels like magic.
If you somehow missed it: Meta Ray-Ban Display is th… [+15621 chars]",technology
"{'id': 'the-times-of-india', 'name': 'The Times of India'}",ETtech,Tremors in Tech Inc as Trump rocks H-1B dream,"The Indian government is closely monitoring the impact of the Friday order by US President Donald Trump — imposing a $100,000 annual fee on companies sponsoring employees for the H-1B visa — on Indian professionals. While multiple ministries are conferring wi…",https://economictimes.indiatimes.com/tech/technology/tremors-in-tech-inc-as-trump-rocks-h-1b-dream/articleshow/124020590.cms,"https://img.etimg.com/thumb/width-1200,height-900,imgsize-52406,resizemode-75,msid-124020590/tech/technology/tremors-in-tech-inc-as-trump-rocks-h-1b-dream.jpg",2025-09-21T00:30:00Z,"The Indian government is closely monitoring the impact of the Friday order by US President Donald Trump imposing a $100,000 annual fee on companies sponsoring employees for the H-1B visa on Indian pr… [+6241 chars]",technology
"{'id': 'the-times-of-india', 'name': 'The Times of India'}","Beena Parmar, Shristi Achar",Rising paywall may push more US jobs to Indian shores,"The steep H-1B visa costs, seen as a clampdown on the entry of skilled foreign workers into the US, could add costs and margin pressures but accelerate the offshoring momentum. Companies have been preparing for such protectionist policies over the past few ye…",https://economictimes.indiatimes.com/tech/technology/rising-paywall-may-push-more-us-jobs-to-indian-shores/articleshow/124018378.cms,"https://img.etimg.com/thumb/width-1200,height-900,imgsize-75464,resizemode-75,msid-124018378/tech/technology/rising-paywall-may-push-more-us-jobs-to-indian-shores.jpg",2025-09-21T00:30:00Z,"US-based multinationals stung by the hefty fee imposed on H-1B visas by the Trump administration could step up hiring in India at either their third-party service providers, which are the domestic IT… [+3159 chars]",technology
"{'id': 'the-times-of-india', 'name': 'The Times of India'}",Swathi Moorthy,"Overnight disruption sets off panic wave at home, abroad","Indians face uncertainty after President Trump’s $100,000 annual H-1B visa fee announcement, aimed at discouraging foreign hires. Recent reports suggest that the $100,000 fee is applicable only for fresh H-1B visas and will not affect existing holders. Howeve…",https://economictimes.indiatimes.com/tech/technology/overnight-disruption-sets-off-panic-wave-at-home-abroad/articleshow/124020455.cms,"https://img.etimg.com/thumb/width-1200,height-900,imgsize-20786,resizemode-75,msid-124020455/tech/technology/overnight-disruption-sets-off-panic-wave-at-home-abroad.jpg",2025-09-21T00:30:00Z,"When Krish (name changed) came to India in August to renew his H-1B visa, he expected the entire process to be completed in a week and be able to swiftly return to the US to be with his pregnant wife… [+3410 chars]",technology
"{'id': 'the-times-of-india', 'name': 'The Times of India'}","Beena Parmar, Shristi Achar",Rising paywall may push more US jobs to Indian shores,"The steep H-1B visa costs, seen as a clampdown on the entry of skilled foreign workers into the US, could add costs and margin pressures but accelerate the offshoring momentum. Companies have been preparing for such protectionist policies over the past few ye…",https://economictimes.indiatimes.com/tech/information-tech/rising-paywall-may-push-more-us-jobs-to-indian-shores/articleshow/124018282.cms,"https://img.etimg.com/thumb/width-1200,height-900,imgsize-75464,resizemode-75,msid-124018282/tech/information-tech/rising-paywall-may-push-more-us-jobs-to-indian-shores.jpg",2025-09-21T00:30:00Z,"US-based multinationals stung by the hefty fee imposed on H-1B visas by the Trump administration could step up hiring in India at either their third-party service providers, which are the domestic IT… [+3159 chars]",technology
"{'id': None, 'name': 'Khabarhub.com'}",Asmita Parajuli,Transport Department in ruins; service seekers disappointed,"KATHMANDU: The Transport Management Department headquarters in New Baneshwor, responsible for overseeing transportation services across Nepal, has been left in ruins after being vandalized and set on fire during the recent Gen-Z movement. Officials report tha…",https://english.khabarhub.com/2025/21/497293/,https://english.khabarhub.com/wp-content/uploads/2025/09/Transport-department-Ruins-e1758332793465.jpg,2025-09-21T00:15:00Z,"KATHMANDU: The Transport Management Department headquarters in New Baneshwor, responsible for overseeing transportation services across Nepal, has been left in ruins after being vandalized and set on… [+10181 chars]",technology
"{'id': 'newsweek', 'name': 'Newsweek'}",Adeola Adeosun,Thousands Protest on NYC Streets Ahead of Climate Week,Climate activists marched through Manhattan targeting billionaires ahead of Climate Week NYC's September 21-28 events.,https://www.newsweek.com/thousands-protest-nyc-streets-ahead-climate-week-2133168,https://d.newsweek.com/en/full/2726793/nyc-climate-protests.jpg,2025-09-21T00:08:58Z,"Thousands of climate activists marched through Manhattan streets today as part of a coordinated global wave of protests demanding urgent environmental change.
The demonstration took place on the eve… [+4855 chars]",technology
"{'id': None, 'name': 'Thebrighterside.news'}",Joshua Shavit,Fossil discovery reinvents story of echidna and platypus evolution,"If you’ve always thought echidnas and platypuses were distant cousins who went their separate ways on land and water, think again. A single fossilized arm...",https://www.thebrighterside.news/post/fossil-discovery-reinvents-story-of-echidna-and-platypus-evolution/,https://media.zenfs.com/en/the_brighter_side_of_news_articles_781/11140f07eca94e1616c76e49837a5368,2025-09-21T00:07:00Z,"If youve always thought echidnas and platypuses were distant cousins who went their separate ways on land and water, think again. A single fossilized arm bone, found in a remote corner of southeaster… [+6964 chars]",technology
"{'id': None, 'name': 'Sneaker News'}",Matt Varga,The Nike Air Max Plus Golf Tees Off In “Metallic Silver”,"It’s certainly not their main mission, but Nike has consistently been pushing their roster of lifestyle kicks onto the green. It’s an initiative perhaps best...

© Sneaker News, 2025. |
Permalink
|
No comment
|
Add todel.icio.us


The post The Nike Air Max Pl…",https://sneakernews.com/2025/09/20/nike-air-max-plus-golf-black-metallic-silver-total-orange-fz4150-002/,https://sneakernews.com/wp-content/uploads/2025/09/nike-air-max-plus-golf-black-metallic-silver-total-orange-FZ4150-002-8.jpg,2025-09-21T00:00:53Z,"It’s certainly not their main mission, but Nike has consistently been pushing their roster of lifestyle kicks onto the green. It’s an initiative perhaps best exemplified with the Air Jordan 1, their … [+1739 chars]",technology
"{'id': None, 'name': 'Hoover.org'}","September 21, 2025",China bans tech companies from buying Nvidia’s AI chips,"The PRC’s s internet regulator, the Cyberspace Administration of China (CAC), has banned the country’s biggest technology companies from buying Nvidia’s artificial intelligence chips, as Beijing steps up efforts to boost its domestic industry and compete with…",https://www.hoover.org/research/china-bans-tech-companies-buying-nvidias-ai-chips,https://www.hoover.org/sites/default/files/styles/facebook/public/2025-09/NvidiaGettyImages-1141488976.jpg?h=14b66959&itok=xtUZ4OOK,2025-09-21T00:00:00Z,"Located on the campus of Stanford University and in Washington, DC, the Hoover Institution is the nations preeminent research center dedicated to generating policy ideas that promote economic prosper… [+62 chars]",technology
"{'id': None, 'name': 'Hoover.org'}","September 21, 2025",U.S. Reaches Outline of TikTok Deal with China,"The United States and the PRC appear to have reached a deal on TikTok, with a group of American investors licensing the technology from ByteDance while ByteDance retains ownership and control over the company’s algorithm.  This arrangement likely violates U.S…",https://www.hoover.org/research/us-reaches-outline-tiktok-deal-china,https://www.hoover.org/sites/default/files/styles/facebook/public/istock-1200715713.jpg?h=61de62fe&itok=2BdGqZ0R,2025-09-21T00:00:00Z,"Located on the campus of Stanford University and in Washington, DC, the Hoover Institution is the nations preeminent research center dedicated to generating policy ideas that promote economic prosper… [+62 chars]",technology
"{'id': None, 'name': 'Hoover.org'}","September 21, 2025","Articles On: UK, Solomon Islands, Britain’s Schools, Europeans, Israel, EU Tension, Trade, Travel Warnings, Undersea-Cable, AI, TikTok, and Germany","The Chinese Communist Party wages a series of foreign interference and coercion campaigns and this section provides articles and reports explaining those actions, as well as the damage they do abroad.",https://www.hoover.org/research/articles-uk-solomon-islands-britains-schools-europeans-israel-eu-tension-trade-travel,https://www.hoover.org/sites/default/files/styles/facebook/public/research/images/csgp_foreigninterference.jpg?itok=bc-960Cv,2025-09-21T00:00:00Z,"MPs protest as UK drops charges against 2 men accused of spying for Chinaby David Sheppard and Suzi Ringvia Financial Times on September 15, 2025
China pilots village surveillance in Solomon Islands… [+1389 chars]",technology
"{'id': None, 'name': 'The Football Faithful'}",,Bournemouth vs Newcastle United – Match preview and team news,"A meeting between two sides in contrasting form takes place at the Vitality Stadium on Sunday, as Bournemouth host Newcastle United. The Cherries are one of the league’s in-form teams, with a three-...",https://thefootballfaithful.com/bournemouth-vs-newcastle-united-match-preview-and-team-news/,https://photobooth-api.onefootball.com/api/screenshot/%2Fv2%2Fphotobooth%2Fcms%2Fen%2F41694805%3Fdate=2025-09-21,2025-09-21T05:16:00Z,"A meeting between two sides in contrasting form takes place at the Vitality Stadium on Sunday, as Bournemouth host Newcastle United.
The Cherries are one of the leagues in-form teams, with a three-m… [+2560 chars]",sports
"{'id': None, 'name': 'The Football Faithful'}",,Sunderland vs Aston Villa – Predicted lineup and team news,"Sunderland welcome Aston Villa to the Stadium of Light on Sunday, looking to achieve a feat not seen on Wearside for nearly 60 years. A victory would see the Black Cats win their opening three home ga...",https://thefootballfaithful.com/sunderland-vs-aston-villa-predicted-lineup-and-team-news/,https://photobooth-api.onefootball.com/api/screenshot/%2Fv2%2Fphotobooth%2Fcms%2Fen%2F41694799%3Fdate=2025-09-21,2025-09-21T05:13:00Z,"Sunderland welcome Aston Villa to the Stadium of Light on Sunday, looking to achieve a feat not seen on Wearside for nearly 60 years.
A victory would see the Black Cats win their opening three home … [+2017 chars]",sports
"{'id': None, 'name': 'Livemint'}",Ayaan Kartik,VinFast may appoint an Indian to lead the charge in Indian market,"VinFast Asia chief executive officer Pham Sanh Chau has so far been spearheading the strategy in India where the company has already set up an assembly plant in Thoothukudi, Tamil Nadu",https://www.livemint.com/companies/news/vinfast-india-ceo-tapan-ghosh-hyundai-vinfast-vf6-vf7-launch-india-vinfast-vs-tata-mahindra-evs-11758424884116.html,https://www.livemint.com/lm-img/img/2025/09/21/1600x900/logo/INDIA-ECONOMY-AUTO-4_1757170260787_1757173395123_1758431347996.jpg,2025-09-21T05:11:31Z,"Vietnamese carmaker VinFast is looking to appoint Hyundai India's Tapan Ghosh, who is vice president and function head of sales, as its chief executive in India as it gears up to take on Indian carma… [+3030 chars]",sports
"{'id': None, 'name': 'Sporting News'}",Andrew Hughes,"Dan Wolken rips Clemson Tigers football coach Dabo Swinney for having same standard as NC State, Ole Miss",Clemson Tigers football coach Dabo Swinney has been reduced to whining that he's expected to lead his team to greater heights than the NC State Wolfpack and Ole Miss Rebels expect to reach.,https://www.sportingnews.com/us/ncaa-football/clemson/news/dan-wolken-rips-clemson-tigers-football-coach-dabo-swinney-same-standard-nc-state-ole-miss/cbb37842fa0b7cd252d03509,https://library.sportingnews.com/styles/crop_style_16_9_desktop_webp/s3/2025-09/USATSI_27131678.jpg.webp?itok=C8ABzeTj,2025-09-21T05:11:17Z,"Things went very wrong for Clemson Tigers football coach Dabo Swinney somewhere along the way. And its distorting his own image of his program, and drawing scorn from media figures for his audacity.… [+2237 chars]",sports
"{'id': None, 'name': 'The Football Faithful'}",,Sunderland vs Aston Villa – Match preview and team news,Newly-promoted Sunderland aim to continue their impressive start to the season on Sunday when they host an Aston Villa side yet to score a league goal. The Black Cats have turned the Stadium of Light ...,https://thefootballfaithful.com/sunderland-vs-aston-villa-match-preview-and-team-news/,https://photobooth-api.onefootball.com/api/screenshot/%2Fv2%2Fphotobooth%2Fcms%2Fen%2F41694794%3Fdate=2025-09-21,2025-09-21T05:08:00Z,"Newly-promoted Sunderland aim to continue their impressive start to the season on Sunday when they host an Aston Villa side yet to score a league goal.
The Black Cats have turned the Stadium of Ligh… [+2419 chars]",sports
"{'id': None, 'name': 'SB Nation'}",Fellipe Miranda,"Chelsea FCW vs. Leicester City WFC, Women’s Super League: Preview, team news, how to watch",Back to Kingston upon Thames,https://weaintgotnohistory.sbnation.com/womens-soccer/162216/chelsea-fcw-vs-leicester-city-wfc-womens-super-league-preview-team-news-how-to-watch,https://platform.weaintgotnohistory.sbnation.com/wp-content/uploads/sites/178/2025/09/gettyimages-2235940350.jpg?quality=90&strip=all&crop=0%2C10.72964951479%2C100%2C78.540700970421&w=1200,2025-09-21T05:06:06Z,Chelsea return to Kingsmeadow for the first time this season as they host Leicester City in a lunchtime clash on Sunday. The Blues have made a perfect start under manager Sonia Bompastor with back-to… [+3325 chars],sports
"{'id': None, 'name': 'The Football Faithful'}",,Newcastle United XI vs Bournemouth – Predicted lineup and team news,Eddie Howe takes his Newcastle United side to the south coast on Sunday to face a formidable Bournemouth team. The Magpies must quickly overcome the physical and mental toll of a draining midweek Cham...,https://thefootballfaithful.com/newcastle-united-xi-vs-bournemouth-predicted-lineup-and-team-news/,https://photobooth-api.onefootball.com/api/screenshot/%2Fv2%2Fphotobooth%2Fcms%2Fen%2F41694785%3Fdate=2025-09-21,2025-09-21T05:05:00Z,"Eddie Howe takes his Newcastle United side to the south coast on Sunday to face a formidable Bournemouth team.
The Magpies must quickly overcome the physical and mental toll of a draining midweek Ch… [+1982 chars]",sports
"{'id': None, 'name': 'The Football Faithful'}",,Arsenal vs Manchester City – Match preview and team news,Two Premier League title contenders go head-to-head at the Emirates Stadium on Sunday as an in-form Arsenal host a resurgent Manchester City. The Gunners have enjoyed an excellent start to the season ...,https://thefootballfaithful.com/arsenal-vs-manchester-city-match-preview-and-team-news-2/,https://photobooth-api.onefootball.com/api/screenshot/%2Fv2%2Fphotobooth%2Fcms%2Fen%2F41694783%3Fdate=2025-09-21,2025-09-21T05:04:00Z,"Two Premier League title contenders go head-to-head at the Emirates Stadium on Sunday as an in-form Arsenal host a resurgent Manchester City.
The Gunners have enjoyed an excellent start to the seaso… [+2611 chars]",sports
"{'id': None, 'name': 'The Football Faithful'}",,Man City XI vs Arsenal – Predicted lineup and team news,Man City travel to the Emirates Stadium on Sunday looking to prove their stuttering start to the season is firmly behind them with a win over Arsenal.Following back-to-back victories over Manchester U...,https://thefootballfaithful.com/man-city-xi-vs-arsenal-predicted-lineup-team-news/,https://photobooth-api.onefootball.com/api/screenshot/%2Fv2%2Fphotobooth%2Fcms%2Fen%2F41694784%3Fdate=2025-09-21,2025-09-21T05:04:00Z,"Man City travel to the Emirates Stadium on Sunday looking to prove their stuttering start to the season is firmly behind them with a win over Arsenal.
Following back-to-back victories over Mancheste… [+1934 chars]",sports
"{'id': None, 'name': 'The Football Faithful'}",,Aston Villa XI vs Sunderland – Predicted lineup and team news,"The pressure is mounting on Unai Emery as he takes his Aston Villa side to Sunderland on Sunday, desperate to end a historically poor start to the season. The Villans are in the relegation zone, havin...",https://thefootballfaithful.com/aston-villa-xi-vs-sunderland-predicted-lineup-and-team-news/,https://photobooth-api.onefootball.com/api/screenshot/%2Fv2%2Fphotobooth%2Fcms%2Fen%2F41694781%3Fdate=2025-09-21,2025-09-21T05:03:00Z,"The pressure is mounting on Unai Emery as he takes his Aston Villa side to Sunderland on Sunday, desperate to end a historically poor start to the season.
The Villans are in the relegation zone, hav… [+2034 chars]",sports
"{'id': None, 'name': 'The Football Faithful'}",,Bournemouth vs Newcastle United – Predicted lineup and team news,"Bournemouth welcome Newcastle to the Vitality Stadium on Sunday in superb form, riding a three-match winning streak that has lifted them into the Premier League’s top four.Andoni Iraola’s side is ...",https://thefootballfaithful.com/bournemouth-vs-newcastle-united-predicted-lineup-and-team-news/,https://photobooth-api.onefootball.com/api/screenshot/%2Fv2%2Fphotobooth%2Fcms%2Fen%2F41694780%3Fdate=2025-09-21,2025-09-21T05:02:00Z,"Bournemouth welcome Newcastle to the Vitality Stadium on Sunday in superb form, riding a three-match winning streak that has lifted them into the Premier Leagues top four.
Andoni Iraolas side is ful… [+1959 chars]",sports
"{'id': None, 'name': 'The Football Faithful'}",,Atletico Madrid XI vs Mallorca – Predicted lineup and team news,Atletico Madrid are set to visit Palma this Sunday to face Mallorca in an important La Liga fixture. The team will aim to build on their momentum after claiming their first league win of the season la...,https://thefootballfaithful.com/atletico-madrid-xi-vs-mallorca-predicted-lineup-and-team-news/,https://photobooth-api.onefootball.com/api/screenshot/%2Fv2%2Fphotobooth%2Fcms%2Fen%2F41694779%3Fdate=2025-09-21,2025-09-21T05:02:00Z,Atletico Madrid are set to visit Palma this Sunday to face Mallorca in an important La Liga fixture. The team will aim to build on their momentum after claiming their first league win of the season l… [+1593 chars],sports
"{'id': None, 'name': 'The Football Faithful'}",,Arsenal vs Manchester City – Predicted lineup and team news,"Arsenal face a stern test of their title credentials on Sunday as they welcome Manchester City to the Emirates Stadium. Mikel Arteta’s side have made a strong start to the season, which sees them si...",https://thefootballfaithful.com/arsenal-vs-manchester-city-predicted-lineup-team-news/,https://photobooth-api.onefootball.com/api/screenshot/%2Fv2%2Fphotobooth%2Fcms%2Fen%2F41694778%3Fdate=2025-09-21,2025-09-21T05:01:00Z,"Arsenal face a stern test of their title credentials on Sunday as they welcome Manchester City to the Emirates Stadium.
Mikel Artetas side have made a strong start to the season, which sees them sit… [+1882 chars]",sports
"{'id': 'rte', 'name': 'RTE'}",John Byrne,What's on? Top 10 TV and streaming tips for Sunday,"The Traitors Ireland is back as the contest heads into the final straight, David Attenborough narrates Deep Ocean: Kingdom of the Coelacanth, while Eurovision winner Niamh Kavanagh is the focus of Keys to My Life . . .",https://www.rte.ie/entertainment/2025/0921/1534237-whats-on-top-10-tv-and-streaming-tips-for-sunday/,https://www.rte.ie/images/00232ce5-1600.jpg,2025-09-21T05:00:00Z,"The Traitors Ireland is back as the contest heads into the final straight, David Attenborough narrates Deep Ocean: Kingdom of the Coelacanth, while Eurovision winner Niamh Kavanagh is the focus of Ke… [+5353 chars]",sports
"{'id': None, 'name': 'The Football Faithful'}",,Partick Thistle vs Celtic – Match preview and team news,"Partick Thistle and Celtic face off in the Premier Sports Cup quarter-final at Firhill Stadium on Sunday.Both sides will be looking to secure a place in the semi-finals of the competition, with the Bh...",https://thefootballfaithful.com/partick-thistle-vs-celtic-match-preview-and-team-news/,https://photobooth-api.onefootball.com/api/screenshot/%2Fv2%2Fphotobooth%2Fcms%2Fen%2F41694776%3Fdate=2025-09-21,2025-09-21T05:00:00Z,"Partick Thistle and Celtic face off in the Premier Sports Cup quarter-final at Firhill Stadium on Sunday.
Both sides will be looking to secure a place in the semi-finals of the competition, with the… [+3926 chars]",sports
"{'id': None, 'name': 'Variety'}",Rafa Sales Ross,San Sebastián’s Development Program Ikusmira Berriak Sees 34% Increase in Applications in a Year of Outstanding Success,San Sebastián’s Ikusmira Berriak residency program is back for its 11th year with a crop of exciting new projects in development. Created in 2015 to promote emerging talent and delivered in partnership with the Tabakalera-International Centre for Contemporary…,https://variety.com/2025/film/global/ikusmira-berriak-year-of-outstanding-success-1236525138/,https://variety.com/wp-content/uploads/2025/09/VARIETY-SIZING-9.png?w=1000&h=563&crop=1,2025-09-21T05:00:00Z,San Sebastián’s Ikusmira Berriak residency program is back for its 11th year with a crop of exciting new projects in development. Created in 2015 to promote emerging talent and delivered in partnersh… [+7335 chars],sports
"{'id': None, 'name': 'SB Nation'}",Andrew Smithson,On This Day (21 Sept 1974): Sunderland Stage Memorable Red & White Exhibition!,A wide-ranging display of Sunderland merchandise was the subject of much interest back in 1974!,https://rokerreport.sbnation.com/features/107907/on-this-day-21-sept-1974-sunderland-stage-memorable-red-white-exhibition,https://platform.rokerreport.sbnation.com/wp-content/uploads/sites/137/2025/09/20250919_164433.jpg?quality=90&strip=all&crop=0%2C17.703273828297%2C100%2C64.593452343405&w=1200,2025-09-21T05:00:00Z,"Have you heard about Haway The Podcast, the all-new, official Roker Report Podcast? Wed love for you to check it out and give it a listen!
CLICK HERE TO FIND OUT MORE
During a recent episode of Haw… [+6776 chars]",sports
"{'id': None, 'name': 'The Star Online'}",ADAM ZAMRI,PCM will not suspend Liek Hou but seeks explanation,PETALING JAYA: Two-time Paralympic gold medallist Cheah Liek Hou can breathe a sigh of relief as the Paralympic Council of Malaysia (PCM) will not impose any suspension on him. Read full story,https://www.thestar.com.my/news/nation/2025/09/21/pcm-will-not-suspend-liek-hou-but-seeks-explanation,https://apicms.thestar.com.my/uploads/images/2025/09/21/3531850.jpg,2025-09-21T04:35:00Z,"PETALING JAYA: Two-time Paralympic gold medallist Cheah Liek Hou can breathe a sigh of relief as the Paralympic Council of Malaysia (PCM) will not impose any suspension on him.
Youth and Sports Mini… [+1669 chars]",sports
"{'id': None, 'name': 'Enewstime.in'}",Ians,"Namo Yuva Run sees nationwide participation, leaders call for 'Nasha Mukt Bharat'","New Delhi, Sep 21 The 'Namo Yuva Run' was flagged off in cities across India on Sunday, drawing lakhs of",https://enewstime.in/health/namo-yuva-run-sees-nationwide-participation-leaders-call-for-nasha-mukt-bharat-91235.html,https://enewstime.in/wp-content/uploads/2025/09/Namo-Yuva-Run-sees-nationwide-participation-leaders-call-for-039Nasha.jpg,2025-09-21T04:34:48Z,"New Delhi, Sep 21 The ‘Namo Yuva Run’ was flagged off in cities across India on Sunday, drawing lakhs of young participants in a nationwide marathon aimed at promoting the vision of a ‘Nasha Mukt Bha… [+3441 chars]",sports
"{'id': None, 'name': 'Independent.ie'}",Mary O'Connor,Increased funding of sport is one of the smartest decisions government can make,Government funding has long been the backbone of Irish sport — and rightly so. Strategic public investment in sport and physical activity delivers far-reaching benefits that extend well beyond the playing fields and community sports halls.,https://www.independent.ie/sport/increased-funding-of-sport-is-one-of-the-smartest-decisions-government-can-make/a1772940252.html,https://focus.independent.ie/thumbor/aJD2CDdBLsLHY-1HV-y17eXj9YQ=/87x0:5464x3585/629x0/prod-mh-ireland/acff202b-eb2a-482a-ba79-b84933193c40/c185f9eb-26a4-454b-8729-68bfde9d27a1/2914201.jpg,2025-09-21T04:30:00Z,"Increased funding has benefits for health, wellbeing and social cohesion
Government funding has long been the backbone of Irish sport and rightly so. Strategic public investment in sport and physica… [+519 chars]",sports
"{'id': None, 'name': 'Sporting News'}",Aman Sharma,Biff Poggi’s hilarious ice cream cigar celebration steals show after Michigan’s 30-27 Nebraska win,"Michigan escaped Nebraska in a 30-27 thriller, but it was Biff Poggi’s unexpected postgame moment that had everyone talking.",https://www.sportingnews.com/us/ncaa-football/news/biff-poggis-ice-cream-cigar-celebration-after-michigans-30-27-nebraska-win/0ad8958154d9d3f86dab3be2,https://library.sportingnews.com/styles/crop_style_16_9_desktop_webp/s3/2025-09/Biff%20Poggi.jpg.webp?itok=PHUp15Oe,2025-09-21T04:27:43Z,"Interim head coach Biff Poggi guided No. 21 Michigan to a 30-27 victory over Nebraska on Saturday night, securing his second straight win in Sherrone Moores absence.
The Wolverines improved to 3-1 a… [+2346 chars]",sports
"{'id': 'fox-news', 'name': 'Fox News'}",,Martha Stewart reveals 'lots of people' slide into her DMs after viral thirst traps,"Martha Stewart revealed she receives many flirtatious direct messages on Instagram due to her viral thirst trap photos, but confirms she remains single at 84.",https://www.foxnews.com/entertainment/martha-stewart-reveals-lots-people-slide-her-dms-after-posting-viral-thirst-traps,https://static.foxnews.com/foxnews.com/content/uploads/2025/09/martha-stewart-nyc.jpg,2025-09-21T04:24:25Z,"Martha Stewart revealed that she has received an influx of flirtatious direct messages from hopeful suitors due to her viral ""thirst traps.""
During an appearance on ""Today,"" the 84-year-old lifestyl… [+3476 chars]",sports
"{'id': None, 'name': 'ClutchPoints'}",ClutchPoints,Michigan’s Biff Poggi drops hilarious ‘hospital’ plan after Nebraska win,Michigan football's acting head coach Biff Pogi came up with a hilarious plan following their win over the Nebraska Cornhuskers.,https://clutchpoints.com/ncaa-football/michigan-football-news-biff-poggi-hospital-plan-nebraska-win,https://media.zenfs.com/en/clutchpoints_articles_939/e4ffa0410cb5e0e152c23e24ff242d96,2025-09-21T04:22:03Z,"The post Michigans Biff Poggi drops hilarious hospital plan after Nebraska win appeared first on ClutchPoints.
Michigan footballs acting head coach, Biff Poggi, might have delivered the line of the … [+2228 chars]",sports
"{'id': 'fox-sports', 'name': 'Fox Sports'}",,No. 19 Indiana Overwhelms No. 9 Illinois In 63-10 Victory,No. 19 Indiana blew past No. 9 Illinois 63-10 for its first win over a top 10 foe in five years — and easily the most lopsided.,https://www.foxsports.com/stories/college-football/no-19-indiana-takes-control-quickly-and-overwhelms-no-9-illinois-in-6310-victory,https://a57.foxsports.com/statics.foxsports.com/www.foxsports.com/content/uploads/2025/09/1408/814/hoosiers1.jpg?ve=1&tl=1,2025-09-21T04:10:36Z,"Fernando Mendoza threw five touchdown passes and D'Angelo Ponds scooped up the punt he blocked and returned it 11 yards for a score Saturday night, leading No. 19 Indiana past No. 9 Illinois 63-10 fo… [+3565 chars]",sports
"{'id': 'fox-sports', 'name': 'Fox Sports'}",,"2025 Heisman Watch: John Mateer Leads the Pack, Fernando Mendoza Joins the Race","A trio of quarterbacks — John Mateer, Dante Moore, and Carson Beck — lead the Heisman race, but a few new names have forced their way into the conversation.",https://www.foxsports.com/stories/college-football/2025-heisman-watch-john-mateer-leads-pack-fernando-mendoza-joins-race,https://a57.foxsports.com/statics.foxsports.com/www.foxsports.com/content/uploads/2025/09/1408/814/4d1ebb73-heismanwatch-16x9-1.jpg?ve=1&tl=1,2025-09-21T04:07:08Z,"The Heisman Trophy race is starting to take shape and Week 4 made one thing clear: this is not just a two or three-man race.
A trio of quarterbacks John Mateer, Dante Moore, and Carson Beck lead the… [+3839 chars]",sports
"{'id': None, 'name': 'Ibtimes.com.au'}",Julie FRAYSSE,India's School Of Maharajas Now Educating New Elite,Stepping through the gates of India's Mayo College is like journeying back 150 years.,https://www.ibtimes.com.au/indias-school-maharajas-now-educating-new-elite-1860574,https://d.ibtimes.com.au/en/full/1889047/indias-mayo-college-was-once-reserved-princes-now-educates-new-elite.jpg,2025-09-21T04:03:15Z,"Stepping through the gates of India's Mayo College is like journeying back 150 years. Yet, the school that was once reserved for princes now educates a new elite.
Its history echoes with grandeur. T… [+4293 chars]",sports
"{'id': None, 'name': 'Digital Journal'}",AFP,India’s school of maharajas now educating new elite,"Stepping through the gates of India’s Mayo College is like journeying back 150 years. Yet, the school that was once reserved for princes now educates a new elite. Its history echoes with grandeur. The first student, the son of the Maharajah of Alwar, arrived …",https://www.digitaljournal.com/world/indias-school-of-maharajas-now-educating-new-elite/article,https://www.digitaljournal.com/wp-content/uploads/2025/09/9cd1884417287609b8d47971a16af9c8baa8814a.jpg,2025-09-21T04:02:20Z,"India's Mayo College was once reserved for princes, but now educates a new elite - Copyright AFP HIMANSHU SHARMA 
Stepping through the gates of India’s Mayo College is like journeying back 150 years… [+4457 chars]",sports
"{'id': None, 'name': 'International Business Times'}",Julie FRAYSSE,India's School Of Maharajas Now Educating New Elite,Stepping through the gates of India's Mayo College is like journeying back 150 years.,https://www.ibtimes.com/indias-school-maharajas-now-educating-new-elite-3784060,https://d.ibtimes.com/en/full/4622923/indias-mayo-college-was-once-reserved-princes-now-educates-new-elite.jpg,2025-09-21T04:00:25Z,"Stepping through the gates of India's Mayo College is like journeying back 150 years. Yet, the school that was once reserved for princes now educates a new elite.
Its history echoes with grandeur. T… [+4293 chars]",sports
"{'id': 'the-irish-times', 'name': 'The Irish Times'}",Kevin Courtney,"TV guide: the best new shows to watch, starting tonight","September 21st-26th highlights: including Disease X: Hunting the Next Pandemic, The Hack, and House of Guinness",https://www.irishtimes.com/culture/tv-radio/2025/09/21/tv-guide-the-best-new-shows-to-watch-starting-tonight/,https://www.irishtimes.com/resizer/v2/BAOCBWKHQBGJVDSTHPGSQNGWWA.jpg?smart=true&auth=fe7e363314b51e1d95493ddd2614b5bf7d39f54fb563f7b687692bf25b66ac7b&width=1200&height=630,2025-09-21T04:00:00Z,"Highlights
Today 
Monday-Friday, RTÉ One, 3.30pm
While we spend our afternoons toiling away in our Tara Street sweatshop, churning out TV preview columns for a pittance to feed the ever-hungry med… [+9928 chars]",sports
"{'id': None, 'name': 'Yahoo Entertainment'}",Associated Press,Asian Sports Headlines at 4:07 a.m. GMT,"Anna Hall rediscovers love for track, joins Jackie Joyner-Kersee as a US heptathlon world champion",https://sports.yahoo.com/article/asian-sports-headlines-4-07-040000748.html,https://s.yimg.com/cv/apiv2/social/images/yahoo_default_logo-1200x1200.png,2025-09-21T04:00:00Z,"Anna Hall rediscovers love for track, joins Jackie Joyner-Kersee as a US heptathlon world champion",sports
"{'id': None, 'name': 'Sporting News'}",Dana Becker,The Sporting News Midwest high school football Top 25 for Week 4,Millard South out of Nebraska has taken over the top spot in The Sporting News Midwest high school football Top 25,https://www.sportingnews.com/us/us-high-school/football/news/sporting-news-midwest-high-school-football-top-25-week-4/fcb07dc34b557005069c213a,https://library.sportingnews.com/styles/crop_style_16_9_desktop_webp/s3/2025-09/USATSI_26910177_0.jpg.webp?itok=8l6VKWEX,2025-09-21T03:54:58Z,"There was a shakeup at the top spot in The Sporting News Midwest high school football Top 25, which combines programs from Iowa, Illinois, Minnesota, Kansas and Nebraska.
MORE: Vote for the Midwest … [+4785 chars]",sports
"{'id': None, 'name': 'Slashdot.org'}",feedfeeder,Indiana football vs Illinois: Hoosiers dominatie No. 8 team with 63-10 victory - IndyStar,"Indiana football vs Illinois: Hoosiers dominatie No. 8 team with 63-10 victoryIndyStar Likes, dislikes from Indiana football's dominance of Illinois: The Hoosiers are for realIndyStar #9 Illinois Opens Big Ten Play at #19 IndianaUniversity of Illinois Athleti…",https://slashdot.org/firehose.pl?op=view&amp;id=179417898,,2025-09-21T03:52:10Z,The Fine Print: The following comments are owned by whoever posted them. We are not responsible for them in any way.,sports
"{'id': None, 'name': 'Ndtvprofit.com'}",PTI,Mithun Manhas In Fray For BCCI President As Meeting Held In Delhi To Find Candidates For Key Posts,"Former Delhi skipper Mithun Manhas has emerged as the frontrunner to take over as the new BCCI president, even as some seasoned BCCI administrators and key decision makers held a rather informal meeting here on Saturday. The meeting was held to finalise the c…",https://www.ndtvprofit.com/sports/mithun-manhas-in-fray-for-bcci-president-as-meeting-held-in-delhi-to-find-candidates-for-key-posts,https://media.assettype.com/bloombergquint%2F2025-09-06%2Fcs1qxs4c%2FBCCI.png?w=1200&auto=format%2Ccompress&ogImage=true,2025-09-21T03:52:06Z,"Former India stumper Kiran More, too, could be in the fray for one of the posts as the ruling BJP is quite keen to have sportspersons in key slots, even though the political party rarely involves its… [+758 chars]",sports
"{'id': None, 'name': 'The Hockey News'}",Kelsey Surmacz,"For Penguins' Prospect, Training Camp Is A Family Reunion - And An Opportunity","On Jun. 28, something pretty special happened for <a href=""https://thehockeynews.com/nhl/pittsburgh-penguins"">Pittsburgh Penguins</a>' forward prospect Avery Hayes.",https://thehockeynews.com/nhl/pittsburgh-penguins/players/for-penguins-prospect-training-camp-is-a-family-reunion---and-an-opportunity,https://deweb-519a7.b-cdn.net/post-images/5a109f18-7e99-473b-92ef-a155afd83f12.jpeg,2025-09-21T03:47:45Z,"On Jun. 28, something pretty special happened for Pittsburgh Penguins' forward prospect Avery Hayes. 
Fresh off of signing a two-year entry level contract with the Penguins at the conclusion of the … [+5120 chars]",sports
"{'id': None, 'name': 'Atozsports.com'}",AtoZ Sports,Michigan Wolverines unlocked secret to success in win over Nebraska that could carry them to College Football Playoff,"The Michigan Wolverines put on a show in their 30-27 victory over the Nebraska Cornhuskers on Saturday. The passing game was certainly underwhelming once again, but the team's core strength–their running game–ruled the day once again. However, that wasn't the…",https://atozsports.com/college-football/michigan-wolverines-news/michigan-wolverines-unlocked-secret-to-success-in-win-over-nebraska-that-could-carry-them-to-college-football-playoff/,https://media.zenfs.com/en/atoz_sports_articles_485/dd460409c309c9464a75941d938b5eb0,2025-09-21T03:47:30Z,"The Michigan Wolverines put on a show in their 30-27 victory over the Nebraska Cornhuskers on Saturday. The passing game was certainly underwhelming once again, but the team's core strengththeir runn… [+2612 chars]",sports
"{'id': None, 'name': 'The Indian Express'}",PTI,Zubeen Garg’s body arrives at Guwahati airport; thousands gather to get last glimpse,Thousands of fans were heard singing his songs and shouting 'Jai Zubeen da' as the convoy navigated through the crowd outside the airport.,https://indianexpress.com/article/entertainment/music/zubeen-gargs-body-arrives-at-guwahati-airport-thousands-gather-to-get-last-glimpse-10262232/,https://images.indianexpress.com/2025/09/Zubeen-Garg-1600.jpg,2025-09-21T03:47:21Z,"The mortal remains of popular singer Zubeen Garg arrived at the airport here on Sunday morning as thousands of fans gathered to welcome the artiste back home one last time.His wife, Garima Saikia Gar… [+2809 chars]",sports
"{'id': None, 'name': 'WLS-TV'}",Tre Ward,"Chicago-area bowling allies: New owner reopens Town Hall Bowl in Cicero, documents rehab project on social media","A new 25-year-old owner took a struggling 60-year-old suburban bowling alley on a new lane, spending months rehabilitating the building with some help from his more than one million social media followers.",https://abc7chicago.com/post/chicago-area-bowling-allies-new-owner-reopens-town-hall-bowl-cicero-documents-rehab-project-social-media/17857898/,https://cdn.abcotvs.com/dip/images/17858219_092025-wls-ward-cicero-bowling-10p-vid.jpg?w=1600,2025-09-21T03:44:23Z,"CICERO, Ill. (WLS) -- A celebration was held in Cicero on Saturday as Town Hall Bowl reopened its doors.
A 25-year-old owner rehabbed the business with some help from his more than one million socia… [+2056 chars]",sports
"{'id': None, 'name': 'Nikonians.org'}",,Weekly Update 21-Sep-2025,This weeks Editor's Choice images and top discussions at Nikonians - 21 September 2025,https://blog.nikonians.org/archives/2025/09/news_update_weekly_2025_09_21_194.html,,2025-09-21T03:40:58Z,"You'll find more, excellent images on the Editor's Choice pageGerbera by NRandall - Show in forumsEditor: Beautiful dynamic range Nicholas!
Puffins from Newfoundland by abourgault01 - Show in forums… [+6350 chars]",sports
"{'id': None, 'name': 'Thegatewaypundit.com'}",Mike LaChance,Virginia Democrat Gubernatorial Candidate Abigail Spanberger Gives NON-ANSWER When Asked About Boys in Girls’ Bathrooms (VIDEO),"Abigail Spanberger, the Democrat who is running for governor of Virginia, was recently asked by a reporter if she supports the idea of boys who identify as girls being in girls’ bathrooms and locker rooms.
The post Virginia Democrat Gubernatorial Candidate Ab…",https://www.thegatewaypundit.com/2025/09/virginia-democrat-gubernatorial-candidate-abigail-spanberger-gives-non/,https://www.thegatewaypundit.com/wp-content/uploads/2025/09/abigail-spanberger-trans.jpg,2025-09-21T03:40:32Z,"Screencap of Twitter/X video.
Abigail Spanberger, the Democrat who is running for governor of Virginia, was recently asked by a reporter if she supports the idea of boys who identify as girls being … [+2109 chars]",sports
"{'id': 'associated-press', 'name': 'Associated Press'}",By MICHAEL MAROT - AP Sports Writer,No. 19 Indiana takes control quickly and overwhelms No. 9 Illinois in 63-10 victory,Fernando Mendoza threw five touchdown passes and D’Angelo Ponds scooped up the punt he blocked and returned it 11 yards for a score to lead No. 19 Indiana past No. 9 Illinois 63-10. It was the Hoosiers first win over…,https://apnews.com/article/illini-hoosisers-football-score-798e2c75bb48d4631451be57317c1b5b,https://bloximages.newyork1.vip.townnews.com/stltoday.com/content/tncms/assets/v3/editorial/7/1a/71aafac1-d057-5f91-a06a-afaf7f259086/68cf6f3988b1f.image.jpg?crop=1763%2C926%2C0%2C124&resize=1200%2C630&order=crop%2Cresize,2025-09-21T03:35:32Z,"By MICHAEL MAROT - AP Sports Writer
BLOOMINGTON, Ind. (AP) Fernando Mendoza threw five touchdown passes and D'Angelo Ponds scooped up the punt he blocked and returned it 11 yards for a score Saturda… [+3329 chars]",sports
"{'id': 'the-irish-times', 'name': 'The Irish Times'}",Niamh Donnelly,Richard Osman: ‘It’s been a very happy decade for me. I’m having my 1990s in the 2020s’,"Fifth novel in the best-selling Thursday Murder Club series explores wealth and greed – but in a fun way, the author says",https://www.irishtimes.com/culture/books/2025/09/21/richard-osman-its-been-a-very-happy-decade-for-me-im-having-my-1990s-in-the-2020s/,https://www.irishtimes.com/resizer/v2/TSFFLYU2F5AYPM2OHYX4F7K5FE.jpg?smart=true&auth=ba18b7fcdece763e1700f035031d8015107a7f6a3d726990d3aba3850abc988a&width=1200&height=630,2025-09-21T03:35:00Z,"Richard Osmans new novel is called The Impossible Fortune. Without knowing whats inside, this phrase might equally apply to the man who wrote it. These days, everything Osman touches turns to gold.
… [+9417 chars]",sports
"{'id': None, 'name': 'Ndtvprofit.com'}",PTI,Singer Zubeen Garg's Body Arrives At Guwahati Airport; Thousands Gather To Get Last Glimpse,"The mortal remains of popular singer Zubeen Garg arrived at the Guwahati airport on Sunday morning as thousands of fans gathered to welcome the artiste back home one last time. His wife, Garima Saikia Garg, and senior state government officials were at the ai…",https://www.ndtvprofit.com/nation/singer-zubeen-gargs-body-arrives-at-guwahati-airport-thousands-gather-to-get-last-glimpse,https://media.assettype.com/bloombergquint%2F2025-09-19%2Fvpvgqxhn%2Fzubeen.png?w=1200&auto=format%2Ccompress&ogImage=true,2025-09-21T03:27:41Z,"The singer's favourite vehicle, an open jeep, which he often used to travel to venues where he performed, was also a part of the convoy with his huge portrait positioned in the front. His team of mus… [+884 chars]",sports
"{'id': None, 'name': 'Sportsnaut'}",Jose Maldonado,8 Biggest Wrestlepalooza Winners and Losers: From Brock Lesnar to AJ Lee,"WWE’s first Premium Live Event on ESPN is in the books! The five-match card provided plenty of action, with some",https://sportsnaut.com/wwe/wwe-wrestlepalooza-winners-and-losers/,https://sportsnaut.com/wp-content/uploads/2025/09/001_WPALOOZA_09202025MM_13144.jpg,2025-09-21T03:26:00Z,"WWE’s first Premium Live Event on ESPN is in the books! The five-match card provided plenty of action, with some superstars making out better than others. Keep reading below to check out our Wrestlep… [+4287 chars]",sports
"{'id': None, 'name': 'The Denver Post'}",Braidon Nourse,Rapids’ playoff hopes take hit with loss at FC Dallas,"The Colorado Rapids have many flaws, but one potentially fatal one in a tight playoff race: They’re now 0-11-3 when conceding first.",https://www.denverpost.com/2025/09/20/rapids-fc-dallas-score-mls/,https://www.denverpost.com/wp-content/uploads/2025/07/AP25197115068069.jpg?w=1024&h=685,2025-09-21T03:15:36Z,"The Colorado Rapids have many flaws, but one potentially fatal one in a tight playoff race: Theyre now 0-11-3 when conceding first.
The trend continued in a 3-1 loss at FC Dallas that felt eerily si… [+2075 chars]",sports
"{'id': 'marca', 'name': 'Marca'}",marca.com,Dylan Raiola's Mahomes act just got called out by NFL analyst,"Nebraska quarterback Dylan Raiola just can&apos;t shake the Patrick Mahomes comparisons. And now, he&apos;s getting heat from an NFL reporter for leaning into them.

Raiola&apos;s",https://www.marca.com/en/ncaa/2025/09/21/68cf6d5ee2704ed6358b458b.html,https://e01-phantom-marca.uecdn.es/333ff2613f46fb448b3fbf4b4388d416/resize/1200/f/webp/assets/multimedia/imagenes/2025/09/21/17584241322656.jpg,2025-09-21T03:13:50Z,"Nebraska quarterback Dylan Raiola just can't shake the Patrick Mahomes comparisons. And now, he's getting heat from an NFL reporter for leaning into them.
Raiola's name first started trending in 202… [+1892 chars]",sports
"{'id': None, 'name': 'Yahoo Entertainment'}",Vardah Gill,Why Income Investors Look to Comcast Corporation (CMCSA) When Choosing Dividend Paying Stocks,"Comcast Corporation (NASDAQ:CMCSA) is included among the 12 Best Dividend Paying Stocks to Buy Now. Comcast Corporation (NASDAQ:CMCSA), one of the biggest...",https://finance.yahoo.com/news/why-income-investors-look-comcast-030935783.html,https://s.yimg.com/ny/api/res/1.2/Fog5GcRTNEjr.gbNZPtgKQ--/YXBwaWQ9aGlnaGxhbmRlcjt3PTEyMDA7aD05MDA-/https://media.zenfs.com/en/insidermonkey.com/a8ba76827d6ac52cc8d6c3f02ee33494,2025-09-21T03:09:35Z,"Comcast Corporation (NASDAQ:CMCSA) is included among the 12 Best Dividend Paying Stocks to Buy Now.
Why Income Investors Look to Comcast Corporation (CMCSA) When Choosing Dividend Paying Stocks
Pho… [+1798 chars]",sports
"{'id': None, 'name': 'NBC4 WCMH-TV'}",Kevin Accettulla,Ex-Ohio State football player charged after man severely injured at gas station,"COLUMBUS, Ohio (WCMH) — A former Ohio State football player was arrested Saturday morning after he allegedly knocked someone unconscious at a gas station...",https://www.nbc4i.com/news/local-news/columbus/ex-ohio-state-football-player-charged-after-man-severely-injured-at-gas-station/,https://media.zenfs.com/en/wcmh_articles_195/eb7d8f642554c138780f2753b4c8a355,2025-09-21T03:03:46Z,"COLUMBUS, Ohio (WCMH) A former Ohio State football player was arrested Saturday morning after he allegedly knocked someone unconscious at a gas station, according to police.
Jordan L. Hall, 34, of C… [+1467 chars]",sports
"{'id': None, 'name': 'Freerepublic.com'}",ESPN,Guardians within a game of division lead after beating Twins 8-0 for 10th straight win,"Guardians within a game of division lead after beating Twins 8-0 for 10th straight win By AP Sep 20, 2025, 10:28 pm MINNEAPOLIS -- — Steven Kwan tied a season high with four RBI, Logan Allen pitched a career-best eight innings and the Cleveland Guardians made…",https://freerepublic.com/focus/f-chat/4341831/posts,,2025-09-21T03:00:03Z,"Skip to comments.
Guardians within a game of division lead after beating Twins 8-0 for 10th straight winESPN ^
 | September 20, 2025
 | Associated Press
Posted on 09/20/2025 8:00:03 PM PDT by Ste… [+6207 chars]",sports
"{'id': None, 'name': 'Barca Blaugranes'}",Renato Gonçalves,"Barcelona vs Getafe, La Liga: Team News, Match Preview",Barça look to finish a good week with another win against a very annoying opponent,https://www.barcablaugranes.com/barcelona-la-liga/101587/barcelona-getafe-la-liga-team-news-match-preview-lineups-score-prediction,https://platform.barcablaugranes.com/wp-content/uploads/sites/21/2025/09/gettyimages-2235526075.jpg?quality=90&strip=all&crop=0%2C5.7039745031871%2C100%2C78.524215886627&w=1200,2025-09-21T03:00:00Z,"*Standings at the time of writing
Competition/Round: 2025-26 La Liga, Matchday 5
Barcelona Outs &amp; Doubts: Marc-André ter Stegen, Alejandro Balde, Gavi, Lamine Yamal (out)
Getafe Outs &amp; Dou… [+2914 chars]",sports
"{'id': None, 'name': 'The Advocate'}",BY SCOTT RABALAIS | Sports columnist,Scott Rabalais: Three things we learned from LSU's victory Saturday night over SLU,Sports columnist Scott Rabalais with his three takeaways from No. 3 LSU's 56-10 romp Saturday night in Tiger Stadium against Southeastern Louisiana:,https://www.theadvocate.com/baton_rouge/sports/lsu/lsu-slu-three-things-tiger-stadium-scott-rabalais-offense-garrett-nussmeier/article_abe56683-cd7c-5327-ac4d-d807788882f2.html,https://bloximages.newyork1.vip.townnews.com/theadvocate.com/content/tncms/assets/v3/editorial/b/86/b8626814-cfe9-54cb-88a9-7f905c5e5d1b/68cf6c8f2309c.image.jpg?crop=1381%2C725%2C4%2C126&resize=1200%2C630&order=crop%2Cresize,2025-09-21T02:57:00Z,"2. HOW DID NUSS LOOK?
There was serious debate during game week whether quarterback Garrett Nussmeier should play after coach Brian Kelly revealed Nuss was battling a torso injury. Play he did, and … [+685 chars]",sports
"{'id': None, 'name': 'CBS Sports'}",Brad Crawford,Arch Manning shines in final tune up before SEC slate: What to expect for Texas QB as conference play looms,The meat of the schedule begins now for Manning as his confidence continues to improve,https://www.cbssports.com/college-football/news/arch-manning-shines-in-final-tune-up-before-sec-slate-what-to-expect-for-texas-qb-as-conference-play-looms/,https://sportshub.cbsistatic.com/i/r/2025/09/21/987809c3-9538-40cb-b73f-e2c007eaef1b/thumbnail/1200x675/046158a81a342791c6a371c9fe683371/arch-manning.png,2025-09-21T02:56:46Z,Arch Manning looked down on a hapless Sam Houston defender after a first-half touchdown run Saturday night and needed to be calmed down by officials to avoid being flagged. For the first time all sea… [+3206 chars],sports
"{'id': None, 'name': 'Slashdot.org'}",feedfeeder,"WWE Wrestlepalooza live results: Updates, winners and losers, highlights, grades and analysis - Yahoo Sports","WWE Wrestlepalooza live results: Updates, winners and losers, highlights, grades and analysisYahoo Sports WWE Wrestlepalooza results: Lesnar dominates Cena, Rhodes retains championshipESPN WWE Wrestlepalooza 2025 live results: Winners, highlights of matches o…",https://slashdot.org/firehose.pl?op=view&amp;id=179416932,,2025-09-21T02:52:09Z,The Fine Print: The following comments are owned by whoever posted them. We are not responsible for them in any way.,sports
"{'id': 'fox-news', 'name': 'Fox News'}",,Colts coach Shane Steichen praises Fever's 'resilience' after dramatic WNBA playoff upset,"The Fever stunned the Atlanta Dream for Indiana's first WNBA playoff series in a decade, as Indianapolis Colts coach Shane Steichen praised the team's grit and resilience.",https://www.foxnews.com/sports/colts-coach-shane-steichen-praises-fevers-resilience-after-dramatic-wnba-playoff-upset,https://static.foxnews.com/foxnews.com/content/uploads/2025/09/indianapolis-colts-coach-shane-steichen-reacts.jpg,2025-09-21T02:49:18Z,"It took a decade, but the Indiana Fever finally celebrated a WNBA playoff series victory. The injury-depleted team upset the Atlanta Dream in the first round, winning Game 3 on Thursday in dramatic f… [+3207 chars]",sports
"{'id': None, 'name': 'The Indian Express'}",Shivani Naik,Why strength & conditioning coaches are near indispensable now in badminton,"Endurance was always the bedrock of badminton, but plenty of work is going into aerobic power, drilling ability to change sudden direction unlike linear movements, the diagonal and backward acceleration and deceleration skills.",https://indianexpress.com/article/sports/badminton/strength-conditioning-coaches-indispensable-badminton-10262181/,https://images.indianexpress.com/2025/09/badminton-physios.jpg,2025-09-21T02:47:14Z,"On a recent episode of TheAverageNotAverage badminton podcast, Viktor Axelsen paid the ultimate tribute to fellow fabulous men’s singles shuttler Chou Tien Chen. “Either he’s genetically a freak, nat… [+5722 chars]",sports
"{'id': None, 'name': 'Forbes'}","Mike Fore, Contributor, 
 Mike Fore, Contributor
 https://www.forbes.com/sites/mikefore/",Brooks Koepka Tied For Lead Heading Into Sunday At The French Open.,Brooks Koepka shares 54 hole lead with Australia's Min Woo Lee at the French Open heading into Sunday's final round.,https://www.forbes.com/sites/mikefore/2025/09/20/brooks-koepka-tied-for-lead-heading-into-sunday-at-the-french-open/,https://imageio.forbes.com/specials-images/imageserve/68cf61ea4d0a042f383527fd/0x0.jpg?format=jpg&height=900&width=1600&fit=bounds,2025-09-21T02:46:18Z,2025 has been a challenging year for five-time major winner Brooks Koepka. The former number one player in the world missed the cut in three of four majors this season and finished the LIV season in … [+3121 chars],sports
"{'id': None, 'name': 'fox6now.com'}",Associated Press,"Brewers beat Cardinals, cut magic number for division to 1",The Milwaukee Brewers beat the St. Louis Cardinals 3-2 on Saturday night.,https://www.fox6now.com/sports/brewers-cardinals-score-092025,https://images.foxtv.com/static.fox6now.com/www.fox6now.com/content/uploads/2025/09/1280/720/gettyimages-2235991778-scaled-e1758421981444.jpg?ve=1&tl=1,2025-09-21T02:44:45Z,"ST. LOUIS - Brice Turang singled home Jackson Chourio in the 10th inning, and the Milwaukee Brewers beat the St. Louis Cardinals 3-2 on Saturday night.
Turang was 0 for 4 before lacing a two-out sin… [+1522 chars]",sports
"{'id': 'fox-sports', 'name': 'Fox Sports'}",,Angels Slugger Mike Trout Hits His 400th Career Home Run vs. Rockies,Three-time AL MVP and 11-time All-Star Mike Trout hit his 400th career HR in the eighth inning against the Rockies on Saturday.,https://www.foxsports.com/stories/mlb/angels-slugger-mike-trout-hits-his-400th-career-home-run-vs-rockies,https://a57.foxsports.com/statics.foxsports.com/www.foxsports.com/content/uploads/2025/05/1408/814/trout1.jpg?ve=1&tl=1,2025-09-21T02:40:59Z,"A difficult season for Mike Trout and his Los Angeles Angels team came with a historical benchmark Saturday.
The three-time American League most valuable player and 11-time all-star hit his 400th ca… [+1124 chars]",sports
"{'id': None, 'name': 'Bemidji Pioneer'}",Jared Rubado,Beavers make a weekend out of exhibition game against Gophers in Brainerd,"Sep. 20—BRAINERD — It was a fun weekend to be a Bemidji State women's hockey player. Ahead of their exhibition against Minnesota at the Essentia Health Sports Center, the Beavers spent Friday evening at Grand View Lodge in Nisswa. They engaged in team-buildin…",https://www.bemidjipioneer.com/sports/beavers-hockey/beavers-make-a-weekend-out-of-exhibition-game-against-gophers-in-brainerd,https://cdn.forumcomm.com/dims4/default/1d306dd/2147483647/strip/true/crop/3370x2246+0+0/resize/1599x1066!/quality/90/?url=https%3A%2F%2Fforum-communications-production-web.s3.us-west-2.amazonaws.com%2Fbrightspot%2Fa5%2F9e%2F421d0b5243e0a8d863feaeb7d45e%2F092225-gophers-vs-beavers-hockey-1.jpg,2025-09-21T02:36:00Z,"BRAINERD It was a fun weekend to be a Bemidji State womens hockey player.
Ahead of their exhibition against Minnesota at the Essentia Health Sports Center, the Beavers spent Friday evening at Grand … [+5022 chars]",sports
"{'id': None, 'name': 'Slashdot.org'}",feedfeeder,Lynx's Carrington out for playoffs with foot sprain - ESPN,Lynx's Carrington out for playoffs with foot sprainESPN DiJonai Carrington Injury UpdateMinnesota Lynx DiJonai Carrington injury update: Lynx guard out for Game 1 vs. MercuryUSA Today Minnesota reserve DiJonai Carrington's season is over after spraining left …,https://slashdot.org/firehose.pl?op=view&amp;id=179416528,,2025-09-21T02:32:11Z,The Fine Print: The following comments are owned by whoever posted them. We are not responsible for them in any way.,sports
"{'id': None, 'name': 'Bleeding Cool News'}",Ray Flook,WWE Wrestlepalooza: Champ Cody Rhodes Retains Over Drew McIntyre,"Before we jump into looking at tonight's Undisputed WWE Championship match between champion Cody Rhodes and challenger Drew McIntyre, which is set for WWE Wrestlepalooza, here's a quick side note. The WWE and Rhodes have no one to blame but themselves for not…",https://bleedingcool.com/tv/wwe-wrestlepalooza-champ-cody-rhodes-retains-over-drew-mcintyre/,https://bleedingcool.com/wp-content/uploads/2025/09/MixCollage-20-Sep-2025-10-23-PM-4999.jpg,2025-09-21T02:29:04Z,"Posted in: Sports, TV, WWE | Tagged: Wrestlepalooza, wwe
Undisputed WWE Champion Cody Rhodes retained the title over Drew McIntyre during WWE Wrestlepalooza - without The Rock or a heel turn.
Befor… [+2667 chars]",sports
"{'id': 'fox-sports', 'name': 'Fox Sports'}",,Lionel Messi Scores Twice And Assists In Inter Miami's 3-2 Win Over D.C. United,Lionel Messi had a first-half assist before scoring two goals in the second half to take over the league lead and propel Inter Miami to a 3-2 victory over D.C United.,https://www.foxsports.com/stories/soccer/lionel-messi-scores-twice-assists-inter-miamis-3-2-win-over-d-c-united,https://a57.foxsports.com/statics.foxsports.com/www.foxsports.com/content/uploads/2025/09/1408/814/messi1.jpg?ve=1&tl=1,2025-09-21T02:19:17Z,"Lionel Messi had a first-half assist before scoring two goals in the second half to take over the league lead and propel Inter Miami to a 3-2 victory over D.C. United on Saturday night.
Messi scored… [+1571 chars]",sports
"{'id': None, 'name': 'Yahoo Entertainment'}",Los Angeles Times staff,High school flag football: Friday and Saturday scores,CIF City Section and Southern Section high school girls' flag football scores for Friday and Saturday.,https://sports.yahoo.com/article/high-school-flag-football-friday-021743995.html,https://media.zenfs.com/en/la_times_articles_853/97e675fce0eacb9f0b3dca2a21907665,2025-09-21T02:17:43Z,"FRIDAYS RESULTS
CITY SECTION
Bell 32, Huntington Park 0
Granada Hills Kennedy 32, Van Nuys 12
L.A. Marshall 13, Wilmington Banning 0
Legacy 13, Garfield 6
San Fernando 49, Reseda 6
South Gate … [+1098 chars]",sports
"{'id': 'newsweek', 'name': 'Newsweek'}",Matthew Couden,WWE Star The Undertaker Makes Major Announcement at Wrestlepalooza,"During WWE Wrestlepalooza, legendary wrestler The Undertaker appeared and made a huge announcement on the premium live event.",https://www.newsweek.com/sports/wrestling/wwe-star-undertaker-makes-major-announcement-wrestlepalooza-2133202,https://d.newsweek.com/en/full/2726822/undertaker-appears-saudi-arabia-wwe.jpg,2025-09-21T02:17:14Z,"WWE Wrestlepalooza marked the company's first official premium live event presented on ESPN, so it made perfect sense that one of the company's biggest stars showed up for a big announcement.
The Un… [+3019 chars]",sports
"{'id': None, 'name': 'Forbes'}","Alfred Konuwa, Contributor, 
 Alfred Konuwa, Contributor
 https://www.forbes.com/sites/alfredkonuwa/","WWE Wrestlepalooza 2025 Results, Winners And Grades On September 20","WWE Wrestlepalooza results, winners and grades from the Gainbridge Fieldhouse in Indianapolis, IN. Cody Rhodes defended the WWE Title against Drew McIntyre.",https://www.forbes.com/sites/alfredkonuwa/2025/09/20/wwe-wrestlepalooza-2025-results-winners-and-grades-on-september-20/,https://imageio.forbes.com/specials-images/imageserve/68cf2e04db540b8f380442a6/0x0.jpg?format=jpg&height=900&width=1600&fit=bounds,2025-09-21T02:15:04Z,"CM Punk and AJ Lee will face Becky Lynch and Seth Rollins.
WWE
WWE Wrestlepalooza 2025 advertised five matches with two titles on the line. The Indianapolis show will see the return of Pat McAfee t… [+10059 chars]",sports
"{'id': None, 'name': 'New York Post'}",Greg Joyce,"Aaron Judge, Giancarlo Stanton homer as Yankees clip O’s to get closer in AL East race","When Aaron Judge and Giancarlo Stanton homer in the same game, it usually means good things for the Yankees. That was the case again on Saturday night.",https://nypost.com/2025/09/20/sports/aaron-judge-giancarlo-stanton-homer-as-yankees-clip-os/,https://nypost.com/wp-content/uploads/sites/2/2025/09/Aaron-Judge-1.jpg?quality=75&strip=all&w=1024,2025-09-21T02:12:52Z,"BALTIMORE The seasons turn, the players around them change and so do the pitchers throwing to them.
But when Aaron Judge and Giancarlo Stanton go deep in the same game, it usually means good things … [+4367 chars]",sports
"{'id': None, 'name': 'STLtoday.com'}",By Daniel Guerrero St. Louis Post-Dispatch,Baserunning blunder silences chance of Cardinals comeback in extra-innings loss to Brewers,A base running error by Lars Nootbaar in the 10th inning turned into a costly double play in the Cardinals' 3-2 loss to the Brewers at Busch Stadium.,https://www.stltoday.com/sports/professional/mlb/cardinals/article_b31ec1e5-5e83-440e-a640-10d244ae888e.html,https://bloximages.newyork1.vip.townnews.com/stltoday.com/content/tncms/assets/v3/editorial/b/31/b31ec1e5-5e83-440e-a640-10d244ae888e/68cf5e65b7545.preview.jpg?crop=1727%2C907%2C0%2C146&resize=1200%2C630&order=crop%2Cresize,2025-09-21T02:09:00Z,"With the top of their lineup due up and an automatic runner at second base to begin the bottom of the 10th inning after the Brewers took a one-run lead in the previous half inning, a costly baserunni… [+5050 chars]",sports
"{'id': None, 'name': 'New York Post'}",Shane Galvin,Golfer Phil Mickelson rips Rep. Ilhan Omar over Charlie Kirk comments: ‘hopefully sent back to Somalia soon’,"“Lefty” by nickname only! Legendary pro-golfer Phil Mickelson went scorched earth on Democratic Minnesota Rep. Ilhan Omar after she doubled down on her controversial comments about Charlie Kirk. “Ilhan spews hate every time she opens her mouth, she came here …",https://nypost.com/2025/09/20/us-news/golfer-phil-mickelson-roasts-rep-ilhan-omar-over-charlie-kirk-comments-hopefully-sent-back-to-somalia-soon/,https://nypost.com/wp-content/uploads/sites/2/2025/09/111827294.jpg?quality=75&strip=all&w=1024,2025-09-21T02:05:42Z,"Lefty by nickname only!
Legendary pro-golfer Phil Mickelson went scorched earth on Democratic Minnesota Rep. Ilhan Omar after she doubled down on her controversial comments about Charlie Kirk.
Ilha… [+2734 chars]",sports
"{'id': None, 'name': 'KicksOnFire.com'}",Kicksonfire,Nike Air Max Norfolk State,"The Nike Air Max Norfolk State is a special edition sneaker that pays homage to Norfolk State University, one of the nation’s respected Historically Black Colleges and Universities (HBCUs). This collaboration is part of Nike’s ongoing commitment to uplifting …",https://www.kicksonfire.com/nike-air-max-norfolk-state,https://2app.kicksonfire.com/kofapp/upload/events_master_images/ipad_nike-air-max-norfolk-state.png,2025-09-21T02:04:51Z,"The Nike Air Max Norfolk State is a special edition sneaker that pays homage to Norfolk State University, one of the nations respected Historically Black Colleges and Universities (HBCUs). This colla… [+1025 chars]",sports
"{'id': None, 'name': 'Lone Star Ball'}",Christopher Fittz,79-76 – Rangers continue to crumble with 4-3 loss to Marlins,Texas succumbs to sixth consecutive defeat,https://www.lonestarball.com/rangers-mlb-game-day-thread/86825/texas-rangers-continue-to-crumble-with-loss-to-miami-marlins,https://platform.lonestarball.com/wp-content/uploads/sites/100/2025/09/imagn-27133547.jpg?quality=90&strip=all&crop=0%2C10.743380643659%2C100%2C78.513238712682&w=1200,2025-09-21T02:02:25Z,"The Texas Rangers scored three runs but the Miami Marlins scored four runs.
Now as the season methodically circles the drain, its interesting that the Rangers featured just one player (unless you co… [+1453 chars]",sports
"{'id': None, 'name': 'ScienceAlert'}","Hunter Bennett, The Conversation",Microdosing Exercise in Tiny Bursts Works – But There's 1 Golden Rule,"""Microdosing"" originally meant taking tiny amounts of psychedelics (such as mushrooms) to enhance mood or performance, with fewer side effects.",https://www.sciencealert.com/microdosing-exercise-in-tiny-bursts-works-but-theres-1-golden-rule,https://www.sciencealert.com/images/2025/09/microdosing_exercise_header.jpg,2025-09-21T02:00:35Z,"""Microdosing"" originally meant taking tiny amounts of psychedelics (such as mushrooms) to enhance mood or performance, with fewer side effects.
But the term has taken off to mean anything where you … [+5594 chars]",sports
"{'id': None, 'name': 'KicksOnFire.com'}",Kicksonfire,Air Jordan 1 Low Starfish / Sail,"The Air Jordan 1 Low Starfish/Sail is a standout colorway that captures the spirit and legacy of the iconic Air Jordan line while bringing a fresh twist to a classic silhouette. Dressed in a striking combination of vibrant orange, crisp white, and subtle blac…",https://www.kicksonfire.com/air-jordan-1-low-starfish-sail,https://2app.kicksonfire.com/kofapp/upload/events_master_images/ipad_air-jordan-1-low-starfish-sail.png,2025-09-21T01:55:18Z,The Air Jordan 1 Low Starfish/Sail is a standout colorway that captures the spirit and legacy of the iconic Air Jordan line while bringing a fresh twist to a classic silhouette. Dressed in a striking… [+972 chars],sports
"{'id': None, 'name': 'Yahoo Entertainment'}",Bill Shaikin,"Shaikin: Mike Trout hit his 400th career home run. Here's an appreciation, not a lament","The mention of Mike Trout's name triggers twin laments from fans: how injuries have hampered his career, and how the Angels have hampered his career. But that's not the whole story.",https://sports.yahoo.com/article/shaikin-mike-trout-hit-400th-015514861.html,https://media.zenfs.com/en/la_times_articles_853/8e7b4533b52ebefcf7ba1bf68d205fb0,2025-09-21T01:55:14Z,"Mike Trout introduced himself to Angels fans at the 2010 Futures Game. In his first performance at Angel Stadium, his magic was on display: beating out an infield single, turning a routine single int… [+11764 chars]",sports
"{'id': None, 'name': 'CBS Sports'}",Cody Nagel,"Cal vs. San Diego State live stream, where to watch online, CBS Sports Network channel finder, odds",CBS Sports Network is home to four games in the Week 4 slate,https://www.cbssports.com/college-football/news/cal-vs-san-diego-state-live-stream-where-to-watch-online-cbs-sports-network-channel-finder-odds/,https://sportshub.cbsistatic.com/i/r/2025/09/21/662a4ae7-8082-4368-b996-622cc51279ed/thumbnail/1200x675/8587eaca65e23746075bee0b5404e66e/cal-qb-1.jpg,2025-09-21T01:54:56Z,"The 2025 college football season kicks off Week 4 with four live games on CBS Sports Network, offering a Saturday packed with high-stakes action. The day begins with high-scoring North Texas looking … [+1887 chars]",sports
"{'id': None, 'name': 'The Topeka Capital-Journal'}",The Topeka Capital-Journal,Kansas football vs West Virginia grades: Jayhawks capture win in Big 12 Conference opener,Kansas football collected a win in its first Big 12 game this fall. Here’s how the Jayhawks graded out from this matchup against West Virginia.,https://www.cjonline.com/story/sports/college/hawk-zone/2025/09/20/kansas-football-vs-west-virginia-grades-ku-score-big-12-conference-win-jalon-daniels-kickoff-return/86122173007/,https://s.yimg.com/ny/api/res/1.2/YacN964x9oXXY0bwBB2r1w--/YXBwaWQ9aGlnaGxhbmRlcjt3PTEyMDA7aD04MDA7Y2Y9d2VicA--/https://media.zenfs.com/en/the-topeka-capital-journal/044729ed5d1b9ba43f5f9edcf3b1af47,2025-09-21T01:52:26Z,"LAWRENCE  Kansas football earned a 41-10 victory Saturday, Sept. 20, at home during Big 12 Conference play against West Virginia.
Heres how the Jayhawks (3-1, 1-0 in Big 12) graded out from their wi… [+2471 chars]",sports
"{'id': None, 'name': 'Slashdot.org'}",feedfeeder,"Florida vs. Miami live updates: Game score, analysis as No. 4 Hurricanes battle with struggling Gators - CBS Sports","Florida vs. Miami live updates: Game score, analysis as No. 4 Hurricanes battle with struggling GatorsCBS Sports Where to watch Florida vs. Miami: TV channel, live stream, prediction, pick, odds, spreadCBS Sports Stanley Cup champ Matthew Tkachuk makes his Co…",https://slashdot.org/firehose.pl?op=view&amp;id=179415826,,2025-09-21T01:52:11Z,The Fine Print: The following comments are owned by whoever posted them. We are not responsible for them in any way.,sports
"{'id': 'marca', 'name': 'Marca'}",marca.com,Texas coaching drama: Sarkisian and Flood at odds amid offensive slide,"When Steve Sarkisian took over as Texas head coach in 2021, he didn&apos;t come alone. Kyle Flood followed him to Austin, taking over as offensive coordinator and offensive line co",https://www.marca.com/en/ncaa/2025/09/21/68cf59f1e2704e56168b4585.html,https://e01-phantom-marca.uecdn.es/c48cef17187f470c984dc39a3563b2a8/resize/1200/f/webp/assets/multimedia/imagenes/2025/09/21/17584191012223.jpg,2025-09-21T01:50:54Z,"When Steve Sarkisian took over as Texas head coach in 2021, he didn't come alone. Kyle Flood followed him to Austin, taking over as offensive coordinator and offensive line coach. Their partnership b… [+2311 chars]",sports
"{'id': None, 'name': 'Bleeding Cool News'}",Ray Flook,"WWE Wrestlepalooza Sees AJ Lee, CM Punk Win Big Over Rollins, Lynch","Despite what you may have read on this site in the past regarding CM Punk, there are actually some very cool things about him teaming with AJ Lee to take on World Heavyweight Champion Seth Rollins and Women's Intercontinental Champion Becky Lynch at tonight's…",https://bleedingcool.com/tv/wwe-wrestlepalooza-sees-aj-lee-cm-punk-win-big-over-rollins-lynch/,https://bleedingcool.com/wp-content/uploads/2025/09/MixCollage-20-Sep-2025-09-38-PM-3152.jpg,2025-09-21T01:44:04Z,"Posted in: Sports, TV, WWE | Tagged: Wrestlepalooza, wwe
AJ Lee gets Becky Lynch to submit to the Black Widow, sealing the win for Lee and CM Punk over Lynch and Seth Rollins at WWE Wrestlepalooza.… [+2996 chars]",sports
"{'id': None, 'name': 'Sporting News'}",Dan Treacy,"Who is Fernando Mendoza? Meet Indiana's star transfer, who shares the QB room with younger brother",Indiana turned to the transfer portal for its Kurtis Rourke successor and struck gold in former Cal Bear Fernando Mendoza.,https://www.sportingnews.com/us/ncaa-football/indiana/news/fernando-mendoza-indiana-qb-teammate-brother-transfer/5996029b29ec9bbd91d58095,https://library.sportingnews.com/styles/crop_style_16_9_desktop_webp/s3/2025-09/USATSI_27019274.jpg.webp?itok=ohJ_E9Xp,2025-09-21T01:42:58Z,"Curt Cignetti and Indiana were one of the best stories in college football in 2024. Their encore might be just as special.
Despite a tougher Big Ten schedule in 2025, the Hoosiers appear ready to co… [+3388 chars]",sports
"{'id': 'newsweek', 'name': 'Newsweek'}",Ben Verbrugge,"How to Watch California vs San Diego State: Live Stream NCAA College Football, TV Channel",The unbeaten California Golden Bears (3-0) make their first-ever trip to Snapdragon Stadium on Saturday night to face off with the San Diego State Aztecs (1-1).,https://www.newsweek.com/sports/ncaa/how-watch-california-vs-san-diego-state-live-stream-ncaa-college-football-tv-channel-2132974,https://d.newsweek.com/en/full/2726585/ncaa.jpg,2025-09-21T01:30:01Z,"The unbeaten California Golden Bears (3-0) make their first-ever trip to Snapdragon Stadium on Saturday night to face off with the San Diego State Aztecs (1-1).
Wide receiver Jacob De Jesus #21 of t… [+1662 chars]",sports
"{'id': 'newsweek', 'name': 'Newsweek'}",Evan Massey,ESPN Analyst Issues Alarming Take on Commanders QB Jayden Daniels,Washington Commanders quarterback Jayden Daniels received a brutal outlook from a popular ESPN analyst.,https://www.newsweek.com/sports/nfl/espn-analyst-issues-alarming-take-commanders-qb-jayden-daniels-2133196,https://d.newsweek.com/en/full/2726816/jayden-daniels.jpg,2025-09-21T01:25:38Z,"The Washington Commanders will have to play without young star quarterback Jayden Daniels during their Week 3 matchup against the Las Vegas Raiders.
Unfortunately, he suffered a knee injury during t… [+2586 chars]",sports
"{'id': None, 'name': 'KicksOnFire.com'}",Kicksonfire,Jordan Mvp 92 Nothing But Net,"The ""Jordan MVP 92 Nothing But Net"" is a stylish tribute to one of Michael Jordan's most iconic moments in basketball history. Inspired by the vibrant, geometric-patterned shirt Jordan wore during his memorable photoshoot after winning his second NBA champion…",https://www.kicksonfire.com/jordan-mvp-92-nothing-but-net,https://2app.kicksonfire.com/kofapp/upload/events_master_images/ipad_jordan-mvp-92-nothing-but-net.png,2025-09-21T01:22:30Z,"The ""Jordan MVP 92 Nothing But Net"" is a stylish tribute to one of Michael Jordan's most iconic moments in basketball history. Inspired by the vibrant, geometric-patterned shirt Jordan wore during hi… [+1053 chars]",sports
"{'id': None, 'name': 'Detroit Free Press'}",Detroit Free Press,"Michigan's Biff Poggi jokes he'll have ice cream, cigar, hospital visit after Nebraska win","How is Biff Poggi celebrating Michigan football's Big Ten opener win vs. Nebraska? Here's what he, jokingly, said after the game:",https://www.freep.com/story/sports/college/university-michigan/wolverines/2025/09/20/biff-poggi-michigan-football-win-nebraska-ice-cream-cigar-hospital/86271970007/,https://s.yimg.com/ny/api/res/1.2/pueUaxBgyUtATjnV645KDw--/YXBwaWQ9aGlnaGxhbmRlcjt3PTEyMDA7aD04MDA7Y2Y9d2VicA--/https://media.zenfs.com/en/detroit_free_press_usa_today_sports_articles_655/80ee9d869db5f99bc4e7191e085decd6,2025-09-21T01:14:30Z,"Biff Poggi is one of a kind when it comes to his postgame quips.
The latest one came after Michigan football's 30-27 Big Ten-opening win against Nebraska at Memorial Stadium in Lincoln, Nebraska on … [+1741 chars]",sports
"{'id': None, 'name': 'Sporting News'}",Jeff Hauser,LIVE updates Illinois vs. Indiana: Fernando Mendoza's three first half TD has Hoosiers up big,The Big Ten battle is shaping up to be a good one.,https://www.sportingnews.com/us/ncaa-football/news/live-updates-illinois-vs-indiana-fernando-mendozas-three-first-half-td-has-hoosiers-big/e1ff8075f561b16b121176dd,https://library.sportingnews.com/styles/crop_style_16_9_desktop_webp/s3/2025-09/USATSI_27132456.jpg.webp?itok=M9G8h8Zw,2025-09-21T01:12:23Z,"Team Stats
<table>
<tr><th>Halftime</th><th>Illinois</th><th>Indiana</th></tr>
<tr><td>1st Downs</td><td>7</td><td>14</td></tr><tr><td>3rd down efficiency</td><td>1-7</td><td>3-6</td></tr><tr><td>… [+5823 chars]",sports
"{'id': None, 'name': 'Slashdot.org'}",feedfeeder,6 takeaways from Michigan Football’s win over Nebraska - Maize n Brew,6 takeaways from Michigan Football’s win over NebraskaMaize n Brew Michigan commits 'coaching malpractice' at end of half as Nebraska pulls off Hail MaryDetroit Free Press Nebraska's Dylan Raiola throws 52-yard Hail Mary touchdown to tie No. 21 Michigan befor…,https://slashdot.org/firehose.pl?op=view&amp;id=179415152,,2025-09-21T01:12:23Z,The Fine Print: The following comments are owned by whoever posted them. We are not responsible for them in any way.,sports
"{'id': 'usa-today', 'name': 'USA Today'}",USA TODAY Sports,"College football Week 4 winners, losers: Nebraska misses opportunity vs. Michigan","There were highs and lows in Week 4 of the college football season, including Michigan and Nebraska. We break down the winners and losers.",https://www.usatoday.com/story/sports/ncaaf/2025/09/20/college-football-winners-losers-week-4/86271178007/,https://s.yimg.com/ny/api/res/1.2/XIw8oquRJjUJ8fNK_sLCFw--/YXBwaWQ9aGlnaGxhbmRlcjt3PTEyMDA7aD04OTI7Y2Y9d2VicA--/https://media.zenfs.com/en/usa_today_sports_articles_558/bb23e3ba9d4bca456f993dc1d3d77509,2025-09-21T01:06:45Z,"Needing to play a clean game to snap a four-game losing streak against No. 20 Michigan, Nebraska was stuffed on fourth down deep in the red zone, missed a 44-yard field goal and tossed an interceptio… [+6259 chars]",sports
"{'id': 'the-times-of-india', 'name': 'The Times of India'}",Global Sports Desk,Controversial past of Team USA transgender cyclist uncovered after twisted celebration of Charlie Kirk’s assassination,"Chelsea Wolfe, a transgender BMX rider, sparked huge controversy. She celebrated the death of Charlie Kirk, a conservative activist. Kirk was killed in Utah. Wolfe posted celebratory messages on Instagram. She called Kirk a Nazi. Her posts drew criticism from…",https://timesofindia.indiatimes.com/sports/international-sports/controversial-past-of-team-usa-transgender-cyclist-uncovered-after-twisted-celebration-of-charlie-kirks-assassination/articleshow/124023053.cms,"https://static.toiimg.com/thumb/msid-124023045,width-1070,height-580,imgsize-1339114,resizemode-75,overlay-toi_sw,pt-32,y_pad-40/photo.jpg",2025-09-21T01:06:00Z,Madurai boy to global blockbuster: 10 fascinating facts about Atlee,sports
"{'id': None, 'name': 'WOODTV.com'}",A.J. Evans,Thunderstorms across West Michigan leave thousands without power,Thousands of people lost power Saturday evening as thunderstorms rumbled across West Michigan.,https://www.woodtv.com/news/michigan/thunderstorms-across-west-michigan-leave-thousands-without-power/,https://media.zenfs.com/en/wood_articles_694/79b2e5f6396db758dc099bfce6020ff3,2025-09-21T01:04:03Z,"GRAND RAPIDS, Mich. (WOOD) Thousands of people lost power Saturday evening as thunderstorms rumbled across West Michigan.
Allegan County was hardest hit, with a maximum of more than 2,500 customers … [+696 chars]",sports
"{'id': 'newsweek', 'name': 'Newsweek'}",Fernando Quiles Jr,New WWE World Champion Crowned in Wrestlepalooza Stunner,"A new titleholder emerged during ""WWE Wrestlepalooza,"" as Iyo Sky and Stephanie Vaquer competed for the vacant Women's World Championship.",https://www.newsweek.com/sports/wrestling/new-wwe-world-champion-crowned-wrestlepalooza-stunner-2133177,https://d.newsweek.com/en/full/2723792/wwe-star-stephanie-vaquer-stardom-event.jpg,2025-09-21T01:00:50Z,"A new WWE Women's World Champion was crowned during ""Wrestlepalooza."" Iyo Sky and Stephanie Vaquer collided for the vacant title inside Gainbridge Fieldhouse in Indianapolis on Saturday. Ultimately, … [+2383 chars]",sports
"{'id': 'fox-news', 'name': 'Fox News'}",,Cal Raleigh breaks Ken Griffey Jr.'s Mariners single-season home run record,Seattle Mariners catcher Cal Raleigh surpassed Ken Griffey Jr.'s single-season franchise home run record with a 57th homer against the Houston Astros on Saturday.,https://www.foxnews.com/sports/cal-raleigh-breaks-ken-griffey-jr-s-mariners-single-season-home-run-record,https://static.foxnews.com/foxnews.com/content/uploads/2025/09/cal-raleigh-griffey.jpg,2025-09-21T01:00:30Z,"A legendary MLB franchise record fell on Saturday night.
Seattle Mariners catcher Cal Raleigh hit his 57th home run of the season against the Houston Astros to break Ken Griffey Jr.'s single-season … [+2089 chars]",sports
"{'id': None, 'name': 'CBS Sports'}",John Talty,Tobacco roadblock: The Bill Belichick experiment at UNC is an even bigger disaster than expected,The outlook is bleak four games into the Bill Belichick era in Chapel Hill,https://www.cbssports.com/college-football/news/tobacco-roadblock-the-bill-belichick-experiment-at-unc-is-an-even-bigger-disaster-than-expected/,https://sportshub.cbsistatic.com/i/r/2025/09/21/f98f2621-c9e4-43b3-95e1-a349159ddb57/thumbnail/1200x675/f343585edfcf436a06c09752b8444386/belichick.jpg,2025-09-21T01:00:20Z,"There was nothing Bill Belichick or his son, defensive coordinator Steve Belichick, could do to stop it. 
Desperately trying to get back in the game after cutting UCF's lead to 27-9, the North Carol… [+5248 chars]",sports
"{'id': None, 'name': 'WPIX 11 New York'}",Matthew Euzarraga,NYC Mayor Eric Adams releases cartoon criticizing opponent Zohran Mamdani,Editor’s note: The video above aired in a previous newscast. NEW YORK (PIX11) — New York City Mayor Eric Adams took jabs at Mayoral candidate Zohran Mamdani ...,https://pix11.com/news/local-news/nyc-mayor-eric-adams-releases-cartoon-criticizing-opponent-zohran-mamdani/,https://media.zenfs.com/en/wpix_new_york_city_ny_articles_672/5d02b4d1fee3af1cb11ff30e032cacd0,2025-09-21T01:00:10Z,"Editors note: The video above aired in a previous newscast.
NEW YORK (PIX11) New York City Mayor Eric Adams took jabs at Mayoral candidate Zohran Mamdani in a political cartoon posted on his X accou… [+1748 chars]",sports
"{'id': None, 'name': 'MMA Mania'}",Dan Hiergesell,Jones?! McGregor?! Trump?! Who are you sitting next to on this 10-hour flight of MMA rivals and combat figures?,"Ever wonder which MMA fighter you would want to sit next to on a long flight? Ever imagine sitting between two of the biggest rivals in the history of combat sports? Well, now you get to pick your seat once and for all! MMA outlet, Uncrowned, recently came up…",https://www.mmamania.com/latest-news/390623/mcgregor-jones-trump-who-are-you-sitting-next-to-on-this-10-hour-flight-of-mma-rivals-and-combat-figures-paul-white-crawford,https://platform.mmamania.com/wp-content/uploads/sites/110/2025/09/gettyimages-823219100.jpg?quality=90&strip=all&crop=0%2C26.005489943901%2C100%2C47.989020112198&w=1200,2025-09-21T01:00:00Z,"Ever wonder which MMA fighter you would want to sit next to on a long flight? Ever imagine sitting between two of the biggest rivals in the history of combat sports?
Well, now you get to pick your s… [+1538 chars]",sports
"{'id': 'fox-news', 'name': 'Fox News'}",,Nebraska pulls off highlight reel Hail Mary to close first half tilt with Big Ten rival Michigan,"Nebraska's dramatic 52-yard Hail Mary catch brought the Cornhuskers game against the Michigan Wolverines to a tie at the end of the first half. But, Michigan went on to win.",https://www.foxnews.com/sports/nebraska-pulls-off-highlight-reel-hail-mary-close-first-half-tilt-big-ten-rival-michigan,https://static.foxnews.com/foxnews.com/content/uploads/2025/09/nebraska-cornhuskers-michigan-wolverines.jpg,2025-09-21T00:56:10Z,"The first half of Saturday's Big Ten Conference matchup between Nebraska and Michigan ended with a Hail Mary pass worthy of highlight reels.
Even though Michigan would ultimately hold on for a 30-27… [+1561 chars]",sports
"{'id': None, 'name': 'Slashdot.org'}",feedfeeder,"Angeli, Syracuse upset Clemson 34-21; Dabo Swinney off to worst start of his career - AP News","Angeli, Syracuse upset Clemson 34-21; Dabo Swinney off to worst start of his careerAP News Dabo Swinney, Clemson plummet to new lows as upset loss to Syracuse continues disaster start to seasonCBS Sports Syracuse football box score at ClemsonSyracuse.com Dabo…",https://slashdot.org/firehose.pl?op=view&amp;id=179414800,,2025-09-21T00:52:06Z,The Fine Print: The following comments are owned by whoever posted them. We are not responsible for them in any way.,sports
"{'id': None, 'name': 'Coloradoan'}",The Coloradoan,Colorado State football missing two key pass catchers for UTSA game,The Colorado State football team is missing two key players for the game against UTSA. Here's an update on Jaxxon Warren and Jordan Ross.,https://www.coloradoan.com/story/sports/csu/football/2025/09/20/colorado-state-tight-end-jaxxon-warren-out-for-game-vs-utsa/86186211007/,https://s.yimg.com/ny/api/res/1.2/4sP9sCE7u4oU1kquVQxOPA--/YXBwaWQ9aGlnaGxhbmRlcjt3PTEyMDA7aD04MDA7Y2Y9d2VicA--/https://media.zenfs.com/en/the-coloradoan/0c72c6fc397583d952e218b1ba8c9924,2025-09-21T00:50:30Z,"Two key weapons on the Colorado State offense are out for an important game.
Tight end Jaxxon Warren and receiver Jordan Ross are not in uniform for CSU's Sept. 20 game against UTSA.
Warren has bee… [+1756 chars]",sports
"{'id': None, 'name': 'ClutchPoints'}",ClutchPoints,Nebraska football’s embarrassing streak continues after Michigan loss,"Nebraska football had a terrible Week 4, as the Cornhuskers extended an ugly streak with a loss to Michigan.",https://clutchpoints.com/ncaa-football/nebraska-football-news-cornhuskers-streak-michigan-loss,https://media.zenfs.com/en/clutchpoints_articles_939/1e77095421f9247479e13e065e053947,2025-09-21T00:49:39Z,"The post Nebraska footballs embarrassing streak continues after Michigan loss appeared first on ClutchPoints.
Nebraska footballcame into the Big Ten opener with momentum, sitting at 3-0 and showing … [+2512 chars]",sports
"{'id': 'newsweek', 'name': 'Newsweek'}",Evan Massey,Skip Bayless Fires Strong Words at Tom Brady Amid Raiders Drama,Skip Bayless spoke out with some strong words for Las Vegas Raiders minority owner Tom Brady.,https://www.newsweek.com/sports/nfl/skip-bayless-fires-strong-words-tom-brady-amid-raiders-drama-2133188,https://d.newsweek.com/en/full/2726812/tom-brady.jpg,2025-09-21T00:42:11Z,"Tom Brady has been in the news quite a bit in NFL circles this week. Now a minority owner of the Las Vegas Raiders and a broadcaster for Fox, Brady has been all over the place in front of the fans.
… [+2773 chars]",sports
"{'id': 'fox-sports', 'name': 'Fox Sports'}",,Wisconsin AD Addresses 'Fire Fickell' Chants: 'Time for Me to Express My Support',"Wisconsin athletic director Chris McIntosh voiced his support for coach Luke Fickell after Maryland handed the Badgers a 27-10 home loss, which featured ""Fire Fickell!"" chants by the student section.",https://www.foxsports.com/stories/college-football/wisconsin-ad-addresses-fire-fickell-chants-time-me-express-my-support,https://a57.foxsports.com/statics.foxsports.com/www.foxsports.com/content/uploads/2025/09/1408/814/fickell.jpg?ve=1&tl=1,2025-09-21T00:38:22Z,"""They have every right to be unhappy.""
Those were the words of Wisconsin senior linebacker Aaron Witt following the Badgers' 27-10 home loss to unraked Maryland on Saturday. The Badgers were outplay… [+2338 chars]",sports
"{'id': None, 'name': 'BusinessLine'}",PTI,"India, Oman to sign CEPA trade pact very soon: Oman's Ambassador to India","India and Oman to sign CEPA soon, aiming to diversify trade beyond energy, boost investments, and enhance bilateral relations.",https://www.thehindubusinessline.com/economy/india-oman-to-sign-cepa-trade-pact-very-soon-omans-ambassador-to-india/article70076406.ece,https://bl-i.thgim.com/public/incoming/u7sf39/article70076421.ece/alternates/LANDSCAPE_1200/1678962372847.jpg,2025-09-21T05:15:56Z,"India and Oman are set to sign the Comprehensive Economic Partnership Agreement (CEPA) ""very soon"" with both nations eyeing diversification of their trade basket to include more commodities and excha… [+2298 chars]",business
"{'id': None, 'name': 'ETF Daily News'}",MarketBeat News,Peoples Bancorp of North Carolina (NASDAQ:PEBK) and Oak Ridge Financial Services (OTCMKTS:BKOR) Head to Head Comparison,"Insider and Institutional Ownership 43.8% of Peoples Bancorp of North Carolina shares are held by institutional investors. Comparatively, 4.2% of Oak Ridge Financial Services shares are held by institutional investors. 16.9% of Peoples Bancorp of North Caroli…",https://www.etfdailynews.com/2025/09/21/peoples-bancorp-of-north-carolina-nasdaqpebk-and-oak-ridge-financial-services-otcmktsbkor-head-to-head-comparison/,https://www.americanbankingnews.com/wp-content/timthumb/timthumb.php?src=https://www.marketbeat.com/logos/oak-ridge-financial-services-inc-logo-1200x675.png?v=20230105101239&w=240&h=240&zc=2,2025-09-21T05:14:56Z,"Insider and Institutional Ownership
43.8% of Peoples Bancorp of North Carolina shares are held by institutional investors. Comparatively, 4.2% of Oak Ridge Financial Services shares are held by inst… [+5299 chars]",business
"{'id': None, 'name': 'ETF Daily News'}",MarketBeat News,"Mersana Therapeutics, Inc. (NASDAQ:MRSN) Receives $56.60 Average Target Price from Analysts","Shares of Mersana Therapeutics, Inc. (NASDAQ:MRSN – Get Free Report) have been assigned a consensus rating of “Buy” from the six ratings firms that are covering the stock, MarketBeat Ratings reports. Six equities research analysts have rated the stock with a …",https://www.etfdailynews.com/2025/09/21/mersana-therapeutics-inc-nasdaqmrsn-receives-56-60-average-target-price-from-analysts/,https://www.americanbankingnews.com/wp-content/timthumb/timthumb.php?src=https://www.marketbeat.com/logos/mersana-therpts-logo-1200x675.png&w=240&h=240&zc=2,2025-09-21T05:14:52Z,"Shares of Mersana Therapeutics, Inc. (NASDAQ:MRSN – Get Free Report) have been assigned a consensus rating of “Buy” from the six ratings firms that are covering the stock, MarketBeat Ratings reports.… [+3900 chars]",business
"{'id': None, 'name': 'ETF Daily News'}",MarketBeat News,"Analysts Set Kontoor Brands, Inc. (NYSE:KTB) Target Price at $91.33","Kontoor Brands, Inc. (NYSE:KTB – Get Free Report) has earned a consensus rating of “Moderate Buy” from the six research firms that are presently covering the company, Marketbeat.com reports. One equities research analyst has rated the stock with a hold rating…",https://www.etfdailynews.com/2025/09/21/analysts-set-kontoor-brands-inc-nysektb-target-price-at-91-33/,https://www.americanbankingnews.com/wp-content/timthumb/timthumb.php?src=https://www.marketbeat.com/logos/kontoor-brands-inc-logo-1200x675.png?v=20240424084717&w=240&h=240&zc=2,2025-09-21T05:14:52Z,"Kontoor Brands, Inc. (NYSE:KTB – Get Free Report) has earned a consensus rating of “Moderate Buy” from the six research firms that are presently covering the company, Marketbeat.com reports. One equi… [+4920 chars]",business
"{'id': None, 'name': 'ETF Daily News'}",MarketBeat News,"Intuitive Machines, Inc. (NASDAQ:LUNR) Receives $15.10 Average PT from Analysts","Intuitive Machines, Inc. (NASDAQ:LUNR – Get Free Report) has been assigned an average rating of “Moderate Buy” from the twelve research firms that are presently covering the company, Marketbeat.com reports. Two equities research analysts have rated the stock …",https://www.etfdailynews.com/2025/09/21/intuitive-machines-inc-nasdaqlunr-receives-15-10-average-pt-from-analysts/,https://www.americanbankingnews.com/wp-content/timthumb/timthumb.php?src=https://www.marketbeat.com/logos/intuitive-machines-inc-logo-1200x675.jpg?v=20230216064036&w=240&h=240&zc=2,2025-09-21T05:14:52Z,"Intuitive Machines, Inc. (NASDAQ:LUNR – Get Free Report) has been assigned an average rating of “Moderate Buy” from the twelve research firms that are presently covering the company, Marketbeat.com r… [+4892 chars]",business
"{'id': None, 'name': 'ETF Daily News'}",MarketBeat News,Analysts Set Sable Offshore Corp. (NYSE:SOC) PT at $30.00,"Shares of Sable Offshore Corp. (NYSE:SOC – Get Free Report) have been assigned an average recommendation of “Moderate Buy” from the seven brokerages that are presently covering the stock, Marketbeat reports. One analyst has rated the stock with a sell recomme…",https://www.etfdailynews.com/2025/09/21/analysts-set-sable-offshore-corp-nysesoc-pt-at-30-00/,https://www.americanbankingnews.com/wp-content/timthumb/timthumb.php?src=https://www.marketbeat.com/logos/sable-offshore-corp-logo-1200x675.png?v=20240521134955&w=240&h=240&zc=2,2025-09-21T05:14:52Z,"Shares of Sable Offshore Corp. (NYSE:SOC – Get Free Report) have been assigned an average recommendation of “Moderate Buy” from the seven brokerages that are presently covering the stock, Marketbeat … [+3559 chars]",business
"{'id': None, 'name': 'ETF Daily News'}",MarketBeat News,Critical Analysis: BingEx (FLX) and The Competition,"BingEx (NASDAQ:FLX – Get Free Report) is one of 45 publicly-traded companies in the “TRANS – SERVICES” industry, but how does it compare to its peers? We will compare BingEx to related companies based on the strength of its risk, profitability, earnings, anal…",https://www.etfdailynews.com/2025/09/21/critical-analysis-bingex-flx-and-the-competition/,https://www.americanbankingnews.com/wp-content/timthumb/timthumb.php?src=https://www.marketbeat.com/logos/bingex-limited-logo-1200x675.png?v=20241030163055&w=240&h=240&zc=2,2025-09-21T05:14:49Z,"BingEx (NASDAQ:FLX – Get Free Report) is one of 45 publicly-traded companies in the “TRANS – SERVICES” industry, but how does it compare to its peers? We will compare BingEx to related companies base… [+3077 chars]",business
"{'id': None, 'name': 'ETF Daily News'}",MarketBeat News,Deutsche Bank Aktiengesellschaft Issues Pessimistic Forecast for M&C Saatchi (LON:SAA) Stock Price,"M&C Saatchi (LON:SAA – Free Report) had its target price cut by Deutsche Bank Aktiengesellschaft from GBX 248 to GBX 220 in a research report sent to investors on Thursday morning, Marketbeat.com reports. They currently have a buy rating on the stock. Several…",https://www.etfdailynews.com/2025/09/21/deutsche-bank-aktiengesellschaft-issues-pessimistic-forecast-for-mc-saatchi-lonsaa-stock-price/,https://www.americanbankingnews.com/wp-content/timthumb/timthumb.php?src=https://www.marketbeat.com/logos/mc-saatchi-plc-logo.jpg?v=20240607131800&w=240&h=240&zc=2,2025-09-21T05:06:54Z,"M&amp;C Saatchi (LON:SAA – Free Report) had its target price cut by Deutsche Bank Aktiengesellschaft from GBX 248 to GBX 220 in a research report sent to investors on Thursday morning, Marketbeat.com… [+1912 chars]",business
"{'id': None, 'name': 'ETF Daily News'}",MarketBeat News,NEXT’s (NXT) “Buy” Rating Reiterated at Shore Capital,"Shore Capital reaffirmed their buy rating on shares of NEXT (LON:NXT – Free Report) in a report issued on Thursday morning, MarketBeat.com reports. Other equities analysts have also issued research reports about the company. JPMorgan Chase & Co. reaffirmed a …",https://www.etfdailynews.com/2025/09/21/nexts-nxt-buy-rating-reiterated-at-shore-capital/,https://www.americanbankingnews.com/wp-content/timthumb/timthumb.php?src=https://www.marketbeat.com/logos/next-plc-logo.png?v=20240529143324&w=240&h=240&zc=2,2025-09-21T05:06:54Z,"Shore Capital reaffirmed their buy rating on shares of NEXT (LON:NXT – Free Report) in a report issued on Thursday morning, MarketBeat.com reports.
Other equities analysts have also issued research … [+2638 chars]",business
"{'id': None, 'name': 'ETF Daily News'}",MarketBeat News,AAR (AIR) Projected to Post Quarterly Earnings on Tuesday,"AAR (NYSE:AIR – Get Free Report) will likely be issuing its Q1 2026 results after the market closes on Tuesday, September 23rd. Analysts expect the company to announce earnings of $0.98 per share and revenue of $692.4680 million for the quarter. Parties can f…",https://www.etfdailynews.com/2025/09/21/aar-air-projected-to-post-quarterly-earnings-on-tuesday/,https://www.americanbankingnews.com/wp-content/timthumb/timthumb.php?src=https://www.marketbeat.com/logos/aar-corp-logo-1200x675.jpg&w=240&h=240&zc=2,2025-09-21T05:06:53Z,"AAR (NYSE:AIR – Get Free Report) will likely be issuing its Q1 2026 results after the market closes on Tuesday, September 23rd. Analysts expect the company to announce earnings of $0.98 per share and… [+5737 chars]",business
"{'id': None, 'name': 'ETF Daily News'}",MarketBeat News,Insider Buying: NEXT (LON:NXT) Insider Acquires 472 Shares of Stock,"NEXT plc (LON:NXT – Get Free Report) insider Amy Stirling acquired 472 shares of the firm’s stock in a transaction on Thursday, September 18th. The shares were bought at an average cost of £116.34 per share, with a total value of £54,912.48. NEXT Stock Up 2.5…",https://www.etfdailynews.com/2025/09/21/insider-buying-next-lonnxt-insider-acquires-472-shares-of-stock/,https://www.americanbankingnews.com/wp-content/timthumb/timthumb.php?src=https://www.marketbeat.com/logos/next-plc-logo-1200x675.png?v=20240529143324&w=240&h=240&zc=2,2025-09-21T05:06:52Z,"NEXT plc (LON:NXT – Get Free Report) insider Amy Stirling acquired 472 shares of the firm’s stock in a transaction on Thursday, September 18th. The shares were bought at an average cost of £116.34 pe… [+2470 chars]",business
"{'id': None, 'name': 'ETF Daily News'}",MarketBeat News,Stitch Fix (SFIX) Expected to Announce Earnings on Tuesday,"Stitch Fix (NASDAQ:SFIX – Get Free Report) is expected to issue its Q4 2025 results before the market opens on Tuesday, September 23rd. Analysts expect the company to announce earnings of ($0.13) per share for the quarter. Investors can check the company’s up…",https://www.etfdailynews.com/2025/09/21/stitch-fix-sfix-expected-to-announce-earnings-on-tuesday/,https://www.americanbankingnews.com/wp-content/timthumb/timthumb.php?src=https://www.marketbeat.com/logos/stitch-fix-inc-logo-1200x675.jpg&w=240&h=240&zc=2,2025-09-21T05:06:50Z,"Stitch Fix (NASDAQ:SFIX – Get Free Report) is expected to issue its Q4 2025 results before the market opens on Tuesday, September 23rd. Analysts expect the company to announce earnings of ($0.13) per… [+4295 chars]",business
"{'id': None, 'name': 'ETF Daily News'}",MarketBeat News,NCC Group (LON:NCC) Insider Acquires £164.45 in Stock,"NCC Group plc (LON:NCC – Get Free Report) insider Mike Maddison bought 115 shares of the business’s stock in a transaction on Wednesday, September 17th. The stock was purchased at an average price of GBX 143 per share, with a total value of £164.45. Mike Madd…",https://www.etfdailynews.com/2025/09/21/ncc-group-lonncc-insider-acquires-164-45-in-stock/,https://www.americanbankingnews.com/wp-content/timthumb/timthumb.php?src=https://www.marketbeat.com/logos/ncc-group-plc-logo-1200x675.jpg&w=240&h=240&zc=2,2025-09-21T05:06:47Z,"NCC Group plc (LON:NCC – Get Free Report) insider Mike Maddison bought 115 shares of the business’s stock in a transaction on Wednesday, September 17th. The stock was purchased at an average price of… [+2245 chars]",business
"{'id': None, 'name': 'ETF Daily News'}",MarketBeat News,What is B. Riley’s Forecast for TG Therapeutics Q4 Earnings?,"TG Therapeutics, Inc. (NASDAQ:TGTX – Free Report) – Stock analysts at B. Riley reduced their Q4 2025 earnings per share (EPS) estimates for shares of TG Therapeutics in a research report issued on Wednesday, September 17th. B. Riley analyst M. Mamtani now exp…",https://www.etfdailynews.com/2025/09/21/what-is-b-rileys-forecast-for-tg-therapeutics-q4-earnings/,https://www.americanbankingnews.com/wp-content/timthumb/timthumb.php?src=https://www.marketbeat.com/logos/tg-therapeutics-inc-logo-1200x675.png?v=20240524063703&w=240&h=240&zc=2,2025-09-21T05:05:00Z,"TG Therapeutics, Inc. (NASDAQ:TGTX – Free Report) – Stock analysts at B. Riley reduced their Q4 2025 earnings per share (EPS) estimates for shares of TG Therapeutics in a research report issued on We… [+4719 chars]",business
"{'id': None, 'name': 'ETF Daily News'}",MarketBeat News,Roth Capital Raises Earnings Estimates for Thor Industries,"Thor Industries, Inc. (NYSE:THO – Free Report) – Research analysts at Roth Capital boosted their Q1 2026 earnings per share (EPS) estimates for Thor Industries in a report issued on Wednesday, September 17th. Roth Capital analyst S. Stember now anticipates th…",https://www.etfdailynews.com/2025/09/21/roth-capital-raises-earnings-estimates-for-thor-industries/,https://www.americanbankingnews.com/wp-content/timthumb/timthumb.php?src=https://www.marketbeat.com/logos/thor-industries-inc-logo-1200x675.png?v=20221115211435&w=240&h=240&zc=2,2025-09-21T05:05:00Z,"Thor Industries, Inc. (NYSE:THO – Free Report) – Research analysts at Roth Capital boosted their Q1 2026 earnings per share (EPS) estimates for Thor Industries in a report issued on Wednesday, Septem… [+4777 chars]",business
"{'id': None, 'name': 'ETF Daily News'}",MarketBeat News,Research Analysts Offer Predictions for PRE FY2025 Earnings,"Prenetics Global Limited (NASDAQ:PRE – Free Report) – Stock analysts at Cantor Fitzgerald upped their FY2025 earnings per share (EPS) estimates for shares of Prenetics Global in a report released on Wednesday, September 17th. Cantor Fitzgerald analyst R. Osbo…",https://www.etfdailynews.com/2025/09/21/research-analysts-offer-predictions-for-pre-fy2025-earnings/,https://www.americanbankingnews.com/wp-content/timthumb/timthumb.php?src=https://www.marketbeat.com/logos/prenetics-global-limited-logo-1200x675.png?v=20241114073009&w=240&h=240&zc=2,2025-09-21T05:04:55Z,Prenetics Global Limited (NASDAQ:PRE – Free Report) – Stock analysts at Cantor Fitzgerald upped their FY2025 earnings per share (EPS) estimates for shares of Prenetics Global in a report released on … [+2901 chars],business
"{'id': None, 'name': 'ETF Daily News'}",MarketBeat News,FY2025 Earnings Forecast for Greif Issued By Zacks Research,"Greif, Inc. (NYSE:GEF – Free Report) – Research analysts at Zacks Research issued their FY2025 earnings per share estimates for Greif in a report issued on Wednesday, September 17th. Zacks Research analyst Team anticipates that the industrial products company…",https://www.etfdailynews.com/2025/09/21/fy2025-earnings-forecast-for-greif-issued-by-zacks-research/,https://www.americanbankingnews.com/wp-content/timthumb/timthumb.php?src=https://www.marketbeat.com/logos/greif-inc-logo-1200x675.png?v=20240521151033&w=240&h=240&zc=2,2025-09-21T05:04:54Z,"Greif, Inc. (NYSE:GEF – Free Report) – Research analysts at Zacks Research issued their FY2025 earnings per share estimates for Greif in a report issued on Wednesday, September 17th. Zacks Research a… [+6181 chars]",business
"{'id': None, 'name': 'ETF Daily News'}",MarketBeat News,Zacks Research Has Bullish Outlook for EIX FY2025 Earnings,"Edison International (NYSE:EIX – Free Report) – Equities research analysts at Zacks Research increased their FY2025 earnings per share (EPS) estimates for shares of Edison International in a research note issued to investors on Thursday, September 18th. Zacks…",https://www.etfdailynews.com/2025/09/21/zacks-research-has-bullish-outlook-for-eix-fy2025-earnings/,https://www.americanbankingnews.com/wp-content/timthumb/timthumb.php?src=https://www.marketbeat.com/logos/edison-international-logo-1200x675.png?v=20240102162522&w=240&h=240&zc=2,2025-09-21T05:04:53Z,Edison International (NYSE:EIX – Free Report) – Equities research analysts at Zacks Research increased their FY2025 earnings per share (EPS) estimates for shares of Edison International in a research… [+5368 chars],business
"{'id': None, 'name': 'ETF Daily News'}",MarketBeat News,What is Leerink Partnrs’ Estimate for SABS Q3 Earnings?,"SAB Biotherapeutics, Inc. (NASDAQ:SABS – Free Report) – Investment analysts at Leerink Partnrs issued their Q3 2025 EPS estimates for SAB Biotherapeutics in a research note issued to investors on Wednesday, September 17th. Leerink Partnrs analyst T. Smith ant…",https://www.etfdailynews.com/2025/09/21/what-is-leerink-partnrs-estimate-for-sabs-q3-earnings/,https://www.americanbankingnews.com/wp-content/timthumb/timthumb.php?src=https://www.marketbeat.com/logos/sab-biotherapeutics-logo-1200x675.png?v=20211202075708&w=240&h=240&zc=2,2025-09-21T05:04:52Z,"SAB Biotherapeutics, Inc. (NASDAQ:SABS – Free Report) – Investment analysts at Leerink Partnrs issued their Q3 2025 EPS estimates for SAB Biotherapeutics in a research note issued to investors on Wed… [+3866 chars]",business
"{'id': None, 'name': 'ETF Daily News'}",MarketBeat News,Roth Capital Predicts Stronger Earnings for Progressive,"The Progressive Corporation (NYSE:PGR – Free Report) – Equities research analysts at Roth Capital boosted their FY2025 earnings per share (EPS) estimates for Progressive in a research report issued to clients and investors on Thursday, September 18th. Roth Ca…",https://www.etfdailynews.com/2025/09/21/roth-capital-predicts-stronger-earnings-for-progressive/,https://www.americanbankingnews.com/wp-content/timthumb/timthumb.php?src=https://www.marketbeat.com/logos/progressive-logo-1200x675.jpg&w=240&h=240&zc=2,2025-09-21T05:04:51Z,The Progressive Corporation (NYSE:PGR – Free Report) – Equities research analysts at Roth Capital boosted their FY2025 earnings per share (EPS) estimates for Progressive in a research report issued t… [+5974 chars],business
"{'id': None, 'name': 'ETF Daily News'}",MarketBeat News,DA Davidson Decreases Earnings Estimates for Boise Cascade,"Boise Cascade, L.L.C. (NYSE:BCC – Free Report) – Equities researchers at DA Davidson reduced their Q3 2025 earnings per share (EPS) estimates for shares of Boise Cascade in a note issued to investors on Wednesday, September 17th. DA Davidson analyst K. Yinger…",https://www.etfdailynews.com/2025/09/21/da-davidson-decreases-earnings-estimates-for-boise-cascade/,https://www.americanbankingnews.com/wp-content/timthumb/timthumb.php?src=https://www.marketbeat.com/logos/boise-cascade-logo-1200x675.jpg?v=20221122065123&w=240&h=240&zc=2,2025-09-21T05:04:51Z,"Boise Cascade, L.L.C. (NYSE:BCC – Free Report) – Equities researchers at DA Davidson reduced their Q3 2025 earnings per share (EPS) estimates for shares of Boise Cascade in a note issued to investors… [+6265 chars]",business
"{'id': None, 'name': 'ETF Daily News'}",MarketBeat News,Roth Capital Analysts Raise Earnings Estimates for Hasbro,"Hasbro, Inc. (NASDAQ:HAS – Free Report) – Equities research analysts at Roth Capital upped their Q3 2025 earnings per share estimates for Hasbro in a research note issued on Thursday, September 18th. Roth Capital analyst E. Handler now forecasts that the comp…",https://www.etfdailynews.com/2025/09/21/roth-capital-analysts-raise-earnings-estimates-for-hasbro/,https://www.americanbankingnews.com/wp-content/timthumb/timthumb.php?src=https://www.marketbeat.com/logos/hasbro-inc-logo-1200x675.png?v=20240515130138&w=240&h=240&zc=2,2025-09-21T05:04:51Z,"Hasbro, Inc. (NASDAQ:HAS – Free Report) – Equities research analysts at Roth Capital upped their Q3 2025 earnings per share estimates for Hasbro in a research note issued on Thursday, September 18th.… [+6430 chars]",business
"{'id': None, 'name': 'The Straits Times'}",Tan Ooi Boon,Why those who eat healthy are likely good at saving money,A recent survey on health and wealth found that those who actively save and invest for their retirement also take extra care to watch their weight and general well-being  Read more at straitstimes.com. Read more at straitstimes.com.,https://www.straitstimes.com/business/invest/why-those-who-eat-healthy-are-likely-to-be-good-at-saving-money,https://cassette.sphdigital.com.sg/image/straitstimes/c7d48fa2c7fb2ef3bfde9971a6a8b8cb0089283ff4c6deceab816c233613d7bf,2025-09-21T05:04:39Z,"If you want to know whether a prospective spouse or business partner is diligent in managing money, just look at their lifestyles, such as whether they watch what they eat and how frequently they exe… [+305 chars]",business
"{'id': None, 'name': 'BBC News'}",,Ed Davey urges regulator to go after Musk over X 'crimes',The Lib Dem leader urges Ofcom to launch an investigation into the tech mogul and his social platform.,https://www.bbc.com/news/articles/c5y558r2r1qo,https://ichef.bbci.co.uk/news/1024/branded_news/05c5/live/5405e6d0-9648-11f0-8383-1902c9cf90cf.jpg,2025-09-21T05:01:43Z,"Brian WheelerPolitical reporter
Sir Ed Davey is calling on the UK's communications regulator Ofcom to ""go after"" Elon Musk over ""crimes"" he claims are being committed on the tech mogul's social medi… [+3087 chars]",business
"{'id': None, 'name': 'CryptoSlate'}",Jae Jeong,Asian stablecoins: The myth of dollar dominance,"The following is a guest post and opinion from  Dr. Jae S. Jeong, Co-Founder and CTO, Gurufin. Today’s stablecoins are an extension of the U.S. financial system. Backed by the U.S. Dollar, they are tied to its monetary policy and indirectly answerable to its …",https://cryptoslate.com/asian-stablecoins-the-myth-of-dollar-dominance/,https://cryptoslate.com/wp-content/uploads/2025/09/asian-stablecoins.jpg,2025-09-21T05:00:56Z,"The following is a guest post and opinion from  Dr. Jae S. Jeong, Co-Founder and CTO, Gurufin.
Todays stablecoins are an extension of the U.S. financial system. Backed by the U.S. Dollar, they are t… [+7072 chars]",business
"{'id': None, 'name': 'Ambcrypto.com'}",Lennox Gitonga,Coinbase unveils ambitious goal: ‘A better set of financial services’,"Coinbase CEO eyes to replace banks as the primary financial account, will it happen?",https://ambcrypto.com/?p=530297,https://ambcrypto.com/wp-content/uploads/2025/09/Lennox-1-5-1000x600.png,2025-09-21T05:00:01Z,"Key Takeaways
What is the Coinbase CEO’s goal?
Brian Armstrong unveiled that Coinbase was looking to replacing banks.
How is the reception?
The crypto community has had mixed reactions to this st… [+2886 chars]",business
"{'id': None, 'name': 'STLtoday.com'}",,People in Business: Bi-State employees earn; Jump promotes; Three Rivers names; Open Arms appoints,"Catch up on local business appointments, awardees and promotions.",https://www.stltoday.com/news/local/business/article_d907fa7a-e9a9-4142-8167-a50670e6e837.html,https://bloximages.newyork1.vip.townnews.com/stltoday.com/content/tncms/assets/v3/editorial/d/90/d907fa7a-e9a9-4142-8167-a50670e6e837/68c9abf8401ef.preview.png?crop=900%2C473%2C0%2C13,2025-09-21T05:00:00Z,"The Missouri Public Transit Association presented three Bi-State Development employees with a Missouri Transit Operator Champion Award: Metro Bus Operator Charles Boone logged 30,000 miles in one yea… [+1328 chars]",business
"{'id': None, 'name': 'Cageside Seats'}",Manolo Has Pizzazz,AEW All Out 2025 recap & reactions: Cope & Christian was the real main event,Break down the big PPV from Toronto with us here.,https://www.cagesideseats.com/aew/384153/aew-all-out-toronto-recap-review-cope-christian-toni-storm-hangman-page-mox-darby,https://platform.cagesideseats.com/wp-content/uploads/sites/54/2025/09/01___FTR_vs_Adam_Copeland_and_Christian_09_20_2025_017_large.jpg?quality=90&strip=all&crop=0%2C10.751163467132%2C100%2C78.497673065736&w=1200,2025-09-21T05:00:00Z,"AEW All Out (Sept. 20, 2025) was headlined by Hangman Page versus Kyle Fletcher for the world title, but the real main event was Cope &amp; Christian in their hometown battling FTR from Scotiabank Ar… [+19914 chars]",business
"{'id': 'the-irish-times', 'name': 'The Irish Times'}",Philip Reid,Shane Lowry on Europe’s Ryder Cup chances: ‘We have a great opportunity to do something amazing’,The champion golfer is relishing the forthcoming clash with Team USA on Long Island,https://www.irishtimes.com/sport/golf/2025/09/21/we-have-a-great-opportunity-to-do-something-amazing-shane-lowry-on-europes-ryder-cup-chances/,https://www.irishtimes.com/resizer/v2/BSYLZPZJ3JHDLAP2C5S75G3K7Q.jpg?smart=true&auth=c6da8846cd9728b1d9daf7d49a66f42882a7bd56456be56bd3ddc513c7bd8e5b&width=1200&height=630,2025-09-21T05:00:00Z,"The boy has grown into a man, a far cry from the time his father Brendan paid a trip to Kennys, the local shop in Clara, Co Offaly, where he bought his nine-year-old son a second-hand 9-iron and putt… [+7270 chars]",business
"{'id': 'the-irish-times', 'name': 'The Irish Times'}",Proinsias O'Mahony,"Trump suggests ending quarterly reporting, raising questions for investors",Proposal has resurfaced just as recent earnings reports from listed companies have begun to expose the costs of his trade wars,https://www.irishtimes.com/your-money/2025/09/21/trump-suggests-ending-quarterly-reporting-raising-questions-for-investors/,https://www.irishtimes.com/resizer/v2/CDEIILBE6PFVGTCE2T3WYRI2IA.jpg?smart=true&auth=68acddcb4c38f5b0c88024448a833f9ff6fcb7f5d27537f87008d54783d52db4&width=1200&height=630,2025-09-21T05:00:00Z,"Donald Trump has dusted off an old idea: that Americas public companies should no longer bother reporting quarterly earnings. Trump has called for six-monthly disclosures, arguing this would cut cost… [+1402 chars]",business
"{'id': 'the-irish-times', 'name': 'The Irish Times'}",Mark Hennessy,In Heather Humphreys country: ‘It was hard to find a Protestant not in the Orange Order’,Monaghan folk shy away from questions about identity but a leading Orangeman is not afraid to give his verdict on Michael D Higgins,https://www.irishtimes.com/politics/2025/09/20/in-heather-humphreys-country-it-was-hard-to-find-a-protestant-not-in-the-orange-order/,https://www.irishtimes.com/resizer/v2/NFP36EXSMJHTHOP2CVZZLS2DMQ.jpg?smart=true&auth=926aa46b78beaa0585976836824811a503789757677160bd1047e559ec896bf2&width=1200&height=630,2025-09-21T05:00:00Z,"Walter Pringle was just three when his Protestant farmer father, Joseph, died in 1951, leaving his mother, Isabella, to rear six children and manage the family farm outside Clones in Co Monaghan, jus… [+9408 chars]",business
"{'id': None, 'name': 'The Star Online'}",The Star Online,Fintech evolution paves the way for global banks to set up in Hong Kong: HKMA,"There is enough room for growth for lenders to use Hong Kong as a platform to help their clients go global, HKMA's Eddie Yue says Read full story",https://www.thestar.com.my/aseanplus/aseanplus-news/2025/09/21/fintech-evolution-paves-the-way-for-global-banks-to-set-up-in-hong-kong-hkma,https://apicms.thestar.com.my/uploads/images/2025/09/21/3528875.jpg,2025-09-21T04:45:00Z,"The development of fintech and the strong desire of mainland Chinese companies to go global are conducive to Chinese and international banks setting set up operations in Hong Kong, according to the h… [+2976 chars]",business
"{'id': None, 'name': 'Livemint'}",list.metadata.agency,IREF chief welcomes Piyush Goyals remarks ahead of Bharat International Rice Conference 2025,"Prem Garg, National President of the Indian Rice Exporters Federation (IREF), on Sunday welcomed Commerce and Industry Minister Piyush Goyal's remarks on the upcoming Bharat International Rice Conference (BIRC) 2025, saying they reflect India's growing role i…",https://www.livemint.com/companies/company-results/iref-chief-welcomes-piyush-goyals-remarks-ahead-of-bharat-international-rice-conference-2025-11758429824320.html,https://images.livemint.com/img/2018/12/28/1600x900/Companies_-_Results_1545999337988.jpg,2025-09-21T04:43:43Z,"New Delhi [India], September 21 (ANI): Prem Garg, National President of the Indian Rice Exporters Federation (IREF), on Sunday welcomed Commerce and Industry Minister Piyush Goyal's remarks on the up… [+2628 chars]",business
"{'id': None, 'name': '1news.co.nz'}",1news Reporters,Health infrastructure projects to receive Govt funding revealed,Health Minister Simeon Brown said the $100 million allocated from Budget 2025 would be used for 21 local projects across the country.,https://www.1news.co.nz/2025/09/21/health-infrastructure-projects-to-receive-govt-funding-revealed/,https://tvnz-1-news-prod.cdn.arcpublishing.com/resizer/v2/health-minister-simeon-brown-2YGHJLL2J5A7JFISALTN2HYZT4.jpg?auth=db2032cda411e60c37bdf39c206781c6ac2d4b2a936d2e97293d8706a4016b56&quality=70&width=600&height=315&focal=976%2C369,2025-09-21T04:42:25Z,"The Health Minister has announced that $100 million allocated from Budget 2025 will be used to fund 21 local projects at hospital facilities across the country. 
Speaking from Auckland's Manukau Hea… [+1927 chars]",business
"{'id': None, 'name': 'Biztoc.com'}",morningbrew.com,Q&A: How do you turn a hobby into a business?,"After a childhood “filled with art,” 25-year-old Ruby Gold says she studied nutrition and chemistry in college because the creative path didn’t seem like a realistic career option. As someone who now makes a living designing and selling clothes, she ultimatel…",https://biztoc.com/x/e6b771c1fff7bc58,https://biztoc.com/cdn/e6b771c1fff7bc58_s.webp,2025-09-21T04:41:24Z,"After a childhood filled with art, 25-year-old Ruby Gold says she studied nutrition and chemistry in college because the creative path didnt seem like a realistic career option. As someone who now ma… [+145 chars]",business
"{'id': 'the-times-of-india', 'name': 'The Times of India'}",PTI,"Eyeing bumper festive sales, Hero MotoCorp looks to maintain leadership in 2-wheeler segment",Hero MotoCorp anticipates a strong festival season for two-wheeler sales. The company aims to maintain its leadership position in the Indian market. A GST rate cut is expected to boost demand. Ashutosh Varma highlights a positive macro environment. Hero MotoC…,https://economictimes.indiatimes.com/industry/auto/two-wheelers-three-wheelers/eyeing-bumper-festive-sales-after-gst-rate-cut-hero-motocorp-looks-to-maintain-leadership-in-2-wheeler-segment/articleshow/124023981.cms,"https://img.etimg.com/thumb/msid-124024006,width-1200,height-630,imgsize-54786,overlay-economictimes/articleshow.jpg",2025-09-21T04:36:44Z,"Hero MotoCorp expects the ongoing festival season to be ""one of the best"" in terms of sales, helping it maintain leadership position in the domestic two-wheeler segment this year as well, according t… [+2749 chars]",business
"{'id': None, 'name': 'Independent.ie'}",Letters to the editor,Letters: Racism is hiding behind a host of euphemisms in modern Ireland,"Madam — Back in the mists of my youth, I remember writing a school essay on what we would have done if faced with the rise of the kind of racist ideology that thrived in the 1930s and ’40s. How would we react if people around us were being persecuted for who …",https://www.independent.ie/opinion/letters/letters-racism-is-hiding-behind-a-host-of-euphemisms-in-modern-ireland/a150157239.html,https://focus.independent.ie/thumbor/fQ-v4pCcZS8O-RQJk1p7RtCmw_4=/0x18:5554x3720/629x0/prod-mh-ireland/918484ea-4256-4502-9938-dc2beadc188e/05265ce0-e04a-4391-b4ff-fb854053bd33/GettyImages_56913142.jpg,2025-09-21T04:30:00Z,"Madam Back in the mists of my youth, I remember writing a school essay on what we would have done if faced with the rise of the kind of racist ideology that thrived in the 1930s and 40s. How would we… [+13450 chars]",business
"{'id': None, 'name': 'Independent.ie'}",Liam Collins,"Obituary: Nicky Ryan, music producer who created an ethereal ‘wall of sound’ that helped make Enya a superstar","Nicky Ryan, with his wife Roma, created the ­ethereal and ­haunting “wall of sound” that turned Donegal-born singer Enya into an international star, selling more than 80 million albums and in the process making her the bestselling Irish solo artist of all tim…",https://www.independent.ie/irish-news/obituary-nicky-ryan-music-producer-who-created-an-ethereal-wall-of-sound-that-helped-make-enya-a-superstar/a428240149.html,https://focus.independent.ie/thumbor/rHZ4brRK3gZhEuhuNuSfkbDE6DY=/629x460/smart/prod-mh-ireland/3f618a04-f4e6-47cd-bc55-ec429996805c/3307fd22-1cf5-4a1c-8897-858f29e74796/SF%20Nicky%20Ryan.jpg,2025-09-21T04:30:00Z,"Nicky Ryan, with his wife Roma, created the ­ethereal and ­haunting wall of sound that turned Donegal-born singer Enya into an international star, selling more than 80 million albums and in the proce… [+6827 chars]",business
"{'id': None, 'name': 'Independent.ie'}",John Burns,Any Other Business: DAA chairman Basil Geoghegan has climbed every mountain. Everest included,"Usually when there’s a boardroom spat, both sides get equal media attention. Not so at the DAA, where chief executive Kenny Jacobs is making all the headlines – while chairman Basil Geoghegan has stayed under the radar.",https://www.independent.ie/business/irish/any-other-business-daa-chairman-basil-geoghegan-has-climbed-every-mountain-everest-included/a677487652.html,https://focus.independent.ie/thumbor/6nOLhMhQe6HJbdk5vY1FKVpY6CQ=/921x292:2828x1563/629x0/prod-mh-ireland/27143929-e985-49c9-93bb-9272aefd4a5e/5e8a1ca4-7fd5-4e1a-b320-a5fa4f44b257/27143929-e985-49c9-93bb-9272aefd4a5e.jpg,2025-09-21T04:30:00Z,"Plus, it now seems that a pint of plain is not your only man
Usually when theres a boardroom spat, both sides get equal media attention. Not so at the DAA, where chief executive Kenny Jacobs is maki… [+206 chars]",business
"{'id': None, 'name': 'Independent.ie'}",Ken Foxe,‘Something has gone wrong at your end’ – ComReg attempt to block scam texts leads to flood of complaints,"A new service to clamp down on fraudulent texts became mired in difficulties, with many of the public saying it flagged genuine medical appointments as scams.",https://www.independent.ie/irish-news/something-has-gone-wrong-at-your-end-comreg-attempt-to-block-scam-texts-leads-to-flood-of-complaints/a717113521.html,https://focus.independent.ie/thumbor/yyPO80eQvqeiBrKOrvyLviTgb_E=/0x0:4903x3268/629x0/prod-mh-ireland/299213ca-d582-4c0d-bcdb-1552bae6a500/41a150c9-f9f2-41e1-a366-f8fc8ae8d4ca/299213ca-d582-4c0d-bcdb-1552bae6a500.jpg,2025-09-21T04:30:00Z,"A new service to clamp down on fraudulent texts became mired in difficulties, with many of the public saying it flagged genuine medical appointments as scams. ComReg, the communications regulator, ro… [+3959 chars]",business
"{'id': None, 'name': 'Independent.ie'}",Gina London,Gina London: I’m taking my leadership lessons from my local shopping-centre car park,"Almost every day, I find myself at my local shopping centre in Blackrock Village, just outside Dublin.",https://www.independent.ie/business/in-the-workplace/gina-london-im-taking-my-leadership-lessons-from-my-local-shopping-centre-car-park/a158604980.html,https://focus.independent.ie/thumbor/PUPCzc4cjyhHhQHW-JAI9U3Bbh8=/0x652:2316x2196/629x0/prod-mh-ireland/f68e4bf3-facf-438a-81aa-d482a5007633/e494c493-7272-4993-9d07-52fa42e9e4df/f68e4bf3-facf-438a-81aa-d482a5007633.jpg,2025-09-21T04:30:00Z,"Almost every day, I find myself at my local shopping centre in Blackrock Village, just outside Dublin.Sometimes its for a grocery run and a chat with cashier Brian. Other times its a quick trip to th… [+5053 chars]",business
"{'id': None, 'name': 'Independent.ie'}",Brendan O'Connor,Brendan O’Connor: Why we should all be grateful that our president is powerless,"Whatever president we get, we’ll be grateful. And grateful they’ve no power. A damn sight better than a president with too much power.",https://www.independent.ie/opinion/brendan-oconnor-why-we-should-all-be-grateful-that-our-president-is-powerless/a606134504.html,https://focus.independent.ie/thumbor/IczKwlJ6aKmnOeXt6dKCul2T0qU=/0x0:3238x2159/629x0/prod-mh-ireland/7bbf082b-6179-4992-a780-3fbcf68c12cd/579bf6b0-1c84-471a-bd2f-a5d8664567c6/7bbf082b-6179-4992-a780-3fbcf68c12cd.jpg,2025-09-21T04:30:00Z,"Whoever wins our election wont be going after TV talk-show hosts
Whatever president we get, well be grateful. And grateful theyve no power. A damn sight better than a president with too much power. … [+228 chars]",business
"{'id': None, 'name': 'Pypi.org'}",evaldas@dialexity.com,dialectical-framework 0.5.2,"A dialectical framework for augmented intelligence. AI reasoning powered with dialectics supports humans in: system optimization (psychology, engineering, business, politics, etc.); dispute resolution (mediation, conflicts, negotiations, etc.); decision-makin…",https://pypi.org/project/dialectical-framework/0.5.2/,,2025-09-21T04:28:05Z,"A required part of this site couldnt load. This may be due to a browser
 extension, network issues, or browser settings. Please check your
 connection, disable any ad blockers, or try using a diffe… [+12 chars]",business
"{'id': None, 'name': 'Antaranews.com'}",PR Wire,"Sharjah Hosts Inclusion International 18th World Congress 2025 ‘We Are Inclusion’ for the First Time, With 600 Participants From 74 Countries","-Sharjah hosted the 18th edition of the World Congress 2025 &ldquo;We Are Inclusion&rdquo; for the first time in the Middle East and North Africa, under the ...",https://en.antaranews.com/news/381256/sharjah-hosts-inclusion-international-18th-world-congress-2025-we-are-inclusion-for-the-first-time-with-600-participants-from-74-countries,https://cdn.antaranews.com/cache/1200x800/2025/09/21/WhatsApp-Image-2025-09-21-at-09.22.13.jpeg,2025-09-21T04:22:20Z,"Sharjah, United Arab Emirates--(ANTARA/Business Wire)--Sharjah hosted the 18th edition of the World Congress 2025 “We Are Inclusion” for the first time in the Middle East and North Africa, under the … [+3509 chars]",business
"{'id': None, 'name': 'BusinessLine'}",PTI,Kochi Metro set to introduce freight service during non-peak hours,"The service will be available during non-peak hours for the transport of non-perishable, packaged goods.",https://www.thehindubusinessline.com/economy/logistics/kochi-metro-set-to-introduce-freight-service-during-non-peak-hours/article70076346.ece,https://bl-i.thgim.com/public/incoming/rqawir/article70076354.ece/alternates/LANDSCAPE_1200/Metro01.JPG,2025-09-21T04:12:34Z,"Kochi Metro Rail Limited is set to launch a freight service, modelled on the system already introduced by the Delhi Metro, KMRL officials have said.
The service will be available during non-peak hou… [+1030 chars]",business
"{'id': None, 'name': 'Biblegateway.com'}",,"Old/New Testament Reading for Sunday September 21, 2025 (KJV)",,https://www.biblegateway.com/reading-plans/old-new-testament/2025/09/21/,https://www.biblegateway.com/assets/images/logos/logo_bg-sharing.png?85bffc30,2025-09-21T04:07:57Z,"Ecclesiastes 7-9


 7 A good name is better than precious ointment; and the day of death than the day of one's birth.
 2 It is better to go to the house of mourning, than to go to the house of feas… [+10440 chars]",business
"{'id': None, 'name': 'Bitcoinist'}",Christian Encila,FTX To Release $1.6 Billion In Creditor Repayments Sept. 30 – Details,"Reports have disclosed that the FTX Recovery Trust is preparing to release another $1.6 billion to its creditors by September 30. The payout marks the third distribution since the exchange collapsed in late 2022, and payments are expected to reach verified cl…",https://bitcoinist.com/ftx-to-release-1-6-billion-in-creditor-repayments-sept-30-details/,https://bitcoinist.com/wp-content/uploads/2025/09/a_c775cf.jpg,2025-09-21T04:00:24Z,Reports have disclosed that the FTX Recovery Trust is preparing to release another $1.6 billion to its creditors by September 30. The payout marks the third distribution since the exchange collapsed … [+2583 chars],business
"{'id': None, 'name': 'Americanthinker.com'}",,Charlie Kirk: This too will last,"Just hours before he was murdered, Charlie Kirk, in improvised fashion befitting his quick wit, told an audience of business owners in Salt Lake City that one of his favorite quotes is “This too shall pass.”  Tragically, Kirk ha...",https://www.americanthinker.com/blog/2025/09/charlie_kirk_this_too_will_last.html,https://images.americanthinker.com/um/um7tzzcw07en2ntzspdu_800.jpg,2025-09-21T04:00:00Z,"Just hours before he was murdered, Charlie Kirk, in improvised fashion befitting his quick wit, told an audience of business owners in Salt Lake City that one of his favorite quotes is “This too shal… [+2185 chars]",business
"{'id': None, 'name': 'Americanthinker.com'}",,How do we explain it when celebrities act so evil?,"A number of show business, news media, and political personages have proclaimed vile comments, cheering the murder of Christian conservative Charlie Kirk. 

So, too, have entertainment-industry has-beens who grab for modern relevance. &nb...",https://www.americanthinker.com/blog/2025/09/how_do_we_explain_it_when_celebrities_act_so_evil.html,https://images.americanthinker.com/9g/9gip6wzmpn2wbn2f9we4_800.jpg,2025-09-21T04:00:00Z,"A number of show business, news media, and political personages have proclaimed vile comments, cheering the murder of Christian conservative Charlie Kirk. 
So, too, have entertainment-industry has-b… [+2612 chars]",business
"{'id': None, 'name': 'Americanthinker.com'}",,A Department of War is right for America,"President Trump’s decision to re-name the Department of Defense the Department of War, is the right thing to do.

It means more than it seems, especially to critics on the political left who don’t know the difference between fighting an...",https://www.americanthinker.com/blog/2025/09/a_department_of_war_is_right_for_america.html,https://images.americanthinker.com/tm/tmt8wvloafj6y6fi8ouj_800.jpg,2025-09-21T04:00:00Z,"President Trump’s decision to re-name the Department of Defense the Department of War, is the right thing to do.
It means more than it seems, especially to critics on the political left who don’t kn… [+2623 chars]",business
"{'id': None, 'name': 'Americanthinker.com'}",,A Thumbnail History of America’s Decline,"This brief account of America’s decline begins by pointing out that in this country, the rule of God once outweighed the rule of man. The mainstream of America regarded the Word of God as ultimately the best rule for all to follow. But in our d...",https://www.americanthinker.com/articles/2025/09/a_thumbnail_history_of_america_s_decline.html,https://images.americanthinker.com/ji/jikde5itcuq06vb0sjtx_800.jpg,2025-09-21T04:00:00Z,"This brief account of America’s decline begins by pointing out that in this country, the rule of God once outweighed the rule of man. The mainstream of America regarded the Word of God as ultimately … [+5986 chars]",business
"{'id': None, 'name': 'Loyaltylobby.com'}",John Ollila,"JAL Business & First Class Upgrade Award Rebate Tokyo – Chicago September 21 – October 25, 2025","JAL has launched an upgrade promotion to business and first class on routes between Tokyo and Chicago that is valid for travel between September 21 and October 25, 2025. You can save 8,000 miles on upgrades to business, and 10,000 on upgrades to first class. …",https://loyaltylobby.com/2025/09/20/jal-business-first-class-upgrade-award-rebate-tokyo-chicago-september-21-october-25-2025/,https://loyaltylobby.com/wp-content/uploads/2025/09/Japan-Airlines-Mileage-Bank-Upgrade-Award-Promotion-September-2025.png,2025-09-21T03:56:52Z,"JAL has launched an upgrade promotion to business and first class on routes between Tokyo and Chicago that is valid for travel between September 21 and October 25, 2025.
You can save 8,000 miles on … [+1976 chars]",business
"{'id': None, 'name': 'CBS Sports'}",Chip Patterson,"Tomorrow's Top 25 Today: Oklahoma, Indiana surge into top 10 in college football rankings",Projecting the new AP Top 25 poll after Week 4 action across the college football landscape,https://www.cbssports.com/college-football/news/tomorrows-top-25-today-oklahoma-indiana-surge-into-top-10-in-college-football-rankings/,https://sportshub.cbsistatic.com/i/r/2025/09/21/44657ac9-ce59-4ea8-a0a3-d055261382c1/thumbnail/1200x675/d2717165eb742ae5f156115f030e45c3/oklahoma-top-25.png,2025-09-21T03:40:27Z,"Not every week in college football is going to spark the kind of chaos that shakes up the rankings, even if every week gives voters something new to consider when trying to put together their ballot.… [+8872 chars]",business
"{'id': None, 'name': 'Andthevalleyshook.com'}",Zachary Junda,"Instant Reactions: LSU 56, Southeastern 10",Thank you for scoring all those points,https://www.andthevalleyshook.com/football/47324/instant-reactions-lsu-56-southeastern-10,https://platform.andthevalleyshook.com/wp-content/uploads/sites/10/2025/09/gettyimages-2235990641.jpg?quality=90&strip=all&crop=0%2C0%2C100%2C78.534031413613&w=1200,2025-09-21T03:38:12Z,"Its nice taking care of business.
#3 LSU (4-0) did what it was supposed to do, beating up on an FCS opponent, Southeastern, 56-10. It was by far and away LSUs best offensive output all season, while… [+1803 chars]",business
"{'id': None, 'name': 'Yahoo Entertainment'}",Vardah Gill,Citigroup (C): A Stable Player in Today’s Dividend Paying Stocks Market,Citigroup Inc. (NYSE:C) is included among the 12 Best Dividend Paying Stocks to Buy Now. Citigroup Inc. (NYSE:C) main business lies in traditional banking...,https://finance.yahoo.com/news/citigroup-c-stable-player-today-033050112.html,https://s.yimg.com/ny/api/res/1.2/dswJozwt75cJlEdqywv1CQ--/YXBwaWQ9aGlnaGxhbmRlcjt3PTEyMDA7aD04MDA-/https://media.zenfs.com/en/insidermonkey.com/04caa8cac5e9f4a148679077496305c9,2025-09-21T03:30:50Z,"Citigroup Inc. (NYSE:C) is included among the 12 Best Dividend Paying Stocks to Buy Now.
Citigroup (C): A Stable Player in Todays Dividend Paying Stocks Market
Photo by NeONBRAND on Unsplash
Citig… [+1591 chars]",business
"{'id': None, 'name': 'Ozbargain.com.au'}",Josephchan,Custom 90s Bootleg Shirt – Personalised Photo Face Tee US$18.71+$7 Delivery ($0 with US$100 Order) @ INK|P.O.D. Personaliz Gifts,Australian Spring Special: 90s Vintage Custom Face Personalized T-Shirt Enjoy 28% off our entire T-shirt collection! Original price: $25.99 → $18.71 This discount code can be used on all …,https://www.ozbargain.com.au/node/925082,https://files.ozbargain.com.au/n/82/925082x.jpg?h=e0524ea8,2025-09-21T03:28:17Z,"Australian Spring Special: 90s Vintage Custom Face Personalized T-Shirt
Enjoy 28% off our entire T-shirt collection!
Original price: $25.99 $18.71This discount code can be used on all T-shirts.
Ma… [+141 chars]",business
"{'id': None, 'name': 'Made-in-china.com'}",,Selectorized Strength Fitness Equipment Pin Loaded Fitness Gym Selectorized Lat Pulldown Machine for Back Training Equipment,Selectorized Strength Fitness Equipment Pin Loaded Fitness Gym Selectorized Lat Pulldown Machine for Back Training Equipmentmade-in-china.com,https://dzcanxu.en.made-in-china.com/product/NTMYZpRUOArH/China-Selectorized-Strength-Fitness-Equipment-Pin-Loaded-Fitness-Gym-Selectorized-Lat-Pulldown-Machine-for-Back-Training-Equipment.html,https://image.made-in-china.com/2f0j00ByKbqkNcwVul/Selectorized-Strength-Fitness-Equipment-Pin-Loaded-Fitness-Gym-Selectorized-Lat-Pulldown-Machine-for-Back-Training-Equipment.jpg,2025-09-21T03:27:18Z,Suppliers with verified business licenses,business
"{'id': None, 'name': 'Tistory.com'}",T.B,"트럼프, 시진핑 정상회담 앞두고 아프카니스탄 공군기지 되찾겠다","President Donald Trump urged Afghanistan to return the Bagram air base to US control, threatening “BAD THINGS” for the Taliban-led country if it fails to comply https://t.co/cNKxfp48P3— Bloomberg (@business) September 20, 2025 트럼프가 중국 '핵무기' 제조시설과 1시간 거리의 아프카니…",https://ryueyes11.tistory.com/511879,https://img1.daumcdn.net/thumb/R800x0/?scode=mtistory2&fname=https%3A%2F%2Fblog.kakaocdn.net%2Fdna%2FYvdYi%2FbtsQGDHFyKr%2FAAAAAAAAAAAAAAAAAAAAALnwhWJE9wp_tFEwFeZetAK3kJ0Gk6_Z5rfhZt2c_-Ky%2Fimg.jpg%3Fcredential%3DyqXZFxpELC7KVnFOS48ylbz2pIh7yKj8%26expires%3D1759244399%26allow_ip%3D%26allow_referer%3D%26signature%3DnmX0XZ%252FoFJBgmComeKlgnj58Bmk%253D,2025-09-21T03:25:10Z,"President Donald Trump urged Afghanistan to return the Bagram air base to US control, threatening “BAD THINGS” for the Taliban-led country if it fails to comply https://t.co/cNKxfp48P3
— Bloomberg (… [+1294 chars]",business
"{'id': None, 'name': 'CBS Sports'}",Brad Crawford,"Bowl projections: Miami, Florida State on collision course to shake up CFP race, Texas Tech keeps pace",Brad Crawford's college football bowl projections break down how the 12-team CFP could play out after Week 4,https://www.cbssports.com/college-football/news/bowl-projections-miami-florida-state-on-collision-course-to-shake-up-cfp-race-texas-tech-keeps-pace/,https://sportshub.cbsistatic.com/i/r/2025/09/21/ca57982c-5ab0-4ffd-b4ee-a888b2fd20b5/thumbnail/1200x675/ed8449c01b456b117479dac1b0836d78/miami-bowls.png,2025-09-21T03:18:31Z,"With Miami on a mission in the trenches and Florida State producing points in record numbers, the early season title race within the ACC also spikes our updated College Football Playoff projection ex… [+8715 chars]",business
"{'id': None, 'name': 'The Daily Caller'}",Marc Wheat,J. MARC WHEAT: Government Lists Are A Threat To Free Association,No government official should know what organizations you support. And no state attorney general should have access to Americans’ personal information,https://dailycaller.com/2025/09/20/opinion-government-lists-are-a-threat-to-free-association-j-marc-wheat/,"https://images.dailycaller.com/image/width=1280,height=549,fit=cover,format=webp,f=auto/https://cdn01.dailycaller.com/wp-content/uploads/2023/03/GettyImages-621678744-scaled-e1680090044966.jpg",2025-09-21T03:13:22Z,No government official needs to know what organizations you financially support. And no state attorney general should have access to Americans’ sensitive personal information without clearly showing … [+4612 chars],business
"{'id': None, 'name': 'Biztoc.com'}",reuters.com,"New World scion Adrian Cheng launches firm targeting digital space, emerging markets",,https://biztoc.com/x/ad770dc59cfc034d,https://biztoc.com/cdn/950/og.png,2025-09-21T03:12:16Z,"{ window.open(this.href, '_blank'); }, 200); return false;""&gt;What impact will Trump's $100K H-1B visa fee have? { window.open(this.href, '_blank'); }, 200); return false;""&gt;How did the Fed's rece… [+786 chars]",business
"{'id': None, 'name': 'Albuquerque Journal'}",Journal Staff Report,"Prep cross country: Rio Rancho boys, Los Alamos girls win Jamboree",Sep. 20—RIO RANCHO — Billy Romero of Taos and Carmen Dorsey-Spitz of Moriarty were the championship division winners on Saturday morning at the Rio Rancho Jamboree. The Jamboree is one of the state's largest and most prestigious cross country meets. Romero ha…,https://www.abqjournal.com/sports/article_f687ea9e-eeec-4d19-9429-8004124873e5.html,https://bloximages.chicago2.vip.townnews.com/abqjournal.com/content/tncms/assets/v3/editorial/a/21/a21eeb6f-f96f-4527-85b3-bc4a5c26d02f/68aa3aa4ab051.image.jpg?crop=1020%2C536%2C113%2C132,2025-09-21T03:12:00Z,"Exclusive Business Outlook Newsletter, delivered every Monday. Designed for paid subscribers, it provides narrative coverage of local trends, industry news, and key economic updates, going beyond the… [+31 chars]",business
"{'id': 'the-times-of-india', 'name': 'The Times of India'}",Raman Jit Singh Chima,The Internet Still Bites Back: The role played by Discord in the Nepal uprising,"Recent events in Nepal and Bangladesh highlight the internet's evolving role in democracy. Initially seen as a force for good, it now faces concerns over manipulation and misinformation. Governments are increasingly using digital regulations for control, but …",https://economictimes.indiatimes.com/news/international/world-news/the-internet-still-bites-back-the-role-played-by-discord-in-the-nepal-uprising/articleshow/124023455.cms,"https://img.etimg.com/thumb/msid-124023452,width-1200,height-630,imgsize-207934,overlay-economictimes/articleshow.jpg",2025-09-21T03:10:01Z,"The recent protests and political changes in Nepal, triggered by attempts to block social media, impart a moment to reflect on the evolution of the role of the internet in democracies.It appears that… [+6885 chars]",business
"{'id': None, 'name': 'Albuquerque Journal'}",Sean Reider / Journal Staff Writer,He dominated UCLA in New Mexico's historic win. He's also a new father,"Sep. 20—The pressure was off. As Keyshawn James-Newby warmed up and straddled the sideline before kickoff last Friday at the Rose Bowl, there was no more weight on his shoulders than a set of pads and the jersey on top. In some ways, his mind felt different. …",https://www.abqjournal.com/sports/article_3e27c954-3c3c-44e6-a43b-17e546fee208.html,https://bloximages.chicago2.vip.townnews.com/abqjournal.com/content/tncms/assets/v3/editorial/8/5a/85a8cdd8-dcab-4d3f-b05f-185d44062021/68bce54198d59.image.jpg?crop=1757%2C922%2C0%2C128&resize=1200%2C630&order=crop%2Cresize,2025-09-21T03:07:00Z,"Exclusive Business Outlook Newsletter, delivered every Monday. Designed for paid subscribers, it provides narrative coverage of local trends, industry news, and key economic updates, going beyond the… [+31 chars]",business
"{'id': 'the-times-of-india', 'name': 'The Times of India'}",Apoorva Mittal,"Shark Tank India: Deals, drama, and the art of walking away","Many deals made on Shark Tank India Season 4 didn't materialize due to disagreements over valuations, royalty terms, and existing investor concerns. Founders also cited lengthy due diligence processes, delays in funding, and improved business performance as r…",https://economictimes.indiatimes.com/industry/media/entertainment/shark-tank-india-deals-drama-and-the-art-of-walking-away/articleshow/124023411.cms,"https://img.etimg.com/thumb/msid-124023417,width-1200,height-630,imgsize-467323,overlay-economictimes/articleshow.jpg",2025-09-21T03:03:25Z,"For Savar Malhotra, founder of The House Party by Savar, a premium catering company, seeking permission from an investor to spend a five-figure amount on the business that he had started felt not onl… [+9257 chars]",business
"{'id': None, 'name': 'Tomahawk Nation'}",Jacob Lintner,“I thought they did an outstanding job in their performance:” Norvell recaps FSU’s dominant showing vs. Kent State,"Florida State took down Kent State 66-10 to move to 3-0 on the 2025 season. After the win, head coach Mike Norvell took the podium postgame to discuss the win. “A great weekend here for Florida State,” he said in his opening statement. “Family weekend, it was…",https://www.tomahawknation.com/florida-state-football-fsu-seminoles-college-cfb-acc-norvell-team-roster-schedule-game/118989/transcript-castellanos-injury-interview-video-win-recap,https://platform.tomahawknation.com/wp-content/uploads/sites/168/2025/09/BAK_5659.jpg?quality=90&strip=all&crop=0%2C0%2C100%2C78.534031413613&w=1200,2025-09-21T03:02:08Z,"Florida State took down Kent State 66-10 to move to 3-0 on the 2025 season.
After the win, head coach Mike Norvell took the podium postgame to discuss the win.
A great weekend here for Florida Stat… [+11797 chars]",business
"{'id': None, 'name': 'Ndtvprofit.com'}",Personal Finance Desk,Six Wealth Protection Hacks The Rich Use That Middle Class Misses,"A chartered accountant and also a finfluencer explained that the rich people manage their wealth differently, outlining six key ways in which the rich re-structure their earnings.",https://www.ndtvprofit.com/personal-finance/six-wealth-protection-hacks-the-rich-use-that-middle-class-misses,https://media.assettype.com/bloombergquint%2Fimport%2Fmoney-tips_650x400_51514783142.jpg?w=1200&auto=format%2Ccompress&ogImage=true,2025-09-21T03:01:01Z,A chartered accountant has shared some simple rules that allow the rich to stay rich while the middle class risks losing everything. CA Nitin Kaushik took to social media platform X to explain that i… [+1268 chars],business
"{'id': None, 'name': 'The Denver Post'}",Sean Keeler,Keeler: CU Buffs’ Ralphie VII ran college football’s best tradition back to center stage: ‘It’s really cool to see it live’,"Deion Sanders made America stand up and pay attention to Saturdays (and some Fridays) in Boulder again. But Ralphie, bless her, was the one who put CU on the map to begin with.",https://www.denverpost.com/2025/09/20/ralphie-vii-debut-cu-buffs-football/,https://www.denverpost.com/wp-content/uploads/2025/09/DCC-L-CUWYOFB80.jpg?w=1024&h=683,2025-09-21T02:55:30Z,"BOULDER Finn’s eyes, wide and wonderful, twinkled under the Mile High moonlight as the young girl took the stage for the first time.
“So this,” Finn’s brother Beckett explained beneath him, softly, … [+4439 chars]",business
"{'id': None, 'name': 'Ndtvprofit.com'}",Khushi Maheshwari,'We Are Receptive To Feedback': Urban Company CEO On The 'Insta Maids' Controversy,"Abhiraj Bhal, co-founder and CEO of Urban Company spoke about his decision to revise the name of popular service provided by the company to 'Insta Help' from 'Insta Maids' and said, ""We got some feedback and we are receptive to feedback as a company"". He told…",https://www.ndtvprofit.com/business/we-are-receptive-to-feedback-urban-company-ceo-on-the-insta-maids-controversy,https://media.assettype.com/bloombergquint%2F2025-03-18%2F53e22sif%2Fpexels-liliana-drew-9462736.jpg?w=1200&auto=format%2Ccompress&ogImage=true,2025-09-21T02:53:54Z,"Abhiraj Bhal, co-founder and CEO of Urban Company, spoke about his decision to revise the name of the popular service provided by the company to 'Insta Help' from 'Insta Maids' and said, ""We got some… [+1676 chars]",business
"{'id': None, 'name': 'Sportsnaut'}",Sportsnaut,Week 5 College Football Rankings: Latest Top 25 Rankings after Week 4,"Many of the best college football teams in 2025 enjoyed some time off in Week 4, including the Ohio State",https://sportsnaut.com/college-football/week-5-college-football-rankings-top-25-rankings-after-week-4/,https://s.yimg.com/ny/api/res/1.2/1tdKoxGqFEqQ.AavS1puQQ--/YXBwaWQ9aGlnaGxhbmRlcjt3PTEyMDA7aD03NTg7Y2Y9d2VicA--/https://media.zenfs.com/en/sportsnaut_articles_397/ab661a9eb41ec8cfc8db2bec8ac15409,2025-09-21T02:52:03Z,"Many of the best college football teams in 2025 enjoyed some time off in Week 4, including the Ohio State Buckeyes, Georgia Bulldogs and Penn State Nittany Lions. So, Saturday provided a golden oppor… [+16045 chars]",business
"{'id': None, 'name': 'The Hockey News'}",Michael Whitaker,From The Archives: Can Bowman Build A Winner?,"The Hockey News has released its archive to all THN subscribers: 76 years of history, stories, and features.",https://thehockeynews.com/nhl/detroit-red-wings/players/from-the-archives-can-bowman-build-a-winner,https://deweb-519a7.b-cdn.net/post-images/8d78b59c-d9a8-4008-ad21-6c9e5ba7a6c8.jpeg,2025-09-21T02:51:37Z,"The Hockey News has released its archive to all THN subscribers: 76 years of history, stories, and features.
Subscribe now to view the full THN Archives here
Also, go to thn.com/free to subscribe.… [+4011 chars]",business
"{'id': None, 'name': 'Onefootball.com'}",,​ Match of the week: starting XIs for Rayados and América,The Saturday matchday will close with a flourish when the current leader of the competition hosts the Águilas del América at home. América arrives with the bitter taste of defeat after losing the C...,https://onefootball.com/en/news/match-of-the-week-starting-xis-for-rayados-and-america-41694590,https://photobooth-api.onefootball.com/api/screenshot/%2Fv2%2Fphotobooth%2Fcms%2Fen%2F41694590%3Fdate=2025-09-21,2025-09-21T02:45:00Z,"The Saturday matchday will close with a flourish when the current leader of the competition hosts the Águilas del América at home.
América arrives with the bitter taste of defeat after losing the Cl… [+473 chars]",business
"{'id': None, 'name': 'Pmcarpenter.com'}",pmcarp4,How To Succeed in Corruption Without Really Trying,"Tom Homan, Trump's ""Border Czar,"" met last summer with undercover FBI agents posing as business contractors. He was then running a private firm, Homeland Strategic Consulting, whose pitch was that it could ""open doors"" for border security companies seeking to…",https://www.pmcarpenter.com/post/how-to-succeed-in-corruption-without-really-trying,"https://static.wixstatic.com/media/62eb12_e832600cf1a34e7aa8ac8ca53609d9b9~mv2.png/v1/fill/w_564,h_463,al_c,lg_1,q_85/62eb12_e832600cf1a34e7aa8ac8ca53609d9b9~mv2.png",2025-09-21T02:42:55Z,"Tom Homan, Trump's ""Border Czar,"" met last summer with undercover FBI agents posing as business contractors. He was then running a private firm, Homeland Strategic Consulting, whose pitch was that it… [+2663 chars]",business
"{'id': None, 'name': 'Modernretail.co'}",blindriver,Amazon to end commingling after years of complaints from brands and sellers,"Article URL: https://www.modernretail.co/operations/amazon-to-end-commingling-program-after-years-of-complaints-from-brands-and-sellers/
Comments URL: https://news.ycombinator.com/item?id=45319463
Points: 39
# Comments: 3",http://www.modernretail.co/operations/amazon-to-end-commingling-program-after-years-of-complaints-from-brands-and-sellers/,https://www.modernretail.co/wp-content/uploads/sites/5/2024/10/Evergreen-illustration-4_MR.png,2025-09-21T02:23:59Z,Amazon revealed at its annual Accelerate seller conference in Seattle that it is shutting down its long-running commingling program a move that drew louder applause from sellers than any other update… [+3277 chars],business
"{'id': 'abc-news-au', 'name': 'ABC News (AU)'}",Freya Jetson,Emotions run high as keepers play matchmaker in croc breeding season,"It's crocodile breeding season and at one central Queensland farm, the drama is on par with a reality television dating show as keepers try to work out the best pairings.",https://www.abc.net.au/news/2025-09-21/crocodiles-on-the-move-breeding-season-arrives-north-australia/105766898,https://live-production.wcms.abc-cdn.net.au/a7613e835e0ae0f8970faffbca1664a8?impolicy=wcms_watermark_news&cropH=2467&cropW=4385&xPos=0&yPos=825&width=862&height=485&imformat=generic,2025-09-21T02:22:14Z,"As the weather starts to warm up in Queensland, crocodiles are looking for love.
In the wild, they're crossing rivers, coastlines and creeks to find new territory ahead of breeding season.
But at t… [+5442 chars]",business
"{'id': 'financial-post', 'name': 'Financial Post'}",GlobeNewswire,Patients Taking AUSTEDO XR® (deutetrabenazine) extended-release tablets Reported Symptom Improvement and High Satisfaction,"Of the 209 patients with tardive dyskinesia (TD) that were surveyed, >94% reported movement improvement once treated with AUSTEDO XR® (deutetrabenazine) extended-release tablets Patients reported high satisfaction (>89%) with AUSTEDO XR, with 96% expressing i…",https://financialpost.com/globe-newswire/patients-taking-austedo-xr-deutetrabenazine-extended-release-tablets-reported-symptom-improvement-and-high-satisfaction,,2025-09-21T02:18:49Z,"<ul><li>Of the 209 patients with tardive dyskinesia (TD) that were surveyed, &gt;94% reported movement improvement once treated with AUSTEDO XR® (deutetrabenazine) extended-release tablets</li><li>Pa… [+5757 chars]",business
"{'id': None, 'name': '7NEWS.com.au'}",7news,"7NEWS Spotlight goes inside Australia’s ADHD explosion: Doctors, families and experts lift lid on disorder | 7NEWS","7NEWS Spotlight goes inside Australia’s ADHD explosion: Doctors, families and experts lift lid on disorder | 7NEWS7news.com.au",https://7news.com.au/news/7news-spotlight-goes-inside-australias-adhd-explosion-doctors-families-and-experts-lift-lid-on-disorder-c-20091627,https://images.7news.com.au/publication/C-20091627/e63e35547f2f63c69625bbead61e76ec1e3128d9-16x9-x0y0w1280h720.jpg?imwidth=1200,2025-09-21T02:18:03Z,"Theyre peppered among the dog videos, dances and meal prep.
13 ways to spot ADHD in women They will have a violent hatred towards big spoons, loud chewers and slow walkers, the podcaster tells his 4… [+1831 chars]",business
"{'id': None, 'name': 'Biztoc.com'}",reuters.com,Wall St Week Ahead: US housing shares shine as Fed restarts rate cuts,,https://biztoc.com/x/4b3d100299691ae8,https://biztoc.com/cdn/950/og.png,2025-09-21T02:16:35Z,"{ window.open(this.href, '_blank'); }, 200); return false;""&gt;What impact will Trump's $100K H-1B visa fee have? { window.open(this.href, '_blank'); }, 200); return false;""&gt;How did the Fed's rece… [+770 chars]",business
"{'id': None, 'name': 'GlobeNewswire'}",Teva Pharmaceutical Industries Ltd,Patients Taking AUSTEDO XR® (deutetrabenazine) extended-release tablets Reported Symptom Improvement and High Satisfaction,"PARSIPPANY, N.J. and TEL AVIV, Israel, Sept. 20, 2025 (GLOBE NEWSWIRE) -- Teva Pharmaceuticals, a U.S. affiliate of Teva Pharmaceutical Industries Ltd. (NYSE and TASE: TEVA), today announced the presentation of data from a real-world survey of patients taking…",https://www.globenewswire.com/news-release/2025/09/21/3153529/0/en/Patients-Taking-AUSTEDO-XR-deutetrabenazine-extended-release-tablets-Reported-Symptom-Improvement-and-High-Satisfaction.html,https://ml-eu.globenewswire.com/Resource/Download/c2001734-949b-4cc2-8021-b4b64eda1f13,2025-09-21T02:16:00Z,"<ul><li>Of the 209 patients with tardive dyskinesia (TD) that were surveyed, &gt;94% reported movement improvement once treated with AUSTEDO XR® (deutetrabenazine) extended-release tablets</li><li>Pa… [+11853 chars]",business
"{'id': None, 'name': 'Forbes'}","Doug Melville, Contributor, 
 Doug Melville, Contributor
 https://www.forbes.com/sites/dougmelville/","Want To Be American? For $1 Million, The ‘Trump Gold Card’ Visa Will Now Allow Entry",How much will it cost to become a “lawful permanent resident” of the United States? $1 Million to $5 Million depending on the 'Trump Gold Card' suits you best.,https://www.forbes.com/sites/dougmelville/2025/09/20/want-to-be-american-for-1-million-the-trump-gold-card-visa-will-now-allow-entry/,https://imageio.forbes.com/specials-images/imageserve/68cf3da25946b7e38330b476/0x0.jpg?format=jpg&height=900&width=1600&fit=bounds,2025-09-21T02:15:30Z,"WASHINGTON, DC - SEPTEMBER 19: A poster of the Trump Gold Card is seen as President Donald Trump delivers remarks in the Oval Office at the White House on September 19, 2025 in Washington, DC. The Tr… [+7062 chars]",business
"{'id': None, 'name': 'Economictimes.com'}",iStock,"From mouthwash to sugar, doctor explains how 5 ordinary daily habits could be harming your heart","We often blame butter, fried food, or red meat for poor heart health, but what if the real culprits are hiding in our daily routines? According to a TOI report, wellness expert Dr Eric Berg has warned that a decline in nitric oxide levels in the body could be…",https://m.economictimes.com/news/india/from-mouthwash-to-sugar-doctor-explains-how-5-ordinary-daily-habits-could-be-harming-your-heart/doctor-reveals-hidden-heart-risks-in-everyday-habits/slideshow/124024291.cms,"https://img.etimg.com/thumb/msid-124024291,width-1070,height-580,overlay-economictimes/slideshow.jpg",2025-09-21T05:16:21Z,"Sep 21, 2025, 10:46:39 AM IST
We often blame butter, fried food, or red meat for poor heart health, but what if the real culprits are hiding in our daily routines? According to a TOI report, wellnes… [+2686 chars]",health
"{'id': None, 'name': 'YouTube'}",,Over 60? These 5 Exercises Are Better Than Walking — Surgeon Approved! | Senior Health Tips,Over 60? These 5 Exercises Are Better Than Walking — Surgeon Approved! | Senior Health Tipsyoutube.com,https://www.youtube.com/supported_browsers?next_url=https%3A%2F%2Fwww.youtube.com%2Fwatch%3Fv%3DAdo6dItMebE,,2025-09-21T05:15:01Z,"Your browser isnt supported anymore. Update it to get the best YouTube experience and our latest features. Learn more
Remind me later",health
"{'id': None, 'name': 'ETF Daily News'}",MarketBeat News,Head-To-Head Survey: Quipt Home Medical (NASDAQ:QIPT) and EssilorLuxottica (OTCMKTS:ESLOY),"Quipt Home Medical (NASDAQ:QIPT – Get Free Report) and EssilorLuxottica (OTCMKTS:ESLOY – Get Free Report) are both medical companies, but which is the better investment? We will contrast the two businesses based on the strength of their dividends, earnings, i…",https://www.etfdailynews.com/2025/09/21/head-to-head-survey-quipt-home-medical-nasdaqqipt-and-essilorluxottica-otcmktsesloy/,https://www.americanbankingnews.com/wp-content/timthumb/timthumb.php?src=https://www.marketbeat.com/logos/essilorluxottica-société-anonyme-logo-1200x675.png?v=20240530101557&w=240&h=240&zc=2,2025-09-21T05:14:48Z,"Quipt Home Medical (NASDAQ:QIPT – Get Free Report) and EssilorLuxottica (OTCMKTS:ESLOY – Get Free Report) are both medical companies, but which is the better investment? We will contrast the two busi… [+5745 chars]",health
"{'id': None, 'name': 'RNZ'}",Rnz News,Health Minister Simeon Brown announces $100 million for hospital upgrades,"The investment includes 21 projects aimed at improving clinical spaces, as well as infrastructure improvements at hospitals.",https://www.rnz.co.nz/news/national/573680/health-minister-simeon-brown-announces-100-million-for-hospital-upgrades,https://media.rnztools.nz/rnz/image/upload/s--oZ6VObLh--/t_tohu-badge-facebook/v1741659576/4KAPMTC_RNZD9974_jpg?_a=BACCd2AD,2025-09-21T05:12:01Z,"Health Minister Simeon Brown said the investment was aimed at providing resilient hospitals (file photo). Photo: RNZ / REECE BAKER
The government has announced a $100 million boost to upgrade clinic… [+3619 chars]",health
"{'id': None, 'name': '7NEWS.com.au'}",Sarah Keszler,Smooshed Wholefood and Protein Balls recalled after pieces of metal found inside popular snack,Smooshed Wholefood and Protein Balls recalled after pieces of metal found inside popular snack7news.com.au,https://7news.com.au/news/smooshed-wholefood-and-protein-balls-recalled-after-pieces-of-metal-found-inside-popular-snack-c-20094096,https://images.7news.com.au/publication/C-20094096/792ccb26ac8c50e4130fb398590fb3851b4df280-16x9-x0y0w1280h720.png?imwidth=1200,2025-09-21T05:11:47Z,"A popular snack has been recalled after pieces of metal were found inside the health treat.
The Australian Competition and Consumer Commission (ACCC) issued the recall of Smooshed Wholefood and Prot… [+1431 chars]",health
"{'id': None, 'name': 'ETF Daily News'}",MarketBeat News,Promising Growth Stocks To Add to Your Watchlist – September 19th,"Circle Internet Group, Novo Nordisk A/S, Welltower, Blackstone, BlackRock, Prologis, and Apollo Global Management are the seven Growth stocks to watch today, according to MarketBeat’s stock screener tool. Growth stocks are shares of companies expected to deli…",https://www.etfdailynews.com/2025/09/21/promising-growth-stocks-to-add-to-your-watchlist-september-19th/,https://www.americanbankingnews.com/wp-content/timthumb/timthumb.php?src=https://www.marketbeat.com/logos/circle-internet-group-inc-logo-1200x675.png?v=20250610055011&w=240&h=240&zc=2,2025-09-21T05:11:12Z,"Circle Internet Group, Novo Nordisk A/S, Welltower, Blackstone, BlackRock, Prologis, and Apollo Global Management are the seven Growth stocks to watch today, according to MarketBeat’s stock screener … [+3738 chars]",health
"{'id': None, 'name': 'ETF Daily News'}",MarketBeat News,Willis Towers Watson Public (NASDAQ:WTW) to Buyback $1.50 billion in Outstanding Shares,"Willis Towers Watson Public (NASDAQ:WTW – Get Free Report) declared that its Board of Directors has initiated a share repurchase program on Thursday, September 18th, RTT News reports. The company plans to repurchase $1.50 billion in outstanding shares. This r…",https://www.etfdailynews.com/2025/09/21/willis-towers-watson-public-nasdaqwtw-to-buyback-1-50-billion-in-outstanding-shares/,https://www.americanbankingnews.com/wp-content/timthumb/timthumb.php?src=https://www.marketbeat.com/logos/willis-towers-watson-public-limited-co-logo-1200x675.png?v=20220114143806&w=240&h=240&zc=2,2025-09-21T05:10:49Z,"Willis Towers Watson Public (NASDAQ:WTW – Get Free Report) declared that its Board of Directors has initiated a share repurchase program on Thursday, September 18th, RTT News reports. The company pla… [+4442 chars]",health
"{'id': None, 'name': 'DW (English)'}",Cathrin Schaer,What will recognizing Palestine as a state actually achieve?,"Several European countries plan to recognize Palestine as a state at the UN. Israel and its allies call the designation ""political theater."" Supporters of Palestinian rights say formal recognition is just the first step.",https://www.dw.com/en/what-will-recognizing-palestine-as-a-state-actually-achieve/a-74047802,https://static.dw.com/image/74036288_6.jpg,2025-09-21T05:06:00Z,"On Monday, the UN General Assembly in New York will hold a special summit on the war in the Gaza Strip. It is a continuation of a diplomatic project led by France and Saudi Arabia to push for the rev… [+6849 chars]",health
"{'id': None, 'name': 'Starcommunity.com.au'}",Jin Hui,RSL surprised by vanished Lone Pine,A significant Lone Pine tree tracing back to the Gallipoli 1915 military campaign has been removed by Greater Dandenong Council. The tree in a council-owned memorial garden in front of the Noble Park RSL was seen during the Anzac Day ceremony this year. Howev…,https://berwicknews.starcommunity.com.au/news/2025-09-21/rsl-surprised-by-vanished-lone-pine/,https://berwicknews.starcommunity.com.au/files/2025/09/lone_504621_01.jpg,2025-09-21T05:01:18Z,"A significant Lone Pine tree tracing back to the Gallipoli 1915 military campaign has been removed by Greater Dandenong Council.
The tree in a council-owned memorial garden in front of the Noble Par… [+3306 chars]",health
"{'id': 'the-times-of-india', 'name': 'The Times of India'}",Divyadeep Singh,"‘Don’t want to wait any longer’: Trump to make ‘big’ announcement on Autism, why is this brain development condition a matter of concern in the US; all you need to know",Donald Trump will make an announcement related to autism on Monday. Health Secretary Robert F. Kennedy Jr. suggests a link between Tylenol use during pregnancy and autism. Autism diagnoses have risen significantly since 2000. Trump also mentioned that Mehmet …,https://economictimes.indiatimes.com/news/international/us/dont-want-to-wait-any-longer-trump-to-make-big-announcement-on-autism-why-is-this-brain-development-condition-a-matter-of-concern-in-the-us-all-you-need-to-know/articleshow/124024136.cms,"https://img.etimg.com/thumb/msid-124024128,width-1200,height-630,imgsize-173830,overlay-economictimes/articleshow.jpg",2025-09-21T05:00:28Z,"US President Donald Trump said on Saturday (September 20, 2025) that his administration would make an announcement regarding autism on Monday (September 22, 2025). He, however, declined to offer spec… [+2952 chars]",health
"{'id': 'rte', 'name': 'RTE'}",Harry Guerin,Cillian Murphy salutes Irish teachers in new film Steve,"It's three out of three for Cillian Murphy - a hat-trick of must-see performances in a row. First, there was his Oscar-winning turn in 2023's Oppenheimer, then last year's Small Things Like These, and now the school-based drama Steve.",https://www.rte.ie/entertainment/2025/0921/1534419-cillian-murphy-salutes-irish-teachers-in-new-film-steve/,https://www.rte.ie/images/00233194-1600.jpg,2025-09-21T05:00:02Z,"It's three out of three for Cillian Murphy - a hat-trick of must-see performances in a row. First, there was his Oscar-winning turn in 2023's Oppenheimer, then last year's Small Things Like These, an… [+6058 chars]",health
"{'id': 'the-irish-times', 'name': 'The Irish Times'}",Niamh O’Donoghue,Woman says ex-partner demanded money and threatened to publish photos of her undressing,"In separate Dublin Family Court case, a man gets protection order against mother of his children",https://www.irishtimes.com/crime-law/courts/2025/09/21/woman-says-ex-partner-demanded-money-and-threatened-to-publish-photos-of-her-undressing/,https://www.irishtimes.com/resizer/v2/JKE2I7ILBEELRL5RAN7OREMHQQ.jpg?smart=true&auth=a56cde68833c02800613e78678bc0f135b69d796c2172555479fc3b320761c29&width=1200&height=630,2025-09-21T05:00:01Z,"A woman has been granted a temporary protection order after telling a court her ex-partner has been trying to cut off her life outside the home. 
Dublin District Family Court heard on Friday how the… [+3593 chars]",health
"{'id': 'the-irish-times', 'name': 'The Irish Times'}",Steven Carroll,"HSE, Ireland’s largest employer, choosing its next chief executive","Plus: Malachy McCourt faces ‘public hanging’ in New York, a leafy problem for Irish Rail, and Barack Obama makes a well-timed visit to Dublin",https://www.irishtimes.com/ireland/2025/09/21/irelands-largest-employer-mulls-over-next-chief-executive/,https://www.irishtimes.com/resizer/v2/LMJ5R6OI55HU5CKQ7GWNNL4ZGE.JPG?smart=true&auth=af6aed2380cbe2bab45de373cdbf54dbdb02f0345c9a844f4a94c2783a6954c7&width=1200&height=630,2025-09-21T05:00:00Z,"The process to select the next chief executive of Irelands largest employer, with a workforce of more than 148,000 full-time equivalents and a budget of 26.9 billion for this year, is moving along.
… [+6257 chars]",health
"{'id': 'the-irish-times', 'name': 'The Irish Times'}",Shauna Bowers,Sea swimming: How safe is it to take plunge beyond the summer in Ireland?,"The rise of open-water swimming offers benefits, but experts warn of hidden dangers in winter seas",https://www.irishtimes.com/health/2025/09/20/sea-swimming-how-safe-is-it-to-take-plunge-beyond-the-summer-in-ireland/,https://www.irishtimes.com/resizer/v2/QUOA3E5IPVDTHJONMK7CV4EOMM.jpg?smart=true&auth=4626e2d5d2acaa5c603e38581fceb067fb2cd1c391c92f20dc58e013e17ed1de&width=1200&height=630,2025-09-21T05:00:00Z,"Its just after 8am at Low Rock Beach in Malahide, north Co Dublin, and a group of people are setting up plastic chairs. There are bags filled with towels, swimming hats and wetsuit booties on the gro… [+7860 chars]",health
"{'id': None, 'name': 'The-independent.com'}",Adam White,Charlie Sheen: ‘I put good and decent people through hell’,"Now nearly eight years sober, the ‘Wall Street’ and ‘Two and a Half Men’ star has written a harrowing yet wildly funny memoir about his life so far. He speaks to Adam White about sex, death, addiction, and the disturbing Corey Haim allegation that just won’t …",https://www.the-independent.com/arts-entertainment/books/features/charlie-sheen-interview-memoir-netflix-b2829878.html,https://static.the-independent.com/2025/09/19/12/09/AP25252062850052.jpeg?width=1200&height=800&crop=1200:800,2025-09-21T05:00:00Z,"Your support helps us to tell the story
From reproductive rights to climate change to Big Tech, The Independent is on the ground when the story is developing. Whether it's investigating the financia… [+14368 chars]",health
"{'id': 'the-irish-times', 'name': 'The Irish Times'}",Linden MacIntyre,Churchill’s enforcer in Ireland - Who was Hugh Tudor?,"For four years he fought German soldiers on the Western Front, but in two years fighting Irish rebels, his heroism soured to notoriety",https://www.irishtimes.com/culture/books/2025/09/21/churchills-enforcer-in-ireland-who-was-hugh-tudor/,https://www.irishtimes.com/resizer/v2/7Z5REO6G35WVADLQDLJHEM4HUE.jpg?smart=true&auth=dadc3474211b250c0bb4af09e430ab07eaa11f4f237a9bc22e2841597d1d62ee&width=1200&height=630,2025-09-21T05:00:00Z,"During one of the most consequential political negotiations of the 20th century, in August 1941 the British prime minister Winston Churchill asked for a recess so he could reconnect with an old army … [+6614 chars]",health
"{'id': None, 'name': 'The Japan Times'}",Bill Gates,The world needs Japan’s leadership in life sciences,"For decades now, Japan has understood the value of global health investment better than almost any other country on the planet.",https://www.japantimes.co.jp/commentary/2025/09/21/japan/world-life-sciences-need-japan/,https://www.japantimes.co.jp/japantimes/uploads/images/2025/09/21/495062.jpg?v=3.1,2025-09-21T04:55:00Z,"Recently, I visited Japan and spoke with some of your countrys top leaders in government and in the life sciences sector.
While I was there, I made a case Ive been making to leaders everywhere I go,… [+555 chars]",health
"{'id': None, 'name': 'Cairnsnews.org'}",Cairnsnews,"WA's Health Act is draconian, totalitarian legislation of the worst type - www.cairnsnews.org","WESTERN Australia’s Public Health Act 2016, section 158, is a recipe for totalitarian control of the population of the worst type – something equivalent to the East German Stasi’s terrorism of suspected dissenters among the population. Section 158 says, in pl…",https://cairnsnews.org/2025/09/21/was-health-act-is-draconian-totalitarian-legislation-of-the-worst-type/,https://cairnsnews.org/wp-content/uploads/2025/09/WA-Upper-House-in-session.png,2025-09-21T04:53:44Z,"WESTERN Australia’s Public Health Act 2016, section 158, is a recipe for totalitarian control of the population of the worst type – something equivalent to the East German Stasi’s terrorism of suspec… [+5200 chars]",health
"{'id': 'the-times-of-india', 'name': 'The Times of India'}",ANI,"Request everybody, don't take risk: Shashi Tharoor on rising cases of brain-eating amoeba in Kerala","Amid rising concerns in Kerala, Congress MP Shashi Tharoor has urged the public to avoid swimming in freshwater due to the increasing cases of amoebic meningoencephalitis. Kerala has reported 69 cases this year, with 19 fatalities. Health Minister Veena Georg…",https://economictimes.indiatimes.com/news/india/request-everybody-dont-take-risk-shashi-tharoor-on-rising-cases-of-brain-eating-amoeba-in-kerala/articleshow/124024069.cms,"https://img.etimg.com/thumb/msid-124024075,width-1200,height-630,imgsize-24464,overlay-economictimes/articleshow.jpg",2025-09-21T04:48:02Z,"Congress MP Shashi Tharoor on Sunday expressed deep concern over rising cases of amoebic meningoencephalitis that have emerged in Kerala, requesting the public not to swim in freshwater.Kerala has re… [+2458 chars]",health
"{'id': None, 'name': 'BusinessLine'}",Anshuman   Panda,"For small farmers, a levelled farm means a fair chance","How land levelling shapes productivity and resilience — it should be recognised as a critical tool that improves efficiency, supports crop diversification, and strengthens the economic stability of rural households",https://www.thehindubusinessline.com/economy/agri-business/for-small-farmers-a-levelled-farm-means-a-fair-chance/article70074288.ece,https://bl-i.thgim.com/public/incoming/ra275q/article70076418.ece/alternates/LANDSCAPE_1200/KIHVB_28-2-2010_15-0-28_PADDY_MECHANISATION_1.JPG,2025-09-21T04:45:00Z,"Across rural India, a farmers harvest can often be decided by something as basic as the slope of their land. Uneven terrain, marked by dips, rises, and undulating patches, creates stark challenges fo… [+5217 chars]",health
"{'id': None, 'name': 'Slashdot.org'}",feedfeeder,How to get a COVID-19 shot and ensure it's covered by your insurance - Yahoo,"How to get a COVID-19 shot and ensure it's covered by your insuranceYahoo How to get a COVID-19 shot and ensure it’s covered by your insuranceAP News Insurance trade group says COVID, flu vaccines covered through 2026CIDRAP Major health insurer group says mem…",https://slashdot.org/firehose.pl?op=view&amp;id=179418682,,2025-09-21T04:32:51Z,The Fine Print: The following comments are owned by whoever posted them. We are not responsible for them in any way.,health
"{'id': None, 'name': 'Independent.ie'}",Lynne Kelleher,"People over 50 must increase their exercise every year for good health, says ageing expert","People over 50 must increase their exercise every year to stay in good health, Ireland’s leading expert on ageing has advised.",https://www.independent.ie/irish-news/people-over-50-must-increase-their-exercise-every-year-for-good-health-says-ageing-expert/a924393570.html,https://focus.independent.ie/thumbor/vc48wGmox0tj256YQNZ8paLmMCA=/83x0:1697x1076/629x0/prod-mh-ireland/089f0609-910e-487e-82d8-87b243f9170f/78939eba-6ba4-4e13-9fa3-9fd1ca90d5df/089f0609-910e-487e-82d8-87b243f9170f.jpg,2025-09-21T04:30:00Z,"Experts project that over the next 15 years there will be a fivefold increase in disability
People over 50 must increase their exercise every year to stay in good health, Irelands leading expert on … [+241 chars]",health
"{'id': None, 'name': 'Independent.ie'}",Clodagh McCarthy,Your Questions: ‘Can I get a refund on a west of Ireland Airbnb that looked nothing like its photo?’,"Q My family and I just got back from a break in the west of Ireland, where we stayed at an Airbnb we’d booked some months earlier.",https://www.independent.ie/business/money/your-questions-can-i-get-a-refund-on-a-west-of-ireland-airbnb-that-looked-nothing-like-its-photo/a1826849927.html,https://focus.independent.ie/thumbor/gTWNx8mVwE2vJKHRx71Zx0IVDcI=/693x0:4911x2812/629x0/prod-mh-ireland/ae89913e-0399-4e7d-9071-a31201dc3b5f/ecfe4e6d-264f-44bc-9b5f-6ea911da92d2/ae89913e-0399-4e7d-9071-a31201dc3b5f.jpg,2025-09-21T04:30:00Z,"Q My family and I just got back from a break in the west of Ireland, where we stayed at an Airbnb wed booked some months earlier.When we arrived at the property, it looked nothing like the photos on … [+4564 chars]",health
"{'id': None, 'name': 'Independent.ie'}",Sarah Slater,"‘Slightly worn’ ticket for Bloody Sunday match at Croke Park could fetch €4,000","An entrance ticket to Croke Park for what was to become known as Bloody Sunday has come up for auction with a guide price of €3,000 to €4,000.",https://www.independent.ie/irish-news/slightly-worn-ticket-for-bloody-sunday-match-at-croke-park-could-fetch-4000/a685305496.html,https://focus.independent.ie/thumbor/Oj94EhzHXKE67cJHMqYKgVz-CNQ=/629x460/smart/prod-mh-ireland/bebae147-82b4-4500-920b-4575a86fa456/82230b46-e9cb-43ca-bb11-dca589588e9b/SN%201144.jpg,2025-09-21T04:30:00Z,"Auction next month also includes Dr Noel Brownes copy of the 1916 Proclamation with a guide price of up to 150,000
An entrance ticket to Croke Park for what was to become known as Bloody Sunday has … [+2785 chars]",health
"{'id': None, 'name': 'Economictimes.com'}",Agencies,Is cheese good for your gut? Here’s what experts say,"Should you eat cheese? Dr Pal in a recent social media post shared his take on the cheese dilemma. According to him, cheese isn’t just a delicious addition to meals, it can actually benefit your gut when consumed in the proper way. Here are the key things you…",https://m.economictimes.com/news/india/is-cheese-good-for-your-gut-heres-what-experts-say/cheese-can-be-healthy-if-you-eat-it-this-way/slideshow/123969963.cms,"https://img.etimg.com/thumb/msid-123969963,width-1070,height-580,overlay-economictimes/slideshow.jpg",2025-09-21T04:30:00Z,"Sep 18, 2025, 02:05:38 PM IST
Should you eat cheese? Dr Pal
 in a recent social media post shared his take on the cheese dilemma. According to him, cheese isn’t just a delicious addition to meals, … [+2715 chars]",health
"{'id': None, 'name': 'Independent.ie'}",Irish Independent,Israel intensifies strikes on Gaza city as pressure of relentless war forces Palestinians to flee attacks,"Israeli strikes killed at least 14 people overnight in Gaza city, health officials said, as Israel ramps up its offensive to force Palestinians to leave.",https://www.independent.ie/world-news/middle-east/israel-intensifies-strikes-on-gaza-city-as-pressure-of-relentless-war-forces-palestinians-to-flee-attacks/a1579834626.html,https://focus.independent.ie/thumbor/_GzZMWnWiiiH-aOzIlLILQ7nT3A=/629x460/smart/prod-mh-ireland/95a6ca36-e1c6-47f3-bd50-fff99927146a/3082b8d7-1c55-422a-9142-5d3b52f4fa43/ISRAEL%20Gaz%20%282%29.jpg,2025-09-21T04:30:00Z,"Israeli strikes killed at least 14 people overnight in Gaza city, health officials said, as Israel ramps up its offensive to force Palestinians to leave.The strikes come as some Western countries are… [+4521 chars]",health
"{'id': None, 'name': 'CNA'}",,Thousands take to streets as Philippines protests flood control fraud,MANILA: Thousands of Filipinos gathered on Sunday (Sep 21) in Manila to express their anger over a ballooning scandal involving bogus flood-control projects believed to have cost taxpayers billions of dollars.Rage over the so-called,https://www.channelnewsasia.com/asia/philippines-protests-flood-control-fraud-5360296,"https://dam.mediacorp.sg/image/upload/s--wNJuIABV--/c_fill,g_auto,h_676,w_1200/f_auto,q_auto/v1/mediacorp/cna/image/2025/09/21/000_769k46z_1_1.jpg?itok=6MQ-4Bhw",2025-09-21T04:26:00Z,MANILA: Thousands of Filipinos gathered on Sunday (Sep 21) in Manila to express their anger over a ballooning scandal involving bogus flood-control projects believed to have cost taxpayers billions o… [+1130 chars],health
"{'id': None, 'name': 'The Straits Times'}",,"Too many bowls? Ramen lovers may face higher health risks, study suggests",The researchers say the findings are not statisically strong enough to label ramen a danger. Read more at straitstimes.com. Read more at straitstimes.com.,https://www.straitstimes.com/asia/east-asia/too-many-bowls-ramen-lovers-may-face-higher-health-risks-study-suggests,https://cassette.sphdigital.com.sg/image/straitstimes/6c25cb3aa192f8ec0936cc79184a35c713e93541eaf269913d99f5cc3f4b5a2c,2025-09-21T04:25:35Z,"In Japans ramen-loving heartland, researchers have stirred the pot with a study suggesting that slurping down the beloved noodle dish three or more times a week might carry health risks. 
The study,… [+1800 chars]",health
"{'id': None, 'name': 'The Star Online'}",The Star Online,Why number of babies born in Hong Kong could drop to near-record low in 2025,"Number of registered births in the first seven months fell 8 per cent, suggesting full-year figure could be near 2022 low Read full story",https://www.thestar.com.my/aseanplus/aseanplus-news/2025/09/21/why-number-of-babies-born-in-hong-kong-could-drop-to-near-record-low-in-2025,https://apicms.thestar.com.my/uploads/images/2025/09/21/3530916.jpg,2025-09-21T04:21:00Z,"The number of babies born in Hong Kong is likely to drop in 2025 after increasing for the previous two years, with the figure potentially returning to near the record low of 2022, a Post analysis has… [+4036 chars]",health
"{'id': None, 'name': 'New Zealand Herald'}",Imogene Bedford,"Unauthorised Kanye West documentary released; features Elon Musk, Drake and Charlie Kirk",Director Nico Ballesteros filmed 3000 hours of Kanye West's life.,https://www.nzherald.co.nz/entertainment/unauthorised-kanye-west-documentary-released-features-elon-musk-drake-and-charlie-kirk/YDJ4BTG3XNAQ3KIHD6T4NUDKCQ/,https://www.nzherald.co.nz/resizer/v2/WP67HN7NSRFGFBXUQ43VF7P3AQ.png?auth=9aa65479a0605f3000ade1c9a83db721acfca361d0dd7b8dc91b49a8c1d82e54&width=1200&height=675&quality=70&focal=247%2C112&smart=false,2025-09-21T04:19:35Z,"So are you and Kim, like, off and on, or something, Musk asks, referring to Wests now ex-wife, Kim Kardashian.
Though the Runaway singer doesnt answer, Musk goes on to disclose details about his own… [+1348 chars]",health
"{'id': None, 'name': 'Thenightly.com.au'}",The Nightly,Trump flags 'important' announcement on autism findings,"Donald Trump has flagged an announcement on autism, predicting ‘it's gonna be one of the most important things that we will do’.",https://thenightly.com.au/society/health/trump-flags-important-announcement-on-autism-findings-c-20093130,https://images.thenightly.com.au/publication/C-20093130/4953ed593f9156a14202b2f144e43c485dd190d6-16x9-x0y315w5410h3043.jpg?imwidth=1200,2025-09-21T04:08:32Z,"US President Donald Trump says his administration is poised to make an announcement about its autism findings.
Were going to have an announcement on autism on Monday, Trump said at a dinner hosted b… [+1853 chars]",health
"{'id': None, 'name': 'Sporting News'}",Colin Keane,Celtics' Al Horford tops list of best available NBA free agents,"Al Horford likely isn't returning to the Boston Celtics, but he's not the only valuable free agent still unsigned.",https://www.sportingnews.com/us/nba/boston-celtics/news/celtics-al-horford-tops-list-best-available-nba-free-agents/05a5045702649b5b614758e9,https://library.sportingnews.com/styles/crop_style_16_9_desktop_webp/s3/2024-05/nba-plain--59c699a6-d09f-4b69-81f9-b675ecf1dd16.jpeg.webp?itok=JmjWj8Kv,2025-09-21T04:07:53Z,"As the 2025-26 NBA season draws near, a host of unsigned unrestricted free agents linger on the market, presenting opportunities for teams to add veteran savvy or untapped potential at minimal cost. … [+2274 chars]",health
"{'id': None, 'name': 'New Atlas'}",Paul McClure,"Retirement boosts mental health, but not for everyone","Retirement can boost mental health, but not for everyone. A new study shows that income, gender, and job type influence whose well-being flourishes and who struggles once the 9-to-5 workdays are ended.Continue ReadingCategory: Wellness and Healthy Living, Bod…",https://newatlas.com/health-wellbeing/mental-health-post-retirement/,https://assets.newatlas.com/dims4/default/ea0153c/2147483647/strip/true/crop/2000x1050+0+38/resize/1200x630!/quality/90/?url=https%3A%2F%2Fnewatlas-brightspot.s3.amazonaws.com%2Fb8%2Fb1%2Fafa0636b45d5b245d2d35b287032%2Fdepositphotos-9757984-l.jpg&na.image_optimisation=0,2025-09-21T04:03:00Z,"Retirement can boost mental health, but not for everyone. A new study shows that income, gender, and job type influence whose well-being flourishes and who struggles once the 9-to-5 workdays are ende… [+4778 chars]",health
"{'id': None, 'name': 'Boston Herald'}",Associated Press,Trump will lead high-profile lineup honoring Charlie Kirk at Arizona service,"President Donald Trump and prominent members of his “Make America Great Again” movement will pay tribute Sunday to conservative activist Charlie Kirk, whose slaying has marked a signal moment in America’s fraught political atmosphere.",https://www.bostonherald.com/2025/09/21/trump-will-lead-high-profile-lineup-honoring-charlie-kirk-at-arizona-service/,https://www.bostonherald.com/wp-content/uploads/2025/09/Charlie_Kirk_Memorial_52266-1.jpg?w=1024&h=683,2025-09-21T04:01:44Z,"By JONATHAN J. COOPER, EUGENE GARCIA and AAMER MADHANI
GLENDALE, Ariz. (AP) — President Donald Trump and prominent members of his “Make America Great Again” movement were paying tribute Sunday to co… [+6290 chars]",health
"{'id': None, 'name': 'Boston Herald'}",Associated Press,Trump and his MAGA movement will honor Charlie Kirk at an Arizona memorial service,"President Donald Trump and prominent members of his “Make America Great Again” movement will pay tribute Sunday to conservative activist Charlie Kirk, whose slaying has marked a signal moment in America’s fraught political atmosphere.",https://www.bostonherald.com/2025/09/21/trump-and-his-maga-movement-will-honor-charlie-kirk-at-an-arizona-memorial-service/,https://www.bostonherald.com/wp-content/uploads/2025/09/Charlie_Kirk_Memorial_52266-1.jpg?w=1024&h=683,2025-09-21T04:01:44Z,"By JONATHAN J. COOPER and AAMER MADHANI
GLENDALE, Ariz. (AP) — President Donald Trump and prominent members of his “Make America Great Again” movement will pay tribute Sunday to conservative activis… [+5737 chars]",health
"{'id': None, 'name': 'blogTO'}",Kimia Afshar Mehrabi,Here's why a group of Toronto friends just walked for 69 hours to Niagara Falls,"On the night of Sept. 1 at exactly 10:55 p.m., Trevaun Douglas took his final steps towards the U.S. border at Niagara Falls. After walking more than 141 kilometres over the span of 69 hours, he completed a journey that pushed both his physical and mental lim…",https://www.blogto.com/city/2025/09/toronto-friends-walked-69-hours-niagara-falls/,https://images.blogto.com/articles/20250916-trevaun-douglas.jpeg?w=1200&cmd=resize_then_crop&height=630&quality=70&format=jpeg,2025-09-21T04:01:00Z,"On the night of Sept. 1 at exactly 10:55 p.m., Trevaun Douglas took his final steps towards the U.S. border at Niagara Falls. After walking more than 141 kilometres over the span of 69 hours, he comp… [+5322 chars]",health
"{'id': None, 'name': 'Americanthinker.com'}",,Evil Is Real And Has Embedded Itself In The American Left,"With the assassination of Charlie Kirk, the word “evil” is being tossed around. It seems to be little more than a verbal equivalent to “fascist,” “racist,” and a handful of other words that are used without a secon...",https://www.americanthinker.com/articles/2025/09/evil_is_real_and_has_embedded_itself_in_the_american_left.html,https://images.americanthinker.com/pv/pvuixw6znciarkpdxdnx_800.jpg,2025-09-21T04:00:00Z,"With the assassination of Charlie Kirk, the word “evil” is being tossed around. It seems to be little more than a verbal equivalent to “fascist,” “racist,” and a handful of other words that are used … [+7266 chars]",health
"{'id': None, 'name': 'Americanthinker.com'}",,Take your lunch to work to save the planet?,"So now we all are supposed to take our lunch to work now, to keep the Earth green.

A Newsweek article recently stated:


Millions of Americans in Texas have been urged to take their lunch to work amid concerns over high air pollution levels.
...",https://www.americanthinker.com/blog/2025/09/take_your_lunch_to_work_to_save_the_planet.html,https://images.americanthinker.com/bl/bl8cce598bavxaukuavj_800.jpg,2025-09-21T04:00:00Z,"So now we all are supposed to take our lunch to work now, to keep the Earth green.
A Newsweek article recently stated:
Millions of Americans in Texas have been urged to take their lunch to work ami… [+2076 chars]",health
"{'id': None, 'name': 'Substack.com'}",Jj,"Comments - Day 11: Judge Dismisses Battery Charges Against Nurse Hollee McInnis, Schara v. Ascension Health","Well said, Tom. BTW, I'm a he. LOL 

Anyone trying to understand the legal system find quickly, it makes no sense. And, they're right. Some of us who dig into it and find some common threads, the main holes within, and the lies practiced against us to see act…",https://therebelpatient.substack.com/p/day-11-judge-dismisses-battery-charges/comment/127847057,"https://substackcdn.com/image/fetch/$s_!tQjS!,f_auto,q_auto:best,fl_progressive:steep/https%3A%2F%2Ftherebelpatient.substack.com%2Ftwitter%2Fsubscribe-card.jpg%3Fv%3D-301791198%26version%3D9",2025-09-21T03:55:08Z,"Well said, Tom. BTW, I'm a he. LOL 
Anyone trying to understand the legal system find quickly, it makes no sense. And, they're right. Some of us who dig into it and find some common threads, the mai… [+1326 chars]",health
"{'id': 'espn', 'name': 'ESPN'}",,Sources: Vikings' Darrisaw expected to play Sun.,"Vikings offensive tackle Christian Darrisaw (knee) and safety Harrison Smith (illness), both listed as questionable against the Bengals, are expected to make their season debuts on Sunday, sources told ESPN's Adam Schefter.",https://www.espn.com/nfl/story/_/id/46329997/christian-darrisaw-harrison-smith-play-vs-bengals-sources-say,https://a4.espncdn.com/combiner/i?img=%2Fphoto%2F2025%2F0912%2Fr1544559_1296x729_16%2D9.jpg,2025-09-21T03:50:39Z,"Sep 20, 2025, 11:40 PM ET
Minnesota Vikings offensive tackle Christian Darrisaw (knee) and safety Harrison Smith (illness), both listed as questionable against the Cincinnati Bengals, are expected t… [+478 chars]",health
"{'id': None, 'name': 'New Zealand Herald'}",Bek Day,Man’s workplace outburst led to unexpected dementia diagnosis at 54,Patrick Dare was just 54 when he was diagnosed with frontotemporal dementia.,https://www.nzherald.co.nz/world/mans-workplace-outburst-led-to-unexpected-dementia-diagnosis-at-54/44AJH3PSXRF25HMNUDXPOYPGEM/,https://www.nzherald.co.nz/resizer/v2/4HPYOJHFXJBKZF3N7YGRU6BCGA.png?auth=ba3b9d6c3dc0a62965f433acf7b4d2261d0eab540506c2b3f02ce6afca9619e5&width=1200&height=675&quality=70&focal=259%2C355&smart=false,2025-09-21T03:41:21Z,"People at work knew it wasnt me and so did I, he said.
Initially, the Queensland resident, who had been through a devastating bout of depression in 2006, worried that his symptoms might be related t… [+5456 chars]",health
"{'id': 'the-times-of-india', 'name': 'The Times of India'}",ET Online,"Shubho Mahalaya 2025: Timing, rituals, significance and 40 best wishes for your friends, family & loved ones","Mahalaya, observed on September 21, 2025, marks the beginning of Durga Puja festivities and the transition from Pitru Paksha to Devi Paksha. Devotees honor ancestors with Tarpan rituals and listen to the Mahishasura Mardini recital. Homes are prepared to welc…",https://economictimes.indiatimes.com/news/new-updates/shubho-mahalaya-2025-timing-rituals-significance-and-40-best-wishes-for-your-friends-family-loved-ones/articleshow/124023580.cms,"https://img.etimg.com/thumb/msid-124023565,width-1200,height-630,imgsize-106708,overlay-economictimes/articleshow.jpg",2025-09-21T03:34:50Z,"Mahalaya, one of the most sacred days in the Hindu calendar, heralds the arrival of Goddess Durga on Earth. For Bengalis, it signals the official start of Durga Puja festivities, while across India, … [+4526 chars]",health
"{'id': None, 'name': 'Freerepublic.com'}",CBS News,"Trump's pardons cost victims and taxpayers $1.3 billion, House Judiciary Committee Democrats' review says","President Trump's flurry of recent presidential pardons has cost crime victims and taxpayers approximately $1.3 billion in restitution and payments, according to a review by House Judiciary Democrats. The pardons absolved hundreds of convicted criminals from …",https://freerepublic.com/focus/f-news/4341835/posts,,2025-09-21T03:34:36Z,"Skip to comments.
Trump's pardons cost victims and taxpayers $1.3 billion, House Judiciary Committee Democrats' review saysCBS News ^
 | Scott MacFarlane
Posted on 09/20/2025 8:34:36 PM PDT by See… [+4523 chars]",health
"{'id': None, 'name': 'Sportskeeda'}",Rohit Nath,[WATCH] Major concern over Jey Uso's health after his match at Wrestlepalooza 2025,"Jey Uso was busted open during his tag team match at Wrestlepalooza 2025, but now it seems like that's the least of the issues, as there are serious concerns about his health after the match.",https://www.sportskeeda.com/wwe/news-watch-major-concern-jey-uso-s-health-match-wrestlepalooza-2025,https://staticg.sportskeeda.com/editor/2025/09/78985-17584202962941-1920.jpg,2025-09-21T03:31:50Z,"Jey Uso was busted open during his tag team match at Wrestlepalooza 2025, but now it seems like that's the least of the issues, as there are serious concerns about his health after the match.
At Wre… [+1508 chars]",health
"{'id': None, 'name': '7NEWS.com.au'}",7news,Prime Minister Anthony Albanese touches down in US for delicate diplomacy mission,The prime minister will walk the diplomatic tight rope as he prepares to depart from US policy in recognising the state of Palestine.,https://7news.com.au/news/prime-minister-anthony-albanese-touches-down-in-us-for-delicate-diplomacy-mission-c-20092427,https://images.7news.com.au/publication/C-20092427/0fb96b5120f936cf67157a580967d66877f7e1e9-16x9-x0y0w1280h720.jpg?imwidth=1200,2025-09-21T03:27:27Z,"The prime minister is embarking on one of his most important diplomatic endeavours as he lands in the US.
Anthony Albanese arrived in New York City on Sunday morning, Australian time, hand-in-hand w… [+2983 chars]",health
"{'id': 'the-times-of-india', 'name': 'The Times of India'}",Global Desk,"Charlie Kirk funeral: Over 100,000 mourners across U.S including President Donald Trump, VP JD Vance to attend Kirk memorial at State Farm Stadium in Arizona","Charlie Kirk funeral: Donald Trump, JD Vance and Charlie Kirk's widow, Erika, will speak. Also in attendance will be Secretary of State Marco Rubio, Defense Secretary Pete Hegseth, Health Secretary Robert F. Kennedy Jr. and Tulsi Gabbard, the director of nati…",https://economictimes.indiatimes.com/news/international/us/charlie-kirk-funeral-over-100000-mourners-across-u-s-including-president-donald-trump-vp-jd-vance-to-attend-kirk-memorial-at-state-farm-stadium-in-arizona/articleshow/124023485.cms,"https://img.etimg.com/thumb/msid-124023504,width-1200,height-630,imgsize-54696,overlay-economictimes/articleshow.jpg",2025-09-21T03:21:27Z,"More than 100,000 mourners from across the country, including President Donald Trump and Vice President JD Vance, are expected to pack an NFL stadium just outside Phoenix and an overflow arena next d… [+3505 chars]",health
"{'id': None, 'name': 'Iredellfreenews.com'}",Mike Fuhrman,Mental health therapy now available at Family Care Center of Taylorsville,"Special to IFN Maggie Taylor, LCSW, is now serving Taylorsville and surrounding areas at Iredell Family Care Center of Taylorsville, bringing critical...",https://www.iredellfreenews.com/news-features/2025/mental-health-therapy-now-available-at-family-care-center-of-taylorsville/,https://www.iredellfreenews.com/wp-content/uploads/2025/09/IHS_Maggie-Taylor.jpg,2025-09-21T03:18:12Z,"Special to IFN
Maggie Taylor, LCSW, is now serving Taylorsville and surrounding areas at Iredell Family Care Center of Taylorsville, bringing critical mental health resources to the area.
Maggie Ta… [+3813 chars]",health
"{'id': 'abc-news-au', 'name': 'ABC News (AU)'}",Alistair Bates and Lina Elsaadi,Anthropologist returns to gather 'truth-telling' about life on reserve,"In 1975, an anthropologist wrote his thesis on Carnarvon's rich Aboriginal reserve. Decades later, traditional owners revisit the work to contribute to ""big truth-telling"" documentary.",https://www.abc.net.au/news/2025-09-21/aboriginal-reserve-memories-carnarvon-traditional-owners/105510728,https://live-production.wcms.abc-cdn.net.au/e1f212b6832b99519237c74df8c8ed10?impolicy=wcms_watermark_news&cropH=860&cropW=1528&xPos=0&yPos=90&width=862&height=485&imformat=generic,2025-09-21T02:58:14Z,"Artefacts of Carnarvon's Aboriginal reserve are scattered around the coastal community, more than 900 kilometres north of Perth, like faded memories.
Aboriginal and Torres Strait Islander readers ar… [+6915 chars]",health
"{'id': None, 'name': 'Digital Journal'}",AFP,Thousands take to streets as Philippines protests flood control fraud,Thousands of Filipinos gathered Sunday in Manila to express their anger over a ballooning scandal involving bogus flood-control projects believed to have cost taxpayers billions of dollars. Rage over the so-called ghost infrastructure projects has been mounti…,https://www.digitaljournal.com/world/thousands-take-to-streets-as-philippines-protests-flood-control-fraud/article,https://www.digitaljournal.com/wp-content/uploads/2025/09/f7e1b119e0d4000ba93153fe83a3778e699bb42a.jpg,2025-09-21T02:47:20Z,"Thousands of Filipinos gathered Sunday in Manila to express their anger over a ballooning scandal involving bogus flood-control projects believed to have cost taxpayers billions of dollars.
Rage ove… [+2552 chars]",health
"{'id': None, 'name': 'International Business Times'}",AFP News,Thousands Take To Streets As Philippines Protests Flood Control Fraud,Thousands of Filipinos gathered Sunday in Manila to express their anger over a ballooning scandal involving bogus flood-control projects believed to have cost taxpayers billions of dollars.,https://www.ibtimes.com/thousands-take-streets-philippines-protests-flood-control-fraud-3784057,https://d.ibtimes.com/en/full/4622911/protesters-take-part-rally-they-demonstrate-against-phony-flood-control-projects-one.jpg,2025-09-21T02:45:18Z,"Thousands of Filipinos gathered Sunday in Manila to express their anger over a ballooning scandal involving bogus flood-control projects believed to have cost taxpayers billions of dollars.
Rage ove… [+2552 chars]",health
"{'id': None, 'name': 'The Japan Times'}",Mara Budgen,"As Japan keeps buying gas, Aboriginal Australians pay the price","Japan is Australia’s second-largest export market for energy and natural resources, giving Tokyo a certain political weight when it comes to Australian energy matters.",https://www.japantimes.co.jp/environment/2025/09/21/energy/australia-lng-japan/,https://www.japantimes.co.jp/japantimes/uploads/images/2025/09/21/495030.jpg?v=3.1,2025-09-21T02:43:00Z,"Northern Territory, Australia Riding along the coast on a small fishing boat, Paulina Jedda Puruntatameri gestures to the point where a long, pristine beach curves beyond sight, giving way to an expa… [+14975 chars]",health
"{'id': None, 'name': 'The Star Online'}",IVAN LOH,"GOF thwarts bid to smuggle RM1.4mil of flour, two arrested","IPOH: About RM1.4mil worth of flour were seized and two trailer drivers arrested by the General Operations Force (GOF) in Chuping, Perlis. Read full story",https://www.thestar.com.my/news/nation/2025/09/21/gof-thwarts-bid-to-smuggle-rm14mil-of-flour-two-arrested,https://apicms.thestar.com.my/uploads/images/2025/09/21/3531765.jpg,2025-09-21T02:24:00Z,"IPOH: About RM1.4mil worth of flour were seized and two trailer drivers arrested by the General Operations Force (GOF) in Chuping, Perlis.
Northern Brigade GOF commander Senior Asst Comm Shahrum Has… [+1188 chars]",health
"{'id': None, 'name': '7NEWS.com.au'}",Digital Staff,Mother opens up on harrowing mental health battle and her endometriosis after giving birth,Mother opens up on harrowing mental health battle and her endometriosis after giving birth7news.com.au,https://7news.com.au/news/mother-opens-up-on-harrowing-mental-health-battle-and-her-endometriosis-after-giving-birth-c-20064324,https://images.7news.com.au/publication/C-20064324/9839ec196f3ce9148e80ef969a122b340e9501ad-16x9-x0y0w1280h720.jpg?imwidth=1200,2025-09-21T02:18:05Z,"For Catie Warden, the moment she first held her newborn should have been pure joy, but instead it brought a fear she never expected.
Warden, 27, is suffering from endometriosis a chronic condition w… [+3828 chars]",health
"{'id': None, 'name': 'The Star Online'}",Dr George Lee,Testosterone drive and prostate cancer risk,I understand you are dedicating the whole month of September to prostate cancer and sexual health. Read full story,https://www.thestar.com.my/opinion/columnists/putting-dr-g-on-the-spot/2025/09/21/testosterone-drive-and-prostate-cancer-risk,https://apicms.thestar.com.my/uploads/images/2025/09/21/3531754.jpg,2025-09-21T02:17:00Z,"Copyright © 1995-
 Star Media Group Berhad [197101000523 (10894-D)]
Best viewed on Chrome browsers.",health
"{'id': None, 'name': 'Biztoc.com'}",zerohedge.com,Waste Of The Day: Veterans' Hospital Equipment Is Missing,"Waste Of The Day: Veterans' Hospital Equipment Is Missing
 
Authored by Jeremy Portnoy via RealClearInvestigations,
Topline: The Veterans Health Administration has lost an estimated 5% of its reusable medical equipment worth at least $211 million -- including…",https://biztoc.com/x/102eaf963ebda752,https://biztoc.com/cdn/102eaf963ebda752_s.webp,2025-09-21T02:16:29Z,"Waste Of The Day: Veterans' Hospital Equipment Is Missing
Authored by Jeremy Portnoy via RealClearInvestigations,Topline: The Veterans Health Administration has lost an estimated 5% of its reusable … [+144 chars]",health
"{'id': None, 'name': 'Forbes'}","Rob Wolkenbrod, Contributor, 
 Rob Wolkenbrod, Contributor
 https://www.forbes.com/sites/robwolkenbrod/",AEW All Out 2025 Results: 4 Takeaways That Mark A Turning Point,"All Out signaled a change of direction for AEW across the board, so what stood out from a packed night of in-ring action?",https://www.forbes.com/sites/robwolkenbrod/2025/09/20/aew-all-out-2025-results-4-takeaways-that-mark-a-turning-point/,https://imageio.forbes.com/specials-images/imageserve/68cf5c2489982f8db0d7afd8/0x0.jpg?format=jpg&height=900&width=1600&fit=bounds,2025-09-21T02:15:34Z,"Credit: All Elite Wrestling
Entering AEW All Out, the question was how many risks AEW would take on a solid card without an obvious spot to create a defining moment. By the end of the night, the com… [+5211 chars]",health
"{'id': 'the-times-of-india', 'name': 'The Times of India'}",Manu Kaushik,"70,000 Americans could die every year from wildfire smoke by 2050, study warns","A new study reveals a concerning surge in wildfire-related deaths in the US, potentially reaching 70,000 annually by 2050. This escalating crisis, fueled by climate change, positions wildfire smoke as the deadliest climate threat, surpassing heat and storms i…",https://economictimes.indiatimes.com/news/international/us/70000-americans-could-die-every-year-from-wildfire-smoke-by-2050-study-warns/articleshow/124023238.cms,"https://img.etimg.com/thumb/msid-124023240,width-1200,height-630,imgsize-1352338,overlay-economictimes/articleshow.jpg",2025-09-21T02:10:12Z,"Wildfires are rapidly shifting from a seasonal nuisance to one of the most pressing health threats in the United States, with new research warning they could drive tens of thousands of additional dea… [+3232 chars]",health
"{'id': None, 'name': 'Biztoc.com'}",delish.com,Public Health Alert Issued For A Seasonal Trader Joe's Ready-to-Eat Favorite,"FSIS issued a public health alert tied to a ready-to-eat turkey wrap sold nationwide at Trader Joe’s.
- The alert cites possible Listeria contamination.
- If you have it in your possession, discard it or contact the store for a refund.
The U.S. Department of …",https://biztoc.com/x/073eddb6c217af25,https://biztoc.com/cdn/073eddb6c217af25_s.webp,2025-09-21T02:05:43Z,"FSIS issued a public health alert tied to a ready-to-eat turkey wrap sold nationwide at Trader Joes.- The alert cites possible Listeria contamination.- If you have it in your possession, discard it o… [+147 chars]",health
"{'id': None, 'name': 'The Indian Express'}",Sophiya Mathew,"Shankar, Delhi zoo’s lone African elephant, died of ‘acute heart failure’. Lessons from a life in isolation","Over the years, the Delhi Zoo made multiple attempts to find Shankar a companion. It also introduced several enrichment measures to improve the elephant’s quality of life",https://indianexpress.com/article/cities/delhi/shankar-delhi-zoo-lone-african-elephant-died-life-in-isolation-10261993/,https://images.indianexpress.com/2025/09/1000287869.jpg,2025-09-21T02:00:59Z,"At first glance, it could be the wild. Water glints softly beside Shankar, the African elephant, while tall trees and wild grasses frame the scene.But this is no savannah its the Delhi Zoo arena. Its… [+5383 chars]",health
"{'id': None, 'name': 'Arkansas Times'}",Benjamin Hardy,"Half of Arkansas's health insurance marketplace enrollees may soon be priced out, documents suggest - Arkansas Times","The governor is trying to spin a 22% rate increase as a decrease. The fact is, tens of thousands of Arkansans will likely lose health coverage if Congress doesn’t act.",http://arktimes.com/arkansas-blog/2025/09/20/half-of-arkansass-health-insurance-marketplace-enrollees-may-soon-be-priced-out-documents-suggest,https://arktimes.com/wp-content/uploads/2025/05/Untitled-design-29.jpg,2025-09-21T01:55:21Z,"On Friday morning, Gov. Sarah Sanders said she had secured average rate increases that are 35.8% lower than previously proposed from BlueCross and Centene, the two insurance companies that sell plans… [+16468 chars]",health
"{'id': 'the-times-of-india', 'name': 'The Times of India'}",AFP,Britain to recognise Palestinian state on Sunday,"Britain will formally recognise a Palestinian state on Sunday, according to UK media reports, in a landmark policy change vehemently opposed by longtime ally Israel. Starmer said in July that Britain would formally recognise the State of Palestine if Israel d…",https://economictimes.indiatimes.com/news/international/world-news/britain-to-recognise-palestinian-state-on-sunday/articleshow/124023196.cms,"https://img.etimg.com/thumb/msid-124023201,width-1200,height-630,imgsize-148432,overlay-economictimes/articleshow.jpg",2025-09-21T01:53:37Z,"Britain will formally recognise a Palestinian state on Sunday, according to UK media reports, in a landmark policy change vehemently opposed by longtime ally Israel.The United Kingdom has historicall… [+1722 chars]",health
"{'id': None, 'name': 'The Indian Express'}",Ganesha Speaks,"Pisces Horoscope Today, 21 September 2025: Discover what stars say about your career, finance and love","Pisces Horoscope Today, 21 September 2025: Today's Pisces horoscope tells about  your career growth and financial success.",https://indianexpress.com/article/horoscope/pisces-horoscope-today-21-september-2025-daily-astrology-prediction-for-pisces-career-finance-money-love-10260472/,https://images.indianexpress.com/2024/05/Pisces-3.jpg,2025-09-21T01:48:14Z,"Pisces Horoscope Prediction Today, 21 September 2025: Today turns the spotlight on your spouse or business partner. Theres room for tender surprises and honest dialogues. Ganesha says joint decisions… [+1658 chars]",health
"{'id': 'the-times-of-india', 'name': 'The Times of India'}",ANI,"Centre launches special campaign to promote 'Swachhta', good governance","Government's Special Campaign 5.0, coordinated by DARPG, is gaining momentum, with the implementation phase set for October 2-31, following preparatory activities from September 15-30. Ministries are actively nominating nodal officers, assessing scrap disposa…",https://economictimes.indiatimes.com/news/india/centre-launches-special-campaign-to-promote-swachhta-good-governance/articleshow/124023177.cms,"https://img.etimg.com/thumb/msid-124023181,width-1200,height-630,imgsize-39296,overlay-economictimes/articleshow.jpg",2025-09-21T01:47:22Z,"The Special Campaign 5.0 launched by the Government, with the Department of Administrative Reforms &amp; Public Grievances as the nodal department, has gained significant momentum in its preparatory … [+2937 chars]",health
"{'id': None, 'name': 'Mypeoplesreview.com'}",People's Review,"Hamas releases “farewell photo” of hostages, including Bipin Joshi","Gaza, Sept 21: As Israeli forces continued their assault to capture and destroy Gaza’s largest urban center, Hamas’s armed wing, […]
The post Hamas releases “farewell photo” of hostages, including Bipin Joshi appeared first on Peoples' Review.",https://mypeoplesreview.com/2025/09/21/hamas-releases-farewell-photo-of-hostages-including-bipin-joshi/,https://mypeoplesreview.com/wp-content/uploads/2025/09/gaja.jpg,2025-09-21T01:45:00Z,"Gaza, Sept 21: As Israeli forces continued their assault to capture and destroy Gazas largest urban center, Hamass armed wing, the Qassam Brigades, on Saturday released an online farewell photo of 48… [+2237 chars]",health
"{'id': None, 'name': 'YouTube'}",,Kanye vs. Kris Jenner: Explosive Argument Over Mental Health in ‘In Whose Name?,Kanye vs. Kris Jenner: Explosive Argument Over Mental Health in ‘In Whose Name?youtube.com,https://www.youtube.com/supported_browsers?next_url=https%3A%2F%2Fwww.youtube.com%2Fwatch%3Fv%3DyE6GJB_Ff_E,,2025-09-21T01:42:13Z,"Your browser isnt supported anymore. Update it to get the best YouTube experience and our latest features. Learn more
Remind me later",health
"{'id': None, 'name': 'DW (English)'}","John Silk, Saim Dušan Inayatullah, Midhat Fatimah",US updates: Charlie Kirk memorial underway in Arizona,"Donald Trump is scheduled to speak at the memorial service for the slain conservative activist Charlie Kirk. Plus, a new $100,000 fee for visa applications for skilled workers in the US sparks confusion. Follow DW. US President Donald Trump, Vice President JD…",https://www.dw.com/en/us-updates-charlie-kirk-memorial-underway-in-arizona/live-74077636,https://static.dw.com/image/74083438_6.jpg,2025-09-21T01:42:00Z,"A delegation of US lawmakers made their first visit to Beijing since 2019Image: Mahesh Kumar A./AFP
A group of American lawmakers told China's Premier Li Qiang that both sides need to do more to ""br… [+934 chars]",health
"{'id': None, 'name': 'The Star Online'}",The Star Online,Senior citizen found drowned near Stulang Laut waterfront,JOHOR BAHRU: A 73-year-old woman was found drowned in waters near Stulang Laut here on Saturday (Sept 20) night. Read full story,https://www.thestar.com.my/news/nation/2025/09/21/senior-citizen-found-drowned-near-stulang-laut-waterfront,https://apicms.thestar.com.my/uploads/images/2025/09/21/3531768.jpg,2025-09-21T01:40:00Z,"JOHOR BAHRU: A 73-year-old woman was found drowned in waters near Stulang Laut here on Saturday (Sept 20) night.
Johor Bahru Selatan police chief ACP Raub Selamat said the incident was reported at a… [+1022 chars]",health
"{'id': None, 'name': 'Newsbreak.com'}",Marc Tamasco,Josh Shapiro says Harris is 'going to have to answer' for why she never raised concerns over Biden's health,"On Thursday, Pennsylvania Gov. Josh Shapiro said former Vice President Kamala Harris must answer for not publicly raising concerns about Joe Biden's health",https://www.newsbreak.com/share/4246025289730-josh-shapiro-says-harris-is-going-to-have-to-answer-for-why-she-never-raised-concerns-over-biden-s-health?s=a2&amp;share_destination_id=MTI3MzA5NzAtMTc1ODQxODU1MTQ2MQ%3D%3D&amp;pd=00rPuEjw&amp;hl=en_US&amp;send_time=1758418551&amp;actBtn=bottomBar&amp;_f=app_share&amp;trans_data=%7B%22platform%22%3A1%2C%22cv%22%3A%2225.38.0%22%2C%22languages%22%3A%22en%22%7D&amp;sep=sc_play_button_v1-v2,https://img.particlenews.com/img/id/2KQctu_14vOEl8700,2025-09-21T01:36:18Z,"'Shame on you. Resign': Hakeem Jeffries faces Dem backlash over Charlie Kirk honor
On Thursday morning, House Minority Leader Hakeem Jeffries (D-NY) posted a clip of himself lashing out at Republica… [+485 chars]",health
"{'id': None, 'name': 'Newsbreak.com'}",Newsradioklbj.com,"Replay 9/19: Abbott new law bans Muslim-only community developments, ACLU says don’t post 10 Commandments, Charlie Kirk comments causing firings in Texas, Central Health, Urban Alchemy, Ryan Alter joins the show, and more","Replay 9/19: Abbott new law bans Muslim-only community developments, ACLU says don’t post 10 Commandments, Charlie Kirk comments causing firings in Texas, Central Health, Urban Alchemy, Ryan Alter joins the show, and morenewsbreak.com",https://www.newsbreak.com/share/4244675518841-replay-9-19-abbott-new-law-bans-muslim-only-community-developments-aclu-says-don-t-post-10-commandments-charlie-kirk-comments-causing-firings-in-texas-central-health-urban-alchemy-ryan-alter-joins-the-show-and-more?_f=app_share&amp;pd=0J77AKxa&amp;lang=en_US&amp;send_time=1758418250&amp;trans_data=%7B%22platform%22%3A0%2C%22cv%22%3A%2225.32.1.4%22%2C%22languages%22%3A%22en%22%7D&amp;sep=sc_play_button_v1-v1&amp;s=i2,https://img.particlenews.com/img/id/1sYiSK_14u1YgoN00,2025-09-21T01:31:39Z,"Heartbroken Hound is Searching For New Home After Family Surrenders Her For Being ""Too Loud""
Meet Maple Dixie, a sweet and gentle girl who is searching for her second chance at life after being let … [+576 chars]",health
"{'id': None, 'name': 'WSB Atlanta'}",Wsbtv.com News Staff,Group protests proposed crematorium and funeral home in Gwinnett County,Residents of a Gwinnett County neighborhood gathered in protest on Saturday afternoon against a proposed crematorium and funeral home along Centerville Highway.,https://www.wsbtv.com/news/local/gwinnett-county/group-protests-proposed-crematorium-funeral-home-gwinnett-county/Q2NGAW6ZFJD7ZCYVLBTY3H2TPM/,https://cmg-cmg-tv-10010-prod.cdn.arcpublishing.com/resizer/v2/https%3A%2F%2Fcloudfront-us-east-1.images.arcpublishing.com%2Fcmg%2F47TD42WKRFCHBPJSCCHQNIZQ7U.jpeg?auth=51b101aef682f828d122c3b96c5370a3534a4ec3155ad144384479bf8db4f0d5&width=1200&height=630&smart=true,2025-09-21T01:30:31Z,"GWINNETT COUNTY, Ga. — Residents of a Gwinnett County neighborhood gathered in protest on Saturday afternoon against a proposed crematorium and funeral home along Centerville Highway.
The demonstrat… [+1423 chars]",health
"{'id': None, 'name': 'Livemint'}",mint,"Cashless insurance is a promise, and the promise must hold","Cashless claim settlement is a key benefit of the insurance process. All industry stakeholders must work together to ensure the promise is met, or public trust in health insurance will diminish.",https://www.livemint.com/money/personal-finance/cashless-insurance-irdai-hospitals-insurer-policyholder-healthcare-tariff-rates-medical-expenses-illness-11758259249412.html,https://www.livemint.com/lm-img/img/2025/09/19/1600x900/logo/2-0-1051667999-469557930-0_1680276610770_1758268091195.jpg,2025-09-21T01:30:14Z,"There may be individual situations where cashless claims are denied. For eg., when a hospital has payments pending from an insurer, or when a particular insurer and hospital are sorting out their pre… [+3822 chars]",health
"{'id': None, 'name': 'WISN Milwaukee'}",Sam Schmitz,"Milwaukee County Zoo euthanizes Ruth the elephant, 43",Ruth was involved in an incident earlier this month where a front-end loader was used to help her get up after a fall.,https://www.wisn.com/article/milwaukee-county-zoo-euthanizes-ruth-the-elephant-43/67982726,"https://kubrick.htvapps.com/htv-prod-media.s3.amazonaws.com/images/thumbnail-elephant-ruth-10-2021-0117466-e-68cf49682819e.jpg?crop=1.00xw:0.846xh;0,0.0171xh&resize=1200:*",2025-09-21T01:22:29Z,"MILWAUKEE —The Milwaukee County Zoo sadly announced that one of its elephants, Ruth, has died.
The zoo said she was humanely euthanized inside the Zoo's Elephant Care Center after falling in the mor… [+1976 chars]",health
"{'id': 'the-times-of-india', 'name': 'The Times of India'}",AP,Israeli strikes kill 14 in Gaza City as some countries prepare to recognize Palestinian state,"As Israel intensifies its offensive in Gaza City, resulting in numerous casualties and widespread displacement, international pressure mounts with several nations poised to recognize Palestinian statehood. Protests erupt in Israel, with families of hostages d…",https://economictimes.indiatimes.com/news/defence/israeli-strikes-kill-14-in-gaza-city-as-some-countries-prepare-to-recognize-palestinian-state/articleshow/124023106.cms,"https://img.etimg.com/thumb/msid-124023112,width-1200,height-630,imgsize-97148,overlay-etdefence/articleshow.jpg",2025-09-21T01:21:39Z,"Scores of Palestinians, many pushing carts of belongings or carrying their possessions on their backs, fled Gaza City on Saturday as Israel ramped up its offensive, including with strikes that health… [+6079 chars]",health
"{'id': None, 'name': 'Independent.ie'}",Barry Hartigan,"Politics, pews and now performance – deacon Trevor Sargent praised for acting role in short film","Former Green Party leader, Trevor Sargent, became a Church of Ireland deacon seven years ago — and now he has been praised as a natural actor.",https://www.independent.ie/irish-news/politics-pews-and-now-performance-deacon-trevor-sargent-praised-for-acting-role-in-short-film/a1126804592.html,https://focus.independent.ie/thumbor/eJ8UB2mktKvcEZ3E1mNhara40-k=/629x460/smart/prod-mh-ireland/8565b8eb-7b8f-4381-82db-9999502ca0d3/b0b3f829-c59b-4284-9f5b-73fd69205d1a/sn%20Trevor%20Sargent.jpg,2025-09-21T04:30:00Z,"Former Green Party leader, Trevor Sargent, became a Church of Ireland deacon seven years ago and now he has been praised as a natural actor.
Rev Sargent (65) will soon star in a short film, Waiting … [+64 chars]",politics
"{'id': None, 'name': 'Independent.ie'}",Ali Bracken,Simon Harris says threats against politicians are jeopardising the function of our democracy,"Tánaiste Simon Harris has formally requested a meeting to be convened of all Dáil and Seanad party leaders to tackle escalating threats against politicians, which he said is jeopardising “the functioning of our democracy”.",https://www.independent.ie/news/simon-harris-says-threats-against-politicians-are-jeopardising-the-function-of-our-democracy/a1933267343.html,https://focus.independent.ie/thumbor/hk1bJM6sbsaYJBPaQVWN0QBeIws=/629x460/smart/prod-mh-ireland/4924cd22-8646-4e9f-ac2d-3ad2d21170d0/3342068b-2b45-4e86-bea7-1a22d403e30a/SN%20Harrris.jpg,2025-09-21T04:30:00Z,"Tánaiste Simon Harris has formally requested a meeting to be convened of all Dáil and Seanad party leaders to tackle escalating threats against politicians, which he said is jeopardising the function… [+1791 chars]",politics
"{'id': None, 'name': 'Independent.ie'}",Editorial,The Sunday Independent’s View: Is the way we choose a president still fit for purpose?,"The latest film based on a book by horror writer Stephen King to hit Irish screens is The Long Walk, a grim fable about a broken society where a select group of citizens who trek without rest or mercy until only one of them is left standing.",https://www.independent.ie/opinion/editorial/the-sunday-independents-view-is-the-way-we-choose-a-president-still-fit-for-purpose/a716904801.html,https://focus.independent.ie/thumbor/AmlojVE_n7FRgKQ9_kNJTQpwGPQ=/629x460/smart/prod-mh-ireland/172f0d3a-d217-4fc3-a3e3-9d8dabe3fb69/f4314c7d-4092-4625-b994-23eb9e92824c/172f0d3a-d217-4fc3-a3e3-9d8dabe3fb69.jpg,2025-09-21T04:30:00Z,"The latest film based on a book by horror writer Stephen King to hit Irish screens is The Long Walk, a grim fable about a broken society where a select group of citizens who trek without rest or merc… [+3322 chars]",politics
"{'id': None, 'name': 'Americanthinker.com'}",,America propagandizing Americans,It was never supposed to be this way.,https://www.americanthinker.com/blog/2025/09/america_propagandizing_americans.html,https://images.americanthinker.com/gf/gfpslwxinqsptpnwxqti_800.jpg,2025-09-21T04:00:00Z,"The term ""propaganda"" derives from Congregatio de Propaganda Fide, which means Congregation for the Propagation of the Faith.  It emerged in the 1620s as a tool of the Catholic Church to disseminate … [+5341 chars]",politics
"{'id': None, 'name': 'Americanthinker.com'}",,Democrats Pretend to Be for Free Speech: NOPE,"On the internet the big story seems to be the indefinite suspension of Jimmy Kimmel by ABC. I confess to being somewhat at a disadvantage. The last time I looked at network television my set had four dials: on/off, vertical, and horizontal, volume, a...",https://www.americanthinker.com/articles/2025/09/democrats_pretend_to_be_for_free_speech_nope.html,https://images.americanthinker.com/65/65iw6uyrf4bso7q2hlmk_800.jpg,2025-09-21T04:00:00Z,On the internet the big story seems to be the indefinite suspension of Jimmy Kimmel by ABC. I confess to being somewhat at a disadvantage. The last time I looked at network television my set had four… [+13712 chars],politics
"{'id': None, 'name': 'Americanthinker.com'}",,Lessons for the Violent Left,The murder of Charlie Kirk has highlighted a portion of the Left that approves of violence. The frenetic response of the violence-accommodating Left to Charlie Kirk’s assassination is remarkable for the things that seem to have surprised t...,https://www.americanthinker.com/articles/2025/09/lessons_for_the_violent_left.html,https://images.americanthinker.com/ds/ds2o8omlklu9qcuwu8pc_800.jpg,2025-09-21T04:00:00Z,The murder of Charlie Kirk has highlighted a portion of the Left that approves of violence. The frenetic response of the violence-accommodating Left to Charlie Kirk’s assassination is remarkable for … [+5211 chars],politics
"{'id': None, 'name': 'Americanthinker.com'}",,Obama Is a Soulless Fraud,"Barack Obama is such a soulless fraud. He’s spent the last week trying to downplay the significance of Charlie Kirk’s assassination. First, he pretended that the motive behind Charlie’s murder was impossible to ascertain. Then he bl...",https://www.americanthinker.com/articles/2025/09/obama_is_a_soulless_fraud.html,https://images.americanthinker.com/6u/6ubrrxf1noicezb3elqp_800.jpg,2025-09-21T04:00:00Z,"Barack Obama is such a soulless fraud. He’s spent the last week trying to downplay the significance of Charlie Kirk’s assassination. First, he pretended that the motive behind Charlie’s murder was im… [+5388 chars]",politics
"{'id': None, 'name': 'Americanthinker.com'}",,Some possible solutions to America’s schools problem,"Public schools face a crisis in academic performance, safety, and moral integrity, prompting urgent calls for reform from parents, educators, and policymakers.  Rising violence and declining morality among students have eroded trust in the ...",https://www.americanthinker.com/blog/2025/09/some_possible_solutions_to_america_s_schools_problem.html,https://images.americanthinker.com/imported/2023-03/244642_800.jpg,2025-09-21T04:00:00Z,"Public schools face a crisis in academic performance, safety, and moral integrity, prompting urgent calls for reform from parents, educators, and policymakers.  Rising violence and declining morality… [+3550 chars]",politics
"{'id': None, 'name': 'Americanthinker.com'}",,Rejecting Truth Is the First Step toward Murder,"“If liberty means anything at all, it means the right to tell people what they do not want to hear.”

―George Orwell

Two thousand years ago, a politician named Pilate, in a classic dodge to avoid responsibility, asked, “What ...",https://www.americanthinker.com/articles/2025/09/rejecting_truth_is_the_first_step_toward_murder.html,https://images.americanthinker.com/imported/2023-11/249935_800.jpeg,2025-09-21T04:00:00Z,"“If liberty means anything at all, it means the right to tell people what they do not want to hear.”
George Orwell
Two thousand years ago, a politician named Pilate, in a classic dodge to avoid res… [+6947 chars]",politics
"{'id': None, 'name': 'Bendigoadvertiser.com.au'}",Luke West,Unforgettable BFNL turnaround: Eaglehawk's 2025 victory,"Revisit Eaglehawk's stunning 2025 Bendigo Football League grand final upset against Sandhurst, a triumph for the ages.",https://www.bendigoadvertiser.com.au/story/9071005/unforgettable-bfnl-turnaround-eaglehawks-2025-victory/,https://www.bendigoadvertiser.com.au/images/transform/v1/crop/frm/G3M3FqVFYHjdnjXX9zgHHX/371d4739-cb58-4f31-86f7-9960301f7e6e.JPG/r0_284_4070_2421_w1200_h630_fmax.jpg,2025-09-21T03:35:37Z,"IT was the 33 minutes of scintillating football produced by Eaglehawk in the final quarter that will ensure 2025's Bendigo Football Netball League grand final will be one elevated into folklore.
Sub… [+12545 chars]",politics
"{'id': 'the-times-of-india', 'name': 'The Times of India'}",Manu Kaushik,Greek-Australian singer Vassy Karagiorgos pulls out of representing US at Russia’s Intervision contest amid political pressure,Greek-Australian singer Vassy Karagiorgos has withdrawn from Intervision in Russia. Organizers cite political pressure from the Australian government. Vassy was to represent the United States. Intervision is Russia's alternative to Eurovision. Russia was bann…,https://economictimes.indiatimes.com/news/international/us/greek-australian-singer-vassy-karagiorgos-pulls-out-of-representing-us-at-russias-intervision-contest-amid-political-pressure/articleshow/124023473.cms,"https://img.etimg.com/thumb/msid-124023478,width-1200,height-630,imgsize-203474,overlay-economictimes/articleshow.jpg",2025-09-21T03:16:03Z,"Greek-Australian singer and producer Vassy Karagiorgos, known professionally as Vassy, has withdrawn from representing the United States at Russias Intervision Song Contest, in a decision organizers … [+3003 chars]",politics
"{'id': 'al-jazeera-english', 'name': 'Al Jazeera English'}",Al Jazeera,"Russia-Ukraine war: List of key events, day 1,305","Here are the key events on day 1,305 of Russia’s war on Ukraine.",https://www.aljazeera.com/news/2025/9/21/russia-ukraine-war-list-of-key-events-day-1305,https://www.aljazeera.com/wp-content/uploads/2025/09/13359848-1758413423.jpg?resize=1200%2C675,2025-09-21T03:03:57Z,"Here is how things stand on Sunday, September 21:
Fighting
<ul><li>Russian forces launched a large-scale missile and drone attack, targeting areas across Ukraine, killing at least three people and … [+3013 chars]",politics
"{'id': None, 'name': 'Anime News Network'}",,Live-Action Silent Service Sequel Film Streams Theme Song Trailer,"Ado performs theme song for September 26 film // The staff for Chinmoku no kantai Hokkyoku-kai dai kaisen (The Silent Service: The Battle of the Arctic Ocean),...",https://www.animenewsnetwork.com/news/2025-09-20/live-action-silent-service-sequel-film-streams-theme-song-trailer/.229018,https://www.animenewsnetwork.com/thumbnails/crop600x315gCC/youtube/7eWc6sp_WJ0.jpg,2025-09-21T02:54:40Z,"The staff for Chinmoku no Kantai Hokkyoku-kai dai kaisen (The Silent Service: The Battle of the Arctic Ocean), the sequelfilm for the live-action project of Kaiji Kawaguchi's The Silent Service manga… [+1940 chars]",politics
"{'id': 'the-times-of-india', 'name': 'The Times of India'}",Maitreyee Thakkar,Jimmy Kimmel’s last guest Margo Price delivered warning against ‘fascism’ in final performance,"Margo Price, during her final Jimmy Kimmel Live! performance before its suspension, altered her song lyrics to protest against fascism. This act of defiance followed Kimmel's controversial remarks about Charlie Kirk's assassination, leading to the show's abru…",https://economictimes.indiatimes.com/news/international/us/jimmy-kimmels-last-guest-margo-price-delivered-warning-against-fascism-in-final-performance/articleshow/124023360.cms,"https://img.etimg.com/thumb/msid-124023378,width-1200,height-630,imgsize-49236,overlay-economictimes/articleshow.jpg",2025-09-21T02:51:21Z,"Country singer Margo Price, final musical guest on Jimmy Kimmel Live!, delivered an impromptu yet powerful warning against fascism. The performance came amid escalating political tension surrounding … [+2291 chars]",politics
"{'id': None, 'name': 'Mypeoplesreview.com'}",People's Review,"Oli’s government was toppled for taking a firm stance on Kalapani,Lipulekh: CM Kandel","Surkhe, Sept 21 – Karnali Province Chief Minister Yamlal Kandel has said the KP Sharma Oli-led government was toppled because […]
The post Oli’s government was toppled for taking a firm stance on Kalapani,Lipulekh: CM Kandel appeared first on Peoples' Review.",https://mypeoplesreview.com/2025/09/21/olis-government-was-toppled-for-taking-a-firm-stance-on-kalapanilipulekh-cm-kandel/,https://mypeoplesreview.com/wp-content/uploads/2025/09/lipu.jpg,2025-09-21T02:45:00Z,"Surkhe, Sept 21 Karnali Province Chief Minister Yamlal Kandel has said the KP Sharma Oli-led government was toppled because it defended the countrys sovereignty and territorial integrity. He said his… [+1221 chars]",politics
"{'id': None, 'name': 'Biztoc.com'}",zerohedge.com,Fragile Democracy,"Fragile Democracy
 
The rise of democracy has been one of the greatest collective human achievements of the last century, allowing large shares of the world's population to live in relative freedom and have the ability to participate meaningfully in the polit…",https://biztoc.com/x/05ed8d668414b5a4,https://biztoc.com/cdn/05ed8d668414b5a4_s.webp,2025-09-21T01:43:27Z,"Fragile Democracy
The rise of democracy has been one of the greatest collective human achievements of the last century, allowing large shares of the world's population to live in relative freedom an… [+142 chars]",politics
"{'id': None, 'name': 'BBC News'}",,Morrissey cancels US shows after death threat in Canada,A 26-year-old Ottawa man has been charged with allegedly uttering a threat against the British singer.,https://www.bbc.com/news/articles/cx2jjer23ngo,https://ichef.bbci.co.uk/news/1024/branded_news/417f/live/f83ffda0-9687-11f0-bc30-47a784fa333f.jpg,2025-09-21T01:33:34Z,"British artist Morrissey has cancelled two shows in the US after receiving a death threat ahead of a concert in Ottawa, Canada.
A 26-year-old Ottawa man was released on bail after allegedly uttering… [+891 chars]",politics
"{'id': 'bbc-news', 'name': 'BBC News'}",Robin Levinson-king,Morrissey cancels US shows after death threat in Canada,A 26-year-old Ottawa man has been charged with allegedly uttering a threat against the British singer.,https://www.bbc.co.uk/news/articles/cx2jjer23ngo,https://ichef.bbci.co.uk/ace/branded_news/1200/cpsprodpb/417f/live/f83ffda0-9687-11f0-bc30-47a784fa333f.jpg,2025-09-21T01:33:34Z,"He is known for being outspoken on issues such as animal welfare and politics. 
In 2006, he refused to tour in Canada in protest at the annual seal hunt.
After the threat against his life in Ottawa… [+352 chars]",politics
"{'id': None, 'name': 'Mypeoplesreview.com'}",People's Review,Father generation leaders neglecting Gen Z movement,"Kathmandu, September 21: The party and political leaders who have been in power for a long time are still not […]
The post Father generation leaders neglecting Gen Z movement appeared first on Peoples' Review.",https://mypeoplesreview.com/2025/09/21/father-generation-leaders-neglecting-gen-z-movement/,https://mypeoplesreview.com/wp-content/uploads/2025/09/Oli-Deuba-and-prachanda.jpg,2025-09-21T01:24:10Z,"Kathmandu, September 21: The party and political leaders who have been in power for a long time are still not ready to respond to the message of the Gen Z movement. Even when the younger generation a… [+1169 chars]",politics
"{'id': None, 'name': 'Freerepublic.com'}",gateway pundit,"Pro-Life Warrior Lila Rose Shocks Organizers, Wins Yale Debate on Abortion","Pro-life warrior Lila Rose, the founder and president of Live Action, shocked organizers at leftist Ivy League Yale University during a debate with Frances Kissling, a former abortion clinic director and president of Catholics for Choice. Before the event, Ro…",https://freerepublic.com/focus/f-news/4341825/posts,,2025-09-21T01:08:33Z,"Skip to comments.
Pro-Life Warrior Lila Rose Shocks Organizers, Wins Yale Debate on Abortiongateway pundit ^
 | 9/20/25
 | Margaret Flavin
Posted on 09/20/2025 6:08:33 PM PDT by blueyon
Pro-life… [+1846 chars]",politics
"{'id': None, 'name': 'Substack.com'}",Ryan Busse,Hey Democrats - C'mon Do Something Big On Health Care,Hey Democrats - C'mon Do Something Big On Health Caresubstack.com,https://ryandbusse.substack.com/p/hey-democrats-cmon-do-something-big,"https://substackcdn.com/image/fetch/$s_!nTPH!,w_1200,h_600,c_fill,f_jpg,q_auto:good,fl_progressive:steep,g_auto/https%3A%2F%2Fsubstack-post-media.s3.amazonaws.com%2Fpublic%2Fimages%2F046a3dd4-1e84-40ab-9200-6e1c3c9dba36_1095x927.jpeg",2025-09-21T01:06:06Z,"As you read this, Senate Democrats are considering picking an actual fight over a government shutdown. They are signaling that they might try to force Republicans to repeal recently adopted GOP healt… [+8282 chars]",politics
"{'id': None, 'name': 'Sinhalanet.net'}",admin,Celebrating Cumaratunga,"Had he lived, there is no doubt that Cumaratunga Munidasa would have made a long-lasting and interesting contribution to the language and educational reform debates of the 1940s and 1950s. But this was not meant to be. A contemporary of …",https://www.sinhalanet.net/celebrating-cumaratunga,https://www.sinhalanet.net/wp-content/uploads/2015/07/logo.jpg,2025-09-21T00:49:19Z,"Had he lived, there is no doubt that Cumaratunga Munidasa would have made a long-lasting and interesting contribution to the language and educational reform debates of the 1940s and 1950s. But this w… [+6805 chars]",politics
"{'id': 'breitbart-news', 'name': 'Breitbart News'}","Ezra Dulis, Ezra Dulis",Gavin McInnes: Jimmy Kimmel Was 'Ruined' by His 'Insufferable' 2nd Wife — ‘There's Pre-Molly and Then There's Post-Molly Jimmy',"Podcaster and Vice magazine co-founder Gavin McInnes used to be friends with Jimmy Kimmel, and in the wake of the ABC late-night host's suspension, McInnes offered a postmortem of his career -- blaming his ""woke"" second wife for the funnyman's downfall into s…",https://www.breitbart.com/entertainment/2025/09/20/gavin-mcinnes-jimmy-kimmel-ruined-by-insufferable-liberal-second-wife/,https://media.breitbart.com/media/2025/09/GettyImages-2216189906-640x335.jpg,2025-09-21T00:10:38Z,"Podcaster and Vice magazine co-founder Gavin McInnes used to be friends with Jimmy Kimmel, and in the wake of the ABC late-night host’s suspension, McInnes offered a postmortem of his career — blamin… [+3344 chars]",politics
"{'id': None, 'name': 'Sankakucomplex.com'}",BlackAshes,Shuten Order Patch Fixes Pronoun Inconsistency Amid Calls of “Transphobia”,"A recent patch for Shuten Order corrected inconsistent pronoun usage in the English translation—mistakes that had some players believing the scene was “depicting transphobia”, though the team says it was all just mistranslation. The visual novel Shuten Order,…",https://news.sankakucomplex.com/2025/09/21/shuten-order-patch-fixes-pronoun-inconsistency-amid-calls-of-transphobia/,https://news.sankakucomplex.com/wp-content/uploads/2025/09/ShutenOrder-Random-Screenshot-2025.jpg,2025-09-21T00:00:24Z,"A recent patch for Shuten Order corrected inconsistent pronoun usage in the English translationmistakes that had some players believing the scene was “depicting transphobia”, though the team says it … [+1683 chars]",politics
"{'id': None, 'name': 'Soundcloud.com'}",,"Le Show with Harry Shearer - September 21, 2025","A weekly, hour-long romp through the worlds of media, politics, sports and show business, leavened with an eclectic mix of mysterious music, hosted by Harry Shearer.",https://soundcloud.com/leshowharryshearer/le-show-with-harry-shearer-september-21-2025,https://i1.sndcdn.com/artworks-4sq7gYfWjUuu8FKl-0PWFHg-t500x500.png,2025-09-21T00:00:00Z,"Sorry! Something went wrong
Is your network connection unstable or browser outdated?",politics
"{'id': None, 'name': 'The-independent.com'}",Annabel Nugent,Patricia Lockwood: ‘I went to God’s gang back in the day and our pants were enormous!’,"The award-winning author behind ‘Priestdaddy’, Lockwood – aka the Poet Laureate of Twitter – found her mind faltering when she came down with post-Covid mania. She speaks with Annabel Nugent about writing her second novel, quitting social media, and why she w…",https://www.the-independent.com/arts-entertainment/books/features/patricia-lockwood-will-there-ever-be-another-you-b2828444.html,"https://static.the-independent.com/2025/09/17/15/23/author-photo-Grep-Hoax.jpg?trim=0,0,0,0&width=1200&height=800&crop=1200:800",2025-09-21T05:00:00Z,"Your support helps us to tell the story
From reproductive rights to climate change to Big Tech, The Independent is on the ground when the story is developing. Whether it's investigating the financia… [+12812 chars]",climate
"{'id': None, 'name': 'Slashdot.org'}",feedfeeder,This unusual hybrid found in Texas is the first of its kind in the wild - Yahoo,"This unusual hybrid found in Texas is the first of its kind in the wildYahoo First known wild ‘grue jay’ hybrid spotted in TexasPopular Science Climate change might be pushing different species together, researchers say upon ‘grue’ jay discoveryCTV News Map o…",https://slashdot.org/firehose.pl?op=view&amp;id=179419150,,2025-09-21T04:52:11Z,The Fine Print: The following comments are owned by whoever posted them. We are not responsible for them in any way.,climate
"{'id': None, 'name': 'BusinessLine'}",Subramani Ra Mancombu,"Pick of BL commodities - September 21, 2025","Last week,  the Coffee Board came out with its post-blossom estimates for the 2025-26 season, pegging the production at a record high of over four lakh tonnes. The National Dairy Development Board (NDDB) is setting up 15 compressed biogas (CBG) plants at a co…",https://www.thehindubusinessline.com/newsletter/pick-of-bl-commodities/pick-of-bl-commodities-september-21-2025/article70073796.ece,https://bl-i.thgim.com/public/incoming/k0gdsd/article70073970.ece/alternates/LANDSCAPE_1200/IMG_FILE_PHOTO__Sao_Paul_2_1_45D22EN9.jpg,2025-09-21T04:30:00Z,"1. Indias coffee output for the crop year 2025-26, starting October, is pegged at a record high of 4.03 lakh tonnes (lt), according to the Coffee Boards post-blossom estimates. These initial projecti… [+1361 chars]",climate
"{'id': None, 'name': 'Slashdot.org'}",feedfeeder,A bird no one's ever seen before just showed up in Texas - Chron,A bird no one's ever seen before just showed up in TexasChron First known wild ‘grue jay’ hybrid spotted in TexasPopular Science This unusual hybrid found in Texas is the first of its kind in the wildYahoo Climate change might be pushing different species tog…,https://slashdot.org/firehose.pl?op=view&amp;id=179418224,,2025-09-21T04:12:14Z,The Fine Print: The following comments are owned by whoever posted them. We are not responsible for them in any way.,climate
"{'id': None, 'name': 'blogTO'}",Misha Gajewski,Toronto mansion listed at over $18 million is like a fairytale castle,"If you've ever wondered what it looks like when classic Toronto architecture gets the full glow-up treatment, let us introduce you to this jaw-dropping Rosedale estate.Originally built in 1908 by famed architect Eden Smith — the guy behind some of the city's …",https://www.blogto.com/real-estate-toronto/2025/09/5-thornwood-road-toronto/,https://images.blogto.com/articles/20250918-5thornwoodroad-toronto-21.jpg?w=1200&cmd=resize_then_crop&height=630&quality=70&format=jpeg,2025-09-21T04:01:00Z,"If you've ever wondered what it looks like when classic Toronto architecture gets the full glow-up treatment, let us introduce you to this jaw-dropping Rosedale estate.
Originally built in 1908 by f… [+3088 chars]",climate
"{'id': None, 'name': 'Biztoc.com'}",youtube.com,"Climate Change Minister Chris Bowen focused on 'results', not Trump-PM meeting | Insiders | ABC News","This week, David Speers interviews Chris Bowen from New York, discussing the governments new 2035 emissions target.",https://biztoc.com/x/31d10f6a3c78673a,https://biztoc.com/cdn/31d10f6a3c78673a_s.webp,2025-09-21T03:51:04Z,"This week, David Speers interviews Chris Bowen from New York, discussing the governments new 2035 emissions target.
This story appeared on youtube.com, 2025-09-21 02:23:44.",climate
"{'id': None, 'name': 'Science Daily'}",,Strange new hybrid bird spotted in Texas backyard,"In Texas, biologists have documented an extraordinary bird — the natural hybrid offspring of a green jay and a blue jay. Once separated by millions of years of evolution and distinct ranges, the two species were brought together as climate change expanded the…",https://www.sciencedaily.com/releases/2025/09/250920214309.htm,https://www.sciencedaily.com/images/1920/rare-hybrid-bird-grue-jay.webp,2025-09-21T03:45:10Z,"Biologists at The University of Texas at Austin, who have reported discovering a bird that's the natural result of a green jay and a blue jay's mating, say it may be among the first examples of a hyb… [+4150 chars]",climate
"{'id': 'marca', 'name': 'Marca'}",marca.com,New Xbox pricing has gamers fearful of the next generation of consoles,"The video game industry is always changing, and it has always been susceptible to economic conditions around the world. Like many other industries, it hasn&apos;t been impervious t",https://www.marca.com/en/technology/gaming/2025/09/21/68cf6288e2704e96498b457a.html,https://e01-phantom-marca.uecdn.es/fdececf7f265a965cefc9a12b94b1a14/resize/1200/f/webp/assets/multimedia/imagenes/2025/09/21/17584226579114.png,2025-09-21T03:16:34Z,"The video game industry is always changing, and it has always been susceptible to economic conditions around the world. Like many other industries, it hasn't been impervious to the current financial … [+1487 chars]",climate
"{'id': None, 'name': 'Digital Journal'}",AFP,Guinea to vote in constitutional referendum boycotted by opposition,"Four years after the military seized power, Guineans will finally vote Sunday on a new draft constitution that would pave the way for elections but also permit the country’s junta leader to run for president, in a referendum boycotted by the opposition. The v…",https://www.digitaljournal.com/?p=3809572,,2025-09-21T03:07:20Z,"Four years after the military seized power, Guineans will finally vote Sunday on a new draft constitution that would pave the way for elections but also permit the country’s junta leader to run for p… [+4162 chars]",climate
"{'id': None, 'name': 'International Business Times'}",Lucie PEYTERMANN,Guinea To Vote In Constitutional Referendum Boycotted By Opposition,"Four years after the military seized power, Guineans will finally vote Sunday on a new draft constitution that would pave the way for elections but also permit the country's junta leader to run for president, in a referendum boycotted by the opposition.",https://www.ibtimes.com/guinea-vote-constitutional-referendum-boycotted-opposition-3784058,https://d.ibtimes.com/en/full/4622912/worker-loads-voting-booths-pickup-truck-conakry-eve-countrys-constitutional-referendum.jpg,2025-09-21T03:06:22Z,"Four years after the military seized power, Guineans will finally vote Sunday on a new draft constitution that would pave the way for elections but also permit the country's junta leader to run for p… [+4100 chars]",climate
"{'id': None, 'name': 'Forbes'}","Layne Randolph, Contributor, 
 Layne Randolph, Contributor
 https://www.forbes.com/sites/laynerandolph/",Why Sheep Are Showing Up In Vineyards Everywhere,"For winemakers seeking regenerative, biodynamic practices and enhanced fruit flavor, sheep grazing is where the ancient and the innovative converge.",https://www.forbes.com/sites/laynerandolph/2025/09/20/why-sheep-are-showing-up-in-vineyards-everywhere/,https://imageio.forbes.com/specials-images/imageserve/68cf1c6df14dd561ee08e1c9/0x0.jpg?format=jpg&height=900&width=1600&fit=bounds,2025-09-21T01:48:05Z,"PITMINSTER, UNITED KINGDOM - MARCH 07: Newborn Lambs are seen roaming the fields at Somerset Sheep Trekking on March 07, 2024 in Pitminster, United Kingdom. (Photo by Harry Trump/Getty Images)
Getty… [+6604 chars]",climate
"{'id': 'abc-news-au', 'name': 'ABC News (AU)'}",Tom Crowley,"Government has not set 2035 renewables target, downplays 90 per cent","In New York for the UN summit, Energy Minister Chris Bowen declines to offer a renewable energy target for 2035 after the Climate Change Authority projected more than 90 per cent would be needed to hit its recommended emissions target.",https://www.abc.net.au/news/2025-09-21/government-yet-to-set-2035-renewables-target/105798906,https://live-production.wcms.abc-cdn.net.au/f6fe59aa28096d6019564d8c5570a8db?impolicy=wcms_watermark_news&cropH=576&cropW=1024&xPos=0&yPos=0&width=862&height=485&imformat=generic,2025-09-21T00:39:16Z,"Australia has not set a renewable energy target to match its 2035 climate goal, with minister Chris Bowen distancing himself from the suggestion a near-complete renewables rollout would be needed. 
… [+3764 chars]",climate
"{'id': None, 'name': 'Antaranews.com'}","Fathur Rochman, Kuntum Khaira Riswan",Prabowo arrives in New York for 80th UN General Assembly,"President Prabowo Subianto landed at John F. Kennedy International Airport in New York at 4:50 p.m. local time on Saturday, marking the start of his official ...",https://en.antaranews.com/news/381244/prabowo-arrives-in-new-york-for-80th-un-general-assembly,https://cdn.antaranews.com/cache/1200x800/2025/09/21/1000037732.jpg,2025-09-21T00:38:43Z,"New York (ANTARA) - President Prabowo Subianto landed at John F. Kennedy International Airport in New York at 4:50 p.m. local time on Saturday, marking the start of his official visit for the 80th UN… [+1959 chars]",climate
"{'id': None, 'name': 'Biztoc.com'}",newsweek.com,Thousands Protest on NYC Streets Ahead of Climate Week,Climate activists marched through Manhattan targeting billionaires ahead of Climate Week NYC's September 21-28 events.,https://biztoc.com/x/a8105a47daacb60a,https://biztoc.com/cdn/950/og.png,2025-09-21T00:14:35Z,"Climate activists marched through Manhattan targeting billionaires ahead of Climate Week NYC's September 21-28 events.
This story appeared on newsweek.com, 2025-09-21 00:08:58.",climate
"{'id': None, 'name': 'Hoover.org'}","September 21, 2025","Articles On: Chinese Rare Earth Licenses, Climate Plans, Lung Cancer, and Zambia",China is the world’s largest emitter of greenhouse gases and generates enormous pollution and environmental degradation. This section highlights the activities carried out by entities controlled by the Chinese Communist Party that harm our environment.,https://www.hoover.org/research/articles-chinese-rare-earth-licenses-climate-plans-lung-cancer-and-zambia-0,https://www.hoover.org/sites/default/files/styles/facebook/public/research/images/csgp_environmental.jpg?h=2d9e26d4&itok=wpDLG93u,2025-09-21T00:00:00Z,"Located on the campus of Stanford University and in Washington, DC, the Hoover Institution is the nations preeminent research center dedicated to generating policy ideas that promote economic prosper… [+62 chars]",climate
