source,author,title,description,url,urlToImage,publishedAt,content,topic
"{'id': None, 'name': 'ETF Daily News'}",MarketBeat News,"Jacobs Levy Equity Management Inc. Has $2.14 Million Stock Holdings in GRAIL, Inc. $GRAL","Jacobs Levy Equity Management Inc. cut its holdings in shares of GRAIL, Inc. (NASDAQ:GRAL – Free Report) by 91.8% during the 1st quarter, according to the company in its most recent filing with the Securities and Exchange Commission (SEC). The firm owned 83,5…",https://www.etfdailynews.com/2025/09/11/jacobs-levy-equity-management-inc-has-2-14-million-stock-holdings-in-grail-inc-gral/,https://www.americanbankingnews.com/wp-content/timthumb/timthumb.php?src=https://www.marketbeat.com/logos/grail-inc-logo-1200x675.png?v=20240826165615&w=240&h=240&zc=2,2025-09-11T08:23:40Z,"Jacobs Levy Equity Management Inc. cut its holdings in shares of GRAIL, Inc. (NASDAQ:GRAL – Free Report) by 91.8% during the 1st quarter, according to the company in its most recent filing with the S… [+4508 chars]",technology
"{'id': None, 'name': 'ETF Daily News'}",MarketBeat News,"Jacobs Levy Equity Management Inc. Purchases 373,875 Shares of Rackspace Technology, Inc. $RXT","Jacobs Levy Equity Management Inc. grew its position in shares of Rackspace Technology, Inc. (NASDAQ:RXT – Free Report) by 42.4% during the 1st quarter, according to its most recent Form 13F filing with the Securities and Exchange Commission. The fund owned 1…",https://www.etfdailynews.com/2025/09/11/jacobs-levy-equity-management-inc-purchases-373875-shares-of-rackspace-technology-inc-rxt/,https://www.americanbankingnews.com/wp-content/timthumb/timthumb.php?src=https://www.marketbeat.com/logos/rackspace-technology-inc-logo-1200x675.png?v=20221207145454&w=240&h=240&zc=2,2025-09-11T08:23:38Z,"Jacobs Levy Equity Management Inc. grew its position in shares of Rackspace Technology, Inc. (NASDAQ:RXT – Free Report) by 42.4% during the 1st quarter, according to its most recent Form 13F filing w… [+5249 chars]",technology
"{'id': None, 'name': 'ETF Daily News'}",MarketBeat News,"Inogen, Inc $INGN Shares Sold by Jacobs Levy Equity Management Inc.","Jacobs Levy Equity Management Inc. lowered its holdings in Inogen, Inc (NASDAQ:INGN – Free Report) by 2.9% in the first quarter, according to its most recent disclosure with the SEC. The institutional investor owned 294,717 shares of the medical technology co…",https://www.etfdailynews.com/2025/09/11/inogen-inc-ingn-shares-sold-by-jacobs-levy-equity-management-inc/,https://www.americanbankingnews.com/wp-content/timthumb/timthumb.php?src=https://www.marketbeat.com/logos/inogen-inc-logo-1200x675.png?v=20240529124407&w=240&h=240&zc=2,2025-09-11T08:23:37Z,"Jacobs Levy Equity Management Inc. lowered its holdings in Inogen, Inc (NASDAQ:INGN – Free Report) by 2.9% in the first quarter, according to its most recent disclosure with the SEC. The institutiona… [+3787 chars]",technology
"{'id': None, 'name': 'ETF Daily News'}",MarketBeat News,"Jacobs Levy Equity Management Inc. Cuts Stake in Zillow Group, Inc. $ZG","Jacobs Levy Equity Management Inc. reduced its stake in shares of Zillow Group, Inc. (NASDAQ:ZG – Free Report) by 1.0% during the 1st quarter, according to the company in its most recent 13F filing with the Securities and Exchange Commission (SEC). The firm o…",https://www.etfdailynews.com/2025/09/11/jacobs-levy-equity-management-inc-cuts-stake-in-zillow-group-inc-zg/,https://www.americanbankingnews.com/wp-content/timthumb/timthumb.php?src=https://www.marketbeat.com/logos/zillow-group-inc--class-a-logo-1200x675.jpg&w=240&h=240&zc=2,2025-09-11T08:23:37Z,"Jacobs Levy Equity Management Inc. reduced its stake in shares of Zillow Group, Inc. (NASDAQ:ZG – Free Report) by 1.0% during the 1st quarter, according to the company in its most recent 13F filing w… [+5726 chars]",technology
"{'id': None, 'name': 'ETF Daily News'}",MarketBeat News,"Jacobs Levy Equity Management Inc. Makes New $1.71 Million Investment in QuinStreet, Inc. $QNST","Jacobs Levy Equity Management Inc. purchased a new position in shares of QuinStreet, Inc. (NASDAQ:QNST – Free Report) during the first quarter, according to its most recent 13F filing with the Securities and Exchange Commission (SEC). The institutional invest…",https://www.etfdailynews.com/2025/09/11/jacobs-levy-equity-management-inc-makes-new-1-71-million-investment-in-quinstreet-inc-qnst/,https://www.americanbankingnews.com/wp-content/timthumb/timthumb.php?src=https://www.marketbeat.com/logos/quinstreet-inc-logo-1200x675.png?v=20221208103533&w=240&h=240&zc=2,2025-09-11T08:23:36Z,"Jacobs Levy Equity Management Inc. purchased a new position in shares of QuinStreet, Inc. (NASDAQ:QNST – Free Report) during the first quarter, according to its most recent 13F filing with the Securi… [+4209 chars]",technology
"{'id': None, 'name': 'ETF Daily News'}",MarketBeat News,Jacobs Levy Equity Management Inc. Takes $2.14 Million Position in Informatica Inc. $INFA,"Jacobs Levy Equity Management Inc. acquired a new stake in Informatica Inc. (NYSE:INFA – Free Report) in the 1st quarter, HoldingsChannel reports. The fund acquired 122,692 shares of the technology company’s stock, valued at approximately $2,141,000. Other in…",https://www.etfdailynews.com/2025/09/11/jacobs-levy-equity-management-inc-takes-2-14-million-position-in-informatica-inc-infa/,https://www.americanbankingnews.com/wp-content/timthumb/timthumb.php?src=https://www.marketbeat.com/logos/informatica-inc-logo-1200x675.png?v=20240221105241&w=240&h=240&zc=2,2025-09-11T08:23:35Z,"Jacobs Levy Equity Management Inc. acquired a new stake in Informatica Inc. (NYSE:INFA – Free Report) in the 1st quarter, HoldingsChannel reports. The fund acquired 122,692 shares of the technology c… [+6411 chars]",technology
"{'id': None, 'name': 'ETF Daily News'}",MarketBeat News,Jacobs Levy Equity Management Inc. Grows Stock Holdings in Xerox Holdings Co. $XRX,"Jacobs Levy Equity Management Inc. lifted its stake in Xerox Holdings Co. (NYSE:XRX – Free Report) by 389.8% in the first quarter, according to the company in its most recent disclosure with the Securities and Exchange Commission. The firm owned 484,950 share…",https://www.etfdailynews.com/2025/09/11/jacobs-levy-equity-management-inc-grows-stock-holdings-in-xerox-holdings-co-xrx/,https://www.americanbankingnews.com/wp-content/timthumb/timthumb.php?src=https://www.marketbeat.com/logos/xerox-corp-logo-1200x675.jpg&w=240&h=240&zc=2,2025-09-11T08:23:34Z,"Jacobs Levy Equity Management Inc. lifted its stake in Xerox Holdings Co. (NYSE:XRX – Free Report) by 389.8% in the first quarter, according to the company in its most recent disclosure with the Secu… [+5436 chars]",technology
"{'id': None, 'name': 'ETF Daily News'}",MarketBeat News,"Jacobs Levy Equity Management Inc. Sells 9,294 Shares of Mistras Group Inc $MG","Jacobs Levy Equity Management Inc. lessened its stake in Mistras Group Inc (NYSE:MG – Free Report) by 4.2% in the first quarter, according to the company in its most recent disclosure with the Securities & Exchange Commission. The institutional investor owned…",https://www.etfdailynews.com/2025/09/11/jacobs-levy-equity-management-inc-sells-9294-shares-of-mistras-group-inc-mg/,https://www.americanbankingnews.com/wp-content/timthumb/timthumb.php?src=https://www.marketbeat.com/logos/mistras-group-incorporated-logo-1200x675.jpg&w=240&h=240&zc=2,2025-09-11T08:23:34Z,"Jacobs Levy Equity Management Inc. lessened its stake in Mistras Group Inc (NYSE:MG – Free Report) by 4.2% in the first quarter, according to the company in its most recent disclosure with the Securi… [+3998 chars]",technology
"{'id': None, 'name': 'Hurriyet Daily News'}",hurriyetdailynews.com,TV channels seized as Turkish conglomerate hit by money laundering probe,"Prosecutors on Sept. 11 seized control of a 121-company Turkish conglomerate, which includes three major television stations, ordering the detention of 10 of its executives on money laundering charges.",https://www.hurriyetdailynews.com/tv-channels-seized-as-turkish-conglomerate-hit-by-money-laundering-probe-213475,https://image.hurimg.com/i/hurriyet/75/200x200/68c286f9fe682bd03a46cf7c.jpg,2025-09-11T08:23:23Z,"ISTANBUL
Prosecutors on Sept. 11 seized control of a 121-company Turkish conglomerate, which includes three major television stations, ordering the detention of 10 of its executives on money launder… [+2004 chars]",technology
"{'id': None, 'name': 'ETF Daily News'}",MarketBeat News,"Alliancebernstein L.P. Sells 576,214 Shares of Tempus AI, Inc. $TEM","Alliancebernstein L.P. trimmed its stake in Tempus AI, Inc. (NASDAQ:TEM – Free Report) by 61.0% during the 1st quarter, according to its most recent disclosure with the Securities and Exchange Commission. The institutional investor owned 368,919 shares of the…",https://www.etfdailynews.com/2025/09/11/alliancebernstein-l-p-sells-576214-shares-of-tempus-ai-inc-tem/,https://www.americanbankingnews.com/wp-content/timthumb/timthumb.php?src=https://www.marketbeat.com/logos/tempus-ai-inc-logo-1200x675.png?v=20250520082054&w=240&h=240&zc=2,2025-09-11T08:21:27Z,"Alliancebernstein L.P. trimmed its stake in Tempus AI, Inc. (NASDAQ:TEM – Free Report) by 61.0% during the 1st quarter, according to its most recent disclosure with the Securities and Exchange Commis… [+5369 chars]",technology
"{'id': None, 'name': 'Finextra'}",Editorial Team,Lava Network to provide blockchain data interface for Fireblocks and Wyoming stablecoin,"Lava Network, the data infrastructure protocol for enterprise blockchain, unveils its end-to-end RPC engine to power the next generation of stablecoins and tokenization use cases, starting with Fireblocks and Wyoming’s state-sponsored stablecoin.",https://www.finextra.com/pressarticle/107030/lava-network-to-provide-blockchain-data-interface-for-fireblocks-and-wyoming-stablecoin,https://www.finextra.com/about/finextra-logo.png,2025-09-11T08:20:42Z,"Lava Network, the data infrastructure protocol for enterprise blockchain, unveils its end-to-end RPC engine to power the next generation of stablecoins and tokenization use cases, starting with Fireb… [+2594 chars]",technology
"{'id': None, 'name': 'Android Headlines'}",Akshay Kumar,OPPO Find X9 Range to Feature Ultra-Thin Bezels and Monster Batteries,An OPPO executive has revealed the design and battery capacities of the upcoming Find X9 series of flagship phones. Read more...,https://www.androidheadlines.com/2025/09/oppo-find-x9-range-to-feature-ultra-thin-bezels-and-monster-batteries.html,https://www.androidheadlines.com/wp-content/uploads/2025/04/OPPO-Find-X8-Ultra-AM-AH-08.jpg,2025-09-11T08:20:05Z,"OPPO is all set to unveil the Find X9 series of flagship smartphones in the coming weeks. Ahead of the launch, several leaks and even official teasers have revealed a handful of details regarding the… [+1968 chars]",technology
"{'id': 'financial-post', 'name': 'Financial Post'}",Bloomberg News,Octopus Energy Opens Door to Bring Chinese Wind Turbines to UK,"Octopus Energy, the UK’s biggest supplier of power and gas, struck a deal that may bring Chinese wind turbines to Britain for the first time.",https://financialpost.com/pmn/business-pmn/octopus-energy-opens-door-to-bring-chinese-wind-turbines-to-uk,,2025-09-11T08:19:40Z,"(Bloomberg) Octopus Energy, the UKs biggest supplier of power and gas, struck a deal that may bring Chinese wind turbines to Britain for the first time.
THIS CONTENT IS RESERVED FOR SUBSCRIBERS ONLY… [+4292 chars]",technology
"{'id': None, 'name': 'Ndtvprofit.com'}",NDTV Profit Desk,Amit Shah Introduces Fast-Track Immigration At Various Airport Virtually,Union Home and Cooperation Minister inaugurated Fast Track Immigration-Trusted Traveller Programme at various airports Thursday virtually. The program fastracks the process of verifying pre-verified Indian nationals and Overseas Citizen of India cardholders.,https://www.ndtvprofit.com/nation/amit-shah-introduces-fast-track-immigration-at-various-airport-virtually,https://media.assettype.com/bloombergquint%2F2024-05%2F129aee8a-a581-4596-a65a-9718a7d68e6f%2FAmit_Shah_Hero_Image.png?rect=0%2C0%2C1280%2C672&w=1200&auto=format%2Ccompress&ogImage=true,2025-09-11T08:18:33Z,The Union Home and Cooperation Minister inaugurated the Fast Track Immigration-Trusted Traveller Programme at various airports Thursday virtually. The programme fast-tracks the process of verifying p… [+2541 chars],technology
"{'id': None, 'name': 'PhoneArena'}",Polina Kovalakova,The Pixel 9 is back in the spotlight thanks to Amazon's smashing $200 discount,You can now get a solid price cut on the 256GB Google Pixel 9 at Amazon.,https://www.phonearena.com/news/pixel-9-smashing-discount_id173937,https://m-cdn.phonearena.com/images/article/173937-wide-two_1200/The-Pixel-9-is-back-in-the-spotlight-thanks-to-Amazons-smashing-200-discount.jpg,2025-09-11T08:16:52Z,"After over a month of absence in the deals segment, the Google Pixel 9 is once again in the spotlight! Amazon just dropped a solid $200 discount on select 256GB models, bringing them to just under $7… [+2286 chars]",technology
"{'id': None, 'name': 'ETF Daily News'}",MarketBeat News,Visteon (NASDAQ:VC) Price Target Raised to $140.00 at Bank of America,"Visteon (NASDAQ:VC – Free Report) had its price objective raised by Bank of America from $130.00 to $140.00 in a research report released on Wednesday morning,Benzinga reports. The firm currently has a buy rating on the stock. A number of other equities resea…",https://www.etfdailynews.com/2025/09/11/visteon-nasdaqvc-price-target-raised-to-140-00-at-bank-of-america/,https://www.americanbankingnews.com/wp-content/timthumb/timthumb.php?src=https://www.marketbeat.com/logos/visteon-co-logo.png?v=20240502162825&w=240&h=240&zc=2,2025-09-11T08:15:45Z,"Visteon (NASDAQ:VC – Free Report) had its price objective raised by Bank of America from $130.00 to $140.00 in a research report released on Wednesday morning,Benzinga reports. The firm currently has… [+6067 chars]",technology
"{'id': None, 'name': 'ETF Daily News'}",MarketBeat News,Cantor Fitzgerald Reiterates Overweight Rating for Rubrik (NYSE:RBRK),"Cantor Fitzgerald restated their overweight rating on shares of Rubrik (NYSE:RBRK – Free Report) in a report issued on Wednesday,Benzinga reports. Cantor Fitzgerald currently has a $115.00 price objective on the stock. A number of other research analysts have…",https://www.etfdailynews.com/2025/09/11/cantor-fitzgerald-reiterates-overweight-rating-for-rubrik-nyserbrk/,https://www.americanbankingnews.com/wp-content/timthumb/timthumb.php?src=https://www.marketbeat.com/logos/rubrik-inc-logo.png?v=20250520075833&w=240&h=240&zc=2,2025-09-11T08:14:51Z,"Cantor Fitzgerald restated their overweight rating on shares of Rubrik (NYSE:RBRK – Free Report) in a report issued on Wednesday,Benzinga reports. Cantor Fitzgerald currently has a $115.00 price obje… [+5449 chars]",technology
"{'id': None, 'name': 'ETF Daily News'}",MarketBeat News,"Alliancebernstein L.P. Buys 426,829 Shares of SoFi Technologies, Inc. $SOFI","Alliancebernstein L.P. boosted its stake in SoFi Technologies, Inc. (NASDAQ:SOFI – Free Report) by 33.2% in the 1st quarter, according to its most recent disclosure with the Securities and Exchange Commission (SEC). The firm owned 1,713,527 shares of the comp…",https://www.etfdailynews.com/2025/09/11/alliancebernstein-l-p-buys-426829-shares-of-sofi-technologies-inc-sofi/,https://www.americanbankingnews.com/wp-content/timthumb/timthumb.php?src=https://www.marketbeat.com/logos/sofi-technologies-inc-logo-1200x675.jpg?v=20210625095840&w=240&h=240&zc=2,2025-09-11T08:14:01Z,"Alliancebernstein L.P. boosted its stake in SoFi Technologies, Inc. (NASDAQ:SOFI – Free Report) by 33.2% in the 1st quarter, according to its most recent disclosure with the Securities and Exchange C… [+6391 chars]",technology
"{'id': None, 'name': 'ETF Daily News'}",MarketBeat News,Promising Battery Technology Stocks To Follow Today – September 9th,"American Battery Technology, Tetra Technologies, Bollinger Innovations, Platinum Group Metals, and NOVONIX are the five Battery Technology stocks to watch today, according to MarketBeat’s stock screener tool. Battery technology stocks are shares of publicly t…",https://www.etfdailynews.com/2025/09/11/promising-battery-technology-stocks-to-follow-today-september-9th/,https://www.americanbankingnews.com/wp-content/timthumb/timthumb.php?src=https://www.marketbeat.com/logos/american-battery-technology-logo-1200x675.jpg?v=20240611081245&w=240&h=240&zc=2,2025-09-11T08:13:58Z,"American Battery Technology, Tetra Technologies, Bollinger Innovations, Platinum Group Metals, and NOVONIX are the five Battery Technology stocks to watch today, according to MarketBeat’s stock scree… [+2821 chars]",technology
"{'id': None, 'name': 'ETF Daily News'}",MarketBeat News,Top Casino Stocks To Keep An Eye On – September 8th,"Flutter Entertainment, Sharplink Gaming, and DraftKings are the three Casino stocks to watch today, according to MarketBeat’s stock screener tool. Casino stocks are shares of publicly traded companies whose primary business is operating casinos and related ga…",https://www.etfdailynews.com/2025/09/11/top-casino-stocks-to-keep-an-eye-on-september-8th/,https://www.americanbankingnews.com/wp-content/timthumb/timthumb.php?src=https://www.marketbeat.com/logos/flutter-entertainment-plc-logo-1200x675.png?v=20221103115241&w=240&h=240&zc=2,2025-09-11T08:13:54Z,"Flutter Entertainment, Sharplink Gaming, and DraftKings are the three Casino stocks to watch today, according to MarketBeat’s stock screener tool. Casino stocks are shares of publicly traded companie… [+1956 chars]",technology
"{'id': None, 'name': 'ETF Daily News'}",MarketBeat News,Promising Canadian Stocks To Add to Your Watchlist – September 8th,"Celsius, CSX, Canadian Natural Resources, Canadian National Railway, and Cenovus Energy are the five Canadian stocks to watch today, according to MarketBeat’s stock screener tool. Canadian stocks are equity shares issued by companies headquartered in Canada a…",https://www.etfdailynews.com/2025/09/11/promising-canadian-stocks-to-add-to-your-watchlist-september-8th/,https://www.americanbankingnews.com/wp-content/timthumb/timthumb.php?src=https://www.marketbeat.com/logos/celsius-holdings-inc-logo-1200x675.png?v=20240125102547&w=240&h=240&zc=2,2025-09-11T08:13:53Z,"Celsius, CSX, Canadian Natural Resources, Canadian National Railway, and Cenovus Energy are the five Canadian stocks to watch today, according to MarketBeat’s stock screener tool. Canadian stocks are… [+3238 chars]",technology
"{'id': None, 'name': 'ETF Daily News'}",MarketBeat News,Dividend Stocks To Watch Now – September 9th,"ProShares UltraPro Short QQQ, Exxon Mobil, Direxion Daily TSLA Bull 2X Shares, JD.com, and AT&T are the five Dividend stocks to watch today, according to MarketBeat’s stock screener tool. Dividend stocks are shares of companies that distribute a portion of th…",https://www.etfdailynews.com/2025/09/11/dividend-stocks-to-watch-now-september-9th/,https://www.americanbankingnews.com/wp-content/timthumb/timthumb.php?src=https://www.marketbeat.com/logos/proshares-ultrapro-short-qqq-logo-1200x675.png?v=20210709132613&w=240&h=240&zc=2,2025-09-11T08:13:51Z,"ProShares UltraPro Short QQQ, Exxon Mobil, Direxion Daily TSLA Bull 2X Shares, JD.com, and AT&amp;T are the five Dividend stocks to watch today, according to MarketBeat’s stock screener tool. Dividen… [+2336 chars]",technology
"{'id': None, 'name': 'ETF Daily News'}",MarketBeat News,Top Grocery Stocks To Consider – September 9th,"Nebius Group, Berkshire Hathaway, Costco Wholesale, Walmart, and Uber Technologies are the five Grocery stocks to watch today, according to MarketBeat’s stock screener tool. Grocery stocks are shares of publicly traded companies involved in the production, di…",https://www.etfdailynews.com/2025/09/11/top-grocery-stocks-to-consider-september-9th/,https://www.americanbankingnews.com/wp-content/timthumb/timthumb.php?src=https://www.marketbeat.com/logos/nebius-group-nv-logo-1200x675.png?v=20250520081305&w=240&h=240&zc=2,2025-09-11T08:13:50Z,"Nebius Group, Berkshire Hathaway, Costco Wholesale, Walmart, and Uber Technologies are the five Grocery stocks to watch today, according to MarketBeat’s stock screener tool. Grocery stocks are shares… [+3620 chars]",technology
"{'id': None, 'name': 'ETF Daily News'}",MarketBeat News,Top Penny Stocks To Follow Now – September 9th,"Alta Global Group, iSpecimen, Wolfspeed, Youlife Group, Big Tree Cloud, Bitfarms, and 707 Cayman are the seven Penny stocks to watch today, according to MarketBeat’s stock screener tool. Penny stocks are shares of small companies that typically trade for less…",https://www.etfdailynews.com/2025/09/11/top-penny-stocks-to-follow-now-september-9th/,https://www.americanbankingnews.com/wp-content/timthumb/timthumb.php?src=https://www.marketbeat.com/logos/alta-global-group-limited-logo-1200x675.png?v=20240412142045&w=240&h=240&zc=2,2025-09-11T08:13:49Z,"Alta Global Group, iSpecimen, Wolfspeed, Youlife Group, Big Tree Cloud, Bitfarms, and 707 Cayman are the seven Penny stocks to watch today, according to MarketBeat’s stock screener tool. Penny stocks… [+3577 chars]",technology
"{'id': None, 'name': 'ETF Daily News'}",MarketBeat News,Best Electric Vehicle Stocks To Follow Today – September 8th,"Tesla, Baidu, QuantumScape, Rivian Automotive, and NIO are the five Electric Vehicle stocks to watch today, according to MarketBeat’s stock screener tool. Electric vehicle stocks are shares of publicly traded companies involved in the design, manufacture, or …",https://www.etfdailynews.com/2025/09/11/best-electric-vehicle-stocks-to-follow-today-september-8th/,https://www.americanbankingnews.com/wp-content/timthumb/timthumb.php?src=https://www.marketbeat.com/logos/tesla-inc-logo-1200x675.png?v=20221020135629&w=240&h=240&zc=2,2025-09-11T08:13:47Z,"Tesla, Baidu, QuantumScape, Rivian Automotive, and NIO are the five Electric Vehicle stocks to watch today, according to MarketBeat’s stock screener tool. Electric vehicle stocks are shares of public… [+2872 chars]",technology
"{'id': None, 'name': 'ETF Daily News'}",MarketBeat News,Best Defense Stocks To Add to Your Watchlist – September 8th,"EchoStar, Celestica, Boeing, Rocket Lab, and Citigroup are the five Defense stocks to watch today, according to MarketBeat’s stock screener tool. Defense stocks are shares of publicly traded companies that design, manufacture, and service military and nationa…",https://www.etfdailynews.com/2025/09/11/best-defense-stocks-to-add-to-your-watchlist-september-8th/,https://www.americanbankingnews.com/wp-content/timthumb/timthumb.php?src=https://www.marketbeat.com/logos/echostar-co-logo-1200x675.jpg&w=240&h=240&zc=2,2025-09-11T08:13:43Z,"EchoStar, Celestica, Boeing, Rocket Lab, and Citigroup are the five Defense stocks to watch today, according to MarketBeat’s stock screener tool. Defense stocks are shares of publicly traded companie… [+3633 chars]",technology
"{'id': None, 'name': 'ETF Daily News'}",MarketBeat News,Streaming Stocks To Add to Your Watchlist – September 9th,"NVIDIA, AppLovin, EchoStar, Spotify Technology, and Warner Bros. Discovery are the five Streaming stocks to watch today, according to MarketBeat’s stock screener tool. Streaming stocks are shares of publicly traded companies whose core business is delivering …",https://www.etfdailynews.com/2025/09/11/streaming-stocks-to-add-to-your-watchlist-september-9th/,https://www.americanbankingnews.com/wp-content/timthumb/timthumb.php?src=https://www.marketbeat.com/logos/nvidia-co-logo-1200x675.jpg?v=20221020142916&w=240&h=240&zc=2,2025-09-11T08:13:41Z,"NVIDIA, AppLovin, EchoStar, Spotify Technology, and Warner Bros. Discovery are the five Streaming stocks to watch today, according to MarketBeat’s stock screener tool. Streaming stocks are shares of … [+4072 chars]",technology
"{'id': None, 'name': 'ETF Daily News'}",MarketBeat News,Automotive Stocks To Follow Now – September 8th,"Tesla, NVIDIA, Micron Technology, Taiwan Semiconductor Manufacturing, and Salesforce are the five Automotive stocks to watch today, according to MarketBeat’s stock screener tool. Automotive stocks are shares of publicly traded companies involved in the design…",https://www.etfdailynews.com/2025/09/11/automotive-stocks-to-follow-now-september-8th/,https://www.americanbankingnews.com/wp-content/timthumb/timthumb.php?src=https://www.marketbeat.com/logos/tesla-inc-logo-1200x675.png?v=20221020135629&w=240&h=240&zc=2,2025-09-11T08:13:36Z,"Tesla, NVIDIA, Micron Technology, Taiwan Semiconductor Manufacturing, and Salesforce are the five Automotive stocks to watch today, according to MarketBeat’s stock screener tool. Automotive stocks ar… [+3642 chars]",technology
"{'id': None, 'name': 'ETF Daily News'}",MarketBeat News,Top Cryptocurrency Stocks To Keep An Eye On – September 8th,"Robinhood Markets, Galaxy Digital, Cellebrite DI, HIVE Digital Technologies, and Bitdeer Technologies Group are the five Cryptocurrency stocks to watch today, according to MarketBeat’s stock screener tool. Cryptocurrency stocks are shares of publicly listed c…",https://www.etfdailynews.com/2025/09/11/top-cryptocurrency-stocks-to-keep-an-eye-on-september-8th/,https://www.americanbankingnews.com/wp-content/timthumb/timthumb.php?src=https://www.marketbeat.com/logos/robinhood-markets-inc-logo-1200x675.png?v=20210729133331&w=240&h=240&zc=2,2025-09-11T08:13:30Z,"Robinhood Markets, Galaxy Digital, Cellebrite DI, HIVE Digital Technologies, and Bitdeer Technologies Group are the five Cryptocurrency stocks to watch today, according to MarketBeat’s stock screener… [+3048 chars]",technology
"{'id': None, 'name': 'ComputerWeekly.com'}",Joe O’Halloran,IAA Mobility: Mercedes-Benz gears up AI-driven experiences in all-electric vehicles,"Digital Chassis powers the next-generation MBUX system in CLA and all-new electric GLC car range to deliver immersive, AI-driven in-cabin functionality, real-time assistance and 5G connectivity",https://www.computerweekly.com/news/366630484/IAA-Mobility-Mercedes-Benz-gears-up-AI-driven-experiences-in-all-electric-vehicles,https://www.computerweekly.com/visuals/ComputerWeekly/Hero Images/Mercedes-Benz-GLC-2025-hero.jpg,2025-09-11T08:13:00Z,"MercedesBenz has launched an all-electric version of its GLC car line, which it has claimed advances the software-defined vehicle (SDV) and sets new benchmarks for intelligent, connected and user-cen… [+3544 chars]",technology
"{'id': None, 'name': 'Ndtvprofit.com'}",NDTV Profit Desk,GMDC Share Price Falls 14% From Day's High,GMDC share price erased morning gains to extend decline for third consecutive trading session. The stock has fallen over 14% from its intraday high on Thursday.,https://www.ndtvprofit.com/markets/gmdc-share-price-falls-14-from-days-high,https://media.assettype.com/bloombergquint%2F2025-09-08%2Fp3t1k9ls%2Fsilver-mining-potosi-bolivia-2024-12-05-07-44-27-utc-1.jpg?rect=0%2C0%2C2560%2C1344&w=1200&auto=format%2Ccompress&ogImage=true,2025-09-11T08:12:53Z,"GMDC share price erased morning gains to extend decline for third consecutive trading session. The stock has fallen over 14% from its intraday high on Thursday.
Prior to Tuesday's decline, shares of… [+1081 chars]",technology
"{'id': None, 'name': 'ETF Daily News'}",MarketBeat News,"Alliancebernstein L.P. Lowers Holdings in Pure Storage, Inc. $PSTG","Alliancebernstein L.P. decreased its position in Pure Storage, Inc. (NYSE:PSTG – Free Report) by 1.3% in the first quarter, according to its most recent Form 13F filing with the SEC. The firm owned 521,164 shares of the technology company’s stock after sellin…",https://www.etfdailynews.com/2025/09/11/alliancebernstein-l-p-lowers-holdings-in-pure-storage-inc-pstg/,https://www.americanbankingnews.com/wp-content/timthumb/timthumb.php?src=https://www.marketbeat.com/logos/pure-storage-inc-logo-1200x675.png&w=240&h=240&zc=2,2025-09-11T08:12:39Z,"Alliancebernstein L.P. decreased its position in Pure Storage, Inc. (NYSE:PSTG – Free Report) by 1.3% in the first quarter, according to its most recent Form 13F filing with the SEC. The firm owned 5… [+5690 chars]",technology
"{'id': None, 'name': 'ETF Daily News'}",MarketBeat News,Video Game Stocks To Follow Today – September 9th,"Walmart, Target, Five Below, Take-Two Interactive Software, TKO Group, Dolby Laboratories, and Adeia are the seven Video Game stocks to watch today, according to MarketBeat’s stock screener tool. Video game stocks are the publicly traded shares of companies w…",https://www.etfdailynews.com/2025/09/11/video-game-stocks-to-follow-today-september-9th/,https://www.americanbankingnews.com/wp-content/timthumb/timthumb.php?src=https://www.marketbeat.com/logos/wmt_logo_2-1200x675.JPG&w=240&h=240&zc=2,2025-09-11T08:12:35Z,"Walmart, Target, Five Below, Take-Two Interactive Software, TKO Group, Dolby Laboratories, and Adeia are the seven Video Game stocks to watch today, according to MarketBeat’s stock screener tool. Vid… [+4550 chars]",technology
"{'id': None, 'name': 'ETF Daily News'}",MarketBeat News,"Alliancebernstein L.P. Has $19.97 Million Stake in Guidewire Software, Inc. $GWRE","Alliancebernstein L.P. increased its position in shares of Guidewire Software, Inc. (NYSE:GWRE – Free Report) by 29.8% during the first quarter, according to the company in its most recent disclosure with the Securities and Exchange Commission. The fund owned…",https://www.etfdailynews.com/2025/09/11/alliancebernstein-l-p-has-19-97-million-stake-in-guidewire-software-inc-gwre/,https://www.americanbankingnews.com/wp-content/timthumb/timthumb.php?src=https://www.marketbeat.com/logos/guidewire-software-inc-logo-1200x675.png?v=20221115171431&w=240&h=240&zc=2,2025-09-11T08:12:34Z,"Alliancebernstein L.P. increased its position in shares of Guidewire Software, Inc. (NYSE:GWRE – Free Report) by 29.8% during the first quarter, according to the company in its most recent disclosure… [+6353 chars]",technology
"{'id': None, 'name': 'ETF Daily News'}",MarketBeat News,"Alliancebernstein L.P. Grows Position in HealthEquity, Inc. $HQY","Alliancebernstein L.P. grew its stake in shares of HealthEquity, Inc. (NASDAQ:HQY – Free Report) by 20.6% in the first quarter, HoldingsChannel.com reports. The firm owned 217,414 shares of the company’s stock after buying an additional 37,068 shares during t…",https://www.etfdailynews.com/2025/09/11/alliancebernstein-l-p-grows-position-in-healthequity-inc-hqy/,https://www.americanbankingnews.com/wp-content/timthumb/timthumb.php?src=https://www.marketbeat.com/logos/healthequity-inc-logo-1200x675.png?v=20240521132849&w=240&h=240&zc=2,2025-09-11T08:12:33Z,"Alliancebernstein L.P. grew its stake in shares of HealthEquity, Inc. (NASDAQ:HQY – Free Report) by 20.6% in the first quarter, HoldingsChannel.com reports. The firm owned 217,414 shares of the compa… [+4781 chars]",technology
"{'id': None, 'name': 'ETF Daily News'}",MarketBeat News,Virtual Reality Stocks To Keep An Eye On – September 9th,"Meta Platforms, Unity Software, GameStop, Best Buy, EPAM Systems, Ambarella, and Kopin are the seven Virtual Reality stocks to watch today, according to MarketBeat’s stock screener tool. Virtual reality stocks are shares of publicly traded companies that deve…",https://www.etfdailynews.com/2025/09/11/virtual-reality-stocks-to-keep-an-eye-on-september-9th/,https://www.americanbankingnews.com/wp-content/timthumb/timthumb.php?src=https://www.marketbeat.com/logos/meta-platforms-inc-logo-1200x675.png?v=20220609084126&w=240&h=240&zc=2,2025-09-11T08:12:33Z,"Meta Platforms, Unity Software, GameStop, Best Buy, EPAM Systems, Ambarella, and Kopin are the seven Virtual Reality stocks to watch today, according to MarketBeat’s stock screener tool. Virtual real… [+4935 chars]",technology
"{'id': None, 'name': 'ETF Daily News'}",MarketBeat News,"Alliancebernstein L.P. Lowers Stake in Extreme Networks, Inc. $EXTR","Alliancebernstein L.P. lowered its stake in shares of Extreme Networks, Inc. (NASDAQ:EXTR – Free Report) by 22.6% in the first quarter, according to the company in its most recent Form 13F filing with the Securities & Exchange Commission. The firm owned 1,508…",https://www.etfdailynews.com/2025/09/11/alliancebernstein-l-p-lowers-stake-in-extreme-networks-inc-extr/,https://www.americanbankingnews.com/wp-content/timthumb/timthumb.php?src=https://www.marketbeat.com/logos/extreme-networks-inc-logo-1200x675.jpg?v=20210730075634&w=240&h=240&zc=2,2025-09-11T08:12:32Z,"Alliancebernstein L.P. lowered its stake in shares of Extreme Networks, Inc. (NASDAQ:EXTR – Free Report) by 22.6% in the first quarter, according to the company in its most recent Form 13F filing wit… [+6153 chars]",technology
"{'id': None, 'name': 'ETF Daily News'}",MarketBeat News,"Zillow Group, Inc. $Z Shares Bought by Alliancebernstein L.P.","Alliancebernstein L.P. raised its stake in Zillow Group, Inc. (NASDAQ:Z – Free Report) by 57.5% in the 1st quarter, HoldingsChannel.com reports. The fund owned 345,153 shares of the financial services provider’s stock after purchasing an additional 126,069 sh…",https://www.etfdailynews.com/2025/09/11/zillow-group-inc-z-shares-bought-by-alliancebernstein-l-p/,https://www.americanbankingnews.com/wp-content/timthumb/timthumb.php?src=https://www.marketbeat.com/logos/zillow-group-inc-logo-1200x675.jpg?v=20221109155218&w=240&h=240&zc=2,2025-09-11T08:12:29Z,"Alliancebernstein L.P. raised its stake in Zillow Group, Inc. (NASDAQ:Z – Free Report) by 57.5% in the 1st quarter, HoldingsChannel.com reports. The fund owned 345,153 shares of the financial service… [+4807 chars]",technology
"{'id': None, 'name': 'ETF Daily News'}",MarketBeat News,"Alliancebernstein L.P. Cuts Stock Position in TTM Technologies, Inc. $TTMI","Alliancebernstein L.P. lessened its holdings in TTM Technologies, Inc. (NASDAQ:TTMI – Free Report) by 36.4% during the first quarter, according to the company in its most recent filing with the Securities and Exchange Commission. The firm owned 940,437 shares…",https://www.etfdailynews.com/2025/09/11/alliancebernstein-l-p-cuts-stock-position-in-ttm-technologies-inc-ttmi/,https://www.americanbankingnews.com/wp-content/timthumb/timthumb.php?src=https://www.marketbeat.com/logos/ttm-tech-logo-1200x675.gif&w=240&h=240&zc=2,2025-09-11T08:12:24Z,"Alliancebernstein L.P. lessened its holdings in TTM Technologies, Inc. (NASDAQ:TTMI – Free Report) by 36.4% during the first quarter, according to the company in its most recent filing with the Secur… [+6373 chars]",technology
"{'id': None, 'name': 'ETF Daily News'}",MarketBeat News,"Alliancebernstein L.P. Buys 34,676 Shares of Coinbase Global, Inc. $COIN","Alliancebernstein L.P. boosted its stake in Coinbase Global, Inc. (NASDAQ:COIN) by 48.0% in the 1st quarter, according to the company in its most recent 13F filing with the Securities & Exchange Commission. The firm owned 106,885 shares of the cryptocurrency …",https://www.etfdailynews.com/2025/09/11/alliancebernstein-l-p-buys-34676-shares-of-coinbase-global-inc-coin/,https://www.americanbankingnews.com/wp-content/timthumb/timthumb.php?src=https://www.marketbeat.com/logos/coinbase-global-inc-logo-1200x675.jpg?v=20210413172727&w=240&h=240&zc=2,2025-09-11T08:12:22Z,"Alliancebernstein L.P. boosted its stake in Coinbase Global, Inc. (NASDAQ:COIN) by 48.0% in the 1st quarter, according to the company in its most recent 13F filing with the Securities &amp; Exchange … [+5813 chars]",technology
"{'id': None, 'name': 'Techtarget.com'}",Christine Campbell,8 tools to support a content audit,"These leading content audit tools can enhance content optimization and refine SEO strategies, ultimately boosting organic traffic performance.",https://www.techtarget.com/searchcontentmanagement/tip/Tools-to-support-a-content-audit,https://www.techtarget.com/rms/onlineimages/check_g1199243271.jpg,2025-09-11T08:10:00Z,"An effective content strategy requires fresh website content that aligns with search engine optimization goals.
Organizations that take time to analyze keywords, create a content inventory, update w… [+8352 chars]",technology
"{'id': None, 'name': 'Biztoc.com'}",reason.com,"Brickbat: Apparently, the Camera Does Lie",The New York City Police Department arrested Trevis Williams after facial recognition technology misidentified him as a suspect in an indecent exposure incident in Manhattan. Even though Williams was significantly taller and heavier than the man described by …,https://biztoc.com/x/f38c0e312ffdc36d,https://biztoc.com/cdn/f38c0e312ffdc36d_s.webp,2025-09-11T08:09:48Z,The New York City Police Department arrested Trevis Williams after facial recognition technology misidentified him as a suspect in an indecent exposure incident in Manhattan. Even though Williams was… [+140 chars],technology
"{'id': None, 'name': 'Geeky Gadgets'}",Julian Horsey,12 Advanced AI Prompt Writing Techniques to Supercharge Your AI Results,"What if the secret to unlocking AI’s full potential wasn’t in the technology itself, but in the way you talk to it? As artificial intelligence becomes a cornerstone of modern workflows, the ability to craft precise, effective prompts has transformed from a ni…",https://www.geeky-gadgets.com/ai-prompting-tips-for-better-results/,https://www.geeky-gadgets.com/wp-content/uploads/2025/09/ai-prompting-techniques-guide_optimized.jpg,2025-09-11T08:09:07Z,"What if the secret to unlocking AIs full potential wasnt in the technology itself, but in the way you talk to it? As artificial intelligence becomes a cornerstone of modern workflows, the ability to … [+7026 chars]",technology
"{'id': None, 'name': 'Samsung.com'}",Samsung Newsroom,[Interview] Unmatched Picture Quality in Both Bright and Dark Rooms: The 2025 Samsung OLED TV’s Game-Changing Innovations,"At its core, television is about picture quality. As the world’s No. 1 TV brand, Samsung Electronics has consistently extended its lead in this field, securing",https://news.samsung.com/global/interview-unmatched-picture-quality-in-both-bright-and-dark-rooms-the-2025-samsung-oled-tvs-game-changing-innovations,https://img.global.news.samsung.com/global/wp-content/uploads/2025/09/Samsung-TVs-and-Displays-Interview-2025-OLED-TVs-S95F-Glare-Free-AI-Gamma_thumb728-F.jpg,2025-09-11T08:09:04Z,"At its core, television is about picture quality. As the worlds No. 1 TV brand, Samsung Electronics has consistently extended its lead in this field, securing an unrivaled position in the pursuit of … [+6825 chars]",technology
"{'id': None, 'name': 'ETF Daily News'}",MarketBeat News,"AQR Capital Management LLC Cuts Stake in Itron, Inc. $ITRI","AQR Capital Management LLC reduced its stake in shares of Itron, Inc. (NASDAQ:ITRI – Free Report) by 35.7% in the first quarter, according to the company in its most recent 13F filing with the Securities and Exchange Commission (SEC). The institutional invest…",https://www.etfdailynews.com/2025/09/11/aqr-capital-management-llc-cuts-stake-in-itron-inc-itri/,https://www.americanbankingnews.com/wp-content/timthumb/timthumb.php?src=https://www.marketbeat.com/logos/itron-inc-logo-1200x675.JPG&w=240&h=240&zc=2,2025-09-11T08:08:49Z,"AQR Capital Management LLC reduced its stake in shares of Itron, Inc. (NASDAQ:ITRI – Free Report) by 35.7% in the first quarter, according to the company in its most recent 13F filing with the Securi… [+6382 chars]",technology
"{'id': None, 'name': 'ETF Daily News'}",MarketBeat News,10x Genomics $TXG Stock Holdings Lifted by AQR Capital Management LLC,"AQR Capital Management LLC raised its stake in 10x Genomics (NASDAQ:TXG – Free Report) by 134.4% during the 1st quarter, according to its most recent Form 13F filing with the SEC. The institutional investor owned 1,212,429 shares of the company’s stock after …",https://www.etfdailynews.com/2025/09/11/10x-genomics-txg-stock-holdings-lifted-by-aqr-capital-management-llc/,https://www.americanbankingnews.com/wp-content/timthumb/timthumb.php?src=https://www.marketbeat.com/logos/10x-genomics-inc-logo-1200x675.png?v=20240206085559&w=240&h=240&zc=2,2025-09-11T08:08:27Z,"AQR Capital Management LLC raised its stake in 10x Genomics (NASDAQ:TXG – Free Report) by 134.4% during the 1st quarter, according to its most recent Form 13F filing with the SEC. The institutional i… [+5650 chars]",technology
"{'id': None, 'name': 'Digitimes'}",Rodney Chan,Taiwan economic minister says TSMC leak probe will proceed despite concerns about relations with Japan,"Taiwan's Minister of Economic Affairs Kung Ming-hsin, on September 10, 2025, declined to comment on an alleged trade secret theft targeting TSMC's 2nm process technology amid concerns that the case could affect Taiwan-Japan relations. Kung only stated that th…",https://www.digitimes.com/news/a20250911PD211/taiwan-tsmc-2nm-technology-industrial.html,https://img.digitimes.com/newsshow/20250911pd211_files/2_b.jpg,2025-09-11T08:04:38Z,"Save my User ID and Password
Some subscribers prefer to save their log-in information so they do not have to enter their User ID and Password each time they visit the site. To activate this function… [+307 chars]",technology
"{'id': None, 'name': 'ETF Daily News'}",MarketBeat News,"AQR Capital Management LLC Buys 149,325 Shares of Haemonetics Corporation $HAE","AQR Capital Management LLC raised its stake in Haemonetics Corporation (NYSE:HAE – Free Report) by 591.6% during the first quarter, according to the company in its most recent Form 13F filing with the SEC. The institutional investor owned 174,565 shares of th…",https://www.etfdailynews.com/2025/09/11/aqr-capital-management-llc-buys-149325-shares-of-haemonetics-corporation-hae/,https://www.americanbankingnews.com/wp-content/timthumb/timthumb.php?src=https://www.marketbeat.com/logos/haemonetics-co-logo-1200x675.png?v=20221117093105&w=240&h=240&zc=2,2025-09-11T08:04:13Z,"AQR Capital Management LLC raised its stake in Haemonetics Corporation (NYSE:HAE – Free Report) by 591.6% during the first quarter, according to the company in its most recent Form 13F filing with th… [+4935 chars]",technology
"{'id': None, 'name': 'ETF Daily News'}",MarketBeat News,"Advisors Asset Management Inc. Sells 2,156 Shares of Aptiv PLC $APTV","Advisors Asset Management Inc. reduced its position in shares of Aptiv PLC (NYSE:APTV – Free Report) by 21.9% during the 1st quarter, HoldingsChannel.com reports. The fund owned 7,683 shares of the auto parts company’s stock after selling 2,156 shares during …",https://www.etfdailynews.com/2025/09/11/advisors-asset-management-inc-sells-2156-shares-of-aptiv-plc-aptv/,https://www.americanbankingnews.com/wp-content/timthumb/timthumb.php?src=https://www.marketbeat.com/logos/aptiv-plc-logo-1200x675.png&w=240&h=240&zc=2,2025-09-11T08:04:03Z,"Advisors Asset Management Inc. reduced its position in shares of Aptiv PLC (NYSE:APTV – Free Report) by 21.9% during the 1st quarter, HoldingsChannel.com reports. The fund owned 7,683 shares of the a… [+4721 chars]",technology
"{'id': 'business-insider', 'name': 'Business Insider'}",Emily Stewart,America's greatest fitness success story,"Working out on a treadmill is among the most popular forms of exercise in America, and it's not going anywhere anytime soon—literally.",https://www.businessinsider.com/exercise-trends-treadmill-fads-running-walking-health-fitness-2025-9,https://i.insider.com/68c18f6857d362d375e7e330?width=1200&format=jpeg,2025-09-11T08:04:01Z,"You may be surprised to learn that the treadmill was invented as a prison torture device in 19th-century England. Or maybe you're not surprised, depending on your feelings about huffing and puffing a… [+7495 chars]",technology
"{'id': None, 'name': 'ETF Daily News'}",MarketBeat News,Advisors Asset Management Inc. Grows Stake in ITT Inc. $ITT,"Advisors Asset Management Inc. grew its holdings in ITT Inc. (NYSE:ITT – Free Report) by 29.6% during the first quarter, according to the company in its most recent filing with the SEC. The fund owned 3,330 shares of the conglomerate’s stock after acquiring a…",https://www.etfdailynews.com/2025/09/11/advisors-asset-management-inc-grows-stake-in-itt-inc-itt/,https://www.americanbankingnews.com/wp-content/timthumb/timthumb.php?src=https://www.marketbeat.com/logos/itt-inc-logo-1200x675.png?v=20240125102440&w=240&h=240&zc=2,2025-09-11T08:04:01Z,"Advisors Asset Management Inc. grew its holdings in ITT Inc. (NYSE:ITT – Free Report) by 29.6% during the first quarter, according to the company in its most recent filing with the SEC. The fund owne… [+5989 chars]",technology
"{'id': None, 'name': 'ETF Daily News'}",MarketBeat News,Advisors Asset Management Inc. Increases Stake in Dolby Laboratories $DLB,"Advisors Asset Management Inc. lifted its stake in shares of Dolby Laboratories (NYSE:DLB – Free Report) by 6.4% during the 1st quarter, Holdings Channel.com reports. The institutional investor owned 4,830 shares of the electronics maker’s stock after buying …",https://www.etfdailynews.com/2025/09/11/advisors-asset-management-inc-increases-stake-in-dolby-laboratories-dlb/,https://www.americanbankingnews.com/wp-content/timthumb/timthumb.php?src=https://www.marketbeat.com/logos/dolby-laboratories-inc-logo-1200x675.png?v=20221110153849&w=240&h=240&zc=2,2025-09-11T08:03:59Z,"Advisors Asset Management Inc. lifted its stake in shares of Dolby Laboratories (NYSE:DLB – Free Report) by 6.4% during the 1st quarter, Holdings Channel.com reports. The institutional investor owned… [+6774 chars]",technology
"{'id': None, 'name': 'ETF Daily News'}",MarketBeat News,Advisors Asset Management Inc. Cuts Holdings in Generac Holdings Inc. $GNRC,"Advisors Asset Management Inc. decreased its position in Generac Holdings Inc. (NYSE:GNRC – Free Report) by 20.0% in the first quarter, according to its most recent Form 13F filing with the SEC. The institutional investor owned 4,837 shares of the technology …",https://www.etfdailynews.com/2025/09/11/advisors-asset-management-inc-cuts-holdings-in-generac-holdings-inc-gnrc/,https://www.americanbankingnews.com/wp-content/timthumb/timthumb.php?src=https://www.marketbeat.com/logos/generac-holdings-inc-logo-1200x675.png?v=20240424085555&w=240&h=240&zc=2,2025-09-11T08:03:56Z,"Advisors Asset Management Inc. decreased its position in Generac Holdings Inc. (NYSE:GNRC – Free Report) by 20.0% in the first quarter, according to its most recent Form 13F filing with the SEC. The … [+5370 chars]",technology
"{'id': 'techradar', 'name': 'TechRadar'}",Terry Storrar,Act now on Europe’s data sovereignty,A data sovereignty strategy needs action at the most senior level to clarify how data is handled and governed.,https://www.techradar.com/pro/act-now-on-europes-data-sovereignty,https://cdn.mos.cms.futurecdn.net/3XYruDCRrAbBLNaWeK627P.jpg,2025-09-11T08:03:33Z,"This year, the European Commission proposes to set a goal to at least triple the EU’s data center capacity within the next five to seven years, to support the growth of the region’s self-sufficient d… [+7001 chars]",technology
"{'id': None, 'name': 'War on the Rocks'}",Madeline Field,Examining House–Senate Differences in FY2026 Defense Appropriations,"The House and Senate appropriations committees each approved their own versions of the Fiscal Year 2026 Department of Defense Appropriations Act in July, which means that, as lawmakers return from August recess, it is appropriations debate time.This year’s de…",https://warontherocks.com/2025/09/examining-house-senate-differences-in-fy2026-defense-appropriations/,https://warontherocks.com/wp-content/uploads/2025/09/Appropriations-Image.png?v=1757540248,2025-09-11T08:00:55Z,"The House and Senate appropriations committees each approved their own versions of the Fiscal Year 2026 Department of Defense Appropriations Act in July, which means that, as lawmakers return from Au… [+26552 chars]",technology
"{'id': None, 'name': 'Dezeen'}",Cajsa Carlson,Five electric cars from IAA Mobility that are leading the design race,"At this year's IAA Mobility motor show in Munich the spotlight was on electric vehicles, with brands including Audi and Porsche unveiling cars and concepts with features including inflatable headrests and induction charging. The city of Munich was taken over …",https://www.dezeen.com/2025/09/11/electric-cars-iaa-mobility-lead-design-race/,https://static.dezeen.com/uploads/2025/09/porsche-electric-cayenne-hero_dezeen_2364_col_0.jpg,2025-09-11T08:00:39Z,"At this year's IAA Mobility motor show in Munich the spotlight was on electric vehicles, with brands including Audi and Porsche unveiling cars and concepts with features including inflatable headrest… [+3580 chars]",technology
"{'id': None, 'name': 'pymnts.com'}",PYMNTS,How Payment Errors Put Growth on Hold,"Walk into the back office of a middle-market enterprise, and you might see a mountain of paper, physical or digital, piling up in inboxes, enterprise resource planning (ERP) systems and spreadsheets. It’s not an uncommon sight. At the heart of this chaos is c…",http://www.pymnts.com/accounts-receivable/2025/how-payment-errors-put-growth-on-hold/,https://www.pymnts.com/wp-content/uploads/2025/09/the-now-button.jpg,2025-09-11T08:00:31Z,"Walk into the back office of a middle-market enterprise, and you might see a mountain of paper, physical or digital, piling up in inboxes, enterprise resource planning (ERP) systems and spreadsheets.… [+5043 chars]",technology
"{'id': None, 'name': 'Openculture.com'}",Colin Marshall,The Technology That Brought Down Medieval Castles and Changed the Middle Ages,"Civilization moved past the use of castles long ago, but their imagery endures in popular culture. Even young children here in the twenty-twenties have an idea of what castles look like. But why do they look like that? Admittedly, that’s a bit of a trick ques…",https://www.openculture.com/2025/09/the-technology-that-brought-down-medieval-castles-and-changed-the-middle-ages.html,https://cdn8.openculture.com/2025/09/10232420/castle-1024x598.png,2025-09-11T08:00:31Z,"Civ­i­liza­tion moved past the use of cas­tles long ago, but their imagery endures in pop­u­lar cul­ture. Even young chil­dren here in the twen­ty-twen­ties have an idea of what cas­tles look like. B… [+3481 chars]",technology
"{'id': None, 'name': 'pymnts.com'}",PYMNTS,Companies Bet Customer Service AI Pays,"Klarna’s $15 billion IPO was more than a financial milestone. It spotlighted how the Swedish buy-now-pay-later (BNPL) firm is grappling with artificial intelligence (AI) at the heart of its operations. Back in 2023, Chief Executive Sebastian Siemiatkowski sug…",http://www.pymnts.com/artificial-intelligence-2/2025/companies-bet-customer-service-ai-pays/,https://www.pymnts.com/wp-content/uploads/2025/09/AI-customer-service.jpg,2025-09-11T08:00:27Z,Klarnas $15 billion IPO was more than a financial milestone. It spotlighted how the Swedish buy-now-pay-later (BNPL) firm is grappling with artificial intelligence (AI) at the heart of its operations… [+4482 chars],technology
"{'id': None, 'name': 'Geeky Gadgets'}",Roland Hutchinson,iPhone Air vs. iPhone 17 Pro: A Tale of Two Redesigns,"Apple’s iPhone 17 series marks a significant step forward in smartphone technology, blending advanced features with a refined design to cater to a wide spectrum of users. With three distinct models—the iPhone 17, iPhone Air, and iPhone 17 Pro/Pro Max—Apple co…",https://www.geeky-gadgets.com/iphone-air-vs-iphone-17-pro/,https://www.geeky-gadgets.com/wp-content/uploads/2025/09/iphone-17-series-new-features-design_optimized.jpg,2025-09-11T08:00:06Z,"Apples iPhone 17 series marks a significant step forward in smartphone technology, blending advanced features with a refined design to cater to a wide spectrum of users. With three distinct modelsthe… [+4837 chars]",technology
"{'id': None, 'name': 'MIT Technology Review'}",Casey Crownhart,Texas banned lab-grown meat. What’s next for the industry?,"Last week, a legal battle over lab-grown meat kicked off in Texas. On September 1, a two-year ban on the technology went into effect across the state; the following day, two companies filed a lawsuit against state officials. The two companies, Wildtype Foods …",https://www.technologyreview.com/2025/09/11/1123512/texas-lab-grown-meat/,"https://wp.technologyreview.com/wp-content/uploads/2025/09/WT27.jpg?resize=1200,600",2025-09-11T08:00:00Z,Texas joins six other US states and the country of Italy in banning these products. These legal challenges are adding barriers to an industry thats still in its infancy and already faces plenty of ch… [+1992 chars],technology
"{'id': None, 'name': 'GlobeNewswire'}",Notified,Press Releases and AI Search: What PR Pros Need to Know Now,Join Notified and CIPR on 16 Sept. for a webinar on how AI-powered search is reshaping discovery and why optimised press releases are key to visibility.,https://www.globenewswire.com/news-release/2025/09/11/3148356/0/en/Press-Releases-and-AI-Search-What-PR-Pros-Need-to-Know-Now.html,https://ml.globenewswire.com/Resource/Download/174025cf-15b9-41cc-a16c-17bf96f13a13,2025-09-11T08:00:00Z,"LONDON, Sept. 11, 2025 (GLOBE NEWSWIRE) -- 
WHAT: Webinar Rethinking Press Releases for the Age of AI
AI-powered search is changing how companies get discovered - and press releases are now more cr… [+2898 chars]",technology
"{'id': None, 'name': 'GlobeNewswire'}",Wolters Kluwer Global Brand B.V.,"Share Buyback Transaction Details September 4 – September 10, 2025","PRESS RELEASE                                          Share Buyback Transaction Details September 4 – September 10, 2025  Alphen aan den Rijn –...",https://www.globenewswire.com/news-release/2025/09/11/3148358/0/en/Share-Buyback-Transaction-Details-September-4-September-10-2025.html,https://ml-eu.globenewswire.com/Resource/Download/be34625c-913f-445e-90e3-51fab9a44c3d,2025-09-11T08:00:00Z,"PRESS RELEASE                                        
Share Buyback Transaction Details September 4 September 10, 2025
Alphen aan den Rijn September 11, 2025 - Wolters Kluwer (Euronext: WKL), a glo… [+4473 chars]",technology
"{'id': None, 'name': 'The Drum'}",Jenni Baker,Data for Drummies: the buyer’s guide to marketing in a 181 zettabyte world,"Forget dashboards – doing data right is all about making better decisions. Our buyer’s guide distills the best of our Data for Drummies content into one essential read, with the practical steps and frameworks marketers need to know in 2025.This year, it’s est…",https://www.thedrum.com/news/2025/09/11/data-drummies-the-buyer-s-guide-marketing-181-zettabyte-world,https://thedrum-media.imgix.net//thedrum-prod/s3/news/356902/luke-jones-tbvf46kmwbw-unsplash.jpg?w=1280&ar=default&fit=crop&crop=faces&auto=format,2025-09-11T08:00:00Z,"Forget dashboards doing data right is all about making better decisions. Our buyers guide distills the best of our Data for Drummies content into one essential read, with the practical steps and fram… [+11745 chars]",technology
"{'id': 'cbc-news', 'name': 'CBC News'}",,AI-powered glasses are helping people with vision loss navigate the world around them,"Canadians with vision loss are adapting AI-powered glasses for daily life, finding freedom in the technology — and challenges in its risks.",https://www.cbc.ca/radio/checkup/ai-glasses-assistance-1.7628803,https://i.cbc.ca/1.7464183.1740084453!/fileImage/httpImage/image.jpg_gen/derivatives/16x9_1180/meta-smart-glasses.jpg?im=Resize%3D620,2025-09-11T08:00:00Z,"For Andrew Tutty, driving on the open road meant freedom the ability to get into a car, turn the key and go anywhere, at any time. 
That all changed when he lost his eyesight as an adult, and his li… [+5442 chars]",technology
"{'id': None, 'name': 'Digitimes'}",Rodney Chan,Taiwan govt suggests AI boom as leverage in US Section 232 investigation,"Since the beginning of 2025, despite disruptions from US President Donald Trump's trade protectionism, the AI wave has driven American cloud service providers (CSPs) to continuously purchase AI servers and high-end graphics cards manufactured in Taiwan. This …",https://www.digitimes.com/news/a20250911PD219/taiwan-2025-investigation-president-donald-trump.html,https://img.digitimes.com/newsshow/20250911pd219_files/2_r.jpg,2025-09-11T07:59:01Z,"Save my User ID and Password
Some subscribers prefer to save their log-in information so they do not have to enter their User ID and Password each time they visit the site. To activate this function… [+307 chars]",technology
"{'id': None, 'name': 'Cisco.com'}",Rohini Kamath,Digitally empowering communities in India with Cisco and Indus Action,"Cisco and Indus Action are passionate about ensuring that social protection systems in India effectively serve those who need them most by simplifying school admissions for underserved families, streamlining support for maternal health, and enhancing welfare …",https://blogs.cisco.com/our-corporate-purpose/digitally-empowering-communities-in-india-with-cisco-and-indus-action,https://storage.googleapis.com/blogs-images-new/ciscoblogs/1/2025/09/Indus-Action-Blog-Image-0616-edited.jpg,2025-09-11T07:58:31Z,"This blog post is being guest written by Shreya Arora on Cisco’s India Cash Grant team, where she supports the rollout and governance of CSR programs across India. Drawing on seven years of experienc… [+5599 chars]",technology
"{'id': None, 'name': 'ETF Daily News'}",MarketBeat News,Advisors Asset Management Inc. Raises Stock Position in Genpact Limited $G,"Advisors Asset Management Inc. raised its stake in shares of Genpact Limited (NYSE:G – Free Report) by 20.2% during the first quarter, according to the company in its most recent 13F filing with the Securities and Exchange Commission. The firm owned 8,812 sha…",https://www.etfdailynews.com/2025/09/11/advisors-asset-management-inc-raises-stock-position-in-genpact-limited-g/,https://www.americanbankingnews.com/wp-content/timthumb/timthumb.php?src=https://www.marketbeat.com/logos/genpact-limited-logo-1200x675.png?v=20221109153253&w=240&h=240&zc=2,2025-09-11T07:58:15Z,"Advisors Asset Management Inc. raised its stake in shares of Genpact Limited (NYSE:G – Free Report) by 20.2% during the first quarter, according to the company in its most recent 13F filing with the … [+5634 chars]",technology
"{'id': None, 'name': 'ETF Daily News'}",MarketBeat News,TELUS Corporation $TU Shares Bought by Advisors Asset Management Inc.,"Advisors Asset Management Inc. boosted its stake in shares of TELUS Corporation (NYSE:TU – Free Report) (TSE:T) by 18.4% in the first quarter, according to its most recent disclosure with the SEC. The firm owned 39,771 shares of the Wireless communications pr…",https://www.etfdailynews.com/2025/09/11/telus-corporation-tu-shares-bought-by-advisors-asset-management-inc/,https://www.americanbankingnews.com/wp-content/timthumb/timthumb.php?src=https://www.marketbeat.com/logos/telus-co-logo-1200x675.jpg&w=240&h=240&zc=2,2025-09-11T07:58:12Z,"Advisors Asset Management Inc. boosted its stake in shares of TELUS Corporation (NYSE:TU – Free Report) (TSE:T) by 18.4% in the first quarter, according to its most recent disclosure with the SEC. Th… [+5042 chars]",technology
"{'id': None, 'name': 'ETF Daily News'}",MarketBeat News,"MercadoLibre, Inc. $MELI Shares Purchased by Advisors Asset Management Inc.","Advisors Asset Management Inc. raised its holdings in shares of MercadoLibre, Inc. (NASDAQ:MELI – Free Report) by 7.8% in the first quarter, Holdings Channel.com reports. The firm owned 290 shares of the company’s stock after buying an additional 21 shares du…",https://www.etfdailynews.com/2025/09/11/mercadolibre-inc-meli-shares-purchased-by-advisors-asset-management-inc/,https://www.americanbankingnews.com/wp-content/timthumb/timthumb.php?src=https://www.marketbeat.com/logos/mercadolibre-inc-logo-1200x675.png&w=240&h=240&zc=2,2025-09-11T07:58:11Z,"Advisors Asset Management Inc. raised its holdings in shares of MercadoLibre, Inc. (NASDAQ:MELI – Free Report) by 7.8% in the first quarter, Holdings Channel.com reports. The firm owned 290 shares of… [+4846 chars]",technology
"{'id': None, 'name': 'ETF Daily News'}",MarketBeat News,Fabrinet $FN Shares Bought by Advisors Asset Management Inc.,"Advisors Asset Management Inc. boosted its holdings in shares of Fabrinet (NYSE:FN – Free Report) by 6.9% in the first quarter, HoldingsChannel reports. The firm owned 2,378 shares of the technology company’s stock after buying an additional 154 shares during…",https://www.etfdailynews.com/2025/09/11/fabrinet-fn-shares-bought-by-advisors-asset-management-inc/,https://www.americanbankingnews.com/wp-content/timthumb/timthumb.php?src=https://www.marketbeat.com/logos/fabrinet-logo-1200x675.png?v=20221116145405&w=240&h=240&zc=2,2025-09-11T07:58:09Z,"Advisors Asset Management Inc. boosted its holdings in shares of Fabrinet (NYSE:FN – Free Report) by 6.9% in the first quarter, HoldingsChannel reports. The firm owned 2,378 shares of the technology … [+5965 chars]",technology
"{'id': None, 'name': 'ETF Daily News'}",MarketBeat News,"Advisors Asset Management Inc. Acquires 5,396 Shares of Iridium Communications Inc $IRDM","Advisors Asset Management Inc. increased its holdings in shares of Iridium Communications Inc (NASDAQ:IRDM – Free Report) by 44.3% during the first quarter, according to the company in its most recent Form 13F filing with the SEC. The firm owned 17,584 shares…",https://www.etfdailynews.com/2025/09/11/advisors-asset-management-inc-acquires-5396-shares-of-iridium-communications-inc-irdm/,https://www.americanbankingnews.com/wp-content/timthumb/timthumb.php?src=https://www.marketbeat.com/logos/iridium-communications-inc-logo-1200x675.png?v=20221114145307&w=240&h=240&zc=2,2025-09-11T07:58:07Z,"Advisors Asset Management Inc. increased its holdings in shares of Iridium Communications Inc (NASDAQ:IRDM – Free Report) by 44.3% during the first quarter, according to the company in its most recen… [+5492 chars]",technology
"{'id': 'financial-post', 'name': 'Financial Post'}",Business Wire,Telekom Srbija Expands and Extends Partnership with SES,"Leading Balkan DTH provider adds capacity to consolidate its m:Sat TV platform at 23.5 degrees East and serve more customers across the region LUXEMBOURG — SES announced today the expansion of its partnership with Telekom Srbija, adding two additional transpo…",https://financialpost.com/pmn/business-wire-news-releases-pmn/telekom-srbija-expands-and-extends-partnership-with-ses,,2025-09-11T07:57:25Z,"Leading Balkan DTH provider adds capacity to consolidate its m:Sat TV platform at 23.5 degrees East and serve more customers across the region
THIS CONTENT IS RESERVED FOR SUBSCRIBERS ONLY
Subscrib… [+8229 chars]",technology
"{'id': None, 'name': 'Overdriveonline.com'}",Overdrive Staff,"Judge rules on patent infringement complaint between ELD/telematics providers Samsara, Motive","A U.S. International Trade Commission judge has issued a preliminary determination in a case in which Samsara alleged patent infringement by Motive. Plus, more trucking news.",https://www.overdriveonline.com/electronic-logging-devices/article/15755212/judge-issues-determination-on-patent-infringement-complaint-betweek-motive-samsara,https://img.overdriveonline.com/mindful/rr/workspaces/default/uploads/2025/09/motive-ai-dashcamwa52m39yi9.4YenRR7BQX.avif?auto=format%2Ccompress&fit=max&q=70&w=1200,2025-09-11T07:56:46Z,"Trucking news and briefs for Thursday, Sept. 11, 2025:
<ul><li>See what Motive and Samsara reps said after the U.S. International Trade Commission judge's preliminary determination.</li><li>Truck dr… [+6420 chars]",technology
"{'id': 'the-times-of-india', 'name': 'The Times of India'}",Bloomberg,Adani's bid to end bribery case stalls amid volatile India-US ties,"Gautam Adani's efforts to resolve US fraud charges have stalled amid US-India tensions, hindering his group's global expansion. The US Justice Department continues its criminal case, while the SEC struggles to serve legal papers. This regulatory overhang impa…",https://economictimes.indiatimes.com/news/company/corporate-trends/adanis-bid-to-end-bribery-case-stalls-amid-volatile-india-us-ties/articleshow/123825543.cms,"https://img.etimg.com/thumb/msid-123825688,width-1200,height-630,imgsize-43368,overlay-economictimes/articleshow.jpg",2025-09-11T07:55:21Z,"Billionaire Gautam Adanis efforts to get US fraud charges against him resolved have stalled, according to people familiar with the matter, prolonging the regulatory overhang that has hobbled the Adan… [+4172 chars]",technology
"{'id': None, 'name': 'Yahoo Entertainment'}",The Associated Press,Guardians meet the Royals with 2-1 series lead,"Kansas City Royals (74-72, third in the AL Central) vs. Cleveland Guardians (74-71, second in the AL Central) Cleveland; Thursday, 7:15 p.m. EDT PITCHING...",https://sports.yahoo.com/article/guardians-meet-royals-2-1-075501065.html,https://s.yimg.com/cv/apiv2/social/images/yahoo_default_logo-1200x1200.png,2025-09-11T07:55:01Z,"Kansas City Royals (74-72, third in the AL Central) vs. Cleveland Guardians (74-71, second in the AL Central)
Cleveland; Thursday, 7:15 p.m. EDT
PITCHING PROBABLES: Royals: Stephen Kolek (5-5, 3.88… [+1932 chars]",technology
"{'id': None, 'name': 'Yahoo Entertainment'}",The Associated Press,Marsee leads Marlins against the Nationals following 4-hit game,"Washington Nationals (60-85, fifth in the NL East) vs. Miami Marlins (67-79, third in the NL East) Miami; Thursday, 6:40 p.m. EDT PITCHING PROBABLES...",https://sports.yahoo.com/article/marsee-leads-marlins-against-nationals-075501736.html,https://s.yimg.com/cv/apiv2/social/images/yahoo_default_logo-1200x1200.png,2025-09-11T07:55:01Z,"Washington Nationals (60-85, fifth in the NL East) vs. Miami Marlins (67-79, third in the NL East)
Miami; Thursday, 6:40 p.m. EDT
PITCHING PROBABLES: Nationals: MacKenzie Gore (0-0); Marlins: Ryan … [+2050 chars]",technology
"{'id': None, 'name': 'Yahoo Entertainment'}",The Associated Press,Rockies head into matchup with the Padres on losing streak,"Colorado Rockies (40-106, fifth in the NL West) vs. San Diego Padres (79-67, second in the NL West) San Diego; Thursday, 9:40 p.m. EDT PITCHING PROBABLES...",https://sports.yahoo.com/article/rockies-head-matchup-padres-losing-075501133.html,https://s.yimg.com/cv/apiv2/social/images/yahoo_default_logo-1200x1200.png,2025-09-11T07:55:01Z,"Colorado Rockies (40-106, fifth in the NL West) vs. San Diego Padres (79-67, second in the NL West)
San Diego; Thursday, 9:40 p.m. EDT
PITCHING PROBABLES: Rockies: McCade Brown (0-3, 12.54 ERA, 2.3… [+1765 chars]",technology
"{'id': None, 'name': 'Yahoo Entertainment'}",The Associated Press,Pirates take road skid into matchup with the Orioles,"Pittsburgh Pirates (64-82, fifth in the NL Central) vs. Baltimore Orioles (68-77, fifth in the AL East) Baltimore; Thursday, 1:05 p.m. EDT PITCHING PROBABLES...",https://sports.yahoo.com/article/pirates-road-skid-matchup-orioles-075501130.html,https://s.yimg.com/cv/apiv2/social/images/yahoo_default_logo-1200x1200.png,2025-09-11T07:55:01Z,"Pittsburgh Pirates (64-82, fifth in the NL Central) vs. Baltimore Orioles (68-77, fifth in the AL East)
Baltimore; Thursday, 1:05 p.m. EDT
PITCHING PROBABLES: Pirates: Johan Oviedo (2-0, 2.70 ERA, … [+1896 chars]",technology
"{'id': None, 'name': 'Yahoo Entertainment'}",The Associated Press,Blue Jays take on the Astros with series tied 1-1,"Houston Astros (79-67, first in the AL West) vs. Toronto Blue Jays (83-62, first in the AL East) Toronto; Thursday, 3:07 p.m. EDT PITCHING PROBABLES: Astros:...",https://sports.yahoo.com/article/blue-jays-astros-series-tied-075501397.html,https://s.yimg.com/cv/apiv2/social/images/yahoo_default_logo-1200x1200.png,2025-09-11T07:55:01Z,"Houston Astros (79-67, first in the AL West) vs. Toronto Blue Jays (83-62, first in the AL East)
Toronto; Thursday, 3:07 p.m. EDT
PITCHING PROBABLES: Astros: Cristian Javier (1-2, 4.43 ERA, 1.33 WH… [+2053 chars]",technology
"{'id': None, 'name': 'Yahoo Entertainment'}",The Associated Press,Mariners play the Angels on home winning streak,"Los Angeles Angels (69-77, fourth in the AL West) vs. Seattle Mariners (78-68, second in the AL West) Seattle; Thursday, 9:40 p.m. EDT PITCHING PROBABLES...",https://sports.yahoo.com/article/mariners-play-angels-home-winning-075501001.html,https://s.yimg.com/cv/apiv2/social/images/yahoo_default_logo-1200x1200.png,2025-09-11T07:55:01Z,"Los Angeles Angels (69-77, fourth in the AL West) vs. Seattle Mariners (78-68, second in the AL West)
Seattle; Thursday, 9:40 p.m. EDT
PITCHING PROBABLES: Angels: Jose Soriano (10-10, 4.07 ERA, 1.3… [+1716 chars]",technology
"{'id': None, 'name': 'Yahoo Entertainment'}",The Associated Press,White Sox and Rays meet in series rubber match,"Tampa Bay Rays (72-73, fourth in the AL East) vs. Chicago White Sox (56-90, fifth in the AL Central) Chicago; Thursday, 2:10 p.m. EDT PITCHING PROBABLES...",https://sports.yahoo.com/article/white-sox-rays-meet-series-075501513.html,https://s.yimg.com/cv/apiv2/social/images/yahoo_default_logo-1200x1200.png,2025-09-11T07:55:01Z,"Tampa Bay Rays (72-73, fourth in the AL East) vs. Chicago White Sox (56-90, fifth in the AL Central)
Chicago; Thursday, 2:10 p.m. EDT
PITCHING PROBABLES: Rays: Ian Seymour (3-1, 2.89 ERA, 1.10 WHIP… [+2082 chars]",technology
"{'id': None, 'name': 'Yahoo Entertainment'}",The Associated Press,Tigers bring 3-game road win streak into game against the Yankees,"Detroit Tigers (84-62, first in the AL Central) vs. New York Yankees (80-65, second in the AL East) New York; Thursday, 7:05 p.m. EDT PITCHING PROBABLES...",https://sports.yahoo.com/article/tigers-bring-3-game-road-075501380.html,https://s.yimg.com/cv/apiv2/social/images/yahoo_default_logo-1200x1200.png,2025-09-11T07:55:01Z,"Detroit Tigers (84-62, first in the AL Central) vs. New York Yankees (80-65, second in the AL East)
New York; Thursday, 7:05 p.m. EDT
PITCHING PROBABLES: Tigers: Tyler Holton (5-4, 3.80 ERA, 1.12 W… [+1921 chars]",technology
"{'id': None, 'name': 'Yahoo Entertainment'}",Simply Wall St,Should You Think About Buying Mears Group plc (LON:MER) Now?,"While Mears Group plc ( LON:MER ) might not have the largest market cap around , it saw significant share price...",https://finance.yahoo.com/news/think-buying-mears-group-plc-075313342.html,https://media.zenfs.com/en/simply_wall_st__316/3906216b8cfc9ed88e06b5e462760ad6,2025-09-11T07:53:13Z,"While Mears Group plc (LON:MER) might not have the largest market cap around , it saw significant share price movement during recent months on the LSE, rising to highs of UK£4.13 and falling to the l… [+3780 chars]",technology
"{'id': None, 'name': 'HYPEBEAST'}",info@hypebeast.com (Hypebeast),Alpha Industries Unveils its FW25 ‘Ultra Violet’ Collection,"Summary:Alpha Industries has released its Fall/Winter '25 collection, dubbed Ultra Violet.Standout pieces include the MA-1 ULCANS Flight Jacket, the MA-1 Base Flight Jacket and Vest, and a selection of bags.The Ultra Violet collection is available now on the …",https://hypebeast.com/2025/9/alpha-industries-unveils-ultra-violet-collection-info,https://image-cdn.hypb.st/https%3A%2F%2Fhypebeast.com%2Fimage%2F2025%2F09%2F10%2Falpha-industries-unveils-ultra-violet-collection-info-tw.jpg?w=1080&cbr=1&q=90&fit=max,2025-09-11T07:50:15Z,"Summary:
<ul><li>Alpha Industries has released its Fall/Winter ‘25 collection, dubbed Ultra Violet.</li><li>Standout pieces include the MA-1 ULCANS Flight Jacket, the MA-1 Base Flight Jacket and Ves… [+1801 chars]",technology
"{'id': None, 'name': 'ETF Daily News'}",MarketBeat News,Financial Contrast: Globant (NYSE:GLOB) and Donnelley Financial Solutions (NYSE:DFIN),"Globant (NYSE:GLOB – Get Free Report) and Donnelley Financial Solutions (NYSE:DFIN – Get Free Report) are both computer and technology companies, but which is the better stock? We will compare the two companies based on the strength of their valuation, profit…",https://www.etfdailynews.com/2025/09/11/financial-contrast-globant-nyseglob-and-donnelley-financial-solutions-nysedfin/,https://www.americanbankingnews.com/wp-content/timthumb/timthumb.php?src=https://www.marketbeat.com/logos/donnelley-financial-solutions-inc-logo-1200x675.png&w=240&h=240&zc=2,2025-09-11T07:47:53Z,"Globant (NYSE:GLOB – Get Free Report) and Donnelley Financial Solutions (NYSE:DFIN – Get Free Report) are both computer and technology companies, but which is the better stock? We will compare the tw… [+6807 chars]",technology
"{'id': None, 'name': 'Globalsecurity.org'}",John Pike,"With Conflicts at Highest Since 1946, United Nations Peacekeeping Remains Lifeline for Millions, Senior Official Tells Security Council","Peace operations must be adaptable but grounded in political solutions, nationally owned but well-coordinated across stakeholders, and equipped with emerging technologies to succeed amid global challenges and severe resource constraints, the Security Council …",https://www.globalsecurity.org/military/library/news/2025/09/mil-250909-unsc01.htm,,2025-09-11T07:42:53Z,"Meetings CoverageSecurity Council
9991st Meeting (AM)
SC/161629 September 2025
Peace operations must be adaptable but grounded in political solutions, nationally owned but well-coordinated across … [+17732 chars]",technology
"{'id': None, 'name': 'Globalsecurity.org'}",John Pike,"Army leaders, stakeholders discuss future of UAS transformation",The Army conducted its largest unmanned aerial system flight demonstrations with industry and first UAS lethal live fire experimentation range for more than 400 stakeholders during the annual UAS and Launched Effects Summit.,https://www.globalsecurity.org/military/library/news/2025/09/mil-250910-arnews01.htm,,2025-09-11T07:42:36Z,"By Shannon Collins and and John Hamilton, Army News Service September 10, 2025
FORT RUCKER, Ala. -- The Army conducted its largest unmanned aerial system flight demonstrations with industry and firs… [+7285 chars]",technology
"{'id': None, 'name': 'Globalsecurity.org'}",John Pike,"ACC focuses on readiness, warfighter excellence during USecAF visit","Under Secretary of the Air Force Matt Lohmeier visited Air Combat Command at Joint Base Langley-Eustis, Sept. 9, to gain a deeper understanding of how ACC headquarters trains and develops air combat forces for U.S. warfighting commanders.",https://www.globalsecurity.org/military/library/news/2025/09/mil-250910-usaf02.htm,,2025-09-11T07:42:20Z,"Published Sept. 10, 2025By Marcus BullockAir Combat Command Public Affairs
JOINT BASE LANGLEY-EUSTIS, Va. (AFNS) -- Under Secretary of the Air Force Matt Lohmeier visited Air Combat Command at Joint… [+2557 chars]",technology
"{'id': None, 'name': 'Globalsecurity.org'}",John Pike,Groundbreaking Ukraine tech sharing agreement to deliver drones and support jobs,'First of its kind' industrial partnership allows the UK and Ukraine to share detailed designs for cutting-edge air defence drones and other equipment.,https://www.globalsecurity.org/wmd/library/news/ukraine/2025/09/ukraine-250910-ukmod01.htm,,2025-09-11T07:42:20Z,"Press release
'First of its kind' industrial partnership allows the UK and Ukraine to share detailed designs for cutting-edge air defence drones and other equipment.
From: Ministry of Defence, The … [+6691 chars]",technology
"{'id': None, 'name': 'Globalsecurity.org'}",John Pike,First Sea Lord General Sir Gwyn Jenkins Speech at DSEI 2025,The First Sea Lord General Sir Gwyn Jenkins today gave a speech at DSEI 2025,https://www.globalsecurity.org/wmd/library/news/uk/2025/uk-250910-ukmod02.htm,,2025-09-11T07:42:20Z,"Speech
The First Sea Lord General Sir Gwyn Jenkins today gave a speech at DSEI 2025 
From: Ministry of Defence and General Sir Gwyn Jenkins KCB OBE RM Published 10 September 2025
Delivered on: 9 S… [+11268 chars]",technology
"{'id': None, 'name': 'Globalsecurity.org'}",John Pike,"Air Force, Space Force join federal push to modernize IT service delivery, strengthen readiness","The Department of the Air Force is aligning with a new federal initiative to overhaul how government services are designed and delivered, a move leaders say will sharpen warfighting readiness, increase lethality and save taxpayer dollars.",https://www.globalsecurity.org/space/library/news/2025/space-250910-usaf01.htm,,2025-09-11T07:42:12Z,"Published Sept. 10, 2025Secretary of the Air Force Public Affairs
ARLINGTON, Va. (AFNS) -- The Department of the Air Force is aligning with a new federal initiative to overhaul how government servic… [+2705 chars]",technology
"{'id': None, 'name': 'Globalsecurity.org'}",John Pike,Nepali Communist Party Chief Says Will 'Rise Again' After Losing Power,"Shankar Pokharel, general secretary of Nepal's Communist Party (CPN-UML)), which led the now ousted government, said the party ""will rise again"" after it lost power amid mass protests and violent riots, the Khabarhub news website reported on Wednesday.",https://www.globalsecurity.org/military/library/news/2025/09/mil-250910-sputnik04.htm,,2025-09-11T07:42:11Z,"Sputnik News
20250910
Shankar Pokharel, general secretary of Nepal's Communist Party (CPN-UML)), which led the now ousted government, said the party ""will rise again"" after it lost power amid mass … [+1285 chars]",technology
"{'id': None, 'name': 'Globalsecurity.org'}",John Pike,Remote Maintenance System Kits On Track to Fleet Deployment,"Naval Surface Warfare Center, Port Hueneme Division's (NSWC PHD) Augmented Reality Maintenance System (ARMS) team sent out more than 20 ARMS kits to the fleet in August, putting it closer to meeting command leadership's goal of ARMS on every deployed ship.",https://www.globalsecurity.org/military/library/news/2025/09/mil-250910-usn02.htm,,2025-09-11T07:42:11Z,"US Navy
10 September 2025From Story by Teri Carnicelli
OXNARD, Calif. -- Naval Surface Warfare Center, Port Hueneme Division's (NSWC PHD) Augmented Reality Maintenance System (ARMS) team sent out m… [+6710 chars]",technology
"{'id': None, 'name': 'Globalsecurity.org'}",John Pike,Marines Test Drone Systems During Defense Innovation Unit Challenge,"Marines assigned to I Marine Expeditionary Force partnered with the Defense Innovation Unit and industry leaders during phase two of the DIU's Project GI challenge to evaluate commercial small unmanned aerial systems in realistic operational environments, Aug…",https://www.globalsecurity.org/military/library/news/2025/09/mil-250910-dodnews01.htm,,2025-09-11T07:42:10Z,"September 10, 2025
By Marine Corps 2nd Lt. Logan Tompkins, I Marine Expeditionary Force
Marines assigned to I Marine Expeditionary Force partnered with the Defense Innovation Unit and industry lead… [+4085 chars]",technology
"{'id': None, 'name': 'Geeky Gadgets'}",Julian Horsey,New Arm CPUs and GPUs Up to 45% Faster Double the Ray-Tracing Speed,"What if your next smartphone could process AI tasks five times faster, render hyper-realistic graphics in real-time, and still last longer on a single charge? That’s not a distant dream, it’s the reality Arm’s latest CPUs and GPUs are bringing to the table. W…",https://www.geeky-gadgets.com/arms-latest-cpus-and-gpus-sept-2025/,https://www.geeky-gadgets.com/wp-content/uploads/2025/09/next-gen-arm-processor-ai-gaming.jpg,2025-09-11T07:41:33Z,"What if your next smartphone could process AI tasks five times faster, render hyper-realistic graphics in real-time, and still last longer on a single charge? Thats not a distant dream, its the reali… [+7674 chars]",technology
"{'id': None, 'name': 'ETF Daily News'}",MarketBeat News,Harvard Bioscience (NASDAQ:HBIO) Price Target Lowered to $2.00 at Benchmark,"Harvard Bioscience (NASDAQ:HBIO – Free Report) had its target price decreased by Benchmark from $3.00 to $2.00 in a report released on Wednesday morning,Benzinga reports. Benchmark currently has a speculative buy rating on the medical instruments supplier’s s…",https://www.etfdailynews.com/2025/09/11/harvard-bioscience-nasdaqhbio-price-target-lowered-to-2-00-at-benchmark/,https://www.americanbankingnews.com/wp-content/timthumb/timthumb.php?src=https://www.marketbeat.com/logos/harvard-bioscience-inc-logo.jpg?v=20240524090144&w=240&h=240&zc=2,2025-09-11T07:40:19Z,"Harvard Bioscience (NASDAQ:HBIO – Free Report) had its target price decreased by Benchmark from $3.00 to $2.00 in a report released on Wednesday morning,Benzinga reports. Benchmark currently has a sp… [+3275 chars]",technology
"{'id': None, 'name': 'Hospitality Net'}",Are Morch,"Why Hotels Struggle with Tech Adoption, And How AI + Education Can Drive Digital Transformation","Ask any hotelier what frustrates them about technology, and you’ll hear a familiar refrain:",https://www.hospitalitynet.org/news/4128863.html,https://www.hospitalitynet.org/picture/153113200.jpg?t=1655729592,2025-09-11T07:39:00Z,"Ask any hotelier what frustrates them about technology, and youll hear a familiar refrain:
Why does our industry lag so far behind in digital transformation and AI?
Compared to retail, travel tech,… [+7048 chars]",technology
"{'id': None, 'name': 'Ozbargain.com.au'}",UMKLOGIX,"Gaming PC: AMD 9600X CPU, RX 9070, 32GB 6000MHz C30 RAM, 1TB NVMe SSD, 750W, WIN11 $1789 + Del ($0 NSW C&C) @ UMKLOGIX (ex NT)","Hi Everyone, Great value for a mid-range gaming rig specced with popular AMD 9600X CPU and RX 9070 16GB GPU. A similar PCPP list shows approx. DIY cost of $2,175.  Featured Build (all the parts …",https://www.ozbargain.com.au/node/923702,https://files.ozbargain.com.au/n/02/923702l.jpg?h=6ed0c04a,2025-09-11T07:36:51Z,"Hi Everyone,
Great value for a mid-range gaming rig specced with popular AMD 9600X CPU and RX 9070 16GB GPU. A similar PCPP list shows approx. DIY cost of $2,175.
 Featured Build (all the parts can… [+2925 chars]",technology
"{'id': None, 'name': 'ETF Daily News'}",MarketBeat News,SoundHound AI (NASDAQ:SOUN) Price Target Raised to $17.00 at DA Davidson,"SoundHound AI (NASDAQ:SOUN – Free Report) had its price objective raised by DA Davidson from $15.00 to $17.00 in a report issued on Wednesday morning,Benzinga reports. The firm currently has a buy rating on the stock. SOUN has been the subject of several othe…",https://www.etfdailynews.com/2025/09/11/soundhound-ai-nasdaqsoun-price-target-raised-to-17-00-at-da-davidson/,https://www.americanbankingnews.com/wp-content/timthumb/timthumb.php?src=https://www.marketbeat.com/logos/soundhound-ai-inc-logo.png?v=20220503111149&w=240&h=240&zc=2,2025-09-11T08:15:50Z,"SoundHound AI (NASDAQ:SOUN – Free Report) had its price objective raised by DA Davidson from $15.00 to $17.00 in a report issued on Wednesday morning,Benzinga reports. The firm currently has a buy ra… [+5936 chars]",sports
"{'id': 'the-times-of-india', 'name': 'The Times of India'}",ET Bureau,Amazon MX Player partners with Sony Entertainment Television for reality series 'Rise and Fall',"Amazon MX Player and Sony Entertainment Television have partnered for the reality series 'Rise and Fall,' a first-of-its-kind collaboration. Episodes stream free on Amazon MX Player at 12 PM and air on SET at 10:30 PM daily. Hosted by Ashneer Grover, the show…",https://economictimes.indiatimes.com/industry/media/entertainment/amazon-mx-player-partners-with-sony-entertainment-television-for-reality-series-rise-and-fall/articleshow/123825522.cms,"https://img.etimg.com/thumb/msid-123825945,width-1200,height-630,imgsize-40812,overlay-economictimes/articleshow.jpg",2025-09-11T08:07:52Z,"Amazon MX Player, Amazons free video streaming service, has struck an exclusive distribution deal with Sony Entertainment Television (SET) for its reality series Rise and Fall. In a first-of-its-kind… [+1819 chars]",sports
"{'id': None, 'name': 'ETF Daily News'}",MarketBeat News,TEGNA Inc. $TGNA Shares Purchased by Advisors Asset Management Inc.,"Advisors Asset Management Inc. boosted its holdings in TEGNA Inc. (NYSE:TGNA – Free Report) by 20.4% in the 1st quarter, according to its most recent disclosure with the Securities and Exchange Commission. The fund owned 21,715 shares of the company’s stock a…",https://www.etfdailynews.com/2025/09/11/tegna-inc-tgna-shares-purchased-by-advisors-asset-management-inc/,https://www.americanbankingnews.com/wp-content/timthumb/timthumb.php?src=https://www.marketbeat.com/logos/tegna-inc-logo-1200x675.jpg&w=240&h=240&zc=2,2025-09-11T08:03:59Z,"Advisors Asset Management Inc. boosted its holdings in TEGNA Inc. (NYSE:TGNA – Free Report) by 20.4% in the 1st quarter, according to its most recent disclosure with the Securities and Exchange Commi… [+4695 chars]",sports
"{'id': None, 'name': 'Reality Tea'}",Evolve Editors,Travis Kelce Says He ‘Felt Like S***’ After Xavier Worthy’s Collision,"Travis Kelce addressed the incident involving Xavier Worthy during the Kansas City Chiefs’ 27-21 loss to the Los Angeles Chargers in São Paulo, Brazil. In the Chiefs’ first series, Kelce collided with Worthy when their routes converged, causing the wide recei…",http://www.realitytea.com/2025/09/11/travis-kelce-xavier-worthy-shoulder-injury-comment/,"https://www.realitytea.com/wp-content/uploads/sites/6/2025/09/MixCollage-11-Sep-2025-12-09-PM-786.jpg?resize=1200,630",2025-09-11T08:03:10Z,"Travis Kelce addressed the incident involving Xavier Worthy during the Kansas City Chiefs 27-21 loss to the Los Angeles Chargers in São Paulo, Brazil. In the Chiefs first series, Kelce collided with … [+1583 chars]",sports
"{'id': 'the-times-of-india', 'name': 'The Times of India'}",IANS,‘Balti’: Shiva Hariharan’s intense look as Ramesh unveiled; Shane Nigam leads the thriller,"Unni Sivalingam's 'Balti,' starring Shane Nigam as Kabaddi player Udhayan, unveils Shiva Hariharan as Ramesh. Originally slated for August 29, the release is now September 26. Nigam's 25th film features Preethi Asrani, Shanthanu Baghyaraj, and Alphonse Puthre…",https://timesofindia.indiatimes.com/entertainment/malayalam/movies/news/balti-shiva-hariharans-intense-look-as-ramesh-unveiled-shane-nigam-leads-the-thriller/articleshow/123825710.cms,"https://static.toiimg.com/thumb/msid-123825775,width-1070,height-580,imgsize-38892,resizemode-75,overlay-toi_sw,pt-32,y_pad-40/photo.jpg",2025-09-11T08:00:52Z,When Shriya Saran stole hearts in sarees,sports
"{'id': None, 'name': 'Mandatory'}",Vritti Johar,Travis Kelce Felt Like ‘S***’ After Hitting Xavier Worthy’s Shoulder,"Travis Kelce addressed the incident involving Xavier Worthy during the Kansas City Chiefs’ 27-21 loss to the Los Angeles Chargers in São Paulo, Brazil. In the Chiefs’ first series, Kelce collided with Worthy when their routes converged, causing the wide recei…",https://www.mandatory.com/news/1660392-travis-kelce-xavier-worthy-shoulder-injury-comment,"https://www.mandatory.com/wp-content/uploads/sites/10/2025/09/MixCollage-11-Sep-2025-12-10-PM-1002.jpg?resize=1200,630",2025-09-11T08:00:30Z,"Travis Kelce addressed the incident involving Xavier Worthy during the Kansas City Chiefs 27-21 loss to the Los Angeles Chargers in São Paulo, Brazil. In the Chiefs first series, Kelce collided with … [+1528 chars]",sports
"{'id': 'the-irish-times', 'name': 'The Irish Times'}",John McManus,John McManus: Spending €30 million more on Ryder Cup 2027 is throwing good money after bad,"The event in Adare will come at a big cost to the Irish taxpayer, but after it’s all over, who will be the winners?",https://www.irishtimes.com/opinion/2025/09/10/giving-ryder-cup-2027-another-30-million-is-throwing-good-money-after-bad/,https://www.irishtimes.com/resizer/v2/YYNRJJ3LH252VW453PMHAGBRI4.jpg?smart=true&auth=ee879a68a07c403739c6a15b3cb7dbf5032d5815ba9359ed020a6de4dceb5561&width=1200&height=630,2025-09-11T08:00:00Z,"The question as to whether the Government should chip in another 30 million to support the Ryder Cup at Adare Manor in Limerick in 2027 is a valid one. For a start, it is a lot of money. Not in the c… [+4799 chars]",sports
"{'id': None, 'name': 'GlobeNewswire'}",Ayala Corporation,The World's Best Pole Vaulters to Face Off in a Historic Showdown in Asia this September 21!,"This is not a drill! The world's top vaulters will arrive in Asia for a historic, high-stakes spectacle unlike anything you will ever see!......",https://www.globenewswire.com/news-release/2025/09/11/3148355/0/en/The-World-s-Best-Pole-Vaulters-to-Face-Off-in-a-Historic-Showdown-in-Asia-this-September-21.html,https://ml.globenewswire.com/Resource/Download/1fefef97-2203-47a3-8737-e6774b6e0437,2025-09-11T08:00:00Z,"MAKATI CITY, PHILIPPINES, Sept. 11, 2025 (GLOBE NEWSWIRE) -- The Atletang Ayala World Pole Vault Challenge, a unique collaboration between Filipino pole vault athlete EJ Obiena, Ayala Foundation, and… [+4630 chars]",sports
"{'id': None, 'name': 'ExchangeWire'}",Sheila Obeng-King,Digest: Minute Media Buys VideoVerse; Europe Mulls Under-16 Social Media Ban as Meta Faces Claims of Burying Child Safety Research; Meta & TikTok Win Challenge to EU Tech Fees,"In today’s Digest, we discuss Minute Media buying VideoVerse, Europe mulling an under-16 social media ban as Meta faces claims of burying child safety research, and Meta and TikTok winning a challenge to EU tech fees.
The post Digest: Minute Media Buys VideoV…",https://www.exchangewire.com/blog/2025/09/11/digest-minute-media-buys-videoverse-europe-mulls-under-16-social-media-ban-as-meta-faces-claims-of-burying-child-safety-research-meta-tiktok-win-challenge-to-eu-tech-fees/,https://cdn.exchangewire.com/wp-content/uploads/2025/09/Untitled-design-48.jpg,2025-09-11T08:00:00Z,"In todays Digest, we discuss Minute Media buying VideoVerse, Europe mulling an under-16 social media ban as Meta faces claims of burying child safety research, and Meta and TikTok winning a challenge… [+2758 chars]",sports
"{'id': None, 'name': 'Sky Sports'}",Laura Hunter,Can £1m Smith be Arsenal's point of difference this season?,"Olivia Smith hit the headlines in a big way this summer. One week into the season, she was at it again. Given the frequency, you would be forgiven for thinking this was a player who favours the limelight. But you would be wrong.",https://www.skysports.com/football/news/11095/13427694/olivia-smith-can-arsenals-1m-signing-be-renee-slegers-point-of-difference-in-pursuit-of-wsl-title-this-season,https://e0.365dm.com/25/09/1600x900/skysports-olivia-smith-arsenal_7015407.jpg?20250909164720,2025-09-11T08:00:00Z,"Olivia Smith hit the headlines in a big way this summer. One week into the season, she was at it again. Given the frequency, you would be forgiven for thinking this was a player who favours the limel… [+5589 chars]",sports
"{'id': None, 'name': 'ETF Daily News'}",MarketBeat News,"Advisors Asset Management Inc. Has $625,000 Stake in PDD Holdings Inc. Sponsored ADR $PDD","Advisors Asset Management Inc. raised its stake in PDD Holdings Inc. Sponsored ADR (NASDAQ:PDD – Free Report) by 2.8% in the 1st quarter, according to the company in its most recent disclosure with the Securities & Exchange Commission. The fund owned 5,279 sh…",https://www.etfdailynews.com/2025/09/11/advisors-asset-management-inc-has-625000-stake-in-pdd-holdings-inc-sponsored-adr-pdd/,https://www.americanbankingnews.com/wp-content/timthumb/timthumb.php?src=https://www.marketbeat.com/logos/pdd-holdings-inc-logo-1200x675.jpg?v=20231214124144&w=240&h=240&zc=2,2025-09-11T07:58:04Z,"Advisors Asset Management Inc. raised its stake in PDD Holdings Inc. Sponsored ADR (NASDAQ:PDD – Free Report) by 2.8% in the 1st quarter, according to the company in its most recent disclosure with t… [+3783 chars]",sports
"{'id': None, 'name': 'ETF Daily News'}",MarketBeat News,Advisors Asset Management Inc. Lowers Position in Vericel Corporation $VCEL,"Advisors Asset Management Inc. lessened its stake in Vericel Corporation (NASDAQ:VCEL – Free Report) by 7.2% during the 1st quarter, HoldingsChannel reports. The firm owned 11,123 shares of the biotechnology company’s stock after selling 861 shares during the…",https://www.etfdailynews.com/2025/09/11/advisors-asset-management-inc-lowers-position-in-vericel-corporation-vcel/,https://www.americanbankingnews.com/wp-content/timthumb/timthumb.php?src=https://www.marketbeat.com/logos/vericel-co-logo-1200x675.jpg?v=20221202080851&w=240&h=240&zc=2,2025-09-11T07:58:03Z,"Advisors Asset Management Inc. lessened its stake in Vericel Corporation (NASDAQ:VCEL – Free Report) by 7.2% during the 1st quarter, HoldingsChannel reports. The firm owned 11,123 shares of the biote… [+4473 chars]",sports
"{'id': None, 'name': '101 Great Goals'}",Solomon Shehata,bet365 Promo Code “101BONUS” $300 Bonus For Commanders vs Packers,"Ahead of the Washington Commanders vs the Green Bay Packers in exciting NFL Week 2 action, one of the best US Sportsbooks, bet365, is offering all new customers a fantastic welcome bonus when they use the promo code “101BONUS” Customers who use this promo cod…",https://www.101greatgoals.com/nfl/bet365-promo-for-commanders-vs-packers/,https://www.101greatgoals.com/wp-content/uploads/2025/09/bet365-BONUS-CODE-USA.jpg,2025-09-11T07:45:00Z,"Ahead of the Washington Commanders vs the Green Bay Packers in exciting NFL Week 2 action, one of the best US Sportsbooks, bet365, is offering all new customers a fantastic welcome bonus when they us… [+4521 chars]",sports
"{'id': None, 'name': 'Globalsecurity.org'}",John Pike,Meeting with Smolensk Region Governor Vasily Anokhin,Vladimir Putin held a working meeting with Smolensk Region Governor Vasily Anokhin.,https://www.globalsecurity.org/wmd/library/news/russia/2025/09/russia-250910-kremlin01.htm,,2025-09-11T07:42:20Z,"Vladimir Putin held a working meeting with Smolensk Region Governor Vasily Anokhin.
September 10, 202514:10The Kremlin, Moscow
At the beginning of the meeting, Vasily Anokhin spoke about the partic… [+6778 chars]",sports
"{'id': None, 'name': 'Globalsecurity.org'}",John Pike,ENGAGEMENT OF INDIAN NAVY'S 1TS ON LONG RANGE TRAINING DEPLOYMENT,"Ships of the Indian Navy's First Training Squadron (1TS) INS Tir & ICGS Sarathi and INS Shardul, arrived at La Réunion and Port Louis respectively, on 08 Sept 2025 as part of their Long Range Training Deployment in the Southwest Indian Ocean Region",https://www.globalsecurity.org/wmd/library/news/india/2025/india-250910-india-pib01.htm,,2025-09-11T07:42:19Z,"India - Press Information Bureau
Ministry of Defence
Posted On: 10 SEP 2025 7:38PM by PIB Delhi
Ships of the Indian Navy's First Training Squadron (1TS) INS Tir &amp; ICGS Sarathi and INS Shardul,… [+2447 chars]",sports
"{'id': None, 'name': 'Prtimes.jp'}",,キングスU18国際大会出場に向けての意気込み,"[琉球ゴールデンキングス]
　キングスU18は、9月13日(土)～14日(日)に香港で行われる「GOAT Lab Internaitional Rising Youth Invitational Tournament Hong Kong 2025(https://goldenkings.jp/news/detail/id=21997)」に出場します。第1回...",https://prtimes.jp/main/html/rd/p/000001151.000036112.html,https://prcdn.freetls.fastly.net/release_image/36112/1151/36112-1151-51906bced169cef801e973808ffa1839-1920x1080.png?format=jpeg&auto=webp&fit=bounds&width=2400&height=1260,2025-09-11T07:40:02Z,"U18913()14()GOAT Lab Internaitional Rising Youth Invitational Tournament Hong Kong 20251U186
U18Simeon Career AcademyNBA1MVPIndigenous Basketball TeamAthletIQ Geelong2NBA
U18#71 #29 
U182 B.LEAGUE… [+479 chars]",sports
"{'id': None, 'name': 'ETF Daily News'}",MarketBeat News,"Royal Bank of Canada Acquires 9,521 Shares of Churchill Downs, Incorporated $CHDN","Royal Bank of Canada grew its holdings in Churchill Downs, Incorporated (NASDAQ:CHDN – Free Report) by 9.2% during the 1st quarter, according to its most recent Form 13F filing with the Securities and Exchange Commission. The firm owned 112,923 shares of the …",https://www.etfdailynews.com/2025/09/11/royal-bank-of-canada-acquires-9521-shares-of-churchill-downs-incorporated-chdn/,https://www.americanbankingnews.com/wp-content/timthumb/timthumb.php?src=https://www.marketbeat.com/logos/churchill-downs-inc-logo-1200x675.jpg&w=240&h=240&zc=2,2025-09-11T07:33:29Z,"Royal Bank of Canada grew its holdings in Churchill Downs, Incorporated (NASDAQ:CHDN – Free Report) by 9.2% during the 1st quarter, according to its most recent Form 13F filing with the Securities an… [+5158 chars]",sports
"{'id': 'breitbart-news', 'name': 'Breitbart News'}","Dylan Gwinn, Dylan Gwinn","NBA Writer Calls Charlie Kirk an 'Evil Man,' Devoted to Spewing 'Hateful Rhetoric'","The lead writer covering the Phoenix Suns for PHNX Sports, accused murdered conservative activist Charlie Kirk of living a life devoted to ""hateful rhetoric"" and refused to ""mourn"" a ""bigot spreading genocidal propaganda.""
The post NBA Writer Calls Charlie Ki…",https://www.breitbart.com/sports/2025/09/11/nba-writer-calls-charlie-kirk-an-evil-man-devoted-to-spewing-hateful-rhetoric/,https://media.breitbart.com/media/2025/09/OLIVIER-TOURON_AFP-via-Getty-Images-640x335.jpg,2025-09-11T07:32:20Z,"The lead writer covering the Phoenix Suns for PHNX Sports, accused murdered conservative activist Charlie Kirk of living a life devoted to “hateful rhetoric” and refused to “mourn” a “bigot spreading… [+2035 chars]",sports
"{'id': None, 'name': 'TMZ'}",TMZ Staff,Shaquille O'Neal Defends Jerry Jones After Micah Parsons Trade,"Jerry Jones still has one very large Cowboys fan in his corner despite his shocking trade of Micah Parsons -- Shaquille O'Neal!!! The Big Diesel told TMZ Sports this week he still has Jones' back ... this despite the Dallas owner jettisoning his…
 Permalink",https://www.tmz.com/2025/09/11/shaquille-oneal-defends-jerry-jones/,https://imagez.tmz.com/image/a5/16by9/2025/09/09/a55aff3db52b4bfba4899aa07fa6d47b_xl.jpg,2025-09-11T07:30:28Z,"Jerry Jones still has one very large Cowboys fan in his corner despite his shocking trade of Micah Parsons -- Shaquille O'Neal!!!
The Big Diesel told TMZ Sports this week he still has Jones' back ..… [+1272 chars]",sports
"{'id': None, 'name': 'Sporting News'}",Daniel Mader,"Brandon McManus sexual assault allegations, explained: Why Commanders cut kicker before playing single game",Here's what to know about the Commanders cutting McManus in June 2024 following his sexual assault allegations.,https://www.sportingnews.com/us/nfl/washington-commanders/news/brandon-mcmanus-sexual-assault-allegations-commanders-cut-kicker/f33c8ff3c9b3bf691899df22,https://library.sportingnews.com/styles/crop_style_16_9_desktop_webp/s3/2025-01/GettyImages-2190471427.jpg.webp?itok=_oUZXhHq,2025-09-11T07:30:02Z,"In March 2024, kicker Brandon McManus signed a deal with the Washington Commanders in free agency; by that point, he already had a decade of experience in the NFL. He was set to become Washington's s… [+11075 chars]",sports
"{'id': None, 'name': 'ETF Daily News'}",MarketBeat News,"Vident Advisory LLC Acquires 1,043 Shares of Manchester United Ltd. $MANU","Vident Advisory LLC boosted its holdings in shares of Manchester United Ltd. (NYSE:MANU – Free Report) by 7.7% during the first quarter, according to the company in its most recent Form 13F filing with the Securities & Exchange Commission. The fund owned 14,5…",https://www.etfdailynews.com/2025/09/11/vident-advisory-llc-acquires-1043-shares-of-manchester-united-ltd-manu/,https://www.americanbankingnews.com/wp-content/timthumb/timthumb.php?src=https://www.marketbeat.com/logos/manchester-united-plc-logo-1200x675.jpg&w=240&h=240&zc=2,2025-09-11T07:27:07Z,"Vident Advisory LLC boosted its holdings in shares of Manchester United Ltd. (NYSE:MANU – Free Report) by 7.7% during the first quarter, according to the company in its most recent Form 13F filing wi… [+3322 chars]",sports
"{'id': 'the-times-of-india', 'name': 'The Times of India'}",ET Online,"Pikachu's wild run! Pokemon Cards give 3,821% return to blow past S&P 500’s 483%","Fueled by nostalgia and investment potential, Pokémon trading cards have surged in value, outperforming traditional markets like the S&P 500. Collectors are turning childhood memories into financial gains, with some using profits for significant life events. …",https://economictimes.indiatimes.com/news/international/global-trends/pikachus-wild-run-pokemon-cards-give-3821-return-to-blow-past-sp-500s-483/articleshow/123823347.cms,"https://img.etimg.com/thumb/msid-123824466,width-1200,height-630,imgsize-8846,overlay-economictimes/articleshow.jpg",2025-09-11T07:24:34Z,"A 27-year-old account manager from Ohio turned profits from Pokemon trading cards into a custom engagement ring and wedding funds, highlighting the soaring value of the collectibles. Pokemon cards ha… [+3838 chars]",sports
"{'id': None, 'name': 'Boston Herald'}",Gretta Monahan,Perfect Boston spots for popping the question,Setting the scene for getting engaged? You can't go wrong with these five spots in Boston and environs.,https://www.bostonherald.com/2025/09/11/perfect-boston-spots-for-popping-the-question/,https://www.bostonherald.com/wp-content/uploads/2025/09/BHR-L-GRETTA-01_55a3e5.jpg?w=1024&h=1131,2025-09-11T07:23:19Z,"Learning of a couple’s engagement is always good news, but fans of Taylor Swift and Travis Kelce were over the moon when the pair announced plans to tie the knot.
The details were icing on the cake:… [+3143 chars]",sports
"{'id': None, 'name': 'Sky Sports'}",Nick Wright,"Fernandez channelling Lampard, Kudus impressing under Frank",The Radar column looks at how Enzo Fernandez is channelling Chelsea legend Frank Lampard and Mohammed Kudus's strong start at Spurs.,https://www.skysports.com/football/news/11095/13428557/enzo-fernandez-making-runs-like-chelsea-legend-frank-lampard-mohammed-kudus-impressing-for-spurs-the-radar,https://e0.365dm.com/25/09/1600x900/skysports-radar-premier-league_7016875.jpg?20250911110054,2025-09-11T07:20:00Z,"Welcome to The Radar, a Sky Sports column in which Nick Wright uses a blend of data and opinion to shed light on need-to-know stories from up and down the Premier League. This week:
 Fernandez's run… [+8673 chars]",sports
"{'id': None, 'name': 'Geeky Gadgets'}",Julian Horsey,Apple Calendar Hacks That Will Change Your Daily Life,"Have you ever felt like your schedule is running you, rather than the other way around? With so many commitments pulling us in different directions, staying organized can feel like an uphill battle. That’s where Apple Calendar comes in, a tool that’s not just…",https://www.geeky-gadgets.com/apple-calendar-organization-tips/,https://www.geeky-gadgets.com/wp-content/uploads/2025/09/apple-calendar-organization-tips_optimized.jpg,2025-09-11T07:18:17Z,"Have you ever felt like your schedule is running you, rather than the other way around? With so many commitments pulling us in different directions, staying organized can feel like an uphill battle. … [+6866 chars]",sports
"{'id': None, 'name': 'Outside'}",aunderwood,"Mysterious Pain While Running? It May Be Your Pelvic Floor, According to Physical Therapists","Pelvic floor health plays a crucial role in running gait and power output. Here's why it can cause pain, plus how to relax and strengthen it.
The post Mysterious Pain While Running? It May Be Your Pelvic Floor, According to Physical Therapists appeared first …",https://www.outsideonline.com/health/training-performance/pelvic-floor-pain-running/#article,https://www.outsideonline.com/wp-content/uploads/2025/09/pelvic-floor-running-horizontal-2400-x-1350-px.jpg,2025-09-11T07:15:06Z,"Discomfort in this area can affect gait, hip function, and mobility
Bookmark Icon
Save
(Photo: Runners: Martin Novak/Getty; Design: Ayana Underwood/Canva)
Published September 11, 2025 01:15AM
Ru… [+9862 chars]",sports
"{'id': None, 'name': 'ETF Daily News'}",MarketBeat News,Madison Square Garden (NYSE:MSGS) Coverage Initiated at Citigroup,"Investment analysts at Citigroup began coverage on shares of Madison Square Garden (NYSE:MSGS – Get Free Report) in a report released on Tuesday, Marketbeat.com reports. The brokerage set a “buy” rating and a $285.00 price target on the stock. Citigroup’s tar…",https://www.etfdailynews.com/2025/09/11/madison-square-garden-nysemsgs-coverage-initiated-at-citigroup/,https://www.americanbankingnews.com/wp-content/timthumb/timthumb.php?src=https://www.marketbeat.com/logos/madison-square-garden-sports-corp-logo-1200x675.png?v=20221117151948&w=240&h=240&zc=2,2025-09-11T07:14:56Z,"Investment analysts at Citigroup began coverage on shares of Madison Square Garden (NYSE:MSGS – Get Free Report) in a report released on Tuesday, Marketbeat.com reports. The brokerage set a “buy” rat… [+3819 chars]",sports
"{'id': None, 'name': 'ETF Daily News'}",MarketBeat News,FOX (NASDAQ:FOX) and Spanish Broadcasting System (OTCMKTS:SBSAA) Head-To-Head Comparison,"FOX (NASDAQ:FOX – Get Free Report) and Spanish Broadcasting System (OTCMKTS:SBSAA – Get Free Report) are both consumer discretionary companies, but which is the better business? We will compare the two businesses based on the strength of their valuation, inst…",https://www.etfdailynews.com/2025/09/11/fox-nasdaqfox-and-spanish-broadcasting-system-otcmktssbsaa-head-to-head-comparison/,https://www.americanbankingnews.com/wp-content/timthumb/timthumb.php?src=https://www.marketbeat.com/logos/spanish-broadcasting-system-inc-logo-1200x675.png?v=20230124151725&w=240&h=240&zc=2,2025-09-11T07:14:52Z,"FOX (NASDAQ:FOX – Get Free Report) and Spanish Broadcasting System (OTCMKTS:SBSAA – Get Free Report) are both consumer discretionary companies, but which is the better business? We will compare the t… [+5351 chars]",sports
"{'id': None, 'name': 'Boston Herald'}",Nate Heinold,"Heinold: Disc golf goes global, raises needed funds",Disc golf has become such a global phenomenon that it’s now bringing together athletes to raise money for underserved communities around the world.,https://www.bostonherald.com/2025/09/11/heinold-disc-golf-goes-global-raises-needed-funds/,https://www.bostonherald.com/wp-content/uploads/2025/09/BHR-Z-DISC-01.jpg?w=1024&h=1240,2025-09-11T07:03:26Z,People have been tossing flying discs for decades. But what was once considered a recreational toy has become the basis for a major international sport disc golf that is enjoyed annually by millions … [+2830 chars],sports
"{'id': None, 'name': 'ETF Daily News'}",MarketBeat News,Cumulus Media Inc. (NASDAQ:CMLS) Short Interest Update,"Cumulus Media Inc. (NASDAQ:CMLS – Get Free Report) was the target of a large growth in short interest in August. As of August 15th, there was short interest totaling 133,200 shares, a growth of 31.2% from the July 31st total of 101,500 shares. Based on an ave…",https://www.etfdailynews.com/2025/09/11/cumulus-media-inc-nasdaqcmls-short-interest-update/,https://www.americanbankingnews.com/wp-content/timthumb/timthumb.php?src=https://www.marketbeat.com/logos/cumulus-media-inc-logo-1200x675.png?v=20221221154804&w=240&h=240&zc=2,2025-09-11T07:02:47Z,"Cumulus Media Inc. (NASDAQ:CMLS – Get Free Report) was the target of a large growth in short interest in August. As of August 15th, there was short interest totaling 133,200 shares, a growth of 31.2%… [+1711 chars]",sports
"{'id': None, 'name': 'ETF Daily News'}",MarketBeat News,Bragg Gaming Group Inc. (NASDAQ:BRAG) Short Interest Up 29.3% in August,"Bragg Gaming Group Inc. (NASDAQ:BRAG – Get Free Report) was the target of a large growth in short interest during the month of August. As of August 15th, there was short interest totaling 196,100 shares, a growth of 29.3% from the July 31st total of 151,700 s…",https://www.etfdailynews.com/2025/09/11/bragg-gaming-group-inc-nasdaqbrag-short-interest-up-29-3-in-august/,https://www.americanbankingnews.com/wp-content/timthumb/timthumb.php?src=https://www.marketbeat.com/logos/bragg-gaming-group-inc-logo-1200x675.png?v=20211202112931&w=240&h=240&zc=2,2025-09-11T07:02:47Z,"Bragg Gaming Group Inc. (NASDAQ:BRAG – Get Free Report) was the target of a large growth in short interest during the month of August. As of August 15th, there was short interest totaling 196,100 sha… [+4155 chars]",sports
"{'id': None, 'name': 'newsBTC'}",Ronaldo Marquez,Elliott Management Warns Of ‘Inevitable Crypto Collapse’ Linked To White House Support,"Elliott Management, the activist investment firm led by Paul Singer, has raised concerns regarding the cryptocurrency market, suggesting that it may be on the brink of an “inevitable collapse.” In a recent investor letter reported by Fortune, the firm attribu…",http://www.newsbtc.com/news/elliott-management-warns-of-inevitable-crypto-collapse-linked-to-white-house-support/,https://www.newsbtc.com/wp-content/uploads/2025/09/Screenshot_1281.jpg?fit=1273%2C728,2025-09-11T07:00:36Z,"Elliott Management, the activist investment firm led by Paul Singer, has raised concerns regarding the cryptocurrency market, suggesting that it may be on the brink of an inevitable collapse.
In a r… [+3178 chars]",sports
"{'id': None, 'name': 'Dezeen'}",Chater Paul Jordan,Dezeen Awards 2025 sustainability longlist revealed,"Dezeen has revealed the 80-strong longlisted for this year's Dezeen Awards sustainability categories, including designs by Carmody Groarke, Sancal and SOM. The 80 longlisted projects, which are in the running to be crowned winners across five different sustai…",https://www.dezeen.com/2025/09/11/dezeen-awards-2025-sustainability-longlist/,https://static.dezeen.com/uploads/2025/09/dezeen-awards-sustainability-longlist-hero-aesop_dezeen_2364_col_0.jpg,2025-09-11T07:00:01Z,"Dezeen has revealed the 80-strong longlisted for this year's Dezeen Awards sustainability categories, including designs by Carmody Groarke, Sancal and SOM.
The 80 longlisted projects, which are in t… [+8029 chars]",sports
"{'id': None, 'name': 'Sky Sports'}",,Sky teams up with Arsenal forward Russo in bid to increase participation in girls' sport,"Girls in the UK are missing out on 280 million hours of sport every year - a gap that, if closed, could unlock £6.5bn in economic and health benefits by 2035, according to a new report from Public First, commissioned by Sky.",https://www.skysports.com/football/news/11095/13428114/sky-calls-for-national-action-on-girls-sport-as-it-teams-up-with-arsenal-forward-alessia-russo-to-increase-participation,https://e0.365dm.com/25/09/1600x900/skysports-alessia-russo-dana-strong_7016593.jpg?20250910224909,2025-09-11T07:00:00Z,"Girls in the UK are missing out on 280 million hours of sport every year - a gap that, if closed, could unlock £6.5bn in economic and health benefits by 2035, according to a new report from Public Fi… [+4276 chars]",sports
"{'id': None, 'name': 'Creative Bloq'}",Sean Cameron,This Lenovo Thinkpad laptop is farming pure boardroom aura,The Lenovo ThinkPad X9 Aura Edition is a masterclass of a thin and light Windows laptop.,https://www.creativebloq.com/tech/laptops/this-lenovo-thinkpad-laptop-is-farming-pure-boardroom-aura,https://cdn.mos.cms.futurecdn.net/YridxNeMrpHVpyjzmXpPxY.jpg,2025-09-11T07:00:00Z,"Why you can trust Creative Bloq
Our expert reviewers spend hours testing and comparing products and services so you can choose the best for you. Find out more about how we test.
(Image credit: Futu… [+12747 chars]",sports
"{'id': None, 'name': 'New York Post'}",Richard Pollina,Dave Portnoy rips fired MSNBC analyst Matthew Dowd over ‘insensitive’ Charlie Kirk comments,"""Truly an unhinged rant from a lefty lunatic.""",https://nypost.com/2025/09/11/us-news/dave-portnoy-rips-fired-msnbc-analyst-matthew-dowd-over-insensitive-charlie-kirk-assassination-comments/,https://nypost.com/wp-content/uploads/sites/2/2025/09/Kirk-Portnoy-1.jpg?quality=75&strip=all&w=1024,2025-09-11T06:58:13Z,Barstool Sports founder Dave Portnoy branded now-former MSNBC analyst Matthew Dowd as a “lefty lunatic” over his “insensitive and unacceptable” comments about Charlie Kirk after Wednesday’s shooting.… [+4595 chars],sports
"{'id': None, 'name': 'Webfx.com'}",Abby Fields,How Much Does It Cost To Advertise on Instagram in 2025?,Instagram advertising costs range from $0.01 - $0.25 per click to $0.01 - $4.00 per 1000 impressions. Learn more about how much Instagram ads cost now!,https://www.webfx.com/blog/social-media/how-much-does-it-cost-to-advertise-on-instagram/,https://www.webfx.com/wp-content/uploads/2024/12/032550_social_media_ads_on_instagram.png,2025-09-11T06:58:00Z,"Hundreds of U.S.-based marketing professionals shared what their businesses pay to advertise on Instagram.
Instagram advertising costs depend on several factors, including bids, ad relevancy, season… [+18881 chars]",sports
"{'id': None, 'name': 'Protothema.gr'}",admin,"At the 8th Primary School of Nea Filadelfeia, Mitsotakis – The school was renovated under the “Marietta Giannakou” program","Mr. Mitsotakis was guided by the school’s principal through the renovated facilities of the educational unit
The post At the 8th Primary School of Nea Filadelfeia, Mitsotakis – The school was renovated under the “Marietta Giannakou” program appeared first on …",https://en.protothema.gr/2025/09/11/at-the-8th-primary-school-of-nea-filadelfeia-mitsotakis-the-school-was-renovated-under-the-marietta-giannakou-program/,https://en.protothema.gr/wp-content/uploads/2025/09/mitsotakis-sxoleio-new-1.jpg-1.jpg,2025-09-11T06:56:46Z,"This morning, Prime Minister Kyriakos Mitsotakis visited the 8th Primary School of Nea Filadelfeia for the blessing ceremony ahead of the new school year.
This school is one of the 431 educational u… [+1119 chars]",sports
"{'id': None, 'name': 'YEN.COM.GH'}",Portia Arthur,Kumawood Star Lil Win Sues TV Station for GH¢1 Million For Unauthorised Broadcast of His Movie,"Ghanaian actor and musician Kwadwo Nkansah, popularly called Lil Win, has filed a lawsuit against Abrempong TV for the unauthorised broadcast of his movie.",https://yen.com.gh/entertainment/celebrities/290829-kumawood-star-lil-win-sues-tv-station-ghc1-million-unauthorised-broadcast-movie/,https://cdn.yen.com.gh/images/1200x675/a0e032493b71b7a3.jpeg?v=1,2025-09-11T06:52:19Z,<ul><li>Award-winning Ghanaian actor Lil Win has sued a popular TV station in Ghana for unauthorised broadcast of his movie</li><li>The famous actor and entertainer announced on his official social m… [+3511 chars],sports
"{'id': None, 'name': 'C21media.net'}",jordanpinto871443,"WBD’s Discovery Global could look to buy free-to-air European channels, says Zaslav","Warner Bros Discovery (WBD) boss David Zaslav says the forthcoming spin-off company, Discovery Global, will likely look at acquiring new channels when it officially launches next year. Speaking at the ...",https://www.c21media.net/news/wbds-discovery-global-could-look-to-buy-free-to-air-european-channels-says-zaslav/,https://cdn.c21media.net/wp-content/uploads/2024/07/david-zaslav2.jpg,2025-09-11T06:51:27Z,"Warner Bros Discovery (WBD) boss David Zaslav says the forthcoming spin-off company, Discovery Global, will likely look at acquiring new channels when it officially launches next year.
David Zaslav… [+2882 chars]",sports
"{'id': 'cbc-news', 'name': 'CBC News'}",,"World Cup ticket draw off to frustrating start, but plenty of time left in pre-sale",It was clear would-be ticket-buyers were going to need a big dose of luck to be successful in FIFA's 2026 World Cup lottery. Day 1 of the Visa pre-sale showed plenty of patience was needed as well.,https://www.cbc.ca/sports/soccer/world-cup-fifa-tickets-pre-sale-1.7630878,https://i.cbc.ca/1.7624353.1756926632!/fileImage/httpImage/image.jpg_gen/derivatives/16x9_1180/2195751614.jpg?im=Resize%3D620,2025-09-11T06:49:23Z,"It was clear would-be ticket-buyers were going to need a big dose of luck to be successful in FIFA's 2026 World Cup lottery. Day 1 of the Visa pre-sale showed plenty of patience was needed as well.
… [+3056 chars]",sports
"{'id': None, 'name': 'Livemint'}","Mansi Verma, Sneha Shah",Gautam Thakar steps down as CEO of Prosus’ global edtech practice,"Gautam Thakar, who took up the role in August 2023, was instrumental in guiding edtech investments of Prosus in India through a downturn marked by significant corrections in valuations and pivots in business models.",https://www.livemint.com/companies/people/gautam-thakar-naspers-prosus-edtech-sector-investments-byjus-unacademy-11757562617424.html,https://www.livemint.com/lm-img/img/2025/09/11/1600x900/GT_1692640787129_1757571902926.jpg,2025-09-11T06:48:01Z,"MUMBAI
 : 
Gautam Thakar has stepped down as the chief executive of Prosus global edtech practice, which oversees more than $4 billion in investments, after two years in the role, according to thre… [+2118 chars]",sports
"{'id': None, 'name': 'ETF Daily News'}",MarketBeat News,Citigroup Upgrades DICK’S Sporting Goods (NYSE:DKS) to Buy,"DICK’S Sporting Goods (NYSE:DKS – Get Free Report) was upgraded by investment analysts at Citigroup from a “neutral” rating to a “buy” rating in a research report issued on Tuesday, MarketBeat.com reports. The brokerage currently has a $280.00 target price on…",https://www.etfdailynews.com/2025/09/11/citigroup-upgrades-dicks-sporting-goods-nysedks-to-buy/,https://www.americanbankingnews.com/wp-content/timthumb/timthumb.php?src=https://www.marketbeat.com/logos/dicks-sporting-goods-inc-logo-1200x675.png?v=20221109153449&w=240&h=240&zc=2,2025-09-11T06:42:57Z,"DICK’S Sporting Goods (NYSE:DKS – Get Free Report) was upgraded by investment analysts at Citigroup from a “neutral” rating to a “buy” rating in a research report issued on Tuesday, MarketBeat.com re… [+5720 chars]",sports
"{'id': None, 'name': 'ETF Daily News'}",MarketBeat News,Foot Locker’s (FL) Market Perform Rating Reaffirmed at Telsey Advisory Group,"Foot Locker (NYSE:FL – Get Free Report)‘s stock had its “market perform” rating reiterated by investment analysts at Telsey Advisory Group in a note issued to investors on Tuesday,Benzinga reports. They currently have a $24.00 price target on the athletic foo…",https://www.etfdailynews.com/2025/09/11/foot-lockers-fl-market-perform-rating-reaffirmed-at-telsey-advisory-group/,https://www.americanbankingnews.com/wp-content/timthumb/timthumb.php?src=https://www.marketbeat.com/logos/foot-locker-inc-logo-1200x675.jpg?v=20221118141619&w=240&h=240&zc=2,2025-09-11T06:42:56Z,"Foot Locker (NYSE:FL – Get Free Report)‘s stock had its “market perform” rating reiterated by investment analysts at Telsey Advisory Group in a note issued to investors on Tuesday,Benzinga reports. T… [+5720 chars]",sports
"{'id': None, 'name': 'ETF Daily News'}",MarketBeat News,PDD Holdings Inc. Sponsored ADR (NASDAQ:PDD) Given Consensus Rating of “Moderate Buy” by Brokerages,"Shares of PDD Holdings Inc. Sponsored ADR (NASDAQ:PDD – Get Free Report) have been assigned an average recommendation of “Moderate Buy” from the fourteen brokerages that are covering the stock, Marketbeat.com reports. Eight equities research analysts have rat…",https://www.etfdailynews.com/2025/09/11/pdd-holdings-inc-sponsored-adr-nasdaqpdd-given-consensus-rating-of-moderate-buy-by-brokerages/,https://www.americanbankingnews.com/wp-content/timthumb/timthumb.php?src=https://www.marketbeat.com/logos/pdd-holdings-inc-logo-1200x675.jpg?v=20231214124144&w=240&h=240&zc=2,2025-09-11T06:40:57Z,"Shares of PDD Holdings Inc. Sponsored ADR (NASDAQ:PDD – Get Free Report) have been assigned an average recommendation of “Moderate Buy” from the fourteen brokerages that are covering the stock, Marke… [+3692 chars]",sports
"{'id': None, 'name': 'Variety'}",Naman Ramachandran,"Asia-Pacific Content Spend Hits $16 Billion as Streaming Overtakes Pay-TV for First Time, Research Finds","Streaming platforms will overtake traditional pay-TV as the largest source of content investment in Asia-Pacific in 2025, marking a historic first for the region’s video industry, according to Media Partners Asia’s newly released Asia Video Content Dynamics 2…",https://variety.com/2025/tv/news/asia-pacific-streaming-spend-paytv-1236514961/,https://variety.com/wp-content/uploads/2025/03/Cricket-Champions-Trophy.jpg?w=1000&h=563&crop=1,2025-09-11T06:40:37Z,"Streaming platforms will overtake traditional pay-TV as the largest source of content investment in Asia-Pacific in 2025, marking a historic first for the region’s video industry, according to Media … [+4184 chars]",sports
"{'id': None, 'name': 'BBC News'}",BBC Sport,Postecoglou's style 'will be successful but take time',"A former head of sports science at Celtic says Ange Postecoglou will ""waste no time"" imposing his style at new club Nottingham Forest. Anton McElhone worked under Postecoglou at the Scottish Premiership club between 2021 and 2023 - winning five trophies acros…",https://www.bbc.com/sport/football/articles/c0m41ngdy2vo,https://ichef.bbci.co.uk/ace/branded_sport/1200/cpsprodpb/b796/live/e0d629e0-8e13-11f0-8bee-8501c5d73579.jpg,2025-09-11T06:40:27Z,"A former head of sports science at Celtic says Ange Postecoglou will ""waste no time"" imposing his style at new club Nottingham Forest.
Anton McElhone worked under Postecoglou at the Scottish Premier… [+1501 chars]",sports
"{'id': None, 'name': 'ETF Daily News'}",MarketBeat News,Konami Group (OTCMKTS:KONMY) Shares Down 0.1% – What’s Next?,"Konami Group Co. (OTCMKTS:KONMY – Get Free Report)’s share price was down 0.1% on Wednesday . The stock traded as low as C$74.86 and last traded at C$76.21. Approximately 1,224 shares changed hands during trading, a decline of 41% from the average daily volum…",https://www.etfdailynews.com/2025/09/11/konami-group-otcmktskonmy-shares-down-0-1-whats-next/,https://www.americanbankingnews.com/wp-content/timthumb/timthumb.php?src=https://www.marketbeat.com/logos/konami-group-co-logo-1200x675.png&w=240&h=240&zc=2,2025-09-11T06:38:52Z,"Konami Group Co. (OTCMKTS:KONMY – Get Free Report)’s share price was down 0.1% on Wednesday . The stock traded as low as C$74.86 and last traded at C$76.21. Approximately 1,224 shares changed hands d… [+941 chars]",sports
"{'id': None, 'name': 'ClutchPoints'}",Brayden Haena,President Donald Trump to take part in 9/11 commemoration in Yankees-Tigers finale,"Yankee Stadium is preparing for a unique blend of baseball and remembrance on Thursday, September 11th, when President Trump honors victims.",https://clutchpoints.com/mlb/new-york-yankees/yankees-news-president-donald-trump-take-part-9-11-commemoration-tigers-finale,https://wp.clutchpoints.com/wp-content/uploads/2025/09/President-Donald-Trump-cover.jpg,2025-09-11T06:30:26Z,"Yankee Stadium is preparing for a unique blend of baseball and remembrance on Thursday, Sept. 11, when the New York Yankees host the Detroit Tigers. The game, already significant as the 24th annivers… [+2845 chars]",sports
"{'id': None, 'name': 'Sky Sports'}",Peter Smith,A dream dilemma? How Slot fits Isak and all his attacking options in,"A clinical debut finish at Anfield. A run in behind Ibrahima Konate before a prod past Alisson. A thunderbolt into the top corner at St James' Park. And that almost inevitable, excellently executed winner at Wembley.",https://www.skysports.com/football/news/11669/13426989/alexander-isak-liverpool-striker-gives-arne-slot-challenge-to-maximise-attacking-options,https://e0.365dm.com/25/09/1600x900/skysports-premier-league-liverpool_7016148.jpg?20250910142629,2025-09-11T06:29:00Z,"A clinical debut finish at Anfield. A run in behind Ibrahima Konate before a prod past Alisson. A thunderbolt into the top corner at St James' Park. And that almost inevitable, excellently executed w… [+6024 chars]",sports
"{'id': 'the-times-of-india', 'name': 'The Times of India'}",Mukesh Thapliyal,Josh Naylor likely to be signed by Mariners in over $60 million free agency deal,"Josh Naylor, acquired by the Mariners at the trade deadline, is poised to become a free agent and explore his market value. Despite initial reports suggesting an over $60 million deal with Seattle, Naylor's strong performance and the relatively weak free-agen…",https://economictimes.indiatimes.com/news/international/us/josh-naylor-likely-to-be-signed-by-mariners-in-over-60-million-free-agency-deal/articleshow/123823889.cms,"https://img.etimg.com/thumb/msid-123823921,width-1200,height-630,imgsize-49632,overlay-economictimes/articleshow.jpg",2025-09-11T06:28:35Z,"Star first baseman Josh Naylor, who hits free agency at the end of the season, is likely to stay in Seattle with the Mariners set to sign him in an over $60 million free agency deal, according to med… [+1626 chars]",sports
"{'id': None, 'name': 'ETF Daily News'}",MarketBeat News,Toro (NYSE:TTC) Price Target Raised to $90.00,"Toro (NYSE:TTC – Get Free Report) had its target price lifted by analysts at Northland Securities from $80.00 to $90.00 in a report issued on Tuesday, Marketbeat reports. The brokerage currently has a “market perform” rating on the stock. Northland Securities…",https://www.etfdailynews.com/2025/09/11/toro-nysettc-price-target-raised-to-90-00/,https://www.americanbankingnews.com/wp-content/timthumb/timthumb.php?src=https://www.marketbeat.com/logos/toro-logo-1200x675.jpg&w=240&h=240&zc=2,2025-09-11T06:26:51Z,"Toro (NYSE:TTC – Get Free Report) had its target price lifted by analysts at Northland Securities from $80.00 to $90.00 in a report issued on Tuesday, Marketbeat reports. The brokerage currently has … [+5730 chars]",sports
"{'id': None, 'name': 'ETF Daily News'}",MarketBeat News,Comparing Massimo Group (NASDAQ:MAMO) and Sportradar Group (NASDAQ:SRAD),"Massimo Group (NASDAQ:MAMO – Get Free Report) and Sportradar Group (NASDAQ:SRAD – Get Free Report) are both consumer discretionary companies, but which is the superior investment? We will compare the two businesses based on the strength of their institutional…",https://www.etfdailynews.com/2025/09/11/comparing-massimo-group-nasdaqmamo-and-sportradar-group-nasdaqsrad/,https://www.americanbankingnews.com/wp-content/timthumb/timthumb.php?src=https://www.marketbeat.com/logos/sportradar-group-ag-logo-1200x675.png?v=20211011092110&w=240&h=240&zc=2,2025-09-11T06:25:01Z,"Massimo Group (NASDAQ:MAMO – Get Free Report) and Sportradar Group (NASDAQ:SRAD – Get Free Report) are both consumer discretionary companies, but which is the superior investment? We will compare the… [+4374 chars]",sports
"{'id': None, 'name': 'Cowcotland.com'}",,Bon Plan : toujours plus de vieux jeux avec Capcom et Humble Bundle,"Pas moins de 65 articles sur un seul palier, voilà la nouvelle offre Humble Bundle qui va piocher dans des vieilleries plus ou moins vieilles de Capcom !

Explore 30+ iconic titles from years past and the latest retro-inspired releases with the all-new Capcom…",https://www.cowcotland.com/news/97697/bon-plan-toujours-plus-de-vieux-jeux-avec-capcom-et-humble-bundle.html,https://www.cowcotland.com/images/news/2025/09/humblebundle-f-8.jpg,2025-09-11T06:21:23Z,"Pas moins de 65 articles sur un seul palier, voilà la nouvelle offre Humble Bundle qui va piocher dans des vieilleries plus ou moins vieilles de Capcom !
Explore 30+ iconic titles from years past an… [+2705 chars]",sports
"{'id': 'breitbart-news', 'name': 'Breitbart News'}","Dylan Gwinn, Dylan Gwinn",Sage Steele Calls on Sports League to Honor Charlie Kirk like They Did When 'Career Criminal George Floyd Died',"Former ESPN anchor Sage Steele has issued a direct call for all major American sports leagues to ""release statements & send condolences"" to the family of murdered conservative activist Charlie Kirk, ""kinda like you did when career criminal George Floyd died.""…",https://www.breitbart.com/sports/2025/09/10/sage-steele-calls-on-sports-league-to-honor-charlie-kirk-like-they-did-when-career-criminal-george-floyd-died/,https://media.breitbart.com/media/2025/09/Meg-Oliphant_Getty-Images-2-640x335.jpg,2025-09-11T06:20:23Z,Former ESPN anchor Sage Steele has issued a direct call for all major American sports leagues to “release statements &amp; send condolences” to the family of murdered conservative activist Charlie Ki… [+1689 chars],sports
"{'id': None, 'name': 'ETF Daily News'}",MarketBeat News,TKO Group (NYSE:TKO) Stock Rating Lowered by Seaport Res Ptn,"Seaport Res Ptn cut shares of TKO Group (NYSE:TKO – Free Report) from a strong-buy rating to a hold rating in a report issued on Monday,Zacks.com reports. Other research analysts have also issued research reports about the stock. Northcoast Research lowered s…",https://www.etfdailynews.com/2025/09/11/tko-group-nysetko-stock-rating-lowered-by-seaport-res-ptn/,https://www.americanbankingnews.com/wp-content/timthumb/timthumb.php?src=https://www.marketbeat.com/logos/tko-group-holdings-inc-logo.png?v=20250207064150&w=240&h=240&zc=2,2025-09-11T06:13:10Z,"Seaport Res Ptn cut shares of TKO Group (NYSE:TKO – Free Report) from a strong-buy rating to a hold rating in a report issued on Monday,Zacks.com reports.
Other research analysts have also issued re… [+5475 chars]",sports
"{'id': None, 'name': 'ETF Daily News'}",MarketBeat News,Rep. Laura Friedman Sells The Walt Disney Company (NYSE:DIS) Stock,"Representative Laura Friedman (D-California) recently sold shares of The Walt Disney Company (NYSE:DIS). In a filing disclosed on September 09th, the Representative disclosed that they had sold between $1,001 and $15,000 in Walt Disney stock on August 26th. T…",https://www.etfdailynews.com/2025/09/11/rep-laura-friedman-sells-the-walt-disney-company-nysedis-stock/,https://www.americanbankingnews.com/wp-content/timthumb/timthumb.php?src=https://www.marketbeat.com/logos/the-walt-disney-company-logo-1200x675.png?v=20201229105326&w=240&h=240&zc=2,2025-09-11T06:08:46Z,"Representative Laura Friedman (D-California) recently sold shares of The Walt Disney Company (NYSE:DIS). In a filing disclosed on September 09th, the Representative disclosed that they had sold betwe… [+5688 chars]",sports
"{'id': None, 'name': 'Dramabeans.com'}",tccolb,Junho takes charge of his Typhoon Family,"The first posters and teaser for tvN’s Typhoon Family have come whirling in, introducing us to Junho (King the Land) in all his Gen X glory as he steps into the shoes of CEO to save his father’s struggling company. The year in our period story is 1997, when S…",https://dramabeans.com/2025/09/junho-takes-charge-of-his-typhoon-family/,https://dramabeans.com/wp-content/uploads/2025/09/tvn_typfam_tt-3.jpg,2025-09-11T06:00:36Z,"Junho takes charge of his Typhoon Family
The first posters and teaser for tvN’s Typhoon Family have come whirling in, introducing us to Junho (King the Land) in all his Gen X glory as he steps into … [+1444 chars]",sports
"{'id': None, 'name': 'Adweek'}",Brittaney Kiefer,"In a World of AI Slop, The Next Brand Fight Is About Staying Real","A shark wears blue Nikes. The pope sports a white puffer coat. Jesus rides a giant shrimp. These bizarre, viral images have come to define the current era of AI […]",https://www.adweek.com/creativity/in-a-world-of-ai-slop-the-next-brand-fight-is-about-staying-real/,https://static-www.adweek.com/wp-content/uploads/2025/09/BMWAIslopPigeon.png?w=600&h=315&crop=1,2025-09-11T06:00:00Z,"A shark wears blue Nikes. The pope sports a white puffer coat. Jesus rides a giant shrimp. These bizarre, viral images have come to define the current era of AI slop.The pejorative term has emerged t… [+448 chars]",sports
"{'id': None, 'name': 'Yahoo Entertainment'}",EDDIE PELLS,Usain Bolt 'not worried' about records being broken by today's cast of sprinters,"In the 16 years since Usain Bolt posted his world records in the 100 and 200 meters, nobody has really come close to toppling them. Since then, only one other runner, Yohan Blake, has cracked 9.7 in the 100, and only Blake has run faster than 19.3 in the 200.…",https://sports.yahoo.com/article/usain-bolt-not-worried-records-055921910.html,https://s.yimg.com/ny/api/res/1.2/8LuMTl_cb2hICKCbFv0.Rg--/YXBwaWQ9aGlnaGxhbmRlcjt3PTEyMDA7aD04MDA7Y2Y9d2VicA--/https://media.zenfs.com/en/ap.org/cd7ab1eb9842badb5b566957cf0de55d,2025-09-11T05:59:21Z,"TOKYO (AP) In the 16 years since Usain Bolt posted his world records in the 100 and 200 meters, nobody has really come close to toppling them.
One of track's all-time greats and maybe still its most… [+2263 chars]",sports
"{'id': None, 'name': 'Outside'}",ahood,"How to Watch the GP Québec and GP Montréal, Maps and Profiles","Maps and profiles plus listings of how to watch this weekend's GP Québec and GP Montréal in North America's only WorldTour races.
Read the full article at How to Watch the GP Québec and GP Montréal, Maps and Profiles on Velo.",https://velo.outsideonline.com/road/road-racing/how-to-watch-the-gp-quebec-and-gp-montreal/#article,https://velo.outsideonline.com/wp-content/uploads/2025/09/GettyImages-2172212071.jpg,2025-09-11T05:57:06Z,"Maps and profiles plus listings of how to watch this weekend's GP Québec and GP Montréal in North America's only WorldTour races.
Bookmark Icon
Save
Pogaar was last year's big winner in Montréal. … [+1405 chars]",sports
"{'id': None, 'name': 'CounterPunch'}",John Whitbeck,Three Scenarios for the Future of Palestine,"In the run-up to a special session of the UN General Assembly at which at least seven Western states have announced their intention to extend diplomatic recognition to the State of Palestine, numerous respected and knowledgeable commentators are declaring tha…",https://www.counterpunch.org/2025/09/11/three-scenarios-for-the-future-of-palestine-2/,https://www.counterpunch.org/wp-content/uploads/2025/09/onur-burak-akin-nmvO0TkXZNg-unsplash-945x630.jpg,2025-09-11T05:57:04Z,"Image by Onur Burak Akn.
In the run-up to a special session of the UN General Assembly at which at least seven Western states have announced their intention to extend diplomatic recognition to the S… [+4268 chars]",sports
"{'id': 'abc-news-au', 'name': 'ABC News (AU)'}",ABC News,Edmed handed playmaking reins as Wallabies make changes to starting XV,The Wallabies have made four changes to their starting team for the second Test match against Argentina in the Rugby Championship.,https://www.abc.net.au/news/2025-09-11/wallabies-vs-argentina-how-to-watch-what-time-is-kick-off/105761962,https://live-production.wcms.abc-cdn.net.au/eede7a57250b0be7119d8c3dad4c7e2b?impolicy=wcms_watermark_news&cropH=2813&cropW=5000&xPos=0&yPos=260&width=862&height=485&imformat=generic,2025-09-11T05:56:33Z,"Tane Edmed has been given the keys to the Wallabies' attack with coach Joe Schmidt handing the playmaker Australia's number 10 jersey for the first time.
Two-cap international Edmed will call the sh… [+4804 chars]",sports
"{'id': 'the-times-of-india', 'name': 'The Times of India'}",ET Online,"SC refuses urgent listing of plea against India-Pakistan Asia Cup match, asks a key question","The Supreme Court on Thursday declined urgent listing of a plea seeking cancellation of the India-Pakistan Asia Cup match scheduled for September 14 in Dubai. A bench of Justices J K Maheshwari and Vijay Bishnoi said, “It’s a match, let it be.” The plea, file…",https://economictimes.indiatimes.com/news/sports/sc-refuses-urgent-listing-of-plea-against-india-pakistan-cricket-match-asks-a-key-question/articleshow/123823303.cms,"https://img.etimg.com/thumb/msid-123823338,width-1200,height-630,imgsize-157296,overlay-economictimes/articleshow.jpg",2025-09-11T05:56:10Z,The Supreme Court on Thursday refused urgent listing of a plea seeking cancellation of the cricket match between India and Pakistan in the upcoming Asia Cup.The matter was mentioned before a bench of… [+1640 chars],sports
"{'id': None, 'name': 'ETF Daily News'}",MarketBeat News,Top Casino Stocks To Watch Now – September 9th,"Sharplink Gaming, Flutter Entertainment, and DraftKings are the three Casino stocks to watch today, according to MarketBeat’s stock screener tool. Casino stocks are equity shares of publicly traded companies that own, develop or manage casino gaming propertie…",https://www.etfdailynews.com/2025/09/11/top-casino-stocks-to-watch-now-september-9th/,https://www.americanbankingnews.com/wp-content/timthumb/timthumb.php?src=https://www.marketbeat.com/logos/sharplink-gaming-ltd-logo-1200x675.png?v=20230124141409&w=240&h=240&zc=2,2025-09-11T05:44:49Z,"Sharplink Gaming, Flutter Entertainment, and DraftKings are the three Casino stocks to watch today, according to MarketBeat’s stock screener tool. Casino stocks are equity shares of publicly traded c… [+1921 chars]",sports
"{'id': None, 'name': 'Notebookcheck.net'}",Rahim Amir Noorali,Hideo Kojima says a singular conversation in early job interview changed his entire career path,A meeting with an HR manager early in Hideo Kojima's career sparked a conversation that may have been crucial to a series of events that allowed for the legendary Metal Gear Solid franchise to be born.,https://www.notebookcheck.net/Hideo-Kojima-says-a-singular-conversation-in-early-job-interview-changed-his-entire-career-path.1111127.0.html,https://www.notebookcheck.net/fileadmin/Notebooks/News/_nc5/Ludens-Mascot-for-Kojima-Productions-Image-Source-Kojima-Productions.png,2025-09-11T05:39:00Z,"Hideo Kojima recently opened up about the deceptive nature of job interviews in a personal essay, labeling them as a place where lies meet lies. During his early job-hunting escapades, an HR manager … [+2712 chars]",sports
"{'id': None, 'name': 'ETF Daily News'}",MarketBeat News,Super Group (SGHC) (NYSE:SGHC) Sees Large Volume Increase Following Dividend Announcement,"Shares of Super Group (SGHC) Limited (NYSE:SGHC – Get Free Report) saw strong trading volume on Wednesday following a dividend announcement from the company. 5,629,681 shares were traded during mid-day trading, an increase of 332% from the previous session’s …",https://www.etfdailynews.com/2025/09/11/super-group-sghc-nysesghc-sees-large-volume-increase-following-dividend-announcement/,https://www.americanbankingnews.com/wp-content/timthumb/timthumb.php?src=https://www.marketbeat.com/logos/super-group-(sghc)-limited-logo-1200x675.png?v=20220228095611&w=240&h=240&zc=2,2025-09-11T05:34:45Z,"Shares of Super Group (SGHC) Limited (NYSE:SGHC – Get Free Report) saw strong trading volume on Wednesday following a dividend announcement from the company. 5,629,681 shares were traded during mid-d… [+4171 chars]",sports
"{'id': None, 'name': 'ETF Daily News'}",MarketBeat News,Head to Head Comparison: DraftKings (NASDAQ:DKNG) vs. Las Vegas Sands (NYSE:LVS),"Las Vegas Sands (NYSE:LVS – Get Free Report) and DraftKings (NASDAQ:DKNG – Get Free Report) are both large-cap consumer discretionary companies, but which is the superior business? We will compare the two businesses based on the strength of their earnings, an…",https://www.etfdailynews.com/2025/09/11/head-to-head-comparison-draftkings-nasdaqdkng-vs-las-vegas-sands-nyselvs/,https://www.americanbankingnews.com/wp-content/timthumb/timthumb.php?src=https://www.marketbeat.com/logos/draftkings-inc-logo-1200x675.png?v=20231227085909&w=240&h=240&zc=2,2025-09-11T05:30:53Z,"Las Vegas Sands (NYSE:LVS – Get Free Report) and DraftKings (NASDAQ:DKNG – Get Free Report) are both large-cap consumer discretionary companies, but which is the superior business? We will compare th… [+4552 chars]",sports
"{'id': None, 'name': 'ETF Daily News'}",MarketBeat News,"Rush Street Interactive, Inc. (NYSE:RSI) Receives $17.89 Consensus Target Price from Brokerages","Rush Street Interactive, Inc. (NYSE:RSI – Get Free Report) has received a consensus rating of “Moderate Buy” from the eleven research firms that are presently covering the stock, MarketBeat.com reports. Two research analysts have rated the stock with a hold r…",https://www.etfdailynews.com/2025/09/11/rush-street-interactive-inc-nysersi-receives-17-89-consensus-target-price-from-brokerages/,https://www.americanbankingnews.com/wp-content/timthumb/timthumb.php?src=https://www.marketbeat.com/logos/rush-street-interactive-inc-logo-1200x675.jpg?v=20210327085621&w=240&h=240&zc=2,2025-09-11T05:30:53Z,"Rush Street Interactive, Inc. (NYSE:RSI – Get Free Report) has received a consensus rating of “Moderate Buy” from the eleven research firms that are presently covering the stock, MarketBeat.com repor… [+5516 chars]",sports
"{'id': None, 'name': 'Latest News in Nigeria & Breaking Naija News 24/7 | LEGIT.NG'}",Eniola Lasaki,"BBN: Dede, Joanna, Rooboy Make Unexpected Appearance, Housemates Lose Composure as They Welcome Them","After picking the red phone, Dede, Joanna, and Rooboy made an unexpected return to the BBNaija season 10 house, igniting excitement among housemates.",https://www.legit.ng/entertainment/tv-shows/1673549-dede-joanna-rooboy-unexpected-appearnace-housemates-loose-composure-them/,https://cdn.legit.ng/images/1200x675/a75f2a4b4278481e.jpeg?v=1,2025-09-11T05:28:23Z,"<ul><li>The rest of the housemates were not expecting to see the return of Dede, Joana, and Rooboy after their exit on Monday, September 8</li><li>The three housemates had left the house after Rooboy… [+3441 chars]",sports
"{'id': None, 'name': 'STLtoday.com'}",By Derrick Goold St. Louis Post-Dispatch,Missed opportunities finally catch up with Cardinals as Mariners walk off with win in 13th,"Leo Rivas, who entered the game as a pinch-runner, hit the first pitch of the 13th inning for a two-run homer that sent host Seattle to a 4-2 victory Wednesday.",https://www.stltoday.com/sports/professional/mlb/cardinals/article_09d81f06-040c-47f2-8b90-1cf86e557493.html,https://bloximages.newyork1.vip.townnews.com/stltoday.com/content/tncms/assets/v3/editorial/0/9d/09d81f06-040c-47f2-8b90-1cf86e557493/68c25e99d53cb.preview.jpg?crop=1763%2C926%2C0%2C124&resize=1200%2C630&order=crop%2Cresize,2025-09-11T05:28:00Z,"The Cardinals' Ivan Herrera hits a solo home run off Mariners starting pitcher Logan Gilbert during the first inning on Wednesday, Sept. 10, 2025, in Seattle. 
John Froschauer, Associated Press
SEA… [+13849 chars]",sports
"{'id': None, 'name': 'BBC News'}",,Glasgow 2026 lowers minimum age for volunteers to 16,Applications will be invited from next week for thousands of volunteers to take part in the next Commonwealth Games.,https://www.bbc.com/news/articles/c2dn3466dd2o,https://ichef.bbci.co.uk/news/1024/branded_news/82b4/live/d77e80a0-8e5d-11f0-af6b-f75bb410f9ba.jpg,2025-09-11T05:19:08Z,"Glasgow 2026 Games mascot Finnie helped kick off the search for volunteers
Organisers of the 2026 Commonwealth Games in Glasgow have cut the minimum age for volunteers from 18 to 16.
Applications f… [+2432 chars]",sports
"{'id': None, 'name': 'BBC News'}",,"Great North Run error medals listed for £5,000","Organisers are urging people to be wary of scams as some opt to sell the ""error"" medals for £5,000.",https://www.bbc.com/news/articles/cderkx117rno,https://ichef.bbci.co.uk/news/1024/branded_news/9801/live/e3bce170-8d97-11f0-bcbf-f3fb3e8bb0a7.jpg,2025-09-11T05:17:27Z,"Gemma SherlockBBC News, North East and Cumbria
The official 2025 Great North Run medals incorrectly used an outline of Sunderland and the River Wear
Finisher medals for one of the world's best know… [+2577 chars]",sports
"{'id': None, 'name': 'Yahoo Entertainment'}",Steve Henson,Adam Silver says NBA needs clear evidence Clippers made secret deal before lowering boom on Ballmer,NBA commissioner Adam Silver said clear evidence must be found that the Clippers violated salary cap rules for owner Steve Ballmer to be punished.,https://sports.yahoo.com/article/adam-silver-says-nba-needs-051725869.html,https://media.zenfs.com/en/la_times_articles_853/c3f1dc6cca7e58e9cace52f0c06eee56,2025-09-11T05:17:25Z,NBA commissioner Adam Silver on Wednesday pulled back the reins as allegations swirled about the Clippers circumventing the salary cap by orchestrating an endorsement deal for star forward Kawhi Leon… [+6449 chars],sports
"{'id': None, 'name': 'BBC News'}",Joe Rindl,Weekly sports quiz: Who made their England debut in Serbia?,How much attention have you paid to what's happened in the world of sport over the past seven days?,https://www.bbc.com/sport/articles/ckg27v0gwero,https://ichef.bbci.co.uk/ace/branded_sport/1200/cpsprodpb/17e4/live/c0abc240-8e38-11f0-9cf6-cbf3e73ce2b9.jpg,2025-09-11T05:16:48Z,"So much has happened over the past seven days, including international debuts, cycling retirements and discussions over golf T-shirts with suspicious silhouettes.
About 9% of quizzers got full marks… [+58 chars]",sports
"{'id': None, 'name': 'BBC News'}",,School uniform rules treat pupils 'like criminals',Parents also claim there are only six toilets accessible for girls in the school.,https://www.bbc.com/news/articles/cm2z3emklp4o,https://ichef.bbci.co.uk/news/1024/branded_news/6386/live/1ea010a0-8e5b-11f0-8eba-0dbf19bcb4bd.jpg,2025-09-11T05:15:27Z,"Danny FullbrookBBC News, Bedfordshire
The school said uniform ""sets a positive tone for learning""
Parents feared their children were being ""treated like criminals"" after new rules were enforced at … [+3680 chars]",sports
"{'id': None, 'name': 'Syllad.com'}",Syllad | The Rising Meghalaya,Kitbok kitrwiang ka KSU iaki khynnah ialehkai ka North Liberty HSS ban mihkhmat sha ka International Subroto Mukherjee Cup,Ka Khasi Students’ Union (KSU) West Jaiñtia Hills District Unit haka 9 tarik Nailur kala ai iaka jingkitbok kitrwiang iaki nongialehkai ka North Liberty HSS ka ban leit ban iashimbynta ban mihkhmat iaka Jylla haka Under-17 sha ka Subroto Mukherjee Cup- Intern…,https://www.syllad.com/kitbok-kitrwiang-ka-ksu-iaki-khynnah-ialehkai-ka-north-liberty-hss-ban-mihkhmat-sha-ka-international-subroto-mukherjee-cup/,https://www.syllad.com/wp-content/uploads/2025/09/North-Liberty.jpg,2025-09-11T05:12:42Z,"Syllad | The Rising MeghalayaSeptember 11, 2025
Ka Khasi Students Union (KSU) West Jaiñtia Hills District Unit haka 9 tarik Nailur kala ai iaka jingkitbok kitrwiang iaki nongialehkai ka North Libert… [+1138 chars]",sports
"{'id': None, 'name': 'BBC News'}",,Bird flu fears spark demand for stricter shoot rules,The RSPB says there has to be stricter rules on releasing millions of gamebirds into the wild.,https://www.bbc.com/news/articles/ckg2x9wpdjro,https://ichef.bbci.co.uk/news/1024/branded_news/5d11/live/24a4d030-8ed3-11f0-ab93-37cf315271db.jpg,2025-09-11T05:07:58Z,"Steffan MessengerEnvironment correspondent, BBC Wales
The British Association of Shooting and Conservation says shooting is worth £75m annually to the Welsh economy, supporting 2,400 jobs
Stricter … [+5057 chars]",sports
"{'id': None, 'name': 'BBC News'}",,The Muslim women who defied tradition and changed lives with exercise,Women from the Asian community describe how they are overcoming barriers to exercise.,https://www.bbc.com/news/articles/ce397wpy338o,https://ichef.bbci.co.uk/news/1024/branded_news/30d6/live/960b28f0-8cad-11f0-b391-6936825093bd.jpg,2025-09-11T05:05:35Z,"Natasha TurneyBBC Investigations, East Midlands
Selina says she quit going to a local sports team due to the racism she experienced
""I got picked last because I wore the hijab, they wouldn't call m… [+7288 chars]",sports
"{'id': None, 'name': 'Yahoo Entertainment'}",REENO HASHIMOTO and KOJI UEDA,Japanese women struggle to find a place in the Japanese sumo world,"Sumo is more than a sport in Japan. While professional sumo — the sumo that the world is used to seeing — remains closed to women, a small but growing group of more than 600 female wrestlers is making strides at the amateur level in Japan. “I want sumo to bec…",https://sports.yahoo.com/article/japanese-women-struggle-place-japanese-050227034.html,https://s.yimg.com/ny/api/res/1.2/86MXhUX4hm5lK1WFbE1FyQ--/YXBwaWQ9aGlnaGxhbmRlcjt3PTEyMDA7aD04MDA7Y2Y9d2VicA--/https://media.zenfs.com/en/ap.org/fe6427b29d35a7f5fbfdc6e5fc81cd33,2025-09-11T05:02:27Z,"TOKYO (AP) Sumo is more than a sport in Japan. Its a sacred tradition, a 1,500-year-old spectacle steeped in Shinto ritual and ceremony. But at its heart lies a long-standing taboo: women are still b… [+4193 chars]",sports
"{'id': None, 'name': 'Forbes'}","Forbes Press Releases, Forbes Staff, 
 Forbes Press Releases, Forbes Staff
 https://www.forbes.com/sites/forbes-spotlights/",Forbes Under 30 Summit Asia 2025 Opens In Bangkok,"Themed ‘Jumpstarting The Future,’ this year’s summit will gather some 350 young entrepreneurs and trailblazers from 30 Under 30 Asia list from the past 10 editions.",https://www.forbes.com/sites/forbespr/2025/09/11/forbes-under-30-summit-asia-2025-opens-in-bangkok/,https://imageio.forbes.com/specials-images/imageserve/62fe40baadccff017f1dbcbd/0x0.jpg?format=jpg&height=900&width=1600&fit=bounds,2025-09-11T05:00:57Z,"#Under30Summit
BANGKOK (September 11, 2025) Forbes today announced the opening of this years Forbes Under 30 Summit Asia, which is being held in Bangkok. Themed Jumpstarting The Future, this years s… [+4888 chars]",sports
"{'id': None, 'name': 'Fratellowatches.com'}",Thomas Van Straaten,Introducing: The Gerald Charles Masterlink Gem-Set — A Colorful Take On The Brand’s Emblematic Model,"Gerald Charles introduces a colorful twist on its emblematic design with the Masterlink Gem-Set. For the very first time, the maison embraces gemsetting, bringing bright colors to the asymmetric case and integrated bracelet that define the model. The new Gera…",https://www.fratellowatches.com/introducing-the-gerald-charles-masterlink-gem-set-a-colorful-take-on-the-brands-emblematic-model/,https://www.fratellowatches.com/cdn-cgi/image/anim=false/wp-content/uploads/2025/09/ML1.0-SSPS-WG31-18GS-SBCL_Wrist3_1-1_V2.jpg,2025-09-11T05:00:35Z,"Gerald Charles introduces a colorful twist on its emblematic design with the Masterlink Gem-Set. For the very first time, the maison embraces gemsetting, bringing bright colors to the asymmetric case… [+4020 chars]",sports
"{'id': 'the-irish-times', 'name': 'The Irish Times'}",Dave Hannigan,Dave Hannigan: Fans feuding and taking from children - basic etiquette in American sport is a thing of the past,Class and dignity are increasingly rare qualities among fans watching sport in the US,https://www.irishtimes.com/sport/2025/09/11/dave-hannigan-basic-fan-etiquette-in-american-sport-is-over/,https://www.irishtimes.com/resizer/v2/OGKAIJJYWJDGZCRWSS3MJ3GSLA.jpg?smart=true&auth=95a55d3b30d64fa7539d0b91c968fec95fc3f10eba30964ea7235edad3aeeb9b&width=1200&height=630,2025-09-11T05:00:00Z,"Twenty-nine years have passed since Charlie Sheen purchased 2,615 tickets for the then California Angels versus the Detroit Tigers at Anaheim Stadium. 
Commandeering a swathe of seats in left field … [+5115 chars]",sports
"{'id': None, 'name': 'GoNintendo'}",rawmeatcowboy,Arcade Archives: Video Hustler launches on Switch today,Got any sharks around here?,https://gonintendo.com/contents/52701-arcade-archives-video-hustler-launches-on-switch-today,https://gonintendo.com/attachments/image/70230/file/medium-c0ba69dd219785229c9ee373a7ec3a03.jpg,2025-09-11T04:56:00Z,"HAMSTER Corporation is happy to announce that VIDEO HUSTLER, will be released for Nintendo Switch today, available digitally for Arcade Archives series by HAMSTER. VIDEO HUSTLER is a sports game rele… [+728 chars]",sports
"{'id': 'breitbart-news', 'name': 'Breitbart News'}","Bradley Jaye, Bradley Jaye",JD Vance Promises to Carry On Legacy of 'True Friend' Charlie Kirk,"Vice President JD Vance called Charlie Kirk a ""true friend"" who contributed directly to much of the success of President Donald Trump's administration in a heartfelt statement after the conservative star's assassination.
The post JD Vance Promises to Carry On…",https://www.breitbart.com/politics/2025/09/10/jd-vance-promises-to-carry-on-legacy-of-true-friend-charlie-kirk/,https://media.breitbart.com/media/2025/09/Vance-and-Charlie-Kirk-640x335.jpeg,2025-09-11T04:50:03Z,Vice President JD Vance called Charlie Kirk a “true friend” who contributed directly to much of the success of President Donald Trump’s administration in a heartfelt statement after the conservative … [+7162 chars],sports
"{'id': 'abc-news-au', 'name': 'ABC News (AU)'}",ABC News,Bulldogs axe Mahoney in bench swap for finals clash against Storm,Canterbury coach Cameron Ciraldo has confirmed the bold selection call to axe Reed Mahoney from the qualifying final squad to face Melbourne and recall Toby Sexton.,https://www.abc.net.au/news/2025-09-11/canterbury-bulldogs-axe-reed-mahoney-for-toby-sexton/105762352,https://live-production.wcms.abc-cdn.net.au/d26e5d95f1a0036379ce3a883895ab9b?impolicy=wcms_watermark_news&cropH=2813&cropW=5000&xPos=0&yPos=137&width=862&height=485&imformat=generic,2025-09-11T04:33:21Z,"Cameron Ciraldo has confirmed the bold selection call to axe Reed Mahoney from Canterbury's qualifying final squad to face Melbourne and recall Toby Sexton, who has not played NRL for two months.
As… [+2810 chars]",sports
"{'id': None, 'name': 'Photographylife.com'}",Libor Vaicenbacher,The State of Nikon Z Firmware Features Today,"Back in the DSLR era, firmware updates were mostly about debugging or fixing compatibility issues. Nobody really talked about them, because, frankly, there wasn’t much to talk about. But with the rise of mirrorless cameras, that changed dramatically. For Niko…",https://photographylife.com/nikon-z-firmware-features-today,https://photographylife.com/wp-content/uploads/2024/06/Velvet-purple-Coronet_Ecuador_Nikon-Z9_500mm.jpg,2025-09-11T04:31:25Z,"Back in the DSLR era, firmware updates were mostly about debugging or fixing compatibility issues. Nobody really talked about them, because, frankly, there wasn’t much to talk about. But with the ris… [+19716 chars]",sports
"{'id': None, 'name': 'Independent.ie'}",Brian Keogh,Keegan Bradley and ‘hurt’ Scottie Scheffler get ready for ‘best European team ever’,Keegan Bradley insists superstar Scottie Scheffler will be ready for the battle against what he reckons could be the best European team and the best Ryder Cup captain “ever” to step on US soil.,https://www.independent.ie/sport/golf/keegan-bradley-and-hurt-scottie-scheffler-get-ready-for-best-european-team-ever/a457802042.html,https://focus.independent.ie/thumbor/WQhWCpu3kupYHKVCG-62XoPtxb8=/629x460/smart/prod-mh-ireland/b647bf4d-8d64-4335-8601-d236cd177f79/aac16910-a4cd-4331-9ceb-6307d397d25b/IS%20KEEGANBRADLEY%2011.jpg,2025-09-11T04:30:00Z,Keegan Bradley insists superstar Scottie Scheffler will be ready for the battle against what he reckons could be the best European team and the best Ryder Cup captain ever to step on US soil.The US s… [+3016 chars],sports
"{'id': None, 'name': 'Tvgry.pl'}",,Football Manager 26 - zwiastun interfejsu PC,Wideo z Football Manager 26 od Sports Interactive | Opublikowano 2025-09-11 06:28 w kategorii Trailery z gier | Czas trwania 3:47.,https://tvgry.pl/wideo.asp?ID=-59661,https://www.gry-online.pl/galeria/filmy/960x540/-1881709281.jpg,2025-09-11T04:28:00Z,"9 wywietle 11 wrzenia 2025
Wideo z Football Manager 26 od Sports Interactive | Opublikowano 2025-09-11 06:28 w kategorii Trailery z gier | Czas trwania 3:47.",sports
"{'id': None, 'name': 'Qburst.com'}",Qbnewsadmin,Atin Kulkarni to Drive Marketing and CX Solutions at QBurst - QBurst News,"QBurst has appointed Atin Kulkarni as Senior Advisor and Lead to spearhead strategic initiatives across Digital Marketing and Retail/Customer Experience Solutions, and also drive Marketing & External Communications initiatives. Atin brings more than 20 years …",https://news.qburst.com/atin-kulkarni-to-drive-marketing-and-cx-solutions-at-qburst/,https://news.qburst.com/wp-content/uploads/2025/09/Atin.png,2025-09-11T04:27:48Z,"QBurst has appointed Atin Kulkarni as Senior Advisor and Lead to spearhead strategic initiatives across Digital Marketing and Retail/Customer Experience Solutions, and also drive Marketing &amp; Exte… [+4274 chars]",sports
"{'id': None, 'name': 'ETF Daily News'}",MarketBeat News,"Jacobs Levy Equity Management Inc. Acquires Shares of 36,695 Brunswick Corporation $BC","Jacobs Levy Equity Management Inc. bought a new position in Brunswick Corporation (NYSE:BC – Free Report) in the 1st quarter, according to the company in its most recent 13F filing with the SEC. The firm bought 36,695 shares of the company’s stock, valued at …",https://www.etfdailynews.com/2025/09/11/jacobs-levy-equity-management-inc-acquires-shares-of-36695-brunswick-corporation-bc/,https://www.americanbankingnews.com/wp-content/timthumb/timthumb.php?src=https://www.marketbeat.com/logos/brunswick-co-logo-1200x675.png?v=20240424114757&w=240&h=240&zc=2,2025-09-11T08:23:40Z,"Jacobs Levy Equity Management Inc. bought a new position in Brunswick Corporation (NYSE:BC – Free Report) in the 1st quarter, according to the company in its most recent 13F filing with the SEC. The … [+5081 chars]",business
"{'id': None, 'name': 'ETF Daily News'}",MarketBeat News,"357,248 Shares in Stoke Therapeutics, Inc. $STOK Purchased by Jacobs Levy Equity Management Inc.","Jacobs Levy Equity Management Inc. purchased a new stake in Stoke Therapeutics, Inc. (NASDAQ:STOK – Free Report) during the 1st quarter, HoldingsChannel reports. The fund purchased 357,248 shares of the company’s stock, valued at approximately $2,376,000. Oth…",https://www.etfdailynews.com/2025/09/11/357248-shares-in-stoke-therapeutics-inc-stok-purchased-by-jacobs-levy-equity-management-inc/,https://www.americanbankingnews.com/wp-content/timthumb/timthumb.php?src=https://www.marketbeat.com/logos/stoke-therapeutics-inc-logo-1200x675.png?v=20240515093727&w=240&h=240&zc=2,2025-09-11T08:23:40Z,"Jacobs Levy Equity Management Inc. purchased a new stake in Stoke Therapeutics, Inc. (NASDAQ:STOK – Free Report) during the 1st quarter, HoldingsChannel reports. The fund purchased 357,248 shares of … [+5564 chars]",business
"{'id': None, 'name': 'ETF Daily News'}",MarketBeat News,"Jacobs Levy Equity Management Inc. Buys 23,065 Shares of Regional Management Corp. $RM","Jacobs Levy Equity Management Inc. lifted its stake in shares of Regional Management Corp. (NYSE:RM – Free Report) by 60.7% in the first quarter, according to its most recent filing with the SEC. The fund owned 61,042 shares of the credit services provider’s …",https://www.etfdailynews.com/2025/09/11/jacobs-levy-equity-management-inc-buys-23065-shares-of-regional-management-corp-rm/,https://www.americanbankingnews.com/wp-content/timthumb/timthumb.php?src=https://www.marketbeat.com/logos/regional-management-corp-logo-1200x675.jpg?v=20221215082211&w=240&h=240&zc=2,2025-09-11T08:23:39Z,"Jacobs Levy Equity Management Inc. lifted its stake in shares of Regional Management Corp. (NYSE:RM – Free Report) by 60.7% in the first quarter, according to its most recent filing with the SEC. The… [+5025 chars]",business
"{'id': None, 'name': 'ETF Daily News'}",MarketBeat News,Jacobs Levy Equity Management Inc. Has $2.37 Million Position in Coty $COTY,"Jacobs Levy Equity Management Inc. increased its holdings in Coty (NYSE:COTY – Free Report) by 174.7% in the first quarter, according to its most recent Form 13F filing with the Securities and Exchange Commission. The institutional investor owned 432,639 shar…",https://www.etfdailynews.com/2025/09/11/jacobs-levy-equity-management-inc-has-2-37-million-position-in-coty-coty/,https://www.americanbankingnews.com/wp-content/timthumb/timthumb.php?src=https://www.marketbeat.com/logos/coty-inc-logo-1200x675.png?v=20240129124200&w=240&h=240&zc=2,2025-09-11T08:23:39Z,"Jacobs Levy Equity Management Inc. increased its holdings in Coty (NYSE:COTY – Free Report) by 174.7% in the first quarter, according to its most recent Form 13F filing with the Securities and Exchan… [+5928 chars]",business
"{'id': None, 'name': 'ETF Daily News'}",MarketBeat News,"Jacobs Levy Equity Management Inc. Purchases Shares of 11,638 Zoetis Inc. $ZTS","Jacobs Levy Equity Management Inc. purchased a new stake in Zoetis Inc. (NYSE:ZTS – Free Report) during the 1st quarter, according to its most recent Form 13F filing with the Securities & Exchange Commission. The fund purchased 11,638 shares of the company’s …",https://www.etfdailynews.com/2025/09/11/jacobs-levy-equity-management-inc-purchases-shares-of-11638-zoetis-inc-zts/,https://www.americanbankingnews.com/wp-content/timthumb/timthumb.php?src=https://www.marketbeat.com/logos/zoetis-inc-logo-1200x675.png?v=20221021133935&w=240&h=240&zc=2,2025-09-11T08:23:39Z,"Jacobs Levy Equity Management Inc. purchased a new stake in Zoetis Inc. (NYSE:ZTS – Free Report) during the 1st quarter, according to its most recent Form 13F filing with the Securities &amp; Exchang… [+4280 chars]",business
"{'id': None, 'name': 'ETF Daily News'}",MarketBeat News,Matrix Service Company $MTRX Shares Purchased by Jacobs Levy Equity Management Inc.,"Jacobs Levy Equity Management Inc. increased its holdings in shares of Matrix Service Company (NASDAQ:MTRX – Free Report) by 6.0% during the 1st quarter, according to the company in its most recent disclosure with the Securities & Exchange Commission. The fir…",https://www.etfdailynews.com/2025/09/11/matrix-service-company-mtrx-shares-purchased-by-jacobs-levy-equity-management-inc/,https://www.americanbankingnews.com/wp-content/timthumb/timthumb.php?src=https://www.marketbeat.com/logos/matrix-service-company-logo-1200x675.png&w=240&h=240&zc=2,2025-09-11T08:23:38Z,"Jacobs Levy Equity Management Inc. increased its holdings in shares of Matrix Service Company (NASDAQ:MTRX – Free Report) by 6.0% during the 1st quarter, according to the company in its most recent d… [+3246 chars]",business
"{'id': None, 'name': 'ETF Daily News'}",MarketBeat News,Jacobs Levy Equity Management Inc. Lowers Position in MEDIFAST INC $MED,"Jacobs Levy Equity Management Inc. cut its stake in MEDIFAST INC (NYSE:MED – Free Report) by 2.4% in the 1st quarter, according to the company in its most recent disclosure with the Securities & Exchange Commission. The fund owned 143,027 shares of the specia…",https://www.etfdailynews.com/2025/09/11/jacobs-levy-equity-management-inc-lowers-position-in-medifast-inc-med/,https://www.americanbankingnews.com/wp-content/timthumb/timthumb.php?src=https://www.marketbeat.com/logos/medifast-inc-logo-1200x675.png?v=20221129192617&w=240&h=240&zc=2,2025-09-11T08:23:38Z,"Jacobs Levy Equity Management Inc. cut its stake in MEDIFAST INC (NYSE:MED – Free Report) by 2.4% in the 1st quarter, according to the company in its most recent disclosure with the Securities &amp; … [+3396 chars]",business
"{'id': None, 'name': 'ETF Daily News'}",MarketBeat News,"Jacobs Levy Equity Management Inc. Purchases 380,967 Shares of Nektar Therapeutics $NKTR","Jacobs Levy Equity Management Inc. raised its position in shares of Nektar Therapeutics (NASDAQ:NKTR – Free Report) by 14.5% in the 1st quarter, according to the company in its most recent disclosure with the Securities and Exchange Commission. The institutio…",https://www.etfdailynews.com/2025/09/11/jacobs-levy-equity-management-inc-purchases-380967-shares-of-nektar-therapeutics-nktr/,https://www.americanbankingnews.com/wp-content/timthumb/timthumb.php?src=https://www.marketbeat.com/logos/nektar-therapeutics-logo-1200x675.png?v=20221209114153&w=240&h=240&zc=2,2025-09-11T08:23:38Z,"Jacobs Levy Equity Management Inc. raised its position in shares of Nektar Therapeutics (NASDAQ:NKTR – Free Report) by 14.5% in the 1st quarter, according to the company in its most recent disclosure… [+5634 chars]",business
"{'id': None, 'name': 'Syllad.com'}",Syllad | The Rising Meghalaya,GST department to investigate suspected fake firms in Meghalaya: Mondal,Minister in-charge Taxation Abu Taher Mondal on Thursday said the State GST department is actively investigating fake firms operating within Meghalaya. “I can assure the House that the State GST department is actively investigating fake firms operating within…,https://www.syllad.com/gst-department-to-investigate-suspected-fake-firms-in-meghalaya-mondal/,https://www.syllad.com/wp-content/uploads/2025/09/Mondal.jpg,2025-09-11T08:23:37Z,"Syllad | The Rising MeghalayaSeptember 11, 2025
Minister in-charge Taxation Abu Taher Mondal on Thursday said the State GST department is actively investigating fake firms operating within Meghalaya… [+4140 chars]",business
"{'id': None, 'name': 'ETF Daily News'}",MarketBeat News,"Jacobs Levy Equity Management Inc. Reduces Holdings in Hamilton Insurance Group, Ltd. $HG","Jacobs Levy Equity Management Inc. trimmed its stake in Hamilton Insurance Group, Ltd. (NYSE:HG – Free Report) by 83.4% in the 1st quarter, according to the company in its most recent 13F filing with the Securities and Exchange Commission. The firm owned 106,…",https://www.etfdailynews.com/2025/09/11/jacobs-levy-equity-management-inc-reduces-holdings-in-hamilton-insurance-group-ltd-hg/,https://www.americanbankingnews.com/wp-content/timthumb/timthumb.php?src=https://www.marketbeat.com/logos/hamilton-insurance-group-ltd-logo-1200x675.jpg?v=20231128141817&w=240&h=240&zc=2,2025-09-11T08:23:37Z,"Jacobs Levy Equity Management Inc. trimmed its stake in Hamilton Insurance Group, Ltd. (NYSE:HG – Free Report) by 83.4% in the 1st quarter, according to the company in its most recent 13F filing with… [+6211 chars]",business
"{'id': None, 'name': 'ETF Daily News'}",MarketBeat News,"Jacobs Levy Equity Management Inc. Makes New Investment in Oceaneering International, Inc. $OII","Jacobs Levy Equity Management Inc. bought a new position in Oceaneering International, Inc. (NYSE:OII – Free Report) in the first quarter, according to its most recent Form 13F filing with the Securities & Exchange Commission. The firm bought 91,217 shares of…",https://www.etfdailynews.com/2025/09/11/jacobs-levy-equity-management-inc-makes-new-investment-in-oceaneering-international-inc-oii/,https://www.americanbankingnews.com/wp-content/timthumb/timthumb.php?src=https://www.marketbeat.com/logos/oceaneering-international-logo-1200x675.jpg&w=240&h=240&zc=2,2025-09-11T08:23:36Z,"Jacobs Levy Equity Management Inc. bought a new position in Oceaneering International, Inc. (NYSE:OII – Free Report) in the first quarter, according to its most recent Form 13F filing with the Securi… [+5053 chars]",business
"{'id': None, 'name': 'ETF Daily News'}",MarketBeat News,Jacobs Levy Equity Management Inc. Has $1.90 Million Stock Position in Amerant Bancorp Inc. $AMTB,"Jacobs Levy Equity Management Inc. lessened its stake in shares of Amerant Bancorp Inc. (NASDAQ:AMTB – Free Report) by 43.7% during the first quarter, according to the company in its most recent disclosure with the SEC. The fund owned 91,956 shares of the com…",https://www.etfdailynews.com/2025/09/11/jacobs-levy-equity-management-inc-has-1-90-million-stock-position-in-amerant-bancorp-inc-amtb/,https://www.americanbankingnews.com/wp-content/timthumb/timthumb.php?src=https://www.marketbeat.com/logos/amerant-bancorp-inc-logo-1200x675.jpg?v=20221206122645&w=240&h=240&zc=2,2025-09-11T08:23:36Z,"Jacobs Levy Equity Management Inc. lessened its stake in shares of Amerant Bancorp Inc. (NASDAQ:AMTB – Free Report) by 43.7% during the first quarter, according to the company in its most recent disc… [+3556 chars]",business
"{'id': None, 'name': 'ETF Daily News'}",MarketBeat News,"Jacobs Levy Equity Management Inc. Buys New Shares in Ennis, Inc. $EBF","Jacobs Levy Equity Management Inc. bought a new stake in shares of Ennis, Inc. (NYSE:EBF – Free Report) during the first quarter, Holdings Channel reports. The institutional investor bought 89,662 shares of the industrial products company’s stock, valued at a…",https://www.etfdailynews.com/2025/09/11/jacobs-levy-equity-management-inc-buys-new-shares-in-ennis-inc-ebf/,https://www.americanbankingnews.com/wp-content/timthumb/timthumb.php?src=https://www.marketbeat.com/logos/ennis-inc-logo-1200x675.jpg?v=20221208153854&w=240&h=240&zc=2,2025-09-11T08:23:36Z,"Jacobs Levy Equity Management Inc. bought a new stake in shares of Ennis, Inc. (NYSE:EBF – Free Report) during the first quarter, Holdings Channel reports. The institutional investor bought 89,662 sh… [+4423 chars]",business
"{'id': None, 'name': 'ETF Daily News'}",MarketBeat News,"Jacobs Levy Equity Management Inc. Invests $1.75 Million in Comstock Resources, Inc. $CRK","Jacobs Levy Equity Management Inc. acquired a new position in shares of Comstock Resources, Inc. (NYSE:CRK – Free Report) in the 1st quarter, according to its most recent disclosure with the Securities and Exchange Commission (SEC). The institutional investor…",https://www.etfdailynews.com/2025/09/11/jacobs-levy-equity-management-inc-invests-1-75-million-in-comstock-resources-inc-crk/,https://www.americanbankingnews.com/wp-content/timthumb/timthumb.php?src=https://www.marketbeat.com/logos/comstock-resources-inc-logo-1200x675.png?v=20240523094256&w=240&h=240&zc=2,2025-09-11T08:23:35Z,"Jacobs Levy Equity Management Inc. acquired a new position in shares of Comstock Resources, Inc. (NYSE:CRK – Free Report) in the 1st quarter, according to its most recent disclosure with the Securiti… [+4670 chars]",business
"{'id': None, 'name': 'ETF Daily News'}",MarketBeat News,"Jacobs Levy Equity Management Inc. Purchases 69,027 Shares of JELD-WEN Holding, Inc. $JELD","Jacobs Levy Equity Management Inc. boosted its position in shares of JELD-WEN Holding, Inc. (NYSE:JELD – Free Report) by 31.4% in the 1st quarter, HoldingsChannel.com reports. The firm owned 288,879 shares of the company’s stock after buying an additional 69,…",https://www.etfdailynews.com/2025/09/11/jacobs-levy-equity-management-inc-purchases-69027-shares-of-jeld-wen-holding-inc-jeld/,https://www.americanbankingnews.com/wp-content/timthumb/timthumb.php?src=https://www.marketbeat.com/logos/jeld-wen-holding-inc-logo-1200x675.png?v=20221207144509&w=240&h=240&zc=2,2025-09-11T08:23:34Z,"Jacobs Levy Equity Management Inc. boosted its position in shares of JELD-WEN Holding, Inc. (NYSE:JELD – Free Report) by 31.4% in the 1st quarter, HoldingsChannel.com reports. The firm owned 288,879 … [+3744 chars]",business
"{'id': None, 'name': 'Finextra'}",Editorial Team,Scottish Widows signs with Origo,"Origo is pleased to announce a partnership with Scottish Widows Platform, as it enters a live Beta stage of the new Origo Asset Migration service (OAM), to transform the experience of bulk advised client transfers for both advisers and platforms into a smooth…",https://www.finextra.com/pressarticle/107031/scottish-widows-signs-with-origo,https://www.finextra.com/about/finextra-logo.png,2025-09-11T08:23:11Z,"Origo is pleased to announce a partnership with Scottish Widows Platform, as it enters a live Beta stage of the new Origo Asset Migration service (OAM), to transform the experience of bulk advised cl… [+4258 chars]",business
"{'id': None, 'name': 'Thechronicle.com.gh'}",admin,Anti-corruption groups: political parties must campaign for only six months,"Two anti-corruption campaigners say a maximum of six months is needed for political campaigns to tackle corruption associated with political funding. They said long periods of campaign put huge financial burdens on political parties, making them vulnerable to…",https://thechronicle.com.gh/anti-corruption-groups-political-parties-must-campaign-for-only-six-months/,https://thechronicle.com.gh/wp-content/uploads/2025/09/Mr.-Kwami-Edem-Senanu-anti-corruption-campaigner.jpg,2025-09-11T08:23:05Z,"Two anti-corruption campaigners say a maximum of six months is needed for political campaigns to tackle corruption associated with political funding.
They said long periods of campaign put huge fina… [+3986 chars]",business
"{'id': None, 'name': 'Illawarra Mercury'}",Joel Ehsman,Thirroul's new cafe from former Lower East owners Homecoming,"Homecoming in Thirroul charms patrons with its spacious setting, enhanced menu, and plans to expand evening dining this summer.",https://www.illawarramercury.com.au/story/9064032/thirrouls-new-cafe-from-former-lower-east-owners-homecoming/,https://www.illawarramercury.com.au/images/transform/v1/crop/frm/230482368/15887e90-a13f-4854-ab5d-5bc7aa97432a.jpg/r0_394_5493_3278_w1200_h630_fmax.jpg,2025-09-11T08:22:44Z,"It's been a busy few days for the owners of the new Thirroul cafe, Homecoming, and when I speak to them, they are clearly tired, a side product of how well the community has taken to the new venue.
… [+4297 chars]",business
"{'id': None, 'name': 'ETF Daily News'}",MarketBeat News,"Alliancebernstein L.P. Has $17.84 Million Stake in Winnebago Industries, Inc. $WGO","Alliancebernstein L.P. decreased its position in Winnebago Industries, Inc. (NYSE:WGO – Free Report) by 19.4% in the first quarter, according to its most recent 13F filing with the SEC. The firm owned 517,804 shares of the construction company’s stock after s…",https://www.etfdailynews.com/2025/09/11/alliancebernstein-l-p-has-17-84-million-stake-in-winnebago-industries-inc-wgo/,https://www.americanbankingnews.com/wp-content/timthumb/timthumb.php?src=https://www.marketbeat.com/logos/winnebago-industries-inc-logo-1200x675.png?v=20221128143713&w=240&h=240&zc=2,2025-09-11T08:21:26Z,"Alliancebernstein L.P. decreased its position in Winnebago Industries, Inc. (NYSE:WGO – Free Report) by 19.4% in the first quarter, according to its most recent 13F filing with the SEC. The firm owne… [+5541 chars]",business
"{'id': None, 'name': 'ETF Daily News'}",MarketBeat News,"Jacobs Levy Equity Management Inc. Sells 2,042,706 Shares of Ironwood Pharmaceuticals, Inc. $IRWD","Jacobs Levy Equity Management Inc. reduced its stake in shares of Ironwood Pharmaceuticals, Inc. (NASDAQ:IRWD – Free Report) by 56.4% in the first quarter, according to its most recent filing with the SEC. The institutional investor owned 1,580,320 shares of …",https://www.etfdailynews.com/2025/09/11/jacobs-levy-equity-management-inc-sells-2042706-shares-of-ironwood-pharmaceuticals-inc-irwd/,https://www.americanbankingnews.com/wp-content/timthumb/timthumb.php?src=https://www.marketbeat.com/logos/ironwood-pharmaceuticals-inc-logo-1200x675.png?v=20240503115949&w=240&h=240&zc=2,2025-09-11T08:21:25Z,"Jacobs Levy Equity Management Inc. reduced its stake in shares of Ironwood Pharmaceuticals, Inc. (NASDAQ:IRWD – Free Report) by 56.4% in the first quarter, according to its most recent filing with th… [+3977 chars]",business
"{'id': None, 'name': 'ETF Daily News'}",MarketBeat News,Jacobs Levy Equity Management Inc. Decreases Stock Holdings in Janus Henderson Group plc $JHG,"Jacobs Levy Equity Management Inc. decreased its holdings in shares of Janus Henderson Group plc (NYSE:JHG – Free Report) by 79.7% during the first quarter, Holdings Channel.com reports. The firm owned 61,997 shares of the company’s stock after selling 244,11…",https://www.etfdailynews.com/2025/09/11/jacobs-levy-equity-management-inc-decreases-stock-holdings-in-janus-henderson-group-plc-jhg/,https://www.americanbankingnews.com/wp-content/timthumb/timthumb.php?src=https://www.marketbeat.com/logos/janus-henderson-group-plc-logo-1200x675.jpg?v=20221117091820&w=240&h=240&zc=2,2025-09-11T08:21:25Z,"Jacobs Levy Equity Management Inc. decreased its holdings in shares of Janus Henderson Group plc (NYSE:JHG – Free Report) by 79.7% during the first quarter, Holdings Channel.com reports. The firm own… [+5868 chars]",business
"{'id': None, 'name': 'ETF Daily News'}",MarketBeat News,Regency Centers Corporation (NASDAQ:REG) Receives $79.00 Consensus PT from Analysts,"Regency Centers Corporation (NASDAQ:REG – Get Free Report) has received an average recommendation of “Moderate Buy” from the twelve research firms that are covering the firm, MarketBeat Ratings reports. Five equities research analysts have rated the stock wit…",https://www.etfdailynews.com/2025/09/11/regency-centers-corporation-nasdaqreg-receives-79-00-consensus-pt-from-analysts/,https://www.americanbankingnews.com/wp-content/timthumb/timthumb.php?src=https://www.marketbeat.com/logos/regency-centers-co-logo-1200x675.png?v=20240108101102&w=240&h=240&zc=2,2025-09-11T08:21:25Z,"Regency Centers Corporation (NASDAQ:REG – Get Free Report) has received an average recommendation of “Moderate Buy” from the twelve research firms that are covering the firm, MarketBeat Ratings repor… [+4637 chars]",business
"{'id': None, 'name': 'ETF Daily News'}",MarketBeat News,"34,202 Shares in The Estee Lauder Companies Inc. $EL Purchased by Jacobs Levy Equity Management Inc.","Jacobs Levy Equity Management Inc. acquired a new stake in shares of The Estee Lauder Companies Inc. (NYSE:EL – Free Report) during the 1st quarter, according to its most recent disclosure with the Securities and Exchange Commission (SEC). The institutional i…",https://www.etfdailynews.com/2025/09/11/34202-shares-in-the-estee-lauder-companies-inc-el-purchased-by-jacobs-levy-equity-management-inc/,https://www.americanbankingnews.com/wp-content/timthumb/timthumb.php?src=https://www.marketbeat.com/logos/estee-lauder-companies-inc-logo-1200x675.jpg&w=240&h=240&zc=2,2025-09-11T08:21:25Z,"Jacobs Levy Equity Management Inc. acquired a new stake in shares of The Estee Lauder Companies Inc. (NYSE:EL – Free Report) during the 1st quarter, according to its most recent disclosure with the S… [+6644 chars]",business
"{'id': None, 'name': 'Biztoc.com'}",reuters.com,NOBA banking group plans to list on Stockholm exchange,,https://biztoc.com/x/0525e5112f7f9c33,https://biztoc.com/cdn/950/og.png,2025-09-11T08:21:10Z,"{ window.open(this.href, '_blank'); }, 200); return false;""&gt;Why did Oracle's stock surge today? { window.open(this.href, '_blank'); }, 200); return false;""&gt;How will August CPI affect 2025 marke… [+724 chars]",business
"{'id': None, 'name': 'Biztoc.com'}",reuters.com,China's Sinopec sets up $140 million environmental tech firm,,https://biztoc.com/x/4636fdda2066c489,https://biztoc.com/cdn/4636fdda2066c489_s.webp,2025-09-11T08:21:07Z,"{ window.open(this.href, '_blank'); }, 200); return false;""&gt;Why did Oracle's stock surge today? { window.open(this.href, '_blank'); }, 200); return false;""&gt;How will August CPI affect 2025 marke… [+733 chars]",business
"{'id': None, 'name': 'Biztoc.com'}",reuters.com,"Russia's oil and fuel export revenue fell in August, IEA says",,https://biztoc.com/x/4126ff5841735dc3,https://biztoc.com/cdn/4126ff5841735dc3_s.webp,2025-09-11T08:21:06Z,"{ window.open(this.href, '_blank'); }, 200); return false;""&gt;Why did Oracle's stock surge today? { window.open(this.href, '_blank'); }, 200); return false;""&gt;How will August CPI affect 2025 marke… [+727 chars]",business
"{'id': None, 'name': 'ETF Daily News'}",MarketBeat News,"Cubist Systematic Strategies LLC Invests $572,000 in Lightspeed Commerce Inc. $LSPD","Cubist Systematic Strategies LLC acquired a new position in shares of Lightspeed Commerce Inc. (NYSE:LSPD – Free Report) in the 1st quarter, Holdings Channel reports. The fund acquired 65,344 shares of the company’s stock, valued at approximately $572,000. Ot…",https://www.etfdailynews.com/2025/09/11/cubist-systematic-strategies-llc-invests-572000-in-lightspeed-commerce-inc-lspd/,https://www.americanbankingnews.com/wp-content/timthumb/timthumb.php?src=https://www.marketbeat.com/logos/lightspeed-commerce-inc-logo-1200x675.jpg?v=20240425091145&w=240&h=240&zc=2,2025-09-11T08:20:56Z,"Cubist Systematic Strategies LLC acquired a new position in shares of Lightspeed Commerce Inc. (NYSE:LSPD – Free Report) in the 1st quarter, Holdings Channel reports. The fund acquired 65,344 shares … [+4450 chars]",business
"{'id': None, 'name': 'ETF Daily News'}",MarketBeat News,Microsoft Corporation $MSFT Stock Holdings Raised by Senator Investment Group LP,"Senator Investment Group LP boosted its position in Microsoft Corporation (NASDAQ:MSFT – Free Report) by 12.9% in the 1st quarter, according to the company in its most recent Form 13F filing with the Securities and Exchange Commission (SEC). The institutional…",https://www.etfdailynews.com/2025/09/11/microsoft-corporation-msft-stock-holdings-raised-by-senator-investment-group-lp/,https://www.americanbankingnews.com/wp-content/timthumb/timthumb.php?src=https://www.marketbeat.com/logos/microsoft-corporation-logo-1200x675.png&w=240&h=240&zc=2,2025-09-11T08:20:55Z,"Senator Investment Group LP boosted its position in Microsoft Corporation (NASDAQ:MSFT – Free Report) by 12.9% in the 1st quarter, according to the company in its most recent Form 13F filing with the… [+5842 chars]",business
"{'id': None, 'name': 'ETF Daily News'}",MarketBeat News,"EP Wealth Advisors LLC Buys Shares of 7,124 Murphy Oil Corporation $MUR","EP Wealth Advisors LLC bought a new stake in shares of Murphy Oil Corporation (NYSE:MUR – Free Report) in the 1st quarter, HoldingsChannel reports. The fund bought 7,124 shares of the oil and gas producer’s stock, valued at approximately $202,000. Other insti…",https://www.etfdailynews.com/2025/09/11/ep-wealth-advisors-llc-buys-shares-of-7124-murphy-oil-corporation-mur/,https://www.americanbankingnews.com/wp-content/timthumb/timthumb.php?src=https://www.marketbeat.com/logos/murphy-oil-co-logo-1200x675.jpg?v=20240424133520&w=240&h=240&zc=2,2025-09-11T08:20:49Z,"EP Wealth Advisors LLC bought a new stake in shares of Murphy Oil Corporation (NYSE:MUR – Free Report) in the 1st quarter, HoldingsChannel reports. The fund bought 7,124 shares of the oil and gas pro… [+4918 chars]",business
"{'id': None, 'name': 'ETF Daily News'}",MarketBeat News,"Cubist Systematic Strategies LLC Acquires 33,638 Shares of TrueBlue, Inc. $TBI","Cubist Systematic Strategies LLC grew its holdings in TrueBlue, Inc. (NYSE:TBI – Free Report) by 66.3% in the first quarter, HoldingsChannel reports. The fund owned 84,352 shares of the business services provider’s stock after buying an additional 33,638 shar…",https://www.etfdailynews.com/2025/09/11/cubist-systematic-strategies-llc-acquires-33638-shares-of-trueblue-inc-tbi/,https://www.americanbankingnews.com/wp-content/timthumb/timthumb.php?src=https://www.marketbeat.com/logos/trueblue-inc-logo-1200x675.png?v=20240524072710&w=240&h=240&zc=2,2025-09-11T08:20:47Z,"Cubist Systematic Strategies LLC grew its holdings in TrueBlue, Inc. (NYSE:TBI – Free Report) by 66.3% in the first quarter, HoldingsChannel reports. The fund owned 84,352 shares of the business serv… [+3989 chars]",business
"{'id': None, 'name': 'ETF Daily News'}",MarketBeat News,Cubist Systematic Strategies LLC Raises Stock Position in Korea Electric Power Corporation $KEP,"Cubist Systematic Strategies LLC lifted its position in Korea Electric Power Corporation (NYSE:KEP – Free Report) by 37.7% during the first quarter, Holdings Channel reports. The institutional investor owned 54,194 shares of the utilities provider’s stock aft…",https://www.etfdailynews.com/2025/09/11/cubist-systematic-strategies-llc-raises-stock-position-in-korea-electric-power-corporation-kep/,https://www.americanbankingnews.com/wp-content/timthumb/timthumb.php?src=https://www.marketbeat.com/logos/korea-electric-power-co-logo-1200x675.jpg?v=20221109150302&w=240&h=240&zc=2,2025-09-11T08:20:46Z,"Cubist Systematic Strategies LLC lifted its position in Korea Electric Power Corporation (NYSE:KEP – Free Report) by 37.7% during the first quarter, Holdings Channel reports. The institutional invest… [+3722 chars]",business
"{'id': None, 'name': 'Motorsport.com'}",Rachit Thukral,Guenther Steiner explains why he chose MotoGP over F1 for return,"Despite having offers within F1, Guenther Steiner chose to pursue a new opportunity within MotoGP at Tech3",https://www.motorsport.com/motogp/news/guenther-steiner-explains-why-he-chose-motogp-over-f1-for-return/10758426/,https://cdn-7.motorsport.com/images/amp/6xEwp750/s6/guenther-steiner-red-bull-ktm-.jpg,2025-09-11T08:20:21Z,"Ex-Haas team boss Guenther Steiner says his desire for a fresh challenge motivated him to take over the Tech3 MotoGP squad rather than pursue a return to Formula 1.
Earlier this month, it was announ… [+2423 chars]",business
"{'id': None, 'name': 'English Premier League Index - Opta Stats'}",,Everton’s transfer gamble begins to show signs of payoff,"Everton’s Transfer Window Under Moyes Signals Ambition and RenewalWhen David Moyes returned to Everton in January, the club were precariously placed — one point clear of the relegation zone and fa...",https://eplindex.com/136234/evertons-transfer-gamble-begins-to-show-signs-of-payoff.html,https://photobooth-api.onefootball.com/api/screenshot/%2Fv2%2Fphotobooth%2Fcms%2Fen%2F41645656%3Fdate=2025-09-11,2025-09-11T08:20:00Z,"Evertons Transfer Window Under Moyes Signals Ambition and Renewal
When David Moyes returned to Everton in January, the club were precariously placed one point clear of the relegation zone and facing… [+3702 chars]",business
"{'id': None, 'name': 'Hospitality Net'}",Johanna Bernuy,6 mistakes that destroy your hotel guest experience (and how to fix them),"It’s no secret that today's guests are more demanding than ever, and small missteps can quickly lead to disappointment. In this article, we’ll explore examples of bad guest experiences in hotels, what causes them, and how to improve the guest experience in ho…",https://www.hospitalitynet.org/opinion/4128864.html,https://www.hospitalitynet.org/picture/social_153188142.jpg?t=1757571331,2025-09-11T08:19:46Z,"Its no secret that today's guests are more demanding than ever, and small missteps can quickly lead to disappointment. In this article, well explore examples of bad guest experiences in hotels, what … [+7167 chars]",business
"{'id': None, 'name': 'ETF Daily News'}",MarketBeat News,Alliancebernstein L.P. Has $17.72 Million Holdings in Franklin Covey Company $FC,"Alliancebernstein L.P. raised its position in Franklin Covey Company (NYSE:FC – Free Report) by 4.4% in the first quarter, according to its most recent disclosure with the SEC. The firm owned 641,620 shares of the business services provider’s stock after acqu…",https://www.etfdailynews.com/2025/09/11/alliancebernstein-l-p-has-17-72-million-holdings-in-franklin-covey-company-fc/,https://www.americanbankingnews.com/wp-content/timthumb/timthumb.php?src=https://www.marketbeat.com/logos/franklin-covey-co-logo-1200x675.png?v=20221208140539&w=240&h=240&zc=2,2025-09-11T08:16:04Z,"Alliancebernstein L.P. raised its position in Franklin Covey Company (NYSE:FC – Free Report) by 4.4% in the first quarter, according to its most recent disclosure with the SEC. The firm owned 641,620… [+4037 chars]",business
"{'id': None, 'name': 'ETF Daily News'}",MarketBeat News,Alliancebernstein L.P. Lowers Stock Position in Stevanato Group S.p.A. $STVN,"Alliancebernstein L.P. lowered its position in shares of Stevanato Group S.p.A. (NYSE:STVN – Free Report) by 51.1% in the 1st quarter, according to its most recent Form 13F filing with the Securities and Exchange Commission. The firm owned 851,657 shares of t…",https://www.etfdailynews.com/2025/09/11/alliancebernstein-l-p-lowers-stock-position-in-stevanato-group-s-p-a-stvn/,https://www.americanbankingnews.com/wp-content/timthumb/timthumb.php?src=https://www.marketbeat.com/logos/stevanato-group-spa-logo-1200x675.png?v=20240509145429&w=240&h=240&zc=2,2025-09-11T08:16:02Z,"Alliancebernstein L.P. lowered its position in shares of Stevanato Group S.p.A. (NYSE:STVN – Free Report) by 51.1% in the 1st quarter, according to its most recent Form 13F filing with the Securities… [+2918 chars]",business
"{'id': None, 'name': 'ETF Daily News'}",MarketBeat News,"Alliancebernstein L.P. Grows Stock Holdings in Helmerich & Payne, Inc. $HP","Alliancebernstein L.P. increased its stake in shares of Helmerich & Payne, Inc. (NYSE:HP – Free Report) by 26.0% during the first quarter, according to the company in its most recent disclosure with the Securities & Exchange Commission. The fund owned 661,899…",https://www.etfdailynews.com/2025/09/11/alliancebernstein-l-p-grows-stock-holdings-in-helmerich-payne-inc-hp/,https://www.americanbankingnews.com/wp-content/timthumb/timthumb.php?src=https://www.marketbeat.com/logos/helmerich--payne-inc-logo-1200x675.jpg?v=20221115095450&w=240&h=240&zc=2,2025-09-11T08:16:01Z,"Alliancebernstein L.P. increased its stake in shares of Helmerich &amp; Payne, Inc. (NYSE:HP – Free Report) by 26.0% during the first quarter, according to the company in its most recent disclosure w… [+6119 chars]",business
"{'id': None, 'name': 'ETF Daily News'}",MarketBeat News,"Capital Bancorp, Inc. $CBNK Shares Purchased by Alliancebernstein L.P.","Alliancebernstein L.P. increased its position in shares of Capital Bancorp, Inc. (NASDAQ:CBNK – Free Report) by 0.1% in the 1st quarter, HoldingsChannel.com reports. The firm owned 614,973 shares of the financial services provider’s stock after acquiring an a…",https://www.etfdailynews.com/2025/09/11/capital-bancorp-inc-cbnk-shares-purchased-by-alliancebernstein-l-p/,https://www.americanbankingnews.com/wp-content/timthumb/timthumb.php?src=https://www.marketbeat.com/logos/capital-bancorp-inc-logo-1200x675.png?v=20241011160017&w=240&h=240&zc=2,2025-09-11T08:16:00Z,"Alliancebernstein L.P. increased its position in shares of Capital Bancorp, Inc. (NASDAQ:CBNK – Free Report) by 0.1% in the 1st quarter, HoldingsChannel.com reports. The firm owned 614,973 shares of … [+5498 chars]",business
"{'id': 'newsweek', 'name': 'Newsweek'}","Martha McHardy, Khaleda Rahman",Donald Trump's Epstein Problem Keeps Coming Back,"This week, the Epstein case resurfaced yet again when the White House was forced to deny an alleged birthday note from Trump to the disgraced financier.",https://www.newsweek.com/donald-trump-jeffrey-epstein-case-2127616,https://d.newsweek.com/en/full/2719638/trump-epstein.jpg,2025-09-11T08:15:33Z,"President Donald Trump is finding that the scandal surrounding his past ties to Jeffrey Epstein is refusing to fade.
This week, Jeffrey Epstein's name came back to the fore with the release of a bir… [+8115 chars]",business
"{'id': None, 'name': 'Mediagazer.com'}",,"Pact: streamers spent a record £850M on British TV shows in 2024, up 24% and surpassing Channel 4's annual originals budget (Max Goldbart/Deadline)","Max Goldbart / Deadline:
Pact: streamers spent a record £850M on British TV shows in 2024, up 24% and surpassing Channel 4's annual originals budget  —  Streamer spend on British TV shows comfortably topped $1B last year, according to Pact's latest census, wi…",https://mediagazer.com/250911/p4,https://deadline.com/wp-content/uploads/2025/09/Adolescence_UK_n_S1_E2_00_39_35_07.jpg?w=1024,2025-09-11T08:15:00Z,"Mediagazer presents the day's must-read media news on a single page.
The media business is in tumult: from the production side to
the distribution side, new technologies are upending the industry.… [+416 chars]",business
"{'id': None, 'name': 'ETF Daily News'}",MarketBeat News,Tourmaline Bio’s (TRML) Hold Rating Reiterated at Truist Financial,"Truist Financial restated their hold rating on shares of Tourmaline Bio (NASDAQ:TRML – Free Report) in a report published on Wednesday morning,Benzinga reports. They currently have a $48.00 target price on the stock, down from their previous target price of $…",https://www.etfdailynews.com/2025/09/11/tourmaline-bios-trml-hold-rating-reiterated-at-truist-financial/,https://www.americanbankingnews.com/wp-content/timthumb/timthumb.php?src=https://www.marketbeat.com/logos/tourmaline-bio-inc-logo.jpg?v=20241212125633&w=240&h=240&zc=2,2025-09-11T08:14:52Z,"Truist Financial restated their hold rating on shares of Tourmaline Bio (NASDAQ:TRML – Free Report) in a report published on Wednesday morning,Benzinga reports. They currently have a $48.00 target pr… [+4016 chars]",business
"{'id': None, 'name': 'ETF Daily News'}",MarketBeat News,Truist Financial Downgrades Tourmaline Bio (NASDAQ:TRML) to Hold,"Tourmaline Bio (NASDAQ:TRML – Get Free Report) was downgraded by equities research analysts at Truist Financial from a “buy” rating to a “hold” rating in a research report issued to clients and investors on Wednesday, Marketbeat Ratings reports. They presentl…",https://www.etfdailynews.com/2025/09/11/truist-financial-downgrades-tourmaline-bio-nasdaqtrml-to-hold/,https://www.americanbankingnews.com/wp-content/timthumb/timthumb.php?src=https://www.marketbeat.com/logos/tourmaline-bio-inc-logo-1200x675.jpg?v=20241212125633&w=240&h=240&zc=2,2025-09-11T08:14:52Z,Tourmaline Bio (NASDAQ:TRML – Get Free Report) was downgraded by equities research analysts at Truist Financial from a “buy” rating to a “hold” rating in a research report issued to clients and inves… [+4414 chars],business
"{'id': None, 'name': 'ETF Daily News'}",MarketBeat News,B. Riley Raises e.l.f. Beauty (NYSE:ELF) Price Target to $160.00,"e.l.f. Beauty (NYSE:ELF – Free Report) had its price objective raised by B. Riley from $150.00 to $160.00 in a research report report published on Wednesday,Benzinga reports. The brokerage currently has a buy rating on the stock. A number of other brokerages …",https://www.etfdailynews.com/2025/09/11/b-riley-raises-e-l-f-beauty-nyseelf-price-target-to-160-00/,https://www.americanbankingnews.com/wp-content/timthumb/timthumb.php?src=https://www.marketbeat.com/logos/elf-beauty-inc-logo.png?v=20240125142237&w=240&h=240&zc=2,2025-09-11T08:14:51Z,"e.l.f. Beauty (NYSE:ELF – Free Report) had its price objective raised by B. Riley from $150.00 to $160.00 in a research report report published on Wednesday,Benzinga reports. The brokerage currently … [+5083 chars]",business
"{'id': None, 'name': 'ETF Daily News'}",MarketBeat News,Iamgold (NYSE:IAG) Upgraded at Royal Bank Of Canada,"Royal Bank Of Canada upgraded shares of Iamgold (NYSE:IAG – Free Report) (TSE:IMG) from a sector perform rating to an outperform rating in a research report sent to investors on Wednesday morning, MarketBeat Ratings reports. The brokerage currently has $14.00…",https://www.etfdailynews.com/2025/09/11/iamgold-nyseiag-upgraded-at-royal-bank-of-canada/,https://www.americanbankingnews.com/wp-content/timthumb/timthumb.php?src=https://www.marketbeat.com/logos/iamgold-corp-logo.jpg&w=240&h=240&zc=2,2025-09-11T08:14:51Z,"Royal Bank Of Canada upgraded shares of Iamgold (NYSE:IAG – Free Report) (TSE:IMG) from a sector perform rating to an outperform rating in a research report sent to investors on Wednesday morning, Ma… [+3876 chars]",business
"{'id': None, 'name': 'ETF Daily News'}",MarketBeat News,"CareTrust REIT, Inc. $CTRE Shares Bought by Alliancebernstein L.P.","Alliancebernstein L.P. boosted its position in shares of CareTrust REIT, Inc. (NASDAQ:CTRE – Free Report) by 173.9% in the 1st quarter, HoldingsChannel reports. The fund owned 682,066 shares of the real estate investment trust’s stock after acquiring an addit…",https://www.etfdailynews.com/2025/09/11/caretrust-reit-inc-ctre-shares-bought-by-alliancebernstein-l-p/,https://www.americanbankingnews.com/wp-content/timthumb/timthumb.php?src=https://www.marketbeat.com/logos/caretrust-reit-inc-logo-1200x675.png?v=20221128112410&w=240&h=240&zc=2,2025-09-11T08:14:02Z,"Alliancebernstein L.P. boosted its position in shares of CareTrust REIT, Inc. (NASDAQ:CTRE – Free Report) by 173.9% in the 1st quarter, HoldingsChannel reports. The fund owned 682,066 shares of the r… [+4302 chars]",business
"{'id': None, 'name': 'ETF Daily News'}",MarketBeat News,Alliancebernstein L.P. Boosts Holdings in Performance Food Group Company $PFGC,"Alliancebernstein L.P. grew its position in Performance Food Group Company (NYSE:PFGC – Free Report) by 4.2% in the 1st quarter, according to the company in its most recent 13F filing with the Securities and Exchange Commission (SEC). The firm owned 231,846 s…",https://www.etfdailynews.com/2025/09/11/alliancebernstein-l-p-boosts-holdings-in-performance-food-group-company-pfgc/,https://www.americanbankingnews.com/wp-content/timthumb/timthumb.php?src=https://www.marketbeat.com/logos/performance-food-group-logo-1200x675.jpg?v=20221109151435&w=240&h=240&zc=2,2025-09-11T08:14:01Z,"Alliancebernstein L.P. grew its position in Performance Food Group Company (NYSE:PFGC – Free Report) by 4.2% in the 1st quarter, according to the company in its most recent 13F filing with the Securi… [+6747 chars]",business
"{'id': None, 'name': 'ETF Daily News'}",MarketBeat News,Best Home Improvement Stocks To Keep An Eye On – September 9th,"Home Depot, Walmart, Lowe’s Companies, Target, and Wayfair are the five Home Improvement stocks to watch today, according to MarketBeat’s stock screener tool. Home improvement stocks are shares of companies that manufacture, distribute or sell products and se…",https://www.etfdailynews.com/2025/09/11/best-home-improvement-stocks-to-keep-an-eye-on-september-9th/,https://www.americanbankingnews.com/wp-content/timthumb/timthumb.php?src=https://www.marketbeat.com/logos/home-depot-logo-1200x675.gif&w=240&h=240&zc=2,2025-09-11T08:13:58Z,"Home Depot, Walmart, Lowe’s Companies, Target, and Wayfair are the five Home Improvement stocks to watch today, according to MarketBeat’s stock screener tool. Home improvement stocks are shares of co… [+2949 chars]",business
"{'id': None, 'name': 'ETF Daily News'}",MarketBeat News,"Alliancebernstein L.P. Buys 111,114 Shares of Ally Financial Inc. $ALLY","Alliancebernstein L.P. grew its stake in Ally Financial Inc. (NYSE:ALLY – Free Report) by 23.3% during the first quarter, Holdings Channel reports. The firm owned 587,226 shares of the financial services provider’s stock after purchasing an additional 111,114…",https://www.etfdailynews.com/2025/09/11/alliancebernstein-l-p-buys-111114-shares-of-ally-financial-inc-ally/,https://www.americanbankingnews.com/wp-content/timthumb/timthumb.php?src=https://www.marketbeat.com/logos/ally-financial-inc-logo-1200x675.png?v=20240424115736&w=240&h=240&zc=2,2025-09-11T08:13:52Z,"Alliancebernstein L.P. grew its stake in Ally Financial Inc. (NYSE:ALLY – Free Report) by 23.3% during the first quarter, Holdings Channel reports. The firm owned 587,226 shares of the financial serv… [+4946 chars]",business
"{'id': None, 'name': 'ETF Daily News'}",MarketBeat News,Top Insurance Stocks To Watch Today – September 9th,"Tesla, UnitedHealth Group, and Opendoor Technologies are the three Insurance stocks to watch today, according to MarketBeat’s stock screener tool. Insurance stocks are equity shares of companies whose primary business is underwriting insurance policies—rangin…",https://www.etfdailynews.com/2025/09/11/top-insurance-stocks-to-watch-today-september-9th/,https://www.americanbankingnews.com/wp-content/timthumb/timthumb.php?src=https://www.marketbeat.com/logos/tesla-inc-logo-1200x675.png?v=20221020135629&w=240&h=240&zc=2,2025-09-11T08:13:47Z,"Tesla, UnitedHealth Group, and Opendoor Technologies are the three Insurance stocks to watch today, according to MarketBeat’s stock screener tool. Insurance stocks are equity shares of companies whos… [+2665 chars]",business
"{'id': None, 'name': 'ETF Daily News'}",MarketBeat News,"Alliancebernstein L.P. Purchases 24,297 Shares of Tyson Foods, Inc. $TSN","Alliancebernstein L.P. increased its stake in Tyson Foods, Inc. (NYSE:TSN – Free Report) by 7.7% in the first quarter, Holdings Channel.com reports. The firm owned 338,017 shares of the company’s stock after purchasing an additional 24,297 shares during the q…",https://www.etfdailynews.com/2025/09/11/alliancebernstein-l-p-purchases-24297-shares-of-tyson-foods-inc-tsn/,https://www.americanbankingnews.com/wp-content/timthumb/timthumb.php?src=https://www.marketbeat.com/logos/tyson-foods-inc-logo-1200x675.png?v=20210524092738&w=240&h=240&zc=2,2025-09-11T08:13:46Z,"Alliancebernstein L.P. increased its stake in Tyson Foods, Inc. (NYSE:TSN – Free Report) by 7.7% in the first quarter, Holdings Channel.com reports. The firm owned 338,017 shares of the company’s sto… [+5816 chars]",business
"{'id': None, 'name': 'ETF Daily News'}",MarketBeat News,Top Bitcoin Stocks To Watch Today – September 8th,"Eightco, Marathon Digital, IREN, Riot Platforms, and TeraWulf are the five Bitcoin stocks to watch today, according to MarketBeat’s stock screener tool. Bitcoin stocks are shares of publicly traded companies whose business activities or balance sheets are sig…",https://www.etfdailynews.com/2025/09/11/top-bitcoin-stocks-to-watch-today-september-8th/,https://www.americanbankingnews.com/wp-content/timthumb/timthumb.php?src=https://www.marketbeat.com/logos/eightco-holdings-inc-logo-1200x675.png?v=20230517093836&w=240&h=240&zc=2,2025-09-11T08:13:39Z,"Eightco, Marathon Digital, IREN, Riot Platforms, and TeraWulf are the five Bitcoin stocks to watch today, according to MarketBeat’s stock screener tool. Bitcoin stocks are shares of publicly traded c… [+1835 chars]",business
"{'id': None, 'name': 'ETF Daily News'}",MarketBeat News,Top Cloud Storage Stocks To Keep An Eye On – September 8th,"NetApp, CommVault Systems, and Alarm.com are the three Cloud Storage stocks to watch today, according to MarketBeat’s stock screener tool. Cloud storage stocks represent equity interests in publicly traded companies that deliver data storage, backup and file-…",https://www.etfdailynews.com/2025/09/11/top-cloud-storage-stocks-to-keep-an-eye-on-september-8th/,https://www.americanbankingnews.com/wp-content/timthumb/timthumb.php?src=https://www.marketbeat.com/logos/netapp-inc-logo-1200x675.jpg?v=20221104135632&w=240&h=240&zc=2,2025-09-11T08:13:33Z,"NetApp, CommVault Systems, and Alarm.com are the three Cloud Storage stocks to watch today, according to MarketBeat’s stock screener tool. Cloud storage stocks represent equity interests in publicly … [+2449 chars]",business
"{'id': None, 'name': 'ETF Daily News'}",MarketBeat News,"Alliancebernstein L.P. Acquires 725,695 Shares of Amalgamated Financial Corp. $AMAL","Alliancebernstein L.P. grew its holdings in shares of Amalgamated Financial Corp. (NASDAQ:AMAL – Free Report) by 1,738.5% in the first quarter, Holdings Channel.com reports. The firm owned 767,438 shares of the company’s stock after buying an additional 725,6…",https://www.etfdailynews.com/2025/09/11/alliancebernstein-l-p-acquires-725695-shares-of-amalgamated-financial-corp-amal/,https://www.americanbankingnews.com/wp-content/timthumb/timthumb.php?src=https://www.marketbeat.com/logos/amalgamated-bank-logo-1200x675.png&w=240&h=240&zc=2,2025-09-11T08:13:30Z,"Alliancebernstein L.P. grew its holdings in shares of Amalgamated Financial Corp. (NASDAQ:AMAL – Free Report) by 1,738.5% in the first quarter, Holdings Channel.com reports. The firm owned 767,438 sh… [+5354 chars]",business
"{'id': None, 'name': 'ETF Daily News'}",MarketBeat News,"Alliancebernstein L.P. Acquires 31,610 Shares of Regions Financial Corporation $RF","Alliancebernstein L.P. grew its holdings in shares of Regions Financial Corporation (NYSE:RF – Free Report) by 3.3% in the first quarter, according to its most recent disclosure with the Securities & Exchange Commission. The firm owned 1,000,206 shares of the…",https://www.etfdailynews.com/2025/09/11/alliancebernstein-l-p-acquires-31610-shares-of-regions-financial-corporation-rf/,https://www.americanbankingnews.com/wp-content/timthumb/timthumb.php?src=https://www.marketbeat.com/logos/regions-financial-co-logo-1200x675.jpg?v=20221103135541&w=240&h=240&zc=2,2025-09-11T08:12:43Z,"Alliancebernstein L.P. grew its holdings in shares of Regions Financial Corporation (NYSE:RF – Free Report) by 3.3% in the first quarter, according to its most recent disclosure with the Securities &… [+6562 chars]",business
"{'id': None, 'name': 'ETF Daily News'}",MarketBeat News,Best Nanotechnology Stocks To Watch Today – September 9th,"Onto Innovation, OSI Systems, and Nano Dimension are the three Nanotechnology stocks to watch today, according to MarketBeat’s stock screener tool. Nanotechnology stocks are shares of publicly traded companies whose primary business involves the research, dev…",https://www.etfdailynews.com/2025/09/11/best-nanotechnology-stocks-to-watch-today-september-9th/,https://www.americanbankingnews.com/wp-content/timthumb/timthumb.php?src=https://www.marketbeat.com/logos/onto-innovation-inc-logo-1200x675.png?v=20221117095052&w=240&h=240&zc=2,2025-09-11T08:12:41Z,"Onto Innovation, OSI Systems, and Nano Dimension are the three Nanotechnology stocks to watch today, according to MarketBeat’s stock screener tool. Nanotechnology stocks are shares of publicly traded… [+2346 chars]",business
"{'id': None, 'name': 'ETF Daily News'}",MarketBeat News,"AQR Capital Management LLC Has $8.80 Million Position in EverQuote, Inc. $EVER","AQR Capital Management LLC lessened its position in shares of EverQuote, Inc. (NASDAQ:EVER – Free Report) by 14.9% in the first quarter, according to its most recent filing with the SEC. The firm owned 335,997 shares of the company’s stock after selling 58,87…",https://www.etfdailynews.com/2025/09/11/aqr-capital-management-llc-has-8-80-million-position-in-everquote-inc-ever/,https://www.americanbankingnews.com/wp-content/timthumb/timthumb.php?src=https://www.marketbeat.com/logos/everquote-inc-logo-1200x675.png?v=20250505090247&w=240&h=240&zc=2,2025-09-11T08:12:37Z,"AQR Capital Management LLC lessened its position in shares of EverQuote, Inc. (NASDAQ:EVER – Free Report) by 14.9% in the first quarter, according to its most recent filing with the SEC. The firm own… [+4695 chars]",business
"{'id': None, 'name': 'ETF Daily News'}",MarketBeat News,"Alliancebernstein L.P. Acquires 19,907 Shares of MSC Industrial Direct Company, Inc. $MSM","Alliancebernstein L.P. grew its holdings in MSC Industrial Direct Company, Inc. (NYSE:MSM – Free Report) by 7.1% during the 1st quarter, according to the company in its most recent disclosure with the Securities & Exchange Commission. The firm owned 298,597 s…",https://www.etfdailynews.com/2025/09/11/alliancebernstein-l-p-acquires-19907-shares-of-msc-industrial-direct-company-inc-msm/,https://www.americanbankingnews.com/wp-content/timthumb/timthumb.php?src=https://www.marketbeat.com/logos/msc-industrial-direct-co-inc-logo-1200x675.jpg?v=20221116145015&w=240&h=240&zc=2,2025-09-11T08:12:36Z,"Alliancebernstein L.P. grew its holdings in MSC Industrial Direct Company, Inc. (NYSE:MSM – Free Report) by 7.1% during the 1st quarter, according to the company in its most recent disclosure with th… [+6557 chars]",business
"{'id': None, 'name': 'ETF Daily News'}",MarketBeat News,"Home BancShares, Inc. $HOMB Shares Bought by AQR Capital Management LLC","AQR Capital Management LLC increased its stake in Home BancShares, Inc. (NYSE:HOMB – Free Report) by 21.4% during the 1st quarter, Holdings Channel reports. The fund owned 326,506 shares of the financial services provider’s stock after purchasing an additiona…",https://www.etfdailynews.com/2025/09/11/home-bancshares-inc-homb-shares-bought-by-aqr-capital-management-llc/,https://www.americanbankingnews.com/wp-content/timthumb/timthumb.php?src=https://www.marketbeat.com/logos/home-bancshares-inc-(conway-ar)-logo-1200x675.png?v=20240417094222&w=240&h=240&zc=2,2025-09-11T08:12:36Z,"AQR Capital Management LLC increased its stake in Home BancShares, Inc. (NYSE:HOMB – Free Report) by 21.4% during the 1st quarter, Holdings Channel reports. The fund owned 326,506 shares of the finan… [+6059 chars]",business
"{'id': None, 'name': 'ETF Daily News'}",MarketBeat News,Texas Pacific Land Corporation $TPL Shares Purchased by Alliancebernstein L.P.,"Alliancebernstein L.P. lifted its holdings in Texas Pacific Land Corporation (NYSE:TPL – Free Report) by 0.2% in the first quarter, Holdings Channel reports. The firm owned 17,556 shares of the financial services provider’s stock after buying an additional 37…",https://www.etfdailynews.com/2025/09/11/texas-pacific-land-corporation-tpl-shares-purchased-by-alliancebernstein-l-p/,https://www.americanbankingnews.com/wp-content/timthumb/timthumb.php?src=https://www.marketbeat.com/logos/texas-pacific-land-co-logo-1200x675.png?v=20221103144836&w=240&h=240&zc=2,2025-09-11T08:12:35Z,"Alliancebernstein L.P. lifted its holdings in Texas Pacific Land Corporation (NYSE:TPL – Free Report) by 0.2% in the first quarter, Holdings Channel reports. The firm owned 17,556 shares of the finan… [+4600 chars]",business
"{'id': 'the-times-of-india', 'name': 'The Times of India'}",PTI,India Inc needs to ensure AI becomes tool for empowerment than anxiety: ADP India's Rahul Goyal,"A recent report indicates that Indian knowledge workers and mid-career professionals are largely optimistic about AI's impact on their jobs, despite some concerns about displacement, particularly among younger employees. Rahul Goyal of ADP highlights that ski…",https://economictimes.indiatimes.com/news/company/corporate-trends/india-inc-needs-to-ensure-ai-becomes-tool-for-empowerment-than-anxiety-adp-indias-rahul-goyal/articleshow/123826030.cms,"https://img.etimg.com/thumb/msid-123826730,width-1200,height-630,imgsize-20150,overlay-economictimes/articleshow.jpg",2025-09-11T08:12:34Z,"Knowledge workers and mid-career professionals in India are hopeful that artificial intelligence will positively impact their roles, even as concerns about job displacement persist, especially among … [+3424 chars]",business
"{'id': None, 'name': 'ETF Daily News'}",MarketBeat News,Sealed Air Corporation $SEE Shares Sold by Alliancebernstein L.P.,"Alliancebernstein L.P. lessened its position in Sealed Air Corporation (NYSE:SEE – Free Report) by 3.5% during the 1st quarter, according to its most recent filing with the Securities and Exchange Commission. The firm owned 721,433 shares of the industrial pr…",https://www.etfdailynews.com/2025/09/11/sealed-air-corporation-see-shares-sold-by-alliancebernstein-l-p/,https://www.americanbankingnews.com/wp-content/timthumb/timthumb.php?src=https://www.marketbeat.com/logos/sealed-air-co-logo-1200x675.jpg?v=20221110144845&w=240&h=240&zc=2,2025-09-11T08:12:34Z,"Alliancebernstein L.P. lessened its position in Sealed Air Corporation (NYSE:SEE – Free Report) by 3.5% during the 1st quarter, according to its most recent filing with the Securities and Exchange Co… [+5245 chars]",business
"{'id': None, 'name': 'ETF Daily News'}",MarketBeat News,AQR Capital Management LLC Has $9.25 Million Stock Holdings in Quest Diagnostics Incorporated $DGX,"AQR Capital Management LLC decreased its holdings in shares of Quest Diagnostics Incorporated (NYSE:DGX – Free Report) by 62.7% in the 1st quarter, according to its most recent 13F filing with the Securities and Exchange Commission (SEC). The fund owned 54,65…",https://www.etfdailynews.com/2025/09/11/aqr-capital-management-llc-has-9-25-million-stock-holdings-in-quest-diagnostics-incorporated-dgx/,https://www.americanbankingnews.com/wp-content/timthumb/timthumb.php?src=https://www.marketbeat.com/logos/quest-diagnostics-incorporated-logo-1200x675.jpg?v=20221104114232&w=240&h=240&zc=2,2025-09-11T08:12:32Z,"AQR Capital Management LLC decreased its holdings in shares of Quest Diagnostics Incorporated (NYSE:DGX – Free Report) by 62.7% in the 1st quarter, according to its most recent 13F filing with the Se… [+6356 chars]",business
"{'id': None, 'name': 'ETF Daily News'}",MarketBeat News,Alliancebernstein L.P. Decreases Stock Holdings in American Homes 4 Rent $AMH,"Alliancebernstein L.P. decreased its holdings in American Homes 4 Rent (NYSE:AMH – Free Report) by 5.0% in the first quarter, Holdings Channel.com reports. The institutional investor owned 533,604 shares of the real estate investment trust’s stock after selli…",https://www.etfdailynews.com/2025/09/11/alliancebernstein-l-p-decreases-stock-holdings-in-american-homes-4-rent-amh/,https://www.americanbankingnews.com/wp-content/timthumb/timthumb.php?src=https://www.marketbeat.com/logos/american-homes-4-rent-logo-1200x675.png&w=240&h=240&zc=2,2025-09-11T08:12:31Z,"Alliancebernstein L.P. decreased its holdings in American Homes 4 Rent (NYSE:AMH – Free Report) by 5.0% in the first quarter, Holdings Channel.com reports. The institutional investor owned 533,604 sh… [+4538 chars]",business
"{'id': None, 'name': 'ETF Daily News'}",MarketBeat News,"Alliancebernstein L.P. Has $23.14 Million Holdings in Interactive Brokers Group, Inc. $IBKR","Alliancebernstein L.P. reduced its stake in shares of Interactive Brokers Group, Inc. (NASDAQ:IBKR – Free Report) by 7.6% in the 1st quarter, according to the company in its most recent 13F filing with the Securities and Exchange Commission (SEC). The fund ow…",https://www.etfdailynews.com/2025/09/11/alliancebernstein-l-p-has-23-14-million-holdings-in-interactive-brokers-group-inc-ibkr/,https://www.americanbankingnews.com/wp-content/timthumb/timthumb.php?src=https://www.marketbeat.com/logos/interactive-brokers-group-inc-logo-1200x675.jpg?v=20190904155325&w=240&h=240&zc=2,2025-09-11T08:12:30Z,"Alliancebernstein L.P. reduced its stake in shares of Interactive Brokers Group, Inc. (NASDAQ:IBKR – Free Report) by 7.6% in the 1st quarter, according to the company in its most recent 13F filing wi… [+5440 chars]",business
"{'id': None, 'name': 'ETF Daily News'}",MarketBeat News,Owens Corning Inc $OC Shares Sold by Alliancebernstein L.P.,"Alliancebernstein L.P. decreased its holdings in shares of Owens Corning Inc (NYSE:OC – Free Report) by 5.1% during the 1st quarter, according to its most recent 13F filing with the Securities and Exchange Commission. The institutional investor owned 156,152 …",https://www.etfdailynews.com/2025/09/11/owens-corning-inc-oc-shares-sold-by-alliancebernstein-l-p/,https://www.americanbankingnews.com/wp-content/timthumb/timthumb.php?src=https://www.marketbeat.com/logos/owens-corning-logo-1200x675.gif&w=240&h=240&zc=2,2025-09-11T08:12:29Z,"Alliancebernstein L.P. decreased its holdings in shares of Owens Corning Inc (NYSE:OC – Free Report) by 5.1% during the 1st quarter, according to its most recent 13F filing with the Securities and Ex… [+5845 chars]",business
"{'id': None, 'name': 'ETF Daily News'}",MarketBeat News,Alliancebernstein L.P. Has $23.36 Million Stock Holdings in Great Lakes Dredge & Dock Corporation $GLDD,"Alliancebernstein L.P. trimmed its position in Great Lakes Dredge & Dock Corporation (NASDAQ:GLDD – Free Report) by 6.3% during the first quarter, according to its most recent 13F filing with the Securities and Exchange Commission (SEC). The firm owned 2,685,…",https://www.etfdailynews.com/2025/09/11/alliancebernstein-l-p-has-23-36-million-stock-holdings-in-great-lakes-dredge-dock-corporation-gldd/,https://www.americanbankingnews.com/wp-content/timthumb/timthumb.php?src=https://www.marketbeat.com/logos/great-lakes-dredge--dock-co-logo-1200x675.jpg?v=20240522065412&w=240&h=240&zc=2,2025-09-11T08:12:26Z,"Alliancebernstein L.P. trimmed its position in Great Lakes Dredge &amp; Dock Corporation (NASDAQ:GLDD – Free Report) by 6.3% during the first quarter, according to its most recent 13F filing with the… [+4275 chars]",business
"{'id': None, 'name': 'ETF Daily News'}",MarketBeat News,Alliancebernstein L.P. Trims Holdings in Graco Inc. $GGG,"Alliancebernstein L.P. decreased its holdings in Graco Inc. (NYSE:GGG – Free Report) by 1.2% during the first quarter, according to the company in its most recent disclosure with the Securities & Exchange Commission. The firm owned 224,142 shares of the indus…",https://www.etfdailynews.com/2025/09/11/alliancebernstein-l-p-trims-holdings-in-graco-inc-ggg/,https://www.americanbankingnews.com/wp-content/timthumb/timthumb.php?src=https://www.marketbeat.com/logos/graco-inc-logo-1200x675.png?v=20240503121102&w=240&h=240&zc=2,2025-09-11T08:12:15Z,"Alliancebernstein L.P. decreased its holdings in Graco Inc. (NYSE:GGG – Free Report) by 1.2% during the first quarter, according to the company in its most recent disclosure with the Securities &amp;… [+4145 chars]",business
"{'id': None, 'name': 'ETF Daily News'}",MarketBeat News,KeyCorp $KEY Shares Bought by Alliancebernstein L.P.,"Alliancebernstein L.P. grew its holdings in shares of KeyCorp (NYSE:KEY – Free Report) by 4.4% during the first quarter, according to its most recent Form 13F filing with the SEC. The firm owned 1,233,478 shares of the financial services provider’s stock afte…",https://www.etfdailynews.com/2025/09/11/keycorp-key-shares-bought-by-alliancebernstein-l-p/,https://www.americanbankingnews.com/wp-content/timthumb/timthumb.php?src=https://www.marketbeat.com/logos/keycorp-logo-1200x675.jpg?v=20221104113123&w=240&h=240&zc=2,2025-09-11T08:12:11Z,"Alliancebernstein L.P. grew its holdings in shares of KeyCorp (NYSE:KEY – Free Report) by 4.4% during the first quarter, according to its most recent Form 13F filing with the SEC. The firm owned 1,23… [+6281 chars]",business
"{'id': None, 'name': 'ETF Daily News'}",MarketBeat News,"Alliancebernstein L.P. Sells 228,842 Shares of ON Semiconductor Corporation $ON","Alliancebernstein L.P. cut its position in ON Semiconductor Corporation (NASDAQ:ON – Free Report) by 32.0% in the 1st quarter, according to its most recent Form 13F filing with the Securities and Exchange Commission. The institutional investor owned 487,211 s…",https://www.etfdailynews.com/2025/09/11/alliancebernstein-l-p-sells-228842-shares-of-on-semiconductor-corporation-on/,https://www.americanbankingnews.com/wp-content/timthumb/timthumb.php?src=https://www.marketbeat.com/logos/onsemi-logo-1200x675.jpg?v=20221102150659&w=240&h=240&zc=2,2025-09-11T08:12:07Z,"Alliancebernstein L.P. cut its position in ON Semiconductor Corporation (NASDAQ:ON – Free Report) by 32.0% in the 1st quarter, according to its most recent Form 13F filing with the Securities and Exc… [+5681 chars]",business
"{'id': None, 'name': 'Biztoc.com'}",reuters.com,IEA raises 2025 oil supply forecast after OPEC+ output hike decision,,https://biztoc.com/x/caf6065cffa4a922,https://biztoc.com/cdn/caf6065cffa4a922_s.webp,2025-09-11T08:10:05Z,"{ window.open(this.href, '_blank'); }, 200); return false;""&gt;Why did Oracle's stock surge today? { window.open(this.href, '_blank'); }, 200); return false;""&gt;How will August CPI affect 2025 marke… [+742 chars]",business
"{'id': None, 'name': 'ETF Daily News'}",MarketBeat News,Pacific Premier Bancorp Inc $PPBI Shares Bought by AQR Capital Management LLC,"AQR Capital Management LLC raised its stake in Pacific Premier Bancorp Inc (NASDAQ:PPBI – Free Report) by 1,506.0% in the first quarter, according to the company in its most recent disclosure with the Securities & Exchange Commission. The firm owned 509,897 s…",https://www.etfdailynews.com/2025/09/11/pacific-premier-bancorp-inc-ppbi-shares-bought-by-aqr-capital-management-llc/,https://www.americanbankingnews.com/wp-content/timthumb/timthumb.php?src=https://www.marketbeat.com/logos/pacific-premier-bancorp-inc-logo-1200x675.jpg&w=240&h=240&zc=2,2025-09-11T08:09:54Z,"AQR Capital Management LLC raised its stake in Pacific Premier Bancorp Inc (NASDAQ:PPBI – Free Report) by 1,506.0% in the first quarter, according to the company in its most recent disclosure with th… [+5553 chars]",business
"{'id': None, 'name': 'Biztoc.com'}",reuters.com,German business insolvencies up 12.2% in the first half of the year,,https://biztoc.com/x/58710ff5cd2dbd38,https://biztoc.com/cdn/58710ff5cd2dbd38_s.webp,2025-09-11T08:09:45Z,"{ window.open(this.href, '_blank'); }, 200); return false;""&gt;Why did Oracle's stock surge today? { window.open(this.href, '_blank'); }, 200); return false;""&gt;How will August CPI affect 2025 marke… [+725 chars]",business
"{'id': None, 'name': 'ETF Daily News'}",MarketBeat News,W.P. Carey Inc. $WPC Shares Purchased by AQR Capital Management LLC,"AQR Capital Management LLC raised its stake in shares of W.P. Carey Inc. (NYSE:WPC – Free Report) by 225.3% during the 1st quarter, according to the company in its most recent 13F filing with the Securities and Exchange Commission. The firm owned 165,632 shar…",https://www.etfdailynews.com/2025/09/11/w-p-carey-inc-wpc-shares-purchased-by-aqr-capital-management-llc/,https://www.americanbankingnews.com/wp-content/timthumb/timthumb.php?src=https://www.marketbeat.com/logos/w-p-carey-inc-logo-1200x675.jpg?v=20240122152152&w=240&h=240&zc=2,2025-09-11T08:09:02Z,"AQR Capital Management LLC raised its stake in shares of W.P. Carey Inc. (NYSE:WPC – Free Report) by 225.3% during the 1st quarter, according to the company in its most recent 13F filing with the Sec… [+4944 chars]",business
"{'id': None, 'name': 'ETF Daily News'}",MarketBeat News,"AQR Capital Management LLC Purchases 65,827 Shares of Primoris Services Co. $PRIM","AQR Capital Management LLC grew its holdings in shares of Primoris Services Co. (NASDAQ:PRIM – Free Report) by 65.1% in the 1st quarter, according to its most recent 13F filing with the Securities & Exchange Commission. The fund owned 167,019 shares of the co…",https://www.etfdailynews.com/2025/09/11/aqr-capital-management-llc-purchases-65827-shares-of-primoris-services-co-prim/,https://www.americanbankingnews.com/wp-content/timthumb/timthumb.php?src=https://www.marketbeat.com/logos/primoris-services-co-logo-1200x675.png?v=20240503130015&w=240&h=240&zc=2,2025-09-11T08:09:02Z,"AQR Capital Management LLC grew its holdings in shares of Primoris Services Co. (NASDAQ:PRIM – Free Report) by 65.1% in the 1st quarter, according to its most recent 13F filing with the Securities &a… [+6011 chars]",business
"{'id': None, 'name': 'ETF Daily News'}",MarketBeat News,"Virtus Investment Partners, Inc. $VRTS Shares Purchased by AQR Capital Management LLC","AQR Capital Management LLC boosted its holdings in Virtus Investment Partners, Inc. (NASDAQ:VRTS – Free Report) by 12.9% in the 1st quarter, according to its most recent disclosure with the Securities and Exchange Commission. The fund owned 52,391 shares of t…",https://www.etfdailynews.com/2025/09/11/virtus-investment-partners-inc-vrts-shares-purchased-by-aqr-capital-management-llc/,https://www.americanbankingnews.com/wp-content/timthumb/timthumb.php?src=https://www.marketbeat.com/logos/virtus-investment-partners-inc-logo-1200x675.jpg?v=20240529124621&w=240&h=240&zc=2,2025-09-11T08:08:55Z,"AQR Capital Management LLC boosted its holdings in Virtus Investment Partners, Inc. (NASDAQ:VRTS – Free Report) by 12.9% in the 1st quarter, according to its most recent disclosure with the Securitie… [+5400 chars]",business
"{'id': None, 'name': 'ETF Daily News'}",MarketBeat News,"AQR Capital Management LLC Sells 618,661 Shares of Marriott Vacations Worldwide Corporation $VAC","AQR Capital Management LLC trimmed its stake in shares of Marriott Vacations Worldwide Corporation (NYSE:VAC – Free Report) by 80.8% in the first quarter, according to the company in its most recent Form 13F filing with the Securities and Exchange Commission …",https://www.etfdailynews.com/2025/09/11/aqr-capital-management-llc-sells-618661-shares-of-marriott-vacations-worldwide-corporation-vac/,https://www.americanbankingnews.com/wp-content/timthumb/timthumb.php?src=https://www.marketbeat.com/logos/marriott-vacations-worldwide-co-logo-1200x675.png?v=20221115095024&w=240&h=240&zc=2,2025-09-11T08:08:53Z,"AQR Capital Management LLC trimmed its stake in shares of Marriott Vacations Worldwide Corporation (NYSE:VAC – Free Report) by 80.8% in the first quarter, according to the company in its most recent … [+5718 chars]",business
"{'id': None, 'name': 'ETF Daily News'}",MarketBeat News,AQR Capital Management LLC Has $10.71 Million Position in Polaris Inc. $PII,"AQR Capital Management LLC boosted its holdings in Polaris Inc. (NYSE:PII – Free Report) by 26.6% in the 1st quarter, according to the company in its most recent filing with the Securities and Exchange Commission. The firm owned 263,644 shares of the company’…",https://www.etfdailynews.com/2025/09/11/aqr-capital-management-llc-has-10-71-million-position-in-polaris-inc-pii/,https://www.americanbankingnews.com/wp-content/timthumb/timthumb.php?src=https://www.marketbeat.com/logos/polaris-inc-logo-1200x675.jpg?v=20221111150315&w=240&h=240&zc=2,2025-09-11T08:08:52Z,"AQR Capital Management LLC boosted its holdings in Polaris Inc. (NYSE:PII – Free Report) by 26.6% in the 1st quarter, according to the company in its most recent filing with the Securities and Exchan… [+5237 chars]",business
"{'id': None, 'name': 'ETF Daily News'}",MarketBeat News,AQR Capital Management LLC Increases Holdings in Banco Bradesco SA $BBD,"AQR Capital Management LLC raised its holdings in shares of Banco Bradesco SA (NYSE:BBD – Free Report) by 75.9% in the 1st quarter, HoldingsChannel reports. The fund owned 5,048,938 shares of the bank’s stock after buying an additional 2,178,928 shares during…",https://www.etfdailynews.com/2025/09/11/aqr-capital-management-llc-increases-holdings-in-banco-bradesco-sa-bbd/,https://www.americanbankingnews.com/wp-content/timthumb/timthumb.php?src=https://www.marketbeat.com/logos/banco-bradesco-sa-logo-1200x675.png?v=20221024141153&w=240&h=240&zc=2,2025-09-11T08:08:50Z,"AQR Capital Management LLC raised its holdings in shares of Banco Bradesco SA (NYSE:BBD – Free Report) by 75.9% in the 1st quarter, HoldingsChannel reports. The fund owned 5,048,938 shares of the ban… [+4085 chars]",business
"{'id': None, 'name': 'ETF Daily News'}",MarketBeat News,AQR Capital Management LLC Has $10.26 Million Position in First Financial Corporation Indiana $THFF,"AQR Capital Management LLC trimmed its position in shares of First Financial Corporation Indiana (NASDAQ:THFF – Free Report) by 11.6% during the first quarter, Holdings Channel.com reports. The fund owned 209,434 shares of the bank’s stock after selling 27,52…",https://www.etfdailynews.com/2025/09/11/aqr-capital-management-llc-has-10-26-million-position-in-first-financial-corporation-indiana-thff/,https://www.americanbankingnews.com/wp-content/timthumb/timthumb.php?src=https://www.marketbeat.com/logos/first-financial-co-logo-1200x675.jpg?v=20250205151815&w=240&h=240&zc=2,2025-09-11T08:08:50Z,"AQR Capital Management LLC trimmed its position in shares of First Financial Corporation Indiana (NASDAQ:THFF – Free Report) by 11.6% during the first quarter, Holdings Channel.com reports. The fund … [+4854 chars]",business
"{'id': None, 'name': 'Thecommunemag.com'}",The Commune,"Rahul Gandhi Screamed At Sonia Gandhi, Claims Goa Health Minister Vishwajit Rane - The Commune","In a sharp exchange, Goa Health Minister and former Congress leader Vishwajit Rane alleged that Rahul Gandhi had once behaved in a highly disrespectful manner",https://thecommunemag.com/rahul-gandhi-screamed-at-sonia-gandhi-claims-goa-health-minister-vishwajit-rane/,https://thecommunemag.com/wp-content/uploads/2025/09/Rahul-Gandhi-Screamed-At-Sonia-Gandhi-Claims-Goa-Health-Minister-Vishwajit-Rane-1024x576.jpg,2025-09-11T08:23:44Z,"In a sharp exchange, Goa Health Minister and former Congress leader Vishwajit Rane alleged that Rahul Gandhi had once behaved in a highly disrespectful manner toward his mother, Sonia Gandhi. Rane cl… [+2018 chars]",health
"{'id': 'the-irish-times', 'name': 'The Irish Times'}",Diarmaid Ferriter,Diarmaid Ferriter on Speaking My Mind by Leo Varadkar: Jaunty but superficial and lazy at times,Former taoiseach provides gossip and entertaining titbits but displays detachment about matters of substance,https://www.irishtimes.com/culture/books/review/2025/09/13/diarmaid-ferriter-on-speaking-my-mind-by-leo-varadkar-jaunty-but-superficial-and-lazy-at-times/,https://www.irishtimes.com/resizer/v2/2WIJJUJTPVEJFBFQQP3XERYV7E.JPG?smart=true&auth=63185b3e1f0580539ec541fdd8a2f91b6b68f1a8b34de5f53eedaca76641ad8f&width=1200&height=630,2025-09-11T08:23:42Z,"Maybe it is a warning shot across the bows of his naysayers, or book reviewers, or just his strong sense of self, but Leo Varadkar begins this book with a quote from Theodore Roosevelt, US president … [+10722 chars]",health
"{'id': None, 'name': 'ETF Daily News'}",MarketBeat News,American Vanguard Corporation $AVD Shares Sold by Jacobs Levy Equity Management Inc.,"Jacobs Levy Equity Management Inc. lessened its stake in American Vanguard Corporation (NYSE:AVD – Free Report) by 2.2% in the 1st quarter, according to the company in its most recent filing with the Securities & Exchange Commission. The firm owned 434,983 sh…",https://www.etfdailynews.com/2025/09/11/american-vanguard-corporation-avd-shares-sold-by-jacobs-levy-equity-management-inc/,https://www.americanbankingnews.com/wp-content/timthumb/timthumb.php?src=https://www.marketbeat.com/logos/american-vanguard-co-logo-1200x675.jpg?v=20221208140907&w=240&h=240&zc=2,2025-09-11T08:23:40Z,"Jacobs Levy Equity Management Inc. lessened its stake in American Vanguard Corporation (NYSE:AVD – Free Report) by 2.2% in the 1st quarter, according to the company in its most recent filing with the… [+4234 chars]",health
"{'id': 'abc-news', 'name': 'ABC News'}",The Associated Press,Leading Turkish broadcaster seized by state as part of fraud and tax investigation,"Turkish media says one of Turkey’s largest television news broadcasters has been confiscated by the state as part of a fraud, tax evasion and money laundering investigation",https://abcnews.go.com/Business/wireStory/leading-turkish-broadcaster-seized-state-part-fraud-tax-125469459,https://s.abcnews.com/images/US/abc_news_default_2000x2000_update_16x9_992.jpg,2025-09-11T08:21:51Z,"ISTANBUL -- One of Turkeys largest television news broadcasters has been confiscated by the state as part of a fraud, tax evasion and money laundering investigation, media reported Thursday.
Habertu… [+1371 chars]",health
"{'id': None, 'name': 'ETF Daily News'}",MarketBeat News,"Jacobs Levy Equity Management Inc. Raises Position in PACS Group, Inc. $PACS","Jacobs Levy Equity Management Inc. grew its position in PACS Group, Inc. (NYSE:PACS – Free Report) by 27.2% during the 1st quarter, Holdings Channel reports. The fund owned 205,948 shares of the company’s stock after buying an additional 44,047 shares during …",https://www.etfdailynews.com/2025/09/11/jacobs-levy-equity-management-inc-raises-position-in-pacs-group-inc-pacs/,https://www.americanbankingnews.com/wp-content/timthumb/timthumb.php?src=https://www.marketbeat.com/logos/pacs-group-inc-logo-1200x675.png?v=20240923143029&w=240&h=240&zc=2,2025-09-11T08:21:27Z,"Jacobs Levy Equity Management Inc. grew its position in PACS Group, Inc. (NYSE:PACS – Free Report) by 27.2% during the 1st quarter, Holdings Channel reports. The fund owned 205,948 shares of the comp… [+2308 chars]",health
"{'id': 'breitbart-news', 'name': 'Breitbart News'}","Breitbart London, Breitbart London","Prince Harry Flies Back to London, Meets With His Father The King For First Time in 18 Months","The Prince was seen leaving less than an hour later, as he ducked down in the car enroute to an evening event.
The post Prince Harry Flies Back to London, Meets With His Father The King For First Time in 18 Months appeared first on Breitbart.",https://www.breitbart.com/europe/2025/09/11/prince-harry-flies-back-to-london-meets-with-his-father-the-king-for-first-time-in-18-months/,https://media.breitbart.com/media/2025/09/GettyImages-2234704667-e1757578541739-640x335.jpg,2025-09-11T08:18:19Z,"LONDON (AP) – Britain´s Prince Harry joined his father, King Charles III, for tea on Wednesday at the monarch’s London home, the first time they´ve met in well over a year.
The two have been distant… [+3717 chars]",health
"{'id': None, 'name': 'Lesswrong.com'}",Leo_Hyams,Announcing the Cooperative AI Research Fellowship,"Published on September 11, 2025 8:02 AM GMTTL:DR Join a global cohort of ambitious researchers in Cape Town for a fully-funded cooperative AI research fellowship! Spend 3 months from January to April 2026 researching with world-class mentors from Google DeepM…",https://www.lesswrong.com/posts/njLv7xTpqNstjb3to/announcing-the-cooperative-ai-research-fellowship,"https://res.cloudinary.com/lesswrong-2-0/image/upload/f_auto,q_auto/v1/mirroredImages/njLv7xTpqNstjb3to/pleamoxg9ogc6kosmdlj",2025-09-11T08:17:14Z,"TL:DR 
Join a global cohort of ambitious researchers in Cape Town for a fully-funded cooperative AI research fellowship! Spend 3 months from January to April 2026 researching with world-class mentor… [+14696 chars]",health
"{'id': None, 'name': 'Grist'}","Julia Gentin, The Hechinger Report","Students, schools race to save clean energy projects in face of Trump deadline","Many projects such as solar panels and electric school buses may not meet new deadlines for tax credits under the “big, beautiful bill.”",https://grist.org/energy/students-schools-race-to-save-clean-energy-projects-in-face-of-trump-deadline/,https://grist.org/wp-content/uploads/2025/09/K12climate-post-obbba-3.jpg?quality=75&strip=all,2025-09-11T08:15:00Z,"Tanish Doshi was in high school when he pushed the Tucson Unified School District to take on an ambitious plan to reduce its climate footprint. In Oct. 2024, the availability of federal tax credits e… [+9166 chars]",health
"{'id': None, 'name': 'Economictimes.com'}",iStock,"​“Forget spinach, forget supplements—water is the real superfood” — a 60-second hack that will supercharge your metabolism and digestion","Experts say water quietly powers your body. From energy to skin glow, it does it all. With a 60-second daily ritual, hydration can become your secret superpower. Water: The Silent Wizard",https://m.economictimes.com/news/india/forget-spinach-forget-supplementswater-is-the-real-superfood-a-60-second-hack-that-will-supercharge-your-metabolism-and-digestion/water-the-silent-wizard/slideshow/123826098.cms,"https://img.etimg.com/thumb/msid-123826098,width-1070,height-580,overlay-economictimes/slideshow.jpg",2025-09-11T08:14:57Z,"While supplements promise miracles, water is free, essential, and omnipotent for your body. Experts agree: nothing replaces daily hydration for optimal health, energy, and vitality.
(Disclaimer: Thi… [+199 chars]",health
"{'id': 'abc-news', 'name': 'ABC News'}","WAFAA SHURAFA Associated Press, SAMY MAGDY Associated Press, LORNE COOK Associated Press","Israeli airstrikes on Yemen kill at least 35, Houthi officials say",Yemen's Houthi rebels say Israeli airstrikes targeting the rebels in Yeman have killed at least 35 people and wounded over 130 others,https://abcnews.go.com/International/wireStory/israeli-airstrikes-yemen-kill-35-houthi-officials-125427022,https://i.abcnewsfe.com/a/e63d0ec1-43c2-4ff7-af17-208691421130/wirestory_6cf0f208f2e1e30d29b7deabaa05197e_16x9.jpg?w=1600,2025-09-11T08:14:31Z,"DEIR AL-BALAH, Gaza Strip -- Israel launched another round of heavy airstrikes in Yemen on Wednesday, killing dozens just days after Houthi rebels carried out a drone attack that struck an Israeli ai… [+5841 chars]",health
"{'id': None, 'name': 'ETF Daily News'}",MarketBeat News,"Albertsons Companies, Inc. $ACI Position Raised by Alliancebernstein L.P.","Alliancebernstein L.P. raised its stake in Albertsons Companies, Inc. (NYSE:ACI – Free Report) by 48.5% during the first quarter, according to its most recent disclosure with the SEC. The fund owned 977,163 shares of the company’s stock after buying an additi…",https://www.etfdailynews.com/2025/09/11/albertsons-companies-inc-aci-position-raised-by-alliancebernstein-l-p/,https://www.americanbankingnews.com/wp-content/timthumb/timthumb.php?src=https://www.marketbeat.com/logos/albertsons-companies-inc-logo-1200x675.PNG?v=20201110133625&w=240&h=240&zc=2,2025-09-11T08:13:54Z,"Alliancebernstein L.P. raised its stake in Albertsons Companies, Inc. (NYSE:ACI – Free Report) by 48.5% during the first quarter, according to its most recent disclosure with the SEC. The fund owned … [+5116 chars]",health
"{'id': None, 'name': 'Galencentre.org'}",Codeblue,MP Warns Of Europe-Style Tax Rates If Private Health Care Too Costly,"Bayan Baru MP Sim Tze Tzin warns that Malaysians may face tax hikes up to European levels to fund the government health service if everyone seeks public health care, should private health care costs go unchecked and become unaffordable even for the rich.",https://codeblue.galencentre.org/2025/09/mp-warns-of-europe-style-tax-rates-if-private-health-care-too-costly/,https://codeblue.galencentre.org/wp-content/uploads/2025/09/sim_tze_tzin_sept_10_2025.jpeg,2025-09-11T08:13:42Z,"KUALA LUMPUR, Sept 11 The government may be forced to raise taxes significantly if more Malaysians seek public health care due to the cost of private care, says Bayan Baru MP Sim Tze Tzin.
The Publi… [+4999 chars]",health
"{'id': None, 'name': 'ETF Daily News'}",MarketBeat News,"Alliancebernstein L.P. Has $19.95 Million Stock Holdings in Option Care Health, Inc. $OPCH","Alliancebernstein L.P. trimmed its position in shares of Option Care Health, Inc. (NASDAQ:OPCH – Free Report) by 2.7% during the first quarter, according to its most recent disclosure with the Securities and Exchange Commission. The institutional investor own…",https://www.etfdailynews.com/2025/09/11/alliancebernstein-l-p-has-19-95-million-stock-holdings-in-option-care-health-inc-opch/,https://www.americanbankingnews.com/wp-content/timthumb/timthumb.php?src=https://www.marketbeat.com/logos/option-care-health-inc-logo-1200x675.png?v=20240206085412&w=240&h=240&zc=2,2025-09-11T08:12:19Z,"Alliancebernstein L.P. trimmed its position in shares of Option Care Health, Inc. (NASDAQ:OPCH – Free Report) by 2.7% during the first quarter, according to its most recent disclosure with the Securi… [+6084 chars]",health
"{'id': None, 'name': 'ETF Daily News'}",MarketBeat News,AQR Capital Management LLC Grows Stock Holdings in International Flavors & Fragrances Inc. $IFF,"AQR Capital Management LLC boosted its position in International Flavors & Fragrances Inc. (NYSE:IFF – Free Report) by 64.7% in the 1st quarter, according to its most recent filing with the SEC. The firm owned 117,495 shares of the specialty chemicals company…",https://www.etfdailynews.com/2025/09/11/aqr-capital-management-llc-grows-stock-holdings-in-international-flavors-fragrances-inc-iff/,https://www.americanbankingnews.com/wp-content/timthumb/timthumb.php?src=https://www.marketbeat.com/logos/international-flavors--fragrances-inc-logo-1200x675.png?v=20221102161359&w=240&h=240&zc=2,2025-09-11T08:08:47Z,"AQR Capital Management LLC boosted its position in International Flavors &amp; Fragrances Inc. (NYSE:IFF – Free Report) by 64.7% in the 1st quarter, according to its most recent filing with the SEC. … [+7250 chars]",health
"{'id': None, 'name': 'Breaking NEWS in KENYA for Today Right Now & Kenyan News | TUKO'}",William Osoro,Dennis Mutara: Popular Kikuyu Gospel Musician’s Video Worries Fans,"A video of gospel singer Dennis Mutara appearing intoxicated by the roadside worried fans, sparking concern over his health and calls for intervention online.",https://www.tuko.co.ke/entertainment/celebrities/602658-dennis-mutara-popular-kikuyu-musicians-video-worries-fans/,https://cdn.tuko.co.ke/images/1200x675/5599724bfa9f6051.jpeg?v=1,2025-09-11T08:08:32Z,"<ul><li>A video of Kikuyu gospel singer Dennis Mutara appearing intoxicated left fans deeply concerned about his well-being</li><li>Once a celebrated artist with numerous gospel hits, Mutaras career … [+3536 chars]",health
"{'id': None, 'name': 'Sunstar.com.ph'}",Anton Banal,PhilHealth says more funds needed for Universal Health Care,"THE Philippine Health Insurance Corporation (PhilHealth) on Thursday, September 11, 2025, said it will require more funding to sustain the Universal Health Care",https://www.sunstar.com.ph/manila/philhealth-says-more-funds-needed-for-universal-health-care,https://media.assettype.com/sunstar%2Fimport%2Fuploads%2Fimages%2F2020%2F04%2F01%2F222969.jpg?rect=0%2C101%2C800%2C420&w=1200&ar=40%3A21&auto=format%2Ccompress&ogImage=true&mode=crop&enlarge=true&overlay=false&overlay_position=bottom&overlay_width=100,2025-09-11T08:06:04Z,"THE Philippine Health Insurance Corporation (PhilHealth) on Thursday, September 11, 2025, said it will require more funding to sustain the Universal Health Care (UHC) program in the years to come.
I… [+2029 chars]",health
"{'id': None, 'name': 'Bolde.com'}",Danielle Sachs,14 Things That Fall Into Place When You Stop Tearing Yourself Down,These amazing things happen when you finally start talking to yourself kindly.,https://www.bolde.com/14-things-that-happen-when-you-start-speaking-kindly-to-yourself/,https://media.zenfs.com/en/the_bolde_articles_237/90633e0dd71f9cd53056b6352db523e1,2025-09-11T08:00:15Z,"When you start speaking kindly to yourself, you might be surprised at the changes that unfold. It's like you're rewiring your brain to be your biggest supporter rather than your harshest critic. Inst… [+14412 chars]",health
"{'id': None, 'name': 'Washington Monthly'}",Richard D. Kahlenberg,The Eternal Social Justice Summer,"A much-maligned new book asks a fair question: Why do the excesses of the left offend voters more than those of the right? 
The post The Eternal Social Justice Summer  appeared first on Washington Monthly.",http://washingtonmonthly.com/2025/09/11/thomas-chatterton-williams-summer-of-our-discontent/,https://i0.wp.com/washingtonmonthly.com/wp-content/uploads/2025/09/AP21111486945442-scaled.jpg?fit=2560%2C1707&quality=89&ssl=1,2025-09-11T08:00:00Z,"In a moment when the President of the United States is trying to use the power of the state to intimidate critics in academia and the media (not to mention his political opponents),  some may think t… [+13978 chars]",health
"{'id': None, 'name': 'Washington Monthly'}",Merrill Goozner,RFK Jr.’s MAHA Movement: Industry Takes Control,"Children’s health report ignores the greatest threats facing young people today: gun violence, smoking, and global warming.
The post RFK Jr.’s MAHA Movement: Industry Takes Control appeared first on Washington Monthly.",http://washingtonmonthly.com/2025/09/11/kennedy-maha-movement-industry-control/,https://i0.wp.com/washingtonmonthly.com/wp-content/uploads/2025/09/AP25252761816339-scaled.jpg?fit=2560%2C1707&quality=89&ssl=1,2025-09-11T08:00:00Z,Robert F. Kennedy Jr.s Make America Healthy Again (MAHA) commission on childrens health reached its ignominious conclusion Tuesday by issuing a final report that failed to mention the biggest threats… [+4639 chars],health
"{'id': 'cbc-news', 'name': 'CBC News'}",,"Doctors save unborn baby in Gaza City after mother, father killed in Israeli strike","After their three children were killed in an Israeli strike on their home in Gaza City last year, Diana and Omar Al-Rubai were just days away from the expected arrival of their baby when they were killed in an airstrike last week. Doctors saved the unborn bab…",https://www.cbc.ca/news/world/premature-baby-gaza-city-israeli-strike-1.7628676,https://i.cbc.ca/1.7628677.1757388686!/fileImage/httpImage/image.jpeg_gen/derivatives/16x9_1180/hamza-al-rubai.jpeg?im=Resize%3D620,2025-09-11T08:00:00Z,"After their three children were killed in an Israeli strike on their home in Gaza City last year, Diana and Omar Al-Rubai were just days away from the expected arrival of their baby when they were ki… [+5569 chars]",health
"{'id': 'cbc-news', 'name': 'CBC News'}",,How to protect yourself from false health information spreading online,"The Canadian Medical Association as well as provincial and territorial medical groups and other experts decry how false health information is ""increasingly shaping public discourse, public beliefs, and policy actions.""",https://www.cbc.ca/news/health/medical-misinformation-cma-1.7630741,https://i.cbc.ca/1.7630749.1757548164!/fileImage/httpImage/image.JPG_gen/derivatives/16x9_1180/chloe-kizito.JPG?im=Resize%3D620,2025-09-11T08:00:00Z,"Chloe Kizito says she sees some video touting health and science misinformation every time she checks her social feeds. 
Kizito, 16, is a fact checker and youth journalist with MediaSmarts, who prod… [+5823 chars]",health
"{'id': 'cbc-news', 'name': 'CBC News'}",,Federal government adopts new strategy to reduce animal testing,The federal government has launched a new strategy to reduce the number of animals used in regulatory laboratory testing across Canada — a strategy that some experts estimate could result in thousands fewer animals each year being subjected to painful or toxi…,https://www.cbc.ca/news/politics/canada-animal-testing-strategy-1.7630546,https://i.cbc.ca/1.3476110.1755030216!/fileImage/httpImage/image.jpg_gen/derivatives/16x9_1180/animal-testing-peta.jpg?im=Resize%3D620,2025-09-11T08:00:00Z,The federal government has launched a new strategy to reduce the number of animals used in regulatory laboratory testing across Canada a strategy that some experts estimate could result in thousands … [+5261 chars],health
"{'id': 'cbc-news', 'name': 'CBC News'}",,These residents didn't know their water was contaminated until a professor showed up,"When a Newfoundland professor discovered unsafe forever chemicals in people's drinking water, he suspected it was coming from a federal site. Four months after officials were alerted, residents are still waiting for help.",https://www.cbc.ca/news/pfas-torbay-spread-1.7630010,https://i.cbc.ca/1.7630305.1757527822!/fileImage/httpImage/image.JPG_gen/derivatives/16x9_1180/torbay-pfas.JPG?im=Resize%3D620,2025-09-11T08:00:00Z,"In a quiet residential neighbourhood on the outskirts of St. John's, chemistry professor Karl Jobst parked his pickup and crossed the street to a lush wetland. 
""This is essentially industrial waste… [+8669 chars]",health
"{'id': None, 'name': 'The Drum'}",Margo Waldrop,10 times brands pulled off Buffalo Bills-style comebacks,"After the NFL team’s stunning late rally over the weekend, we look back to when brands, including Apple and Lego, turned looming defeats into improbable victories.September 7, 2025. It was Sunday Night Football, the stage where comebacks become legend. Four m…",https://www.thedrum.com/news/2025/09/11/10-times-brands-pulled-buffalo-bills-style-comebacks,https://thedrum-media.imgix.net//thedrum-prod/s3/news/356911/buffalo_bills_win.png?w=1280&ar=default&fit=crop&crop=faces&auto=format,2025-09-11T08:00:00Z,"After the NFL teams stunning late rally over the weekend, we look back to when brands, including Apple and Lego, turned looming defeats into improbable victories.September 7, 2025. It was Sunday Nigh… [+6342 chars]",health
"{'id': None, 'name': 'Opera.com'}",Mateusz Rzempała,Opera GX integrates your browser into your Smart Home,"From automatically engaging a “Panic Button” to syncing room lighting with the browser theme, the new Opera GX feature creates a dynamic and interactive smart home. OSLO, Norway – September 11, 2025 – Your home has a new smart device, the browser itself. For …",https://press.opera.com/2025/09/11/opera-gx-integrates-your-browser-into-your-smart-home/,https://www-static-sites.operacdn.com/wp-content/uploads/sites/5/2025/09/Headline-v4.jpg,2025-09-11T08:00:00Z,"From automatically engaging a “Panic Button” to syncing room lighting with the browser theme, the new Opera GX feature creates a dynamic and interactive smart home.
OSLO, Norway September 11, 2025 Y… [+4718 chars]",health
"{'id': None, 'name': 'Nofilmschool.com'}",Sreenidhi Podder,Villains’ Victory Lap: 8 Movies Where Evil Actually Wins,"Have you ever felt a sudden surge of happiness to see the bad guy win? Call me a psychopath, but I’ve always related more to stories where the villains emerge victorious in the end. Maybe because it feels closer to reality. Sometimes, a hero doesn’t lose beca…",https://nofilmschool.com/movies-where-villains-won,https://nofilmschool.com/media-library/image.jpg?id=61586787&width=1200&height=600&coordinates=0%2C39%2C0%2C39,2025-09-11T07:57:00Z,"But for a rare breed, bombing at the box office isnt the end of the storyits the setup for an entirely different kind of legend.
Dont misunderstand a cult classic
 for a movie that people just like… [+15491 chars]",health
"{'id': None, 'name': 'Www.gov.uk'}",The Parliamentary and Health Service Ombudsman,Independent report: An investigation into the Department for Work and Pensions’ handling of Ms U’s migration to Employment and Support Allowance,"The Ombudsman's report highlights a seriously ill woman’s complaint that uncovered a DWP error which halved her benefits for five years. The same error has affected at least 118,000 people with disabilities and health problems.",https://www.gov.uk/government/publications/an-investigation-into-the-department-for-work-and-pensions-handling-of-ms-us-migration-to-employment-and-support-allowance,https://www.gov.uk/assets/static/govuk-opengraph-image-4196a4d6333cf92aaf720047f56cfd91b3532d7635fc21ebcf0d5897df6b5f77.png,2025-09-11T07:52:20Z,"Ms U complained that the Department for Work and Pensions (DWP) failed to pay her Employment and Support Allowance benefits payments over a five-year period due to an administrative error, and denied… [+820 chars]",health
"{'id': None, 'name': 'Economictimes.com'}",iStock,"""Live long, live strong"" — 6 foods that can lower your cancer risk","Eating the right foods can support your body in lowering cancer risk. Experts say that a diet rich in vegetables, fruits, and whole grains helps protect cells, supports immunity, and promotes overall health. Eat Smart, Protect Yourself",https://m.economictimes.com/news/india/live-long-live-strong-6-foods-that-can-lower-your-cancer-risk/eat-smart-protect-yourself/slideshow/123825631.cms,"https://img.etimg.com/thumb/msid-123825631,width-1070,height-580,overlay-economictimes/slideshow.jpg",2025-09-11T07:49:12Z,"Oats, quinoa, and brown rice provide fiber, vitamins, and minerals. The World Cancer Research Fund says high-fiber diets support healthy digestion, may reduce colorectal cancer risk, and help maintai… [+229 chars]",health
"{'id': 'financial-post', 'name': 'Financial Post'}",The Associated Press,Leading Turkish broadcaster seized by state as part of fraud and tax investigation,"ISTANBUL (AP) — One of Turkey’s largest television news broadcasters has been confiscated by the state as part of a fraud, tax evasion and money laundering investigation, media reported Thursday. Haberturk was one of 121 companies belonging to Can Holding to …",https://financialpost.com/pmn/leading-turkish-broadcaster-seized-by-state-as-part-of-fraud-and-tax-investigation,,2025-09-11T07:48:35Z,"ISTANBUL (AP) One of Turkeys largest television news broadcasters has been confiscated by the state as part of a fraud, tax evasion and money laundering investigation, media reported Thursday.
THIS … [+3584 chars]",health
"{'id': None, 'name': 'Twistedsifter.com'}",Matthew Gilligan,"Guy Bought His Sick Dad’s House, But Acted Like A Total Creep. So They Made Sure The House Was Gonna Stink When They Moved Out.",That house was gonna stink to high heaven!,http://twistedsifter.com/2025/09/the-guy-who-bought-his-sick-dads-house-acted-like-a-total-creep-so-they-made-sure-the-house-was-gonna-stink-when-they-moved-out/,https://twistedsifter.com/wp-content/uploads/2025/08/fdakc.jpg,2025-09-11T07:47:13Z,"Shutterstock/Reddit
If you mess with someone’s parents, you better be prepared to pay the price…
And this guy wasn’t messing around!
Check out what happened to these dirty, no-good scoundrels who … [+4308 chars]",health
"{'id': None, 'name': 'The BMJ'}","Dobbin, S. J. H., Mangion, K., Berry, C., Roditi, G., Basak, S., McClure, J. D., Brooksbank, K., Sonecki, P., Sourbron, S., Evans, J., White, J., Welsh, P., Butler, E., Venugopal, B., Touyz, R. M., Jones, R. J., Petrie, M. C., Lang, N. N.",Vascular endothelial growth factor inhibitor-induced cardiotoxicity: prospective multimodality assessment incorporating cardiovascular magnetic resonance imaging,"Background Vascular endothelial growth factor inhibitors (VEGFIs) are effective anticancer agents, but are associated with cancer therapy-related cardiac dysfunction (CTRCD) and hypertension. The timing, frequency and magnitude of these toxicities are poorly …",https://heart.bmj.com/content/111/19/925,https://heart.bmj.com/sites/default/files/highwire/heartjnl/111/19.cover-source.jpg,2025-09-11T07:45:25Z,"Competing interests CB is employed by the University of Glasgow which holds consultancy and research agreements for his work with Abbott Vascular, AstraZeneca, Boehringer Ingelheim, Coroventis, Heart… [+2109 chars]",health
"{'id': None, 'name': 'The BMJ'}","Yin, J., Li, T., Yu, Z., Yu, L., Bian, L., Xiang, B., Gu, X.",Synergistic effects of female-specific conditions and genetic risk on cardiometabolic disease: a cohort study,Background The role of female-specific factors in the occurrence and progression of cardiometabolic disease (CMD) across different genetic risks remains incompletely clear. This study aimed to comprehensively assess the association of female-specific factors …,https://heart.bmj.com/content/111/19/910,https://heart.bmj.com/sites/default/files/highwire/heartjnl/111/19.cover-source.jpg,2025-09-11T07:45:25Z,Background The role of female-specific factors in the occurrence and progression of cardiometabolic disease (CMD) across different genetic risks remains incompletely clear. This study aimed to compre… [+1798 chars],health
"{'id': 'the-times-of-india', 'name': 'The Times of India'}",ET Online,"Will work on trading in local currency, says PM Modi during talks with Mauritius PM Ramgoolam","India and Mauritius are not just partners but family, PM Modi said. Mauritius is an important pillar of India's Neighbourhood First policy and Vision Mahasagar, he added.",https://economictimes.indiatimes.com/news/india/will-work-on-trading-in-local-currency-says-pm-modi-during-talks-with-mauritius-pm-ramgoolam/articleshow/123825536.cms,"https://img.etimg.com/thumb/msid-123825512,width-1200,height-630,imgsize-174066,overlay-economictimes/articleshow.jpg",2025-09-11T07:45:11Z,"At his keenly watched talks with visiting Mauritius counterpart Navinchandra Ramgoolam in Varanasi on September 11, PM Narendra said the two sides will work on trading in local currency.""We will also… [+2885 chars]",health
"{'id': None, 'name': 'CNET'}",Anna Gragert,"The 5 Healthiest Air Fryer Foods, According to Registered Dietitians",We reached out to experts to find the top healthy recipes you can easily cook in your countertop air fryer.,https://www.cnet.com/health/nutrition/the-5-healthiest-air-fryer-foods-according-to-registered-dietitians/,https://www.cnet.com/a/img/resize/50cef408261f0602160a75d93d50212e250c26b5/hub/2025/08/27/6f6dcb17-9f9a-4d51-a834-0d10a041b299/air-fryer-chicken-wings.jpg?auto=webp&fit=crop&height=675&width=1200,2025-09-11T07:43:03Z,"When it comes to frying food with less oil, air fryers can't be beat. ""Air fryer cooking delivers the crispy texture we know and love from fried foods but with far less oil and fat than traditional d… [+7961 chars]",health
"{'id': None, 'name': 'Globalsecurity.org'}",John Pike,New Report Highlights Sharp Inequalities in Displacement Impacts Worldwide,"The world's most vulnerable communities are bearing the brunt of internal displacement, with their situation worsening over time, according to a new report from the International Organization for Migration's (IOM) Global Data Institute (GDI) and the Internal …",https://www.globalsecurity.org/military/library/news/2025/09/mil-250910-iom01.htm,,2025-09-11T07:42:53Z,"International Organization for Migration
10 September 2025
Geneva, 10 September 2025 -- The world's most vulnerable communities are bearing the brunt of internal displacement, with their situation … [+3725 chars]",health
"{'id': None, 'name': 'Globalsecurity.org'}",John Pike,Rogers Speaks on House Floor in Support of FY26 NDAA,"Today, House Armed Services Committee Chairman Mike Rogers (R-AL) spoke on the House Floor in support of H.R. 3838, the Streamlining Procurement for Effective Execution and Delivery and National Defense Authorization Act for Fiscal Year 2026 (FY26 SPEED and N…",https://www.globalsecurity.org/military/library/news/2025/09/mil-250910-hasc02.htm,,2025-09-11T07:42:53Z,"House Armed Services Committee
Washington, September 10, 2025
 Today, House Armed Services Committee Chairman Mike Rogers (R-AL) spoke on the House Floor in support of H.R. 3838, the Streamlining P… [+4202 chars]",health
"{'id': None, 'name': 'Globalsecurity.org'}",John Pike,Gaza: Ceasefire urgently needed as civilians left with 'no safe place' to go,The UN and humanitarian partners warned on Wednesday that nearly one million civilians in Gaza City who have been told to leave by the Israeli military have nowhere safe to go.,https://www.globalsecurity.org/military/library/news/2025/09/mil-250910-unnews01.htm,,2025-09-11T07:42:20Z,"10 September 2025 - The UN and humanitarian partners warned on Wednesday that nearly one million civilians in Gaza City who have been told to leave by the Israeli military have nowhere safe to go.
""… [+2358 chars]",health
"{'id': None, 'name': 'Globalsecurity.org'}",John Pike,Nepal crisis: Army deployed as death toll rises amid political turmoil,"The death toll from Nepal's youth-led anti-corruption protests has climbed to 30, with political uncertainty continuing on Wednesday - day three of a dramatic crisis that forced the resignation of Prime Minister KP Sharma Oli and left government buildings in …",https://www.globalsecurity.org/military/library/news/2025/09/mil-250910-unnews03.htm,,2025-09-11T07:42:20Z,"10 September 2025 - The death toll from Nepal's youth-led anti-corruption protests has climbed to 30, with political uncertainty continuing on Wednesday - day three of a dramatic crisis that forced t… [+2794 chars]",health
"{'id': None, 'name': 'Globalsecurity.org'}",John Pike,Death Toll From Israeli Strike on Houthi Defense Ministry Building in Sanaa Rising - Source,"The death toll from Israeli airstrikes on a Houthi defense ministry office has risen to eight, with at least 12 injured, a local government source told Sputnik Wednesday.",https://www.globalsecurity.org/military/library/news/2025/09/mil-250910-sputnik01.htm,,2025-09-11T07:42:11Z,"Sputnik News
20250910
CAIRO, September 10 (Sputnik) - The death toll from Israeli airstrikes on a Houthi defense ministry office has risen to eight, with at least 12 injured, a local government sou… [+921 chars]",health
"{'id': None, 'name': 'Globalsecurity.org'}",John Pike,Smith Votes No on FY26 NDAA,"U.S. Representative Adam Smith (D-Wash.), Ranking Member of the House Armed Services Committee, issued the following statement after the House passed the Fiscal Year 2026 National Defense Authorization Act on a vote of 231-196.",https://www.globalsecurity.org/military/library/news/2025/09/mil-250910-hasc-democrats01.htm,,2025-09-11T07:42:11Z,"House Armed Services Committee - Democrats
September 10, 2025
WASHINGTON, D.C. -- U.S. Representative Adam Smith (D-Wash.), Ranking Member of the House Armed Services Committee, issued the followin… [+2356 chars]",health
"{'id': None, 'name': 'Khabarhub.com'}",Khabarhub,Death toll rises to 34 in Gen-Z protests,"KATHMANDU: The Ministry of Health has reported that 34 people have died so far during the Gen-Z protests held on Monday and Tuesday. According to the ministry’s data, 1,338 individuals are receiving treatment at hospitals across the country, while 949 have al…",https://english.khabarhub.com/2025/11/495867/,https://english.khabarhub.com/wp-content/uploads/2025/09/GEN-Z-Protest-in-Kathmandu.jpg,2025-09-11T07:41:23Z,"KATHMANDU: The Ministry of Health has reported that 34 people have died so far during the Gen-Z protests held on Monday and Tuesday. According to the ministrys data, 1,338 individuals are receiving t… [+586 chars]",health
"{'id': 'the-times-of-india', 'name': 'The Times of India'}",Hasti Doshi,I definitely want to settle down and have a family someday: Vahbiz Dorabjee,Vahbiz Dorabjee is currently prioritizing her health and fitness. She is single and desires a compatible life partner. Vahbiz is not in a rush to get married.,https://timesofindia.indiatimes.com/tv/news/hindi/i-definitely-want-to-settle-down-and-have-a-family-someday-vahbiz-dorabjee/articleshow/123825393.cms,"https://static.toiimg.com/thumb/msid-123825393,width-1070,height-580,imgsize-15314,resizemode-75,overlay-toi_sw,pt-32,y_pad-40/photo.jpg",2025-09-11T07:38:19Z,When Shriya Saran stole hearts in sarees,health
"{'id': None, 'name': 'GlobeNewswire'}",Precedence Research,"Silicon Anode Battery Market Size Worth USD 20,799.74 Million by 2034 Driven by EV Demand and Advanced Material Innovations","According to Precedence Research, the global silicon anode battery market size will grow from USD 536.53 million in 2025 to nearly USD 20,799.74 million by 2034, with an expected CAGR of 50.14% from 2025 to 2034. Innovations in silicon materials and rising de…",https://www.globenewswire.com/news-release/2025/09/11/3148351/0/en/Silicon-Anode-Battery-Market-Size-Worth-USD-20-799-74-Million-by-2034-Driven-by-EV-Demand-and-Advanced-Material-Innovations.html,https://ml.globenewswire.com/Resource/Download/01eb1f79-0c67-420b-b423-376619f975cd,2025-09-11T07:35:00Z,"Ottawa, Sept. 11, 2025 (GLOBE NEWSWIRE) -- The global silicon anode battery market size is expected to be worth over USD 20,799.74 million by 2034, increasing from USD 536.53 million in 2025 and is g… [+22476 chars]",health
"{'id': 'abc-news-au', 'name': 'ABC News (AU)'}",ABC News,'Bubble curtain' ready for use as SA's algal bloom persists,"A ""bubble curtain"" is set for activation as part of South Australia's fight against the ongoing algal bloom, as the state government defends its handling of health advice.",https://www.abc.net.au/news/2025-09-11/algal-bloom-bubble-curtain-ready-as-asthma-advice-defended/105761978,https://live-production.wcms.abc-cdn.net.au/02ed9d22020898b8872475900d8c307a?impolicy=wcms_watermark_news&cropH=2813&cropW=5000&xPos=0&yPos=325&width=862&height=485&imformat=generic,2025-09-11T07:33:59Z,"A ""bubble curtain"" installed on part of South Australia's coast in a bid to prevent giant cuttlefish from the algal bloom has been tested but is not yet operational, as authorities confirm the algal … [+5347 chars]",health
"{'id': None, 'name': 'Globalsecurity.org'}",John Pike,"35 dead, over 130 wounded in new Israeli strikes on Yemen's Sana'a, Jawf","At least 35 people have been killed and more than 130 others wounded when Israeli warplanes launched a wave of airstrikes on Yemen's capital, Sana'a, and the northern province of al-Jawf, local authorities said.",https://www.globalsecurity.org/military/library/news/2025/09/mil-250910-presstv06.htm,,2025-09-11T07:33:51Z,"Iran Press TV
Wednesday, 10 September 2025 5:34 PM
At least 35 people have been killed and more than 130 others wounded when Israeli warplanes launched a wave of airstrikes on Yemen's capital, Sana… [+2915 chars]",health
"{'id': None, 'name': 'Science Daily'}",,Blocked blood flow makes cancer grow faster,"Researchers at NYU Langone Health discovered that cutting off blood flow accelerates cancer growth by prematurely aging the bone marrow and weakening the immune system. In mouse models, restricted blood flow doubled the growth rate of breast tumors, mimicking…",https://www.sciencedaily.com/releases/2025/09/250910000311.htm,https://www.sciencedaily.com/images/1920/blood-cells-cancer.webp,2025-09-11T07:31:13Z,"Cutting off blood flow can prematurely age the bone marrow, weakening the immune system's ability to fight cancer, according to a new study from NYU Langone Health.Published online August 19 in JACC-… [+4993 chars]",health
"{'id': None, 'name': 'Space Daily'}",,Chinese astronauts expand science research on orbiting space station,"Tokyo, Japan (SPX) Sep 11, 2025


Shenzhou 20 astronauts - Chen Dong, Chen Zhongrui and Wang Jie - are pushing forward with wide-ranging scientific experiments and technology tests aboard China's space station, advancing knowledge across multiple research dom…",https://www.spacedaily.com/reports/Chinese_astronauts_expand_science_research_on_orbiting_space_station_999.html,https://www.spxdaily.com/images-hg/china-tiangong-space-station-astronauts-doing-exercises-hg.jpg,2025-09-11T07:30:53Z,"Chinese astronauts expand science research on orbiting space stationby Riko SeiboTokyo, Japan (SPX) Sep 11, 2025
Shenzhou 20 astronauts - Chen Dong, Chen Zhongrui and Wang Jie - are pushing forward … [+1569 chars]",health
"{'id': None, 'name': 'ETF Daily News'}",MarketBeat News,"Royal Bank of Canada Lowers Stake in Wynn Resorts, Limited $WYNN","Royal Bank of Canada lowered its stake in shares of Wynn Resorts, Limited (NASDAQ:WYNN – Free Report) by 18.9% in the first quarter, Holdings Channel reports. The institutional investor owned 177,114 shares of the casino operator’s stock after selling 41,280 …",https://www.etfdailynews.com/2025/09/11/royal-bank-of-canada-lowers-stake-in-wynn-resorts-limited-wynn/,https://www.americanbankingnews.com/wp-content/timthumb/timthumb.php?src=https://www.marketbeat.com/logos/wynn-resorts-limited-logo-1200x675.png?v=20221109155912&w=240&h=240&zc=2,2025-09-11T07:30:52Z,"Royal Bank of Canada lowered its stake in shares of Wynn Resorts, Limited (NASDAQ:WYNN – Free Report) by 18.9% in the first quarter, Holdings Channel reports. The institutional investor owned 177,114… [+5881 chars]",health
"{'id': None, 'name': 'Booksandideas.net'}",Nassim El Kabli,Marginal childhood,"Marginal and maladjusted childhood (which includes orphans, vagabonds, and delinquents) has a history. While the concept has been condemned, it has also been studied extensively and resulted in institutions designed to deal with it.",https://booksandideas.net/Marginal-childhood,https://booksandideas.net/IMG/png/nfncnmrg-card.png,2025-09-11T07:30:00Z,"From Plato to (more recently) Gareth B. Matthews, [1] by way of Locke and Rousseau, childhood is a topic that is well-established on the intellectual landscape. “Marginal childhood,” as Michaël Poute… [+16778 chars]",health
"{'id': None, 'name': 'Tbsnews.net'}",Tbs Report,Mastermind in health sector corruption during AL regime Mithu held in Gulshan,"According to sources at the Anti-Corruption Commission (ACC), Motazzerul misappropriated several crores of taka through his contracting company by manipulating the supply of goods and securing development projects in the health sector",https://www.tbsnews.net/bangladesh/mastermind-health-sector-corruption-during-al-regime-mithu-held-gulshan-1233781,https://www.tbsnews.net/sites/default/files/styles/social_share/public/images/2025/09/11/img_2032.jpeg,2025-09-11T07:24:57Z,"Detective Branch (DB) of police has arrested Motazzerul Islam Mithu, the mastermind of corruption in the health sector during the Awami League (AL) regime from the capital's Gulshan area.
Deputy Com… [+342 chars]",health
"{'id': None, 'name': 'Playstation.com'}",Adam Michel,"PlayStation Plus Game Catalog for September: WWE 2K25, Persona 5 Tactica, Green Hell, Fate/Samurai Remnant, and more","This month, step into the ring and dominate the squared circle in WWE 2K25, lead the Phantom Thieves in a new turn-based strategy adventure in Persona 5 Tactica, survive the unforgiving wilderness of the Amazonian jungle in Green Hell, or partake in a Holy Gr…",https://blog.playstation.com/2025/09/11/20250911-psplus/,https://blog.playstation.com/tachyon/2025/09/21b72ade4c656f0550d6edd84f689f06e6120118-scaled.png,2025-09-11T07:22:47Z,"This month, step into the ring and dominate the squared circle in WWE 2K25, lead the Phantom Thieves in a new turn-based strategy adventure in Persona 5 Tactica, survive the unforgiving wilderness of… [+5908 chars]",health
"{'id': None, 'name': 'BusinessLine'}",BL Kochi Bureau,Experts suggest innovative solutions to boost India’s fisheries sector,Experts present their views at national workshop jointly organised by Bay of Bengal Programme Inter-Governmental Organisation (BOBP-IGO) and Environmental Defense Fund (EDF),https://www.thehindubusinessline.com/economy/agri-business/experts-suggest-innovative-solutions-to-boost-indias-fisheries-sector/article70036733.ece,https://bl-i.thgim.com/public/incoming/4a6yvy/article70036821.ece/alternates/LANDSCAPE_1200/KASIMEDU%20FISHING%20HARBOUR%2061%20DAY%20ANNUAL%20FISHING%20BAN%20FISHERMAN%20BOAT_05.jpg,2025-09-11T07:21:54Z,"From multi-purpose apps to digitally supported value chain revamp, marine experts have proposed a range of innovative solutions to boost Indias marine fisheries sector in view of dwindling catches an… [+1865 chars]",health
"{'id': None, 'name': 'Teaonews.co.nz'}",Michael Cugley,Ngāti Kahungunu set to launch an iwi-led health authority,"Ngāti Kahungunu is launching Te Toka Tū Moana, a whānau-centered health authority, inspired by Māori independence and years of research on indigenous health systems.",https://www.teaonews.co.nz/2025/09/11/ngati-kahungunu-set-to-launch-an-iwi-led-health-authority/,https://whakaatamaori-teaomaori-prod.web.arc-cdn.net/resizer/v2/E7D5IB2ASBFXNFDTQUT6FT374U.jpg?smart=true&auth=5ab08dad8481f3a982d604f5158d2924643f05a7a776f7e45f1fa841e880ad11&width=1200&height=630,2025-09-11T07:21:08Z,"Ngti Kahungunu is moving towards an Iwi-led Health Authority, Te Toka T Moana o Ngti Kahungunu (Kahungunu Health Authority), an initiative born out of years of partnership, advocacy and lived experie… [+2522 chars]",health
"{'id': None, 'name': 'ETF Daily News'}",MarketBeat News,Globe Life Inc. $GL Stock Holdings Lowered by Baird Financial Group Inc.,"Baird Financial Group Inc. reduced its holdings in Globe Life Inc. (NYSE:GL – Free Report) by 20.8% during the first quarter, Holdings Channel reports. The firm owned 3,341 shares of the company’s stock after selling 879 shares during the period. Baird Financ…",https://www.etfdailynews.com/2025/09/11/globe-life-inc-gl-stock-holdings-lowered-by-baird-financial-group-inc/,https://www.americanbankingnews.com/wp-content/timthumb/timthumb.php?src=https://www.marketbeat.com/logos/globe-life-inc-logo-1200x675.PNG?v=20201124122932&w=240&h=240&zc=2,2025-09-11T07:19:02Z,"Baird Financial Group Inc. reduced its holdings in Globe Life Inc. (NYSE:GL – Free Report) by 20.8% during the first quarter, Holdings Channel reports. The firm owned 3,341 shares of the company’s st… [+6442 chars]",health
"{'id': None, 'name': 'ETF Daily News'}",MarketBeat News,"UnitedHealth Group (NYSE:UNH) Stock Price Expected to Rise, Truist Financial Analyst Says","UnitedHealth Group (NYSE:UNH – Get Free Report) had its target price upped by investment analysts at Truist Financial from $310.00 to $365.00 in a research report issued on Tuesday,Benzinga reports. The brokerage currently has a “buy” rating on the healthcare…",https://www.etfdailynews.com/2025/09/11/unitedhealth-group-nyseunh-stock-price-expected-to-rise-truist-financial-analyst-says/,https://www.americanbankingnews.com/wp-content/timthumb/timthumb.php?src=https://www.marketbeat.com/logos/unitedhealth-group-incorporated-logo-1200x675.png?v=20221020135718&w=240&h=240&zc=2,2025-09-11T07:18:55Z,"UnitedHealth Group (NYSE:UNH – Get Free Report) had its target price upped by investment analysts at Truist Financial from $310.00 to $365.00 in a research report issued on Tuesday,Benzinga reports. … [+5132 chars]",health
"{'id': None, 'name': 'ETF Daily News'}",MarketBeat News,"Concentra Group Holdings Parent, Inc. $CON Shares Sold by Baird Financial Group Inc.","Baird Financial Group Inc. lowered its stake in Concentra Group Holdings Parent, Inc. (NYSE:CON – Free Report) by 57.8% in the first quarter, according to the company in its most recent disclosure with the SEC. The institutional investor owned 19,150 shares o…",https://www.etfdailynews.com/2025/09/11/concentra-group-holdings-parent-inc-con-shares-sold-by-baird-financial-group-inc/,https://www.americanbankingnews.com/wp-content/timthumb/timthumb.php?src=https://www.marketbeat.com/logos/concentra-group-holdings-parent-inc-logo-1200x675.png?v=20240923140435&w=240&h=240&zc=2,2025-09-11T07:18:54Z,"Baird Financial Group Inc. lowered its stake in Concentra Group Holdings Parent, Inc. (NYSE:CON – Free Report) by 57.8% in the first quarter, according to the company in its most recent disclosure wi… [+4095 chars]",health
"{'id': None, 'name': 'Thehealthcareblog.com'}",matthew holt,Telehealth safe harbor: a call to action for health plans,By AMI PAREKH A little-noticed telehealth safe harbor provision tucked inside the One Big Beautiful Bill was a significant milestone in virtual care. Though it specifically addresses pre-deductible telehealth services in high-deductibleContinue reading...,https://thehealthcareblog.com/blog/2025/09/11/telehealth-safe-harbor-a-call-to-action-for-health-plans/,,2025-09-11T07:17:52Z,"By AMI PAREKH
A little-noticed telehealth safe harbor provision tucked inside the One Big Beautiful Bill was a significant milestone in virtual care. Though it specifically addresses pre-deductible … [+7060 chars]",health
"{'id': None, 'name': 'The-independent.com'}",Amber Raiken,Kathy Bates shares update on health difficulties after 100-pound weight loss,The actor began her weight loss journey after being diagnosed with diabetes in 2017,https://www.the-independent.com/life-style/kathy-bates-weight-loss-diabetes-health-ozempic-b2824431.html,"https://static.the-independent.com/2025/09/10/17/33/GettyImages-2214148118.jpeg?trim=0,0,0,0&width=1200&height=800&crop=1200:800",2025-09-11T07:17:39Z,"Your support helps us to tell the story
From reproductive rights to climate change to Big Tech, The Independent is on the ground when the story is developing. Whether it's investigating the financia… [+3465 chars]",health
"{'id': None, 'name': 'ETF Daily News'}",MarketBeat News,"Trexquant Investment LP Takes Position in Village Super Market, Inc. $VLGEA","Trexquant Investment LP bought a new position in Village Super Market, Inc. (NASDAQ:VLGEA – Free Report) during the 1st quarter, according to its most recent Form 13F filing with the Securities and Exchange Commission. The fund bought 5,316 shares of the comp…",https://www.etfdailynews.com/2025/09/11/trexquant-investment-lp-takes-position-in-village-super-market-inc-vlgea/,https://www.americanbankingnews.com/wp-content/timthumb/timthumb.php?src=https://www.marketbeat.com/logos/village-super-market-inc-logo-1200x675.jpg?v=20221214074304&w=240&h=240&zc=2,2025-09-11T07:16:56Z,"Trexquant Investment LP bought a new position in Village Super Market, Inc. (NASDAQ:VLGEA – Free Report) during the 1st quarter, according to its most recent Form 13F filing with the Securities and E… [+3267 chars]",health
"{'id': None, 'name': 'ETF Daily News'}",MarketBeat News,Analyzing Zurich Insurance Group (OTCMKTS:ZURVY) & TWFG (NASDAQ:TWFG),"Zurich Insurance Group (OTCMKTS:ZURVY – Get Free Report) and TWFG (NASDAQ:TWFG – Get Free Report) are both finance companies, but which is the better stock? We will compare the two businesses based on the strength of their institutional ownership, earnings, r…",https://www.etfdailynews.com/2025/09/11/analyzing-zurich-insurance-group-otcmktszurvy-twfg-nasdaqtwfg/,https://www.americanbankingnews.com/wp-content/timthumb/timthumb.php?src=https://www.marketbeat.com/logos/twfg-inc-logo-1200x675.png?v=20240923133851&w=240&h=240&zc=2,2025-09-11T07:14:56Z,"Zurich Insurance Group (OTCMKTS:ZURVY – Get Free Report) and TWFG (NASDAQ:TWFG – Get Free Report) are both finance companies, but which is the better stock? We will compare the two businesses based o… [+4881 chars]",health
"{'id': None, 'name': 'ETF Daily News'}",MarketBeat News,Contrasting Tharimmune (NASDAQ:THAR) and Roivant Sciences (NASDAQ:ROIV),"Tharimmune (NASDAQ:THAR – Get Free Report) and Roivant Sciences (NASDAQ:ROIV – Get Free Report) are both medical companies, but which is the superior business? We will contrast the two companies based on the strength of their risk, dividends, profitability, v…",https://www.etfdailynews.com/2025/09/11/contrasting-tharimmune-nasdaqthar-and-roivant-sciences-nasdaqroiv/,https://www.americanbankingnews.com/wp-content/timthumb/timthumb.php?src=https://www.marketbeat.com/logos/roivant-sciences-ltd-logo-1200x675.jpg?v=20211026071718&w=240&h=240&zc=2,2025-09-11T07:14:54Z,"Tharimmune (NASDAQ:THAR – Get Free Report) and Roivant Sciences (NASDAQ:ROIV – Get Free Report) are both medical companies, but which is the superior business? We will contrast the two companies base… [+5058 chars]",health
"{'id': None, 'name': 'Israelnationalnews.com'}",Israel National News,OU: 'Charlie Kirk's murder was senseless and vicious',"The Orthodox Union, representing thousands of Orthodox Jewish Congregations across America, released a statement today on the murder of Charlie Kirk.",https://www.israelnationalnews.com/news/414758,https://2.a7.org/files/pictures/000/1189823.jpg,2025-09-11T07:14:03Z,"The Orthodox Union, representing thousands of Orthodox Jewish Congregations across America, released a statement today on the murder of Charlie Kirk.
""The Orthodox Union, representing thousands of O… [+641 chars]",health
"{'id': None, 'name': 'The-independent.com'}",Amber Raiken,"Over 22,000 juice pouches part of elevated recall over potentially harmful bacteria contamination",The recall has been declared a Class II by the FDA,https://www.the-independent.com/life-style/juice-recall-evergreen-orchard-farm-fda-b2824429.html,https://static.the-independent.com/2025/09/10/20/24/iStock-1472582604.jpeg?width=1200&height=800&crop=1200:800,2025-09-11T07:13:14Z,"Your support helps us to tell the story
From reproductive rights to climate change to Big Tech, The Independent is on the ground when the story is developing. Whether it's investigating the financia… [+3857 chars]",health
"{'id': None, 'name': 'ETF Daily News'}",MarketBeat News,"Brokerages Set The Hartford Insurance Group, Inc. (NYSE:HIG) Price Target at $138.00","Shares of The Hartford Insurance Group, Inc. (NYSE:HIG – Get Free Report) have been given a consensus rating of “Moderate Buy” by the fourteen analysts that are presently covering the company, Marketbeat Ratings reports. Seven equities research analysts have …",https://www.etfdailynews.com/2025/09/11/brokerages-set-the-hartford-insurance-group-inc-nysehig-price-target-at-138-00/,https://www.americanbankingnews.com/wp-content/timthumb/timthumb.php?src=https://www.marketbeat.com/logos/the-hartford-financial-services-group-inc-logo-1200x675.jpg&w=240&h=240&zc=2,2025-09-11T07:13:11Z,"Shares of The Hartford Insurance Group, Inc. (NYSE:HIG – Get Free Report) have been given a consensus rating of “Moderate Buy” by the fourteen analysts that are presently covering the company, Market… [+6168 chars]",health
"{'id': None, 'name': 'ETF Daily News'}",MarketBeat News,Analyzing DeFi Development (NASDAQ:DFDV) and Penguin Solutions (NASDAQ:PENG),"Penguin Solutions (NASDAQ:PENG – Get Free Report) and DeFi Development (NASDAQ:DFDV – Get Free Report) are both small-cap computer and technology companies, but which is the superior stock? We will contrast the two businesses based on the strength of their di…",https://www.etfdailynews.com/2025/09/11/analyzing-defi-development-nasdaqdfdv-and-penguin-solutions-nasdaqpeng/,https://www.americanbankingnews.com/wp-content/timthumb/timthumb.php?src=https://www.marketbeat.com/logos/janover-inc-logo-1200x675.png?v=20250608080708&w=240&h=240&zc=2,2025-09-11T07:12:48Z,"Penguin Solutions (NASDAQ:PENG – Get Free Report) and DeFi Development (NASDAQ:DFDV – Get Free Report) are both small-cap computer and technology companies, but which is the superior stock? We will c… [+8189 chars]",health
"{'id': 'the-times-of-india', 'name': 'The Times of India'}",ET Online,Kerala reports sixth death from rare brain-eating infection: What you need to know,"A rare and deadly brain infection, amoebic meningoencephalitis, has claimed another life in Kerala, bringing the death toll to six in the past month. Shaji, a 47-year-old from Malappuram district, passed away at Kozhikode Medical College, where ten other pati…",https://economictimes.indiatimes.com/news/india/kerala-reports-sixth-death-from-rare-brain-eating-infection-what-you-need-to-know/articleshow/123824860.cms,"https://img.etimg.com/thumb/msid-123825502,width-1200,height-630,imgsize-5174,overlay-economictimes/articleshow.jpg",2025-09-11T07:11:10Z,"The toll from amoebic meningoencephalitis, a rare and often fatal brain infection, rose to 6 in Kerala with the death of a 47-year-old man at Kozhikode Medical College on Thursday, health officials s… [+2595 chars]",health
"{'id': None, 'name': 'ETF Daily News'}",MarketBeat News,Ardent Health (NYSE:ARDT) Earns Buy Rating from Analysts at UBS Group,"UBS Group assumed coverage on shares of Ardent Health (NYSE:ARDT – Free Report) in a research report report published on Wednesday, Marketbeat.com reports. The brokerage issued a buy rating and a $17.00 price target on the stock. A number of other equities an…",https://www.etfdailynews.com/2025/09/11/ardent-health-nyseardt-earns-buy-rating-from-analysts-at-ubs-group/,https://www.americanbankingnews.com/wp-content/timthumb/timthumb.php?src=https://www.marketbeat.com/logos/ardent-health-partners-llc-logo.png?v=20240923134604&w=240&h=240&zc=2,2025-09-11T07:10:59Z,"UBS Group assumed coverage on shares of Ardent Health (NYSE:ARDT – Free Report) in a research report report published on Wednesday, Marketbeat.com reports. The brokerage issued a buy rating and a $17… [+4016 chars]",health
"{'id': None, 'name': 'ETF Daily News'}",MarketBeat News,Bank of America Issues Pessimistic Forecast for Chemed (NYSE:CHE) Stock Price,"Chemed (NYSE:CHE – Free Report) had its target price trimmed by Bank of America from $610.00 to $595.00 in a research report released on Wednesday morning,Benzinga reports. The brokerage currently has a buy rating on the stock. Other analysts also recently is…",https://www.etfdailynews.com/2025/09/11/bank-of-america-issues-pessimistic-forecast-for-chemed-nyseche-stock-price/,https://www.americanbankingnews.com/wp-content/timthumb/timthumb.php?src=https://www.marketbeat.com/logos/chemed-co-logo.jpg?v=20240122150609&w=240&h=240&zc=2,2025-09-11T07:10:55Z,"Chemed (NYSE:CHE – Free Report) had its target price trimmed by Bank of America from $610.00 to $595.00 in a research report released on Wednesday morning,Benzinga reports. The brokerage currently ha… [+5083 chars]",health
"{'id': 'abc-news', 'name': 'ABC News'}","SAMY MAGDY Associated Press, JOSEPH KRAUSS Associated Press",Strike on Qatar shows limits of Israel's elusive quest to vanquish Hamas,Israel’s attack on Hamas’ top leaders as they weighed a new ceasefire proposal in Qatar was the latest in a series of unprecedented measures it has taken to vanquish the militant group — all of which have so far failed,https://abcnews.go.com/International/wireStory/strike-qatar-shows-limits-israels-elusive-quest-vanquish-125468929,https://i.abcnewsfe.com/a/8edf79f7-6438-4b7a-8436-cba71d0cff27/wirestory_41baad28c5fbbfa76755238149d7bc78_16x9.jpg?w=1600,2025-09-11T07:10:31Z,Israel's attack on Hamas' top leaders as they weighed a new ceasefire proposal in Qatar was the latest in a series of shocking and unprecedented measures it has taken to vanquish the militant group a… [+6461 chars],health
"{'id': 'abc-news', 'name': 'ABC News'}",CHARLOTTE GRAHAM-MCLAY Associated Press,Internet entrepreneur Kim Dotcom's latest legal bid to halt deportation from New Zealand is rejected,A New Zealand court has rejected the latest bid by internet entrepreneur Kim Dotcom to halt his deportation to the United States on charges related to his file-sharing website Megaupload,https://abcnews.go.com/Technology/wireStory/internet-entrepreneur-kim-dotcoms-latest-legal-bid-halt-125469021,https://i.abcnewsfe.com/a/a37d5319-e22f-4e09-a71a-96a71530ffc4/wirestory_68ab0a7cc06f7c75ce4b72307048834d_16x9.jpg?w=1600,2025-09-11T07:10:27Z,"WELLINGTON, New Zealand -- A New Zealand court has rejected the latest bid by internet entrepreneur Kim Dotcom to halt his deportation to the United States on charges related to his file-sharing webs… [+4333 chars]",health
"{'id': None, 'name': 'TheJournal.ie'}",David MacRedmond,The 8 at 8: Thursday,"Charlie Kirk assassin at large, drinks industry cuts and a new Westlife stamp.",https://www.thejournal.ie/8-at-8-264-6813519-Sep2025/,https://img2.thejournal.ie/article/6813519/river/?height=400&version=6813524,2025-09-11T07:08:02Z,"GOOD MORNING. Heres all the news to know as you start your day.
Charlie Kirk
1. The manhunt continues for the person who shot and killed American conservative activist and Trump ally Charlie Kirk.… [+1313 chars]",health
"{'id': None, 'name': 'ETF Daily News'}",MarketBeat News,MetLife Investment Management LLC Cuts Holdings in FMC Corporation $FMC,"MetLife Investment Management LLC trimmed its holdings in shares of FMC Corporation (NYSE:FMC – Free Report) by 93.2% in the first quarter, HoldingsChannel.com reports. The institutional investor owned 2,238 shares of the basic materials company’s stock after…",https://www.etfdailynews.com/2025/09/11/metlife-investment-management-llc-cuts-holdings-in-fmc-corporation-fmc/,https://www.americanbankingnews.com/wp-content/timthumb/timthumb.php?src=https://www.marketbeat.com/logos/fmc-corp-logo-1200x675.jpg&w=240&h=240&zc=2,2025-09-11T07:06:52Z,"MetLife Investment Management LLC trimmed its holdings in shares of FMC Corporation (NYSE:FMC – Free Report) by 93.2% in the first quarter, HoldingsChannel.com reports. The institutional investor own… [+5502 chars]",health
"{'id': 'abc-news-au', 'name': 'ABC News (AU)'}",Loretta Lohberger,"Body parts taken without consent for museum display, coroner finds",A Tasmanian coroner has released his findings from an investigation into 177 human specimens held in the collection of a university museum without the consent or knowledge of families.,https://www.abc.net.au/news/2025-09-11/body-parts-taken-without-consent-for-utas-museum/105760914,https://live-production.wcms.abc-cdn.net.au/891daaa6dad5069244d683c8da7f4898?impolicy=wcms_watermark_news&cropH=1302&cropW=2315&xPos=0&yPos=424&width=862&height=485&imformat=generic,2025-09-11T07:05:19Z,"Pathologists working in Tasmania between 1966 and 1991 may have ""actively sourced"" body parts from coronial autopsies to give to a museum without the knowledge or consent of families or of the corone… [+6337 chars]",health
"{'id': None, 'name': 'ETF Daily News'}",MarketBeat News,Konami (OTCMKTS:KNMCY) Share Price Crosses Above Two Hundred Day Moving Average – Here’s What Happened,"Konami Holdings Co. (OTCMKTS:KNMCY – Get Free Report)’s share price crossed above its 200-day moving average during trading on Wednesday . The stock has a 200-day moving average of $63.62 and traded as high as $63.86. Konami shares last traded at $63.62, with…",https://www.etfdailynews.com/2025/09/11/konami-otcmktsknmcy-share-price-crosses-above-two-hundred-day-moving-average-heres-what-happened/,https://www.americanbankingnews.com/wp-content/timthumb/timthumb.php?src=https://www.marketbeat.com/logos/konami-holdings-co-logo-1200x675.png?v=20240604134406&w=240&h=240&zc=2,2025-09-11T07:01:00Z,Konami Holdings Co. (OTCMKTS:KNMCY – Get Free Report)’s share price crossed above its 200-day moving average during trading on Wednesday . The stock has a 200-day moving average of $63.62 and traded … [+1052 chars],health
"{'id': None, 'name': 'ETF Daily News'}",MarketBeat News,Sonoma Pharmaceuticals (NASDAQ:SNOA) Stock Passes Above 200-Day Moving Average – What’s Next?,"Sonoma Pharmaceuticals, Inc. (NASDAQ:SNOA – Get Free Report)’s stock price crossed above its 200-day moving average during trading on Wednesday . The stock has a 200-day moving average of $3.27 and traded as high as $4.68. Sonoma Pharmaceuticals shares last t…",https://www.etfdailynews.com/2025/09/11/sonoma-pharmaceuticals-nasdaqsnoa-stock-passes-above-200-day-moving-average-whats-next/,https://www.americanbankingnews.com/wp-content/timthumb/timthumb.php?src=https://www.marketbeat.com/logos/sonoma-pharmaceuticals-inc-logo-1200x675.png?v=20230125102530&w=240&h=240&zc=2,2025-09-11T07:00:56Z,"Sonoma Pharmaceuticals, Inc. (NASDAQ:SNOA – Get Free Report)’s stock price crossed above its 200-day moving average during trading on Wednesday . The stock has a 200-day moving average of $3.27 and t… [+2682 chars]",health
"{'id': None, 'name': 'Economictimes.com'}",Agencies,"Forget 10,000 steps: Harvard-AIIMS Doctor reveals a smarter walking trick","For years, walking 10,000 steps a day has been promoted as the ultimate fitness goal. This benchmark is often associated with better heart health and reduced dementia risk. It’s also believed to improve mood and boost daily energy levels. But in a recent soci…",https://m.economictimes.com/news/india/forget-10000-steps-harvard-aiims-doctor-reveals-a-smarter-walking-trick/japanese-interval-walking-backed-by-dr-saurabh-sethi/slideshow/123824669.cms,"https://img.etimg.com/thumb/msid-123824669,width-1070,height-580,overlay-economictimes/slideshow.jpg",2025-09-11T07:00:30Z,"Sep 11, 2025, 12:31:12 PM IST
For years, walking 10,000 steps a day
 has been promoted as the ultimate fitness goal. This benchmark
 is often associated with better heart health
 and reduced deme… [+2700 chars]",health
"{'id': None, 'name': 'Geeky Gadgets'}",Roland Hutchinson,iOS 26 RC is Unbelievable! Here’s Why,"The Release Candidate (RC) version of iOS 26 represents the final stage before its official public release. This update is packed with a range of new features, performance refinements, and usability enhancements, all aimed at delivering a more polished and se…",https://www.geeky-gadgets.com/ios-26-rc-amazing/,https://www.geeky-gadgets.com/wp-content/uploads/2025/09/ios-26-rc-home-screen-customization_optimized.jpg,2025-09-11T07:00:13Z,"The Release Candidate (RC) version of iOS 26 represents the final stage before its official public release. This update is packed with a range of new features, performance refinements, and usability … [+4275 chars]",health
"{'id': 'the-times-of-india', 'name': 'The Times of India'}",ANI,"No matter how much opposition speaks or abuses, people of Bihar won't be misled: Piyush Goyal","Union Minister Piyush Goyal criticized the opposition in Patna, asserting their failure to mislead the people of Bihar. He defended GST reforms, highlighting reduced prices on daily items to boost demand and employment. Goyal conveyed the NDA government's com…",https://economictimes.indiatimes.com/news/elections/assembly-elections/bihar/no-matter-how-much-opposition-speaks-or-abuses-people-of-bihar-wont-be-misled-piyush-goyal/articleshow/123824647.cms,"https://img.etimg.com/thumb/msid-123824671,width-1200,height-630,imgsize-43962,overlay-economictimes/articleshow.jpg",2025-09-11T07:00:03Z,"Union Minister of Commerce and Industry Piyush Goyal, on Thursday, targeted the opposition, saying that they have completely failed, and no matter how much Congress leader Rahul Gandhi or RJD leader … [+3686 chars]",health
"{'id': 'newsweek', 'name': 'Newsweek'}",Micah McCartney,Brazil's Economy Threatened by Dire Population Trends,A spiraling birth rate and rising number of elderly pose long-term challenges for the world's 10th-largest economy.,https://www.newsweek.com/brazil-economy-threatened-population-trends-2127527,https://d.newsweek.com/en/full/2719526/children-play-soccer-rio-de-janeiro.jpg,2025-09-11T07:00:02Z,"Brazil is facing a demographic turning point that economists warn could undermine its long-term economic stability.
The twin forces of a falling birth rate and an aging population are converging at … [+3025 chars]",health
"{'id': None, 'name': 'Www.gov.uk'}",Veterinary Medicines Directorate,Policy paper: Statement of Intent: UK Veterinary Vaccine Availability,This Statement of Intent sets out a strategic framework for future cross-sector action to address issues concerning veterinary vaccine availability.,https://www.gov.uk/government/publications/statement-of-intent-uk-veterinary-vaccine-availability,https://www.gov.uk/assets/static/govuk-opengraph-image-4196a4d6333cf92aaf720047f56cfd91b3532d7635fc21ebcf0d5897df6b5f77.png,2025-09-11T07:00:01Z,"Veterinary vaccines are essential medicines which play a key role in protecting animal health and welfare and supporting antimicrobial stewardship.  As such, they also contribute to One Health outcom… [+731 chars]",health
"{'id': None, 'name': 'The Indian Express'}",Reuters,"Days before death, Charlie Kirk debuted his conservative message in Asia","Days before his death, Charlie Kirk toured Asia, speaking in South Korea and Japan on conservative politics.",https://indianexpress.com/article/world/days-before-death-charlie-kirk-debuted-his-conservative-message-in-asia-10243435/,https://images.indianexpress.com/2025/09/Charlie_Kirk_Shot_19217-b4ee0_20250911072503-e1757575851638.jpg,2025-09-11T08:22:40Z,"In the week before his fatal shooting, right-wing U.S. political activist Charlie Kirk cheered the boom of conservative young men in South Korea and warned about a “globalist menace” in Tokyo on his … [+2821 chars]",politics
"{'id': None, 'name': 'Thecuriousbrain.com'}",thebrainbehind,"When Leaders Collapse, Crowds Take Over","In the past week, the headlines have been relentless. Nineteen Russian drones breach Polish airspace. Israel bombs Gaza and Yemen in one sweep. NATO talks about invoking Article 4 for the first time in years. Two cargo ships sink in the Red Sea. Taiwan holds …",https://thecuriousbrain.com/?p=148200,https://i0.wp.com/thecuriousbrain.com/wp-content/uploads/when-leaders-collapse-crowds-tak.jpg?fit=1200%2C675&ssl=1,2025-09-11T08:20:59Z,"In the past week, the headlines have been relentless. Nineteen Russian drones breach Polish airspace.Israel bombs Gaza and Yemen in one sweep. NATO talks about invoking Article 4 for the first time i… [+3285 chars]",politics
"{'id': None, 'name': 'Biztoc.com'}",theguardian.com,"Let France be a warning, Rachel Reeves: stand up to the bond market vigilantes, or they’ll come for Britain next | Larry Elliott","Labour can stick with ‘you can’t buck the markets’ – or challenge the economic orthodoxy that has served narrow class interests for 50 years
There are plenty of tough jobs in politics but none tougher than the one just handed to Sébastien Lecornu, the third F…",https://biztoc.com/x/04f3ad65db6c4c13,https://biztoc.com/cdn/04f3ad65db6c4c13_s.webp,2025-09-11T08:20:49Z,Labour can stick with you cant buck the markets or challenge the economic orthodoxy that has served narrow class interests for 50 yearsThere are plenty of tough jobs in politics but none tougher than… [+141 chars],politics
"{'id': None, 'name': 'Foreign Policy'}",Sina Toossi,Iran’s Foreign Policy Is Changing in Real Time,Tehran’s foreign policy debate is heating up—and moving in unexpected directions.,http://foreignpolicy.com/2025/09/11/irans-foreign-policy-is-changing-in-real-time/,https://foreignpolicy.com/wp-content/uploads/2025/09/GettyImages-2160269968.jpg?w=1000,2025-09-11T08:16:35Z,"When Ayatollah Ali Khamenei, Irans supreme leader, spoke at an event in late August, he dismissed calls for direct talks with Washington as superficial and declared the conflict with the United State… [+9465 chars]",politics
"{'id': None, 'name': 'The Conversation Africa'}","Jared Mondschein, Director of Research, US Studies Centre, University of Sydney",Charlie Kirk’s assassination is the latest act of political violence in a febrile United States,"The 31-year-old, who was shot and killed while speaking at a university in Utah, was a highly influential figure in conservative politics.",https://theconversation.com/charlie-kirks-assassination-is-the-latest-act-of-political-violence-in-a-febrile-united-states-265063,https://images.theconversation.com/files/690327/original/file-20250911-56-qme8j8.jpg?ixlib=rb-4.1.0&rect=0%2C208%2C2999%2C1499&q=45&auto=format&w=1356&h=668&fit=crop,2025-09-11T08:13:32Z,"In yet another shocking act of political violence in the United States, Charlie Kirk, who came to prominence as a conservative influencer and supporter of Donald Trump, was assassinated while debatin… [+5239 chars]",politics
"{'id': 'cnn', 'name': 'CNN'}","Lex Harvey, Karina Tsui, Dakin Andone, Lauren Mascarenhas, Holly Yan, Maureen Chowdhury, Elise Hammond",Live updates: Charlie Kirk shot dead on Utah campus; shooter still at large | CNN,"Charlie Kirk, the conservative political activist and co-founder of Turning Point USA, was killed after being shot at an event at Utah Valley University. Follow for live updates.",https://www.cnn.com/us/live-news/charlie-kirk-shot-utah-death-09-11-25,"https://media.cnn.com/api/v1/images/stellar/prod/ap25253691176272.jpg?c=16x9&q=w_800,c_fill",2025-09-11T08:10:28Z,"Charlie Kirk, who was assassinated yesterday during a speaking engagement at a Utah college, embodied the Republican Partys newfound populist conservatism in the social media age and sought to galvan… [+1559 chars]",politics
"{'id': 'newsweek', 'name': 'Newsweek'}",Jack Royston,"As Prince Harry and King Charles Meet, Talk Turns to William","Prince Harry met his father, the king, for tea in London four months after saying they were not on speaking terms.",https://www.newsweek.com/prince-harry-king-charles-meet-uk-prince-william-2128025,https://d.newsweek.com/en/full/2720214/prince-william-prince-harry-windsor.jpg,2025-09-11T08:04:37Z,"Prince Harry's met King Charles III for a private tea in London Wednesday—sparking questions about whether his relationship with Prince William might ever see similar progress.
The Duke of Sussex sa… [+6849 chars]",politics
"{'id': 'rt', 'name': 'RT'}",RT,MGIMO International School Olympiad: Don’t miss your chance to study for free at a school where global visionaries are made,MGIMO has launched the fourth International Olympiad with free study opportunities Read Full Article at RT.com,https://www.rt.com/africa/624486-mgimo-international-olympiad-free-study/,https://mf.b37mrtl.ru/files/2025.09/article/68c27f0685f54074846968c7.jpeg,2025-09-11T08:01:04Z,"On August 25, 2025 MGIMO University of the Ministry of Foreign Affairs of Russia opened registration for its International School Olympiad. Held for the fourth time, the competition offers high schoo… [+4114 chars]",politics
"{'id': None, 'name': 'Boston Herald'}",Associated Press,"Today in History: September 11, thousands killed in terrorist attack on US","Nearly 3,000 people were killed as 19 al-Qaida hijackers seized control of four jetliners, sending two of the planes into New York’s World Trade Center, one into the Pentagon in Arlington, Virginia, and the fourth into a field in western Pennsylvania.",https://www.bostonherald.com/2025/09/11/today-in-history-september-11-thousands-killed-in-terrorist-attack-on-us/,https://www.bostonherald.com/wp-content/uploads/2025/09/AP22273621593366.jpg?w=1024&h=741,2025-09-11T08:00:36Z,"Today is Thursday, Sept. 11, the 254th day of 2025. There are 111 days left in the year.
Today in history:
On Sept. 11, 2001, nearly 3,000 people were killed as 19 al-Qaida hijackers seized control… [+2413 chars]",politics
"{'id': None, 'name': 'The Denver Post'}",The Associated Press,"Today in History: September 11, thousands killed in terrorist attack on US","Nearly 3,000 people were killed as 19 al-Qaida hijackers seized control of four jetliners, sending two of the planes into New York’s World Trade Center, one into the Pentagon in Arlington, Virginia, and the fourth into a field in western Pennsylvania.",https://www.denverpost.com/2025/09/11/today-in-history-september-11-thousands-killed-in-terrorist-attack-on-us/,https://www.denverpost.com/wp-content/uploads/2025/09/AP22273621593366.jpg?w=1024&h=741,2025-09-11T08:00:36Z,"Today is Thursday, Sept. 11, the 254th day of 2025. There are 111 days left in the year.
Today in history:
On Sept. 11, 2001, nearly 3,000 people were killed as 19 al-Qaida hijackers seized control… [+2413 chars]",politics
"{'id': None, 'name': 'Louder'}",Metal Hammer,Debate: who are the greatest thrash metal band of all time?,"Whether it’s Metallica, Slayer or any other gaggle of speed freaks, we want to know your pick for the best of the thrash metal bunch",https://www.loudersound.com/news/whos-the-greatest-thrash-band-ever-2025,https://cdn.mos.cms.futurecdn.net/6Bq9iA6Yne7Z5SosxE6MQG.png,2025-09-11T08:00:00Z,"Of all the heavy metal subgenres out there, no one has seen more bands crawl from DIY underbellies to mainstream success than thrash. It may be synonymous with 80s Cold War politics, battle jackets a… [+1816 chars]",politics
"{'id': 'cbc-news', 'name': 'CBC News'}",,His abuela fled Chile after the coup. Now he's telling her story,Sebastian Decter shares his grandmother's story of strength in the face of a brutal dictatorship following the Chilean coup in 1973 for CBC Ottawa's Creator Network.,https://www.cbc.ca/news/canada/ottawa/chile-coup-abuela-ottawa-creator-network-1.7624425,https://i.cbc.ca/1.7628986.1757432470!/fileImage/httpImage/image.jpg_gen/derivatives/16x9_1180/lead-image-for-chile-abuela.jpg?im=Resize%3D620,2025-09-11T08:00:00Z,"CBC Ottawa's Creator Network is a place where young digital storytellers from diverse backgrounds can produce original video content to air on CBC and tell stories through their own lens.
Get in tou… [+7279 chars]",politics
"{'id': 'business-insider', 'name': 'Business Insider'}","Aditi Bharade,Kwan Wei Kevin Tan","Business leaders including Bill Ackman, David Sacks, and Jared Kushner, react to Charlie Kirk's death","Business leaders including Jared Kushner, David Sacks, and Bill Ackman took to X, where they expressed dismay at Kirk's death.",https://www.businessinsider.com/business-leaders-react-charlie-kirk-death-2025-9,https://i.insider.com/68c26bfef9db348adc0b41c7?width=612&format=jpeg,2025-09-11T07:53:40Z,"Business leaders reacted to Charlie Kirk being fatally shot in Utah.BENJAMIN HANSON/Middle East Images/AFP via Getty Images
<ul><li>Reactions from business leaders are pouring in after conservative … [+3664 chars]",politics
"{'id': None, 'name': 'Gossiplankanews.com'}",noreply@blogger.com (Unknown),Rajapaksa House Hunt: Finding His Own Roof,"Colombo society is abuzz with chatter: where will Mahinda Rajapaksa live now?After a new law stripped former presidents of their state-funded perks, including official housing, the once all-powerful patriarch of Sri Lankan politics is now in the unusual posit…",https://english.gossiplankanews.com/2025/09/rajapaksa-house-hunt-finding-his-own.html,https://blogger.googleusercontent.com/img/a/AVvXsEhEDkrgbrZf9uqp2bGJhfhfD_MxGgcVLnyk7uyTd2cMNeOXnCfSUwj9ghIMni-4dfKzvoyn3_gBAwH4Dup4_q1LeYcWWTDFWKAvhrcWIE6zwi1qZylwr1esb_GgWm04F4JUH3Y5QJuJa0lMSJo0xaqHyY0UvB_eult29qEQuGnh-esYmYxeatTP87Q9xlXB=w1600,2025-09-11T07:50:00Z,"Colombo society is abuzz with chatter: where will Mahinda Rajapaksa live now?
After a new law stripped former presidents of their state-funded perks, including official housing, the once all-powerfu… [+1413 chars]",politics
"{'id': None, 'name': 'Anfieldindex.com'}",,Report: How Hungarian heritage helped shape Liverpool’s new identity,Szoboszlai and Liverpool’s Hungarian RevolutionThere was a telling moment in Budapest recently when Hungary faced Portugal in a crucial World Cup qualifier. The atmosphere was divided into two vibra...,https://anfieldindex.com/86091/report-how-hungarian-heritage-helped-shape-liverpools-new-identity.html,https://photobooth-api.onefootball.com/api/screenshot/%2Fv2%2Fphotobooth%2Fcms%2Fen%2F41645531%3Fdate=2025-09-11,2025-09-11T07:50:00Z,"Szoboszlai and Liverpools Hungarian Revolution
There was a telling moment in Budapest recently when Hungary faced Portugal in a crucial World Cup qualifier. The atmosphere was divided into two vibra… [+5143 chars]",politics
"{'id': None, 'name': 'POLITICO.eu'}","Sam Coates, Anne McElvoy",Mandelson: What did Starmer know?,The future of Lord Peter Mandelson – the UK’s ambassador to the US – hangs in the balance as more allegations emerge surrounding his communications with convicted sex offender Jeffrey Epstein. With pressure mounting and an imminent state visit from US Preside…,https://www.politico.eu/podcast/politics-at-sam-and-annes/mandelson-what-did-starmer-know/,"https://www.politico.eu/cdn-cgi/image/width=1200,height=630,fit=crop,quality=80,onerror=redirect/wp-content/uploads/2025/03/27/PASAA_PODCAST-HERO-16BY9.png",2025-09-11T07:46:55Z,"The future of Lord Peter Mandelson the UK’s ambassador to the US – hangs in the balance as more allegations emerge surrounding his communications with convicted sex offender Jeffrey Epstein.
With pr… [+172 chars]",politics
"{'id': None, 'name': 'Digital Journal'}",AFP,Manhunt underway for shooter who killed Trump ally Charlie Kirk,"A manhunt was underway Thursday after conservative activist Charlie Kirk was shot to death at a university in Utah, a killing that sparked fears of worsening political violence in the United States. President Donald Trump lashed out at the “radical left” afte…",https://www.digitaljournal.com/world/manhunt-underway-for-shooter-who-killed-trump-ally-charlie-kirk/article,https://www.digitaljournal.com/wp-content/uploads/2025/09/5e78ee39e9046eb286394a5cab12045334b03dfd.jpg,2025-09-11T07:42:20Z,"Influential US right-wing youth organizer Charlie Kirk was shot dead at a Utah university - Copyright AFP/File ANGELA WEISS
A manhunt was underway Thursday after conservative activist Charlie Kirk w… [+4795 chars]",politics
"{'id': None, 'name': 'TheJournal.ie'}",Diarmuid Pepper,Roderic O’Gorman says his home is ‘like a fortress’ after assault last year,"Last November, O’Gorman was assaulted when he was out canvassing in Blanchardstown.",https://www.thejournal.ie/green-party-leader-roderic-ogorman-says-his-home-is-like-a-fortress-after-assault-6813551-Sep2025/,https://img2.thejournal.ie/article/6813551/river/?height=400&version=6813552,2025-09-11T07:39:35Z,"GREEN PARTY LEADER Roderic OGorman has said his home is like a fortress after he was assaulted while campaigning.
On 2 November last, the then Minister for Children was canvassing in Blanchardstown … [+2329 chars]",politics
"{'id': None, 'name': 'The Conversation Africa'}","Benjamin T. Jones, Senior Lecturer in History, CQUniversity Australia",The ANU was set up to be a ‘national asset’. Here are 3 ways it can return to its original mission,"After months of pressure, Australian National University vice-chancellor Genevieve Bell has resigned. This creates a unique opportunity for the federal government.",https://theconversation.com/the-anu-was-set-up-to-be-a-national-asset-here-are-3-ways-it-can-return-to-its-original-mission-265067,https://images.theconversation.com/files/690317/original/file-20250911-56-lwxs5w.jpg?ixlib=rb-4.1.0&rect=0%2C0%2C6048%2C3024&q=45&auto=format&w=1356&h=668&fit=crop,2025-09-11T07:30:57Z,"The Australian National University is one of the most prestigious universities in Australia and is regularly ranked among the world’s best. 

Despite this pedigree, it has recently been embroiled in … [+6171 chars]",politics
"{'id': None, 'name': 'Christiantoday.com'}",Duncan Williams,Manhunt to find Charlie Kirk assassin continues as political leaders unite in condemnation,The conservative Christian leader was shot dead on a university campus in Utah on Wednesday.,https://www.christiantoday.com/news/manhunt-to-find-charlie-kirk-assassin-continues,https://www.christiantoday.com/media/original/thumbnail/14/36/143680.png,2025-09-11T07:25:00Z,"Charlie Kirk at the 2025 Young Women's Leadership Summit in Grapevine, Texas. (Photo: Gage Skidmore)
Charlie Kirk, the outspoken Christian conservative activist, pro-gun lobby advocate, and founder … [+3982 chars]",politics
"{'id': None, 'name': 'The Quietus'}",Robert Barry,Maruja – Pain to Power,"Maruja
Pain to Power
Early EPs and live shows by the Mancunian indie rock band were full of visceral noise and elemental force, but for George Francis Lee, their debut album just doesn't live up to their initial promise
The first time I saw Maruja I lost a to…",https://thequietus.com/quietus-reviews/maruja-pain-to-power/,https://thequietus.com/app/uploads/2025/09/209324-maruja-pain-to-power.jpg,2025-09-11T07:23:54Z,"The first time I saw Maruja I lost a tooth, which is exactly the kind of bodily harm I yearn for from upcoming bands shows. From the moment I heard the spasming sax against harsh walls of noise rock,… [+4188 chars]",politics
"{'id': None, 'name': 'War on the Rocks'}","Yasir Kuoti, Ali Taher al-Hamoud","Iraq’s 2025 Election: A Recalibration of Power, Not a Rupture of the Status Quo","The air in Iraq is thick these days with political anticipation. On Nov. 11, 2025, Iraqis will head to the polls — for the seventh time since the U.S.-led invasion in 2003 — to elect a new 329-seat parliament from among a crowded field of 37 alliances, 38 par…",https://warontherocks.com/2025/09/iraqs-2025-election-a-recalibration-of-power-not-a-rupture-of-the-status-quo/,https://warontherocks.com/wp-content/uploads/2025/09/Council_of_Representatives_of_Iraq-e1757530593293.jpg?v=1757530593,2025-09-11T07:15:05Z,"The air in Iraq is thick these days with political anticipation. On Nov. 11, 2025, Iraqis will head to the polls — for the seventh time since the U.S.-led invasion in 2003 — to elect a new 329-seat p… [+16985 chars]",politics
"{'id': None, 'name': 'The-independent.com'}",Lydia Spencer-Elliott,The girlfriend vs the mother-in-law – can you ever really win the oldest fight in the book?,"New psychological thriller ‘The Girlfriend’ amps up the fraught relationship many mothers have with their sons’ partners. Lydia Spencer-Elliott speaks to the women who have experienced these tensions, as well as specialists, to find out who comes out on top",https://www.the-independent.com/life-style/girlfriend-mother-in-law-robin-wright-olivia-cooke-prime-b2823020.html,https://static.the-independent.com/2025/05/29/21/36/MixCollage-29-May-2025-05-18-PM-2707.jpeg?width=1200&height=800&crop=1200:800,2025-09-11T07:14:45Z,"Your support helps us to tell the story
From reproductive rights to climate change to Big Tech, The Independent is on the ground when the story is developing. Whether it's investigating the financia… [+9205 chars]",politics
"{'id': 'newsweek', 'name': 'Newsweek'}",Robert Birsel,Republicans Call on Musk to Remove Video Of Kirk killing,"Kirk was killed in front of a crowd of some 3,000 students in Utah, with many recording the event on their phones",https://www.newsweek.com/charlie-kirk-killing-republicans-social-media-video-removal-2128016,https://d.newsweek.com/en/full/2720184/republican-call-kirk-video.jpg,2025-09-11T07:13:44Z,Two Republican politicians have called on social media companies including X and Facebook to remove any graphic videos of the fatal shooting of conservative activist Charlie Kirk at Utah Valley Unive… [+3508 chars],politics
"{'id': None, 'name': 'The Star Online'}","Panu Wongcha-um, Chayut Setboonsarng",'Not a friendly place': Inside the Bangkok prison where ex-PM Thaksin is jailed,"BANGKOK (Reuters) - Three blankets to sleep with, an open bathing area, bland food and the constant risk of violence. Read full story",https://www.thestar.com.my/news/world/2025/09/11/039not-a-friendly-place039-inside-the-bangkok-prison-where-ex-pm-thaksin-is-jailed,https://apicms.thestar.com.my/uploads/images/2025/09/11/3515883.jpg,2025-09-11T07:11:00Z,"BANGKOK (Reuters) - Three blankets to sleep with, an open bathing area, bland food and the constant risk of violence.
These are the conditions inside the maximum security prison in Thailand's capita… [+4776 chars]",politics
"{'id': None, 'name': 'C21media.net'}",C21 Reporters,ESPN commissions US college football doc,"NEWS BRIEF: Disney-owned ESPN has commissioned a feature documentary about the resurgence of US college football team the SMU Mustangs, produced by Pantheon Media-owned Texas Crew Productions in partnership with Peyton Manning’s Omaha Productions.",https://www.c21media.net/news/espn-commissions-us-college-football-doc/,https://cdn.c21media.net/wp-content/uploads/2025/09/chip-rives.jpg,2025-09-11T07:01:26Z,"Chip Rives
NEWS BRIEF: Disney-owned ESPN has commissioned a feature documentary about the resurgence of US college football team the SMU Mustangs, produced by Pantheon Media-owned Texas Crew Product… [+510 chars]",politics
"{'id': 'newsweek', 'name': 'Newsweek'}",Jack Royston,King Charles' Popularity Slump Not Going Away—Author,"A Prince George bounce will not be enough to reverse the downward trend in support for the Monarchy, an author told Newsweek.",https://www.newsweek.com/king-charles-popularity-prince-george-valentine-low-power-palace-2127003,https://d.newsweek.com/en/full/2719504/king-charles-leads-prince-william-george.jpg,2025-09-11T07:00:01Z,"King Charles III's Monarchy will continue to be blighted by a long-term decline in popularity, despite hopes of a Prince George bounce, a royal author told Newsweek's The Royal Report podcast.
Young… [+4428 chars]",politics
"{'id': None, 'name': 'Inside Higher Ed'}",Sara Brady,Consulting the Manual,"Consulting the Manual

Sara Brady

Thu, 09/11/2025 - 03:00 AM

How to teach American Government in Trump II? Focus on the Constitution, readers say.
 
 Byline(s)

 
 Matt Reed",https://www.insidehighered.com/opinion/columns/confessions-community-college-dean/2025/09/11/consulting-manual,https://www.insidehighered.com/modules/custom/ihe_custom/img/ihe-logo-no-wordmark.png,2025-09-11T07:00:00Z,"Earlier this week, I expressed exasperation at the seeming irrelevance of what I used to teach in American government classes in the context of whats going on now. Old standbys like checks and balanc… [+5065 chars]",politics
"{'id': None, 'name': 'Inside Higher Ed'}",Sara Weissman,Education Department Moves to End Funding for Minority-Serving Institutions,"Education Department Moves to End Funding for Minority-Serving Institutions

 


 
Sara Weissman

Thu, 09/11/2025 - 03:00 AM

Trump administration officials call the programs unconstitutional. But advocates argue they improve the quality of education for all …",https://www.insidehighered.com/news/government/politics-elections/2025/09/11/education-department-moves-end-msi-programs,https://www.insidehighered.com/sites/default/files/styles/large/public/2025-09/MSI_Crystal_Future_broken.jpg?itok=da-h3PuP,2025-09-11T07:00:00Z,"The U.S. Department of Education plans to end discretionary grant programs for a slew of minority-serving institutions, officials announced Wednesdayafter Congress had already appropriated hundreds o… [+9507 chars]",politics
"{'id': None, 'name': 'CNBC'}",,CNBC's Inside India newsletter: What’s keeping the Indian middle class from driving an electric car?,"EV giants are making moves in India, driving old market players to learn new tricks, and the Indian middle class is left wondering: could my next SUV be electric?",https://www.cnbc.com/2025/09/11/cnbcs-inside-india-newsletter-whats-keeping-the-middle-class-from-driving-an-ev.html,https://image.cnbcfm.com/api/v1/image/108197285-1757562885936-gettyimages-2224572384-aditya-notitle250715_npOm3.jpeg?v=1757562929&w=1920&h=1080,2025-09-11T06:55:15Z,"Hello, I am Priyanka Salve, CNBC's senior correspondent for India, writing from Singapore. This week, I look at how global and local electric car makers are betting on the world's third-largest car m… [+9551 chars]",politics
"{'id': 'the-irish-times', 'name': 'The Irish Times'}",Keith Duggan,Charlie Kirk killing is the sickening latest episode in American political carnage,What the assassination of the Conservative activist signifies about where America is headed is frightening,https://www.irishtimes.com/world/us/2025/09/11/charlie-kirk-killing-is-the-sickening-latest-episode-in-american-political-carnage/,https://www.irishtimes.com/resizer/v2/2WHFBKDI32JVIOV2O6MPVETLKM.jpg?smart=true&auth=2c31c1e679514d3f026ecc5bd50548c1374388c08f1b6a13ef2b4e9c6506f766&width=1200&height=630,2025-09-11T06:53:05Z,"Our nation is broken, the governor of Utah, Spencer Cox, said on Tuesday evening as he addressed the sickening latest episode in American political carnage: the assassination of the conservative yout… [+8611 chars]",politics
"{'id': 'rte', 'name': 'RTE'}",Mícheál Lehane,Sinn Féin calls on Jim Gavin to withdraw Gaza comments,Sinn Féin and Fianna Fáil have become embroiled in a war of words over comments about Gaza made by presidential candidate Jim Gavin,https://www.rte.ie/news/presidential-election/2025/0911/1532899-jim-gavin-gaza/,https://www.rte.ie/images/0023243d-1600.jpg,2025-09-11T06:52:32Z,"Sinn Féin and Fianna Fáil have become embroiled in a war of words over comments about Gaza made by presidential candidate Jim Gavin.
In an interview recently, the Fianna Fáil candidate said: ""It's u… [+1579 chars]",politics
"{'id': None, 'name': 'Digital Journal'}",AFP,‘Threat to democracy’: World reacts to killing of Trump ally Kirk,"World leaders warned on Wednesday of the harms of politically-motivated violence after the apparent assassination of right-wing activist and Trump ally Charlie Kirk. Kirk, a powerful voice in conservative politics at just 31 years old, was shot while speaking…",https://www.digitaljournal.com/world/threat-to-democracy-world-reacts-to-killing-of-trump-ally-kirk/article,https://www.digitaljournal.com/wp-content/uploads/2025/09/009351a95198f4bb9f14f6a79ff2b3e3f67ceed3-1.jpg,2025-09-11T06:47:21Z,"Prominent US influencer Charlie Kirk, an ally of Donald Trump, was gunned down in an apparent assassination in Utah, triggering condemnations from world leaders - Copyright AFP Melissa MAJCHRZAK
Wor… [+1822 chars]",politics
"{'id': None, 'name': 'New York Post'}",Miranda Devine,Charlie Kirk’s assassination latest case that US is suffering an epidemic of leftist violence,We are suffering through an epidemic of leftist violence.,https://nypost.com/2025/09/11/opinion/charlie-kirks-assassination-latest-example-us-is-suffering-an-epidemic-of-leftist-violence-miranda-devine/,https://nypost.com/wp-content/uploads/sites/2/2025/09/Devine.jpg?quality=75&strip=all&w=1024,2025-09-11T06:38:59Z,"We are suffering through an epidemic of leftist violence.
The ruthless assassination of conservative youth leader Charlie Kirk, 31, at a crowded campus event in Utah on Wednesday is the latest manif… [+7223 chars]",politics
"{'id': 'the-times-of-india', 'name': 'The Times of India'}",ET Online,"Nepal's likely interim PM-in-line strikes a warm note towards India, says she has a very good impression of Narendra Modi","Following Prime Minister KP Sharma Oli's resignation amidst unprecedented youth-led violence, former Chief Justice Sushila Karki is being considered as interim PM. Karki, who expressed admiration for India and PM Modi, said she would accept the protesters' ap…",https://economictimes.indiatimes.com/news/india/nepals-likely-interim-pm-in-line-strikes-a-warm-note-towards-india-says-she-has-a-very-good-impression-of-narendra-modi/articleshow/123824008.cms,"https://img.etimg.com/thumb/msid-123824011,width-1200,height-630,imgsize-96312,overlay-economictimes/articleshow.jpg",2025-09-11T06:34:54Z,"Nepal's former Chief Justice Sushila Karki, who could be named the troubled nation's interim PM, has said that she has a very good impression of Narendra Modi.Karki hailed India's support for Nepal a… [+2274 chars]",politics
"{'id': None, 'name': 'Skepticalscience.com'}",,Skeptical Science New Research for Week #37 2025,"Open access notables

Wild, scenic, and toxic: Recent degradation of an iconic Arctic watershed with permafrost thaw, Sullivan et al., Proceedings of the National Academy of Science

The streams of Alaska’s Brooks Range lie within a vast (~14M ha) tract of pr…",https://skepticalscience.com/new_research_2025_37.html,https://skepticalscience.com/public/assets/images/og/button_sks_200.jpg,2025-09-11T06:23:19Z,"Posted on 11 September 2025 by Doug Bostrom, Marc Kodack
Open access notables
Wild, scenic, and toxic: Recent degradation of an iconic Arctic watershed with permafrost thaw, Sullivan et al., Procee… [+36184 chars]",politics
"{'id': None, 'name': 'Creative Review'}",Adam Woodward,A new book opens the door to Hayao Miyazaki’s imagination,"The Worlds of Hayao Miyazaki excavates the cultural, historical and artistic foundations of the Studio Ghibli visionary’s animated oeuvre",https://www.creativereview.co.uk/the-worlds-of-hayao-miyazaki-book-studio-ghibli-nicolas-rapold/,"https://creativereview-new.imgix.net/uploads/2025/09/Kikis_Delivery_Service.jpg?auto=compress,format&crop=faces,entropy,edges&fit=crop&q=60&w=1950&h=1070",2025-09-11T06:13:46Z,"It’s hard to think of a filmmaker alive today as universally admired as Hayao Miyazaki. For more than four decades, the legendary Japanese animator has been enchanting audiences all over the world wi… [+2165 chars]",politics
"{'id': 'abc-news-au', 'name': 'ABC News (AU)'}",Courtney Gould,A Nampijinpa Price-sized chink in Ley's armour and an Albanese fashion faux pas,The Jacinta Nampijinpa Price saga is a chink in Sussan Ley's armour and at the very least has handed Labor a helluva lot of material for their 2028 election campaign.,https://www.abc.net.au/news/2025-09-11/jacinta-nampijinpa-price-sussan-ley-armour-election/105745506,https://live-production.wcms.abc-cdn.net.au/e1018115e1241c34dc7771edec79b115?impolicy=wcms_watermark_news&cropH=3271&cropW=5816&xPos=0&yPos=304&width=862&height=485&imformat=generic,2025-09-11T06:11:45Z,"Welcome back to your weekly federal politics update, where Courtney Gould gets you up to speed on the happenings from Parliament House.
Much like the seminal early-aughts Britney Spears film, Sussan… [+5440 chars]",politics
"{'id': None, 'name': 'Biztoc.com'}",euronews.com,"Germany's automotive industry in crisis: Politics are to blame, says trade economist","At the opening of the International Motor Show (IAA) in Munich, a trade expert spoke to Euronews about the challenges facing Germany's automotive sector and says political decisions are to blame.",https://biztoc.com/x/ecd563fd93d502d2,https://biztoc.com/cdn/ecd563fd93d502d2_s.webp,2025-09-11T06:06:03Z,"At the opening of the International Motor Show (IAA) in Munich, a trade expert spoke to Euronews about the challenges facing Germany's automotive sector and says political decisions are to blame.
Th… [+54 chars]",politics
"{'id': None, 'name': 'The Intercept'}",Natasha Lennard,Nothing Will Stop Trump From Weaponizing Charlie Kirk’s Killing to Attack the Left,"Charlie Kirk’s killer has not been identified. That didn’t stop Trump or his acolytes from blaming the “radical left.”
The post Nothing Will Stop Trump From Weaponizing Charlie Kirk’s Killing to Attack the Left appeared first on The Intercept.",https://theintercept.com/2025/09/11/charlie-kirk-killing-trump-left-political-violence/,,2025-09-11T06:03:00Z,"Law enforcement tapes off an area after Turning Point USA founder Charlie Kirk was shot at Utah Valley University on Sept. 10, 2025, in Orem, Utah.  Photo: Tess Crowley/The Deseret News via AP
This … [+6965 chars]",politics
"{'id': 'fox-news', 'name': 'Fox News'}",,Pam Bondi says death penalty a possibility for Iryna Zarutska killer,"Following President Donald Trump’s call for swift action, U.S. Attorney General Pam Bondi shared that the Justice Department may seek the death penalty for Iryna Zarutska’s killer.",https://www.foxnews.com/politics/pam-bondi-says-death-penalty-possibility-iryna-zarutska-killer,https://static.foxnews.com/foxnews.com/content/uploads/2025/09/bondi-zarutska.png,2025-09-11T06:00:41Z,"Following President Donald Trumps call for swift action, U.S. Attorney General Pam Bondi shared that the Justice Department may seek the death penalty for Iryna Zarutskas killer.
Speaking with repor… [+2894 chars]",politics
"{'id': None, 'name': 'Naturalnews.com'}",Willow Tohi,Vaccine debate erupts: FDA chief questions hepatitis B shot for newborns,"FDA Commissioner Dr. Marty Makary questions the evidence supporting the CDC’s longstanding policy of administering the hepatitis B vaccine to newborns, calling it “not solid.” The CDC’s vaccine advisory panel will debate whether to alter or eliminate the univ…",https://www.naturalnews.com/2025-09-11-vaccine-debate-erupts-fda-chief-questions-hepatitis-b-shot-for-newborns.html,https://www.naturalnews.com/wp-content/uploads/sites/91/2025/09/Baby-Vaccine-Doctor-Shot.jpg,2025-09-11T06:00:00Z,"<ul><li>FDA Commissioner Dr. Marty Makary questions the evidence supporting the CDCs longstanding policy of administering the hepatitis B vaccine to newborns, calling it ""not solid.""</li><li>The CDCs… [+6867 chars]",politics
"{'id': None, 'name': 'TheWrap'}",Ross A. Lincoln,Stephen Colbert Says ‘I Pray With All My Heart’ That Charlie Kirk’s Killing Isn’t ‘a Sign of Things to Come’ | Video,"""I hope it is obvious to everyone in America that political violence does not solve any of our political differences,"" the CBS host says
The post Stephen Colbert Says ‘I Pray With All My Heart’ That Charlie Kirk’s Killing Isn’t ‘a Sign of Things to Come’ | Vi…",https://www.thewrap.com/stephen-colbert-condolences-charlie-kirk-monologue/,https://www.thewrap.com/wp-content/uploads/2025/09/Stephen-Colbert-on-Charlie-Kirks-death.jpg,2025-09-11T05:43:08Z,"In a cold open recorded separately from the bulk of Wednesday night’s episode of “The Late Show,” Stephen Colbert commented on the murder of right wing activist Charlie Kirk earlier in the afternoon.… [+2168 chars]",politics
"{'id': None, 'name': 'Hurriyet Daily News'}",hurriyetdailynews.com,Right-wing Trump ally Charlie Kirk shot dead at US university,"Right-wing youth activist and influencer Charlie Kirk, a major ally of President Donald Trump, was shot dead Wednesday in a ""political assassination"" that sparked fears of more political violence in an increasingly febrile United States.",https://www.hurriyetdailynews.com/right-wing-trump-ally-charlie-kirk-shot-dead-at-us-university-213462,https://image.hurimg.com/i/hurriyet/75/200x200/68c25c70fe682bd03a46ced9.jpg,2025-09-11T05:21:54Z,"UTAH
Right-wing youth activist and influencer Charlie Kirk, a major ally of President Donald Trump, was shot dead Wednesday in a ""political assassination"" that sparked fears of more political violen… [+4242 chars]",politics
"{'id': None, 'name': 'Economictimes.com'}",Reuters,​ECB may hold interest rates steady amid political and trade risks​​,"The European Central Bank is expected to leave interest rates unchanged on Thursday as inflation remains close to its target. The ECB halved its key rate to 2% in the year to June but has been on hold since, citing a “good place” for the eurozone economy. How…",https://m.economictimes.com/markets/stocks/news/ecb-may-hold-interest-rates-steady-amid-political-and-trade-risks/ecbs-current-stance/slideshow/123822724.cms,"https://img.etimg.com/thumb/msid-123822724,width-1070,height-580,overlay-etmarkets/slideshow.jpg",2025-09-11T05:15:26Z,"The ECB’s decision to hold rates signals a period of stability, but markets remain alert to potential risks. Investors are watching inflation trends, trade developments, and political events across t… [+329 chars]",politics
"{'id': 'fox-news', 'name': 'Fox News'}",,"JD Vance pens heartfelt tribute to Charlie Kirk after assassination: ‘You ran a good race, my friend’","Vice President JD Vance paif tribute to Charlie Kirk, calling him a loyal friend of faith and courage after the Turning Point USA founder’s tragic death.",https://www.foxnews.com/politics/jd-vance-pens-heartfelt-tribute-charlie-kirk-assassination-you-ran-good-race-my-friend,https://static.foxnews.com/foxnews.com/content/uploads/2025/09/cdeea02c-charlie-kirk-jd-vance.jpg,2025-09-11T05:05:43Z,"Vice President JD Vance shared a deeply personal remembrance of conservative activist Charlie Kirk, who was fatally shot Wednesday while speaking at Utah Valley University. In a lengthy post on X, Va… [+3631 chars]",politics
"{'id': 'abc-news', 'name': 'ABC News'}","GENE JOHNSON Associated Press, HANNAH SCHOENBAUM Associated Press","A college campus, a fiery speaker — and then a single gunshot","A crowd gathered around a white canopy on a grassy college courtyard just weeks into the fall semester, eager to hear what the speaker beneath it had to say",https://abcnews.go.com/Politics/wireStory/college-campus-fiery-speaker-single-gunshot-125467332,https://s.abcnews.com/images/US/abc_news_default_2000x2000_update_16x9_992.jpg,2025-09-11T05:01:45Z,"OREM, Utah -- Just weeks into the fall semester, a crowd gathered around a white canopy on a grassy college courtyard. They were eager to hear what the speaker beneath it had to say. It was a typical… [+6725 chars]",politics
"{'id': 'financial-post', 'name': 'Financial Post'}",Bloomberg News,Novo and Orsted Made Denmark Rich. Are The Boom Times Now Over?,"At their heights, Denmark’s corporate champions seemed untouchable. Novo Nordisk A/S, long known mostly as an insulin maker, was Europe’s most valuable company last year, after riding a surge of demand for Ozempic and Wegovy. That followed the success of Orst…",https://financialpost.com/pmn/business-pmn/novo-and-orsted-made-denmark-rich-are-the-boom-times-now-over,https://smartcdn.gprod.postmedia.digital/financialpost/wp-content/uploads/2025/09/776017897.jpg,2025-09-11T05:01:20Z,"Those very strong upward revisions of future revenues are really significant, Svarer said. It means that when politicians want to spend more money, they can do it without having to raise taxes, witho… [+3688 chars]",politics
"{'id': 'the-irish-times', 'name': 'The Irish Times'}",Newton Emerson,Newton Emerson: Sinn Féin has created an orange-green split on Lough Neagh,"The visible decline of the lough this summer shocked people living around it, including in several heartland Sinn Féin constituencies",https://www.irishtimes.com/opinion/2025/09/11/newton-emerson-sinn-fein-has-created-an-orange-green-split-on-lough-neagh/,https://www.irishtimes.com/resizer/v2/DUNONFPAHVBBPJ636QOJWRFGFI.jpg?smart=true&auth=e2037f4368a87c8a81908d1d8ad59c2a066847253ac4163811d183a8fdbbfb78&width=1200&height=630,2025-09-11T05:00:01Z,"On Tuesday in Stormont, Sinn Féin once again faced the question of what to put first: Lough Neagh or the farming lobby. This time, for the first time, it chose Lough Neagh.
The question was asked by… [+4916 chars]",politics
"{'id': 'the-irish-times', 'name': 'The Irish Times'}",Jack Power,New French prime minister takes gig that may be short-term contract,"Sébastien Lecornu is a politician typical of the Macron project, that might work against him",https://www.irishtimes.com/world/europe/2025/09/11/new-french-prime-minister-takes-gig-that-may-be-short-term-contract/,https://www.irishtimes.com/resizer/v2/VGTTMFSCWN4KZ722VJQJ6H5F4M.jpg?smart=true&auth=c8f60436ac17d7f9f5e67ef1b76b8d1773eda6077ade16b66f8f3414cedca0a3&width=1200&height=630,2025-09-11T05:00:01Z,"Whether it was likening the job to climbing a Himalayan mountain or captaining a ship taking on water from a growing leak, François Bayrou did not play down the task facing the prime minister of Fran… [+4430 chars]",politics
"{'id': 'the-irish-times', 'name': 'The Irish Times'}",Tom O'Connor in Chicago,"‘It’s not a deployment, it’s an invasion’: Chicago reacts as Trump mulls sending in National Guard",Crime rate a key driver for why US president wants to deploy reserve force,https://www.irishtimes.com/world/us/2025/09/11/its-not-a-deployment-its-an-invasion-chicago-reacts-as-trump-mulls-sending-in-national-guard/,https://www.irishtimes.com/resizer/v2/N3TTHDHVH2AXQDOC3MZCO65YBE.jpg?smart=true&auth=e03babb907424413256c05cf6d36b33e41e29460d427c4416e9ff10913d4cf65&width=1200&height=630,2025-09-11T05:00:01Z,"Bury your excuse reads the basketball-themed canvas print hanging from the door of Matthew Mitchells office in Englewood on Chicagos southside. Inside, the late-afternoon sun cuts through the blinds … [+5114 chars]",politics
"{'id': 'the-irish-times', 'name': 'The Irish Times'}",Finn McRedmond,We should not dismiss blatantly political works from artists like Banksy,One of Banksy’s standard-issue street murals appears on the walls of the Royal Courts of Justice in London,https://www.irishtimes.com/opinion/2025/09/11/we-should-not-dismiss-blatantly-political-works-from-artists-like-banksy/,https://www.irishtimes.com/resizer/v2/5SRZ6VMF2NDI5LPZNV2TXNWHYY.jpg?smart=true&auth=fa6057b7e1deb7832c621df24656ecb85e91259e9f18e867198af116f0e6638b&width=1200&height=630,2025-09-11T05:00:01Z,"John Keats, the ingénue English Romantic poet, coined the idea of negative capability. He was trying to describe a characteristic of great artists: those who were comfortable of sitting in uncertaint… [+4821 chars]",politics
"{'id': None, 'name': 'AZFamily'}",Alexis Cortez,"Arizona leaders, lawmakers react to Charlie Kirk’s shooting death",Arizona leaders and lawmakers are offering prayers after conservative activist Charlie Kirk was shot and killed at an event in Utah.,https://www.azfamily.com/2025/09/10/arizona-leaders-lawmakers-react-charlie-kirks-shooting-death/,https://gray-kpho-prod.gtv-cdn.com/resizer/v2/DK4JL4PIURHLLB6WWZIBSDHAIY.jpg?auth=ec587aa680d54ce39309fee156114b5880ecfb8bf77e88d0304f1864e294b086&width=1200&height=600&smart=true,2025-09-11T04:59:02Z,"OREM, UT (AZFamily) Arizona lawmakers and city leaders are offering condolences and prayers after Charlie Kirk, the CEO and co-founder of Phoenix-based conservative youth organization Turning Point U… [+10882 chars]",politics
"{'id': 'breitbart-news', 'name': 'Breitbart News'}","Dylan Gwinn, Dylan Gwinn","Clay Travis: Charlie Kirk 'Loved' the Oregon Ducks, 'Built His Events Around Their Game Times'","Charlie Kirk, a husband, father, and founder of Turning Point USA, was murdered at a speaking event at Utah Valley University on Wednesday by an assassin's bullet.
The post Clay Travis: Charlie Kirk ‘Loved’ the Oregon Ducks, ‘Built His Events Around Their Gam…",https://www.breitbart.com/sports/2025/09/10/clay-travis-charlie-kirk-loved-the-oregon-ducks-built-his-events-around-their-game-times/,https://media.breitbart.com/media/2025/09/Trent-Nelson_The-Salt-Lake-Tribune_Getty-Images-640x335.jpg,2025-09-11T04:56:22Z,"Charlie Kirk, a husband, father, and founder of Turning Point USA, was murdered at a speaking event at Utah Valley University on Wednesday by an assassin’s bullet.
He was 31 years old.
Tributes, pr… [+1031 chars]",politics
"{'id': 'abc-news', 'name': 'ABC News'}","LISA MASCARO Associated Press, ALI SWENSON Associated Press",Assassination of Charlie Kirk adds to America's roll call of public violence,"In the tragic roll call of violence in American public life, Charlie Kirk’s name joins the long list",https://abcnews.go.com/Politics/wireStory/assassination-charlie-kirk-adds-americas-roll-call-public-125467894,https://i.abcnewsfe.com/a/fbc2be3f-b47c-4052-bd62-e30fee554359/wirestory_5ce36193ede90a59a883662df16c6d6c_16x9.jpg?w=1600,2025-09-11T04:54:26Z,"WASHINGTON -- In the tragic roll call of violence in American public life, Charlie Kirks name joins what has fast become a long list.
The influential 31-year old commentator, who cast his young prof… [+5223 chars]",politics
"{'id': 'breitbart-news', 'name': 'Breitbart News'}","Olivia Rondeau, Olivia Rondeau",Miami Doctor 'Really Glad That Charlie Kirk Got Himself F*cking Shot',"A Florida anesthesiologist announced that she is ""really glad that Charlie Kirk just got himself f*cking shot"" and declared that ""no one should give a f*ck that he's dead"" before wiping her social media account.
The post Miami Doctor ‘Really Glad That Charlie…",https://www.breitbart.com/politics/2025/09/10/miami-doctor-really-glad-that-charlie-kirk-got-himself-fcking-shot/,https://media.breitbart.com/media/2025/09/541109615646c5853aa33-640x335.jpg,2025-09-11T04:50:32Z,"A Florida anesthesiologist announced that she is “really glad that Charlie Kirk just got himself f*cking shot” and declared that “no one should give a f*ck that he’s dead,” before wiping her social m… [+1592 chars]",politics
"{'id': None, 'name': 'Yahoo Entertainment'}",Leika Kihara,"In AI-simulated Fed meeting, political pressure polarises board",TOKYO (Reuters) -A simulated Federal Reserve meeting that used artificial intelligence agents modeled on real-life policymakers showed political pressure...,https://finance.yahoo.com/news/ai-simulated-fed-meeting-political-043725911.html,https://media.zenfs.com/en/reuters-finance.com/4e31fbdbed342f9e1d1704876df5eeb6,2025-09-11T04:37:25Z,"By Leika Kihara
TOKYO (Reuters) -A simulated Federal Reserve meeting that used artificial intelligence agents modeled on real-life policymakers showed political pressure polarised members of the boa… [+2244 chars]",politics
"{'id': 'the-times-of-india', 'name': 'The Times of India'}",AP,"A college campus, a fiery speaker - and then a single gunshot","Charlie Kirk, a conservative figure, was shot at Utah Valley University. The incident occurred during a campus event. Kirk was addressing questions when the shooting happened. Panic ensued as the crowd dispersed. The shooter remains at large. The event sparke…",https://economictimes.indiatimes.com/news/international/global-trends/a-college-campus-a-fiery-speaker-and-then-a-single-gunshot/articleshow/123821955.cms,"https://img.etimg.com/thumb/msid-123822030,width-1200,height-630,imgsize-243034,overlay-economictimes/articleshow.jpg",2025-09-11T04:36:59Z,"Just weeks into the fall semester, a crowd gathered around a white canopy on a grassy college courtyard. They were eager to hear what the speaker beneath it had to say. It was a typical university sc… [+6894 chars]",politics
"{'id': None, 'name': 'International Business Times'}",Sam Reeves,France Political Crisis Looms Over ECB Meeting,"France's political crisis will likely take centre stage at a European Central Bank meeting Thursday, with turmoil in the eurozone's second-biggest economy causing a fresh headache for policymakers.",https://www.ibtimes.com/france-political-crisis-looms-over-ecb-meeting-3783075,https://d.ibtimes.com/en/full/4620852/all-change-frances-outgoing-prime-minister-francois-bayrou-next-frances-newly-appointed-prime.jpg,2025-09-11T04:36:20Z,"France's political crisis will likely take centre stage at a European Central Bank meeting Thursday, with turmoil in the eurozone's second-biggest economy causing a fresh headache for policymakers.
… [+3567 chars]",politics
"{'id': 'the-times-of-india', 'name': 'The Times of India'}",Reuters,"In AI-simulated Fed meeting, political pressure polarises board","In the study released on August 31, academics at George Washington University simulated a Federal Open Market Committee meeting using AI agents modeled by each member based on their historical policy stances, biographies and speeches.",https://economictimes.indiatimes.com/tech/artificial-intelligence/in-ai-simulated-fed-meeting-political-pressure-polarises-board/articleshow/123821942.cms,"https://img.etimg.com/thumb/width-1200,height-900,imgsize-1201952,resizemode-75,msid-123821942/tech/artificial-intelligence/in-ai-simulated-fed-meeting-political-pressure-polarises-board.jpg",2025-09-11T04:36:05Z,A simulated Federal Reserve meeting that used artificial intelligence agents modeled on real-life policymakers showed political pressure polarised members of the board in their rate-setting deliberat… [+2154 chars],politics
"{'id': None, 'name': 'New Zealand Herald'}",John Weekes,Hawaiian Airlines gets its first female CEO ahead of return to New Zealand,The airline will compete with Air New Zealand on the Honolulu route.,https://www.nzherald.co.nz/business/companies/airlines/hawaiian-airlines-gets-its-first-female-ceo-ahead-of-return-to-new-zealand/F6O5APFMMNAAFJ2L3AD3SPWURY/,https://www.nzherald.co.nz/resizer/v2/3JFNLNL7NFDETNPWVUJJJDVFQA.png?auth=63a3fc3126a3dd724fbc3ac22fe93b609a741181849b3910b3f2071fc1222214&width=1200&height=675&quality=70&smart=true,2025-09-11T04:33:08Z,"The two cities are the biggest in Polynesia and direct flights take about eight or eight-and-a-half hours.
Following our combination with Alaska Airlines, we have also welcomed significant inbound g… [+1930 chars]",politics
"{'id': None, 'name': 'Digital Journal'}",AFP,France political crisis looms over ECB meeting,"France’s political crisis will likely take centre stage at a European Central Bank meeting Thursday, with turmoil in the eurozone’s second-biggest economy causing a fresh headache for policymakers. The ECB is expected to hold its key interest rate steady at t…",https://www.digitaljournal.com/world/france-political-crisis-looms-over-ecb-meeting/article,https://www.digitaljournal.com/wp-content/uploads/2025/09/df3d4824b5b62257b3171a2b95ff354a3a194a1a-1.jpg,2025-09-11T04:32:32Z,"Inflation in the eurozone is hovering around the ECB's two-percent target - Copyright AFP Kirill KUDRYAVTSEV
France’s political crisis will likely take centre stage at a European Central Bank meetin… [+3716 chars]",politics
"{'id': None, 'name': 'Independent.ie'}",Micheál Martin,Micheál Martin: Now is the time to act on child poverty – and it will be targeted next month in Budget 2026,"As many people will know, my passion for education was one of the main reasons why I became involved in politics.",https://www.independent.ie/irish-news/micheal-martin-now-is-the-time-to-act-on-child-poverty-and-it-will-be-targeted-next-month-in-budget-2026/a1262399583.html,https://focus.independent.ie/thumbor/ppGc5U1a73QmXuxD4hoLEjRnw30=/36x0:4080x2696/629x0/prod-mh-ireland/f1b258b1-3a44-4dad-ac49-b19bf0859bab/58f0a45b-4e32-4d7c-8cbe-d2a536ddc09b/f1b258b1-3a44-4dad-ac49-b19bf0859bab.jpg,2025-09-11T04:30:00Z,"Our poorer young people have the odds stacked against them, but that will change with Governments targeted 2030 response
As many people will know, my passion for education was one of the main reason… [+332 chars]",politics
"{'id': None, 'name': 'Freerepublic.com'}",CNN,How Charlie Kirk Changed Conservative Media — and American Politics,"Charlie Kirk, who was shot and killed on Wednesday, pioneered a new model for conservative political advocacy, merging multi-platform media commentary with in-person gatherings and get-out-the-vote drives. Kirk, 31, was a hugely successful political field org…",https://freerepublic.com/focus/f-news/4339687/posts,,2025-09-11T04:25:09Z,"Skip to comments.
How Charlie Kirk Changed Conservative Media and American PoliticsCNN ^
 | 9/10
 | Brian Stelter , and Liam Reilly
Posted on 09/10/2025 9:25:09 PM PDT by nickcarraway
Charlie Ki… [+2038 chars]",politics
"{'id': None, 'name': 'Dennyburk.com'}",Denny Burk,The Assassination of Charlie Kirk (1993-2025),"Late this afternoon, one of my students stopped me in a parking lot at Boyce College and asked if I had heard the news. I had been teaching for hours at that point and told him I hadn’t heard anything. So he informed me that Charlie Kirk had been shot and was…",https://www.dennyburk.com/the-assassination-of-charlie-kirk-1993-2025/,https://i0.wp.com/www.dennyburk.com/wp-content/uploads/2025/09/Kirk-Family-filter.jpg?fit=697%2C423&ssl=1,2025-09-11T04:23:38Z,"Late this afternoon, one of my students stopped me in a parking lot at Boyce College and asked if I had heard the news. I had been teaching for hours at that point and told him I hadnt heard anything… [+5675 chars]",politics
"{'id': None, 'name': 'The Daily Caller'}",Leena Nasir,Chris Pratt Leads Star Reactions To Assassination Of Charlie Kirk,Celebrities took to their platforms to share grief and powerful messages after Charlie Kirk’s tragic death.,https://dailycaller.com/2025/09/11/celebrities-react-assassination-charlie-kirk-death-chris-pratt-arnold-schwarzenneger-political-violence/,"https://images.dailycaller.com/image/width=1280,height=549,fit=cover,format=webp,f=auto/https://cdn01.dailycaller.com/wp-content/uploads/2025/09/GettyImages-2234116804-1-scaled-e1757564345167.jpg",2025-09-11T04:21:36Z,"Celebrities took to their platforms to share grief and powerful messages after Charlie Kirk’s tragic death.
The assassination of Charlie Kirk gripped the nation, sending shockwaves through communiti… [+3388 chars]",politics
"{'id': 'the-times-of-india', 'name': 'The Times of India'}",Bikash Singh,"Report finds conspiracy to undermine India’s sovereignty, claims Himanta Biswa Sarma","Assam's Chief Minister Himanta Biswa Sarma announced that a Special Investigation Team (SIT) has uncovered a significant conspiracy potentially undermining India's sovereignty, allegedly involving Pakistani national Ali Tauqeer Sheikh. The investigation also …",https://economictimes.indiatimes.com/news/politics-and-nation/report-finds-conspiracy-to-undermine-indias-sovereignty-claims-himanta-biswa-sarma/articleshow/123821531.cms,"https://img.etimg.com/thumb/msid-123821549,width-1200,height-630,imgsize-89774,overlay-economictimes/articleshow.jpg",2025-09-11T04:13:53Z,"Guwahati: Assam chief minister Himanta Biswa Sarma claimed on Wednesday that the Special Investigation Team (SIT) of the Assam Police, probing the alleged Pakistani links of Assam Congress president … [+2297 chars]",politics
"{'id': None, 'name': 'Juancole.com'}",Kristian Coates Ulrichsen,Israeli Strike in Doha crosses a new Line from which Relations with Gulf may not Recover,"By Kristian Coates Ulrichsen, Rice University (The Conversation) - The Israeli airstrike targeting senior Hamas political leaders in Qatar on Sept. 9, 2025, represents the crossing of a number of lines. Resulting in the deaths of six people but seemingly fail…",https://www.juancole.com/2025/09/israeli-crosses-relations.html,https://media.juancole.com/images/2025/09/IMG_9640.jpg,2025-09-11T04:06:38Z,"By Kristian Coates Ulrichsen, Rice University
(The Conversation) – The Israeli airstrike targeting senior Hamas political leaders in Qatar on Sept. 9, 2025, represents the crossing of a number of li… [+7842 chars]",politics
"{'id': 'abc-news', 'name': 'ABC News'}",STEPHEN GROVES Associated Press,Senate Republicans defeat Democrats' effort to force the release of Epstein files,Senate Republicans have barely defeated an effort by Democrats to insert language into Congress’ annual defense authorization bill that would have forced the public release of case files on the sex trafficking investigation into the late Jeffrey Epstein,https://abcnews.go.com/Politics/wireStory/senate-republicans-defeat-democrats-effort-force-release-epstein-125461494,https://i.abcnewsfe.com/a/d3ddc6ae-35c8-4959-861e-cf387ca0d554/wirestory_1793c4c1c2f74f89b0cab9ecfd0cfcc8_16x9.jpg?w=1600,2025-09-11T04:06:28Z,"WASHINGTON -- In a close vote, Senate Republicans defeated an effort Wednesday by Democrats to insert language into Congress annual defense authorization bill that would have forced the public releas… [+3836 chars]",politics
"{'id': 'the-american-conservative', 'name': 'The American Conservative'}",John Byrnes,9/11 and the Real ‘Realism’,"It has been a long journey from the ruins of the World Trade Center.
The post 9/11 and the Real ‘Realism’ appeared first on The American Conservative.",https://www.theamericanconservative.com/9-11-and-the-real-realism/,https://www.theamericanconservative.com/wp-content/uploads/2025/09/GettyImages-2170711108-scaled-e1757555902550.jpg,2025-09-11T04:05:00Z,"My foreign policy journey did not begin in the smoldering ruins of the World Trade Center on September 11, 2001, but it accelerated and intensified there.  
I was a Political Science/International R… [+5584 chars]",politics
"{'id': 'newsweek', 'name': 'Newsweek'}",Jack Royston,King Charles' Monarchy Hits 'Lowest' Popularity Since 'Records Began',King Charles III is overseeing a monarchy that is much less popular than in 1983—and opposed by most young people.,https://www.newsweek.com/king-charles-monarchy-popularity-poll-2127603,https://d.newsweek.com/en/full/2719654/king-charles-scotland.jpg,2025-09-11T04:01:01Z,"King Charles III's monarchy is in its deepest popularity slump ever recorded by a major research charity in 42 years of polling—eclipsing the downturn of the Princess Diana era.
In 1983, 86 percent … [+3917 chars]",politics
"{'id': None, 'name': 'Lewrockwell.com'}",No Author,How Tyranny Becomes Entrenched: 9/11 and the Police State’s Endless Power Grabs,“The greatest tyrannies are always perpetuated in the name of the noblest causes.”—Thomas Paine They said it was for safety. They said it was for order. They said it was for the good of the nation. They always say it’s for something good… until it isn’t. Near…,https://www.lewrockwell.com/2025/09/no_author/how-tyranny-becomes-entrenched-9-11-and-the-police-states-endless-power-grabs/,https://lrc-cdn.s3.amazonaws.com/assets/2021/02/LRC-share.jpg,2025-09-11T04:01:00Z,"The greatest tyrannies are always perpetuated in the name of the noblest causes.Thomas Paine
They said it was for safety.They said it was for order.They said it was for the good of the nation.
They… [+11652 chars]",politics
"{'id': None, 'name': 'EURACTIV'}",Laurent Geslin,Macron’s man to save Macron,The new PM 'knows how to do politics' according to one conservative senator,https://www.euractiv.com/section/politics/news/macrons-man-to-save-macron/,https://www.euractiv.com/content/uploads/sites/2/2025/09/13333430.jpg,2025-09-11T04:00:12Z,"PARIS France's fifth prime minister in two years is a long-time confidante of President Emmanuel Macron, now tasked with taming an unruly parliament, passing a budget, and perhaps keeping his boss in… [+3871 chars]",politics
"{'id': None, 'name': 'Americanthinker.com'}",,Charlie Kirk: Another martyr for democracy,"I am sick to death of hearing about how another young American has been cut down in the prime of his life, all because my countrymen cannot get along, politically.

And I am also sick to death of seeing these senseless deaths politicized in order t...",https://www.americanthinker.com/blog/2025/09/charlie_kirk_another_martyr_for_democracy.html,https://images.americanthinker.com/ov/ovqrgm1ih5osdowjomw7_800.jpg,2025-09-11T04:00:00Z,"I am sick to death of hearing about how another young American has been cut down in the prime of his life, all because my countrymen cannot get along, politically.
And I am also sick to death of see… [+3440 chars]",politics
"{'id': None, 'name': 'Americanthinker.com'}",,Charlie Kirk’s Death And America Regaining Its Footing On The Righteous Path,"One never knows for sure beforehand, but I think Charlie Kirk’s assassination may be something of a tipping point in American politics and culture, or, at a minimum, an inflection point. Why? Because Charlie wasn’t a radical, he wasn&rsqu...",https://www.americanthinker.com/articles/2025/09/charlie_kirk_s_death_and_america_regaining_its_footing_on_the_righteous_path.html,https://images.americanthinker.com/0v/0v8jnqzu51noncmifnge_800.jpg,2025-09-11T04:00:00Z,"One never knows for sure beforehand, but I think Charlie Kirk’s assassination may be something of a tipping point in American politics and culture, or, at a minimum, an inflection point. Why? Because… [+6529 chars]",politics
"{'id': None, 'name': 'MMA Mania'}",Andrew Richardson,Somber Sean Strickland reacts to Charlie Kirk assassination: ‘We’re so desensitized’,"Sean Strickland often has hot takes regarding the latest news in politics, but he was surprisingly subdued after the death of rightwing commentator Charlie Kirk.",https://www.mmamania.com/latest-news/388522/somber-sean-strickland-reacts-to-charlie-kirk-assassination-were-so-desensitized,https://platform.mmamania.com/wp-content/uploads/sites/110/2025/09/gettyimages-2198477108.jpg?quality=90&strip=all&crop=0%2C10.748133092786%2C100%2C76.520338300443&w=1200,2025-09-11T03:59:00Z,"Welcome to Midnight Mania!
Lets start the night off by taking a look back over the three biggest stories of Wednesday, Sept. 10, 2025.
Sean Strickland, likely a future political commentator, offers… [+1045 chars]",politics
"{'id': None, 'name': 'Freerepublic.com'}",CBS,Conservative commentator Ben Shapiro's California event postponed after Charlie Kirk fatal shooting,"A book signing for conservative commentator Ben Shapiro was postponed on Wednesday by the Ronald Reagan Presidential Library in Simi Valley, California, after fellow right-wing activist Charlie Kirk was fatally shot at an event at Utah Valley University aroun…",https://freerepublic.com/focus/f-news/4339684/posts,,2025-09-11T03:55:36Z,"Skip to comments.
Conservative commentator Ben Shapiro's California event postponed after Charlie Kirk fatal shootingCBS ^
 | September 10, 2025
 | Austin Turner
Posted on 09/10/2025 8:55:36 PM P… [+6793 chars]",politics
"{'id': 'al-jazeera-english', 'name': 'Al Jazeera English'}",Al Jazeera,Israel’s President Herzog said ‘argued out of respect’ with British PM,Downing Street later stressed that ‘the UK and Israel are longstanding allies’ despite their differences.,https://www.aljazeera.com/news/2025/9/11/israels-president-herzog-said-argued-out-of-respect-with-british-pm,https://www.aljazeera.com/wp-content/uploads/2025/09/afp_68c1f8b7548c-1757542583_8e8201-1757561270.jpg?resize=1200%2C630&quality=80,2025-09-11T03:55:14Z,"British Prime Minister Keir Starmer has criticised Israels man-made famine in Gaza following a controversial meeting with Israeli President Isaac Herzog in London.
They must stop the man-made famine… [+2570 chars]",politics
"{'id': None, 'name': 'Dumblittleman.com'}",Nathan Brookes,Charlie Kirk Dead? Here’s What Actually Went Down,"Alright, let me just stop you right there. If you’ve recently typed “Charlie Kirk dead” into your search bar, you’re definitely not alone, and no, your internet isn’t glitching. People are losing their collective minds over this, and for good reason. Because …",https://www.dumblittleman.com/charlie-kirk-dead/,https://www.dumblittleman.com/wp-content/uploads/2025/09/5-8.jpg,2025-09-11T03:45:37Z,"Alright, let me just stop you right there. If youve recently typed Charlie Kirk dead into your search bar, youre definitely not alone, and no, your internet isnt glitching. People are losing their co… [+20414 chars]",politics
"{'id': None, 'name': 'The Atlantic'}","Ashley Parker, Isaac Stanley-Becker",Charlie Kirk Was Trump’s Envoy to a New Generation,The conservative activist was one of the most influential unelected people in America.,https://www.theatlantic.com/politics/archive/2025/09/charlie-kirk-shooting/684173/,https://cdn.theatlantic.com/thumbor/P1s-grHi33bo_P-A2a-yGlBNvaM=/0x106:4992x2706/1200x625/media/img/mt/2025/09/2025_09_KirkMAGAYouth/original.jpg,2025-09-11T03:45:00Z,"It’s hard to overstate just how much the conservative activist Charlie Kirk felt like family to many in Donald Trump’s inner circle, and to the president himself.Kirk was close friends with Vice Pres… [+12368 chars]",politics
"{'id': 'the-times-of-india', 'name': 'The Times of India'}",Bloomberg,"Charlie Kirk, shot dead, was Trump's firebrand ally who energised youth to pave way for POTUS' rise","Charlie Kirk, a prominent conservative figure and founder of Turning Point USA, was fatally shot in Utah, prompting widespread shock and political reactions. Known for his staunch support of Donald Trump and his influence among young conservatives, Kirk's dea…",https://economictimes.indiatimes.com/news/international/global-trends/charlie-kirk-shot-dead-was-trumps-firebrand-ally-who-energised-youth-to-pave-way-for-potus-rise/articleshow/123820921.cms,"https://img.etimg.com/thumb/msid-123821027,width-1200,height-630,imgsize-50810,overlay-economictimes/articleshow.jpg",2025-09-11T03:38:03Z,"In the weeks after his election victory last year, Donald Trump held court with future cabinet nominees at Mar-a-Lago, flew to Paris for the reopening of Notre Dame, met the Prince of Wales and visit… [+8095 chars]",politics
"{'id': None, 'name': 'Biztoc.com'}",ft.com,Charlie Kirk’s killing and the ‘despicable violence’ of US politics,Leaders from both parties condemn incident — but shootings are now a feature of polarised America,https://biztoc.com/x/db1de40dbc067d3f,https://biztoc.com/cdn/db1de40dbc067d3f_s.webp,2025-09-11T03:18:25Z,"Leaders from both parties condemn incident but shootings are now a feature of polarised America
This story appeared on ft.com, 2025-09-11 00:26:23.",politics
"{'id': None, 'name': 'fox6now.com'}",Fox6 News Digital Team,Charlie Kirk shot dead; Wisconsin reacts to political violence,"Charlie Kirk, a conservative activist familiar to Wisconsin audiences through Turning Point USA chapters, was shot and killed on Wednesday, Sept. 10.",https://www.fox6now.com/news/charlie-kirk-shot-utah-college-wisconsin-reaction,https://images.foxtv.com/static.fox6now.com/www.fox6now.com/content/uploads/2025/09/1280/720/9p-local-charlie-kirk-shot-pkg_00.00.07.20.jpg?ve=1&tl=1,2025-09-11T03:15:32Z,"MILWAUKEE - Charlie Kirk, a conservative activist familiar to Wisconsin audiences through Turning Point USA chapters, was shot and killed on Wednesday, Sept. 10.
What we know:
It happened while spe… [+3689 chars]",politics
"{'id': None, 'name': 'BBC News'}",Anthony Zurcher - North America correspondent,Campus killing lays bare America's bloody and broken politics,Charlie Kirk's killing is another episode of gun violence in America and the latest in a line of recent political violence.,https://www.bbc.com/news/articles/cm2z9z4m22ro?xtor=AL-72-%5Bpartner%5D-%5Byahoo.north.america%5D-%5Bheadline%5D-%5Bnews%5D-%5Bbizdev%5D-%5Bisapi%5D,https://media.zenfs.com/en/bbc_us_articles_995/b24a6db2a5a0b43bab5fb5c03bd12665,2025-09-11T03:11:30Z,"Moments before the crack of a gunshot changed everything, thousands of students had gathered under clear blue skies at an idyllic Utah college to hear from a man considered a rock star in conservativ… [+4749 chars]",politics
"{'id': None, 'name': 'BBC News'}",,Campus killing lays bare America's bloody and broken politics,Charlie Kirk's killing is another episode of gun violence in America and the latest in a line of recent political violence.,https://www.bbc.com/news/articles/cm2z9z4m22ro,https://ichef.bbci.co.uk/news/1024/branded_news/9a11/live/57791530-8ea0-11f0-b391-6936825093bd.png,2025-09-11T03:11:26Z,"Anthony ZurcherNorth America correspondent
Students flee as Charlie Kirk is shot while speaking to a crowd of hundreds
Moments before the crack of a gunshot changed everything, thousands of student… [+5077 chars]",politics
"{'id': 'bbc-news', 'name': 'BBC News'}",Anthony Zurcher,Charlie Kirk killing lays bare America's bloody and broken politics,Charlie Kirk's killing is another episode of gun violence in America and the latest in a line of recent political violence.,https://www.bbc.co.uk/news/articles/cm2z9z4m22ro,https://ichef.bbci.co.uk/ace/branded_news/1200/cpsprodpb/4360/live/cbb74a40-8ee4-11f0-84c8-99de564f0440.jpg,2025-09-11T03:11:26Z,"He was an advocate of gun rights and conservative values, an outspoken critic of transgender rights, and a staunch, unapologetic Donald Trump supporter. His Turning Point US organisation played a key… [+1339 chars]",politics
"{'id': 'the-times-of-india', 'name': 'The Times of India'}",Don Tomslee,How Charlie Kirk rose to power: Turning Point USA founder and Trump loyalist shot dead at 31,"Charlie Kirk, 31, influential conservative political organizer and Turning Point USA founder, was fatally shot Wednesday, September 10, at Utah Valley University. Trump loyalist built multimillion-dollar organization appealing to young conservatives nationwide",https://economictimes.indiatimes.com/news/international/us/how-charlie-kirk-rose-to-power-turning-point-usa-founder-and-trump-loyalist-shot-dead-at-31/articleshow/123820764.cms,"https://img.etimg.com/thumb/msid-123820739,width-1200,height-630,imgsize-95328,overlay-economictimes/articleshow.jpg",2025-09-11T03:10:41Z,"Charlie Kirk, who was fatally shot Wednesday, September 10, while speaking at Utah Valley University, had become one of the most influential young leaders in right-wing American politics over the pas… [+4774 chars]",politics
"{'id': 'the-times-of-india', 'name': 'The Times of India'}",ET Online,Can we stop 'angry finger-pointing': Jimmy Kimmel reacts to Charlie Kirk death,Conservative activist Charlie Kirk was assassinated during a college event in Utah. Jimmy Kimmel appealed for unity. He urged Americans to set aside political divisions. Donald Trump mourned Kirk's death. He praised Kirk's connection with young Americans. Law…,https://economictimes.indiatimes.com/news/international/global-trends/can-we-stop-angry-finger-pointing-jimmy-kimmel-reacts-to-charlie-kirk-death/articleshow/123820751.cms,"https://img.etimg.com/thumb/msid-123820844,width-1200,height-630,imgsize-11680,overlay-economictimes/articleshow.jpg",2025-09-11T03:10:04Z,"Late-night television host Jimmy Kimmel has broken his silence after the shocking assassination of conservative activist Charlie Kirk, who was gunned down at just 31 years old during a live college e… [+2796 chars]",politics
"{'id': None, 'name': 'Doorblog.jp'}",admirecat,アメリカの最大手保守系論客、屋外公演中に撃たれる,"2: それでも動く名無し 2025/09/11(木) 04:41:07.17 ID:SAD5Zx6sM
Trump ally Charlie Kirk shot at event in Utah, source says https://edition.cnn.com/2025/09/10/politics/charlie-kirk-shooting-utah-valley-university
8: それでも動く名無し 2025/09/11(木) 04:43...",https://shikaku2ch.doorblog.jp/archives/59407152.html,https://livedoor.blogimg.jp/admirecat/imgs/d/8/d8bfb800-s.png,2025-09-11T03:09:14Z,"2: 2025/09/11() 04:41:07.17 ID:SAD5Zx6sM
8: 2025/09/11() 04:43:27.40 ID:SAD5Zx6sM
20: 2025/09/11() 04:51:23.81 ID:5tVCR1UA0
562: 2025/09/11() 09:53:58.77 ID:ScSZMFjL0
13: 2025/09/11() 04:46:05.76… [+1341 chars]",politics
"{'id': None, 'name': 'Freerepublic.com'}",Newsweek,Liberal Website Paid Witches to Hex Charlie Kirk Days Before Assassination,"progressive U.S.-based website paid online witches to curse conservative activist Charlie Kirk days before he was fatally shot during a student question-and-answer session at Utah Valley University in Orem, Utah. Why It Matters Political figures from both sid…",https://freerepublic.com/focus/f-news/4339681/posts,,2025-09-11T03:07:38Z,"Skip to comments.
Liberal Website Paid Witches to Hex Charlie Kirk Days Before AssassinationNewsweek ^
 | Sep 10, 2025
Posted on 09/10/2025 8:07:38 PM PDT by nickcarraway
progressive U.S.-based w… [+3438 chars]",politics
"{'id': None, 'name': 'Biztoc.com'}",latimes.com,New UCLA study highlights large disparities in L.A.'s Latinx labor force,"A new study from the UCLA Latino Policy and Politics Institute shows how the Hispanic workforce in L.A. County has struggled in reaching pay equity, among other inequities.",https://biztoc.com/x/ae355b15e2d4de8f,https://biztoc.com/cdn/950/og.png,2025-09-11T03:07:17Z,"A new study from the UCLA Latino Policy and Politics Institute shows how the Hispanic workforce in L.A. County has struggled in reaching pay equity, among other inequities.
This story appeared on la… [+30 chars]",politics
"{'id': None, 'name': 'Slate Magazine'}",Luke Winkie,Charlie Kirk Was a Singularly Revered Figure in Trump World. It’s Clear What His Death Will Bring.,Kirk sweetalked octogenarian donors and 19-year-old groypers alike. He was killed in his element.,https://slate.com/news-and-politics/2025/09/charlie-kirk-dead-shooter-utah-suspect-news.html,https://compote.slate.com/images/614a4dec-6020-4907-a5ee-fc6bcccf426e.jpeg?crop=3244%2C2162%2Cx0%2Cy2&width=1560,2025-09-11T03:06:22Z,"Sign up for the Slatest to get the most insightful analysis, criticism, and advice out there, delivered to your inbox daily.
Charlie Kirk, who was killed on Wednesday during a political event on a U… [+6542 chars]",politics
"{'id': None, 'name': 'Boston Herald'}",Marc D. Grasso,2025 Honda Civic Hatchback proves why its #1,"Scorers and reviewers, Standby, we have ourselves a Chart-Topper. In 2025, the need for basic automobiles are at an all-time high. With pickup trucks exceeding $100K in some instances and 7-passenger Luxury SUVs having a base price even higher, the need for a…",https://www.bostonherald.com/2025/09/11/2025-honda-civic-hatchback-proves-why-its-1/,https://www.bostonherald.com/wp-content/uploads/2025/07/IMG_1254.jpg?w=1024&h=768,2025-09-11T08:18:54Z,"Scorers and reviewers, Standby, we have ourselves a Chart-Topper. In 2025, the need for basic automobiles are at an all-time high. With pickup trucks exceeding $100K in some instances and 7-passenger… [+1848 chars]",climate
"{'id': None, 'name': 'The-independent.com'}",Shahana Yasmin,Steven Spielberg ‘thought his career was over’ halfway through film’s production,Director says he was told he would ‘never get hired again’,https://www.the-independent.com/arts-entertainment/films/news/steven-spielberg-career-jaws-film-b2824441.html,"https://static.the-independent.com/2025/09/11/7/07/GettyImages-2234743175.jpg?trim=0,0,0,0&width=1200&height=800&crop=1200:800",2025-09-11T08:15:22Z,"Your support helps us to tell the story
From reproductive rights to climate change to Big Tech, The Independent is on the ground when the story is developing. Whether it's investigating the financia… [+4172 chars]",climate
"{'id': None, 'name': 'The-independent.com'}",Roisin O'Connor,George RR Martin shares bittersweet post after attending Worldcon: ‘Filled with ghosts’,Game of Thrones author attended the convention in Seattle where he hosted a screening of three short films,https://www.the-independent.com/arts-entertainment/books/news/george-rr-martin-worldcon-winds-of-winter-seven-kingdoms-b2824437.html,"https://static.the-independent.com/2025/09/11/7/51/GettyImages-2197043514.jpeg?trim=324,808,1639,2138&width=1200&height=800&crop=1200:800",2025-09-11T08:10:35Z,"Your support helps us to tell the story
From reproductive rights to climate change to Big Tech, The Independent is on the ground when the story is developing. Whether it's investigating the financia… [+4687 chars]",climate
"{'id': None, 'name': 'The-independent.com'}",Lydia Spencer-Elliott,Channing Tatum says turning down Guillermo del Toro project was the biggest mistake of his career,"‘I’ll probably never forgive myself on that one,’ actor said",https://www.the-independent.com/arts-entertainment/films/news/channing-tatum-guillermo-del-toro-beauty-and-the-beast-b2824450.html,"https://static.the-independent.com/2025/04/28/17/23/channing-tatum.jpeg?trim=0,0,0,0&width=1200&height=800&crop=1200:800",2025-09-11T08:08:50Z,"Your support helps us to tell the story
From reproductive rights to climate change to Big Tech, The Independent is on the ground when the story is developing. Whether it's investigating the financia… [+3362 chars]",climate
"{'id': None, 'name': 'The Conversation Africa'}","Michelle Grattan, Professorial Fellow, University of Canberra",Grattan on Friday: Sussan Ley hasn’t solved her Jacinta Price problem – it may just become bigger,"After mishandling the initial incident, Ley now has to content with a freelancing backbencher in a deeply divided opposition.",https://theconversation.com/grattan-on-friday-sussan-ley-hasnt-solved-her-jacinta-price-problem-it-may-just-become-bigger-264779,https://images.theconversation.com/files/690334/original/file-20250911-56-1k9q6h.jpg?ixlib=rb-4.1.0&rect=0%2C0%2C7624%2C3812&q=45&auto=format&w=1356&h=668&fit=crop,2025-09-11T08:04:40Z,"It says everything about the Liberals that the fracas over Jacinta Nampijinpa Price’s comments about Indian immigrants became a proxy for the longer-term, debilitating battle over the party’s leaders… [+6065 chars]",climate
"{'id': None, 'name': 'GlobeNewswire'}",Willis Towers Watson US LLC,"Future-ready power companies are seizing the advantages of a soft market, according to the Willis Power Market Review","LONDON, Sept. 11, 2025 (GLOBE NEWSWIRE) -- After years of navigating tough market conditions, power companies are beginning to see relief. Capacity is returning, competition among insurers is intensifying and pricing is easing, shifting the balance decisively…",https://www.globenewswire.com/news-release/2025/09/11/3148357/0/en/Future-ready-power-companies-are-seizing-the-advantages-of-a-soft-market-according-to-the-Willis-Power-Market-Review.html,https://ml.globenewswire.com/Resource/Download/d60448c5-44c1-4061-a525-161810e55c26,2025-09-11T08:00:00Z,"LONDON, Sept. 11, 2025 (GLOBE NEWSWIRE) -- After years of navigating tough market conditions, power companies are beginning to see relief. Capacity is returning, competition among insurers is intensi… [+2775 chars]",climate
"{'id': 'abc-news-au', 'name': 'ABC News (AU)'}","Olivia Caisley, Stephanie Borys, and David Lipson","Ley's leadership safe for now, but warnings over frontbench replacement pick","Machinations over who will replace Liberal senator Jacinta Nampijinpa Price on the Coalition frontbench are already underway, with the party's right warning it would be ""incendiary"" if the position was handed to someone from the left.",https://www.abc.net.au/news/2025-09-11/jostling-for-nampijinpa-prices-frontbench-replacement-underway/105762238,https://live-production.wcms.abc-cdn.net.au/da8c58dd0a0033c603314ca9956b98b6?impolicy=wcms_watermark_news&cropH=3510&cropW=6240&xPos=0&yPos=325&width=862&height=485&imformat=generic,2025-09-11T07:56:12Z,"Liberals have begun jostling behind the scenes to replace Jacinta Nampijinpa Price on the Coalition frontbench, with the right warning it would be ""incendiary"" if someone from their faction wasn't ch… [+7337 chars]",climate
"{'id': None, 'name': 'Yahoo Entertainment'}",Oluseyi AWOJULUGBE / AFP Nigeria,"Video of people crossing collapsed bridge with ropes is from Sudan, not Nigeria","Several communities in Nigeria have suffered severe floods in 2025, causing buildings and bridges to collapse. A video widely shared on Facebook claims to...",https://www.yahoo.com/news/articles/video-people-crossing-collapsed-bridge-074454199.html,https://s.yimg.com/ny/api/res/1.2/s6MoBLdvIq_aB7obEDwYOw--/YXBwaWQ9aGlnaGxhbmRlcjt3PTEyMDA7aD02MDA7Y2Y9d2VicA--/https://media.zenfs.com/en/afp_factcheck_us_713/ec2b2527371f1f3deed948a8a33606e6,2025-09-11T07:44:54Z,"Several communities in Nigeria have suffered severe floods in 2025, causing buildings and bridges to collapse. A video widely shared on Facebook claims to show a woman crossing a collapsed bridge in … [+2691 chars]",climate
"{'id': None, 'name': 'Pypi.org'}",kimsongwon10@korea.ac.kr,phenofect 0.1.10,"Package for Forecasting and Exploration of Plant Phenology under Climate Change, which has Parameter Examination, Visualization, Clustering and so on... with Phenological & Meteorological Data.",https://pypi.org/project/phenofect/0.1.10/,,2025-09-11T07:36:35Z,"A required part of this site couldnt load. This may be due to a browser
 extension, network issues, or browser settings. Please check your
 connection, disable any ad blockers, or try using a diffe… [+12 chars]",climate
"{'id': None, 'name': 'The-independent.com'}",Lara Owen,How to adapt your summer pieces for autumn,"It’s far simpler than you think to transition your seasonal pieces, stylists say.",https://www.the-independent.com/life-style/fashion/marks-and-spencer-bear-mango-smart-b2824445.html,https://static.the-independent.com/2025/09/11/08/08160229-37102b85-7d62-48bb-9532-610916009e77.jpg?width=1200&height=800&crop=1200:800,2025-09-11T07:30:02Z,"Your support helps us to tell the story
From reproductive rights to climate change to Big Tech, The Independent is on the ground when the story is developing. Whether it's investigating the financia… [+5154 chars]",climate
"{'id': 'the-times-of-india', 'name': 'The Times of India'}",PTI,"Climate finance 'make-or-break issue', India needs $10 trillion by 2070: Bhupender Yadav","Bhupender Yadav emphasized that climate finance is crucial for climate action, urging developed nations to support the global south's low-carbon transition. India needs over USD 10 trillion by 2070 for its net-zero target, requiring private capital mobilizati…",https://economictimes.indiatimes.com/news/india/climate-finance-make-or-break-issue-india-needs-10-trillion-by-2070-bhupender-yadav/articleshow/123825158.cms,"https://img.etimg.com/thumb/msid-123825182,width-1200,height-630,imgsize-42570,overlay-economictimes/articleshow.jpg",2025-09-11T07:23:52Z,"Union Environment Minister Bhupender Yadav on Thursday said climate finance is the ""make-or-break issue for climate action"" and stressed that developed countries have a ""moral responsibility to suppo… [+3698 chars]",climate
"{'id': 'al-jazeera-english', 'name': 'Al Jazeera English'}",Al Jazeera,"At least 14 killed in flash floods in Indonesia, most on island of Bali",President Prabowo Subianto orders acceleration of search operations and handling of aftermath of deadly flooding.,https://www.aljazeera.com/news/2025/9/11/at-least-14-killed-in-flash-floods-in-indonesia-most-on-island-of-bali,https://www.aljazeera.com/wp-content/uploads/2025/09/13332624-1757571456.jpg?resize=1200%2C675,2025-09-11T07:23:47Z,"Flash floods that struck two provinces in Indonesia this week have killed at least 14 people, according to disaster mitigation officials, with operations under way to search for the missing.
Torrent… [+2379 chars]",climate
"{'id': None, 'name': 'The-independent.com'}",Ellie Muir,National Television Awards 2025: Winners list in full from Adolescence to Clarkson’s Farm,Former ‘Match of the Day’ host Gary Lineker broke Ant and Dec’s 23-year streak in the best presenter category after BBC exit,https://www.the-independent.com/arts-entertainment/tv/news/ntas-2025-winners-in-full-clarksons-farm-gary-lineker-b2824424.html,https://static.the-independent.com/2025/09/11/7/11/GettyImages-2234729479.jpg?width=1200&height=800&crop=1200:800,2025-09-11T07:19:44Z,"Your support helps us to tell the story
From reproductive rights to climate change to Big Tech, The Independent is on the ground when the story is developing. Whether it's investigating the financia… [+5695 chars]",climate
"{'id': None, 'name': 'New Atlas'}",Abhimanyu Ghoshal,Amazon's driverless taxis are now live in Las Vegas – with free rides,"After over a decade of research, development, and testing, Amazon's Zoox has kicked off its commercial robotaxi service – beginning with the Las Vegas Strip and several surrounding attractions. And for the moment, rides are free.Continue ReadingCategory: Urba…",https://newatlas.com/urban-transport/amazon-zoox-driverless-taxis-las-vegas-free/,https://assets.newatlas.com/dims4/default/45691fc/2147483647/strip/true/crop/1200x630+0+23/resize/1200x630!/quality/90/?url=https%3A%2F%2Fnewatlas-brightspot.s3.amazonaws.com%2F81%2Fe3%2Fa04505b1463196b02dc63132d447%2Famazons-robotaxis-are-now-officially-in-operation-across-the-las-vegas-strip.jpg&na.image_optimisation=0,2025-09-11T07:17:00Z,"After over a decade of research, development, and testing, Amazon's Zoox has kicked off its commercial robotaxi service beginning with the Las Vegas Strip and several surrounding attractions. And for… [+1960 chars]",climate
"{'id': None, 'name': 'The-independent.com'}",Hannah Roberts and Casey Cooper-Fiske,Gary Lineker addresses ‘cancellation’ as he breaks Ant and Dec’s 23-year NTAs streak,"Lineker, 64, was shortlisted for the award just months after his early exit from Match of the Day",https://www.the-independent.com/arts-entertainment/tv/news/ntas-2025-gary-lineker-bbc-ant-and-dec-best-presenter-b2824402.html,https://static.the-independent.com/2025/09/10/20/00/Screenshot-2025-09-10-at-21-48-07.png?width=1200&height=800&crop=1200:800,2025-09-11T07:14:15Z,"Your support helps us to tell the story
From reproductive rights to climate change to Big Tech, The Independent is on the ground when the story is developing. Whether it's investigating the financia… [+4566 chars]",climate
"{'id': None, 'name': 'BusinessLine'}",Yashaswani Chauhan,How Nepal’s strong digital ecosystem aided the Gen Z protest,"Nepal Gen Z Protest: Kathmandu has become the stage for a new form of protest. Nepal’s largest youth-led movement in decades, with Gen Z turning the very platforms the government tried to silence into tools of defiance.",https://www.thehindubusinessline.com/data-stories/data-focus/how-nepals-strong-digital-ecosystem-aided-the-gen-z-protest/article70036654.ece,https://bl-i.thgim.com/public/incoming/9goysf/article70036768.ece/alternates/LANDSCAPE_1200/PTI09_09_2025_000163A.jpg,2025-09-11T07:08:28Z,"Kathmandu has become the stage for a new form of protest. Instagram reels show teenagers and college-goers dancing, chanting, or even filming trendy edits against the backdrop of smoke-filled streets… [+2775 chars]",climate
"{'id': None, 'name': 'ETF Daily News'}",MarketBeat News,"MetLife Investment Management LLC Sells 3,482 Shares of Sleep Number Corporation $SNBR","MetLife Investment Management LLC decreased its holdings in Sleep Number Corporation (NASDAQ:SNBR – Free Report) by 27.2% in the 1st quarter, according to the company in its most recent 13F filing with the SEC. The fund owned 9,341 shares of the company’s sto…",https://www.etfdailynews.com/2025/09/11/metlife-investment-management-llc-sells-3482-shares-of-sleep-number-corporation-snbr/,https://www.americanbankingnews.com/wp-content/timthumb/timthumb.php?src=https://www.marketbeat.com/logos/sleep-number-co-logo-1200x675.jpg?v=20221208144151&w=240&h=240&zc=2,2025-09-11T07:06:54Z,"MetLife Investment Management LLC decreased its holdings in Sleep Number Corporation (NASDAQ:SNBR – Free Report) by 27.2% in the 1st quarter, according to the company in its most recent 13F filing wi… [+3720 chars]",climate
"{'id': None, 'name': 'The-independent.com'}",Sam Wylie-Harris,Smart home chic: Functional furnishings with a nod to tech,"With the right gadgets and digital tools, you don’t need to scrimp on style, says Sam Wylie-Harris.",https://www.the-independent.com/life-style/design/lancaster-bluetooth-b2824430.html,https://static.the-independent.com/2025/09/11/08/03092128-4322c909-1d6c-44b2-8895-ae1c018f3143.jpg?width=1200&height=800&crop=1200:800,2025-09-11T07:00:49Z,"Your support helps us to tell the story
From reproductive rights to climate change to Big Tech, The Independent is on the ground when the story is developing. Whether it's investigating the financia… [+5754 chars]",climate
"{'id': 'the-times-of-india', 'name': 'The Times of India'}",Reuters,India to offer large carbon capture incentives as coal remains major part of energy mix,"India is set to launch a national carbon capture initiative, offering substantial government incentives to promote CCUS technologies. This move aims to balance rising energy demand with climate goals while continuing reliance on coal. The initiative could pro…",https://economictimes.indiatimes.com/industry/energy/power/india-to-offer-large-carbon-capture-incentives-as-coal-remains-major-part-of-energy-mix/articleshow/123824505.cms,"https://img.etimg.com/thumb/msid-123824573,width-1200,height-630,imgsize-76800,overlay-economictimes/articleshow.jpg",2025-09-11T06:54:04Z,"India is preparing to launch a national carbon capture initiative with substantial government incentives, as it seeks to balance rising energy demand with its climate goals while relying on coal, a s… [+1687 chars]",climate
"{'id': None, 'name': 'The-independent.com'}",Shahana Yasmin,Daniel Day-Lewis says he ‘never intended to retire’ from acting: ‘Such grandiose gibberish’,Three-time Oscar winner announced he would no longer work in Hollywood after 2017 film ‘Phantom Thread’,https://www.the-independent.com/arts-entertainment/films/news/daniel-day-lewis-ronan-acting-retire-anemone-b2824379.html,"https://static.the-independent.com/2025/09/11/5/39/GettyImages-1927549619.jpeg?trim=142,1627,2728,1271&width=1200&height=800&crop=1200:800",2025-09-11T06:53:59Z,"Your support helps us to tell the story
From reproductive rights to climate change to Big Tech, The Independent is on the ground when the story is developing. Whether it's investigating the financia… [+4792 chars]",climate
"{'id': None, 'name': 'Pypi.org'}",kimsongwon10@korea.ac.kr,phenofect 0.1.8,"Package for Forecasting and Exploration of Plant Phenology under Climate Change, which has Parameter Examination, Visualization, Clustering and so on... with Phenological & Meteorological Data.",https://pypi.org/project/phenofect/0.1.8/,,2025-09-11T06:32:40Z,"A required part of this site couldnt load. This may be due to a browser
 extension, network issues, or browser settings. Please check your
 connection, disable any ad blockers, or try using a diffe… [+12 chars]",climate
"{'id': None, 'name': 'The-independent.com'}",Julia Musto,The salad ingredient that aids weight-loss and heart health,Watercress named healthiest vegetable on the market by the CDC in 2024,https://www.the-independent.com/life-style/health-and-families/salad-ideas-recipe-weight-loss-heart-health-watercress-b2824413.html,https://static.the-independent.com/2025/09/02/21/21/GettyImages-1245996196.jpeg?width=1200&height=800&crop=1200:800,2025-09-11T06:30:31Z,"Your support helps us to tell the story
From reproductive rights to climate change to Big Tech, The Independent is on the ground when the story is developing. Whether it's investigating the financia… [+4199 chars]",climate
"{'id': None, 'name': 'The-independent.com'}",Julia Musto,The common spice that clears your nostrils and can help fight off cancer,"Horseradish was used by the ancient Egyptians and Greeks more than 3,000 years ago",https://www.the-independent.com/life-style/health-and-families/blocked-nose-dry-sinuses-cure-horseradish-spice-cancer-b2824409.html,https://static.the-independent.com/2025/09/08/19/35/iStock-2182046163.jpeg?width=1200&height=800&crop=1200:800,2025-09-11T06:27:56Z,"Your support helps us to tell the story
From reproductive rights to climate change to Big Tech, The Independent is on the ground when the story is developing. Whether it's investigating the financia… [+4135 chars]",climate
"{'id': None, 'name': 'Naturalnews.com'}",Ramon Tomey,Reexamining the global warming narrative: Insights from “The Satanic Gases” by Patrick J. Michaels and Robert C. Balling Jr.,"Patrick J. Michaels and Robert C. Balling Jr. argue in “The Satanic Gases” that mainstream panic over global warming is politically motivated rather than scientifically sound, criticizing figures like Al Gore for exploiting extreme weather events for politica…",https://www.naturalnews.com/2025-09-11-the-satanic-gases-patrick-michaels-robert-balling.html,https://www.naturalnews.com/wp-content/uploads/sites/91/2025/09/Co2-Greenhouse-Gas-Global-Warming.jpg,2025-09-11T06:00:00Z,"<ul><li>Patrick J. Michaels and Robert C. Balling Jr. argue in ""The Satanic Gases"" that mainstream panic over global warming is politically motivated rather than scientifically sound, criticizing fig… [+4584 chars]",climate
"{'id': None, 'name': 'Naturalnews.com'}",Ava Grace,Panama’s vanishing ocean lifeline signals a broader climate crisis,"A critical ocean upwelling event in the Gulf of Panama has failed for the first time in at least 40 years. This seasonal process, which brings cold, nutrient-rich water to the surface, did not occur in early 2025. The immediate cause was a dramatic and unusua…",https://www.naturalnews.com/2025-09-11-panama-vanishing-ocean-lifeline-signals-climate-crisis.html,https://www.naturalnews.com/wp-content/uploads/sites/91/2025/09/climate-change-and-dying-Earth-1.jpeg,2025-09-11T06:00:00Z,"<ul><li>A critical ocean upwelling event in the Gulf of Panama has failed for the first time in at least 40 years. This seasonal process, which brings cold, nutrient-rich water to the surface, did no… [+6381 chars]",climate
"{'id': None, 'name': 'Naturalnews.com'}",Cassie B.,Cubaâs fifth blackout in a year exposes fragile grid; could America be next?,"Cuba’s fifth blackout in a year reveals how fragile grids become when reliant on aging infrastructure and unstable fuel sources. U.S. states like California and New York are repeating the same mistakes, shutting down nuclear and gas plants while pushing unrel…",https://www.naturalnews.com/2025-09-11-cuba-blackout-fragile-grid-america.html,https://www.naturalnews.com/wp-content/uploads/sites/91/2025/09/Power-Outage-Blackout-Electricity-Breaker-Box.jpg,2025-09-11T06:00:00Z,<ul><li>Cubas fifth blackout in a year reveals how fragile grids become when reliant on aging infrastructure and unstable fuel sources.</li><li>U.S. states like California and New York are repeating … [+4935 chars],climate
"{'id': 'the-times-of-india', 'name': 'The Times of India'}",Reuters,"With little aid, Afghanistan's quakes spell 'inter-generational' crisis","Devastating earthquakes in eastern Afghanistan have destroyed homes and livestock, leaving thousands homeless and exacerbating an already dire economic situation. With over 2,200 fatalities and hundreds of thousands affected, survivors face dwindling aid and …",https://economictimes.indiatimes.com/news/international/world-news/update-1-with-little-aid-afghanistans-quakes-spell-inter-generational-crisis/articleshow/123823280.cms,"https://img.etimg.com/thumb/msid-123823318,width-1200,height-630,imgsize-307710,overlay-economictimes/articleshow.jpg",2025-09-11T05:54:34Z,"Earthquakes that flattened villages in eastern Afghanistan this month destroyed homes and livestock, the only assets owned by most families, leaving survivors with almost nothing to rebuild as aid ru… [+3586 chars]",climate
"{'id': 'the-times-of-india', 'name': 'The Times of India'}",PTI,Glacier retreat in Arunachal's Mago Chu basin poses flood risk: Scientist,"A study reveals alarming glacier retreat in Arunachal Pradesh's Mago Chu basin, a critical Brahmaputra headwater. Glaciers have shrunk by 28.5% since 1988, with some losing nearly 50% of their ice. This rapid melting, coupled with declining rainfall and expan…",https://economictimes.indiatimes.com/news/india/glacier-retreat-in-arunachals-mago-chu-basin-poses-flood-risk-scientist/articleshow/123823255.cms,"https://img.etimg.com/thumb/msid-123823462,width-1200,height-630,imgsize-391392,overlay-economictimes/articleshow.jpg",2025-09-11T05:53:10Z,"A new study has found evidence of rapid glacier retreat, expanding high-altitude lakes and enhancing flood risk in the Mago Chu sub-basin of western Arunachal Pradesh, one of the most ecologically si… [+4368 chars]",climate
"{'id': None, 'name': 'CounterPunch'}",Atul Chandra,"Why the SCO Reset Matters for India, China, and the Global South","At the Shanghai Cooperation Organisation (SCO) summit in Tianjin on 1 September 2025, Indian Prime Minister Narendra Modi and Chinese President Xi Jinping met and publicly framed the relationship as “partners, not rivals.” Their readouts stressed dialogue on …",https://www.counterpunch.org/2025/09/11/why-the-sco-reset-matters-for-india-china-and-the-global-south/,https://www.counterpunch.org/wp-content/uploads/2025/09/2025_SCO_Summit_Family_photo.jpg,2025-09-11T05:52:30Z,"Two moves gave the reset substance, not just optics. First, India and China re-activated the Special Representatives (SR) dialogue on the boundary question in New Delhi on 19 August 2025, and second,… [+8922 chars]",climate
"{'id': None, 'name': 'SB Nation'}",David Pasztor,"Estêvão surprised, pleased by rapid adaptation, early opportunities with Chelsea",Making an impact,https://weaintgotnohistory.sbnation.com/chelsea-fc/161954/estevao-surprised-pleased-by-rapid-adaptation-early-opportunities-with-chelsea,https://platform.weaintgotnohistory.sbnation.com/wp-content/uploads/sites/178/2025/09/gettyimages-2229150062.jpg?quality=90&strip=all&crop=0%2C9.762984820107%2C100%2C80.474030359786&w=1200,2025-09-11T05:51:53Z,"Its happening very quickly, and Im already getting a lot of opportunities there. More than I even expected at Chelsea. But I think its the result of the hard work and dedication Ive maintained in tra… [+816 chars]",climate
"{'id': None, 'name': 'Hurriyet Daily News'}",hurriyetdailynews.com,"Drought, heat waves lower river levels in Edirne",Severe drought and high temperatures in recent months have sharply reduced water levels in the Meriç and Tunca rivers in the northwestern province of Edirne.,https://www.hurriyetdailynews.com/drought-heat-waves-lower-river-levels-in-edirne-213467,https://image.hurimg.com/i/hurriyet/75/200x200/68c262e9fe682bd03a46cf04.jpg,2025-09-11T05:49:31Z,"EDRNE
Severe drought and high temperatures in recent months have sharply reduced water levels in the Meriç and Tunca rivers in the northwestern province of Edirne.
Insufficient rainfall, increased … [+2507 chars]",climate
"{'id': 'the-times-of-india', 'name': 'The Times of India'}",Reuters,Ticket to the Arctic: Inside Russia's system of convict labour,Russia revives forced labour amid Ukraine war labour crisis. Convicts fill workforce gaps in harsh regions like Norilsk. Activist Yekaterina Fatyanova faces punishment in Norilsk for war censorship violation. The forced labour sentences increased fivefold bet…,https://economictimes.indiatimes.com/news/international/world-news/ticket-to-the-arctic-inside-russias-system-of-convict-labour/articleshow/123822988.cms,"https://img.etimg.com/thumb/msid-123823017,width-1200,height-630,imgsize-43898,overlay-economictimes/articleshow.jpg",2025-09-11T05:39:04Z,"It was a mild spring evening in the Russian city of Krasnoyarsk, but Yekaterina Fatyanova was scrambling to pack winter clothes.With just a few hours' notice, the Siberian activist and part-time news… [+10316 chars]",climate
"{'id': None, 'name': 'The-independent.com'}",Kathryn Vann,Matt Damon says Beatles documentary convinced him to keep working with Ben Affleck,"‘We’re crazy if we don’t take advantage of the fact that we are both still here and able to do this,’ says the actor",https://www.the-independent.com/arts-entertainment/films/news/matt-damon-ben-affleck-movies-beatles-documentary-b2824388.html,https://static.the-independent.com/2024/08/01/08/newFile-1.jpg?width=1200&height=800&crop=1200:800,2025-09-11T05:34:52Z,"Your support helps us to tell the story
From reproductive rights to climate change to Big Tech, The Independent is on the ground when the story is developing. Whether it's investigating the financia… [+2778 chars]",climate
"{'id': None, 'name': 'ArchDaily'}",Antonia Piñeiro,The European Cultural Center Announces 21 Shortlisted Projects for the 2025 ECC Awards,"The European Cultural Center Italy has organized the ECC Awards since 2010 to recognize artists, architects, designers, and academics in their respective fields. The Awards highlight projects featured in the Time Space Existence exhibition, which runs in para…",https://www.archdaily.com/1034038/the-european-cultural-center-announces-21-shortlisted-projects-for-the-2025-ecc-awards,https://images.adsttc.com/media/images/68c2/22f1/d84f/6b08/7ae5/2ea8/large_jpg/the-ecc-awards-2025-announce-21-shortlisted-projects_25.jpg?1757553408,2025-09-11T05:30:00Z,"The Virginia Tech Honors College and Cloud 9 + Enric Ruiz Geli at Time Space Existence 2025. Installation view at Marinaressa Gardens. Image © Celestia Studio
The European Cultural Center Italy has … [+19960 chars]",climate
"{'id': None, 'name': 'Yahoo Entertainment'}","Ariba Shahid, Mohammad Yunus Yawar and Sayed Hassib","With little aid, Afghanistan's quakes spell 'inter-generational' crisis","Earthquakes that flattened villages in eastern Afghanistan this month destroyed homes and livestock, the only assets owned by most families, leaving...",https://uk.news.yahoo.com/little-aid-afghanistans-quakes-spell-052852324.html,https://media.zenfs.com/en/reuters.com/e14f1cae41a939db8d1ade6b45889bc9,2025-09-11T05:28:52Z,"By Ariba Shahid, Mohammad Yunus Yawar and Sayed Hassib
KARACHI/BAMBA KOT, Afghanistan (Reuters) - Earthquakes that flattened villages in eastern Afghanistan this month destroyed homes and livestock,… [+3778 chars]",climate
